PULSAR AUTO -- SIGNAL+BOUNDARY DATA, BATCH 1 OF 5
This batch contains clips: 0, 4, 9, 10 (of 14 total clips, indices 0-13, split across 5 batches)
See accompanying prompt (llm_analysis_prompt.txt) for full task context and column definitions.
====================================================================================================

##### CLIP 0  (file=zencastr-en_603c4aa5c3e46e0013dcece4-00005_68.wav, duration=28.188s, sr=48000) #####

trail_thresh=0.00789  speech_thresh=0.01139

--- GOLD TOKENS (idx, text, start_s, end_s) ---
0	surprisingly	0.8950	2.0820
1	s-	2.4500	2.8130
2	surprisingly	2.8690	3.7200
3	restrained	3.7210	4.2680
4	and	4.2700	4.3884
5	i	4.3894	4.5300
6	think	4.5710	4.9200
7	it	5.0600	5.1600
8	doesn't	5.1620	5.4044
9	show	5.4054	5.9400
10	that	5.9420	6.2130
11	much	6.2310	6.6000
12	and	6.6050	6.6910
13	i	6.6930	6.7680
14	think	6.7700	6.9450
15	that's	6.9470	7.2130
16	pretty	8.1140	8.3390
17	cool	8.3830	8.7120
18	um	9.5120	10.1600
19	i	10.2330	10.3930
20	think	10.4140	10.7057
21	uh	10.7067	11.2140
22	you	11.9820	12.0620
23	don't	12.0640	12.2130
24	really	12.2140	12.4530
25	get	12.4540	12.7350
26	any	13.6300	14.0060
27	shots	14.6340	15.0330
28	of	15.0350	15.1380
29	like	15.1400	15.3360
30	the	15.3380	15.4775
31	villains	15.4785	16.2500
32	um	16.3250	17.0370
33	you	17.1340	17.2240
34	only	17.2260	17.4020
35	get	17.4040	17.5122
36	like	17.5132	17.6900
37	glimpses	17.6920	18.2220
38	of	18.2240	18.3190
39	the	18.3210	18.4760
40	bat	18.4780	18.7350
41	suit	18.7380	19.2200
42	you	19.6540	19.7350
43	don't	19.7370	19.8550
44	even	19.8570	19.9782
45	see	19.9792	20.1770
46	cat	20.1790	20.4350
47	woman	20.4370	20.6543
48	in	20.6553	20.8140
49	costume	20.8330	21.5687
50	i	21.5697	21.6949
51	think	21.6959	21.8050
52	it's	21.8070	21.9390
53	good	21.9410	22.2320
54	i	22.8550	22.9323
55	think	22.9333	23.1020
56	((it's))	23.1030	23.3040
57	i	23.8830	23.9259
58	think	23.9269	24.1690
59	it	24.1720	24.2980
60	does	24.3000	24.4787
61	exactly	24.4797	24.8860
62	what	24.8880	24.9795
63	a	24.9805	25.2650
64	trailer	25.5700	26.0290
65	should	26.2260	26.4360
66	do	26.4380	26.6390
67	um	27.6930	28.0660

--- RAW CTC (wav2vec2 forced-align, PRE-heuristic-refinement; idx, ctc_word_text, word_start_s, word_end_s, word_score, pipe_start_s, pipe_end_s) ---
0	surprisingly	1.0003	1.8805	11.925	1.9406	2.0006
1	s-	2.6007	2.6207	8.601	2.8008	2.8208
2	surprisingly	3.0009	3.6410	12.050	3.6610	3.7211
3	restrained	3.7611	4.2612	12.484	4.2812	4.3212
4	and	4.3212	4.4012	10.254	4.4012	4.4413
5	i	4.4413	4.4613	11.444	4.4613	4.5413
6	think	4.5413	4.7013	12.649	4.7213	4.7413
7	it	5.0814	5.1415	11.226	5.1415	5.1815
8	doesn't	5.1815	5.4215	12.249	5.4215	5.4616
9	show	5.4816	5.6616	12.753	5.7416	5.8617
10	that	5.9417	6.1617	11.517	6.1818	6.2218
11	much	6.2418	6.4618	13.214	6.4818	6.5219
12	and	6.6019	6.6819	10.428	6.6819	6.7019
13	i	6.7019	6.7419	11.779	6.7419	6.7819
14	think	6.7819	6.9020	12.811	6.9020	6.9420
15	that's	6.9420	7.1420	10.143	7.1420	7.2020
16	pretty	8.1023	8.3224	12.571	8.3424	8.3824
17	cool	8.4424	8.6825	10.068	8.7225	8.7625
18	um	9.9028	9.9828	6.737	10.0829	10.1229
19	i	10.3029	10.3229	9.004	10.3629	10.3829
20	think	10.4030	10.6030	8.730	10.6830	10.7030
21	uh	11.0431	11.1232	4.604	11.1832	11.2032
22	you	11.9634	12.0434	12.521	12.0434	12.0834
23	don't	12.0834	12.2035	11.051	12.2035	12.2235
24	really	12.2235	12.4235	11.749	12.4235	12.4835
25	get	12.4835	12.6836	10.383	12.6836	12.7836
26	any	13.6639	13.8439	9.213	13.9440	13.9840
27	shots	14.7442	15.0243	12.730	15.0243	15.0443
28	of	15.0843	15.1243	6.229	15.1443	15.1843
29	like	15.1843	15.3043	11.453	15.3043	15.3644
30	the	15.3644	15.4244	10.420	15.4244	15.4844
31	villains	15.5244	15.9845	12.434	16.0045	16.1246
32	um	16.7448	16.8048	5.638	16.8648	16.9048
33	you	17.1449	17.2049	8.692	17.2049	17.2449
34	only	17.2449	17.3849	6.672	17.3849	17.4249
35	get	17.4249	17.5050	8.633	17.5050	17.5650
36	like	17.5650	17.6650	9.608	17.6650	17.7250
37	glimpses	17.7450	18.1652	13.448	18.1852	18.2452
38	of	18.2452	18.2852	12.230	18.3052	18.3652
39	the	18.3652	18.4252	10.711	18.4252	18.4652
40	bat	18.4852	18.7253	13.006	18.8053	18.8453
41	suit	18.8453	19.1454	7.839	19.1654	19.2255
42	you	19.6256	19.7056	8.464	19.7256	19.7456
43	don't	19.7456	19.8456	4.465	19.8456	19.8656
44	even	19.8656	20.0057	3.898	20.0257	20.0457
45	see	20.0457	20.1457	9.444	20.1657	20.2057
46	cat	20.2257	20.4058	13.184	20.4258	20.4458
47	woman	20.4458	20.6659	10.611	20.6859	20.7059
48	in	20.7259	20.7659	10.583	20.8059	20.8659
49	costume	20.8859	21.4861	10.716	21.4861	21.5861
50	i	21.5861	21.6261	9.842	21.6261	21.6862
51	think	21.6862	21.7862	10.789	21.7862	21.8262
52	it's	21.8262	21.9262	10.098	21.9262	21.9662
53	good	21.9662	22.1463	10.396	22.1663	22.2263
54	i	22.8465	22.8665	9.962	22.8865	22.9265
55	think	22.9265	23.0465	10.470	23.0665	23.1266
56	((it's))	23.1466	23.2466	2.940	23.2866	23.3066
57	i	23.8668	23.8868	8.077	23.9068	23.9268
58	think	23.9268	24.0668	9.793	24.0868	24.1469
59	it	24.2469	24.2869	9.580	24.3069	24.3269
60	does	24.3269	24.4869	11.254	24.4869	24.5270
61	exactly	24.5270	24.8671	13.422	24.8671	24.9071
62	what	24.9071	24.9871	12.521	25.0071	25.0671
63	a	25.1071	25.1271	10.416	25.1671	25.2472
64	trailer	25.6073	25.9474	8.968	25.9874	26.0474
65	should	26.2675	26.4275	12.573	26.4275	26.4675
66	do	26.4675	26.5475	10.212	26.6076	26.6876
67	um	27.9079	27.9679	6.076		

--- WHISPER (Groq) OUTPUT (word, start_s, end_s) [independent ASR pass, own word segmentation -- not index-aligned to gold/CTC] ---
surprisingly,	0.000	1.540
surprisingly	2.560	3.360
restrained.	3.360	4.740
And	4.320	4.400
I	4.400	4.520
think	4.520	4.760
it	4.760	5.120
doesn't	5.120	5.360
show	5.360	5.700
that	5.700	6.100
much.	6.100	7.000
And	6.580	6.680
I	6.680	6.780
think	6.780	6.920
that's	6.920	7.220
pretty	7.220	8.260
cool.	8.260	8.660
Um,	9.580	10.040
I	10.220	10.380
think,	10.380	11.160
uh,	10.320	11.080
you	11.960	12.040
don't	12.040	12.160
really	12.160	12.380
get	12.380	12.720
any	12.720	13.820
shots	13.820	15.000
of	15.000	15.160
like	15.160	15.300
the	15.300	15.420
villains.	15.420	15.800
Um,	16.820	17.480
you	17.160	17.240
only	17.240	17.380
get	17.380	17.520
like	17.520	17.700
glimpses	17.700	18.160
of	18.160	18.320
the	18.320	18.480
bat	18.480	18.760
suit.	18.760	19.080
You	19.620	19.720
don't	19.720	19.840
even	19.840	19.960
see	19.960	20.160
cat	20.160	20.480
woman	20.480	20.640
in	20.640	20.800
costume.	20.800	21.780
I	21.560	21.680
think	21.680	21.800
it's	21.800	21.940
good.	21.940	22.160
I	22.820	22.940
think,	22.940	23.560
I	22.740	23.920
think	23.920	24.080
it	24.080	24.300
does	24.300	24.460
exactly	24.460	24.820
what	24.820	25.000
a	25.000	25.240
trailer	25.240	25.880
should	25.880	26.380
do.	26.380	26.640
Um,	27.760	28.680

--- SIGNAL TRACE (hop=5ms; time_s, rms, zcr, voicing, spectral_flux, hf_ratio, spectral_flatness) ---
0.000	0.0001	0.013	0.266	0.0000	0.017	0.396
0.005	0.0001	0.029	0.184	0.0248	0.013	0.361
0.010	0.0002	0.021	0.170	0.0605	0.002	0.192
0.015	0.0002	0.006	0.133	0.0709	0.000	0.074
0.020	0.0004	0.008	0.272	0.0441	0.000	0.018
0.025	0.0008	0.004	0.287	0.0156	0.000	0.013
0.030	0.0015	0.010	0.342	0.0528	0.000	0.020
0.035	0.0191	0.010	0.317	0.0385	0.000	0.015
0.040	0.0057	0.013	0.352	0.0168	0.000	0.012
0.045	0.0205	0.006	0.326	0.0201	0.000	0.017
0.050	0.0164	0.017	0.479	0.0255	0.000	0.016
0.055	0.0202	0.013	0.271	0.0341	0.000	0.015
0.060	0.0094	0.008	0.276	0.0347	0.000	0.021
0.065	0.0266	0.023	0.198	0.0385	0.000	0.021
0.070	0.0167	0.006	0.262	0.0326	0.000	0.018
0.075	0.0109	0.010	0.343	0.0378	0.000	0.023
0.080	0.0239	0.017	0.402	0.0234	0.000	0.021
0.085	0.0188	0.008	0.386	0.0178	0.000	0.021
0.090	0.0344	0.015	0.279	0.0458	0.000	0.032
0.095	0.0066	0.017	0.358	0.0297	0.000	0.029
0.100	0.0057	0.017	0.265	0.0355	0.000	0.045
0.105	0.0116	0.015	0.264	0.0572	0.000	0.059
0.110	0.0036	0.013	0.302	0.0266	0.001	0.080
0.115	0.0054	0.013	0.258	0.0348	0.002	0.105
0.120	0.0010	0.021	0.198	0.0341	0.001	0.098
0.125	0.0018	0.013	0.315	0.0241	0.002	0.120
0.130	0.0017	0.013	0.319	0.0457	0.001	0.098
0.135	0.0024	0.017	0.420	0.0422	0.000	0.083
0.140	0.0027	0.008	0.484	0.0403	0.000	0.098
0.145	0.0035	0.008	0.466	0.0338	0.001	0.103
0.150	0.0029	0.010	0.270	0.0377	0.002	0.152
0.155	0.0015	0.017	0.234	0.0314	0.002	0.143
0.160	0.0009	0.008	0.283	0.0328	0.004	0.199
0.165	0.0007	0.015	0.341	0.0303	0.003	0.194
0.170	0.0004	0.013	0.237	0.0264	0.004	0.207
0.175	0.0008	0.017	0.293	0.0291	0.005	0.217
0.180	0.0009	0.015	0.298	0.0276	0.003	0.203
0.185	0.0005	0.019	0.318	0.0240	0.003	0.226
0.190	0.0005	0.037	0.393	0.0247	0.002	0.208
0.195	0.0006	0.015	0.429	0.0216	0.003	0.213
0.200	0.0007	0.010	0.412	0.0203	0.005	0.245
0.205	0.0004	0.025	0.400	0.0294	0.004	0.249
0.210	0.0004	0.025	0.370	0.0153	0.008	0.293
0.215	0.0004	0.027	0.342	0.0197	0.011	0.312
0.220	0.0003	0.019	0.348	0.0259	0.008	0.305
0.225	0.0003	0.029	0.376	0.0205	0.007	0.285
0.230	0.0003	0.017	0.364	0.0245	0.013	0.336
0.235	0.0003	0.029	0.217	0.0209	0.019	0.369
0.240	0.0002	0.035	0.286	0.0314	0.014	0.374
0.245	0.0002	0.040	0.333	0.0240	0.009	0.331
0.250	0.0002	0.017	0.485	0.0394	0.008	0.263
0.255	0.0002	0.017	0.538	0.0306	0.004	0.221
0.260	0.0004	0.025	0.709	0.0332	0.001	0.168
0.265	0.0007	0.021	0.807	0.0186	0.001	0.141
0.270	0.0009	0.023	0.743	0.0272	0.001	0.135
0.275	0.0017	0.023	0.773	0.0289	0.001	0.132
0.280	0.0014	0.023	0.773	0.0285	0.001	0.123
0.285	0.0017	0.023	0.689	0.0218	0.002	0.144
0.290	0.0016	0.023	0.444	0.0252	0.009	0.177
0.295	0.0009	0.023	0.356	0.0197	0.009	0.187
0.300	0.0011	0.031	0.208	0.0256	0.008	0.252
0.305	0.0006	0.019	0.260	0.0288	0.006	0.255
0.310	0.0006	0.008	0.234	0.0300	0.006	0.261
0.315	0.0005	0.023	0.330	0.0244	0.008	0.277
0.320	0.0005	0.015	0.464	0.0233	0.017	0.288
0.325	0.0003	0.035	0.423	0.0171	0.012	0.295
0.330	0.0005	0.025	0.273	0.0300	0.011	0.314
0.335	0.0003	0.013	0.286	0.0277	0.008	0.313
0.340	0.0003	0.019	0.320	0.0141	0.014	0.361
0.345	0.0002	0.021	0.262	0.0335	0.013	0.362
0.350	0.0001	0.029	0.238	0.0206	0.012	0.368
0.355	0.0002	0.033	0.159	0.0252	0.012	0.344
0.360	0.0002	0.017	0.193	0.0232	0.013	0.353
0.365	0.0001	0.023	0.269	0.0195	0.017	0.341
0.370	0.0002	0.015	0.285	0.0206	0.014	0.361
0.375	0.0002	0.019	0.291	0.0232	0.010	0.325
0.380	0.0002	0.037	0.209	0.0239	0.012	0.326
0.385	0.0002	0.029	0.214	0.0279	0.015	0.367
0.390	0.0001	0.027	0.345	0.0224	0.016	0.383
0.395	0.0001	0.015	0.299	0.0193	0.012	0.372
0.400	0.0001	0.023	0.156	0.0249	0.016	0.384
0.405	0.0002	0.021	0.236	0.0213	0.018	0.378
0.410	0.0001	0.006	0.207	0.0150	0.018	0.379
0.415	0.0001	0.017	0.203	0.0185	0.023	0.411
0.420	0.0001	0.029	0.170	0.0133	0.148	0.408
0.425	0.0001	0.023	0.123	0.0116	0.178	0.422
0.430	0.0001	0.123	0.071	0.0299	0.035	0.441
0.435	0.0001	0.067	0.216	0.0208	0.019	0.400
0.440	0.0001	0.010	0.171	0.0326	0.027	0.417
0.445	0.0002	0.015	0.176	0.0291	0.027	0.412
0.450	0.0002	0.000	0.139	0.0151	0.174	0.384
0.455	0.0001	0.027	0.217	0.0166	0.243	0.353
0.460	0.0002	0.073	0.159	0.0350	0.051	0.351
0.465	0.0001	0.060	0.434	0.0141	0.035	0.400
0.470	0.0002	0.048	0.143	0.0203	0.025	0.393
0.475	0.0002	0.013	0.090	0.0264	0.021	0.402
0.480	0.0003	0.010	0.120	0.0270	0.025	0.393
0.485	0.0001	0.027	0.352	0.0180	0.021	0.386
0.490	0.0003	0.021	0.196	0.0182	0.053	0.431
0.495	0.0001	0.035	0.114	0.0116	0.127	0.427
0.500	0.0003	0.017	0.172	0.0212	0.116	0.476
0.505	0.0002	0.042	0.241	0.0197	0.068	0.448
0.510	0.0002	0.050	0.125	0.0140	0.072	0.412
0.515	0.0002	0.048	0.121	0.0259	0.238	0.427
0.520	0.0001	0.069	0.306	0.0091	0.496	0.344
0.525	0.0002	0.065	0.281	0.0152	0.401	0.363
0.530	0.0004	0.106	0.373	0.0222	0.042	0.367
0.535	0.0003	0.021	0.482	0.0243	0.030	0.351
0.540	0.0002	0.040	0.276	0.0177	0.026	0.365
0.545	0.0003	0.010	0.382	0.0263	0.025	0.361
0.550	0.0002	0.033	0.226	0.0212	0.049	0.376
0.555	0.0002	0.035	0.236	0.0172	0.189	0.345
0.560	0.0001	0.017	0.198	0.0134	0.218	0.352
0.565	0.0004	0.079	0.216	0.0164	0.208	0.372
0.570	0.0002	0.058	0.199	0.0148	0.271	0.375
0.575	0.0003	0.083	0.303	0.0178	0.264	0.393
0.580	0.0001	0.071	0.289	0.0111	0.249	0.364
0.585	0.0003	0.075	0.318	0.0204	0.170	0.342
0.590	0.0002	0.029	0.264	0.0116	0.228	0.309
0.595	0.0004	0.073	0.288	0.0113	0.395	0.315
0.600	0.0004	0.060	0.245	0.0143	0.475	0.327
0.605	0.0005	0.100	0.270	0.0145	0.400	0.318
0.610	0.0002	0.079	0.411	0.0191	0.274	0.298
0.615	0.0004	0.075	0.462	0.0123	0.329	0.271
0.620	0.0003	0.062	0.537	0.0193	0.178	0.295
0.625	0.0006	0.050	0.430	0.0241	0.053	0.294
0.630	0.0003	0.029	0.507	0.0225	0.098	0.300
0.635	0.0005	0.042	0.557	0.0306	0.101	0.251
0.640	0.0003	0.056	0.661	0.0290	0.030	0.255
0.645	0.0008	0.029	0.594	0.0206	0.047	0.307
0.650	0.0006	0.029	0.347	0.0109	0.456	0.306
0.655	0.0003	0.062	0.293	0.0169	0.354	0.308
0.660	0.0006	0.090	0.269	0.0163	0.092	0.398
0.665	0.0003	0.042	0.306	0.0272	0.089	0.422
0.670	0.0002	0.058	0.184	0.0188	0.060	0.418
0.675	0.0003	0.048	0.137	0.0185	0.040	0.388
0.680	0.0002	0.048	0.306	0.0266	0.036	0.396
0.685	0.0002	0.062	0.326	0.0240	0.025	0.397
0.690	0.0002	0.023	0.407	0.0186	0.017	0.384
0.695	0.0003	0.008	0.202	0.0154	0.030	0.440
0.700	0.0002	0.017	0.158	0.0178	0.054	0.480
0.705	0.0001	0.081	0.177	0.0293	0.034	0.423
0.710	0.0002	0.008	0.297	0.0233	0.029	0.425
0.715	0.0001	0.067	0.332	0.0191	0.030	0.422
0.720	0.0001	0.025	0.221	0.0183	0.025	0.411
0.725	0.0001	0.015	0.305	0.0122	0.022	0.411
0.730	0.0001	0.013	0.243	0.0193	0.023	0.397
0.735	0.0001	0.019	0.242	0.0170	0.026	0.407
0.740	0.0001	0.033	0.271	0.0250	0.016	0.359
0.745	0.0002	0.008	0.287	0.0146	0.017	0.348
0.750	0.0002	0.019	0.366	0.0338	0.010	0.321
0.755	0.0001	0.025	0.456	0.0169	0.006	0.295
0.760	0.0002	0.015	0.394	0.0132	0.009	0.295
0.765	0.0001	0.017	0.406	0.0131	0.014	0.326
0.770	0.0002	0.031	0.253	0.0233	0.018	0.361
0.775	0.0002	0.017	0.356	0.0258	0.015	0.353
0.780	0.0001	0.019	0.534	0.0135	0.008	0.319
0.785	0.0001	0.010	0.439	0.0147	0.009	0.333
0.790	0.0001	0.021	0.335	0.0186	0.017	0.350
0.795	0.0001	0.015	0.378	0.0250	0.008	0.303
0.800	0.0001	0.025	0.469	0.0223	0.007	0.343
0.805	0.0002	0.013	0.452	0.0287	0.006	0.324
0.810	0.0002	0.013	0.356	0.0208	0.007	0.331
0.815	0.0003	0.008	0.382	0.0245	0.007	0.327
0.820	0.0001	0.025	0.465	0.0167	0.006	0.331
0.825	0.0002	0.006	0.451	0.0203	0.008	0.337
0.830	0.0002	0.017	0.248	0.0175	0.018	0.349
0.835	0.0002	0.015	0.393	0.0317	0.014	0.341
0.840	0.0001	0.035	0.537	0.0145	0.008	0.334
0.845	0.0002	0.013	0.464	0.0198	0.007	0.313
0.850	0.0002	0.019	0.356	0.0277	0.012	0.320
0.855	0.0002	0.019	0.399	0.0239	0.011	0.298
0.860	0.0001	0.019	0.276	0.0242	0.009	0.303
0.865	0.0002	0.023	0.266	0.0328	0.006	0.273
0.870	0.0002	0.010	0.465	0.0312	0.004	0.252
0.875	0.0002	0.013	0.485	0.0194	0.004	0.279
0.880	0.0003	0.008	0.407	0.0239	0.010	0.273
0.885	0.0003	0.008	0.076	0.0297	0.038	0.292
0.890	0.0001	0.013	0.416	0.0321	0.005	0.081
0.895	0.0002	0.042	0.459	0.0241	0.003	0.048
0.900	0.0012	0.027	0.431	0.0151	0.006	0.066
0.905	0.0119	0.027	0.368	0.0175	0.034	0.096
0.910	0.0119	0.017	0.179	0.0211	0.306	0.130
0.915	0.0076	0.060	0.411	0.0255	0.580	0.118
0.920	0.0133	0.077	0.372	0.0123	0.538	0.087
0.925	0.0217	0.094	0.335	0.0170	0.595	0.076
0.930	0.0625	0.098	0.222	0.0169	0.865	0.059
0.935	0.0471	0.104	0.219	0.0196	0.900	0.071
0.940	0.0368	0.110	0.211	0.0194	0.851	0.087
0.945	0.0274	0.110	0.241	0.0179	0.902	0.091
0.950	0.0394	0.102	0.249	0.0139	0.925	0.094
0.955	0.0532	0.104	0.215	0.0140	0.892	0.100
0.960	0.0422	0.125	0.163	0.0150	0.899	0.096
0.965	0.0463	0.138	0.153	0.0136	0.903	0.095
0.970	0.0418	0.119	0.178	0.0142	0.927	0.084
0.975	0.0472	0.133	0.159	0.0159	0.918	0.092
0.980	0.0385	0.129	0.130	0.0151	0.905	0.087
0.985	0.0348	0.131	0.151	0.0137	0.854	0.080
0.990	0.0407	0.135	0.155	0.0158	0.773	0.067
0.995	0.0485	0.121	0.212	0.0154	0.803	0.066
1.000	0.0473	0.115	0.191	0.0165	0.846	0.068
1.005	0.0465	0.115	0.168	0.0189	0.684	0.064
1.010	0.0432	0.119	0.204	0.0144	0.495	0.064
1.015	0.0509	0.102	0.209	0.0158	0.535	0.066
1.020	0.0474	0.094	0.170	0.0181	0.646	0.075
1.025	0.0446	0.092	0.125	0.0275	0.442	0.063
1.030	0.0351	0.102	0.340	0.0269	0.039	0.030
1.035	0.0251	0.085	0.401	0.0299	0.012	0.020
1.040	0.1484	0.029	0.517	0.0191	0.005	0.011
1.045	0.1863	0.010	0.586	0.0168	0.003	0.007
1.050	0.1324	0.015	0.654	0.0139	0.001	0.004
1.055	0.1530	0.006	0.642	0.0126	0.000	0.004
1.060	0.2600	0.019	0.573	0.0172	0.000	0.004
1.065	0.3813	0.021	0.512	0.0251	0.000	0.004
1.070	0.1750	0.015	0.384	0.0294	0.001	0.008
1.075	0.1722	0.008	0.302	0.0260	0.002	0.011
1.080	0.1240	0.015	0.339	0.0165	0.003	0.016
1.085	0.1274	0.008	0.270	0.0295	0.005	0.021
1.090	0.0380	0.010	0.437	0.0215	0.013	0.029
1.095	0.0768	0.006	0.359	0.0392	0.012	0.029
1.100	0.0158	0.025	0.498	0.0150	0.008	0.027
1.105	0.0708	0.006	0.462	0.0169	0.012	0.029
1.110	0.0407	0.006	0.278	0.0359	0.026	0.039
1.115	0.0257	0.013	0.215	0.0306	0.021	0.038
1.120	0.0184	0.008	0.231	0.0164	0.024	0.033
1.125	0.0315	0.021	0.337	0.0231	0.031	0.033
1.130	0.0146	0.029	0.306	0.0237	0.016	0.027
1.135	0.0116	0.013	0.399	0.0254	0.011	0.025
1.140	0.0151	0.023	0.354	0.0177	0.020	0.034
1.145	0.0257	0.019	0.308	0.0244	0.035	0.048
1.150	0.0161	0.029	0.390	0.0197	0.031	0.068
1.155	0.0085	0.019	0.469	0.0151	0.041	0.074
1.160	0.0112	0.015	0.295	0.0149	0.113	0.084
1.165	0.0149	0.031	0.259	0.0153	0.173	0.088
1.170	0.0134	0.075	0.191	0.0174	0.108	0.069
1.175	0.0209	0.077	0.226	0.0206	0.074	0.062
1.180	0.0348	0.050	0.222	0.0185	0.047	0.062
1.185	0.0289	0.044	0.364	0.0205	0.036	0.057
1.190	0.0290	0.027	0.215	0.0230	0.025	0.050
1.195	0.0103	0.023	0.131	0.0217	0.027	0.055
1.200	0.0190	0.025	0.278	0.0519	0.002	0.026
1.205	0.0139	0.021	0.432	0.0248	0.000	0.010
1.210	0.0240	0.019	0.561	0.0191	0.000	0.004
1.215	0.2591	0.021	0.572	0.0262	0.000	0.003
1.220	0.1840	0.019	0.650	0.0139	0.000	0.003
1.225	0.1727	0.013	0.661	0.0156	0.000	0.005
1.230	0.3538	0.017	0.660	0.0231	0.000	0.009
1.235	0.3392	0.017	0.634	0.0294	0.000	0.016
1.240	0.4543	0.019	0.671	0.0291	0.000	0.019
1.245	0.5738	0.021	0.655	0.0291	0.000	0.019
1.250	0.5506	0.019	0.687	0.0285	0.001	0.017
1.255	0.5221	0.019	0.686	0.0233	0.001	0.013
1.260	0.4844	0.021	0.694	0.0213	0.001	0.010
1.265	0.4361	0.025	0.683	0.0184	0.002	0.011
1.270	0.4790	0.021	0.708	0.0152	0.003	0.010
1.275	0.4682	0.017	0.660	0.0159	0.002	0.010
1.280	0.4169	0.017	0.622	0.0205	0.001	0.009
1.285	0.4027	0.023	0.596	0.0167	0.000	0.010
1.290	0.4153	0.017	0.594	0.0167	0.000	0.012
1.295	0.3763	0.019	0.595	0.0171	0.000	0.011
1.300	0.3875	0.027	0.645	0.0216	0.000	0.011
1.305	0.3787	0.023	0.649	0.0205	0.001	0.014
1.310	0.3452	0.013	0.696	0.0175	0.000	0.011
1.315	0.2810	0.015	0.700	0.0173	0.000	0.010
1.320	0.3807	0.015	0.582	0.0170	0.001	0.010
1.325	0.2984	0.015	0.602	0.0156	0.002	0.013
1.330	0.2957	0.027	0.635	0.0159	0.003	0.011
1.335	0.1734	0.023	0.671	0.0173	0.004	0.011
1.340	0.1722	0.021	0.652	0.0156	0.005	0.011
1.345	0.1077	0.023	0.637	0.0174	0.004	0.010
1.350	0.1287	0.010	0.667	0.0188	0.004	0.008
1.355	0.1092	0.019	0.650	0.0140	0.004	0.008
1.360	0.2058	0.013	0.537	0.0203	0.006	0.009
1.365	0.1694	0.010	0.428	0.0184	0.010	0.012
1.370	0.1232	0.031	0.444	0.0182	0.034	0.019
1.375	0.0917	0.015	0.425	0.0157	0.058	0.028
1.380	0.0755	0.023	0.492	0.0109	0.180	0.048
1.385	0.0699	0.031	0.478	0.0103	0.257	0.061
1.390	0.0778	0.062	0.456	0.0136	0.299	0.067
1.395	0.0732	0.081	0.464	0.0116	0.360	0.061
1.400	0.0822	0.075	0.403	0.0118	0.415	0.058
1.405	0.0880	0.092	0.386	0.0148	0.495	0.058
1.410	0.0936	0.079	0.428	0.0105	0.562	0.050
1.415	0.1344	0.085	0.405	0.0126	0.489	0.056
1.420	0.1201	0.081	0.426	0.0123	0.365	0.061
1.425	0.0885	0.077	0.503	0.0135	0.266	0.060
1.430	0.0847	0.052	0.552	0.0211	0.128	0.060
1.435	0.0835	0.050	0.529	0.0222	0.070	0.053
1.440	0.0763	0.021	0.665	0.0240	0.021	0.030
1.445	0.1021	0.013	0.701	0.0218	0.018	0.020
1.450	0.1699	0.021	0.732	0.0166	0.013	0.013
1.455	0.1565	0.027	0.760	0.0134	0.013	0.011
1.460	0.1806	0.017	0.755	0.0102	0.015	0.009
1.465	0.1619	0.021	0.709	0.0144	0.013	0.010
1.470	0.0806	0.023	0.671	0.0220	0.012	0.009
1.475	0.1174	0.008	0.733	0.0193	0.011	0.007
1.480	0.1826	0.023	0.753	0.0102	0.008	0.007
1.485	0.1925	0.017	0.733	0.0159	0.006	0.008
1.490	0.2166	0.019	0.758	0.0209	0.004	0.009
1.495	0.2441	0.008	0.753	0.0092	0.004	0.011
1.500	0.2283	0.008	0.758	0.0128	0.004	0.013
1.505	0.1743	0.008	0.756	0.0190	0.003	0.015
1.510	0.1549	0.010	0.708	0.0157	0.003	0.016
1.515	0.1331	0.008	0.719	0.0088	0.003	0.015
1.520	0.1226	0.013	0.736	0.0188	0.003	0.010
1.525	0.1107	0.008	0.743	0.0181	0.003	0.008
1.530	0.1081	0.008	0.755	0.0085	0.002	0.007
1.535	0.0830	0.008	0.747	0.0165	0.001	0.007
1.540	0.0767	0.008	0.746	0.0168	0.001	0.008
1.545	0.0642	0.008	0.740	0.0091	0.001	0.008
1.550	0.0602	0.008	0.722	0.0161	0.001	0.007
1.555	0.0503	0.008	0.745	0.0136	0.000	0.006
1.560	0.0548	0.008	0.752	0.0176	0.000	0.005
1.565	0.0659	0.008	0.751	0.0092	0.000	0.005
1.570	0.0721	0.008	0.732	0.0128	0.000	0.005
1.575	0.0656	0.010	0.730	0.0142	0.000	0.005
1.580	0.0783	0.008	0.747	0.0127	0.000	0.004
1.585	0.0850	0.008	0.744	0.0100	0.000	0.004
1.590	0.1058	0.008	0.735	0.0134	0.000	0.004
1.595	0.1151	0.006	0.689	0.0141	0.000	0.005
1.600	0.1065	0.008	0.668	0.0179	0.000	0.004
1.605	0.0876	0.008	0.676	0.0247	0.000	0.004
1.610	0.1137	0.008	0.606	0.0149	0.000	0.004
1.615	0.1598	0.006	0.701	0.0277	0.000	0.004
1.620	0.1700	0.008	0.547	0.0200	0.001	0.004
1.625	0.2371	0.008	0.455	0.0342	0.002	0.005
1.630	0.1510	0.006	0.589	0.0343	0.003	0.005
1.635	0.0740	0.006	0.595	0.0240	0.004	0.004
1.640	0.0711	0.008	0.527	0.0235	0.005	0.004
1.645	0.1035	0.006	0.567	0.0399	0.004	0.004
1.650	0.1067	0.015	0.693	0.0148	0.003	0.003
1.655	0.2152	0.008	0.666	0.0153	0.003	0.004
1.660	0.1639	0.006	0.664	0.0224	0.002	0.003
1.665	0.1503	0.006	0.642	0.0153	0.001	0.003
1.670	0.1348	0.015	0.657	0.0146	0.001	0.003
1.675	0.1462	0.010	0.697	0.0148	0.000	0.003
1.680	0.2239	0.008	0.706	0.0088	0.001	0.003
1.685	0.2101	0.006	0.647	0.0155	0.001	0.003
1.690	0.1530	0.008	0.574	0.0182	0.001	0.003
1.695	0.1595	0.006	0.578	0.0248	0.001	0.003
1.700	0.1208	0.023	0.630	0.0124	0.001	0.004
1.705	0.2197	0.006	0.718	0.0094	0.002	0.004
1.710	0.2582	0.008	0.708	0.0075	0.003	0.004
1.715	0.1956	0.006	0.666	0.0080	0.003	0.004
1.720	0.1642	0.006	0.641	0.0113	0.004	0.005
1.725	0.1364	0.010	0.631	0.0155	0.003	0.005
1.730	0.1048	0.008	0.653	0.0211	0.004	0.005
1.735	0.2246	0.010	0.648	0.0189	0.004	0.005
1.740	0.2304	0.013	0.637	0.0234	0.003	0.005
1.745	0.1362	0.008	0.592	0.0187	0.004	0.005
1.750	0.1134	0.017	0.580	0.0224	0.005	0.005
1.755	0.0831	0.023	0.670	0.0178	0.004	0.006
1.760	0.1931	0.006	0.696	0.0079	0.003	0.007
1.765	0.2180	0.017	0.681	0.0164	0.004	0.008
1.770	0.1374	0.010	0.664	0.0196	0.005	0.009
1.775	0.1041	0.010	0.682	0.0121	0.005	0.009
1.780	0.1212	0.010	0.663	0.0102	0.005	0.010
1.785	0.1792	0.006	0.719	0.0129	0.005	0.010
1.790	0.2176	0.013	0.693	0.0108	0.004	0.014
1.795	0.1977	0.010	0.653	0.0151	0.004	0.015
1.800	0.1344	0.015	0.633	0.0120	0.005	0.012
1.805	0.1252	0.019	0.650	0.0142	0.006	0.010
1.810	0.1176	0.023	0.671	0.0068	0.005	0.008
1.815	0.2003	0.017	0.674	0.0130	0.005	0.008
1.820	0.1733	0.027	0.669	0.0164	0.006	0.008
1.825	0.1252	0.019	0.635	0.0109	0.007	0.009
1.830	0.0798	0.023	0.652	0.0191	0.005	0.007
1.835	0.1024	0.023	0.638	0.0122	0.006	0.007
1.840	0.1861	0.029	0.666	0.0217	0.006	0.009
1.845	0.1269	0.027	0.664	0.0079	0.005	0.009
1.850	0.0934	0.015	0.640	0.0158	0.006	0.011
1.855	0.0982	0.027	0.669	0.0091	0.005	0.011
1.860	0.1422	0.019	0.661	0.0104	0.004	0.012
1.865	0.1840	0.021	0.662	0.0123	0.004	0.013
1.870	0.1000	0.017	0.639	0.0137	0.004	0.017
1.875	0.0687	0.021	0.667	0.0139	0.003	0.018
1.880	0.1168	0.017	0.631	0.0085	0.003	0.021
1.885	0.2018	0.025	0.629	0.0153	0.003	0.018
1.890	0.1845	0.023	0.656	0.0109	0.003	0.015
1.895	0.0971	0.019	0.621	0.0091	0.003	0.013
1.900	0.1102	0.023	0.660	0.0138	0.003	0.013
1.905	0.1432	0.015	0.640	0.0114	0.003	0.014
1.910	0.1686	0.023	0.623	0.0103	0.002	0.013
1.915	0.0661	0.019	0.632	0.0098	0.002	0.010
1.920	0.0613	0.023	0.635	0.0090	0.002	0.007
1.925	0.1009	0.023	0.647	0.0115	0.002	0.008
1.930	0.1337	0.031	0.653	0.0068	0.001	0.009
1.935	0.0524	0.027	0.638	0.0138	0.001	0.012
1.940	0.0683	0.023	0.632	0.0097	0.002	0.015
1.945	0.1084	0.019	0.650	0.0083	0.002	0.015
1.950	0.1178	0.035	0.620	0.0131	0.001	0.015
1.955	0.0405	0.027	0.633	0.0138	0.002	0.015
1.960	0.0755	0.031	0.601	0.0128	0.002	0.017
1.965	0.1188	0.023	0.604	0.0149	0.001	0.019
1.970	0.0736	0.025	0.670	0.0105	0.001	0.018
1.975	0.0289	0.019	0.621	0.0128	0.001	0.018
1.980	0.0973	0.015	0.611	0.0136	0.000	0.012
1.985	0.1256	0.021	0.658	0.0099	0.000	0.009
1.990	0.0483	0.013	0.634	0.0160	0.001	0.008
1.995	0.0523	0.019	0.608	0.0138	0.001	0.009
2.000	0.1072	0.015	0.616	0.0172	0.000	0.009
2.005	0.0975	0.019	0.643	0.0210	0.000	0.008
2.010	0.0219	0.019	0.625	0.0221	0.001	0.009
2.015	0.0767	0.021	0.594	0.0208	0.001	0.009
2.020	0.0968	0.006	0.643	0.0112	0.001	0.009
2.025	0.0361	0.006	0.631	0.0154	0.000	0.010
2.030	0.0405	0.010	0.620	0.0132	0.000	0.009
2.035	0.0787	0.006	0.668	0.0114	0.000	0.009
2.040	0.0663	0.006	0.625	0.0221	0.000	0.007
2.045	0.0301	0.006	0.615	0.0178	0.000	0.007
2.050	0.0581	0.006	0.622	0.0175	0.000	0.008
2.055	0.0690	0.006	0.567	0.0181	0.000	0.010
2.060	0.0218	0.008	0.489	0.0293	0.000	0.014
2.065	0.0168	0.010	0.436	0.0276	0.000	0.017
2.070	0.0253	0.013	0.330	0.0337	0.001	0.026
2.075	0.0089	0.008	0.460	0.0272	0.001	0.028
2.080	0.0057	0.035	0.497	0.0212	0.002	0.032
2.085	0.0079	0.015	0.550	0.0258	0.002	0.032
2.090	0.0057	0.019	0.635	0.0197	0.001	0.037
2.095	0.0063	0.019	0.615	0.0414	0.001	0.035
2.100	0.0048	0.019	0.649	0.0179	0.003	0.041
2.105	0.0073	0.006	0.649	0.0537	0.002	0.038
2.110	0.0033	0.010	0.728	0.0130	0.002	0.044
2.115	0.0072	0.010	0.676	0.0231	0.004	0.050
2.120	0.0056	0.010	0.727	0.0164	0.007	0.049
2.125	0.0049	0.013	0.712	0.0137	0.012	0.055
2.130	0.0059	0.019	0.622	0.0138	0.038	0.066
2.135	0.0061	0.023	0.522	0.0181	0.037	0.071
2.140	0.0051	0.023	0.483	0.0188	0.023	0.066
2.145	0.0051	0.040	0.470	0.0166	0.030	0.065
2.150	0.0054	0.040	0.445	0.0182	0.037	0.065
2.155	0.0066	0.035	0.413	0.0227	0.032	0.062
2.160	0.0057	0.035	0.506	0.0219	0.015	0.055
2.165	0.0077	0.027	0.520	0.0156	0.010	0.063
2.170	0.0092	0.031	0.500	0.0167	0.033	0.080
2.175	0.0054	0.037	0.432	0.0167	0.048	0.088
2.180	0.0052	0.048	0.443	0.0138	0.027	0.092
2.185	0.0060	0.035	0.477	0.0153	0.024	0.100
2.190	0.0063	0.040	0.481	0.0180	0.026	0.107
2.195	0.0067	0.031	0.473	0.0199	0.019	0.097
2.200	0.0065	0.027	0.374	0.0226	0.016	0.089
2.205	0.0064	0.031	0.336	0.0158	0.023	0.084
2.210	0.0064	0.035	0.425	0.0154	0.023	0.090
2.215	0.0065	0.040	0.468	0.0254	0.023	0.096
2.220	0.0056	0.037	0.471	0.0180	0.025	0.092
2.225	0.0064	0.035	0.418	0.0162	0.032	0.093
2.230	0.0074	0.040	0.257	0.0156	0.047	0.096
2.235	0.0069	0.040	0.291	0.0163	0.074	0.106
2.240	0.0036	0.044	0.374	0.0215	0.043	0.098
2.245	0.0039	0.048	0.368	0.0167	0.026	0.097
2.250	0.0057	0.040	0.340	0.0202	0.034	0.108
2.255	0.0057	0.031	0.321	0.0254	0.029	0.105
2.260	0.0052	0.035	0.453	0.0166	0.026	0.098
2.265	0.0058	0.035	0.461	0.0149	0.030	0.105
2.270	0.0048	0.040	0.239	0.0164	0.046	0.109
2.275	0.0045	0.037	0.239	0.0252	0.047	0.118
2.280	0.0032	0.040	0.326	0.0192	0.018	0.118
2.285	0.0041	0.040	0.290	0.0176	0.023	0.126
2.290	0.0063	0.042	0.174	0.0266	0.026	0.124
2.295	0.0034	0.046	0.293	0.0165	0.025	0.119
2.300	0.0054	0.037	0.429	0.0190	0.020	0.113
2.305	0.0045	0.033	0.373	0.0189	0.017	0.123
2.310	0.0055	0.033	0.252	0.0222	0.027	0.130
2.315	0.0021	0.040	0.377	0.0295	0.019	0.126
2.320	0.0023	0.037	0.509	0.0141	0.016	0.150
2.325	0.0042	0.027	0.466	0.0169	0.019	0.163
2.330	0.0022	0.027	0.340	0.0176	0.023	0.168
2.335	0.0022	0.031	0.351	0.0221	0.024	0.187
2.340	0.0020	0.035	0.282	0.0171	0.018	0.196
2.345	0.0019	0.027	0.287	0.0185	0.021	0.211
2.350	0.0016	0.031	0.370	0.0134	0.021	0.222
2.355	0.0010	0.033	0.353	0.0183	0.022	0.252
2.360	0.0005	0.040	0.430	0.0164	0.019	0.264
2.365	0.0010	0.035	0.440	0.0240	0.013	0.249
2.370	0.0008	0.027	0.448	0.0199	0.019	0.282
2.375	0.0009	0.035	0.202	0.0233	0.020	0.304
2.380	0.0004	0.027	0.153	0.0196	0.011	0.284
2.385	0.0003	0.025	0.238	0.0194	0.012	0.287
2.390	0.0005	0.015	0.298	0.0269	0.013	0.319
2.395	0.0002	0.033	0.126	0.0162	0.011	0.309
2.400	0.0003	0.010	0.125	0.0477	0.023	0.374
2.405	0.0002	0.035	0.187	0.0253	0.019	0.369
2.410	0.0002	0.013	0.264	0.0201	0.007	0.303
2.415	0.0001	0.027	0.161	0.0372	0.013	0.312
2.420	0.0003	0.013	0.203	0.0263	0.240	0.373
2.425	0.0002	0.015	0.175	0.0219	0.768	0.297
2.430	0.0001	0.056	0.237	0.0235	0.971	0.192
2.435	0.0005	0.113	0.180	0.0186	0.986	0.144
2.440	0.0011	0.129	0.166	0.0174	0.989	0.126
2.445	0.0035	0.127	0.145	0.0147	0.991	0.122
2.450	0.0048	0.123	0.193	0.0170	0.989	0.099
2.455	0.0073	0.138	0.240	0.0155	0.993	0.086
2.460	0.0113	0.133	0.177	0.0207	0.993	0.102
2.465	0.0078	0.135	0.149	0.0196	0.993	0.117
2.470	0.0037	0.135	0.163	0.0176	0.988	0.112
2.475	0.0069	0.154	0.156	0.0195	0.989	0.099
2.480	0.0085	0.133	0.244	0.0176	0.995	0.071
2.485	0.0122	0.148	0.298	0.0278	0.996	0.056
2.490	0.0258	0.135	0.221	0.0175	0.997	0.032
2.495	0.0220	0.129	0.236	0.0233	0.994	0.032
2.500	0.0309	0.131	0.231	0.0186	0.992	0.034
2.505	0.0292	0.131	0.240	0.0162	0.993	0.037
2.510	0.0473	0.131	0.208	0.0132	0.989	0.041
2.515	0.0604	0.138	0.225	0.0159	0.987	0.050
2.520	0.0622	0.131	0.162	0.0128	0.987	0.074
2.525	0.0648	0.148	0.145	0.0143	0.982	0.077
2.530	0.0508	0.156	0.145	0.0151	0.990	0.076
2.535	0.0739	0.177	0.174	0.0138	0.988	0.082
2.540	0.0695	0.160	0.189	0.0118	0.974	0.088
2.545	0.0679	0.160	0.136	0.0122	0.973	0.088
2.550	0.0680	0.144	0.169	0.0144	0.988	0.081
2.555	0.0403	0.156	0.185	0.0126	0.989	0.075
2.560	0.0672	0.148	0.189	0.0138	0.979	0.078
2.565	0.0445	0.154	0.149	0.0141	0.974	0.072
2.570	0.0455	0.154	0.171	0.0106	0.971	0.079
2.575	0.0587	0.146	0.135	0.0144	0.964	0.088
2.580	0.0575	0.154	0.193	0.0124	0.961	0.104
2.585	0.0377	0.150	0.240	0.0122	0.946	0.106
2.590	0.0451	0.150	0.186	0.0127	0.922	0.098
2.595	0.0389	0.144	0.210	0.0144	0.922	0.099
2.600	0.0388	0.163	0.183	0.0126	0.943	0.092
2.605	0.0426	0.179	0.151	0.0121	0.910	0.093
2.610	0.0515	0.169	0.115	0.0124	0.861	0.094
2.615	0.0452	0.152	0.130	0.0122	0.896	0.097
2.620	0.0386	0.148	0.200	0.0144	0.895	0.087
2.625	0.0387	0.138	0.181	0.0119	0.892	0.090
2.630	0.0335	0.110	0.168	0.0129	0.857	0.098
2.635	0.0298	0.119	0.198	0.0146	0.830	0.093
2.640	0.0332	0.119	0.180	0.0135	0.697	0.093
2.645	0.0258	0.121	0.139	0.0176	0.532	0.089
2.650	0.0231	0.119	0.103	0.0271	0.121	0.060
2.655	0.0263	0.094	0.378	0.0260	0.046	0.052
2.660	0.0404	0.042	0.520	0.0205	0.015	0.036
2.665	0.0442	0.031	0.494	0.0216	0.011	0.032
2.670	0.1436	0.019	0.617	0.0133	0.005	0.026
2.675	0.0669	0.013	0.614	0.0295	0.003	0.022
2.680	0.0644	0.023	0.512	0.0201	0.002	0.020
2.685	0.2128	0.010	0.649	0.0123	0.002	0.018
2.690	0.0593	0.017	0.630	0.0198	0.002	0.018
2.695	0.0636	0.019	0.541	0.0175	0.001	0.018
2.700	0.2243	0.015	0.601	0.0150	0.001	0.018
2.705	0.0430	0.013	0.559	0.0167	0.001	0.019
2.710	0.0563	0.013	0.456	0.0195	0.001	0.022
2.715	0.1990	0.017	0.526	0.0330	0.001	0.022
2.720	0.0234	0.017	0.416	0.0171	0.002	0.027
2.725	0.0747	0.017	0.381	0.0236	0.002	0.027
2.730	0.0723	0.006	0.257	0.0351	0.002	0.031
2.735	0.0631	0.017	0.472	0.0190	0.002	0.032
2.740	0.0587	0.006	0.509	0.0243	0.003	0.036
2.745	0.0198	0.006	0.524	0.0136	0.003	0.037
2.750	0.0686	0.013	0.536	0.0165	0.004	0.041
2.755	0.0112	0.006	0.574	0.0287	0.003	0.038
2.760	0.0188	0.019	0.452	0.0223	0.003	0.040
2.765	0.0407	0.006	0.530	0.0428	0.003	0.040
2.770	0.0116	0.008	0.422	0.0432	0.003	0.046
2.775	0.0241	0.019	0.462	0.0236	0.004	0.054
2.780	0.0224	0.008	0.430	0.0248	0.007	0.065
2.785	0.0181	0.006	0.369	0.0201	0.009	0.071
2.790	0.0142	0.015	0.295	0.0233	0.019	0.101
2.795	0.0067	0.023	0.333	0.0299	0.011	0.092
2.800	0.0044	0.025	0.246	0.0222	0.012	0.097
2.805	0.0113	0.006	0.273	0.0358	0.014	0.096
2.810	0.0061	0.008	0.488	0.0147	0.013	0.074
2.815	0.0062	0.017	0.473	0.0205	0.011	0.068
2.820	0.0045	0.019	0.414	0.0316	0.013	0.081
2.825	0.0087	0.017	0.480	0.0283	0.017	0.105
2.830	0.0036	0.004	0.412	0.0122	0.033	0.149
2.835	0.0070	0.025	0.436	0.0171	0.040	0.161
2.840	0.0053	0.015	0.433	0.0234	0.023	0.142
2.845	0.0065	0.033	0.419	0.0136	0.026	0.155
2.850	0.0078	0.019	0.519	0.0123	0.057	0.167
2.855	0.0045	0.065	0.362	0.0194	0.051	0.153
2.860	0.0051	0.031	0.543	0.0289	0.026	0.116
2.865	0.0039	0.048	0.509	0.0228	0.015	0.085
2.870	0.0040	0.025	0.497	0.0191	0.014	0.062
2.875	0.0083	0.023	0.440	0.0148	0.019	0.066
2.880	0.0104	0.025	0.244	0.0148	0.114	0.085
2.885	0.0156	0.044	0.209	0.0162	0.298	0.099
2.890	0.0131	0.052	0.181	0.0135	0.487	0.097
2.895	0.0217	0.102	0.144	0.0141	0.705	0.108
2.900	0.0371	0.119	0.135	0.0134	0.888	0.107
2.905	0.0301	0.158	0.206	0.0124	0.917	0.114
2.910	0.0399	0.196	0.155	0.0134	0.911	0.117
2.915	0.0373	0.177	0.147	0.0134	0.935	0.101
2.920	0.0360	0.190	0.162	0.0131	0.961	0.093
2.925	0.0352	0.163	0.161	0.0149	0.974	0.079
2.930	0.0353	0.167	0.152	0.0144	0.971	0.080
2.935	0.0578	0.146	0.127	0.0156	0.950	0.079
2.940	0.0439	0.183	0.210	0.0137	0.954	0.076
2.945	0.0412	0.158	0.161	0.0147	0.966	0.075
2.950	0.0544	0.158	0.242	0.0149	0.976	0.066
2.955	0.0530	0.133	0.163	0.0191	0.983	0.066
2.960	0.0489	0.154	0.185	0.0157	0.979	0.057
2.965	0.0631	0.148	0.151	0.0153	0.976	0.057
2.970	0.0645	0.127	0.185	0.0157	0.951	0.058
2.975	0.0616	0.108	0.209	0.0136	0.948	0.058
2.980	0.0710	0.117	0.191	0.0163	0.967	0.058
2.985	0.0632	0.133	0.237	0.0150	0.972	0.059
2.990	0.0601	0.142	0.231	0.0136	0.927	0.058
2.995	0.0562	0.113	0.210	0.0146	0.912	0.051
3.000	0.0566	0.133	0.190	0.0136	0.930	0.049
3.005	0.0620	0.125	0.180	0.0129	0.919	0.050
3.010	0.0589	0.125	0.153	0.0171	0.879	0.046
3.015	0.0601	0.125	0.195	0.0172	0.890	0.047
3.020	0.0476	0.106	0.199	0.0118	0.834	0.053
3.025	0.0541	0.129	0.208	0.0184	0.743	0.055
3.030	0.0421	0.115	0.151	0.0144	0.650	0.055
3.035	0.0462	0.110	0.160	0.0158	0.605	0.057
3.040	0.0510	0.108	0.236	0.0141	0.443	0.063
3.045	0.0441	0.092	0.140	0.0231	0.281	0.064
3.050	0.0320	0.087	0.376	0.0250	0.044	0.041
3.055	0.0240	0.065	0.427	0.0181	0.019	0.029
3.060	0.1057	0.033	0.462	0.0216	0.008	0.021
3.065	0.0688	0.013	0.528	0.0275	0.004	0.018
3.070	0.0615	0.015	0.459	0.0143	0.003	0.017
3.075	0.2254	0.031	0.502	0.0199	0.002	0.017
3.080	0.0716	0.013	0.448	0.0286	0.002	0.019
3.085	0.0530	0.019	0.226	0.0200	0.003	0.023
3.090	0.1864	0.019	0.238	0.0327	0.008	0.030
3.095	0.0456	0.010	0.232	0.0158	0.016	0.037
3.100	0.0438	0.019	0.257	0.0243	0.026	0.041
3.105	0.0378	0.023	0.189	0.0455	0.027	0.041
3.110	0.0298	0.021	0.261	0.0218	0.017	0.043
3.115	0.0172	0.013	0.357	0.0251	0.032	0.049
3.120	0.0121	0.029	0.467	0.0375	0.022	0.055
3.125	0.0283	0.029	0.511	0.0208	0.013	0.052
3.130	0.0145	0.013	0.438	0.0372	0.020	0.062
3.135	0.0243	0.017	0.326	0.0228	0.020	0.067
3.140	0.0270	0.017	0.465	0.0180	0.029	0.080
3.145	0.0128	0.015	0.382	0.0240	0.049	0.102
3.150	0.0074	0.046	0.339	0.0160	0.054	0.119
3.155	0.0160	0.023	0.321	0.0304	0.032	0.124
3.160	0.0067	0.031	0.325	0.0182	0.043	0.144
3.165	0.0155	0.019	0.246	0.0183	0.100	0.151
3.170	0.0115	0.050	0.178	0.0125	0.080	0.145
3.175	0.0114	0.050	0.154	0.0188	0.069	0.136
3.180	0.0149	0.035	0.208	0.0239	0.044	0.115
3.185	0.0143	0.048	0.180	0.0195	0.032	0.091
3.190	0.0173	0.037	0.266	0.0202	0.027	0.064
3.195	0.0238	0.046	0.319	0.0206	0.022	0.065
3.200	0.0252	0.048	0.508	0.0368	0.009	0.062
3.205	0.0361	0.033	0.531	0.0254	0.004	0.056
3.210	0.0459	0.025	0.634	0.0205	0.004	0.061
3.215	0.0277	0.027	0.493	0.0166	0.006	0.063
3.220	0.0333	0.029	0.336	0.0253	0.011	0.067
3.225	0.0165	0.029	0.174	0.0467	0.005	0.052
3.230	0.0141	0.037	0.264	0.0293	0.000	0.020
3.235	0.0099	0.021	0.427	0.0219	0.000	0.014
3.240	0.0727	0.017	0.507	0.0203	0.000	0.012
3.245	0.2422	0.019	0.540	0.0284	0.000	0.011
3.250	0.2530	0.021	0.652	0.0090	0.000	0.010
3.255	0.1010	0.023	0.625	0.0188	0.000	0.010
3.260	0.1870	0.023	0.557	0.0212	0.000	0.009
3.265	0.2180	0.025	0.555	0.0242	0.000	0.009
3.270	0.2693	0.023	0.641	0.0207	0.000	0.009
3.275	0.1953	0.021	0.662	0.0178	0.000	0.008
3.280	0.1502	0.023	0.651	0.0151	0.000	0.007
3.285	0.2676	0.023	0.663	0.0132	0.000	0.007
3.290	0.2768	0.025	0.677	0.0131	0.000	0.007
3.295	0.2975	0.023	0.662	0.0102	0.000	0.007
3.300	0.2296	0.027	0.635	0.0093	0.000	0.007
3.305	0.1153	0.023	0.623	0.0118	0.000	0.009
3.310	0.1562	0.019	0.546	0.0171	0.000	0.010
3.315	0.1305	0.017	0.539	0.0165	0.000	0.009
3.320	0.1401	0.023	0.412	0.0199	0.000	0.011
3.325	0.2089	0.019	0.398	0.0260	0.000	0.012
3.330	0.1255	0.015	0.467	0.0155	0.000	0.009
3.335	0.1358	0.017	0.475	0.0193	0.000	0.008
3.340	0.0847	0.019	0.504	0.0271	0.001	0.011
3.345	0.0718	0.010	0.551	0.0213	0.001	0.012
3.350	0.0842	0.010	0.623	0.0160	0.000	0.012
3.355	0.0972	0.019	0.668	0.0125	0.000	0.012
3.360	0.1747	0.013	0.613	0.0216	0.001	0.016
3.365	0.1762	0.008	0.559	0.0185	0.002	0.018
3.370	0.1157	0.015	0.555	0.0157	0.004	0.022
3.375	0.0920	0.010	0.541	0.0183	0.006	0.028
3.380	0.0862	0.010	0.519	0.0106	0.021	0.036
3.385	0.0860	0.006	0.391	0.0148	0.057	0.044
3.390	0.0973	0.021	0.315	0.0118	0.154	0.055
3.395	0.0583	0.029	0.446	0.0145	0.196	0.054
3.400	0.0454	0.069	0.491	0.0090	0.280	0.050
3.405	0.0555	0.067	0.519	0.0151	0.254	0.055
3.410	0.0750	0.077	0.504	0.0131	0.228	0.067
3.415	0.0544	0.031	0.520	0.0106	0.209	0.062
3.420	0.0545	0.056	0.526	0.0119	0.173	0.058
3.425	0.0396	0.069	0.563	0.0106	0.188	0.056
3.430	0.0418	0.065	0.583	0.0147	0.083	0.056
3.435	0.0742	0.035	0.599	0.0123	0.046	0.053
3.440	0.0635	0.027	0.648	0.0186	0.018	0.035
3.445	0.0507	0.021	0.638	0.0199	0.011	0.029
3.450	0.0457	0.013	0.678	0.0138	0.008	0.024
3.455	0.0293	0.015	0.666	0.0148	0.007	0.024
3.460	0.0525	0.013	0.616	0.0158	0.006	0.026
3.465	0.0953	0.006	0.654	0.0161	0.004	0.024
3.470	0.1032	0.013	0.675	0.0129	0.002	0.024
3.475	0.1021	0.008	0.666	0.0261	0.001	0.024
3.480	0.0800	0.006	0.670	0.0210	0.001	0.023
3.485	0.0421	0.004	0.671	0.0208	0.001	0.022
3.490	0.0510	0.008	0.652	0.0206	0.000	0.019
3.495	0.1114	0.006	0.642	0.0164	0.000	0.019
3.500	0.1159	0.008	0.597	0.0244	0.000	0.018
3.505	0.0879	0.010	0.634	0.0124	0.000	0.016
3.510	0.0582	0.004	0.662	0.0140	0.000	0.014
3.515	0.0325	0.006	0.672	0.0124	0.000	0.014
3.520	0.1312	0.008	0.649	0.0107	0.000	0.014
3.525	0.0641	0.006	0.640	0.0122	0.000	0.014
3.530	0.0543	0.004	0.613	0.0122	0.000	0.019
3.535	0.0461	0.010	0.611	0.0170	0.000	0.017
3.540	0.1134	0.008	0.663	0.0156	0.000	0.015
3.545	0.0457	0.008	0.626	0.0281	0.000	0.016
3.550	0.0361	0.010	0.624	0.0368	0.000	0.018
3.555	0.1069	0.008	0.606	0.0185	0.000	0.023
3.560	0.0947	0.008	0.588	0.0209	0.000	0.020
3.565	0.0237	0.008	0.539	0.0146	0.000	0.017
3.570	0.0680	0.006	0.532	0.0255	0.000	0.016
3.575	0.1380	0.010	0.632	0.0350	0.000	0.015
3.580	0.0346	0.006	0.609	0.0293	0.000	0.017
3.585	0.0924	0.013	0.596	0.0205	0.000	0.018
3.590	0.1318	0.015	0.640	0.0140	0.000	0.016
3.595	0.0490	0.015	0.555	0.0183	0.000	0.015
3.600	0.1062	0.008	0.584	0.0125	0.000	0.013
3.605	0.1386	0.006	0.636	0.0184	0.000	0.012
3.610	0.0539	0.008	0.610	0.0197	0.000	0.011
3.615	0.1139	0.006	0.604	0.0132	0.000	0.012
3.620	0.1438	0.010	0.611	0.0198	0.000	0.014
3.625	0.0390	0.008	0.539	0.0189	0.000	0.015
3.630	0.1027	0.006	0.573	0.0224	0.000	0.014
3.635	0.0835	0.008	0.553	0.0117	0.000	0.012
3.640	0.0830	0.010	0.505	0.0262	0.000	0.009
3.645	0.1415	0.006	0.602	0.0380	0.000	0.008
3.650	0.0601	0.013	0.509	0.0195	0.000	0.008
3.655	0.1458	0.008	0.479	0.0194	0.000	0.008
3.660	0.1428	0.006	0.569	0.0334	0.000	0.008
3.665	0.0510	0.017	0.490	0.0271	0.000	0.009
3.670	0.1509	0.006	0.598	0.0272	0.000	0.009
3.675	0.0310	0.006	0.423	0.0240	0.000	0.012
3.680	0.1242	0.008	0.447	0.0369	0.000	0.022
3.685	0.0396	0.010	0.446	0.0249	0.000	0.034
3.690	0.0629	0.008	0.487	0.0347	0.000	0.023
3.695	0.0528	0.004	0.450	0.0217	0.000	0.019
3.700	0.0406	0.008	0.305	0.0332	0.000	0.017
3.705	0.0996	0.004	0.328	0.0392	0.000	0.018
3.710	0.0063	0.006	0.391	0.0282	0.000	0.012
3.715	0.0428	0.006	0.448	0.0701	0.000	0.014
3.720	0.0336	0.008	0.471	0.0230	0.000	0.013
3.725	0.0632	0.006	0.473	0.0455	0.000	0.016
3.730	0.0231	0.006	0.433	0.0273	0.000	0.013
3.735	0.0511	0.006	0.443	0.0401	0.000	0.012
3.740	0.0187	0.006	0.474	0.0234	0.000	0.010
3.745	0.0327	0.010	0.469	0.0237	0.000	0.010
3.750	0.0486	0.006	0.441	0.0170	0.000	0.011
3.755	0.0288	0.008	0.453	0.0217	0.000	0.015
3.760	0.0422	0.008	0.407	0.0149	0.000	0.012
3.765	0.0296	0.008	0.438	0.0220	0.000	0.016
3.770	0.0597	0.017	0.364	0.0163	0.000	0.014
3.775	0.0299	0.008	0.392	0.0197	0.001	0.019
3.780	0.1010	0.019	0.237	0.0284	0.006	0.022
3.785	0.0315	0.013	0.259	0.0216	0.009	0.042
3.790	0.0755	0.025	0.329	0.0291	0.015	0.072
3.795	0.0335	0.017	0.295	0.0194	0.035	0.070
3.800	0.0332	0.006	0.291	0.0122	0.133	0.067
3.805	0.0259	0.060	0.302	0.0106	0.228	0.074
3.810	0.0438	0.071	0.289	0.0142	0.330	0.078
3.815	0.0278	0.062	0.313	0.0125	0.469	0.074
3.820	0.0326	0.081	0.272	0.0137	0.692	0.071
3.825	0.0449	0.110	0.226	0.0154	0.740	0.067
3.830	0.0316	0.110	0.206	0.0112	0.804	0.065
3.835	0.0345	0.125	0.189	0.0141	0.865	0.068
3.840	0.0303	0.121	0.180	0.0125	0.865	0.067
3.845	0.0300	0.110	0.211	0.0149	0.866	0.065
3.850	0.0290	0.129	0.186	0.0121	0.788	0.054
3.855	0.0335	0.125	0.161	0.0131	0.827	0.052
3.860	0.0310	0.138	0.140	0.0175	0.736	0.052
3.865	0.0271	0.135	0.189	0.0125	0.637	0.049
3.870	0.0300	0.115	0.153	0.0168	0.558	0.044
3.875	0.0460	0.121	0.179	0.0163	0.642	0.044
3.880	0.0408	0.102	0.240	0.0176	0.651	0.047
3.885	0.0432	0.108	0.305	0.0197	0.497	0.042
3.890	0.0420	0.110	0.418	0.0219	0.291	0.039
3.895	0.0453	0.094	0.462	0.0186	0.165	0.038
3.900	0.0576	0.085	0.484	0.0150	0.123	0.054
3.905	0.0560	0.079	0.291	0.0174	0.241	0.063
3.910	0.0262	0.081	0.206	0.0147	0.331	0.057
3.915	0.0179	0.100	0.211	0.0131	0.294	0.057
3.920	0.0231	0.083	0.215	0.0160	0.310	0.065
3.925	0.0111	0.094	0.266	0.0140	0.345	0.066
3.930	0.0136	0.077	0.221	0.0142	0.241	0.068
3.935	0.0116	0.073	0.254	0.0194	0.178	0.072
3.940	0.0121	0.067	0.286	0.0143	0.088	0.062
3.945	0.0081	0.071	0.245	0.0124	0.084	0.071
3.950	0.0131	0.065	0.211	0.0142	0.084	0.080
3.955	0.0114	0.058	0.224	0.0223	0.116	0.088
3.960	0.0142	0.069	0.247	0.0166	0.096	0.084
3.965	0.0109	0.067	0.247	0.0140	0.120	0.084
3.970	0.0177	0.050	0.184	0.0181	0.184	0.085
3.975	0.0210	0.071	0.176	0.0178	0.153	0.083
3.980	0.0211	0.058	0.225	0.0176	0.156	0.075
3.985	0.0204	0.062	0.215	0.0180	0.215	0.073
3.990	0.0253	0.075	0.215	0.0176	0.229	0.075
3.995	0.0196	0.060	0.199	0.0198	0.153	0.074
4.000	0.0159	0.054	0.207	0.0328	0.033	0.049
4.005	0.0198	0.048	0.252	0.0196	0.011	0.033
4.010	0.0222	0.052	0.399	0.0215	0.003	0.028
4.015	0.0492	0.023	0.388	0.0190	0.001	0.021
4.020	0.0203	0.025	0.473	0.0200	0.001	0.025
4.025	0.0832	0.021	0.473	0.0264	0.000	0.020
4.030	0.0278	0.008	0.475	0.0225	0.000	0.023
4.035	0.1362	0.017	0.456	0.0259	0.000	0.016
4.040	0.0254	0.013	0.425	0.0207	0.000	0.020
4.045	0.1978	0.023	0.422	0.0219	0.000	0.019
4.050	0.0596	0.021	0.389	0.0239	0.000	0.019
4.055	0.1871	0.031	0.400	0.0259	0.000	0.018
4.060	0.0575	0.015	0.380	0.0158	0.000	0.017
4.065	0.1595	0.031	0.409	0.0286	0.000	0.015
4.070	0.0537	0.023	0.378	0.0088	0.000	0.010
4.075	0.0252	0.037	0.397	0.0206	0.000	0.013
4.080	0.0521	0.017	0.304	0.0124	0.000	0.011
4.085	0.0271	0.021	0.421	0.0250	0.000	0.015
4.090	0.0504	0.025	0.174	0.0114	0.000	0.012
4.095	0.0326	0.023	0.427	0.0152	0.000	0.014
4.100	0.1226	0.029	0.382	0.0179	0.000	0.015
4.105	0.0292	0.046	0.431	0.0098	0.000	0.015
4.110	0.1107	0.031	0.459	0.0272	0.000	0.016
4.115	0.0365	0.019	0.231	0.0124	0.000	0.013
4.120	0.0225	0.044	0.463	0.0278	0.000	0.019
4.125	0.0350	0.033	0.169	0.0156	0.000	0.016
4.130	0.0108	0.033	0.446	0.0229	0.000	0.023
4.135	0.0318	0.033	0.403	0.0138	0.000	0.020
4.140	0.0197	0.023	0.438	0.0171	0.000	0.020
4.145	0.0768	0.044	0.454	0.0278	0.001	0.022
4.150	0.0179	0.027	0.372	0.0141	0.001	0.018
4.155	0.0385	0.031	0.404	0.0327	0.001	0.018
4.160	0.0184	0.029	0.153	0.0132	0.000	0.011
4.165	0.0153	0.033	0.459	0.0235	0.000	0.014
4.170	0.0394	0.046	0.206	0.0176	0.000	0.010
4.175	0.0127	0.040	0.430	0.0138	0.000	0.012
4.180	0.0892	0.050	0.458	0.0224	0.000	0.011
4.185	0.0161	0.037	0.156	0.0106	0.000	0.010
4.190	0.0581	0.037	0.255	0.0289	0.000	0.017
4.195	0.0222	0.040	0.198	0.0155	0.000	0.016
4.200	0.0164	0.029	0.317	0.0294	0.000	0.021
4.205	0.0234	0.027	0.355	0.0359	0.000	0.019
4.210	0.0113	0.023	0.417	0.0226	0.000	0.018
4.215	0.0240	0.025	0.417	0.0257	0.000	0.018
4.220	0.0134	0.015	0.386	0.0252	0.000	0.015
4.225	0.0122	0.017	0.420	0.0192	0.000	0.018
4.230	0.0109	0.019	0.466	0.0180	0.000	0.015
4.235	0.0092	0.021	0.439	0.0324	0.000	0.019
4.240	0.0203	0.013	0.478	0.0193	0.000	0.014
4.245	0.0133	0.010	0.452	0.0159	0.000	0.015
4.250	0.0346	0.025	0.430	0.0385	0.000	0.015
4.255	0.0145	0.004	0.517	0.0183	0.000	0.015
4.260	0.0251	0.013	0.382	0.0336	0.000	0.020
4.265	0.0052	0.015	0.452	0.0304	0.000	0.016
4.270	0.0074	0.017	0.362	0.0303	0.000	0.024
4.275	0.0207	0.019	0.294	0.0403	0.000	0.045
4.280	0.0136	0.017	0.301	0.0224	0.000	0.041
4.285	0.0098	0.010	0.295	0.0195	0.000	0.030
4.290	0.0087	0.025	0.325	0.0211	0.000	0.035
4.295	0.0183	0.027	0.271	0.0289	0.000	0.026
4.300	0.0066	0.023	0.288	0.0298	0.000	0.021
4.305	0.0163	0.046	0.340	0.0270	0.000	0.018
4.310	0.0140	0.033	0.297	0.0189	0.000	0.014
4.315	0.0233	0.029	0.404	0.0237	0.000	0.019
4.320	0.0233	0.027	0.210	0.0190	0.000	0.014
4.325	0.0118	0.021	0.351	0.0250	0.000	0.014
4.330	0.0273	0.033	0.378	0.0344	0.000	0.014
4.335	0.0133	0.023	0.488	0.0194	0.000	0.013
4.340	0.0281	0.008	0.406	0.0294	0.000	0.024
4.345	0.0083	0.008	0.521	0.0275	0.000	0.017
4.350	0.0122	0.015	0.442	0.0396	0.000	0.022
4.355	0.0239	0.004	0.441	0.0410	0.000	0.019
4.360	0.0109	0.008	0.386	0.0270	0.000	0.019
4.365	0.0286	0.002	0.339	0.0277	0.000	0.028
4.370	0.0105	0.004	0.240	0.0150	0.000	0.024
4.375	0.0128	0.013	0.220	0.0401	0.000	0.023
4.380	0.0224	0.025	0.219	0.0164	0.000	0.011
4.385	0.0094	0.027	0.308	0.0212	0.000	0.013
4.390	0.0729	0.033	0.226	0.0203	0.000	0.013
4.395	0.0306	0.027	0.233	0.0133	0.000	0.014
4.400	0.1016	0.035	0.417	0.0212	0.001	0.022
4.405	0.0489	0.031	0.185	0.0188	0.000	0.015
4.410	0.0294	0.050	0.408	0.0252	0.001	0.016
4.415	0.0577	0.025	0.259	0.0219	0.001	0.012
4.420	0.0480	0.048	0.435	0.0211	0.000	0.013
4.425	0.1045	0.029	0.405	0.0270	0.000	0.010
4.430	0.0471	0.042	0.396	0.0160	0.000	0.012
4.435	0.1009	0.042	0.414	0.0248	0.001	0.014
4.440	0.0434	0.040	0.268	0.0194	0.000	0.013
4.445	0.0399	0.035	0.414	0.0216	0.001	0.023
4.450	0.0592	0.033	0.201	0.0144	0.000	0.019
4.455	0.0328	0.031	0.432	0.0175	0.000	0.022
4.460	0.1306	0.035	0.352	0.0301	0.001	0.024
4.465	0.0433	0.031	0.217	0.0128	0.000	0.022
4.470	0.1323	0.037	0.280	0.0349	0.003	0.031
4.475	0.0493	0.037	0.250	0.0174	0.004	0.025
4.480	0.0183	0.037	0.212	0.0289	0.005	0.035
4.485	0.0364	0.027	0.260	0.0313	0.004	0.036
4.490	0.0281	0.021	0.300	0.0240	0.003	0.045
4.495	0.0325	0.015	0.245	0.0242	0.002	0.050
4.500	0.0189	0.025	0.364	0.0247	0.003	0.078
4.505	0.0206	0.021	0.318	0.0418	0.006	0.102
4.510	0.0093	0.021	0.344	0.0201	0.006	0.119
4.515	0.0168	0.021	0.365	0.0264	0.010	0.152
4.520	0.0118	0.027	0.306	0.0215	0.023	0.183
4.525	0.0053	0.035	0.299	0.0130	0.040	0.206
4.530	0.0137	0.040	0.338	0.0185	0.052	0.218
4.535	0.0089	0.060	0.315	0.0137	0.050	0.219
4.540	0.0092	0.048	0.224	0.0150	0.075	0.179
4.545	0.0054	0.044	0.181	0.0102	0.092	0.146
4.550	0.0050	0.065	0.191	0.0192	0.165	0.167
4.555	0.0044	0.067	0.169	0.0162	0.136	0.163
4.560	0.0046	0.056	0.173	0.0159	0.108	0.163
4.565	0.0052	0.054	0.058	0.0638	0.044	0.149
4.570	0.0028	0.058	0.118	0.0415	0.005	0.074
4.575	0.0048	0.054	0.134	0.0366	0.002	0.040
4.580	0.0052	0.033	0.397	0.0104	0.002	0.026
4.585	0.0374	0.006	0.460	0.0169	0.002	0.025
4.590	0.2438	0.029	0.383	0.0168	0.003	0.022
4.595	0.0369	0.017	0.452	0.0166	0.003	0.024
4.600	0.1701	0.029	0.426	0.0104	0.003	0.022
4.605	0.0437	0.023	0.458	0.0235	0.002	0.025
4.610	0.1721	0.040	0.355	0.0123	0.002	0.023
4.615	0.0548	0.027	0.438	0.0187	0.002	0.024
4.620	0.1455	0.033	0.307	0.0119	0.002	0.021
4.625	0.0458	0.025	0.397	0.0272	0.002	0.022
4.630	0.0938	0.029	0.323	0.0143	0.002	0.017
4.635	0.0403	0.035	0.409	0.0289	0.001	0.019
4.640	0.1041	0.027	0.350	0.0209	0.001	0.018
4.645	0.0374	0.023	0.393	0.0191	0.001	0.023
4.650	0.1012	0.017	0.406	0.0283	0.002	0.024
4.655	0.0357	0.008	0.452	0.0207	0.001	0.023
4.660	0.1049	0.013	0.433	0.0399	0.000	0.023
4.665	0.0413	0.021	0.471	0.0165	0.000	0.023
4.670	0.0950	0.010	0.458	0.0451	0.001	0.031
4.675	0.0344	0.013	0.474	0.0101	0.001	0.029
4.680	0.0702	0.013	0.464	0.0504	0.001	0.032
4.685	0.0304	0.023	0.497	0.0170	0.000	0.029
4.690	0.0525	0.015	0.279	0.0330	0.001	0.046
4.695	0.0245	0.006	0.215	0.0207	0.001	0.045
4.700	0.0282	0.010	0.294	0.0300	0.002	0.056
4.705	0.0108	0.035	0.276	0.0183	0.003	0.057
4.710	0.0126	0.015	0.230	0.0185	0.012	0.074
4.715	0.0087	0.029	0.191	0.0224	0.015	0.076
4.720	0.0048	0.037	0.191	0.0244	0.066	0.096
4.725	0.0078	0.046	0.260	0.0197	0.136	0.104
4.730	0.0090	0.042	0.365	0.0140	0.253	0.115
4.735	0.0079	0.062	0.308	0.0118	0.318	0.118
4.740	0.0087	0.104	0.129	0.0155	0.497	0.132
4.745	0.0081	0.123	0.119	0.0158	0.653	0.130
4.750	0.0071	0.127	0.146	0.0122	0.782	0.117
4.755	0.0092	0.171	0.177	0.0163	0.720	0.121
4.760	0.0098	0.160	0.166	0.0100	0.537	0.109
4.765	0.0103	0.142	0.162	0.0127	0.613	0.117
4.770	0.0171	0.135	0.109	0.0142	0.712	0.117
4.775	0.0100	0.163	0.109	0.0133	0.632	0.119
4.780	0.0115	0.142	0.116	0.0163	0.492	0.126
4.785	0.0094	0.135	0.211	0.0176	0.326	0.112
4.790	0.0094	0.117	0.222	0.0124	0.263	0.103
4.795	0.0129	0.087	0.225	0.0134	0.319	0.105
4.800	0.0152	0.110	0.262	0.0221	0.233	0.115
4.805	0.0118	0.110	0.296	0.0149	0.186	0.128
4.810	0.0185	0.073	0.310	0.0131	0.193	0.133
4.815	0.0151	0.085	0.272	0.0132	0.220	0.142
4.820	0.0176	0.071	0.199	0.0147	0.323	0.154
4.825	0.0084	0.113	0.191	0.0194	0.253	0.154
4.830	0.0080	0.108	0.257	0.0145	0.157	0.134
4.835	0.0150	0.065	0.140	0.0139	0.186	0.134
4.840	0.0153	0.058	0.227	0.0149	0.171	0.124
4.845	0.0079	0.067	0.178	0.0116	0.249	0.128
4.850	0.0159	0.083	0.151	0.0190	0.292	0.135
4.855	0.0074	0.102	0.151	0.0163	0.161	0.123
4.860	0.0063	0.081	0.158	0.0142	0.162	0.120
4.865	0.0080	0.052	0.192	0.0137	0.263	0.132
4.870	0.0076	0.079	0.321	0.0247	0.157	0.128
4.875	0.0058	0.092	0.380	0.0150	0.110	0.128
4.880	0.0084	0.052	0.420	0.0150	0.163	0.146
4.885	0.0088	0.071	0.304	0.0167	0.121	0.148
4.890	0.0052	0.069	0.330	0.0278	0.048	0.138
4.895	0.0050	0.046	0.365	0.0332	0.022	0.113
4.900	0.0057	0.023	0.403	0.0344	0.004	0.090
4.905	0.0079	0.021	0.333	0.0197	0.005	0.093
4.910	0.0120	0.017	0.376	0.0371	0.011	0.101
4.915	0.0056	0.021	0.456	0.0157	0.013	0.088
4.920	0.0048	0.017	0.407	0.0182	0.019	0.122
4.925	0.0042	0.025	0.417	0.0402	0.013	0.151
4.930	0.0024	0.019	0.377	0.0180	0.018	0.176
4.935	0.0015	0.021	0.369	0.0297	0.013	0.180
4.940	0.0008	0.015	0.679	0.0403	0.007	0.186
4.945	0.0013	0.017	0.713	0.0294	0.004	0.170
4.950	0.0013	0.013	0.713	0.0161	0.009	0.212
4.955	0.0014	0.013	0.577	0.0196	0.015	0.243
4.960	0.0006	0.017	0.721	0.0144	0.012	0.248
4.965	0.0007	0.013	0.732	0.0163	0.012	0.263
4.970	0.0007	0.008	0.611	0.0180	0.020	0.295
4.975	0.0006	0.017	0.549	0.0150	0.056	0.339
4.980	0.0004	0.044	0.466	0.0298	0.036	0.345
4.985	0.0002	0.052	0.519	0.0231	0.018	0.303
4.990	0.0004	0.021	0.572	0.0120	0.089	0.279
4.995	0.0004	0.021	0.587	0.0175	0.059	0.255
5.000	0.0005	0.046	0.536	0.0220	0.010	0.271
5.005	0.0005	0.013	0.412	0.0163	0.015	0.309
5.010	0.0004	0.021	0.214	0.0271	0.022	0.358
5.015	0.0002	0.037	0.282	0.0185	0.016	0.342
5.020	0.0002	0.031	0.252	0.0155	0.020	0.381
5.025	0.0003	0.010	0.306	0.0233	0.022	0.393
5.030	0.0001	0.044	0.529	0.0232	0.009	0.365
5.035	0.0002	0.013	0.460	0.0196	0.013	0.376
5.040	0.0003	0.017	0.290	0.0177	0.032	0.393
5.045	0.0001	0.029	0.137	0.0213	0.039	0.347
5.050	0.0002	0.073	0.169	0.0253	0.047	0.205
5.055	0.0003	0.067	0.164	0.0238	0.080	0.148
5.060	0.0005	0.060	0.378	0.0190	0.053	0.071
5.065	0.0019	0.065	0.119	0.0157	0.036	0.058
5.070	0.0086	0.060	0.288	0.0164	0.011	0.031
5.075	0.0147	0.048	0.341	0.0135	0.006	0.024
5.080	0.0310	0.037	0.434	0.0230	0.002	0.019
5.085	0.0839	0.029	0.284	0.0140	0.001	0.017
5.090	0.0311	0.025	0.425	0.0260	0.004	0.021
5.095	0.0962	0.031	0.346	0.0167	0.004	0.020
5.100	0.0286	0.031	0.327	0.0312	0.002	0.025
5.105	0.0668	0.025	0.364	0.0271	0.001	0.022
5.110	0.0541	0.021	0.205	0.0210	0.001	0.031
5.115	0.0644	0.013	0.251	0.0436	0.001	0.036
5.120	0.0120	0.013	0.296	0.0216	0.000	0.029
5.125	0.0272	0.008	0.288	0.0348	0.000	0.031
5.130	0.0263	0.008	0.495	0.0358	0.000	0.037
5.135	0.0185	0.008	0.418	0.0259	0.002	0.061
5.140	0.0133	0.023	0.493	0.0144	0.019	0.098
5.145	0.0228	0.006	0.427	0.0182	0.066	0.106
5.150	0.0181	0.021	0.223	0.0122	0.310	0.086
5.155	0.0164	0.046	0.156	0.0129	0.570	0.079
5.160	0.0291	0.117	0.136	0.0155	0.667	0.075
5.165	0.0193	0.125	0.113	0.0175	0.495	0.083
5.170	0.0227	0.087	0.287	0.0322	0.011	0.041
5.175	0.0136	0.062	0.285	0.0180	0.001	0.020
5.180	0.0091	0.027	0.321	0.0208	0.001	0.018
5.185	0.0943	0.010	0.185	0.0211	0.001	0.016
5.190	0.0345	0.025	0.418	0.0242	0.002	0.019
5.195	0.1483	0.033	0.323	0.0277	0.002	0.017
5.200	0.0538	0.027	0.421	0.0269	0.001	0.017
5.205	0.1499	0.027	0.371	0.0172	0.002	0.017
5.210	0.0720	0.025	0.386	0.0202	0.003	0.020
5.215	0.1581	0.019	0.291	0.0219	0.004	0.021
5.220	0.0719	0.017	0.339	0.0231	0.003	0.024
5.225	0.1282	0.017	0.347	0.0327	0.005	0.026
5.230	0.0884	0.013	0.308	0.0203	0.010	0.030
5.235	0.1361	0.008	0.288	0.0305	0.034	0.035
5.240	0.0390	0.054	0.269	0.0192	0.020	0.037
5.245	0.0713	0.029	0.294	0.0138	0.062	0.046
5.250	0.0431	0.033	0.189	0.0195	0.029	0.059
5.255	0.0199	0.023	0.305	0.0153	0.186	0.088
5.260	0.0194	0.040	0.204	0.0197	0.158	0.087
5.265	0.0232	0.075	0.319	0.0158	0.294	0.076
5.270	0.0361	0.044	0.173	0.0228	0.226	0.058
5.275	0.0354	0.102	0.283	0.0161	0.248	0.054
5.280	0.0426	0.037	0.318	0.0202	0.195	0.045
5.285	0.0201	0.110	0.350	0.0263	0.073	0.042
5.290	0.0573	0.023	0.380	0.0278	0.039	0.034
5.295	0.0129	0.056	0.424	0.0196	0.015	0.034
5.300	0.0810	0.025	0.429	0.0348	0.005	0.031
5.305	0.0338	0.033	0.448	0.0187	0.002	0.028
5.310	0.1137	0.021	0.473	0.0394	0.001	0.023
5.315	0.0483	0.017	0.385	0.0182	0.001	0.020
5.320	0.1248	0.013	0.445	0.0257	0.001	0.020
5.325	0.0547	0.017	0.409	0.0180	0.001	0.019
5.330	0.0923	0.008	0.349	0.0404	0.003	0.023
5.335	0.0656	0.013	0.407	0.0258	0.001	0.021
5.340	0.0265	0.008	0.443	0.0316	0.000	0.022
5.345	0.0356	0.008	0.548	0.0295	0.000	0.015
5.350	0.0218	0.004	0.455	0.0301	0.000	0.019
5.355	0.0635	0.006	0.522	0.0267	0.000	0.016
5.360	0.0233	0.004	0.463	0.0357	0.000	0.018
5.365	0.0686	0.004	0.550	0.0390	0.000	0.015
5.370	0.0387	0.010	0.557	0.0187	0.000	0.014
5.375	0.0800	0.017	0.454	0.0415	0.000	0.017
5.380	0.0414	0.006	0.565	0.0162	0.000	0.014
5.385	0.0182	0.006	0.344	0.0212	0.000	0.020
5.390	0.0239	0.013	0.325	0.0386	0.000	0.025
5.395	0.0103	0.006	0.185	0.0243	0.001	0.031
5.400	0.0289	0.004	0.230	0.0530	0.008	0.046
5.405	0.0115	0.017	0.303	0.0248	0.030	0.054
5.410	0.0127	0.017	0.296	0.0229	0.076	0.051
5.415	0.0227	0.040	0.261	0.0146	0.075	0.047
5.420	0.0352	0.069	0.287	0.0274	0.116	0.049
5.425	0.0471	0.058	0.297	0.0229	0.088	0.045
5.430	0.0313	0.073	0.363	0.0177	0.109	0.044
5.435	0.0819	0.058	0.287	0.0165	0.155	0.043
5.440	0.0916	0.050	0.182	0.0175	0.202	0.039
5.445	0.0455	0.069	0.209	0.0174	0.308	0.040
5.450	0.0741	0.073	0.201	0.0237	0.179	0.037
5.455	0.0455	0.094	0.290	0.0145	0.122	0.033
5.460	0.1159	0.056	0.278	0.0147	0.165	0.045
5.465	0.0776	0.052	0.216	0.0219	0.294	0.047
5.470	0.0471	0.087	0.172	0.0164	0.310	0.047
5.475	0.0652	0.077	0.212	0.0164	0.396	0.053
5.480	0.0500	0.087	0.190	0.0201	0.279	0.053
5.485	0.0409	0.079	0.251	0.0220	0.233	0.055
5.490	0.0704	0.073	0.268	0.0168	0.133	0.053
5.495	0.0553	0.067	0.245	0.0174	0.128	0.052
5.500	0.0795	0.058	0.197	0.0156	0.250	0.056
5.505	0.0434	0.071	0.216	0.0211	0.233	0.059
5.510	0.0446	0.075	0.419	0.0170	0.171	0.058
5.515	0.0501	0.069	0.290	0.0179	0.128	0.059
5.520	0.0526	0.058	0.264	0.0211	0.114	0.063
5.525	0.0539	0.052	0.276	0.0225	0.083	0.065
5.530	0.0408	0.050	0.297	0.0187	0.035	0.057
5.535	0.0376	0.048	0.165	0.0411	0.013	0.049
5.540	0.0347	0.042	0.326	0.0195	0.004	0.041
5.545	0.0287	0.031	0.293	0.0253	0.002	0.032
5.550	0.0573	0.031	0.320	0.0154	0.001	0.024
5.555	0.0182	0.025	0.429	0.0238	0.001	0.027
5.560	0.0799	0.019	0.214	0.0197	0.001	0.021
5.565	0.0293	0.021	0.380	0.0303	0.001	0.026
5.570	0.1228	0.019	0.416	0.0179	0.000	0.023
5.575	0.0628	0.015	0.364	0.0191	0.000	0.023
5.580	0.1907	0.021	0.368	0.0261	0.001	0.024
5.585	0.0710	0.017	0.398	0.0183	0.000	0.020
5.590	0.0381	0.023	0.402	0.0359	0.000	0.022
5.595	0.1014	0.015	0.360	0.0243	0.000	0.014
5.600	0.0362	0.013	0.390	0.0249	0.000	0.019
5.605	0.1213	0.017	0.395	0.0259	0.000	0.017
5.610	0.0404	0.023	0.313	0.0264	0.000	0.015
5.615	0.1317	0.023	0.379	0.0331	0.000	0.018
5.620	0.0801	0.013	0.212	0.0290	0.000	0.017
5.625	0.0403	0.017	0.381	0.0333	0.000	0.020
5.630	0.0766	0.015	0.358	0.0281	0.000	0.012
5.635	0.0359	0.019	0.350	0.0269	0.000	0.013
5.640	0.1032	0.010	0.465	0.0376	0.000	0.011
5.645	0.0641	0.021	0.445	0.0229	0.000	0.011
5.650	0.1124	0.008	0.439	0.0330	0.000	0.014
5.655	0.0631	0.013	0.380	0.0280	0.000	0.012
5.660	0.0190	0.013	0.424	0.0270	0.000	0.015
5.665	0.0688	0.013	0.423	0.0439	0.000	0.012
5.670	0.0401	0.015	0.426	0.0224	0.000	0.014
5.675	0.0926	0.010	0.454	0.0295	0.000	0.014
5.680	0.0400	0.017	0.428	0.0134	0.000	0.012
5.685	0.0880	0.008	0.471	0.0379	0.000	0.014
5.690	0.0306	0.010	0.170	0.0191	0.000	0.010
5.695	0.0078	0.010	0.478	0.0223	0.000	0.017
5.700	0.0520	0.015	0.321	0.0160	0.000	0.016
5.705	0.0095	0.013	0.458	0.0135	0.000	0.020
5.710	0.1056	0.008	0.455	0.0283	0.000	0.015
5.715	0.0148	0.017	0.361	0.0247	0.000	0.010
5.720	0.0821	0.010	0.479	0.0409	0.000	0.013
5.725	0.0247	0.008	0.400	0.0214	0.000	0.010
5.730	0.0220	0.008	0.475	0.0414	0.000	0.012
5.735	0.0500	0.008	0.318	0.0328	0.000	0.008
5.740	0.0218	0.010	0.471	0.0246	0.000	0.011
5.745	0.0767	0.008	0.473	0.0405	0.000	0.011
5.750	0.0246	0.010	0.482	0.0225	0.000	0.011
5.755	0.0781	0.008	0.474	0.0523	0.000	0.013
5.760	0.0262	0.013	0.347	0.0260	0.000	0.011
5.765	0.0165	0.013	0.476	0.0364	0.000	0.016
5.770	0.0174	0.015	0.149	0.0244	0.000	0.011
5.775	0.0217	0.008	0.492	0.0264	0.000	0.013
5.780	0.0560	0.013	0.272	0.0408	0.000	0.010
5.785	0.0100	0.015	0.389	0.0304	0.000	0.010
5.790	0.0669	0.010	0.479	0.0758	0.000	0.013
5.795	0.0105	0.019	0.129	0.0243	0.000	0.011
5.800	0.0116	0.008	0.488	0.0447	0.000	0.016
5.805	0.0123	0.010	0.293	0.0366	0.000	0.011
5.810	0.0136	0.008	0.488	0.0417	0.000	0.017
5.815	0.0500	0.006	0.483	0.0773	0.000	0.015
5.820	0.0107	0.008	0.467	0.0239	0.000	0.015
5.825	0.0463	0.006	0.469	0.0513	0.000	0.020
5.830	0.0118	0.008	0.273	0.0420	0.000	0.015
5.835	0.0092	0.006	0.441	0.0425	0.000	0.026
5.840	0.0115	0.006	0.260	0.0609	0.000	0.019
5.845	0.0094	0.008	0.456	0.0288	0.000	0.024
5.850	0.0313	0.006	0.391	0.0675	0.000	0.025
5.855	0.0145	0.008	0.316	0.0534	0.000	0.023
5.860	0.0247	0.006	0.471	0.0792	0.000	0.036
5.865	0.0167	0.008	0.417	0.0449	0.000	0.028
5.870	0.0085	0.006	0.436	0.0322	0.003	0.061
5.875	0.0331	0.006	0.338	0.0549	0.002	0.056
5.880	0.0079	0.013	0.442	0.0190	0.002	0.067
5.885	0.0288	0.006	0.434	0.0339	0.003	0.084
5.890	0.0109	0.015	0.381	0.0348	0.001	0.062
5.895	0.0096	0.006	0.355	0.0367	0.003	0.101
5.900	0.0136	0.008	0.338	0.0699	0.001	0.093
5.905	0.0077	0.010	0.196	0.0446	0.002	0.096
5.910	0.0079	0.004	0.306	0.0436	0.008	0.143
5.915	0.0106	0.010	0.127	0.0421	0.013	0.143
5.920	0.0057	0.008	0.403	0.0305	0.047	0.183
5.925	0.0145	0.069	0.353	0.0318	0.022	0.164
5.930	0.0096	0.025	0.268	0.0582	0.004	0.108
5.935	0.0118	0.008	0.281	0.0285	0.001	0.066
5.940	0.0077	0.021	0.278	0.0395	0.001	0.051
5.945	0.0238	0.008	0.248	0.0244	0.000	0.032
5.950	0.0046	0.015	0.272	0.0186	0.000	0.028
5.955	0.0791	0.010	0.209	0.0177	0.001	0.024
5.960	0.0264	0.015	0.337	0.0234	0.000	0.021
5.965	0.1031	0.021	0.295	0.0338	0.001	0.023
5.970	0.0643	0.013	0.267	0.0223	0.000	0.016
5.975	0.0216	0.023	0.339	0.0325	0.000	0.018
5.980	0.1089	0.013	0.329	0.0172	0.000	0.014
5.985	0.0511	0.019	0.275	0.0147	0.001	0.017
5.990	0.1556	0.023	0.419	0.0225	0.002	0.016
5.995	0.0750	0.029	0.443	0.0237	0.000	0.011
6.000	0.0276	0.035	0.505	0.0228	0.001	0.015
6.005	0.1266	0.017	0.524	0.0201	0.000	0.012
6.010	0.0673	0.015	0.381	0.0202	0.000	0.014
6.015	0.2129	0.019	0.414	0.0231	0.001	0.013
6.020	0.0733	0.017	0.322	0.0231	0.000	0.010
6.025	0.0331	0.048	0.407	0.0249	0.001	0.014
6.030	0.0899	0.017	0.294	0.0222	0.000	0.011
6.035	0.0442	0.019	0.422	0.0229	0.000	0.015
6.040	0.1277	0.027	0.345	0.0263	0.000	0.014
6.045	0.0366	0.021	0.217	0.0163	0.000	0.011
6.050	0.1182	0.027	0.467	0.0280	0.000	0.011
6.055	0.0940	0.025	0.238	0.0171	0.000	0.007
6.060	0.0274	0.025	0.465	0.0297	0.000	0.010
6.065	0.1008	0.029	0.398	0.0280	0.000	0.007
6.070	0.0355	0.044	0.423	0.0197	0.000	0.007
6.075	0.2059	0.027	0.475	0.0291	0.000	0.006
6.080	0.0508	0.029	0.321	0.0168	0.000	0.005
6.085	0.0259	0.025	0.451	0.0272	0.000	0.008
6.090	0.1084	0.027	0.253	0.0224	0.000	0.006
6.095	0.0537	0.021	0.433	0.0281	0.000	0.007
6.100	0.1201	0.029	0.428	0.0297	0.000	0.006
6.105	0.0472	0.021	0.332	0.0266	0.000	0.007
6.110	0.1909	0.027	0.465	0.0194	0.000	0.006
6.115	0.0737	0.029	0.366	0.0272	0.000	0.006
6.120	0.1641	0.025	0.351	0.0262	0.000	0.008
6.125	0.0780	0.015	0.290	0.0299	0.000	0.009
6.130	0.0902	0.027	0.375	0.0299	0.000	0.015
6.135	0.0691	0.017	0.317	0.0249	0.000	0.017
6.140	0.0347	0.023	0.355	0.0246	0.000	0.025
6.145	0.0418	0.023	0.409	0.0311	0.002	0.036
6.150	0.0274	0.025	0.233	0.0329	0.002	0.042
6.155	0.0108	0.023	0.247	0.0229	0.001	0.037
6.160	0.0125	0.027	0.278	0.0258	0.001	0.037
6.165	0.0082	0.031	0.302	0.0259	0.000	0.030
6.170	0.0146	0.023	0.270	0.0353	0.000	0.027
6.175	0.0107	0.027	0.271	0.0259	0.000	0.023
6.180	0.0099	0.025	0.384	0.0231	0.000	0.025
6.185	0.0096	0.029	0.414	0.0304	0.000	0.026
6.190	0.0075	0.025	0.455	0.0366	0.000	0.023
6.195	0.0063	0.019	0.456	0.0269	0.000	0.022
6.200	0.0078	0.021	0.353	0.0271	0.000	0.030
6.205	0.0086	0.021	0.213	0.0356	0.001	0.037
6.210	0.0029	0.027	0.271	0.0277	0.001	0.041
6.215	0.0039	0.031	0.299	0.0306	0.001	0.042
6.220	0.0036	0.017	0.207	0.0331	0.002	0.044
6.225	0.0038	0.023	0.211	0.0393	0.004	0.044
6.230	0.0051	0.021	0.140	0.0401	0.001	0.044
6.235	0.0054	0.015	0.251	0.0218	0.001	0.046
6.240	0.0059	0.010	0.217	0.0371	0.001	0.035
6.245	0.0115	0.013	0.456	0.0204	0.000	0.025
6.250	0.0101	0.015	0.396	0.0247	0.000	0.020
6.255	0.0343	0.023	0.323	0.0252	0.000	0.015
6.260	0.0266	0.019	0.403	0.0250	0.000	0.014
6.265	0.0519	0.021	0.493	0.0159	0.000	0.014
6.270	0.0826	0.023	0.432	0.0241	0.000	0.015
6.275	0.0570	0.027	0.431	0.0208	0.000	0.014
6.280	0.1227	0.017	0.456	0.0284	0.000	0.016
6.285	0.0501	0.019	0.486	0.0221	0.000	0.017
6.290	0.1252	0.019	0.471	0.0206	0.000	0.015
6.295	0.0390	0.017	0.470	0.0186	0.000	0.015
6.300	0.1020	0.023	0.483	0.0182	0.000	0.015
6.305	0.0252	0.019	0.418	0.0197	0.000	0.016
6.310	0.0940	0.021	0.440	0.0274	0.000	0.016
6.315	0.1032	0.023	0.482	0.0200	0.000	0.015
6.320	0.0781	0.023	0.532	0.0204	0.000	0.015
6.325	0.1495	0.019	0.404	0.0322	0.000	0.015
6.330	0.0718	0.027	0.353	0.0193	0.000	0.015
6.335	0.1182	0.021	0.289	0.0270	0.000	0.016
6.340	0.1032	0.017	0.507	0.0249	0.000	0.016
6.345	0.0559	0.025	0.434	0.0227	0.000	0.016
6.350	0.0933	0.023	0.306	0.0243	0.001	0.018
6.355	0.0668	0.017	0.564	0.0258	0.001	0.017
6.360	0.0335	0.015	0.609	0.0128	0.001	0.016
6.365	0.0714	0.027	0.625	0.0113	0.001	0.015
6.370	0.1158	0.015	0.595	0.0232	0.001	0.015
6.375	0.0207	0.015	0.533	0.0153	0.001	0.018
6.380	0.0815	0.015	0.440	0.0224	0.002	0.019
6.385	0.1138	0.008	0.520	0.0351	0.002	0.021
6.390	0.0275	0.013	0.439	0.0226	0.001	0.030
6.395	0.0587	0.013	0.478	0.0237	0.000	0.029
6.400	0.0497	0.017	0.467	0.0364	0.000	0.025
6.405	0.0214	0.010	0.410	0.0298	0.000	0.026
6.410	0.0307	0.008	0.422	0.0286	0.000	0.027
6.415	0.0091	0.006	0.295	0.0346	0.000	0.030
6.420	0.0282	0.010	0.452	0.0142	0.000	0.043
6.425	0.0138	0.010	0.262	0.0260	0.001	0.059
6.430	0.0131	0.013	0.213	0.0276	0.010	0.080
6.435	0.0135	0.021	0.255	0.0227	0.022	0.087
6.440	0.0084	0.037	0.293	0.0188	0.038	0.103
6.445	0.0173	0.052	0.242	0.0226	0.055	0.105
6.450	0.0185	0.052	0.279	0.0225	0.061	0.094
6.455	0.0207	0.048	0.248	0.0245	0.042	0.077
6.460	0.0220	0.054	0.345	0.0168	0.042	0.065
6.465	0.0434	0.056	0.242	0.0141	0.062	0.064
6.470	0.0510	0.054	0.207	0.0199	0.058	0.059
6.475	0.0543	0.056	0.269	0.0212	0.048	0.054
6.480	0.0276	0.056	0.218	0.0151	0.071	0.063
6.485	0.0401	0.056	0.266	0.0239	0.101	0.063
6.490	0.0201	0.058	0.387	0.0192	0.061	0.051
6.495	0.0416	0.069	0.428	0.0254	0.043	0.048
6.500	0.0527	0.050	0.304	0.0150	0.054	0.052
6.505	0.0673	0.048	0.289	0.0356	0.050	0.049
6.510	0.0354	0.060	0.304	0.0208	0.024	0.042
6.515	0.0617	0.054	0.322	0.0220	0.019	0.043
6.520	0.0459	0.048	0.209	0.0154	0.024	0.045
6.525	0.0533	0.048	0.326	0.0178	0.034	0.048
6.530	0.0375	0.054	0.214	0.0271	0.028	0.061
6.535	0.0171	0.058	0.219	0.0186	0.022	0.060
6.540	0.0240	0.052	0.149	0.0357	0.006	0.041
6.545	0.0125	0.044	0.196	0.0139	0.003	0.035
6.550	0.0070	0.033	0.163	0.0200	0.012	0.062
6.555	0.0227	0.027	0.212	0.0279	0.021	0.073
6.560	0.0110	0.040	0.420	0.0247	0.001	0.036
6.565	0.0098	0.025	0.472	0.0173	0.001	0.032
6.570	0.0252	0.015	0.362	0.0305	0.002	0.057
6.575	0.0245	0.013	0.397	0.0232	0.003	0.065
6.580	0.0127	0.015	0.436	0.0225	0.005	0.075
6.585	0.0159	0.019	0.392	0.0219	0.006	0.066
6.590	0.0111	0.021	0.469	0.0157	0.003	0.057
6.595	0.0115	0.027	0.314	0.0181	0.003	0.074
6.600	0.0249	0.021	0.087	0.0272	0.014	0.117
6.605	0.0106	0.035	0.207	0.0301	0.001	0.049
6.610	0.0091	0.033	0.250	0.0132	0.000	0.028
6.615	0.0131	0.017	0.271	0.0184	0.000	0.038
6.620	0.0410	0.027	0.284	0.0214	0.001	0.039
6.625	0.0144	0.031	0.245	0.0179	0.000	0.029
6.630	0.0361	0.031	0.299	0.0412	0.000	0.023
6.635	0.0095	0.031	0.387	0.0201	0.000	0.022
6.640	0.0347	0.006	0.445	0.0334	0.000	0.020
6.645	0.0187	0.004	0.420	0.0192	0.000	0.015
6.650	0.0187	0.019	0.505	0.0464	0.000	0.017
6.655	0.0236	0.010	0.559	0.0265	0.000	0.017
6.660	0.0150	0.013	0.334	0.0321	0.000	0.023
6.665	0.0441	0.008	0.265	0.0191	0.000	0.017
6.670	0.0238	0.015	0.304	0.0285	0.000	0.022
6.675	0.0613	0.029	0.271	0.0156	0.000	0.020
6.680	0.0306	0.025	0.303	0.0150	0.000	0.018
6.685	0.1280	0.025	0.426	0.0263	0.000	0.022
6.690	0.0598	0.023	0.223	0.0145	0.000	0.016
6.695	0.0159	0.033	0.416	0.0221	0.000	0.018
6.700	0.0814	0.023	0.264	0.0145	0.000	0.011
6.705	0.0294	0.027	0.215	0.0134	0.000	0.011
6.710	0.1265	0.037	0.429	0.0318	0.001	0.017
6.715	0.0541	0.017	0.205	0.0138	0.000	0.014
6.720	0.0240	0.029	0.418	0.0326	0.000	0.018
6.725	0.0798	0.025	0.450	0.0268	0.001	0.016
6.730	0.0459	0.013	0.270	0.0107	0.000	0.014
6.735	0.0207	0.042	0.225	0.0228	0.001	0.020
6.740	0.0474	0.033	0.244	0.0292	0.001	0.024
6.745	0.0219	0.017	0.339	0.0240	0.001	0.022
6.750	0.0472	0.013	0.331	0.0308	0.000	0.030
6.755	0.0228	0.010	0.187	0.0247	0.001	0.036
6.760	0.0181	0.010	0.268	0.0305	0.001	0.041
6.765	0.0105	0.025	0.217	0.0313	0.001	0.036
6.770	0.0082	0.025	0.286	0.0287	0.001	0.042
6.775	0.0081	0.023	0.336	0.0187	0.001	0.048
6.780	0.0125	0.017	0.364	0.0197	0.002	0.063
6.785	0.0109	0.021	0.291	0.0266	0.004	0.076
6.790	0.0055	0.033	0.294	0.0175	0.010	0.088
6.795	0.0056	0.042	0.296	0.0216	0.012	0.089
6.800	0.0046	0.027	0.290	0.0189	0.007	0.082
6.805	0.0032	0.044	0.179	0.0199	0.005	0.086
6.810	0.0032	0.037	0.076	0.0582	0.002	0.068
6.815	0.0023	0.035	0.090	0.0276	0.001	0.038
6.820	0.0046	0.017	0.171	0.0092	0.000	0.026
6.825	0.0083	0.019	0.397	0.0202	0.000	0.026
6.830	0.0301	0.017	0.236	0.0248	0.000	0.018
6.835	0.0113	0.015	0.392	0.0274	0.000	0.019
6.840	0.0438	0.004	0.459	0.0321	0.000	0.027
6.845	0.0075	0.019	0.196	0.0229	0.000	0.023
6.850	0.0106	0.006	0.405	0.0431	0.000	0.033
6.855	0.0165	0.010	0.205	0.0318	0.000	0.026
6.860	0.0054	0.008	0.428	0.0259	0.000	0.032
6.865	0.0227	0.004	0.440	0.0518	0.000	0.032
6.870	0.0072	0.006	0.288	0.0455	0.000	0.023
6.875	0.0150	0.008	0.394	0.0374	0.000	0.031
6.880	0.0174	0.010	0.259	0.0538	0.000	0.030
6.885	0.0048	0.004	0.363	0.0267	0.000	0.032
6.890	0.0145	0.004	0.394	0.0335	0.000	0.030
6.895	0.0061	0.002	0.208	0.0666	0.000	0.026
6.900	0.0130	0.004	0.397	0.0544	0.000	0.032
6.905	0.0105	0.002	0.320	0.0541	0.000	0.033
6.910	0.0056	0.010	0.364	0.0229	0.000	0.035
6.915	0.0112	0.002	0.383	0.0397	0.000	0.037
6.920	0.0075	0.004	0.409	0.0386	0.000	0.040
6.925	0.0062	0.006	0.404	0.0478	0.000	0.041
6.930	0.0034	0.004	0.212	0.0476	0.000	0.033
6.935	0.0068	0.004	0.221	0.0466	0.000	0.021
6.940	0.0059	0.006	0.316	0.0214	0.000	0.018
6.945	0.0107	0.010	0.251	0.0413	0.000	0.015
6.950	0.0085	0.010	0.356	0.0194	0.000	0.010
6.955	0.0066	0.013	0.345	0.0254	0.000	0.012
6.960	0.0335	0.015	0.257	0.0267	0.000	0.009
6.965	0.0102	0.013	0.265	0.0212	0.000	0.010
6.970	0.0797	0.029	0.452	0.0277	0.000	0.013
6.975	0.0289	0.019	0.255	0.0185	0.000	0.011
6.980	0.0155	0.015	0.423	0.0337	0.000	0.018
6.985	0.0444	0.023	0.292	0.0301	0.000	0.013
6.990	0.0167	0.025	0.292	0.0203	0.000	0.013
6.995	0.0800	0.027	0.459	0.0343	0.000	0.018
7.000	0.0452	0.021	0.253	0.0192	0.000	0.011
7.005	0.0114	0.021	0.277	0.0201	0.000	0.013
7.010	0.0635	0.029	0.391	0.0278	0.000	0.012
7.015	0.0228	0.023	0.315	0.0188	0.000	0.009
7.020	0.0077	0.027	0.364	0.0253	0.000	0.016
7.025	0.0546	0.029	0.302	0.0231	0.000	0.013
7.030	0.0178	0.025	0.186	0.0153	0.000	0.012
7.035	0.0667	0.025	0.185	0.0207	0.000	0.026
7.040	0.0250	0.017	0.181	0.0430	0.001	0.035
7.045	0.0052	0.023	0.220	0.0204	0.000	0.028
7.050	0.0147	0.013	0.215	0.0453	0.002	0.055
7.055	0.0125	0.017	0.240	0.0652	0.004	0.070
7.060	0.0088	0.019	0.352	0.0151	0.008	0.089
7.065	0.0103	0.013	0.472	0.0178	0.034	0.113
7.070	0.0097	0.031	0.227	0.0210	0.145	0.125
7.075	0.0047	0.044	0.228	0.0116	0.279	0.139
7.080	0.0088	0.052	0.211	0.0161	0.594	0.151
7.085	0.0068	0.100	0.168	0.0150	0.816	0.146
7.090	0.0045	0.165	0.145	0.0129	0.948	0.121
7.095	0.0078	0.154	0.166	0.0171	0.966	0.114
7.100	0.0135	0.144	0.262	0.0165	0.986	0.087
7.105	0.0153	0.148	0.188	0.0144	0.992	0.080
7.110	0.0263	0.127	0.182	0.0159	0.995	0.067
7.115	0.0299	0.140	0.205	0.0132	0.995	0.065
7.120	0.0475	0.133	0.191	0.0165	0.995	0.066
7.125	0.0336	0.135	0.223	0.0202	0.994	0.059
7.130	0.0302	0.144	0.231	0.0156	0.990	0.058
7.135	0.0382	0.140	0.190	0.0142	0.986	0.056
7.140	0.0526	0.129	0.109	0.0189	0.983	0.075
7.145	0.0360	0.156	0.182	0.0132	0.986	0.075
7.150	0.0281	0.140	0.175	0.0152	0.980	0.089
7.155	0.0290	0.144	0.191	0.0151	0.973	0.092
7.160	0.0219	0.152	0.208	0.0153	0.978	0.096
7.165	0.0213	0.133	0.221	0.0150	0.983	0.094
7.170	0.0211	0.154	0.181	0.0131	0.976	0.095
7.175	0.0259	0.140	0.190	0.0128	0.959	0.105
7.180	0.0300	0.148	0.220	0.0124	0.916	0.117
7.185	0.0164	0.167	0.124	0.0114	0.898	0.124
7.190	0.0151	0.154	0.124	0.0135	0.824	0.142
7.195	0.0109	0.160	0.121	0.0127	0.740	0.147
7.200	0.0107	0.152	0.173	0.0113	0.635	0.177
7.205	0.0101	0.133	0.139	0.0140	0.618	0.191
7.210	0.0046	0.119	0.166	0.0139	0.682	0.184
7.215	0.0028	0.127	0.140	0.0142	0.791	0.200
7.220	0.0023	0.119	0.153	0.0151	0.860	0.184
7.225	0.0023	0.117	0.204	0.0134	0.889	0.185
7.230	0.0017	0.129	0.173	0.0152	0.924	0.177
7.235	0.0021	0.121	0.197	0.0148	0.930	0.176
7.240	0.0015	0.138	0.209	0.0126	0.923	0.188
7.245	0.0015	0.129	0.168	0.0151	0.934	0.191
7.250	0.0011	0.123	0.142	0.0160	0.964	0.213
7.255	0.0010	0.127	0.207	0.0159	0.971	0.225
7.260	0.0011	0.123	0.175	0.0174	0.963	0.252
7.265	0.0009	0.131	0.152	0.0154	0.938	0.267
7.270	0.0006	0.131	0.166	0.0125	0.880	0.285
7.275	0.0007	0.121	0.142	0.0141	0.889	0.290
7.280	0.0006	0.125	0.210	0.0167	0.940	0.311
7.285	0.0005	0.127	0.235	0.0151	0.930	0.303
7.290	0.0005	0.115	0.252	0.0144	0.896	0.331
7.295	0.0005	0.121	0.203	0.0155	0.877	0.314
7.300	0.0004	0.123	0.188	0.0108	0.825	0.344
7.305	0.0005	0.119	0.216	0.0148	0.766	0.370
7.310	0.0003	0.108	0.222	0.0126	0.630	0.362
7.315	0.0003	0.106	0.214	0.0128	0.727	0.368
7.320	0.0003	0.090	0.172	0.0127	0.745	0.392
7.325	0.0003	0.115	0.260	0.0135	0.664	0.405
7.330	0.0002	0.104	0.233	0.0146	0.519	0.377
7.335	0.0002	0.085	0.220	0.0121	0.488	0.397
7.340	0.0002	0.081	0.170	0.0130	0.662	0.417
7.345	0.0002	0.104	0.192	0.0158	0.620	0.422
7.350	0.0002	0.094	0.252	0.0186	0.318	0.420
7.355	0.0001	0.102	0.301	0.0130	0.301	0.424
7.360	0.0002	0.052	0.272	0.0158	0.505	0.416
7.365	0.0002	0.081	0.213	0.0132	0.423	0.374
7.370	0.0002	0.092	0.248	0.0165	0.324	0.411
7.375	0.0002	0.079	0.239	0.0167	0.218	0.429
7.380	0.0001	0.054	0.270	0.0220	0.179	0.417
7.385	0.0001	0.075	0.283	0.0209	0.106	0.409
7.390	0.0002	0.019	0.276	0.0144	0.085	0.407
7.395	0.0002	0.042	0.347	0.0250	0.067	0.390
7.400	0.0001	0.042	0.338	0.0155	0.040	0.376
7.405	0.0001	0.029	0.189	0.0165	0.059	0.412
7.410	0.0001	0.058	0.219	0.0270	0.027	0.365
7.415	0.0001	0.046	0.320	0.0164	0.023	0.391
7.420	0.0002	0.019	0.198	0.0214	0.038	0.445
7.425	0.0001	0.025	0.237	0.0270	0.033	0.425
7.430	0.0001	0.015	0.274	0.0136	0.020	0.396
7.435	0.0001	0.025	0.168	0.0287	0.028	0.405
7.440	0.0002	0.021	0.160	0.0162	0.020	0.393
7.445	0.0001	0.033	0.181	0.0185	0.022	0.399
7.450	0.0001	0.033	0.291	0.0307	0.012	0.356
7.455	0.0001	0.031	0.398	0.0119	0.012	0.354
7.460	0.0002	0.017	0.232	0.0309	0.029	0.410
7.465	0.0001	0.037	0.137	0.0196	0.034	0.429
7.470	0.0001	0.029	0.200	0.0269	0.028	0.409
7.475	0.0001	0.035	0.243	0.0200	0.027	0.445
7.480	0.0001	0.017	0.229	0.0200	0.028	0.446
7.485	0.0001	0.019	0.291	0.0275	0.019	0.406
7.490	0.0001	0.035	0.350	0.0144	0.010	0.350
7.495	0.0002	0.025	0.266	0.0135	0.014	0.379
7.500	0.0002	0.004	0.285	0.0437	0.012	0.352
7.505	0.0001	0.021	0.467	0.0251	0.007	0.333
7.510	0.0002	0.023	0.531	0.0248	0.008	0.371
7.515	0.0001	0.017	0.297	0.0147	0.011	0.388
7.520	0.0003	0.008	0.309	0.0218	0.011	0.369
7.525	0.0001	0.027	0.430	0.0168	0.011	0.369
7.530	0.0002	0.008	0.483	0.0271	0.010	0.358
7.535	0.0001	0.013	0.486	0.0230	0.012	0.370
7.540	0.0002	0.013	0.335	0.0231	0.015	0.395
7.545	0.0001	0.029	0.330	0.0327	0.011	0.372
7.550	0.0002	0.004	0.305	0.0180	0.012	0.369
7.555	0.0001	0.010	0.179	0.0144	0.018	0.393
7.560	0.0001	0.033	0.117	0.0339	0.029	0.431
7.565	0.0001	0.044	0.270	0.0291	0.025	0.434
7.570	0.0001	0.044	0.370	0.0209	0.015	0.393
7.575	0.0001	0.015	0.387	0.0169	0.013	0.366
7.580	0.0001	0.013	0.312	0.0119	0.019	0.395
7.585	0.0001	0.025	0.299	0.0194	0.032	0.462
7.590	0.0001	0.056	0.490	0.0172	0.020	0.429
7.595	0.0001	0.025	0.528	0.0257	0.012	0.401
7.600	0.0001	0.021	0.549	0.0159	0.010	0.380
7.605	0.0002	0.004	0.603	0.0163	0.009	0.361
7.610	0.0002	0.021	0.554	0.0182	0.009	0.366
7.615	0.0002	0.006	0.382	0.0183	0.012	0.385
7.620	0.0002	0.021	0.337	0.0251	0.021	0.413
7.625	0.0001	0.023	0.339	0.0316	0.016	0.400
7.630	0.0001	0.031	0.436	0.0242	0.006	0.319
7.635	0.0001	0.025	0.521	0.0160	0.004	0.294
7.640	0.0003	0.002	0.546	0.0164	0.005	0.325
7.645	0.0003	0.004	0.573	0.0163	0.006	0.316
7.650	0.0002	0.008	0.370	0.0184	0.010	0.346
7.655	0.0002	0.004	0.198	0.0208	0.015	0.386
7.660	0.0001	0.031	0.150	0.0347	0.016	0.370
7.665	0.0001	0.029	0.342	0.0371	0.008	0.336
7.670	0.0001	0.029	0.562	0.0155	0.005	0.330
7.675	0.0002	0.013	0.562	0.0218	0.006	0.349
7.680	0.0002	0.004	0.284	0.0221	0.012	0.341
7.685	0.0002	0.019	0.278	0.0194	0.013	0.356
7.690	0.0001	0.010	0.170	0.0186	0.011	0.372
7.695	0.0002	0.015	0.263	0.0255	0.015	0.399
7.700	0.0002	0.037	0.512	0.0248	0.009	0.372
7.705	0.0001	0.021	0.545	0.0285	0.006	0.325
7.710	0.0002	0.010	0.582	0.0160	0.006	0.321
7.715	0.0002	0.013	0.518	0.0109	0.009	0.352
7.720	0.0001	0.017	0.450	0.0214	0.008	0.336
7.725	0.0001	0.021	0.488	0.0144	0.011	0.355
7.730	0.0002	0.017	0.422	0.0210	0.013	0.384
7.735	0.0002	0.021	0.444	0.0285	0.009	0.352
7.740	0.0001	0.006	0.226	0.0188	0.008	0.343
7.745	0.0002	0.021	0.272	0.0197	0.014	0.363
7.750	0.0002	0.031	0.244	0.0259	0.016	0.384
7.755	0.0001	0.015	0.287	0.0302	0.011	0.354
7.760	0.0001	0.031	0.210	0.0175	0.011	0.365
7.765	0.0002	0.004	0.251	0.0181	0.017	0.371
7.770	0.0001	0.027	0.228	0.0259	0.016	0.377
7.775	0.0001	0.025	0.335	0.0159	0.015	0.377
7.780	0.0001	0.025	0.308	0.0228	0.020	0.384
7.785	0.0001	0.023	0.323	0.0363	0.012	0.354
7.790	0.0001	0.031	0.476	0.0129	0.010	0.361
7.795	0.0002	0.008	0.500	0.0147	0.012	0.364
7.800	0.0001	0.035	0.440	0.0121	0.012	0.374
7.805	0.0002	0.021	0.453	0.0273	0.010	0.366
7.810	0.0001	0.013	0.310	0.0187	0.009	0.356
7.815	0.0001	0.008	0.333	0.0263	0.010	0.355
7.820	0.0001	0.052	0.585	0.0259	0.003	0.300
7.825	0.0001	0.010	0.568	0.0115	0.004	0.323
7.830	0.0004	0.002	0.378	0.0445	0.008	0.370
7.835	0.0002	0.013	0.323	0.0289	0.009	0.363
7.840	0.0002	0.008	0.318	0.0194	0.012	0.390
7.845	0.0001	0.033	0.340	0.0191	0.013	0.372
7.850	0.0001	0.019	0.404	0.0298	0.008	0.353
7.855	0.0002	0.017	0.585	0.0203	0.004	0.303
7.860	0.0002	0.017	0.464	0.0259	0.006	0.320
7.865	0.0003	0.008	0.268	0.0231	0.012	0.355
7.870	0.0003	0.008	0.334	0.0365	0.013	0.360
7.875	0.0001	0.029	0.259	0.0149	0.014	0.392
7.880	0.0002	0.010	0.337	0.0488	0.019	0.406
7.885	0.0001	0.029	0.296	0.0223	0.015	0.378
7.890	0.0001	0.025	0.437	0.0282	0.006	0.327
7.895	0.0001	0.019	0.453	0.0158	0.007	0.335
7.900	0.0002	0.004	0.469	0.0193	0.014	0.371
7.905	0.0001	0.023	0.369	0.0179	0.012	0.355
7.910	0.0001	0.015	0.425	0.0212	0.009	0.327
7.915	0.0001	0.021	0.484	0.0240	0.008	0.331
7.920	0.0002	0.025	0.501	0.0193	0.006	0.338
7.925	0.0002	0.015	0.393	0.0162	0.008	0.349
7.930	0.0002	0.013	0.297	0.0344	0.012	0.358
7.935	0.0001	0.015	0.290	0.0349	0.007	0.335
7.940	0.0001	0.023	0.459	0.0115	0.013	0.380
7.945	0.0002	0.010	0.369	0.0287	0.029	0.416
7.950	0.0002	0.033	0.334	0.0220	0.047	0.445
7.955	0.0001	0.029	0.240	0.0172	0.054	0.433
7.960	0.0001	0.029	0.428	0.0258	0.015	0.366
7.965	0.0001	0.054	0.432	0.0151	0.013	0.356
7.970	0.0003	0.002	0.311	0.0382	0.017	0.376
7.975	0.0001	0.017	0.393	0.0267	0.013	0.346
7.980	0.0002	0.025	0.254	0.0243	0.013	0.354
7.985	0.0001	0.027	0.385	0.0202	0.013	0.373
7.990	0.0002	0.015	0.582	0.0220	0.011	0.342
7.995	0.0002	0.013	0.611	0.0220	0.007	0.323
8.000	0.0003	0.006	0.607	0.0190	0.004	0.303
8.005	0.0003	0.004	0.651	0.0261	0.004	0.289
8.010	0.0003	0.008	0.575	0.0184	0.004	0.292
8.015	0.0004	0.008	0.517	0.0202	0.004	0.291
8.020	0.0003	0.013	0.638	0.0170	0.003	0.276
8.025	0.0004	0.002	0.546	0.0285	0.004	0.288
8.030	0.0002	0.008	0.592	0.0229	0.003	0.291
8.035	0.0002	0.025	0.628	0.0217	0.003	0.274
8.040	0.0003	0.004	0.514	0.0195	0.004	0.308
8.045	0.0005	0.002	0.493	0.0192	0.004	0.307
8.050	0.0003	0.025	0.481	0.0248	0.004	0.302
8.055	0.0003	0.004	0.525	0.0199	0.005	0.332
8.060	0.0003	0.008	0.536	0.0143	0.007	0.352
8.065	0.0002	0.004	0.577	0.0267	0.009	0.352
8.070	0.0002	0.002	0.474	0.0162	0.012	0.369
8.075	0.0002	0.021	0.406	0.0177	0.014	0.365
8.080	0.0001	0.021	0.345	0.0281	0.015	0.376
8.085	0.0001	0.042	0.376	0.0390	0.011	0.359
8.090	0.0002	0.010	0.482	0.0227	0.010	0.375
8.095	0.0002	0.019	0.040	0.0172	0.016	0.396
8.100	0.0002	0.015	0.215	0.0090	0.205	0.270
8.105	0.0002	0.013	0.201	0.0149	0.174	0.240
8.110	0.0004	0.044	0.224	0.0239	0.085	0.167
8.115	0.0028	0.056	0.194	0.0193	0.067	0.131
8.120	0.0075	0.048	0.203	0.0185	0.066	0.123
8.125	0.0141	0.040	0.311	0.0336	0.039	0.114
8.130	0.0161	0.042	0.344	0.0202	0.009	0.087
8.135	0.0244	0.031	0.495	0.0329	0.006	0.078
8.140	0.0194	0.029	0.419	0.0329	0.002	0.067
8.145	0.0123	0.025	0.261	0.0593	0.002	0.067
8.150	0.0145	0.029	0.142	0.0529	0.000	0.037
8.155	0.0072	0.027	0.172	0.0206	0.000	0.020
8.160	0.0230	0.004	0.440	0.0205	0.000	0.017
8.165	0.1082	0.015	0.475	0.0434	0.000	0.014
8.170	0.0390	0.023	0.420	0.0323	0.000	0.012
8.175	0.1052	0.010	0.458	0.0489	0.000	0.011
8.180	0.0293	0.015	0.438	0.0167	0.000	0.009
8.185	0.1088	0.006	0.455	0.0327	0.000	0.011
8.190	0.0413	0.017	0.311	0.0185	0.000	0.010
8.195	0.0278	0.013	0.387	0.0500	0.000	0.012
8.200	0.0609	0.015	0.306	0.0264	0.000	0.008
8.205	0.0123	0.019	0.327	0.0349	0.000	0.011
8.210	0.0625	0.008	0.330	0.0483	0.000	0.011
8.215	0.0161	0.008	0.344	0.0205	0.000	0.012
8.220	0.0592	0.017	0.416	0.0648	0.000	0.017
8.225	0.0292	0.008	0.453	0.0328	0.000	0.013
8.230	0.0127	0.021	0.400	0.0332	0.000	0.015
8.235	0.0386	0.015	0.399	0.0286	0.000	0.013
8.240	0.0149	0.013	0.242	0.0277	0.000	0.012
8.245	0.0432	0.013	0.424	0.0432	0.000	0.015
8.250	0.0284	0.021	0.237	0.0245	0.000	0.010
8.255	0.0070	0.019	0.415	0.0242	0.000	0.013
8.260	0.0469	0.010	0.313	0.0453	0.000	0.011
8.265	0.0096	0.023	0.288	0.0191	0.000	0.010
8.270	0.0334	0.021	0.438	0.0407	0.000	0.019
8.275	0.0213	0.021	0.262	0.0259	0.000	0.013
8.280	0.0060	0.019	0.400	0.0252	0.000	0.019
8.285	0.0524	0.021	0.413	0.0441	0.000	0.023
8.290	0.0230	0.017	0.372	0.0272	0.000	0.017
8.295	0.0141	0.015	0.394	0.0389	0.000	0.026
8.300	0.0096	0.013	0.305	0.0342	0.000	0.026
8.305	0.0110	0.019	0.250	0.0267	0.000	0.031
8.310	0.0250	0.015	0.391	0.0563	0.003	0.072
8.315	0.0136	0.015	0.276	0.0463	0.001	0.057
8.320	0.0050	0.019	0.398	0.0124	0.006	0.071
8.325	0.0229	0.015	0.373	0.0347	0.017	0.089
8.330	0.0091	0.021	0.362	0.0280	0.036	0.118
8.335	0.0072	0.015	0.266	0.0256	0.050	0.115
8.340	0.0047	0.019	0.269	0.0185	0.064	0.133
8.345	0.0067	0.029	0.237	0.0259	0.059	0.147
8.350	0.0028	0.033	0.355	0.0099	0.101	0.169
8.355	0.0043	0.040	0.358	0.0198	0.126	0.171
8.360	0.0031	0.050	0.394	0.0193	0.259	0.190
8.365	0.0025	0.083	0.225	0.0113	0.376	0.205
8.370	0.0021	0.108	0.173	0.0139	0.486	0.234
8.375	0.0016	0.125	0.169	0.0174	0.627	0.248
8.380	0.0012	0.135	0.330	0.0274	0.222	0.168
8.385	0.0010	0.173	0.325	0.0081	0.149	0.121
8.390	0.0016	0.127	0.301	0.0108	0.201	0.141
8.395	0.0122	0.056	0.241	0.0174	0.488	0.170
8.400	0.0026	0.167	0.168	0.0118	0.407	0.169
8.405	0.0031	0.119	0.173	0.0141	0.677	0.162
8.410	0.0035	0.160	0.201	0.0135	0.717	0.147
8.415	0.0039	0.183	0.193	0.0138	0.623	0.141
8.420	0.0040	0.142	0.197	0.0232	0.441	0.115
8.425	0.0033	0.158	0.492	0.0349	0.114	0.087
8.430	0.0038	0.104	0.445	0.0127	0.029	0.065
8.435	0.0095	0.040	0.253	0.0250	0.045	0.070
8.440	0.0226	0.042	0.379	0.0190	0.018	0.049
8.445	0.0050	0.071	0.458	0.0089	0.017	0.047
8.450	0.0411	0.029	0.287	0.0207	0.106	0.083
8.455	0.0134	0.056	0.424	0.0529	0.031	0.074
8.460	0.0035	0.075	0.499	0.0131	0.008	0.068
8.465	0.0104	0.025	0.433	0.0234	0.011	0.085
8.470	0.0141	0.031	0.447	0.0323	0.009	0.102
8.475	0.0077	0.031	0.573	0.0249	0.008	0.108
8.480	0.0109	0.021	0.246	0.0491	0.008	0.102
8.485	0.0062	0.025	0.267	0.0513	0.004	0.061
8.490	0.0057	0.021	0.291	0.0405	0.001	0.033
8.495	0.0052	0.010	0.348	0.0259	0.000	0.020
8.500	0.0207	0.017	0.455	0.0264	0.000	0.020
8.505	0.1015	0.008	0.489	0.0443	0.000	0.018
8.510	0.0315	0.008	0.455	0.0285	0.000	0.012
8.515	0.0873	0.006	0.485	0.0358	0.000	0.014
8.520	0.0469	0.008	0.430	0.0252	0.000	0.012
8.525	0.0271	0.010	0.465	0.0309	0.000	0.014
8.530	0.0382	0.008	0.406	0.0279	0.000	0.011
8.535	0.0148	0.010	0.430	0.0342	0.000	0.014
8.540	0.0490	0.008	0.409	0.0378	0.000	0.013
8.545	0.0141	0.008	0.426	0.0244	0.000	0.015
8.550	0.0504	0.006	0.485	0.0417	0.000	0.022
8.555	0.0239	0.008	0.428	0.0187	0.000	0.026
8.560	0.0615	0.006	0.524	0.0455	0.000	0.031
8.565	0.0308	0.006	0.416	0.0283	0.000	0.024
8.570	0.0455	0.010	0.532	0.0408	0.000	0.025
8.575	0.0265	0.006	0.458	0.0485	0.000	0.021
8.580	0.0094	0.010	0.579	0.0454	0.000	0.027
8.585	0.0280	0.010	0.522	0.0239	0.000	0.028
8.590	0.0220	0.015	0.548	0.0374	0.000	0.031
8.595	0.0248	0.008	0.472	0.0344	0.000	0.036
8.600	0.0159	0.017	0.509	0.0352	0.000	0.033
8.605	0.0139	0.006	0.324	0.0267	0.000	0.025
8.610	0.0117	0.008	0.422	0.0566	0.000	0.018
8.615	0.0105	0.006	0.405	0.0260	0.000	0.015
8.620	0.0372	0.013	0.388	0.0232	0.000	0.025
8.625	0.0330	0.015	0.294	0.0568	0.000	0.038
8.630	0.0098	0.010	0.260	0.0225	0.000	0.036
8.635	0.0101	0.006	0.276	0.0415	0.000	0.025
8.640	0.0115	0.008	0.315	0.0195	0.000	0.016
8.645	0.0077	0.006	0.343	0.0282	0.000	0.019
8.650	0.0262	0.013	0.263	0.0556	0.000	0.043
8.655	0.0078	0.010	0.279	0.0393	0.001	0.043
8.660	0.0043	0.015	0.426	0.0545	0.000	0.035
8.665	0.0084	0.008	0.426	0.0468	0.000	0.022
8.670	0.0069	0.010	0.393	0.0223	0.000	0.018
8.675	0.0249	0.015	0.370	0.0360	0.000	0.027
8.680	0.0194	0.017	0.193	0.0511	0.001	0.051
8.685	0.0053	0.008	0.317	0.0337	0.001	0.052
8.690	0.0056	0.013	0.296	0.0334	0.000	0.034
8.695	0.0063	0.010	0.276	0.0180	0.000	0.031
8.700	0.0077	0.015	0.251	0.0461	0.001	0.058
8.705	0.0071	0.019	0.281	0.0452	0.001	0.059
8.710	0.0056	0.006	0.283	0.0359	0.000	0.053
8.715	0.0060	0.010	0.230	0.0361	0.000	0.056
8.720	0.0052	0.008	0.217	0.0367	0.000	0.058
8.725	0.0055	0.010	0.235	0.0380	0.001	0.061
8.730	0.0045	0.008	0.290	0.0338	0.001	0.074
8.735	0.0017	0.015	0.348	0.0382	0.002	0.074
8.740	0.0038	0.015	0.398	0.0451	0.003	0.096
8.745	0.0024	0.015	0.532	0.0172	0.005	0.106
8.750	0.0021	0.021	0.518	0.0262	0.011	0.127
8.755	0.0013	0.021	0.550	0.0282	0.012	0.130
8.760	0.0021	0.015	0.510	0.0186	0.016	0.147
8.765	0.0009	0.021	0.464	0.0265	0.017	0.155
8.770	0.0009	0.023	0.544	0.0190	0.012	0.138
8.775	0.0010	0.013	0.535	0.0259	0.016	0.159
8.780	0.0008	0.025	0.662	0.0169	0.005	0.186
8.785	0.0011	0.015	0.604	0.0223	0.005	0.192
8.790	0.0005	0.017	0.579	0.0221	0.007	0.237
8.795	0.0006	0.015	0.434	0.0247	0.007	0.282
8.800	0.0004	0.015	0.308	0.0242	0.008	0.272
8.805	0.0002	0.013	0.346	0.0346	0.008	0.298
8.810	0.0003	0.015	0.377	0.0154	0.006	0.296
8.815	0.0002	0.013	0.314	0.0223	0.010	0.338
8.820	0.0003	0.010	0.213	0.0173	0.021	0.387
8.825	0.0001	0.021	0.206	0.0269	0.021	0.386
8.830	0.0002	0.008	0.377	0.0255	0.012	0.367
8.835	0.0001	0.017	0.458	0.0265	0.009	0.337
8.840	0.0002	0.021	0.374	0.0229	0.010	0.349
8.845	0.0002	0.021	0.315	0.0237	0.011	0.352
8.850	0.0002	0.019	0.455	0.0137	0.013	0.349
8.855	0.0002	0.029	0.451	0.0169	0.022	0.378
8.860	0.0002	0.017	0.217	0.0236	0.032	0.399
8.865	0.0002	0.008	0.217	0.0194	0.022	0.350
8.870	0.0001	0.035	0.258	0.0238	0.033	0.367
8.875	0.0001	0.040	0.224	0.0162	0.031	0.352
8.880	0.0002	0.035	0.247	0.0339	0.019	0.294
8.885	0.0002	0.027	0.349	0.0158	0.013	0.278
8.890	0.0002	0.023	0.360	0.0341	0.019	0.282
8.895	0.0003	0.019	0.293	0.0298	0.011	0.240
8.900	0.0002	0.021	0.352	0.0180	0.014	0.241
8.905	0.0006	0.025	0.317	0.0216	0.032	0.255
8.910	0.0003	0.019	0.402	0.0253	0.018	0.215
8.915	0.0003	0.031	0.294	0.0149	0.022	0.221
8.920	0.0007	0.027	0.249	0.0383	0.032	0.229
8.925	0.0003	0.037	0.365	0.0186	0.032	0.220
8.930	0.0003	0.033	0.394	0.0248	0.038	0.204
8.935	0.0006	0.037	0.343	0.0204	0.032	0.197
8.940	0.0006	0.027	0.438	0.0216	0.031	0.213
8.945	0.0004	0.029	0.410	0.0127	0.042	0.196
8.950	0.0008	0.033	0.245	0.0255	0.035	0.222
8.955	0.0012	0.023	0.245	0.0261	0.014	0.227
8.960	0.0005	0.025	0.238	0.0294	0.011	0.222
8.965	0.0005	0.025	0.407	0.0200	0.011	0.240
8.970	0.0007	0.023	0.503	0.0236	0.008	0.252
8.975	0.0004	0.027	0.456	0.0142	0.012	0.279
8.980	0.0004	0.027	0.285	0.0195	0.020	0.293
8.985	0.0002	0.050	0.285	0.0219	0.016	0.273
8.990	0.0003	0.029	0.416	0.0254	0.008	0.243
8.995	0.0003	0.035	0.512	0.0157	0.006	0.239
9.000	0.0005	0.027	0.432	0.0185	0.005	0.234
9.005	0.0004	0.025	0.435	0.0162	0.006	0.224
9.010	0.0004	0.027	0.432	0.0212	0.005	0.221
9.015	0.0003	0.025	0.382	0.0143	0.006	0.232
9.020	0.0005	0.040	0.322	0.0362	0.010	0.246
9.025	0.0003	0.035	0.329	0.0206	0.007	0.221
9.030	0.0003	0.029	0.361	0.0200	0.006	0.222
9.035	0.0004	0.033	0.324	0.0170	0.009	0.249
9.040	0.0004	0.040	0.254	0.0233	0.010	0.253
9.045	0.0002	0.031	0.348	0.0188	0.011	0.255
9.050	0.0002	0.037	0.439	0.0157	0.012	0.247
9.055	0.0002	0.033	0.355	0.0179	0.013	0.266
9.060	0.0004	0.029	0.300	0.0162	0.017	0.268
9.065	0.0002	0.029	0.224	0.0137	0.021	0.275
9.070	0.0003	0.029	0.259	0.0288	0.014	0.272
9.075	0.0001	0.046	0.345	0.0186	0.011	0.254
9.080	0.0003	0.025	0.468	0.0208	0.011	0.246
9.085	0.0003	0.031	0.429	0.0160	0.010	0.246
9.090	0.0004	0.023	0.300	0.0252	0.020	0.282
9.095	0.0002	0.027	0.193	0.0182	0.022	0.296
9.100	0.0002	0.046	0.276	0.0224	0.012	0.252
9.105	0.0003	0.021	0.314	0.0205	0.012	0.257
9.110	0.0004	0.029	0.362	0.0165	0.009	0.255
9.115	0.0003	0.023	0.249	0.0266	0.008	0.247
9.120	0.0003	0.031	0.307	0.0189	0.007	0.242
9.125	0.0003	0.031	0.388	0.0237	0.006	0.240
9.130	0.0003	0.019	0.402	0.0180	0.006	0.264
9.135	0.0004	0.027	0.349	0.0169	0.008	0.278
9.140	0.0004	0.019	0.411	0.0188	0.013	0.299
9.145	0.0002	0.035	0.364	0.0176	0.017	0.323
9.150	0.0002	0.027	0.347	0.0221	0.013	0.314
9.155	0.0002	0.023	0.367	0.0168	0.013	0.316
9.160	0.0002	0.029	0.461	0.0178	0.014	0.299
9.165	0.0002	0.017	0.494	0.0145	0.012	0.286
9.170	0.0002	0.017	0.301	0.0255	0.007	0.264
9.175	0.0002	0.025	0.227	0.0184	0.006	0.262
9.180	0.0003	0.017	0.272	0.0380	0.007	0.284
9.185	0.0002	0.023	0.201	0.0220	0.006	0.269
9.190	0.0002	0.013	0.118	0.0211	0.007	0.274
9.195	0.0002	0.021	0.213	0.0419	0.008	0.302
9.200	0.0002	0.025	0.244	0.0176	0.008	0.315
9.205	0.0003	0.010	0.182	0.0221	0.012	0.312
9.210	0.0002	0.010	0.185	0.0262	0.012	0.314
9.215	0.0001	0.044	0.218	0.0172	0.017	0.342
9.220	0.0001	0.027	0.236	0.0165	0.029	0.382
9.225	0.0001	0.029	0.154	0.0189	0.030	0.397
9.230	0.0001	0.031	0.270	0.0331	0.015	0.367
9.235	0.0001	0.060	0.259	0.0151	0.012	0.359
9.240	0.0002	0.017	0.183	0.0179	0.017	0.370
9.245	0.0002	0.027	0.186	0.0202	0.023	0.364
9.250	0.0001	0.027	0.208	0.0222	0.020	0.385
9.255	0.0002	0.023	0.318	0.0233	0.020	0.367
9.260	0.0001	0.029	0.303	0.0163	0.013	0.341
9.265	0.0002	0.025	0.298	0.0201	0.014	0.346
9.270	0.0001	0.033	0.197	0.0285	0.019	0.366
9.275	0.0001	0.027	0.249	0.0253	0.015	0.374
9.280	0.0001	0.029	0.247	0.0304	0.011	0.342
9.285	0.0001	0.033	0.366	0.0194	0.011	0.364
9.290	0.0002	0.042	0.483	0.0187	0.012	0.381
9.295	0.0002	0.027	0.412	0.0176	0.011	0.354
9.300	0.0001	0.027	0.479	0.0234	0.006	0.308
9.305	0.0001	0.019	0.502	0.0207	0.005	0.297
9.310	0.0002	0.025	0.413	0.0121	0.008	0.312
9.315	0.0003	0.008	0.399	0.0261	0.009	0.337
9.320	0.0002	0.008	0.508	0.0205	0.007	0.324
9.325	0.0002	0.025	0.555	0.0153	0.005	0.310
9.330	0.0002	0.006	0.566	0.0198	0.004	0.306
9.335	0.0002	0.013	0.551	0.0136	0.006	0.314
9.340	0.0002	0.021	0.509	0.0197	0.014	0.398
9.345	0.0002	0.019	0.450	0.0182	0.021	0.412
9.350	0.0002	0.023	0.443	0.0261	0.016	0.395
9.355	0.0002	0.006	0.371	0.0195	0.021	0.409
9.360	0.0001	0.021	0.325	0.0187	0.024	0.412
9.365	0.0001	0.027	0.196	0.0194	0.030	0.434
9.370	0.0001	0.031	0.215	0.0166	0.033	0.426
9.375	0.0001	0.040	0.123	0.0317	0.024	0.398
9.380	0.0001	0.033	0.400	0.0253	0.012	0.373
9.385	0.0001	0.031	0.329	0.0156	0.010	0.359
9.390	0.0002	0.023	0.255	0.0195	0.015	0.380
9.395	0.0002	0.015	0.262	0.0231	0.016	0.380
9.400	0.0001	0.035	0.222	0.0201	0.017	0.376
9.405	0.0001	0.023	0.287	0.0222	0.025	0.404
9.410	0.0001	0.037	0.351	0.0178	0.019	0.384
9.415	0.0001	0.021	0.359	0.0280	0.013	0.349
9.420	0.0001	0.027	0.322	0.0141	0.011	0.369
9.425	0.0002	0.008	0.421	0.0270	0.010	0.343
9.430	0.0001	0.013	0.340	0.0285	0.010	0.343
9.435	0.0002	0.017	0.339	0.0174	0.009	0.346
9.440	0.0002	0.006	0.461	0.0328	0.008	0.344
9.445	0.0002	0.017	0.508	0.0274	0.005	0.325
9.450	0.0002	0.008	0.466	0.0140	0.006	0.347
9.455	0.0002	0.004	0.314	0.0297	0.007	0.333
9.460	0.0002	0.006	0.415	0.0258	0.008	0.341
9.465	0.0002	0.010	0.309	0.0218	0.007	0.336
9.470	0.0002	0.006	0.339	0.0135	0.014	0.395
9.475	0.0001	0.025	0.237	0.0220	0.012	0.383
9.480	0.0001	0.021	0.244	0.0262	0.011	0.352
9.485	0.0001	0.013	0.363	0.0245	0.007	0.276
9.490	0.0001	0.027	0.332	0.0303	0.004	0.196
9.495	0.0003	0.033	0.362	0.0351	0.003	0.148
9.500	0.0004	0.060	0.321	0.0266	0.002	0.101
9.505	0.0008	0.035	0.190	0.0328	0.001	0.083
9.510	0.0017	0.021	0.442	0.0196	0.000	0.035
9.515	0.0017	0.021	0.347	0.0257	0.000	0.030
9.520	0.0065	0.027	0.377	0.0331	0.000	0.025
9.525	0.0076	0.025	0.315	0.0185	0.001	0.030
9.530	0.0181	0.019	0.396	0.0396	0.001	0.040
9.535	0.0089	0.021	0.582	0.0270	0.000	0.027
9.540	0.0074	0.015	0.595	0.0233	0.001	0.027
9.545	0.0494	0.027	0.492	0.0304	0.001	0.044
9.550	0.0277	0.023	0.337	0.0306	0.002	0.043
9.555	0.0110	0.019	0.325	0.0189	0.001	0.030
9.560	0.0086	0.027	0.494	0.0183	0.001	0.021
9.565	0.0266	0.023	0.528	0.0181	0.000	0.017
9.570	0.0119	0.025	0.409	0.0350	0.000	0.025
9.575	0.0503	0.029	0.381	0.0349	0.000	0.025
9.580	0.0172	0.023	0.371	0.0217	0.000	0.024
9.585	0.0519	0.017	0.396	0.0259	0.001	0.022
9.590	0.0150	0.019	0.318	0.0240	0.000	0.015
9.595	0.0072	0.025	0.424	0.0288	0.000	0.020
9.600	0.0451	0.019	0.406	0.0359	0.000	0.017
9.605	0.0218	0.017	0.331	0.0293	0.000	0.017
9.610	0.0500	0.015	0.382	0.0377	0.000	0.021
9.615	0.0253	0.013	0.357	0.0291	0.000	0.018
9.620	0.0423	0.027	0.428	0.0338	0.000	0.024
9.625	0.0436	0.015	0.300	0.0189	0.000	0.018
9.630	0.0172	0.013	0.405	0.0306	0.000	0.021
9.635	0.0379	0.019	0.465	0.0239	0.000	0.021
9.640	0.0231	0.010	0.324	0.0213	0.000	0.015
9.645	0.0275	0.017	0.453	0.0258	0.000	0.021
9.650	0.0386	0.021	0.257	0.0213	0.000	0.015
9.655	0.0142	0.019	0.269	0.0213	0.000	0.016
9.660	0.0562	0.015	0.364	0.0318	0.001	0.022
9.665	0.0263	0.023	0.246	0.0255	0.000	0.018
9.670	0.0130	0.019	0.433	0.0331	0.001	0.025
9.675	0.0353	0.019	0.342	0.0436	0.001	0.022
9.680	0.0153	0.023	0.322	0.0270	0.000	0.020
9.685	0.0492	0.015	0.449	0.0309	0.001	0.025
9.690	0.0303	0.017	0.300	0.0251	0.000	0.017
9.695	0.0061	0.021	0.396	0.0280	0.000	0.020
9.700	0.0489	0.015	0.349	0.0446	0.001	0.018
9.705	0.0211	0.019	0.366	0.0236	0.000	0.016
9.710	0.0573	0.015	0.460	0.0372	0.000	0.021
9.715	0.0319	0.015	0.345	0.0318	0.000	0.020
9.720	0.0114	0.023	0.394	0.0265	0.000	0.027
9.725	0.0458	0.023	0.466	0.0288	0.001	0.034
9.730	0.0255	0.023	0.382	0.0193	0.000	0.026
9.735	0.0107	0.025	0.408	0.0314	0.000	0.032
9.740	0.0365	0.017	0.341	0.0257	0.000	0.020
9.745	0.0176	0.021	0.352	0.0234	0.000	0.017
9.750	0.0581	0.019	0.473	0.0377	0.000	0.020
9.755	0.0213	0.015	0.356	0.0222	0.000	0.015
9.760	0.0090	0.029	0.389	0.0303	0.000	0.019
9.765	0.0466	0.015	0.346	0.0299	0.000	0.019
9.770	0.0237	0.019	0.367	0.0206	0.000	0.016
9.775	0.0551	0.023	0.444	0.0340	0.000	0.024
9.780	0.0370	0.015	0.312	0.0268	0.000	0.018
9.785	0.0088	0.023	0.338	0.0257	0.000	0.017
9.790	0.0397	0.023	0.379	0.0289	0.001	0.023
9.795	0.0227	0.017	0.343	0.0250	0.001	0.019
9.800	0.0091	0.029	0.388	0.0254	0.001	0.023
9.805	0.0447	0.013	0.344	0.0326	0.001	0.021
9.810	0.0184	0.021	0.288	0.0261	0.000	0.018
9.815	0.0488	0.021	0.433	0.0311	0.000	0.026
9.820	0.0358	0.015	0.336	0.0220	0.000	0.021
9.825	0.0107	0.017	0.278	0.0282	0.000	0.021
9.830	0.0444	0.019	0.384	0.0382	0.001	0.028
9.835	0.0225	0.019	0.297	0.0280	0.000	0.023
9.840	0.0165	0.025	0.357	0.0394	0.000	0.031
9.845	0.0387	0.015	0.351	0.0433	0.001	0.026
9.850	0.0258	0.017	0.257	0.0301	0.000	0.020
9.855	0.0305	0.023	0.370	0.0396	0.000	0.027
9.860	0.0300	0.015	0.248	0.0389	0.000	0.023
9.865	0.0136	0.021	0.174	0.0297	0.000	0.021
9.870	0.0377	0.019	0.419	0.0425	0.000	0.030
9.875	0.0176	0.015	0.379	0.0336	0.000	0.021
9.880	0.0080	0.017	0.302	0.0246	0.000	0.023
9.885	0.0451	0.015	0.421	0.0364	0.000	0.029
9.890	0.0248	0.015	0.211	0.0276	0.000	0.019
9.895	0.0121	0.015	0.252	0.0227	0.000	0.025
9.900	0.0387	0.015	0.329	0.0332	0.001	0.024
9.905	0.0225	0.023	0.199	0.0269	0.001	0.020
9.910	0.0189	0.019	0.395	0.0422	0.000	0.028
9.915	0.0183	0.017	0.314	0.0249	0.000	0.022
9.920	0.0130	0.017	0.279	0.0285	0.001	0.024
9.925	0.0340	0.019	0.374	0.0357	0.002	0.031
9.930	0.0144	0.015	0.341	0.0380	0.000	0.020
9.935	0.0131	0.017	0.237	0.0303	0.000	0.019
9.940	0.0266	0.013	0.267	0.0374	0.000	0.016
9.945	0.0164	0.015	0.289	0.0251	0.000	0.011
9.950	0.0184	0.017	0.292	0.0318	0.000	0.012
9.955	0.0237	0.015	0.244	0.0431	0.000	0.011
9.960	0.0169	0.015	0.248	0.0296	0.000	0.010
9.965	0.0103	0.013	0.311	0.0637	0.000	0.014
9.970	0.0102	0.013	0.331	0.0393	0.000	0.012
9.975	0.0106	0.010	0.392	0.0314	0.000	0.012
9.980	0.0204	0.017	0.378	0.0536	0.000	0.018
9.985	0.0093	0.013	0.366	0.0365	0.000	0.017
9.990	0.0071	0.019	0.284	0.0324	0.000	0.017
9.995	0.0246	0.013	0.383	0.0397	0.000	0.021
10.000	0.0130	0.008	0.383	0.0255	0.000	0.015
10.005	0.0081	0.013	0.315	0.0330	0.000	0.015
10.010	0.0192	0.013	0.291	0.0334	0.000	0.014
10.015	0.0145	0.013	0.492	0.0235	0.000	0.012
10.020	0.0061	0.027	0.468	0.0237	0.000	0.013
10.025	0.0189	0.013	0.356	0.0459	0.000	0.015
10.030	0.0211	0.013	0.520	0.0234	0.000	0.014
10.035	0.0070	0.019	0.432	0.0291	0.000	0.016
10.040	0.0085	0.013	0.357	0.0194	0.000	0.018
10.045	0.0110	0.006	0.477	0.0222	0.000	0.018
10.050	0.0129	0.013	0.287	0.0578	0.000	0.026
10.055	0.0044	0.017	0.218	0.0567	0.000	0.023
10.060	0.0065	0.008	0.314	0.0426	0.000	0.020
10.065	0.0103	0.008	0.250	0.0623	0.000	0.021
10.070	0.0109	0.004	0.266	0.0473	0.000	0.024
10.075	0.0099	0.006	0.265	0.0568	0.000	0.024
10.080	0.0127	0.008	0.380	0.0424	0.000	0.023
10.085	0.0104	0.004	0.521	0.0440	0.000	0.018
10.090	0.0023	0.006	0.505	0.0510	0.000	0.019
10.095	0.0179	0.002	0.451	0.0546	0.000	0.019
10.100	0.0120	0.004	0.455	0.0154	0.000	0.019
10.105	0.0118	0.002	0.392	0.0394	0.000	0.027
10.110	0.0065	0.008	0.414	0.0416	0.000	0.016
10.115	0.0041	0.015	0.358	0.0273	0.000	0.015
10.120	0.0144	0.008	0.388	0.0793	0.000	0.020
10.125	0.0091	0.002	0.293	0.0396	0.000	0.015
10.130	0.0025	0.006	0.243	0.0467	0.000	0.016
10.135	0.0190	0.004	0.301	0.0757	0.000	0.019
10.140	0.0065	0.004	0.338	0.0435	0.000	0.018
10.145	0.0124	0.010	0.166	0.0513	0.000	0.028
10.150	0.0108	0.006	0.157	0.0364	0.003	0.059
10.155	0.0009	0.017	0.508	0.0255	0.003	0.051
10.160	0.0039	0.010	0.603	0.0304	0.001	0.036
10.165	0.0034	0.019	0.615	0.0355	0.001	0.034
10.170	0.0074	0.021	0.635	0.0211	0.003	0.064
10.175	0.0068	0.008	0.611	0.0276	0.004	0.075
10.180	0.0049	0.010	0.509	0.0301	0.003	0.100
10.185	0.0031	0.025	0.352	0.0351	0.003	0.114
10.190	0.0017	0.008	0.389	0.0387	0.010	0.148
10.195	0.0015	0.025	0.448	0.0484	0.003	0.126
10.200	0.0008	0.027	0.525	0.0245	0.002	0.090
10.205	0.0018	0.029	0.475	0.0259	0.006	0.111
10.210	0.0013	0.019	0.459	0.0196	0.031	0.161
10.215	0.0013	0.025	0.396	0.0220	0.050	0.164
10.220	0.0010	0.044	0.470	0.0349	0.077	0.133
10.225	0.0011	0.035	0.442	0.0225	0.069	0.117
10.230	0.0018	0.037	0.353	0.0298	0.007	0.065
10.235	0.0027	0.027	0.471	0.0130	0.001	0.036
10.240	0.0025	0.019	0.488	0.0234	0.001	0.028
10.245	0.0263	0.023	0.441	0.0240	0.000	0.041
10.250	0.0124	0.013	0.273	0.0240	0.018	0.075
10.255	0.0055	0.031	0.500	0.0454	0.019	0.061
10.260	0.0027	0.042	0.683	0.0215	0.002	0.036
10.265	0.0059	0.031	0.675	0.0290	0.001	0.035
10.270	0.0209	0.015	0.360	0.0259	0.019	0.067
10.275	0.0105	0.015	0.506	0.0292	0.011	0.044
10.280	0.0052	0.048	0.300	0.0239	0.001	0.033
10.285	0.0069	0.029	0.468	0.0270	0.002	0.026
10.290	0.0187	0.019	0.381	0.0176	0.001	0.024
10.295	0.0580	0.042	0.416	0.0266	0.001	0.031
10.300	0.0343	0.019	0.299	0.0208	0.001	0.018
10.305	0.0128	0.040	0.398	0.0278	0.001	0.021
10.310	0.0425	0.025	0.335	0.0249	0.001	0.021
10.315	0.0155	0.013	0.280	0.0159	0.001	0.019
10.320	0.0574	0.023	0.433	0.0283	0.002	0.024
10.325	0.0233	0.019	0.360	0.0168	0.001	0.018
10.330	0.0079	0.027	0.406	0.0281	0.001	0.023
10.335	0.0342	0.027	0.253	0.0291	0.001	0.017
10.340	0.0121	0.019	0.284	0.0245	0.000	0.014
10.345	0.0618	0.033	0.362	0.0408	0.000	0.020
10.350	0.0170	0.017	0.271	0.0203	0.000	0.013
10.355	0.0092	0.015	0.256	0.0247	0.000	0.014
10.360	0.0364	0.013	0.271	0.0452	0.000	0.020
10.365	0.0130	0.013	0.231	0.0302	0.000	0.018
10.370	0.0129	0.006	0.197	0.0315	0.000	0.033
10.375	0.0103	0.008	0.166	0.0495	0.000	0.034
10.380	0.0059	0.010	0.312	0.0281	0.001	0.049
10.385	0.0093	0.019	0.296	0.0362	0.002	0.054
10.390	0.0042	0.013	0.258	0.0178	0.001	0.053
10.395	0.0091	0.008	0.233	0.0328	0.002	0.057
10.400	0.0036	0.021	0.161	0.0273	0.002	0.067
10.405	0.0065	0.006	0.254	0.0293	0.002	0.066
10.410	0.0028	0.023	0.276	0.0490	0.002	0.060
10.415	0.0088	0.019	0.218	0.0305	0.001	0.043
10.420	0.0049	0.025	0.353	0.0301	0.001	0.042
10.425	0.0162	0.002	0.347	0.0282	0.000	0.034
10.430	0.0035	0.010	0.336	0.0594	0.000	0.027
10.435	0.0161	0.010	0.423	0.0319	0.001	0.031
10.440	0.0118	0.017	0.179	0.0220	0.000	0.020
10.445	0.0131	0.008	0.380	0.0256	0.000	0.026
10.450	0.0288	0.010	0.246	0.0312	0.001	0.026
10.455	0.0065	0.021	0.330	0.0409	0.001	0.024
10.460	0.0380	0.002	0.438	0.0214	0.001	0.027
10.465	0.0165	0.008	0.341	0.0137	0.000	0.021
10.470	0.0100	0.029	0.449	0.0271	0.001	0.030
10.475	0.0262	0.006	0.328	0.0313	0.001	0.022
10.480	0.0067	0.013	0.364	0.0231	0.001	0.026
10.485	0.0488	0.010	0.437	0.0330	0.001	0.029
10.490	0.0227	0.017	0.339	0.0138	0.001	0.021
10.495	0.0139	0.013	0.430	0.0366	0.001	0.025
10.500	0.0302	0.006	0.350	0.0233	0.000	0.014
10.505	0.0124	0.017	0.327	0.0262	0.000	0.013
10.510	0.0528	0.006	0.445	0.0441	0.001	0.022
10.515	0.0202	0.008	0.415	0.0205	0.000	0.017
10.520	0.0068	0.013	0.405	0.0462	0.000	0.020
10.525	0.0282	0.002	0.363	0.0545	0.000	0.018
10.530	0.0092	0.013	0.341	0.0270	0.000	0.013
10.535	0.0311	0.002	0.428	0.0415	0.000	0.019
10.540	0.0216	0.008	0.373	0.0251	0.000	0.014
10.545	0.0134	0.004	0.405	0.0346	0.000	0.017
10.550	0.0287	0.002	0.347	0.0741	0.000	0.017
10.555	0.0101	0.004	0.359	0.0414	0.000	0.016
10.560	0.0197	0.002	0.446	0.0576	0.000	0.029
10.565	0.0118	0.004	0.238	0.0528	0.000	0.023
10.570	0.0077	0.002	0.305	0.0188	0.000	0.029
10.575	0.0242	0.004	0.317	0.0483	0.000	0.045
10.580	0.0074	0.004	0.288	0.0395	0.000	0.038
10.585	0.0061	0.002	0.315	0.0292	0.000	0.055
10.590	0.0056	0.006	0.385	0.0413	0.000	0.061
10.595	0.0027	0.010	0.489	0.0311	0.000	0.064
10.600	0.0050	0.006	0.515	0.0393	0.001	0.081
10.605	0.0028	0.008	0.706	0.0231	0.000	0.094
10.610	0.0018	0.010	0.739	0.0272	0.000	0.089
10.615	0.0024	0.006	0.739	0.0210	0.000	0.089
10.620	0.0028	0.008	0.619	0.0114	0.000	0.103
10.625	0.0026	0.008	0.548	0.0209	0.001	0.153
10.630	0.0009	0.013	0.354	0.0245	0.001	0.168
10.635	0.0006	0.025	0.260	0.0200	0.002	0.200
10.640	0.0005	0.025	0.193	0.0147	0.273	0.333
10.645	0.0005	0.019	0.163	0.0080	0.384	0.314
10.650	0.0003	0.050	0.091	0.0146	0.654	0.341
10.655	0.0006	0.119	0.109	0.0196	0.222	0.229
10.660	0.0012	0.177	0.093	0.0056	0.165	0.197
10.665	0.0031	0.106	0.165	0.0179	0.461	0.240
10.670	0.0050	0.148	0.219	0.0140	0.610	0.222
10.675	0.0048	0.179	0.163	0.0146	0.394	0.183
10.680	0.0070	0.090	0.253	0.0184	0.305	0.147
10.685	0.0070	0.127	0.217	0.0119	0.253	0.134
10.690	0.0132	0.090	0.189	0.0139	0.151	0.131
10.695	0.0076	0.079	0.152	0.0350	0.109	0.149
10.700	0.0037	0.069	0.165	0.0289	0.009	0.082
10.705	0.0034	0.071	0.222	0.0201	0.002	0.051
10.710	0.0220	0.017	0.328	0.0159	0.001	0.032
10.715	0.0067	0.021	0.408	0.0204	0.001	0.033
10.720	0.0542	0.019	0.185	0.0164	0.001	0.025
10.725	0.0156	0.017	0.426	0.0265	0.001	0.030
10.730	0.0629	0.021	0.362	0.0231	0.001	0.027
10.735	0.0237	0.015	0.330	0.0228	0.001	0.025
10.740	0.1273	0.017	0.418	0.0241	0.000	0.022
10.745	0.0504	0.010	0.442	0.0185	0.000	0.018
10.750	0.0444	0.019	0.384	0.0367	0.000	0.024
10.755	0.0541	0.010	0.345	0.0363	0.001	0.020
10.760	0.0165	0.015	0.375	0.0372	0.000	0.023
10.765	0.0615	0.013	0.442	0.0236	0.000	0.021
10.770	0.0266	0.023	0.286	0.0201	0.000	0.018
10.775	0.0731	0.010	0.433	0.0330	0.000	0.025
10.780	0.0320	0.019	0.336	0.0241	0.000	0.018
10.785	0.0217	0.017	0.301	0.0296	0.000	0.018
10.790	0.0465	0.021	0.324	0.0271	0.000	0.021
10.795	0.0383	0.013	0.375	0.0223	0.000	0.016
10.800	0.0109	0.019	0.447	0.0263	0.001	0.021
10.805	0.0521	0.017	0.304	0.0268	0.001	0.014
10.810	0.0145	0.025	0.255	0.0208	0.000	0.013
10.815	0.0631	0.021	0.447	0.0448	0.000	0.017
10.820	0.0277	0.019	0.140	0.0240	0.000	0.010
10.825	0.0114	0.023	0.360	0.0237	0.000	0.014
10.830	0.0575	0.013	0.332	0.0257	0.000	0.015
10.835	0.0127	0.017	0.399	0.0188	0.000	0.013
10.840	0.0118	0.013	0.448	0.0360	0.001	0.017
10.845	0.0358	0.015	0.383	0.0279	0.000	0.012
10.850	0.0130	0.021	0.318	0.0285	0.000	0.012
10.855	0.0634	0.013	0.451	0.0275	0.001	0.014
10.860	0.0306	0.013	0.381	0.0180	0.000	0.009
10.865	0.0150	0.019	0.415	0.0248	0.001	0.011
10.870	0.0465	0.010	0.321	0.0216	0.000	0.008
10.875	0.0167	0.019	0.394	0.0191	0.000	0.008
10.880	0.0727	0.017	0.461	0.0354	0.000	0.012
10.885	0.0382	0.013	0.402	0.0244	0.000	0.010
10.890	0.0113	0.029	0.401	0.0221	0.000	0.012
10.895	0.0625	0.015	0.435	0.0325	0.000	0.011
10.900	0.0287	0.013	0.427	0.0249	0.000	0.010
10.905	0.0472	0.025	0.386	0.0330	0.000	0.016
10.910	0.0280	0.013	0.302	0.0361	0.000	0.014
10.915	0.0200	0.017	0.287	0.0322	0.000	0.014
10.920	0.0516	0.013	0.458	0.0367	0.000	0.016
10.925	0.0226	0.015	0.406	0.0323	0.000	0.013
10.930	0.0121	0.015	0.401	0.0248	0.000	0.016
10.935	0.0399	0.013	0.376	0.0367	0.000	0.015
10.940	0.0194	0.017	0.278	0.0309	0.000	0.013
10.945	0.0423	0.019	0.422	0.0378	0.000	0.016
10.950	0.0273	0.021	0.407	0.0331	0.000	0.011
10.955	0.0147	0.025	0.308	0.0322	0.000	0.012
10.960	0.0426	0.013	0.401	0.0330	0.001	0.013
10.965	0.0304	0.013	0.391	0.0307	0.000	0.012
10.970	0.0099	0.017	0.414	0.0263	0.000	0.017
10.975	0.0396	0.017	0.379	0.0223	0.000	0.013
10.980	0.0198	0.023	0.308	0.0331	0.000	0.013
10.985	0.0493	0.015	0.429	0.0421	0.000	0.017
10.990	0.0208	0.019	0.429	0.0309	0.000	0.012
10.995	0.0193	0.023	0.357	0.0328	0.000	0.013
11.000	0.0447	0.019	0.455	0.0276	0.000	0.013
11.005	0.0239	0.013	0.495	0.0291	0.000	0.011
11.010	0.0120	0.021	0.461	0.0315	0.000	0.016
11.015	0.0336	0.013	0.455	0.0240	0.000	0.013
11.020	0.0210	0.015	0.377	0.0331	0.000	0.014
11.025	0.0436	0.015	0.452	0.0519	0.000	0.017
11.030	0.0213	0.013	0.554	0.0254	0.000	0.011
11.035	0.0136	0.015	0.440	0.0321	0.000	0.013
11.040	0.0421	0.015	0.460	0.0263	0.000	0.015
11.045	0.0201	0.017	0.486	0.0212	0.000	0.012
11.050	0.0089	0.019	0.418	0.0273	0.000	0.019
11.055	0.0237	0.015	0.464	0.0279	0.000	0.014
11.060	0.0171	0.019	0.383	0.0250	0.000	0.015
11.065	0.0425	0.013	0.419	0.0474	0.001	0.020
11.070	0.0207	0.019	0.435	0.0218	0.000	0.013
11.075	0.0069	0.019	0.353	0.0191	0.000	0.015
11.080	0.0353	0.015	0.336	0.0403	0.000	0.019
11.085	0.0078	0.013	0.252	0.0179	0.000	0.016
11.090	0.0080	0.015	0.448	0.0353	0.000	0.029
11.095	0.0237	0.015	0.335	0.0376	0.001	0.021
11.100	0.0067	0.017	0.195	0.0242	0.000	0.017
11.105	0.0267	0.015	0.466	0.0359	0.001	0.025
11.110	0.0149	0.019	0.258	0.0256	0.001	0.017
11.115	0.0045	0.029	0.249	0.0232	0.000	0.019
11.120	0.0268	0.013	0.395	0.0253	0.001	0.026
11.125	0.0083	0.019	0.371	0.0232	0.000	0.018
11.130	0.0044	0.027	0.346	0.0208	0.000	0.025
11.135	0.0295	0.013	0.309	0.0440	0.001	0.024
11.140	0.0074	0.019	0.269	0.0198	0.000	0.018
11.145	0.0111	0.025	0.384	0.0296	0.001	0.028
11.150	0.0137	0.025	0.467	0.0282	0.000	0.021
11.155	0.0051	0.019	0.451	0.0146	0.000	0.019
11.160	0.0265	0.019	0.293	0.0362	0.003	0.034
11.165	0.0133	0.015	0.183	0.0383	0.007	0.030
11.170	0.0045	0.015	0.116	0.0199	0.010	0.037
11.175	0.0168	0.017	0.321	0.0514	0.007	0.038
11.180	0.0027	0.027	0.209	0.0293	0.001	0.031
11.185	0.0100	0.019	0.290	0.0231	0.001	0.036
11.190	0.0158	0.019	0.374	0.0301	0.002	0.036
11.195	0.0049	0.023	0.473	0.0261	0.002	0.036
11.200	0.0132	0.023	0.378	0.0422	0.003	0.042
11.205	0.0083	0.008	0.275	0.0282	0.007	0.046
11.210	0.0065	0.010	0.263	0.0413	0.006	0.047
11.215	0.0065	0.023	0.316	0.0281	0.003	0.042
11.220	0.0030	0.019	0.244	0.0218	0.002	0.041
11.225	0.0081	0.029	0.243	0.0352	0.001	0.040
11.230	0.0087	0.010	0.209	0.0219	0.003	0.048
11.235	0.0096	0.015	0.235	0.0326	0.003	0.057
11.240	0.0057	0.019	0.244	0.0258	0.002	0.052
11.245	0.0027	0.013	0.272	0.0396	0.002	0.053
11.250	0.0040	0.031	0.472	0.0312	0.001	0.060
11.255	0.0032	0.029	0.481	0.0190	0.001	0.072
11.260	0.0035	0.025	0.143	0.0331	0.002	0.115
11.265	0.0012	0.019	0.340	0.0262	0.002	0.140
11.270	0.0009	0.025	0.406	0.0340	0.002	0.151
11.275	0.0008	0.021	0.333	0.0233	0.002	0.188
11.280	0.0009	0.013	0.544	0.0231	0.003	0.225
11.285	0.0004	0.021	0.627	0.0319	0.002	0.205
11.290	0.0005	0.015	0.725	0.0189	0.001	0.198
11.295	0.0007	0.015	0.699	0.0112	0.001	0.211
11.300	0.0008	0.015	0.627	0.0184	0.002	0.225
11.305	0.0006	0.019	0.615	0.0260	0.002	0.211
11.310	0.0004	0.013	0.504	0.0223	0.003	0.231
11.315	0.0006	0.015	0.417	0.0303	0.004	0.229
11.320	0.0003	0.023	0.421	0.0249	0.004	0.221
11.325	0.0005	0.023	0.463	0.0429	0.003	0.204
11.330	0.0003	0.025	0.384	0.0305	0.002	0.176
11.335	0.0006	0.029	0.395	0.0182	0.005	0.186
11.340	0.0009	0.029	0.220	0.0481	0.007	0.205
11.345	0.0005	0.031	0.414	0.0352	0.005	0.186
11.350	0.0005	0.027	0.551	0.0371	0.004	0.144
11.355	0.0009	0.029	0.541	0.0289	0.005	0.132
11.360	0.0009	0.029	0.624	0.0358	0.012	0.135
11.365	0.0013	0.033	0.702	0.0245	0.007	0.121
11.370	0.0015	0.033	0.761	0.0189	0.003	0.133
11.375	0.0019	0.033	0.711	0.0224	0.003	0.140
11.380	0.0014	0.033	0.661	0.0226	0.011	0.140
11.385	0.0017	0.033	0.447	0.0165	0.020	0.163
11.390	0.0007	0.031	0.236	0.0299	0.020	0.168
11.395	0.0010	0.040	0.269	0.0250	0.016	0.167
11.400	0.0009	0.031	0.462	0.0223	0.007	0.157
11.405	0.0009	0.033	0.425	0.0161	0.005	0.147
11.410	0.0016	0.033	0.366	0.0258	0.004	0.145
11.415	0.0010	0.033	0.503	0.0242	0.010	0.152
11.420	0.0014	0.031	0.358	0.0289	0.013	0.168
11.425	0.0006	0.029	0.507	0.0277	0.014	0.172
11.430	0.0006	0.029	0.432	0.0250	0.022	0.186
11.435	0.0008	0.035	0.377	0.0199	0.022	0.181
11.440	0.0007	0.035	0.315	0.0258	0.014	0.156
11.445	0.0005	0.027	0.388	0.0116	0.020	0.177
11.450	0.0008	0.029	0.467	0.0198	0.022	0.165
11.455	0.0011	0.031	0.597	0.0284	0.012	0.142
11.460	0.0007	0.031	0.633	0.0152	0.008	0.145
11.465	0.0014	0.035	0.579	0.0327	0.015	0.152
11.470	0.0014	0.033	0.430	0.0162	0.017	0.152
11.475	0.0013	0.031	0.412	0.0292	0.022	0.165
11.480	0.0010	0.035	0.468	0.0240	0.020	0.147
11.485	0.0010	0.037	0.499	0.0230	0.012	0.148
11.490	0.0008	0.037	0.419	0.0168	0.013	0.157
11.495	0.0008	0.033	0.545	0.0233	0.015	0.152
11.500	0.0013	0.042	0.533	0.0244	0.012	0.142
11.505	0.0014	0.031	0.434	0.0250	0.013	0.145
11.510	0.0016	0.035	0.548	0.0503	0.010	0.148
11.515	0.0012	0.040	0.484	0.0297	0.004	0.135
11.520	0.0014	0.035	0.586	0.0276	0.007	0.128
11.525	0.0020	0.033	0.517	0.0221	0.012	0.146
11.530	0.0014	0.031	0.536	0.0284	0.008	0.141
11.535	0.0011	0.029	0.564	0.0278	0.010	0.132
11.540	0.0016	0.033	0.496	0.0305	0.012	0.150
11.545	0.0010	0.035	0.524	0.0232	0.009	0.157
11.550	0.0012	0.035	0.521	0.0247	0.005	0.128
11.555	0.0006	0.031	0.546	0.0137	0.008	0.127
11.560	0.0028	0.035	0.390	0.0209	0.013	0.166
11.565	0.0013	0.035	0.350	0.0317	0.012	0.185
11.570	0.0005	0.042	0.435	0.0154	0.011	0.178
11.575	0.0011	0.033	0.375	0.0209	0.011	0.186
11.580	0.0006	0.029	0.458	0.0185	0.006	0.164
11.585	0.0006	0.035	0.519	0.0179	0.007	0.185
11.590	0.0014	0.027	0.480	0.0298	0.005	0.162
11.595	0.0009	0.033	0.695	0.0329	0.003	0.160
11.600	0.0005	0.035	0.645	0.0241	0.002	0.166
11.605	0.0010	0.035	0.527	0.0242	0.003	0.170
11.610	0.0011	0.033	0.243	0.0428	0.003	0.166
11.615	0.0009	0.025	0.201	0.0319	0.004	0.151
11.620	0.0009	0.037	0.291	0.0202	0.003	0.138
11.625	0.0009	0.027	0.223	0.0275	0.002	0.142
11.630	0.0008	0.025	0.235	0.0297	0.002	0.152
11.635	0.0007	0.019	0.241	0.0282	0.002	0.167
11.640	0.0008	0.025	0.249	0.0286	0.004	0.216
11.645	0.0006	0.027	0.360	0.0241	0.004	0.218
11.650	0.0004	0.029	0.548	0.0338	0.002	0.196
11.655	0.0004	0.029	0.658	0.0349	0.001	0.183
11.660	0.0006	0.035	0.712	0.0200	0.001	0.158
11.665	0.0008	0.033	0.632	0.0199	0.001	0.171
11.670	0.0010	0.035	0.417	0.0196	0.003	0.219
11.675	0.0006	0.023	0.276	0.0237	0.003	0.229
11.680	0.0005	0.035	0.518	0.0249	0.004	0.245
11.685	0.0003	0.027	0.530	0.0248	0.003	0.222
11.690	0.0003	0.029	0.507	0.0214	0.003	0.243
11.695	0.0004	0.033	0.450	0.0238	0.004	0.251
11.700	0.0003	0.031	0.377	0.0267	0.003	0.242
11.705	0.0003	0.029	0.418	0.0128	0.005	0.264
11.710	0.0004	0.033	0.315	0.0227	0.010	0.341
11.715	0.0002	0.033	0.365	0.0175	0.011	0.350
11.720	0.0002	0.027	0.291	0.0210	0.017	0.362
11.725	0.0002	0.029	0.263	0.0232	0.021	0.385
11.730	0.0001	0.044	0.296	0.0209	0.011	0.329
11.735	0.0002	0.029	0.250	0.0181	0.013	0.361
11.740	0.0002	0.023	0.326	0.0224	0.015	0.349
11.745	0.0001	0.017	0.351	0.0188	0.018	0.355
11.750	0.0001	0.019	0.231	0.0209	0.014	0.345
11.755	0.0001	0.017	0.306	0.0219	0.016	0.385
11.760	0.0001	0.044	0.205	0.0284	0.014	0.357
11.765	0.0001	0.029	0.427	0.0188	0.012	0.365
11.770	0.0002	0.013	0.547	0.0232	0.008	0.356
11.775	0.0002	0.008	0.532	0.0313	0.007	0.337
11.780	0.0002	0.010	0.591	0.0208	0.007	0.323
11.785	0.0002	0.013	0.503	0.0103	0.009	0.335
11.790	0.0002	0.008	0.343	0.0534	0.013	0.381
11.795	0.0001	0.037	0.377	0.0282	0.010	0.357
11.800	0.0002	0.002	0.585	0.0251	0.006	0.346
11.805	0.0001	0.025	0.639	0.0160	0.007	0.369
11.810	0.0002	0.004	0.494	0.0198	0.010	0.395
11.815	0.0002	0.008	0.534	0.0258	0.010	0.381
11.820	0.0002	0.013	0.436	0.0186	0.009	0.340
11.825	0.0002	0.006	0.317	0.0365	0.013	0.354
11.830	0.0001	0.021	0.192	0.0159	0.022	0.397
11.835	0.0001	0.021	0.187	0.0295	0.025	0.400
11.840	0.0001	0.017	0.498	0.0231	0.009	0.353
11.845	0.0001	0.037	0.576	0.0191	0.007	0.373
11.850	0.0003	0.013	0.536	0.0200	0.008	0.357
11.855	0.0002	0.006	0.376	0.0188	0.012	0.363
11.860	0.0002	0.008	0.284	0.0201	0.026	0.404
11.865	0.0001	0.052	0.251	0.0234	0.020	0.389
11.870	0.0001	0.031	0.404	0.0260	0.011	0.374
11.875	0.0001	0.027	0.517	0.0190	0.007	0.356
11.880	0.0002	0.025	0.492	0.0325	0.007	0.336
11.885	0.0002	0.013	0.309	0.0250	0.010	0.352
11.890	0.0002	0.004	0.347	0.0253	0.008	0.333
11.895	0.0001	0.029	0.265	0.0123	0.010	0.362
11.900	0.0003	0.017	0.303	0.0205	0.017	0.370
11.905	0.0001	0.019	0.383	0.0285	0.012	0.351
11.910	0.0001	0.021	0.530	0.0207	0.011	0.373
11.915	0.0002	0.010	0.547	0.0247	0.010	0.371
11.920	0.0001	0.017	0.551	0.0146	0.012	0.391
11.925	0.0002	0.025	0.516	0.0154	0.016	0.397
11.930	0.0002	0.017	0.444	0.0194	0.013	0.344
11.935	0.0001	0.021	0.482	0.0192	0.013	0.367
11.940	0.0002	0.013	0.480	0.0122	0.024	0.388
11.945	0.0002	0.006	0.261	0.0142	0.084	0.451
11.950	0.0002	0.029	0.191	0.0174	0.320	0.393
11.955	0.0001	0.052	0.328	0.0126	0.379	0.380
11.960	0.0002	0.092	0.392	0.0199	0.344	0.339
11.965	0.0002	0.081	0.185	0.0467	0.290	0.297
11.970	0.0003	0.079	0.112	0.0740	0.059	0.170
11.975	0.0004	0.094	0.183	0.0654	0.006	0.096
11.980	0.0010	0.054	0.174	0.0591	0.000	0.036
11.985	0.0057	0.002	0.151	0.0313	0.000	0.026
11.990	0.0022	0.010	0.439	0.0235	0.001	0.032
11.995	0.0424	0.010	0.466	0.0435	0.001	0.024
12.000	0.0117	0.027	0.458	0.0224	0.001	0.023
12.005	0.0646	0.010	0.461	0.0335	0.002	0.017
12.010	0.0222	0.025	0.470	0.0176	0.001	0.018
12.015	0.0943	0.004	0.453	0.0308	0.001	0.013
12.020	0.0206	0.025	0.458	0.0263	0.001	0.014
12.025	0.1124	0.017	0.450	0.0256	0.000	0.011
12.030	0.0164	0.033	0.443	0.0237	0.000	0.012
12.035	0.1182	0.017	0.324	0.0261	0.000	0.009
12.040	0.0217	0.021	0.266	0.0281	0.000	0.017
12.045	0.1069	0.025	0.289	0.0473	0.000	0.020
12.050	0.0285	0.019	0.329	0.0252	0.000	0.036
12.055	0.0451	0.013	0.338	0.0227	0.003	0.048
12.060	0.0135	0.023	0.301	0.0197	0.008	0.052
12.065	0.0322	0.019	0.314	0.0166	0.010	0.056
12.070	0.0090	0.058	0.207	0.0222	0.003	0.043
12.075	0.0225	0.031	0.185	0.0297	0.001	0.022
12.080	0.0223	0.021	0.371	0.0150	0.000	0.012
12.085	0.0139	0.033	0.320	0.0274	0.000	0.013
12.090	0.0536	0.013	0.322	0.0146	0.000	0.011
12.095	0.0181	0.021	0.284	0.0338	0.000	0.012
12.100	0.0739	0.029	0.313	0.0165	0.000	0.009
12.105	0.0389	0.027	0.324	0.0269	0.000	0.012
12.110	0.0907	0.019	0.320	0.0239	0.000	0.012
12.115	0.0311	0.027	0.411	0.0266	0.000	0.013
12.120	0.0884	0.017	0.418	0.0115	0.000	0.011
12.125	0.0436	0.023	0.451	0.0220	0.000	0.012
12.130	0.0657	0.025	0.421	0.0122	0.000	0.009
12.135	0.0418	0.027	0.459	0.0220	0.000	0.009
12.140	0.0513	0.015	0.466	0.0118	0.000	0.008
12.145	0.0312	0.023	0.473	0.0201	0.000	0.009
12.150	0.0497	0.019	0.477	0.0123	0.000	0.010
12.155	0.0276	0.021	0.488	0.0270	0.000	0.011
12.160	0.0503	0.013	0.452	0.0137	0.000	0.010
12.165	0.0310	0.023	0.473	0.0286	0.000	0.011
12.170	0.0484	0.010	0.517	0.0125	0.000	0.011
12.175	0.0294	0.017	0.505	0.0236	0.000	0.012
12.180	0.0461	0.013	0.498	0.0129	0.000	0.011
12.185	0.0261	0.013	0.466	0.0238	0.000	0.012
12.190	0.0429	0.008	0.436	0.0123	0.000	0.011
12.195	0.0277	0.017	0.460	0.0239	0.000	0.014
12.200	0.0417	0.010	0.387	0.0228	0.000	0.013
12.205	0.0177	0.017	0.439	0.0212	0.000	0.015
12.210	0.0450	0.021	0.344	0.0242	0.000	0.010
12.215	0.0336	0.013	0.413	0.0200	0.000	0.010
12.220	0.1128	0.017	0.401	0.0305	0.000	0.008
12.225	0.0394	0.008	0.368	0.0186	0.000	0.008
12.230	0.1011	0.023	0.413	0.0244	0.000	0.008
12.235	0.0389	0.021	0.345	0.0220	0.000	0.007
12.240	0.0261	0.019	0.443	0.0316	0.000	0.010
12.245	0.0535	0.019	0.250	0.0177	0.000	0.009
12.250	0.0194	0.023	0.442	0.0226	0.000	0.011
12.255	0.0516	0.023	0.322	0.0328	0.000	0.008
12.260	0.0338	0.019	0.416	0.0217	0.000	0.010
12.265	0.0774	0.025	0.398	0.0183	0.001	0.009
12.270	0.0493	0.013	0.443	0.0238	0.001	0.010
12.275	0.1039	0.031	0.447	0.0285	0.001	0.009
12.280	0.0386	0.010	0.425	0.0210	0.001	0.010
12.285	0.0908	0.029	0.477	0.0301	0.001	0.011
12.290	0.0420	0.015	0.454	0.0199	0.001	0.008
12.295	0.0564	0.025	0.469	0.0196	0.001	0.009
12.300	0.0594	0.015	0.416	0.0214	0.001	0.011
12.305	0.0213	0.023	0.425	0.0178	0.001	0.017
12.310	0.0615	0.025	0.359	0.0207	0.001	0.016
12.315	0.0215	0.025	0.384	0.0199	0.000	0.018
12.320	0.0802	0.025	0.367	0.0273	0.001	0.016
12.325	0.0416	0.019	0.400	0.0175	0.000	0.016
12.330	0.0807	0.025	0.263	0.0271	0.001	0.012
12.335	0.0452	0.017	0.415	0.0201	0.001	0.014
12.340	0.1121	0.019	0.334	0.0190	0.001	0.016
12.345	0.0545	0.010	0.402	0.0207	0.001	0.017
12.350	0.1325	0.029	0.417	0.0175	0.002	0.017
12.355	0.0415	0.017	0.419	0.0176	0.002	0.019
12.360	0.1356	0.031	0.408	0.0278	0.002	0.018
12.365	0.0457	0.033	0.389	0.0129	0.002	0.018
12.370	0.1075	0.033	0.427	0.0260	0.001	0.017
12.375	0.0552	0.013	0.375	0.0139	0.001	0.015
12.380	0.0144	0.046	0.441	0.0303	0.001	0.015
12.385	0.0412	0.021	0.193	0.0126	0.001	0.012
12.390	0.0126	0.050	0.438	0.0207	0.001	0.014
12.395	0.0927	0.025	0.233	0.0160	0.001	0.011
12.400	0.0305	0.031	0.401	0.0205	0.001	0.014
12.405	0.1024	0.029	0.399	0.0324	0.001	0.014
12.410	0.0201	0.029	0.349	0.0171	0.001	0.018
12.415	0.0989	0.037	0.337	0.0280	0.003	0.029
12.420	0.0146	0.023	0.267	0.0258	0.001	0.027
12.425	0.0313	0.021	0.346	0.0237	0.004	0.038
12.430	0.0160	0.019	0.351	0.0274	0.002	0.038
12.435	0.0204	0.013	0.321	0.0262	0.003	0.049
12.440	0.0367	0.006	0.262	0.0377	0.003	0.047
12.445	0.0190	0.023	0.274	0.0245	0.004	0.049
12.450	0.0295	0.015	0.393	0.0355	0.010	0.059
12.455	0.0123	0.035	0.260	0.0228	0.005	0.047
12.460	0.0104	0.027	0.402	0.0155	0.034	0.071
12.465	0.0122	0.044	0.265	0.0432	0.011	0.060
12.470	0.0090	0.025	0.376	0.0221	0.015	0.061
12.475	0.0284	0.019	0.361	0.0214	0.007	0.039
12.480	0.0117	0.027	0.209	0.0365	0.001	0.024
12.485	0.0498	0.019	0.193	0.0153	0.001	0.015
12.490	0.0132	0.006	0.419	0.0247	0.001	0.015
12.495	0.1757	0.035	0.426	0.0257	0.001	0.012
12.500	0.0485	0.025	0.416	0.0162	0.001	0.013
12.505	0.2224	0.033	0.402	0.0252	0.001	0.012
12.510	0.0401	0.025	0.417	0.0150	0.001	0.012
12.515	0.1969	0.037	0.441	0.0190	0.001	0.014
12.520	0.0445	0.013	0.413	0.0132	0.001	0.013
12.525	0.0408	0.046	0.435	0.0238	0.001	0.014
12.530	0.0835	0.031	0.368	0.0154	0.000	0.012
12.535	0.0240	0.037	0.438	0.0194	0.001	0.014
12.540	0.0956	0.027	0.306	0.0134	0.000	0.011
12.545	0.0310	0.033	0.429	0.0257	0.000	0.014
12.550	0.1134	0.021	0.251	0.0192	0.000	0.012
12.555	0.0196	0.033	0.423	0.0152	0.000	0.013
12.560	0.1180	0.027	0.317	0.0172	0.000	0.012
12.565	0.0388	0.027	0.281	0.0195	0.000	0.013
12.570	0.1611	0.033	0.436	0.0297	0.001	0.014
12.575	0.0610	0.019	0.266	0.0248	0.000	0.011
12.580	0.0235	0.031	0.391	0.0281	0.000	0.012
12.585	0.0778	0.019	0.332	0.0172	0.000	0.009
12.590	0.0471	0.015	0.417	0.0259	0.000	0.014
12.595	0.0903	0.023	0.385	0.0169	0.000	0.013
12.600	0.0481	0.027	0.412	0.0225	0.000	0.014
12.605	0.1248	0.029	0.456	0.0235	0.000	0.013
12.610	0.0424	0.015	0.311	0.0250	0.000	0.009
12.615	0.0205	0.031	0.425	0.0248	0.000	0.012
12.620	0.0679	0.015	0.330	0.0143	0.000	0.008
12.625	0.0407	0.027	0.392	0.0258	0.000	0.010
12.630	0.0771	0.017	0.345	0.0176	0.000	0.010
12.635	0.0339	0.023	0.333	0.0201	0.000	0.010
12.640	0.1010	0.027	0.450	0.0228	0.000	0.012
12.645	0.0505	0.031	0.232	0.0255	0.000	0.010
12.650	0.0247	0.035	0.403	0.0245	0.001	0.012
12.655	0.0711	0.017	0.344	0.0188	0.001	0.009
12.660	0.0245	0.033	0.397	0.0227	0.001	0.013
12.665	0.0740	0.023	0.417	0.0189	0.001	0.015
12.670	0.0251	0.023	0.259	0.0223	0.002	0.015
12.675	0.0775	0.042	0.222	0.0376	0.007	0.021
12.680	0.0344	0.027	0.322	0.0220	0.001	0.015
12.685	0.0248	0.017	0.423	0.0367	0.000	0.014
12.690	0.0127	0.008	0.518	0.0373	0.000	0.019
12.695	0.0413	0.013	0.546	0.0192	0.001	0.025
12.700	0.0298	0.019	0.445	0.0218	0.002	0.034
12.705	0.0245	0.019	0.289	0.0359	0.002	0.032
12.710	0.0100	0.019	0.325	0.0279	0.000	0.031
12.715	0.0075	0.029	0.161	0.0406	0.000	0.030
12.720	0.0080	0.023	0.221	0.0190	0.000	0.031
12.725	0.0130	0.015	0.250	0.0302	0.000	0.033
12.730	0.0082	0.037	0.219	0.0283	0.000	0.026
12.735	0.0052	0.019	0.345	0.0172	0.000	0.030
12.740	0.0079	0.017	0.294	0.0375	0.000	0.035
12.745	0.0058	0.025	0.268	0.0253	0.000	0.035
12.750	0.0096	0.023	0.301	0.0213	0.000	0.035
12.755	0.0043	0.019	0.256	0.0393	0.000	0.040
12.760	0.0052	0.035	0.389	0.0176	0.000	0.042
12.765	0.0039	0.023	0.368	0.0167	0.000	0.048
12.770	0.0034	0.037	0.284	0.0300	0.001	0.050
12.775	0.0026	0.029	0.447	0.0332	0.000	0.052
12.780	0.0027	0.033	0.470	0.0375	0.000	0.048
12.785	0.0031	0.021	0.557	0.0221	0.000	0.051
12.790	0.0046	0.013	0.567	0.0155	0.000	0.054
12.795	0.0042	0.013	0.452	0.0226	0.000	0.063
12.800	0.0025	0.025	0.396	0.0297	0.001	0.079
12.805	0.0009	0.037	0.508	0.0410	0.000	0.069
12.810	0.0019	0.029	0.632	0.0356	0.000	0.060
12.815	0.0032	0.013	0.662	0.0161	0.000	0.060
12.820	0.0037	0.013	0.662	0.0211	0.000	0.065
12.825	0.0032	0.013	0.669	0.0242	0.000	0.069
12.830	0.0025	0.013	0.694	0.0136	0.000	0.084
12.835	0.0027	0.017	0.628	0.0146	0.000	0.102
12.840	0.0018	0.013	0.654	0.0327	0.000	0.114
12.845	0.0015	0.017	0.618	0.0152	0.000	0.125
12.850	0.0015	0.013	0.481	0.0220	0.001	0.126
12.855	0.0015	0.019	0.368	0.0231	0.001	0.159
12.860	0.0007	0.048	0.450	0.0331	0.001	0.151
12.865	0.0004	0.040	0.570	0.0223	0.001	0.149
12.870	0.0008	0.023	0.538	0.0143	0.001	0.148
12.875	0.0009	0.019	0.447	0.0243	0.001	0.159
12.880	0.0006	0.017	0.446	0.0139	0.001	0.148
12.885	0.0006	0.017	0.354	0.0177	0.002	0.186
12.890	0.0005	0.044	0.349	0.0241	0.003	0.213
12.895	0.0003	0.027	0.335	0.0169	0.003	0.229
12.900	0.0004	0.031	0.264	0.0227	0.007	0.258
12.905	0.0002	0.027	0.225	0.0179	0.007	0.265
12.910	0.0002	0.054	0.266	0.0263	0.007	0.262
12.915	0.0002	0.027	0.356	0.0268	0.005	0.256
12.920	0.0003	0.021	0.450	0.0147	0.004	0.265
12.925	0.0003	0.025	0.367	0.0184	0.006	0.271
12.930	0.0002	0.013	0.280	0.0216	0.008	0.304
12.935	0.0002	0.027	0.369	0.0307	0.006	0.289
12.940	0.0001	0.037	0.430	0.0190	0.005	0.272
12.945	0.0003	0.013	0.450	0.0176	0.007	0.295
12.950	0.0002	0.017	0.350	0.0242	0.009	0.321
12.955	0.0002	0.017	0.432	0.0190	0.008	0.316
12.960	0.0002	0.019	0.309	0.0170	0.011	0.344
12.965	0.0002	0.025	0.297	0.0230	0.011	0.342
12.970	0.0002	0.023	0.217	0.0262	0.009	0.329
12.975	0.0001	0.019	0.290	0.0201	0.012	0.377
12.980	0.0002	0.025	0.330	0.0364	0.010	0.340
12.985	0.0002	0.019	0.465	0.0215	0.005	0.310
12.990	0.0002	0.013	0.423	0.0125	0.006	0.314
12.995	0.0003	0.017	0.329	0.0170	0.012	0.358
13.000	0.0001	0.025	0.459	0.0299	0.008	0.341
13.005	0.0001	0.013	0.506	0.0237	0.007	0.347
13.010	0.0002	0.006	0.363	0.0218	0.013	0.384
13.015	0.0002	0.013	0.441	0.0280	0.009	0.361
13.020	0.0001	0.017	0.552	0.0257	0.005	0.314
13.025	0.0002	0.029	0.469	0.0172	0.004	0.302
13.030	0.0003	0.002	0.441	0.0228	0.007	0.313
13.035	0.0001	0.021	0.521	0.0367	0.005	0.306
13.040	0.0002	0.013	0.503	0.0128	0.005	0.308
13.045	0.0002	0.013	0.347	0.0169	0.009	0.359
13.050	0.0002	0.017	0.263	0.0243	0.005	0.260
13.055	0.0002	0.019	0.188	0.0270	0.004	0.212
13.060	0.0003	0.023	0.356	0.0275	0.003	0.231
13.065	0.0003	0.010	0.397	0.0267	0.004	0.259
13.070	0.0004	0.013	0.489	0.0361	0.003	0.259
13.075	0.0003	0.017	0.561	0.0196	0.003	0.269
13.080	0.0004	0.004	0.459	0.0289	0.005	0.305
13.085	0.0003	0.006	0.504	0.0303	0.006	0.335
13.090	0.0002	0.025	0.490	0.0193	0.006	0.339
13.095	0.0002	0.004	0.530	0.0287	0.007	0.355
13.100	0.0002	0.013	0.598	0.0257	0.006	0.326
13.105	0.0003	0.027	0.631	0.0162	0.005	0.328
13.110	0.0003	0.004	0.500	0.0236	0.006	0.332
13.115	0.0002	0.017	0.406	0.0207	0.015	0.390
13.120	0.0002	0.029	0.414	0.0168	0.018	0.392
13.125	0.0001	0.013	0.410	0.0237	0.015	0.373
13.130	0.0001	0.021	0.372	0.0156	0.013	0.371
13.135	0.0002	0.002	0.388	0.0195	0.011	0.374
13.140	0.0001	0.029	0.516	0.0175	0.007	0.354
13.145	0.0001	0.013	0.516	0.0216	0.009	0.367
13.150	0.0003	0.006	0.444	0.0190	0.016	0.383
13.155	0.0002	0.025	0.377	0.0150	0.024	0.419
13.160	0.0002	0.021	0.335	0.0272	0.015	0.379
13.165	0.0001	0.025	0.493	0.0189	0.008	0.344
13.170	0.0001	0.017	0.517	0.0165	0.008	0.339
13.175	0.0002	0.010	0.534	0.0253	0.008	0.345
13.180	0.0002	0.013	0.481	0.0245	0.008	0.330
13.185	0.0002	0.013	0.600	0.0161	0.008	0.320
13.190	0.0003	0.017	0.549	0.0146	0.008	0.322
13.195	0.0003	0.017	0.462	0.0211	0.009	0.347
13.200	0.0002	0.008	0.497	0.0232	0.009	0.350
13.205	0.0001	0.027	0.564	0.0292	0.006	0.332
13.210	0.0002	0.017	0.656	0.0168	0.005	0.321
13.215	0.0003	0.004	0.548	0.0260	0.006	0.334
13.220	0.0003	0.010	0.405	0.0143	0.012	0.359
13.225	0.0001	0.021	0.408	0.0232	0.010	0.360
13.230	0.0002	0.046	0.283	0.0232	0.009	0.335
13.235	0.0002	0.010	0.185	0.0327	0.014	0.360
13.240	0.0001	0.029	0.307	0.0241	0.018	0.375
13.245	0.0002	0.021	0.315	0.0192	0.018	0.385
13.250	0.0001	0.025	0.260	0.0301	0.015	0.358
13.255	0.0001	0.025	0.339	0.0274	0.014	0.357
13.260	0.0001	0.017	0.179	0.0171	0.011	0.332
13.265	0.0001	0.008	0.251	0.0207	0.016	0.348
13.270	0.0002	0.010	0.270	0.0209	0.011	0.335
13.275	0.0001	0.035	0.320	0.0148	0.016	0.386
13.280	0.0002	0.019	0.240	0.0313	0.014	0.356
13.285	0.0001	0.046	0.160	0.0405	0.012	0.364
13.290	0.0001	0.010	0.319	0.0281	0.009	0.364
13.295	0.0001	0.010	0.317	0.0212	0.010	0.360
13.300	0.0001	0.015	0.364	0.0113	0.019	0.412
13.305	0.0002	0.021	0.437	0.0213	0.017	0.399
13.310	0.0001	0.025	0.469	0.0163	0.014	0.409
13.315	0.0002	0.023	0.435	0.0391	0.012	0.352
13.320	0.0002	0.029	0.481	0.0294	0.008	0.323
13.325	0.0001	0.033	0.572	0.0231	0.005	0.285
13.330	0.0001	0.017	0.508	0.0272	0.008	0.304
13.335	0.0004	0.017	0.318	0.0216	0.013	0.353
13.340	0.0002	0.019	0.312	0.0282	0.019	0.401
13.345	0.0002	0.021	0.279	0.0119	0.021	0.419
13.350	0.0002	0.046	0.406	0.0167	0.022	0.401
13.355	0.0002	0.017	0.427	0.0256	0.019	0.395
13.360	0.0001	0.027	0.560	0.0138	0.021	0.424
13.365	0.0001	0.017	0.529	0.0143	0.026	0.423
13.370	0.0001	0.058	0.396	0.0178	0.031	0.432
13.375	0.0001	0.033	0.459	0.0161	0.023	0.416
13.380	0.0001	0.033	0.511	0.0137	0.014	0.392
13.385	0.0002	0.004	0.463	0.0260	0.017	0.419
13.390	0.0002	0.015	0.566	0.0200	0.012	0.379
13.395	0.0002	0.008	0.403	0.0119	0.017	0.385
13.400	0.0002	0.013	0.345	0.0173	0.024	0.424
13.405	0.0002	0.025	0.342	0.0251	0.020	0.389
13.410	0.0001	0.017	0.350	0.0167	0.018	0.371
13.415	0.0002	0.019	0.300	0.0273	0.024	0.378
13.420	0.0001	0.023	0.322	0.0144	0.033	0.391
13.425	0.0001	0.029	0.190	0.0193	0.034	0.405
13.430	0.0001	0.027	0.337	0.0318	0.019	0.360
13.435	0.0001	0.035	0.413	0.0219	0.011	0.374
13.440	0.0002	0.013	0.382	0.0292	0.007	0.345
13.445	0.0002	0.017	0.532	0.0225	0.006	0.317
13.450	0.0002	0.017	0.554	0.0103	0.005	0.294
13.455	0.0003	0.006	0.468	0.0204	0.008	0.326
13.460	0.0003	0.013	0.323	0.0317	0.012	0.374
13.465	0.0001	0.019	0.456	0.0169	0.011	0.361
13.470	0.0002	0.010	0.470	0.0150	0.016	0.343
13.475	0.0002	0.008	0.410	0.0215	0.020	0.349
13.480	0.0002	0.029	0.198	0.0189	0.039	0.381
13.485	0.0001	0.027	0.296	0.0192	0.033	0.361
13.490	0.0001	0.025	0.368	0.0253	0.015	0.326
13.495	0.0002	0.017	0.446	0.0248	0.012	0.338
13.500	0.0001	0.021	0.313	0.0144	0.023	0.402
13.505	0.0002	0.008	0.276	0.0240	0.035	0.425
13.510	0.0001	0.037	0.200	0.0168	0.044	0.439
13.515	0.0001	0.040	0.034	0.0150	0.205	0.530
13.520	0.0002	0.042	0.122	0.0073	0.983	0.307
13.525	0.0002	0.110	0.114	0.0029	0.989	0.258
13.530	0.0002	0.144	0.092	0.0116	0.914	0.338
13.535	0.0010	0.117	0.144	0.0153	0.708	0.448
13.540	0.0005	0.135	0.265	0.0059	0.836	0.459
13.545	0.0003	0.129	0.090	0.0099	0.727	0.528
13.550	0.0004	0.173	0.161	0.0141	0.368	0.539
13.555	0.0002	0.129	0.258	0.0121	0.565	0.457
13.560	0.0002	0.087	0.260	0.0081	0.630	0.410
13.565	0.0003	0.100	0.270	0.0129	0.517	0.428
13.570	0.0003	0.113	0.276	0.0114	0.465	0.436
13.575	0.0004	0.123	0.241	0.0119	0.496	0.450
13.580	0.0003	0.129	0.175	0.0183	0.556	0.430
13.585	0.0003	0.146	0.235	0.0109	0.538	0.408
13.590	0.0003	0.188	0.243	0.0188	0.433	0.382
13.595	0.0003	0.142	0.254	0.0167	0.509	0.352
13.600	0.0004	0.148	0.271	0.0169	0.412	0.331
13.605	0.0005	0.192	0.329	0.0155	0.285	0.350
13.610	0.0004	0.135	0.512	0.0190	0.091	0.316
13.615	0.0005	0.092	0.255	0.0169	0.050	0.282
13.620	0.0006	0.073	0.334	0.0241	0.011	0.117
13.625	0.0006	0.073	0.196	0.0180	0.006	0.063
13.630	0.0009	0.058	0.467	0.0278	0.004	0.027
13.635	0.0057	0.050	0.498	0.0151	0.003	0.017
13.640	0.0101	0.019	0.263	0.0278	0.001	0.016
13.645	0.0457	0.052	0.269	0.0193	0.001	0.011
13.650	0.0242	0.040	0.454	0.0215	0.000	0.011
13.655	0.1212	0.040	0.466	0.0256	0.000	0.012
13.660	0.0470	0.035	0.466	0.0225	0.000	0.013
13.665	0.1558	0.044	0.484	0.0243	0.001	0.014
13.670	0.0574	0.042	0.480	0.0203	0.001	0.016
13.675	0.1601	0.042	0.479	0.0288	0.001	0.017
13.680	0.0615	0.031	0.419	0.0156	0.001	0.016
13.685	0.1651	0.044	0.454	0.0186	0.001	0.016
13.690	0.0603	0.046	0.282	0.0161	0.001	0.016
13.695	0.1488	0.048	0.268	0.0283	0.001	0.018
13.700	0.0576	0.042	0.417	0.0182	0.001	0.021
13.705	0.0758	0.025	0.388	0.0238	0.001	0.023
13.710	0.0260	0.019	0.421	0.0178	0.001	0.020
13.715	0.0426	0.029	0.387	0.0305	0.001	0.017
13.720	0.0266	0.023	0.365	0.0149	0.001	0.016
13.725	0.0151	0.027	0.348	0.0220	0.001	0.019
13.730	0.0515	0.035	0.308	0.0132	0.001	0.018
13.735	0.0214	0.033	0.377	0.0271	0.001	0.020
13.740	0.0586	0.033	0.252	0.0146	0.001	0.015
13.745	0.0323	0.037	0.429	0.0226	0.001	0.017
13.750	0.1030	0.044	0.276	0.0152	0.001	0.014
13.755	0.0446	0.029	0.444	0.0155	0.001	0.015
13.760	0.1214	0.037	0.351	0.0182	0.001	0.017
13.765	0.0525	0.035	0.441	0.0129	0.001	0.016
13.770	0.1495	0.042	0.458	0.0184	0.001	0.017
13.775	0.0554	0.044	0.396	0.0152	0.001	0.016
13.780	0.1374	0.046	0.482	0.0211	0.001	0.018
13.785	0.0538	0.025	0.399	0.0132	0.001	0.016
13.790	0.0246	0.037	0.465	0.0207	0.001	0.016
13.795	0.0744	0.031	0.371	0.0161	0.001	0.014
13.800	0.0391	0.033	0.455	0.0202	0.001	0.018
13.805	0.1188	0.031	0.396	0.0203	0.001	0.017
13.810	0.0648	0.021	0.469	0.0215	0.000	0.017
13.815	0.1229	0.033	0.464	0.0286	0.000	0.014
13.820	0.0670	0.017	0.470	0.0165	0.000	0.015
13.825	0.1347	0.031	0.474	0.0175	0.001	0.016
13.830	0.0480	0.021	0.449	0.0184	0.001	0.014
13.835	0.1304	0.031	0.476	0.0196	0.001	0.016
13.840	0.0547	0.025	0.425	0.0196	0.001	0.013
13.845	0.0921	0.029	0.478	0.0263	0.001	0.015
13.850	0.0762	0.027	0.348	0.0205	0.000	0.012
13.855	0.0367	0.033	0.482	0.0234	0.000	0.014
13.860	0.0850	0.029	0.389	0.0217	0.000	0.012
13.865	0.0359	0.025	0.465	0.0193	0.001	0.012
13.870	0.0993	0.023	0.434	0.0194	0.001	0.011
13.875	0.0241	0.027	0.463	0.0243	0.001	0.012
13.880	0.0961	0.021	0.354	0.0232	0.001	0.012
13.885	0.0236	0.035	0.459	0.0229	0.000	0.012
13.890	0.0964	0.025	0.390	0.0212	0.000	0.010
13.895	0.0355	0.029	0.450	0.0213	0.000	0.009
13.900	0.1034	0.025	0.474	0.0191	0.001	0.013
13.905	0.0374	0.027	0.383	0.0197	0.000	0.013
13.910	0.0890	0.023	0.474	0.0222	0.001	0.015
13.915	0.0430	0.019	0.271	0.0247	0.001	0.014
13.920	0.0385	0.021	0.437	0.0321	0.000	0.019
13.925	0.0427	0.015	0.373	0.0319	0.000	0.018
13.930	0.0119	0.035	0.407	0.0288	0.000	0.018
13.935	0.0531	0.004	0.406	0.0306	0.000	0.018
13.940	0.0130	0.015	0.361	0.0249	0.000	0.020
13.945	0.0409	0.006	0.359	0.0394	0.000	0.023
13.950	0.0147	0.025	0.384	0.0194	0.000	0.019
13.955	0.0290	0.004	0.304	0.0343	0.000	0.025
13.960	0.0114	0.019	0.270	0.0474	0.000	0.022
13.965	0.0150	0.008	0.407	0.0239	0.000	0.021
13.970	0.0282	0.021	0.403	0.0509	0.000	0.026
13.975	0.0194	0.017	0.521	0.0560	0.000	0.023
13.980	0.0163	0.002	0.369	0.0179	0.000	0.028
13.985	0.0159	0.013	0.332	0.0459	0.000	0.028
13.990	0.0054	0.031	0.172	0.0338	0.000	0.028
13.995	0.0134	0.008	0.311	0.0291	0.000	0.038
14.000	0.0047	0.027	0.337	0.0322	0.000	0.033
14.005	0.0029	0.021	0.391	0.0351	0.000	0.030
14.010	0.0088	0.017	0.358	0.0347	0.000	0.031
14.015	0.0098	0.008	0.348	0.0415	0.000	0.035
14.020	0.0077	0.021	0.499	0.0223	0.000	0.031
14.025	0.0026	0.015	0.244	0.0192	0.000	0.040
14.030	0.0067	0.029	0.251	0.0295	0.000	0.046
14.035	0.0029	0.025	0.359	0.0210	0.000	0.054
14.040	0.0036	0.027	0.313	0.0318	0.000	0.064
14.045	0.0023	0.042	0.257	0.0311	0.000	0.064
14.050	0.0024	0.010	0.373	0.0226	0.000	0.074
14.055	0.0019	0.037	0.309	0.0301	0.000	0.073
14.060	0.0015	0.037	0.233	0.0186	0.000	0.078
14.065	0.0023	0.042	0.244	0.0277	0.000	0.096
14.070	0.0014	0.031	0.284	0.0264	0.000	0.086
14.075	0.0008	0.046	0.286	0.0293	0.000	0.093
14.080	0.0015	0.042	0.467	0.0219	0.000	0.107
14.085	0.0012	0.010	0.575	0.0263	0.000	0.112
14.090	0.0013	0.044	0.531	0.0199	0.000	0.111
14.095	0.0014	0.025	0.453	0.0291	0.001	0.125
14.100	0.0009	0.023	0.399	0.0297	0.001	0.126
14.105	0.0008	0.035	0.327	0.0156	0.001	0.132
14.110	0.0009	0.048	0.353	0.0211	0.001	0.163
14.115	0.0008	0.035	0.254	0.0317	0.002	0.172
14.120	0.0005	0.044	0.357	0.0203	0.002	0.189
14.125	0.0006	0.040	0.424	0.0227	0.001	0.173
14.130	0.0004	0.042	0.285	0.0243	0.003	0.206
14.135	0.0005	0.033	0.238	0.0241	0.005	0.243
14.140	0.0003	0.054	0.219	0.0201	0.005	0.238
14.145	0.0004	0.058	0.226	0.0188	0.006	0.251
14.150	0.0004	0.044	0.272	0.0298	0.006	0.268
14.155	0.0002	0.019	0.404	0.0166	0.006	0.273
14.160	0.0003	0.040	0.366	0.0217	0.006	0.276
14.165	0.0003	0.044	0.285	0.0229	0.007	0.284
14.170	0.0002	0.037	0.273	0.0271	0.007	0.277
14.175	0.0002	0.056	0.367	0.0182	0.006	0.276
14.180	0.0003	0.035	0.220	0.0245	0.011	0.306
14.185	0.0002	0.027	0.271	0.0207	0.010	0.304
14.190	0.0001	0.037	0.261	0.0158	0.010	0.315
14.195	0.0003	0.040	0.237	0.0170	0.010	0.305
14.200	0.0002	0.025	0.298	0.0323	0.008	0.316
14.205	0.0001	0.035	0.416	0.0223	0.006	0.320
14.210	0.0002	0.029	0.483	0.0221	0.005	0.310
14.215	0.0003	0.021	0.475	0.0207	0.007	0.338
14.220	0.0003	0.010	0.268	0.0235	0.018	0.380
14.225	0.0002	0.037	0.187	0.0194	0.024	0.382
14.230	0.0001	0.058	0.302	0.0264	0.018	0.341
14.235	0.0001	0.033	0.304	0.0231	0.012	0.331
14.240	0.0001	0.033	0.437	0.0248	0.009	0.369
14.245	0.0001	0.015	0.375	0.0130	0.008	0.350
14.250	0.0002	0.013	0.258	0.0339	0.013	0.373
14.255	0.0002	0.037	0.373	0.0260	0.011	0.361
14.260	0.0002	0.029	0.221	0.0235	0.008	0.324
14.265	0.0002	0.004	0.366	0.0230	0.007	0.332
14.270	0.0003	0.008	0.338	0.0303	0.005	0.312
14.275	0.0001	0.015	0.501	0.0292	0.004	0.289
14.280	0.0001	0.013	0.439	0.0175	0.003	0.281
14.285	0.0003	0.006	0.276	0.0349	0.007	0.331
14.290	0.0003	0.013	0.307	0.0205	0.009	0.363
14.295	0.0002	0.017	0.310	0.0316	0.009	0.361
14.300	0.0002	0.008	0.441	0.0220	0.007	0.361
14.305	0.0001	0.013	0.388	0.0176	0.007	0.370
14.310	0.0002	0.006	0.306	0.0258	0.010	0.367
14.315	0.0001	0.025	0.402	0.0187	0.013	0.369
14.320	0.0002	0.006	0.470	0.0238	0.014	0.377
14.325	0.0001	0.023	0.364	0.0172	0.012	0.373
14.330	0.0002	0.017	0.349	0.0184	0.013	0.365
14.335	0.0002	0.010	0.336	0.0190	0.014	0.374
14.340	0.0002	0.013	0.486	0.0249	0.013	0.341
14.345	0.0001	0.033	0.525	0.0137	0.015	0.377
14.350	0.0003	0.025	0.399	0.0194	0.015	0.399
14.355	0.0002	0.021	0.407	0.0282	0.010	0.375
14.360	0.0001	0.031	0.556	0.0334	0.004	0.300
14.365	0.0002	0.004	0.627	0.0168	0.003	0.293
14.370	0.0003	0.004	0.423	0.0194	0.006	0.314
14.375	0.0004	0.006	0.324	0.0401	0.010	0.359
14.380	0.0002	0.015	0.366	0.0338	0.008	0.345
14.385	0.0001	0.006	0.497	0.0337	0.006	0.340
14.390	0.0002	0.017	0.653	0.0132	0.003	0.300
14.395	0.0002	0.008	0.605	0.0136	0.004	0.338
14.400	0.0003	0.004	0.368	0.0218	0.010	0.354
14.405	0.0002	0.017	0.271	0.0275	0.012	0.351
14.410	0.0001	0.025	0.347	0.0166	0.009	0.307
14.415	0.0001	0.006	0.317	0.0156	0.010	0.341
14.420	0.0002	0.033	0.420	0.0284	0.014	0.385
14.425	0.0002	0.025	0.449	0.0239	0.011	0.366
14.430	0.0002	0.010	0.449	0.0156	0.007	0.331
14.435	0.0002	0.013	0.333	0.0111	0.010	0.355
14.440	0.0002	0.017	0.182	0.0406	0.016	0.366
14.445	0.0001	0.023	0.272	0.0229	0.009	0.329
14.450	0.0001	0.033	0.403	0.0137	0.009	0.340
14.455	0.0002	0.006	0.347	0.0238	0.010	0.336
14.460	0.0001	0.010	0.436	0.0295	0.009	0.351
14.465	0.0002	0.021	0.428	0.0169	0.008	0.351
14.470	0.0002	0.019	0.436	0.0203	0.011	0.376
14.475	0.0002	0.025	0.461	0.0223	0.009	0.368
14.480	0.0002	0.008	0.421	0.0180	0.015	0.321
14.485	0.0002	0.008	0.476	0.0225	0.015	0.286
14.490	0.0002	0.008	0.362	0.0219	0.007	0.303
14.495	0.0003	0.004	0.387	0.0185	0.008	0.315
14.500	0.0003	0.021	0.372	0.0195	0.008	0.330
14.505	0.0002	0.015	0.456	0.0229	0.011	0.350
14.510	0.0002	0.025	0.341	0.0240	0.016	0.379
14.515	0.0002	0.029	0.328	0.0199	0.014	0.376
14.520	0.0001	0.013	0.380	0.0111	0.014	0.359
14.525	0.0002	0.015	0.272	0.0184	0.019	0.377
14.530	0.0001	0.033	0.202	0.0232	0.021	0.396
14.535	0.0001	0.029	0.267	0.0177	0.019	0.386
14.540	0.0001	0.031	0.223	0.0200	0.020	0.393
14.545	0.0002	0.035	0.274	0.0346	0.022	0.391
14.550	0.0001	0.021	0.414	0.0103	0.074	0.426
14.555	0.0002	0.010	0.271	0.0156	0.086	0.456
14.560	0.0002	0.048	0.178	0.0212	0.026	0.411
14.565	0.0001	0.017	0.260	0.0172	0.024	0.406
14.570	0.0001	0.013	0.173	0.0189	0.018	0.381
14.575	0.0001	0.033	0.231	0.0202	0.013	0.363
14.580	0.0002	0.017	0.265	0.0256	0.012	0.378
14.585	0.0002	0.029	0.312	0.0154	0.011	0.380
14.590	0.0001	0.006	0.284	0.0150	0.018	0.413
14.595	0.0001	0.040	0.186	0.0258	0.021	0.418
14.600	0.0001	0.025	0.380	0.0280	0.012	0.364
14.605	0.0001	0.027	0.435	0.0250	0.012	0.365
14.610	0.0001	0.017	0.538	0.0197	0.009	0.356
14.615	0.0001	0.004	0.377	0.0226	0.010	0.335
14.620	0.0002	0.002	0.206	0.0257	0.016	0.352
14.625	0.0001	0.031	0.190	0.0547	0.010	0.219
14.630	0.0002	0.015	0.406	0.0308	0.002	0.076
14.635	0.0002	0.033	0.503	0.0218	0.000	0.047
14.640	0.0030	0.037	0.418	0.0184	0.001	0.052
14.645	0.0112	0.037	0.272	0.0296	0.004	0.070
14.650	0.0056	0.042	0.281	0.0263	0.009	0.061
14.655	0.0073	0.035	0.332	0.0215	0.023	0.063
14.660	0.0118	0.046	0.367	0.0165	0.057	0.062
14.665	0.0110	0.058	0.396	0.0180	0.090	0.064
14.670	0.0201	0.048	0.420	0.0318	0.102	0.057
14.675	0.0167	0.065	0.479	0.0340	0.059	0.052
14.680	0.0204	0.071	0.419	0.0181	0.064	0.044
14.685	0.0675	0.050	0.269	0.0208	0.091	0.042
14.690	0.0837	0.058	0.324	0.0220	0.079	0.036
14.695	0.0579	0.065	0.432	0.0168	0.130	0.035
14.700	0.1078	0.054	0.261	0.0130	0.198	0.038
14.705	0.0614	0.077	0.240	0.0186	0.184	0.036
14.710	0.0653	0.071	0.286	0.0196	0.217	0.036
14.715	0.0721	0.065	0.229	0.0147	0.246	0.037
14.720	0.0608	0.079	0.195	0.0189	0.163	0.032
14.725	0.0735	0.067	0.229	0.0193	0.200	0.035
14.730	0.1027	0.062	0.292	0.0166	0.223	0.036
14.735	0.0506	0.071	0.237	0.0163	0.269	0.039
14.740	0.0947	0.075	0.224	0.0188	0.190	0.038
14.745	0.0641	0.071	0.261	0.0154	0.237	0.037
14.750	0.0994	0.079	0.252	0.0152	0.281	0.042
14.755	0.0725	0.077	0.218	0.0159	0.261	0.042
14.760	0.0784	0.085	0.291	0.0145	0.274	0.042
14.765	0.0616	0.092	0.223	0.0151	0.241	0.041
14.770	0.0680	0.081	0.320	0.0245	0.109	0.038
14.775	0.0775	0.067	0.398	0.0217	0.065	0.033
14.780	0.0970	0.062	0.404	0.0195	0.039	0.033
14.785	0.1226	0.050	0.399	0.0248	0.045	0.035
14.790	0.0556	0.054	0.216	0.0422	0.016	0.039
14.795	0.0368	0.035	0.251	0.0223	0.003	0.025
14.800	0.0375	0.019	0.318	0.0218	0.002	0.024
14.805	0.1782	0.019	0.241	0.0177	0.002	0.020
14.810	0.0686	0.015	0.252	0.0319	0.001	0.020
14.815	0.1521	0.025	0.320	0.0174	0.001	0.019
14.820	0.0611	0.019	0.329	0.0269	0.000	0.011
14.825	0.1323	0.023	0.409	0.0160	0.000	0.010
14.830	0.3226	0.027	0.425	0.0279	0.000	0.013
14.835	0.1307	0.019	0.365	0.0241	0.000	0.012
14.840	0.3530	0.023	0.452	0.0343	0.000	0.012
14.845	0.1677	0.019	0.402	0.0240	0.000	0.013
14.850	0.4531	0.023	0.477	0.0195	0.001	0.013
14.855	0.2301	0.025	0.384	0.0299	0.000	0.013
14.860	0.3198	0.023	0.458	0.0422	0.000	0.010
14.865	0.1836	0.021	0.455	0.0223	0.000	0.010
14.870	0.3249	0.021	0.485	0.0298	0.000	0.010
14.875	0.1835	0.021	0.437	0.0208	0.000	0.012
14.880	0.3536	0.021	0.495	0.0167	0.000	0.013
14.885	0.1435	0.029	0.455	0.0227	0.000	0.014
14.890	0.3095	0.023	0.578	0.0219	0.000	0.013
14.895	0.1721	0.023	0.432	0.0199	0.000	0.011
14.900	0.3430	0.021	0.507	0.0418	0.001	0.014
14.905	0.1501	0.023	0.323	0.0190	0.001	0.014
14.910	0.2880	0.019	0.409	0.0274	0.002	0.015
14.915	0.1356	0.019	0.275	0.0214	0.002	0.014
14.920	0.1443	0.021	0.235	0.0331	0.003	0.021
14.925	0.0879	0.015	0.257	0.0153	0.004	0.022
14.930	0.0368	0.017	0.181	0.0229	0.017	0.046
14.935	0.0413	0.019	0.288	0.0223	0.026	0.054
14.940	0.0295	0.033	0.315	0.0195	0.014	0.051
14.945	0.0265	0.031	0.395	0.0199	0.017	0.048
14.950	0.0183	0.027	0.234	0.0228	0.015	0.052
14.955	0.0262	0.029	0.298	0.0245	0.012	0.053
14.960	0.0144	0.019	0.281	0.0218	0.014	0.063
14.965	0.0210	0.019	0.262	0.0263	0.010	0.058
14.970	0.0073	0.029	0.310	0.0201	0.037	0.067
14.975	0.0260	0.021	0.232	0.0275	0.038	0.082
14.980	0.0142	0.040	0.196	0.0175	0.067	0.086
14.985	0.0096	0.023	0.196	0.0219	0.322	0.090
14.990	0.0101	0.062	0.214	0.0160	0.793	0.082
14.995	0.0138	0.096	0.233	0.0120	0.928	0.076
15.000	0.0247	0.154	0.168	0.0138	0.917	0.073
15.005	0.0455	0.154	0.177	0.0147	0.930	0.072
15.010	0.0357	0.142	0.179	0.0138	0.908	0.075
15.015	0.0498	0.152	0.193	0.0139	0.914	0.075
15.020	0.0369	0.146	0.198	0.0129	0.860	0.080
15.025	0.0287	0.148	0.180	0.0119	0.804	0.090
15.030	0.0210	0.133	0.145	0.0181	0.550	0.100
15.035	0.0125	0.106	0.105	0.0440	0.256	0.091
15.040	0.0096	0.092	0.094	0.0257	0.013	0.043
15.045	0.0155	0.029	0.372	0.0145	0.007	0.031
15.050	0.0105	0.037	0.382	0.0297	0.004	0.023
15.055	0.0460	0.037	0.297	0.0153	0.003	0.019
15.060	0.0277	0.013	0.427	0.0295	0.003	0.019
15.065	0.0738	0.017	0.318	0.0129	0.002	0.015
15.070	0.0378	0.015	0.433	0.0226	0.002	0.020
15.075	0.0685	0.023	0.253	0.0223	0.001	0.017
15.080	0.0307	0.017	0.352	0.0303	0.001	0.022
15.085	0.0862	0.015	0.212	0.0268	0.001	0.023
15.090	0.0238	0.013	0.254	0.0152	0.001	0.031
15.095	0.0863	0.021	0.294	0.0402	0.003	0.044
15.100	0.0129	0.013	0.139	0.0215	0.002	0.041
15.105	0.0352	0.006	0.252	0.0344	0.008	0.061
15.110	0.0171	0.013	0.180	0.0355	0.005	0.064
15.115	0.0144	0.019	0.303	0.0292	0.007	0.074
15.120	0.0282	0.004	0.415	0.0396	0.007	0.072
15.125	0.0186	0.013	0.396	0.0145	0.005	0.072
15.130	0.0174	0.015	0.267	0.0160	0.020	0.110
15.135	0.0247	0.044	0.254	0.0258	0.022	0.130
15.140	0.0081	0.029	0.258	0.0208	0.066	0.164
15.145	0.0117	0.021	0.273	0.0376	0.017	0.125
15.150	0.0070	0.033	0.248	0.0487	0.001	0.049
15.155	0.0272	0.006	0.249	0.0326	0.001	0.021
15.160	0.0104	0.019	0.371	0.0237	0.000	0.018
15.165	0.0838	0.015	0.359	0.0494	0.000	0.019
15.170	0.0366	0.015	0.311	0.0218	0.000	0.014
15.175	0.0175	0.017	0.392	0.0346	0.000	0.021
15.180	0.0878	0.013	0.454	0.0202	0.000	0.018
15.185	0.0292	0.015	0.360	0.0232	0.000	0.018
15.190	0.1217	0.015	0.309	0.0332	0.000	0.017
15.195	0.0458	0.023	0.266	0.0187	0.000	0.018
15.200	0.1275	0.015	0.313	0.0334	0.001	0.025
15.205	0.0638	0.015	0.308	0.0192	0.001	0.023
15.210	0.0354	0.019	0.309	0.0283	0.001	0.025
15.215	0.0712	0.015	0.138	0.0196	0.001	0.022
15.220	0.0243	0.015	0.367	0.0217	0.001	0.026
15.225	0.0740	0.031	0.398	0.0203	0.001	0.020
15.230	0.0183	0.013	0.310	0.0122	0.001	0.014
15.235	0.0699	0.029	0.385	0.0325	0.001	0.017
15.240	0.0373	0.021	0.164	0.0186	0.001	0.013
15.245	0.0196	0.019	0.257	0.0237	0.001	0.018
15.250	0.0556	0.021	0.236	0.0454	0.001	0.027
15.255	0.0266	0.017	0.348	0.0150	0.001	0.023
15.260	0.0095	0.019	0.188	0.0247	0.005	0.053
15.265	0.0171	0.019	0.236	0.0522	0.007	0.064
15.270	0.0170	0.021	0.319	0.0313	0.016	0.079
15.275	0.0065	0.021	0.196	0.0144	0.026	0.086
15.280	0.0115	0.017	0.287	0.0226	0.051	0.094
15.285	0.0101	0.046	0.358	0.0195	0.057	0.091
15.290	0.0122	0.065	0.195	0.0185	0.064	0.102
15.295	0.0112	0.031	0.221	0.0200	0.060	0.100
15.300	0.0130	0.025	0.210	0.0209	0.052	0.109
15.305	0.0103	0.042	0.241	0.0259	0.051	0.124
15.310	0.0091	0.046	0.334	0.0135	0.053	0.144
15.315	0.0082	0.040	0.391	0.0176	0.060	0.146
15.320	0.0051	0.060	0.366	0.0193	0.068	0.157
15.325	0.0047	0.060	0.331	0.0144	0.088	0.162
15.330	0.0043	0.044	0.166	0.0158	0.119	0.171
15.335	0.0048	0.073	0.101	0.0255	0.114	0.161
15.340	0.0032	0.073	0.255	0.0338	0.004	0.066
15.345	0.0034	0.042	0.312	0.0309	0.003	0.051
15.350	0.0143	0.015	0.304	0.0218	0.001	0.028
15.355	0.0174	0.025	0.435	0.0174	0.001	0.028
15.360	0.0681	0.013	0.448	0.0138	0.001	0.024
15.365	0.0195	0.025	0.367	0.0152	0.001	0.023
15.370	0.0884	0.025	0.465	0.0242	0.002	0.025
15.375	0.0456	0.021	0.160	0.0176	0.001	0.021
15.380	0.0125	0.029	0.477	0.0260	0.001	0.024
15.385	0.0604	0.029	0.266	0.0228	0.001	0.020
15.390	0.0127	0.023	0.406	0.0298	0.001	0.025
15.395	0.0714	0.015	0.444	0.0379	0.001	0.023
15.400	0.0320	0.017	0.334	0.0320	0.000	0.019
15.405	0.0818	0.013	0.417	0.0332	0.001	0.021
15.410	0.0238	0.021	0.429	0.0225	0.000	0.013
15.415	0.0121	0.025	0.368	0.0243	0.000	0.015
15.420	0.0550	0.010	0.269	0.0465	0.000	0.019
15.425	0.0268	0.017	0.307	0.0183	0.000	0.018
15.430	0.0405	0.010	0.422	0.0444	0.001	0.035
15.435	0.0207	0.008	0.424	0.0320	0.000	0.024
15.440	0.0131	0.010	0.446	0.0250	0.000	0.034
15.445	0.0449	0.013	0.381	0.0427	0.001	0.047
15.450	0.0256	0.008	0.385	0.0431	0.000	0.039
15.455	0.0132	0.002	0.287	0.0230	0.002	0.059
15.460	0.0237	0.008	0.320	0.0384	0.004	0.070
15.465	0.0195	0.006	0.206	0.0464	0.005	0.071
15.470	0.0149	0.006	0.331	0.0427	0.018	0.089
15.475	0.0120	0.010	0.275	0.0432	0.007	0.077
15.480	0.0108	0.004	0.190	0.0178	0.012	0.096
15.485	0.0115	0.013	0.422	0.0244	0.029	0.121
15.490	0.0161	0.042	0.227	0.0316	0.010	0.104
15.495	0.0058	0.023	0.368	0.0199	0.022	0.131
15.500	0.0215	0.008	0.327	0.0493	0.031	0.139
15.505	0.0090	0.044	0.207	0.0117	0.029	0.119
15.510	0.0189	0.008	0.341	0.0270	0.012	0.077
15.515	0.0221	0.025	0.343	0.0245	0.004	0.061
15.520	0.0287	0.019	0.409	0.0335	0.005	0.051
15.525	0.0196	0.031	0.345	0.0175	0.001	0.032
15.530	0.0075	0.031	0.411	0.0214	0.002	0.030
15.535	0.0317	0.008	0.365	0.0145	0.002	0.024
15.540	0.0171	0.021	0.399	0.0214	0.002	0.025
15.545	0.0632	0.017	0.428	0.0126	0.002	0.022
15.550	0.0379	0.025	0.434	0.0187	0.003	0.022
15.555	0.0855	0.023	0.439	0.0139	0.003	0.020
15.560	0.0421	0.031	0.459	0.0227	0.002	0.018
15.565	0.1007	0.017	0.396	0.0240	0.001	0.013
15.570	0.1601	0.021	0.402	0.0234	0.001	0.010
15.575	0.1201	0.008	0.362	0.0193	0.001	0.012
15.580	0.2459	0.029	0.362	0.0292	0.002	0.014
15.585	0.0893	0.025	0.354	0.0207	0.002	0.013
15.590	0.1595	0.019	0.347	0.0195	0.001	0.011
15.595	0.0807	0.029	0.423	0.0173	0.001	0.011
15.600	0.1124	0.027	0.427	0.0215	0.001	0.011
15.605	0.2365	0.019	0.504	0.0178	0.002	0.012
15.610	0.1060	0.010	0.496	0.0227	0.002	0.015
15.615	0.1545	0.010	0.595	0.0143	0.003	0.014
15.620	0.1126	0.010	0.535	0.0280	0.004	0.014
15.625	0.0685	0.019	0.444	0.0252	0.004	0.012
15.630	0.2018	0.019	0.588	0.0167	0.004	0.008
15.635	0.1032	0.010	0.536	0.0203	0.005	0.010
15.640	0.0674	0.017	0.507	0.0208	0.006	0.011
15.645	0.1433	0.015	0.527	0.0180	0.006	0.011
15.650	0.1225	0.021	0.629	0.0134	0.004	0.011
15.655	0.0460	0.017	0.559	0.0106	0.003	0.012
15.660	0.0916	0.013	0.526	0.0138	0.004	0.012
15.665	0.1882	0.017	0.540	0.0194	0.004	0.012
15.670	0.0544	0.015	0.584	0.0147	0.002	0.010
15.675	0.0935	0.021	0.493	0.0173	0.003	0.012
15.680	0.2372	0.023	0.598	0.0192	0.003	0.013
15.685	0.1473	0.008	0.590	0.0181	0.003	0.015
15.690	0.1136	0.010	0.581	0.0265	0.005	0.016
15.695	0.1529	0.019	0.600	0.0146	0.005	0.017
15.700	0.2412	0.021	0.628	0.0121	0.004	0.018
15.705	0.1056	0.017	0.621	0.0189	0.004	0.016
15.710	0.1351	0.017	0.551	0.0092	0.004	0.017
15.715	0.2531	0.015	0.637	0.0113	0.004	0.017
15.720	0.1060	0.015	0.637	0.0125	0.003	0.017
15.725	0.1352	0.021	0.577	0.0120	0.003	0.017
15.730	0.2271	0.025	0.639	0.0109	0.003	0.019
15.735	0.0977	0.015	0.636	0.0179	0.003	0.019
15.740	0.1067	0.017	0.623	0.0155	0.004	0.018
15.745	0.1626	0.019	0.632	0.0117	0.003	0.017
15.750	0.0779	0.025	0.632	0.0105	0.003	0.017
15.755	0.0817	0.015	0.506	0.0167	0.002	0.017
15.760	0.1153	0.015	0.534	0.0165	0.002	0.021
15.765	0.1277	0.017	0.638	0.0174	0.002	0.022
15.770	0.0624	0.015	0.636	0.0218	0.003	0.026
15.775	0.0848	0.006	0.651	0.0123	0.003	0.025
15.780	0.1788	0.013	0.636	0.0111	0.005	0.020
15.785	0.0673	0.015	0.528	0.0174	0.004	0.019
15.790	0.0855	0.019	0.540	0.0180	0.002	0.017
15.795	0.1550	0.021	0.643	0.0245	0.002	0.014
15.800	0.0738	0.010	0.630	0.0134	0.002	0.013
15.805	0.1127	0.010	0.656	0.0116	0.002	0.013
15.810	0.1478	0.008	0.647	0.0163	0.002	0.013
15.815	0.0856	0.010	0.541	0.0188	0.004	0.014
15.820	0.1127	0.008	0.559	0.0141	0.005	0.014
15.825	0.1214	0.008	0.629	0.0273	0.004	0.014
15.830	0.0755	0.008	0.547	0.0139	0.003	0.015
15.835	0.1257	0.008	0.585	0.0111	0.003	0.014
15.840	0.0710	0.013	0.533	0.0390	0.002	0.018
15.845	0.0457	0.008	0.464	0.0267	0.003	0.022
15.850	0.0998	0.010	0.589	0.0244	0.001	0.021
15.855	0.0401	0.004	0.604	0.0390	0.000	0.020
15.860	0.0649	0.006	0.579	0.0428	0.000	0.019
15.865	0.0885	0.004	0.636	0.0177	0.000	0.018
15.870	0.0546	0.006	0.633	0.0450	0.000	0.016
15.875	0.0626	0.006	0.569	0.0294	0.000	0.015
15.880	0.0971	0.004	0.632	0.0103	0.000	0.015
15.885	0.0511	0.006	0.631	0.0336	0.000	0.016
15.890	0.0534	0.006	0.548	0.0376	0.000	0.017
15.895	0.1029	0.004	0.656	0.0222	0.000	0.017
15.900	0.0442	0.006	0.641	0.0564	0.000	0.016
15.905	0.0549	0.006	0.555	0.0265	0.000	0.017
15.910	0.1074	0.010	0.644	0.0117	0.000	0.018
15.915	0.0291	0.013	0.623	0.0307	0.000	0.019
15.920	0.0456	0.006	0.575	0.0176	0.001	0.018
15.925	0.0953	0.002	0.641	0.0109	0.001	0.018
15.930	0.0257	0.008	0.632	0.0184	0.002	0.022
15.935	0.0380	0.002	0.550	0.0310	0.002	0.026
15.940	0.0723	0.002	0.600	0.0175	0.003	0.027
15.945	0.0580	0.008	0.645	0.0206	0.003	0.028
15.950	0.0450	0.002	0.648	0.0291	0.003	0.027
15.955	0.0489	0.010	0.643	0.0167	0.002	0.025
15.960	0.1260	0.013	0.653	0.0092	0.002	0.023
15.965	0.0563	0.004	0.647	0.0216	0.003	0.023
15.970	0.0491	0.010	0.659	0.0090	0.004	0.023
15.975	0.1416	0.006	0.670	0.0095	0.004	0.024
15.980	0.0617	0.006	0.646	0.0187	0.004	0.024
15.985	0.0630	0.004	0.655	0.0084	0.004	0.023
15.990	0.0685	0.006	0.599	0.0184	0.003	0.023
15.995	0.1267	0.008	0.639	0.0179	0.004	0.028
16.000	0.0630	0.004	0.651	0.0162	0.006	0.034
16.005	0.0368	0.006	0.578	0.0162	0.007	0.036
16.010	0.1092	0.006	0.634	0.0117	0.009	0.039
16.015	0.0560	0.010	0.654	0.0217	0.011	0.039
16.020	0.0402	0.013	0.618	0.0241	0.017	0.040
16.025	0.0753	0.015	0.624	0.0129	0.017	0.044
16.030	0.0970	0.008	0.628	0.0200	0.027	0.043
16.035	0.0481	0.025	0.598	0.0267	0.038	0.045
16.040	0.0668	0.027	0.517	0.0197	0.043	0.047
16.045	0.0932	0.010	0.545	0.0173	0.063	0.049
16.050	0.0410	0.033	0.487	0.0223	0.089	0.050
16.055	0.0348	0.052	0.380	0.0176	0.109	0.058
16.060	0.0808	0.025	0.529	0.0125	0.163	0.060
16.065	0.0302	0.065	0.309	0.0117	0.273	0.065
16.070	0.0328	0.067	0.218	0.0182	0.535	0.068
16.075	0.0456	0.046	0.210	0.0101	0.702	0.071
16.080	0.0469	0.110	0.184	0.0158	0.756	0.070
16.085	0.0269	0.069	0.152	0.0194	0.755	0.068
16.090	0.0520	0.100	0.221	0.0130	0.825	0.064
16.095	0.0266	0.094	0.175	0.0165	0.792	0.071
16.100	0.0403	0.106	0.254	0.0186	0.835	0.071
16.105	0.0335	0.123	0.233	0.0155	0.878	0.071
16.110	0.0411	0.115	0.206	0.0126	0.845	0.083
16.115	0.0608	0.115	0.183	0.0186	0.835	0.087
16.120	0.0326	0.127	0.231	0.0150	0.888	0.090
16.125	0.0372	0.127	0.189	0.0129	0.913	0.093
16.130	0.0337	0.119	0.172	0.0154	0.948	0.098
16.135	0.0321	0.129	0.164	0.0130	0.973	0.089
16.140	0.0318	0.133	0.176	0.0143	0.985	0.083
16.145	0.0460	0.158	0.139	0.0185	0.986	0.084
16.150	0.0284	0.123	0.163	0.0161	0.978	0.085
16.155	0.0378	0.150	0.146	0.0160	0.967	0.087
16.160	0.0251	0.142	0.163	0.0184	0.798	0.097
16.165	0.0265	0.129	0.326	0.0282	0.351	0.094
16.170	0.0157	0.077	0.474	0.0325	0.065	0.075
16.175	0.0175	0.042	0.530	0.0301	0.017	0.057
16.180	0.0254	0.021	0.667	0.0145	0.007	0.041
16.185	0.0335	0.008	0.602	0.0101	0.008	0.045
16.190	0.0408	0.006	0.561	0.0200	0.012	0.042
16.195	0.0358	0.013	0.436	0.0147	0.011	0.040
16.200	0.0595	0.019	0.357	0.0304	0.010	0.046
16.205	0.0342	0.017	0.346	0.0224	0.005	0.043
16.210	0.0384	0.021	0.386	0.0251	0.006	0.052
16.215	0.0307	0.013	0.282	0.0423	0.007	0.060
16.220	0.0260	0.019	0.537	0.0215	0.010	0.068
16.225	0.0231	0.021	0.544	0.0206	0.009	0.072
16.230	0.0138	0.027	0.550	0.0144	0.010	0.074
16.235	0.0151	0.015	0.510	0.0178	0.013	0.084
16.240	0.0114	0.013	0.350	0.0258	0.034	0.107
16.245	0.0083	0.013	0.407	0.0336	0.038	0.105
16.250	0.0036	0.027	0.420	0.0182	0.031	0.106
16.255	0.0056	0.029	0.411	0.0279	0.042	0.134
16.260	0.0047	0.008	0.416	0.0268	0.046	0.167
16.265	0.0022	0.042	0.550	0.0230	0.035	0.146
16.270	0.0039	0.031	0.573	0.0153	0.047	0.122
16.275	0.0047	0.025	0.536	0.0140	0.049	0.142
16.280	0.0036	0.027	0.535	0.0245	0.031	0.162
16.285	0.0027	0.015	0.659	0.0236	0.020	0.151
16.290	0.0033	0.023	0.646	0.0155	0.017	0.125
16.295	0.0046	0.025	0.589	0.0240	0.021	0.132
16.300	0.0037	0.006	0.662	0.0218	0.019	0.144
16.305	0.0019	0.013	0.590	0.0303	0.021	0.146
16.310	0.0031	0.019	0.165	0.0191	0.512	0.154
16.315	0.0013	0.029	0.160	0.0092	0.571	0.137
16.320	0.0025	0.060	0.172	0.0328	0.184	0.144
16.325	0.0056	0.040	0.325	0.0412	0.004	0.096
16.330	0.0030	0.025	0.399	0.0156	0.004	0.104
16.335	0.0112	0.015	0.302	0.0237	0.011	0.111
16.340	0.0107	0.031	0.345	0.0161	0.018	0.094
16.345	0.0112	0.027	0.385	0.0217	0.013	0.085
16.350	0.0076	0.027	0.315	0.0246	0.027	0.095
16.355	0.0156	0.029	0.264	0.0187	0.044	0.105
16.360	0.0142	0.033	0.249	0.0225	0.041	0.093
16.365	0.0128	0.040	0.223	0.0302	0.036	0.075
16.370	0.0110	0.044	0.171	0.0351	0.008	0.044
16.375	0.0148	0.029	0.289	0.0323	0.001	0.024
16.380	0.0336	0.023	0.281	0.0224	0.000	0.016
16.385	0.0415	0.025	0.390	0.0253	0.001	0.022
16.390	0.1290	0.023	0.424	0.0247	0.001	0.015
16.395	0.0593	0.019	0.388	0.0220	0.000	0.014
16.400	0.1655	0.027	0.415	0.0203	0.000	0.012
16.405	0.0736	0.025	0.286	0.0241	0.000	0.011
16.410	0.1398	0.025	0.431	0.0307	0.000	0.017
16.415	0.0896	0.025	0.266	0.0221	0.000	0.016
16.420	0.0496	0.031	0.445	0.0207	0.000	0.020
16.425	0.0929	0.025	0.358	0.0197	0.000	0.014
16.430	0.0365	0.017	0.420	0.0167	0.000	0.011
16.435	0.1461	0.025	0.475	0.0240	0.001	0.011
16.440	0.0543	0.021	0.364	0.0248	0.000	0.009
16.445	0.0773	0.033	0.461	0.0248	0.000	0.010
16.450	0.0754	0.019	0.274	0.0223	0.000	0.008
16.455	0.0343	0.017	0.422	0.0207	0.000	0.010
16.460	0.1068	0.025	0.395	0.0161	0.000	0.010
16.465	0.0484	0.019	0.360	0.0240	0.000	0.009
16.470	0.1304	0.025	0.473	0.0169	0.000	0.010
16.475	0.0511	0.023	0.288	0.0218	0.000	0.009
16.480	0.0272	0.023	0.447	0.0294	0.000	0.011
16.485	0.0673	0.023	0.324	0.0165	0.000	0.008
16.490	0.0302	0.017	0.425	0.0260	0.000	0.011
16.495	0.1035	0.027	0.467	0.0297	0.000	0.010
16.500	0.0561	0.015	0.380	0.0294	0.000	0.009
16.505	0.1042	0.025	0.454	0.0269	0.000	0.011
16.510	0.0562	0.019	0.308	0.0248	0.000	0.007
16.515	0.0356	0.021	0.442	0.0260	0.000	0.010
16.520	0.0907	0.025	0.365	0.0204	0.000	0.009
16.525	0.0450	0.021	0.386	0.0265	0.000	0.010
16.530	0.1237	0.025	0.466	0.0346	0.000	0.011
16.535	0.0438	0.029	0.414	0.0217	0.000	0.009
16.540	0.0424	0.027	0.444	0.0312	0.000	0.010
16.545	0.0666	0.029	0.394	0.0240	0.000	0.007
16.550	0.0424	0.023	0.400	0.0221	0.000	0.010
16.555	0.0937	0.025	0.458	0.0282	0.000	0.010
16.560	0.0481	0.027	0.322	0.0284	0.000	0.010
16.565	0.0930	0.025	0.457	0.0292	0.000	0.013
16.570	0.0568	0.023	0.229	0.0291	0.000	0.010
16.575	0.0344	0.021	0.408	0.0254	0.000	0.014
16.580	0.0934	0.023	0.378	0.0258	0.000	0.011
16.585	0.0475	0.015	0.324	0.0255	0.000	0.010
16.590	0.0953	0.021	0.477	0.0387	0.001	0.010
16.595	0.0459	0.019	0.250	0.0234	0.000	0.008
16.600	0.0203	0.025	0.446	0.0291	0.000	0.016
16.605	0.0694	0.019	0.390	0.0224	0.000	0.014
16.610	0.0411	0.021	0.409	0.0264	0.000	0.015
16.615	0.0948	0.023	0.464	0.0263	0.000	0.016
16.620	0.0485	0.015	0.331	0.0279	0.000	0.012
16.625	0.0763	0.025	0.432	0.0276	0.000	0.015
16.630	0.0642	0.015	0.353	0.0199	0.000	0.010
16.635	0.0368	0.023	0.401	0.0275	0.000	0.011
16.640	0.1024	0.021	0.412	0.0200	0.000	0.009
16.645	0.0555	0.017	0.316	0.0297	0.000	0.009
16.650	0.0969	0.027	0.444	0.0316	0.000	0.016
16.655	0.0615	0.015	0.321	0.0391	0.000	0.014
16.660	0.0371	0.021	0.425	0.0241	0.000	0.016
16.665	0.0851	0.019	0.399	0.0221	0.000	0.014
16.670	0.0526	0.015	0.350	0.0321	0.000	0.012
16.675	0.0867	0.025	0.423	0.0376	0.000	0.017
16.680	0.0449	0.019	0.218	0.0215	0.000	0.014
16.685	0.0415	0.023	0.433	0.0260	0.000	0.018
16.690	0.0696	0.025	0.287	0.0155	0.000	0.013
16.695	0.0345	0.017	0.311	0.0233	0.000	0.011
16.700	0.0865	0.029	0.448	0.0298	0.000	0.014
16.705	0.0276	0.023	0.208	0.0213	0.000	0.010
16.710	0.0280	0.019	0.454	0.0234	0.000	0.014
16.715	0.0688	0.013	0.332	0.0184	0.000	0.010
16.720	0.0168	0.017	0.295	0.0201	0.000	0.008
16.725	0.0911	0.023	0.453	0.0375	0.000	0.012
16.730	0.0414	0.013	0.206	0.0203	0.000	0.009
16.735	0.0153	0.029	0.413	0.0240	0.000	0.012
16.740	0.0684	0.015	0.366	0.0296	0.000	0.009
16.745	0.0229	0.019	0.275	0.0200	0.000	0.008
16.750	0.0842	0.019	0.445	0.0423	0.000	0.013
16.755	0.0481	0.023	0.272	0.0247	0.000	0.009
16.760	0.0189	0.017	0.418	0.0274	0.000	0.012
16.765	0.0703	0.017	0.455	0.0360	0.000	0.013
16.770	0.0233	0.021	0.213	0.0221	0.000	0.010
16.775	0.0116	0.013	0.403	0.0257	0.000	0.015
16.780	0.0344	0.023	0.241	0.0212	0.000	0.012
16.785	0.0285	0.019	0.313	0.0240	0.000	0.012
16.790	0.0668	0.019	0.449	0.0344	0.000	0.017
16.795	0.0272	0.021	0.332	0.0225	0.000	0.011
16.800	0.0102	0.015	0.398	0.0329	0.000	0.015
16.805	0.0446	0.019	0.313	0.0345	0.000	0.013
16.810	0.0247	0.017	0.346	0.0184	0.000	0.011
16.815	0.0557	0.023	0.379	0.0334	0.000	0.015
16.820	0.0195	0.025	0.311	0.0254	0.000	0.009
16.825	0.0192	0.015	0.248	0.0253	0.000	0.010
16.830	0.0332	0.021	0.336	0.0478	0.000	0.014
16.835	0.0138	0.013	0.282	0.0207	0.000	0.011
16.840	0.0085	0.010	0.419	0.0341	0.000	0.016
16.845	0.0155	0.019	0.315	0.0498	0.000	0.015
16.850	0.0084	0.013	0.275	0.0311	0.000	0.017
16.855	0.0268	0.006	0.417	0.0306	0.001	0.025
16.860	0.0115	0.017	0.447	0.0261	0.000	0.016
16.865	0.0075	0.010	0.400	0.0331	0.000	0.019
16.870	0.0245	0.008	0.454	0.0419	0.000	0.020
16.875	0.0125	0.002	0.595	0.0170	0.000	0.016
16.880	0.0156	0.008	0.463	0.0235	0.000	0.020
16.885	0.0167	0.004	0.622	0.0400	0.000	0.014
16.890	0.0197	0.002	0.596	0.0383	0.000	0.017
16.895	0.0346	0.008	0.540	0.0300	0.000	0.020
16.900	0.0235	0.004	0.688	0.0143	0.000	0.015
16.905	0.0070	0.006	0.556	0.0404	0.000	0.020
16.910	0.0264	0.002	0.661	0.0238	0.000	0.015
16.915	0.0253	0.004	0.672	0.0252	0.000	0.015
16.920	0.0313	0.004	0.550	0.0329	0.000	0.018
16.925	0.0167	0.002	0.650	0.0262	0.000	0.014
16.930	0.0071	0.004	0.538	0.0292	0.000	0.015
16.935	0.0368	0.006	0.575	0.0287	0.000	0.013
16.940	0.0238	0.004	0.637	0.0313	0.000	0.014
16.945	0.0287	0.002	0.520	0.0459	0.000	0.019
16.950	0.0071	0.017	0.625	0.0308	0.000	0.016
16.955	0.0118	0.002	0.599	0.0466	0.000	0.017
16.960	0.0324	0.008	0.576	0.0433	0.000	0.016
16.965	0.0217	0.006	0.626	0.0339	0.000	0.015
16.970	0.0245	0.008	0.487	0.0185	0.000	0.023
16.975	0.0073	0.008	0.603	0.0229	0.000	0.017
16.980	0.0148	0.002	0.514	0.0403	0.000	0.022
16.985	0.0349	0.008	0.385	0.0438	0.000	0.027
16.990	0.0156	0.004	0.345	0.0619	0.000	0.022
16.995	0.0125	0.002	0.302	0.0459	0.000	0.015
17.000	0.0090	0.002	0.514	0.0383	0.000	0.021
17.005	0.0264	0.004	0.444	0.0401	0.000	0.029
17.010	0.0125	0.004	0.219	0.0277	0.001	0.038
17.015	0.0118	0.002	0.301	0.0403	0.003	0.034
17.020	0.0024	0.013	0.239	0.0300	0.003	0.031
17.025	0.0096	0.008	0.300	0.0343	0.002	0.044
17.030	0.0054	0.002	0.456	0.0525	0.001	0.055
17.035	0.0015	0.015	0.488	0.0169	0.001	0.059
17.040	0.0049	0.002	0.436	0.0429	0.001	0.063
17.045	0.0016	0.010	0.413	0.0153	0.001	0.064
17.050	0.0033	0.008	0.363	0.0208	0.003	0.075
17.055	0.0021	0.008	0.320	0.0105	0.006	0.078
17.060	0.0024	0.010	0.239	0.0332	0.014	0.106
17.065	0.0022	0.027	0.250	0.0169	0.017	0.105
17.070	0.0014	0.023	0.140	0.0212	0.031	0.121
17.075	0.0019	0.023	0.170	0.0237	0.067	0.131
17.080	0.0019	0.027	0.193	0.0254	0.050	0.124
17.085	0.0013	0.037	0.193	0.0189	0.039	0.141
17.090	0.0020	0.035	0.284	0.0227	0.036	0.164
17.095	0.0013	0.037	0.257	0.0157	0.029	0.145
17.100	0.0013	0.040	0.218	0.0248	0.031	0.137
17.105	0.0013	0.042	0.249	0.0213	0.025	0.148
17.110	0.0014	0.035	0.072	0.0089	0.634	0.185
17.115	0.0012	0.035	0.094	0.0041	0.685	0.181
17.120	0.0011	0.094	0.199	0.0258	0.401	0.210
17.125	0.0054	0.121	0.335	0.0640	0.036	0.204
17.130	0.0023	0.019	0.452	0.0514	0.008	0.152
17.135	0.0050	0.025	0.621	0.0304	0.002	0.100
17.140	0.0058	0.002	0.546	0.0087	0.004	0.106
17.145	0.0185	0.008	0.476	0.0373	0.005	0.101
17.150	0.0121	0.004	0.495	0.0266	0.001	0.057
17.155	0.0109	0.002	0.334	0.0356	0.002	0.062
17.160	0.0143	0.004	0.325	0.0336	0.002	0.047
17.165	0.0128	0.006	0.403	0.0236	0.002	0.043
17.170	0.0271	0.004	0.397	0.0376	0.002	0.050
17.175	0.0271	0.008	0.241	0.0353	0.001	0.037
17.180	0.0180	0.004	0.319	0.0226	0.002	0.023
17.185	0.0291	0.013	0.377	0.0236	0.002	0.021
17.190	0.0588	0.021	0.418	0.0270	0.003	0.020
17.195	0.0270	0.006	0.391	0.0259	0.002	0.022
17.200	0.0752	0.019	0.401	0.0232	0.002	0.021
17.205	0.0278	0.017	0.396	0.0206	0.002	0.024
17.210	0.1130	0.025	0.416	0.0174	0.004	0.017
17.215	0.0466	0.013	0.347	0.0159	0.003	0.016
17.220	0.1316	0.023	0.407	0.0174	0.002	0.016
17.225	0.0339	0.006	0.375	0.0162	0.003	0.019
17.230	0.1084	0.013	0.384	0.0305	0.001	0.018
17.235	0.0300	0.017	0.362	0.0180	0.001	0.016
17.240	0.0434	0.023	0.406	0.0396	0.001	0.017
17.245	0.0499	0.013	0.347	0.0144	0.001	0.014
17.250	0.0200	0.015	0.448	0.0339	0.001	0.018
17.255	0.0506	0.017	0.315	0.0324	0.001	0.017
17.260	0.0234	0.021	0.466	0.0320	0.001	0.018
17.265	0.0505	0.015	0.461	0.0267	0.000	0.012
17.270	0.0347	0.008	0.467	0.0258	0.001	0.015
17.275	0.1192	0.015	0.479	0.0201	0.000	0.016
17.280	0.0495	0.015	0.444	0.0215	0.001	0.016
17.285	0.1253	0.025	0.443	0.0252	0.002	0.016
17.290	0.0441	0.017	0.411	0.0188	0.003	0.016
17.295	0.1324	0.019	0.428	0.0366	0.003	0.014
17.300	0.0334	0.013	0.390	0.0188	0.003	0.011
17.305	0.0514	0.017	0.399	0.0348	0.002	0.012
17.310	0.0529	0.019	0.427	0.0158	0.003	0.013
17.315	0.0373	0.015	0.427	0.0245	0.006	0.014
17.320	0.0689	0.021	0.412	0.0142	0.005	0.012
17.325	0.0435	0.021	0.416	0.0234	0.004	0.014
17.330	0.0792	0.025	0.390	0.0112	0.004	0.012
17.335	0.0421	0.017	0.402	0.0266	0.004	0.016
17.340	0.0919	0.025	0.296	0.0109	0.003	0.014
17.345	0.0295	0.029	0.389	0.0262	0.003	0.016
17.350	0.1229	0.027	0.361	0.0233	0.001	0.015
17.355	0.0485	0.025	0.400	0.0122	0.001	0.019
17.360	0.1295	0.037	0.269	0.0360	0.003	0.029
17.365	0.0349	0.021	0.328	0.0234	0.003	0.033
17.370	0.0525	0.017	0.345	0.0370	0.015	0.052
17.375	0.0154	0.077	0.299	0.0229	0.007	0.049
17.380	0.0124	0.025	0.321	0.0266	0.056	0.071
17.385	0.0233	0.054	0.192	0.0279	0.056	0.074
17.390	0.0163	0.067	0.470	0.0133	0.030	0.072
17.395	0.0212	0.021	0.377	0.0135	0.057	0.084
17.400	0.0213	0.075	0.202	0.0213	0.058	0.082
17.405	0.0100	0.033	0.174	0.0354	0.037	0.064
17.410	0.0139	0.052	0.264	0.0207	0.009	0.045
17.415	0.0082	0.035	0.235	0.0279	0.003	0.030
17.420	0.0142	0.042	0.312	0.0200	0.001	0.020
17.425	0.0142	0.042	0.304	0.0217	0.002	0.018
17.430	0.0391	0.021	0.402	0.0124	0.002	0.015
17.435	0.0298	0.033	0.396	0.0217	0.002	0.015
17.440	0.0801	0.029	0.402	0.0182	0.001	0.013
17.445	0.1196	0.046	0.409	0.0190	0.001	0.013
17.450	0.0928	0.019	0.379	0.0218	0.001	0.011
17.455	0.1805	0.031	0.436	0.0232	0.000	0.012
17.460	0.0856	0.019	0.402	0.0216	0.000	0.012
17.465	0.1441	0.025	0.362	0.0344	0.000	0.015
17.470	0.0909	0.015	0.223	0.0323	0.000	0.015
17.475	0.0678	0.025	0.341	0.0310	0.000	0.016
17.480	0.0621	0.017	0.301	0.0121	0.000	0.013
17.485	0.0359	0.021	0.339	0.0288	0.000	0.015
17.490	0.0398	0.035	0.445	0.0154	0.000	0.011
17.495	0.0249	0.010	0.364	0.0235	0.000	0.013
17.500	0.0490	0.023	0.328	0.0292	0.000	0.011
17.505	0.0224	0.015	0.292	0.0220	0.000	0.012
17.510	0.0512	0.021	0.455	0.0341	0.000	0.013
17.515	0.0209	0.027	0.512	0.0190	0.000	0.010
17.520	0.0281	0.025	0.457	0.0255	0.000	0.013
17.525	0.0516	0.027	0.475	0.0196	0.000	0.011
17.530	0.0394	0.023	0.328	0.0253	0.000	0.012
17.535	0.0925	0.021	0.296	0.0314	0.000	0.012
17.540	0.0328	0.025	0.323	0.0215	0.000	0.013
17.545	0.0895	0.013	0.378	0.0281	0.000	0.014
17.550	0.0360	0.023	0.330	0.0155	0.000	0.010
17.555	0.0280	0.015	0.402	0.0227	0.000	0.014
17.560	0.0631	0.017	0.281	0.0172	0.000	0.012
17.565	0.0285	0.019	0.340	0.0256	0.000	0.015
17.570	0.0750	0.019	0.333	0.0194	0.000	0.011
17.575	0.0252	0.019	0.326	0.0141	0.000	0.014
17.580	0.1284	0.031	0.348	0.0189	0.000	0.016
17.585	0.0409	0.019	0.216	0.0105	0.000	0.015
17.590	0.0240	0.029	0.396	0.0322	0.000	0.020
17.595	0.0649	0.046	0.223	0.0159	0.001	0.017
17.600	0.0206	0.035	0.238	0.0301	0.001	0.027
17.605	0.0593	0.029	0.254	0.0466	0.001	0.026
17.610	0.0240	0.023	0.307	0.0166	0.000	0.025
17.615	0.0447	0.010	0.396	0.0228	0.000	0.032
17.620	0.0092	0.035	0.158	0.0208	0.000	0.022
17.625	0.0161	0.017	0.410	0.0235	0.000	0.025
17.630	0.0301	0.021	0.299	0.0400	0.000	0.020
17.635	0.0074	0.019	0.257	0.0144	0.000	0.020
17.640	0.0280	0.008	0.365	0.0534	0.000	0.023
17.645	0.0074	0.023	0.275	0.0308	0.000	0.018
17.650	0.0071	0.025	0.309	0.0351	0.000	0.024
17.655	0.0127	0.015	0.344	0.0310	0.000	0.024
17.660	0.0074	0.013	0.284	0.0230	0.000	0.029
17.665	0.0085	0.013	0.302	0.0285	0.000	0.041
17.670	0.0096	0.015	0.173	0.0264	0.002	0.056
17.675	0.0070	0.025	0.303	0.0213	0.007	0.075
17.680	0.0104	0.027	0.245	0.0242	0.019	0.098
17.685	0.0091	0.029	0.254	0.0137	0.051	0.120
17.690	0.0087	0.029	0.224	0.0190	0.095	0.137
17.695	0.0037	0.069	0.214	0.0169	0.086	0.136
17.700	0.0076	0.065	0.185	0.0218	0.076	0.134
17.705	0.0087	0.065	0.259	0.0148	0.098	0.139
17.710	0.0140	0.050	0.263	0.0136	0.289	0.151
17.715	0.0110	0.073	0.214	0.0110	0.461	0.135
17.720	0.0089	0.100	0.190	0.0143	0.540	0.137
17.725	0.0130	0.133	0.217	0.0146	0.429	0.143
17.730	0.0069	0.108	0.149	0.0175	0.446	0.137
17.735	0.0060	0.133	0.130	0.0140	0.543	0.126
17.740	0.0078	0.083	0.194	0.0306	0.355	0.112
17.745	0.0102	0.146	0.176	0.0217	0.089	0.103
17.750	0.0090	0.092	0.174	0.0131	0.089	0.131
17.755	0.0339	0.056	0.160	0.0269	0.109	0.157
17.760	0.0102	0.065	0.322	0.0143	0.135	0.147
17.765	0.0167	0.046	0.328	0.0299	0.060	0.121
17.770	0.0094	0.067	0.384	0.0233	0.058	0.106
17.775	0.0285	0.019	0.399	0.0337	0.021	0.079
17.780	0.0129	0.050	0.446	0.0137	0.010	0.065
17.785	0.0502	0.019	0.431	0.0357	0.007	0.051
17.790	0.0104	0.029	0.478	0.0217	0.002	0.043
17.795	0.0582	0.015	0.473	0.0278	0.003	0.042
17.800	0.0141	0.010	0.468	0.0245	0.001	0.028
17.805	0.0493	0.013	0.474	0.0233	0.001	0.027
17.810	0.0253	0.008	0.482	0.0174	0.001	0.020
17.815	0.0258	0.008	0.468	0.0223	0.001	0.022
17.820	0.0334	0.008	0.407	0.0146	0.000	0.017
17.825	0.0246	0.010	0.422	0.0312	0.001	0.020
17.830	0.0488	0.008	0.334	0.0166	0.001	0.015
17.835	0.0312	0.013	0.445	0.0256	0.001	0.017
17.840	0.0955	0.015	0.440	0.0163	0.001	0.013
17.845	0.0434	0.015	0.478	0.0257	0.001	0.014
17.850	0.1440	0.019	0.462	0.0128	0.000	0.014
17.855	0.0559	0.013	0.485	0.0272	0.001	0.020
17.860	0.1379	0.017	0.444	0.0164	0.001	0.019
17.865	0.0505	0.015	0.476	0.0258	0.001	0.020
17.870	0.1462	0.015	0.516	0.0196	0.001	0.013
17.875	0.0544	0.019	0.427	0.0241	0.001	0.014
17.880	0.1403	0.017	0.359	0.0139	0.000	0.012
17.885	0.0466	0.017	0.338	0.0287	0.001	0.014
17.890	0.0928	0.013	0.408	0.0222	0.000	0.014
17.895	0.0543	0.008	0.469	0.0359	0.000	0.014
17.900	0.0854	0.004	0.486	0.0222	0.000	0.011
17.905	0.0367	0.008	0.502	0.0277	0.000	0.012
17.910	0.1111	0.004	0.503	0.0224	0.000	0.011
17.915	0.0331	0.013	0.488	0.0352	0.000	0.016
17.920	0.1168	0.004	0.495	0.0210	0.000	0.014
17.925	0.0332	0.008	0.473	0.0294	0.000	0.019
17.930	0.1003	0.004	0.473	0.0202	0.000	0.016
17.935	0.0385	0.004	0.460	0.0405	0.000	0.023
17.940	0.0842	0.008	0.422	0.0290	0.000	0.023
17.945	0.0390	0.004	0.297	0.0159	0.001	0.037
17.950	0.0744	0.002	0.336	0.0165	0.013	0.107
17.955	0.0354	0.015	0.307	0.0112	0.041	0.119
17.960	0.0312	0.025	0.118	0.0132	0.337	0.148
17.965	0.0344	0.031	0.115	0.0164	0.739	0.134
17.970	0.0270	0.131	0.242	0.0138	0.941	0.129
17.975	0.0355	0.133	0.240	0.0191	0.955	0.124
17.980	0.0493	0.163	0.229	0.0134	0.972	0.110
17.985	0.0585	0.135	0.253	0.0136	0.968	0.092
17.990	0.0609	0.175	0.176	0.0152	0.965	0.093
17.995	0.0571	0.198	0.149	0.0136	0.974	0.086
18.000	0.0498	0.144	0.116	0.0144	0.981	0.072
18.005	0.0660	0.163	0.122	0.0142	0.987	0.065
18.010	0.0645	0.183	0.192	0.0153	0.990	0.055
18.015	0.0866	0.163	0.241	0.0124	0.985	0.054
18.020	0.1208	0.158	0.207	0.0121	0.974	0.057
18.025	0.1313	0.142	0.153	0.0167	0.965	0.070
18.030	0.0670	0.152	0.155	0.0133	0.905	0.086
18.035	0.0536	0.142	0.114	0.0150	0.833	0.098
18.040	0.0309	0.133	0.235	0.0267	0.281	0.086
18.045	0.0265	0.131	0.251	0.0279	0.072	0.067
18.050	0.0419	0.025	0.373	0.0285	0.016	0.045
18.055	0.0273	0.056	0.430	0.0166	0.010	0.037
18.060	0.0789	0.033	0.442	0.0220	0.007	0.027
18.065	0.1448	0.021	0.486	0.0225	0.005	0.024
18.070	0.0488	0.029	0.492	0.0201	0.003	0.025
18.075	0.2033	0.019	0.553	0.0263	0.002	0.021
18.080	0.0478	0.021	0.494	0.0148	0.003	0.024
18.085	0.2035	0.021	0.557	0.0360	0.002	0.021
18.090	0.0390	0.044	0.486	0.0166	0.004	0.025
18.095	0.1605	0.017	0.487	0.0238	0.002	0.021
18.100	0.0261	0.029	0.416	0.0197	0.010	0.031
18.105	0.1287	0.025	0.381	0.0359	0.009	0.028
18.110	0.0420	0.008	0.435	0.0192	0.057	0.037
18.115	0.0772	0.037	0.406	0.0316	0.025	0.031
18.120	0.0271	0.037	0.408	0.0151	0.113	0.048
18.125	0.0812	0.048	0.325	0.0351	0.069	0.042
18.130	0.0321	0.056	0.351	0.0151	0.200	0.063
18.135	0.0778	0.037	0.303	0.0224	0.173	0.068
18.140	0.0474	0.065	0.269	0.0160	0.381	0.078
18.145	0.0534	0.031	0.220	0.0231	0.418	0.075
18.150	0.0389	0.094	0.151	0.0167	0.698	0.065
18.155	0.0438	0.048	0.173	0.0117	0.826	0.066
18.160	0.0657	0.135	0.206	0.0203	0.801	0.065
18.165	0.0270	0.065	0.221	0.0122	0.832	0.065
18.170	0.0628	0.123	0.219	0.0235	0.889	0.071
18.175	0.0318	0.098	0.183	0.0108	0.955	0.067
18.180	0.0509	0.127	0.185	0.0215	0.771	0.083
18.185	0.0529	0.094	0.219	0.0173	0.824	0.084
18.190	0.0355	0.115	0.211	0.0197	0.467	0.090
18.195	0.0325	0.090	0.322	0.0214	0.440	0.093
18.200	0.0331	0.067	0.361	0.0302	0.109	0.069
18.205	0.0305	0.087	0.377	0.0269	0.067	0.070
18.210	0.0546	0.033	0.426	0.0245	0.014	0.042
18.215	0.0193	0.060	0.435	0.0293	0.006	0.042
18.220	0.0900	0.023	0.429	0.0202	0.002	0.030
18.225	0.0267	0.015	0.473	0.0291	0.002	0.027
18.230	0.1093	0.015	0.444	0.0257	0.001	0.023
18.235	0.0283	0.023	0.484	0.0232	0.001	0.034
18.240	0.1259	0.010	0.345	0.0313	0.001	0.039
18.245	0.0352	0.010	0.443	0.0167	0.001	0.038
18.250	0.1364	0.008	0.372	0.0295	0.001	0.029
18.255	0.0568	0.019	0.432	0.0138	0.001	0.025
18.260	0.1306	0.013	0.475	0.0327	0.002	0.030
18.265	0.0254	0.021	0.262	0.0193	0.002	0.029
18.270	0.0818	0.029	0.358	0.0337	0.009	0.059
18.275	0.0304	0.010	0.226	0.0347	0.004	0.057
18.280	0.0173	0.035	0.367	0.0158	0.027	0.115
18.285	0.0609	0.008	0.252	0.0401	0.017	0.100
18.290	0.0185	0.027	0.414	0.0224	0.008	0.106
18.295	0.0601	0.004	0.443	0.0539	0.008	0.111
18.300	0.0133	0.029	0.372	0.0310	0.001	0.067
18.305	0.0410	0.013	0.466	0.0167	0.005	0.086
18.310	0.0112	0.042	0.195	0.0195	0.001	0.044
18.315	0.0082	0.023	0.453	0.0307	0.001	0.050
18.320	0.0628	0.008	0.309	0.0281	0.000	0.034
18.325	0.0085	0.019	0.430	0.0222	0.000	0.031
18.330	0.0972	0.008	0.353	0.0392	0.000	0.020
18.335	0.0313	0.019	0.312	0.0224	0.000	0.017
18.340	0.1057	0.008	0.408	0.0196	0.000	0.017
18.345	0.0624	0.021	0.268	0.0206	0.000	0.014
18.350	0.0172	0.025	0.450	0.0239	0.000	0.016
18.355	0.0898	0.013	0.323	0.0172	0.000	0.014
18.360	0.0304	0.015	0.429	0.0367	0.000	0.017
18.365	0.1195	0.021	0.460	0.0361	0.000	0.014
18.370	0.0648	0.010	0.364	0.0185	0.000	0.014
18.375	0.1555	0.019	0.288	0.0465	0.000	0.022
18.380	0.0468	0.010	0.480	0.0362	0.000	0.022
18.385	0.0254	0.015	0.430	0.0307	0.000	0.022
18.390	0.0347	0.008	0.321	0.0475	0.000	0.022
18.395	0.0307	0.010	0.345	0.0411	0.000	0.018
18.400	0.0255	0.004	0.337	0.0338	0.000	0.019
18.405	0.0207	0.004	0.364	0.0783	0.000	0.019
18.410	0.0156	0.006	0.468	0.0189	0.000	0.017
18.415	0.0161	0.013	0.393	0.0283	0.000	0.022
18.420	0.0355	0.004	0.300	0.0579	0.000	0.025
18.425	0.0194	0.008	0.190	0.0451	0.000	0.025
18.430	0.0141	0.006	0.292	0.0365	0.000	0.033
18.435	0.0120	0.008	0.294	0.0331	0.000	0.037
18.440	0.0085	0.006	0.440	0.0381	0.000	0.035
18.445	0.0091	0.008	0.412	0.0235	0.000	0.037
18.450	0.0091	0.010	0.313	0.0355	0.000	0.036
18.455	0.0040	0.006	0.337	0.0280	0.000	0.043
18.460	0.0055	0.010	0.413	0.0285	0.000	0.046
18.465	0.0047	0.021	0.455	0.0289	0.000	0.047
18.470	0.0046	0.015	0.419	0.0274	0.000	0.078
18.475	0.0046	0.017	0.305	0.0201	0.004	0.153
18.480	0.0047	0.008	0.258	0.0116	0.167	0.219
18.485	0.0035	0.015	0.115	0.0135	0.200	0.208
18.490	0.0033	0.037	0.192	0.0253	0.001	0.036
18.495	0.0034	0.042	0.294	0.0112	0.000	0.018
18.500	0.0089	0.029	0.338	0.0307	0.000	0.017
18.505	0.2606	0.025	0.290	0.0250	0.001	0.017
18.510	0.0960	0.023	0.401	0.0249	0.001	0.015
18.515	0.2168	0.019	0.430	0.0284	0.001	0.016
18.520	0.0837	0.017	0.359	0.0213	0.001	0.015
18.525	0.0450	0.015	0.408	0.0289	0.000	0.017
18.530	0.1020	0.015	0.391	0.0187	0.000	0.014
18.535	0.0400	0.031	0.416	0.0254	0.000	0.015
18.540	0.1169	0.015	0.277	0.0178	0.000	0.012
18.545	0.0443	0.017	0.432	0.0208	0.001	0.016
18.550	0.1235	0.023	0.290	0.0183	0.000	0.012
18.555	0.0474	0.025	0.425	0.0157	0.000	0.015
18.560	0.2251	0.023	0.468	0.0149	0.000	0.013
18.565	0.0772	0.027	0.452	0.0170	0.000	0.011
18.570	0.2209	0.027	0.476	0.0234	0.000	0.011
18.575	0.0745	0.021	0.466	0.0147	0.000	0.012
18.580	0.2052	0.023	0.470	0.0197	0.000	0.010
18.585	0.0632	0.025	0.459	0.0157	0.000	0.011
18.590	0.2261	0.027	0.485	0.0156	0.000	0.012
18.595	0.0646	0.025	0.381	0.0174	0.000	0.011
18.600	0.2162	0.029	0.446	0.0312	0.000	0.012
18.605	0.0789	0.025	0.463	0.0128	0.000	0.012
18.610	0.2387	0.025	0.474	0.0370	0.000	0.012
18.615	0.0701	0.035	0.401	0.0151	0.000	0.011
18.620	0.2103	0.031	0.479	0.0211	0.001	0.011
18.625	0.0759	0.027	0.444	0.0148	0.000	0.011
18.630	0.2318	0.037	0.452	0.0215	0.000	0.010
18.635	0.0835	0.027	0.437	0.0174	0.000	0.009
18.640	0.2023	0.040	0.417	0.0213	0.000	0.010
18.645	0.0771	0.023	0.395	0.0250	0.000	0.010
18.650	0.1469	0.031	0.391	0.0249	0.001	0.010
18.655	0.0765	0.019	0.387	0.0177	0.001	0.012
18.660	0.1479	0.015	0.303	0.0229	0.000	0.014
18.665	0.0647	0.029	0.294	0.0237	0.000	0.015
18.670	0.1101	0.021	0.231	0.0258	0.001	0.020
18.675	0.0261	0.019	0.268	0.0195	0.001	0.021
18.680	0.0657	0.021	0.242	0.0289	0.001	0.029
18.685	0.0213	0.019	0.275	0.0192	0.001	0.030
18.690	0.0216	0.025	0.218	0.0289	0.000	0.029
18.695	0.0172	0.025	0.214	0.0243	0.000	0.027
18.700	0.0100	0.033	0.271	0.0293	0.000	0.021
18.705	0.0122	0.025	0.222	0.0325	0.000	0.021
18.710	0.0104	0.017	0.288	0.0254	0.000	0.023
18.715	0.0172	0.017	0.314	0.0190	0.001	0.045
18.720	0.0092	0.033	0.399	0.0147	0.021	0.092
18.725	0.0116	0.031	0.285	0.0127	0.032	0.112
18.730	0.0081	0.050	0.156	0.0176	0.083	0.124
18.735	0.0063	0.048	0.109	0.0180	0.403	0.126
18.740	0.0070	0.060	0.148	0.0142	0.906	0.096
18.745	0.0054	0.142	0.123	0.0141	0.952	0.084
18.750	0.0161	0.163	0.199	0.0138	0.966	0.073
18.755	0.0298	0.150	0.222	0.0179	0.979	0.067
18.760	0.0396	0.165	0.267	0.0115	0.988	0.060
18.765	0.0470	0.156	0.236	0.0134	0.990	0.060
18.770	0.0920	0.152	0.230	0.0160	0.990	0.061
18.775	0.0753	0.158	0.208	0.0154	0.992	0.057
18.780	0.0601	0.171	0.199	0.0142	0.992	0.059
18.785	0.0917	0.158	0.176	0.0142	0.989	0.061
18.790	0.0868	0.154	0.156	0.0127	0.992	0.054
18.795	0.0839	0.160	0.141	0.0134	0.994	0.054
18.800	0.0883	0.175	0.174	0.0134	0.995	0.056
18.805	0.0926	0.171	0.178	0.0137	0.996	0.063
18.810	0.0675	0.148	0.184	0.0129	0.995	0.072
18.815	0.0846	0.154	0.207	0.0168	0.993	0.073
18.820	0.0575	0.175	0.210	0.0127	0.996	0.066
18.825	0.0613	0.158	0.169	0.0129	0.997	0.066
18.830	0.0890	0.163	0.160	0.0179	0.995	0.062
18.835	0.0915	0.179	0.218	0.0138	0.996	0.060
18.840	0.0897	0.156	0.246	0.0172	0.996	0.059
18.845	0.0838	0.148	0.281	0.0139	0.995	0.058
18.850	0.1022	0.142	0.179	0.0125	0.991	0.057
18.855	0.0921	0.165	0.178	0.0135	0.982	0.072
18.860	0.0742	0.140	0.151	0.0152	0.955	0.085
18.865	0.0468	0.171	0.143	0.0118	0.956	0.088
18.870	0.0530	0.144	0.130	0.0157	0.969	0.090
18.875	0.0263	0.144	0.189	0.0131	0.955	0.094
18.880	0.0289	0.135	0.175	0.0131	0.924	0.108
18.885	0.0237	0.133	0.166	0.0201	0.807	0.109
18.890	0.0141	0.121	0.175	0.0339	0.292	0.088
18.895	0.0140	0.102	0.193	0.0422	0.051	0.057
18.900	0.0214	0.054	0.445	0.0225	0.016	0.045
18.905	0.0441	0.025	0.482	0.0388	0.010	0.041
18.910	0.0276	0.031	0.482	0.0208	0.006	0.036
18.915	0.0851	0.019	0.483	0.0483	0.005	0.033
18.920	0.0301	0.025	0.472	0.0237	0.004	0.031
18.925	0.1115	0.017	0.486	0.0499	0.005	0.030
18.930	0.0335	0.013	0.483	0.0223	0.003	0.027
18.935	0.1125	0.021	0.486	0.0439	0.003	0.025
18.940	0.0409	0.013	0.482	0.0252	0.002	0.025
18.945	0.1167	0.021	0.488	0.0424	0.003	0.027
18.950	0.0525	0.008	0.480	0.0207	0.002	0.029
18.955	0.1000	0.021	0.483	0.0202	0.002	0.030
18.960	0.0424	0.017	0.481	0.0169	0.002	0.028
18.965	0.0830	0.017	0.483	0.0140	0.002	0.030
18.970	0.0445	0.008	0.477	0.0197	0.001	0.025
18.975	0.0518	0.019	0.491	0.0178	0.002	0.027
18.980	0.0456	0.017	0.425	0.0244	0.001	0.024
18.985	0.0098	0.025	0.486	0.0181	0.001	0.028
18.990	0.0644	0.008	0.401	0.0305	0.001	0.023
18.995	0.0276	0.021	0.494	0.0234	0.001	0.025
19.000	0.1000	0.008	0.442	0.0367	0.001	0.022
19.005	0.0320	0.021	0.495	0.0242	0.001	0.024
19.010	0.1225	0.010	0.472	0.0403	0.001	0.021
19.015	0.0354	0.015	0.488	0.0255	0.001	0.020
19.020	0.1154	0.006	0.468	0.0384	0.000	0.018
19.025	0.0303	0.013	0.484	0.0279	0.000	0.020
19.030	0.1176	0.008	0.404	0.0433	0.000	0.019
19.035	0.0335	0.017	0.479	0.0299	0.000	0.022
19.040	0.1238	0.006	0.426	0.0370	0.000	0.021
19.045	0.0301	0.015	0.469	0.0321	0.000	0.022
19.050	0.1182	0.006	0.482	0.0261	0.000	0.024
19.055	0.0430	0.010	0.468	0.0293	0.000	0.022
19.060	0.0965	0.006	0.497	0.0261	0.000	0.023
19.065	0.0534	0.006	0.468	0.0316	0.000	0.021
19.070	0.0925	0.017	0.496	0.0287	0.000	0.023
19.075	0.0454	0.008	0.382	0.0283	0.000	0.021
19.080	0.0665	0.008	0.495	0.0265	0.000	0.023
19.085	0.0553	0.008	0.370	0.0270	0.000	0.020
19.090	0.0186	0.010	0.486	0.0196	0.000	0.020
19.095	0.0517	0.008	0.448	0.0252	0.000	0.018
19.100	0.0210	0.008	0.486	0.0206	0.000	0.021
19.105	0.0823	0.008	0.406	0.0297	0.000	0.018
19.110	0.0364	0.008	0.490	0.0296	0.000	0.021
19.115	0.0972	0.006	0.450	0.0281	0.000	0.018
19.120	0.0329	0.008	0.486	0.0308	0.000	0.018
19.125	0.0949	0.008	0.489	0.0438	0.000	0.017
19.130	0.0348	0.008	0.472	0.0311	0.000	0.019
19.135	0.0913	0.008	0.459	0.0494	0.000	0.019
19.140	0.0331	0.008	0.319	0.0149	0.000	0.021
19.145	0.0748	0.006	0.419	0.0375	0.000	0.022
19.150	0.0158	0.006	0.436	0.0409	0.000	0.029
19.155	0.0400	0.015	0.497	0.0356	0.000	0.026
19.160	0.0106	0.013	0.411	0.0284	0.000	0.031
19.165	0.0332	0.006	0.198	0.0480	0.000	0.033
19.170	0.0082	0.006	0.347	0.0255	0.000	0.024
19.175	0.0209	0.006	0.242	0.0498	0.000	0.025
19.180	0.0322	0.006	0.377	0.0501	0.000	0.041
19.185	0.0216	0.006	0.569	0.0367	0.000	0.051
19.190	0.0160	0.008	0.331	0.0505	0.000	0.056
19.195	0.0107	0.021	0.221	0.0486	0.000	0.045
19.200	0.0081	0.008	0.349	0.0316	0.000	0.037
19.205	0.0094	0.010	0.305	0.0275	0.000	0.052
19.210	0.0077	0.008	0.463	0.0342	0.000	0.065
19.215	0.0076	0.008	0.476	0.0491	0.000	0.059
19.220	0.0049	0.004	0.424	0.0572	0.000	0.056
19.225	0.0074	0.008	0.637	0.0466	0.000	0.068
19.230	0.0051	0.006	0.740	0.0369	0.000	0.074
19.235	0.0034	0.008	0.766	0.0339	0.000	0.081
19.240	0.0048	0.008	0.409	0.0366	0.001	0.106
19.245	0.0014	0.008	0.401	0.0582	0.001	0.097
19.250	0.0019	0.006	0.539	0.0556	0.000	0.076
19.255	0.0014	0.013	0.518	0.0167	0.000	0.079
19.260	0.0039	0.006	0.518	0.0124	0.000	0.106
19.265	0.0020	0.010	0.348	0.0416	0.000	0.113
19.270	0.0028	0.006	0.639	0.0170	0.001	0.164
19.275	0.0015	0.010	0.580	0.0226	0.002	0.165
19.280	0.0013	0.010	0.625	0.0308	0.002	0.186
19.285	0.0021	0.006	0.488	0.0442	0.002	0.183
19.290	0.0004	0.008	0.607	0.0218	0.001	0.166
19.295	0.0008	0.006	0.559	0.0200	0.001	0.187
19.300	0.0012	0.008	0.291	0.0290	0.006	0.184
19.305	0.0005	0.017	0.422	0.0184	0.011	0.190
19.310	0.0006	0.029	0.459	0.0180	0.010	0.173
19.315	0.0005	0.025	0.396	0.0168	0.014	0.172
19.320	0.0009	0.040	0.395	0.0236	0.021	0.180
19.325	0.0006	0.044	0.445	0.0288	0.021	0.173
19.330	0.0007	0.044	0.423	0.0121	0.041	0.173
19.335	0.0014	0.050	0.387	0.0163	0.052	0.167
19.340	0.0010	0.056	0.525	0.0207	0.043	0.163
19.345	0.0014	0.040	0.390	0.0174	0.074	0.143
19.350	0.0017	0.048	0.455	0.0169	0.063	0.128
19.355	0.0028	0.046	0.531	0.0229	0.029	0.135
19.360	0.0027	0.040	0.467	0.0166	0.030	0.140
19.365	0.0020	0.044	0.459	0.0202	0.043	0.141
19.370	0.0034	0.044	0.307	0.0157	0.054	0.158
19.375	0.0029	0.050	0.264	0.0156	0.065	0.155
19.380	0.0023	0.050	0.355	0.0147	0.072	0.153
19.385	0.0027	0.056	0.324	0.0190	0.077	0.153
19.390	0.0033	0.052	0.383	0.0132	0.073	0.114
19.395	0.0036	0.044	0.405	0.0152	0.058	0.111
19.400	0.0051	0.048	0.310	0.0185	0.027	0.099
19.405	0.0034	0.040	0.219	0.0168	0.035	0.097
19.410	0.0045	0.046	0.229	0.0242	0.028	0.099
19.415	0.0044	0.040	0.253	0.0219	0.022	0.097
19.420	0.0049	0.048	0.388	0.0170	0.034	0.101
19.425	0.0051	0.052	0.477	0.0242	0.040	0.100
19.430	0.0049	0.052	0.476	0.0228	0.018	0.091
19.435	0.0050	0.050	0.480	0.0138	0.026	0.089
19.440	0.0055	0.044	0.274	0.0244	0.052	0.103
19.445	0.0049	0.052	0.209	0.0173	0.054	0.111
19.450	0.0045	0.048	0.313	0.0230	0.047	0.103
19.455	0.0049	0.046	0.378	0.0206	0.032	0.087
19.460	0.0034	0.040	0.371	0.0169	0.040	0.089
19.465	0.0069	0.033	0.352	0.0221	0.062	0.103
19.470	0.0042	0.065	0.334	0.0225	0.047	0.106
19.475	0.0031	0.067	0.358	0.0171	0.053	0.111
19.480	0.0037	0.046	0.444	0.0166	0.069	0.106
19.485	0.0026	0.058	0.297	0.0159	0.073	0.114
19.490	0.0026	0.060	0.213	0.0188	0.068	0.118
19.495	0.0028	0.046	0.272	0.0168	0.046	0.119
19.500	0.0019	0.060	0.254	0.0146	0.030	0.123
19.505	0.0018	0.050	0.171	0.0139	0.040	0.133
19.510	0.0019	0.048	0.231	0.0214	0.070	0.146
19.515	0.0020	0.073	0.241	0.0209	0.037	0.139
19.520	0.0016	0.048	0.255	0.0165	0.023	0.136
19.525	0.0019	0.048	0.240	0.0173	0.031	0.140
19.530	0.0012	0.048	0.212	0.0215	0.040	0.165
19.535	0.0008	0.044	0.221	0.0208	0.030	0.170
19.540	0.0010	0.046	0.332	0.0193	0.018	0.177
19.545	0.0009	0.044	0.366	0.0164	0.013	0.194
19.550	0.0010	0.046	0.346	0.0144	0.012	0.204
19.555	0.0007	0.040	0.275	0.0199	0.015	0.223
19.560	0.0006	0.042	0.267	0.0220	0.017	0.276
19.565	0.0005	0.037	0.300	0.0196	0.017	0.289
19.570	0.0003	0.033	0.195	0.0202	0.015	0.274
19.575	0.0003	0.031	0.149	0.0140	0.020	0.271
19.580	0.0003	0.035	0.257	0.0210	0.014	0.261
19.585	0.0004	0.035	0.391	0.0213	0.010	0.242
19.590	0.0003	0.054	0.488	0.0136	0.009	0.231
19.595	0.0002	0.046	0.406	0.0154	0.011	0.265
19.600	0.0004	0.040	0.241	0.0178	0.013	0.325
19.605	0.0003	0.025	0.187	0.0135	0.023	0.378
19.610	0.0002	0.060	0.211	0.0208	0.023	0.396
19.615	0.0001	0.042	0.274	0.0250	0.019	0.400
19.620	0.0002	0.021	0.188	0.0271	0.014	0.368
19.625	0.0001	0.013	0.216	0.0126	0.015	0.363
19.630	0.0003	0.037	0.271	0.0249	0.023	0.385
19.635	0.0001	0.017	0.319	0.0166	0.039	0.370
19.640	0.0001	0.013	0.056	0.0967	0.039	0.303
19.645	0.0002	0.033	0.065	0.0780	0.007	0.149
19.650	0.0002	0.065	0.187	0.0628	0.001	0.039
19.655	0.0004	0.010	0.465	0.0202	0.001	0.020
19.660	0.0066	0.021	0.344	0.0381	0.000	0.018
19.665	0.0555	0.033	0.453	0.0421	0.000	0.017
19.670	0.0382	0.031	0.470	0.0226	0.000	0.017
19.675	0.1037	0.019	0.456	0.0285	0.001	0.016
19.680	0.0530	0.025	0.450	0.0174	0.000	0.015
19.685	0.1572	0.013	0.471	0.0389	0.000	0.013
19.690	0.0492	0.013	0.482	0.0212	0.000	0.013
19.695	0.1938	0.025	0.480	0.0376	0.000	0.010
19.700	0.0561	0.021	0.480	0.0209	0.000	0.010
19.705	0.2047	0.023	0.479	0.0334	0.000	0.008
19.710	0.0608	0.015	0.436	0.0260	0.000	0.008
19.715	0.2048	0.023	0.450	0.0382	0.000	0.008
19.720	0.0650	0.008	0.402	0.0230	0.000	0.008
19.725	0.1543	0.021	0.411	0.0248	0.000	0.007
19.730	0.0584	0.013	0.418	0.0230	0.000	0.007
19.735	0.1819	0.017	0.450	0.0204	0.000	0.007
19.740	0.0876	0.008	0.419	0.0215	0.000	0.009
19.745	0.2291	0.017	0.367	0.0243	0.000	0.010
19.750	0.1096	0.013	0.400	0.0243	0.000	0.011
19.755	0.2536	0.027	0.389	0.0305	0.000	0.010
19.760	0.0589	0.010	0.442	0.0279	0.000	0.009
19.765	0.2431	0.023	0.451	0.0276	0.000	0.009
19.770	0.0893	0.010	0.467	0.0236	0.000	0.010
19.775	0.2376	0.025	0.485	0.0250	0.000	0.009
19.780	0.1053	0.017	0.483	0.0218	0.000	0.011
19.785	0.2211	0.017	0.474	0.0236	0.000	0.010
19.790	0.1025	0.017	0.456	0.0235	0.000	0.009
19.795	0.2165	0.017	0.453	0.0267	0.000	0.009
19.800	0.0849	0.008	0.472	0.0235	0.000	0.007
19.805	0.2248	0.015	0.476	0.0287	0.000	0.007
19.810	0.0705	0.006	0.472	0.0256	0.000	0.009
19.815	0.2157	0.008	0.478	0.0260	0.000	0.009
19.820	0.0647	0.008	0.484	0.0267	0.000	0.011
19.825	0.2096	0.013	0.487	0.0249	0.001	0.011
19.830	0.0713	0.008	0.497	0.0229	0.001	0.012
19.835	0.1966	0.013	0.481	0.0268	0.000	0.013
19.840	0.0757	0.008	0.500	0.0208	0.000	0.012
19.845	0.1611	0.008	0.440	0.0363	0.000	0.011
19.850	0.0605	0.013	0.429	0.0133	0.000	0.010
19.855	0.1187	0.013	0.380	0.0236	0.000	0.012
19.860	0.0350	0.013	0.458	0.0252	0.000	0.011
19.865	0.0453	0.013	0.481	0.0330	0.000	0.012
19.870	0.0245	0.008	0.572	0.0097	0.000	0.009
19.875	0.0268	0.008	0.502	0.0262	0.000	0.011
19.880	0.0364	0.008	0.525	0.0197	0.000	0.010
19.885	0.0205	0.013	0.401	0.0290	0.000	0.012
19.890	0.0568	0.004	0.481	0.0340	0.000	0.011
19.895	0.0193	0.010	0.435	0.0284	0.000	0.013
19.900	0.0520	0.017	0.533	0.0277	0.000	0.011
19.905	0.0301	0.008	0.436	0.0213	0.000	0.013
19.910	0.0829	0.006	0.485	0.0201	0.000	0.013
19.915	0.0378	0.023	0.479	0.0148	0.000	0.014
19.920	0.1065	0.015	0.485	0.0265	0.000	0.016
19.925	0.0431	0.008	0.485	0.0106	0.000	0.016
19.930	0.0804	0.021	0.455	0.0472	0.001	0.023
19.935	0.0312	0.010	0.540	0.0113	0.001	0.020
19.940	0.0176	0.006	0.401	0.0174	0.001	0.029
19.945	0.0293	0.013	0.441	0.0363	0.001	0.027
19.950	0.0268	0.019	0.399	0.0219	0.004	0.039
19.955	0.0513	0.004	0.418	0.0267	0.004	0.044
19.960	0.0263	0.013	0.221	0.0167	0.006	0.049
19.965	0.0424	0.002	0.211	0.0131	0.040	0.073
19.970	0.0159	0.021	0.286	0.0220	0.163	0.083
19.975	0.0125	0.029	0.291	0.0132	0.349	0.076
19.980	0.0134	0.052	0.270	0.0149	0.527	0.081
19.985	0.0202	0.108	0.243	0.0150	0.638	0.077
19.990	0.0261	0.123	0.215	0.0145	0.842	0.073
19.995	0.0300	0.140	0.179	0.0146	0.908	0.065
20.000	0.0321	0.148	0.221	0.0132	0.966	0.060
20.005	0.0366	0.158	0.158	0.0136	0.976	0.063
20.010	0.0456	0.160	0.129	0.0161	0.975	0.061
20.015	0.0360	0.181	0.151	0.0166	0.985	0.055
20.020	0.0449	0.167	0.155	0.0127	0.990	0.050
20.025	0.0458	0.158	0.217	0.0131	0.987	0.053
20.030	0.0679	0.146	0.244	0.0152	0.981	0.064
20.035	0.0536	0.144	0.268	0.0142	0.964	0.071
20.040	0.0605	0.148	0.234	0.0175	0.907	0.089
20.045	0.0346	0.146	0.279	0.0141	0.861	0.096
20.050	0.0285	0.129	0.221	0.0150	0.773	0.095
20.055	0.0243	0.129	0.209	0.0145	0.721	0.098
20.060	0.0184	0.113	0.146	0.0307	0.264	0.089
20.065	0.0141	0.121	0.347	0.0254	0.053	0.068
20.070	0.0215	0.052	0.366	0.0184	0.011	0.048
20.075	0.0136	0.040	0.419	0.0227	0.005	0.041
20.080	0.0736	0.015	0.406	0.0125	0.003	0.031
20.085	0.0175	0.027	0.459	0.0205	0.005	0.035
20.090	0.0766	0.046	0.262	0.0159	0.002	0.026
20.095	0.0206	0.046	0.406	0.0220	0.003	0.032
20.100	0.0790	0.033	0.218	0.0182	0.003	0.027
20.105	0.0223	0.027	0.213	0.0167	0.006	0.035
20.110	0.0681	0.021	0.174	0.0589	0.024	0.054
20.115	0.0100	0.060	0.346	0.0164	0.019	0.059
20.120	0.0280	0.017	0.334	0.0164	0.034	0.071
20.125	0.0179	0.046	0.340	0.0300	0.025	0.065
20.130	0.0111	0.037	0.294	0.0212	0.014	0.049
20.135	0.0098	0.031	0.196	0.0243	0.015	0.055
20.140	0.0178	0.017	0.322	0.0156	0.016	0.056
20.145	0.0104	0.027	0.246	0.0211	0.025	0.063
20.150	0.0101	0.029	0.228	0.0295	0.029	0.074
20.155	0.0080	0.042	0.394	0.0278	0.024	0.072
20.160	0.0048	0.035	0.237	0.0259	0.020	0.081
20.165	0.0048	0.040	0.206	0.0212	0.027	0.105
20.170	0.0077	0.029	0.253	0.0226	0.054	0.164
20.175	0.0035	0.073	0.212	0.0228	0.044	0.164
20.180	0.0021	0.040	0.282	0.0108	0.180	0.188
20.185	0.0033	0.031	0.048	0.0153	0.304	0.211
20.190	0.0058	0.065	0.313	0.0131	0.127	0.107
20.195	0.0027	0.133	0.296	0.0067	0.110	0.100
20.200	0.0080	0.081	0.249	0.0199	0.299	0.115
20.205	0.0258	0.079	0.240	0.0155	0.239	0.109
20.210	0.0174	0.102	0.233	0.0105	0.282	0.097
20.215	0.0359	0.083	0.183	0.0128	0.331	0.091
20.220	0.0360	0.092	0.152	0.0162	0.389	0.101
20.225	0.0159	0.092	0.143	0.0152	0.332	0.099
20.230	0.0155	0.085	0.259	0.0152	0.189	0.089
20.235	0.0136	0.067	0.251	0.0218	0.108	0.091
20.240	0.0103	0.060	0.314	0.0228	0.039	0.072
20.245	0.0109	0.054	0.251	0.0197	0.042	0.062
20.250	0.0158	0.044	0.228	0.0196	0.040	0.048
20.255	0.0150	0.050	0.291	0.0213	0.026	0.044
20.260	0.0263	0.048	0.250	0.0290	0.009	0.040
20.265	0.0311	0.035	0.267	0.0152	0.008	0.037
20.270	0.0262	0.029	0.278	0.0140	0.029	0.040
20.275	0.0364	0.044	0.193	0.0267	0.025	0.037
20.280	0.0455	0.042	0.252	0.0255	0.004	0.028
20.285	0.0621	0.023	0.272	0.0160	0.002	0.026
20.290	0.0760	0.025	0.255	0.0353	0.002	0.026
20.295	0.0440	0.033	0.340	0.0193	0.001	0.020
20.300	0.0275	0.031	0.370	0.0253	0.000	0.022
20.305	0.1396	0.021	0.359	0.0204	0.000	0.014
20.310	0.0518	0.025	0.401	0.0229	0.000	0.016
20.315	0.2691	0.023	0.458	0.0210	0.000	0.015
20.320	0.0938	0.023	0.442	0.0198	0.000	0.015
20.325	0.2242	0.029	0.445	0.0260	0.000	0.014
20.330	0.0390	0.027	0.413	0.0214	0.000	0.015
20.335	0.2015	0.029	0.419	0.0350	0.000	0.016
20.340	0.0493	0.025	0.402	0.0191	0.000	0.013
20.345	0.1488	0.027	0.395	0.0334	0.000	0.012
20.350	0.0883	0.025	0.305	0.0245	0.000	0.010
20.355	0.0280	0.027	0.338	0.0238	0.000	0.014
20.360	0.1035	0.023	0.292	0.0205	0.000	0.010
20.365	0.0389	0.023	0.259	0.0283	0.000	0.011
20.370	0.0938	0.015	0.349	0.0244	0.000	0.010
20.375	0.0384	0.023	0.346	0.0229	0.000	0.011
20.380	0.0919	0.025	0.220	0.0406	0.000	0.016
20.385	0.0387	0.023	0.300	0.0260	0.000	0.016
20.390	0.0156	0.015	0.296	0.0371	0.000	0.019
20.395	0.0228	0.025	0.342	0.0273	0.000	0.016
20.400	0.0142	0.017	0.241	0.0222	0.000	0.015
20.405	0.0439	0.015	0.237	0.0402	0.000	0.011
20.410	0.0245	0.013	0.421	0.0166	0.000	0.010
20.415	0.0421	0.010	0.432	0.0311	0.000	0.011
20.420	0.0234	0.015	0.394	0.0333	0.000	0.010
20.425	0.0269	0.008	0.436	0.0583	0.000	0.009
20.430	0.0216	0.015	0.454	0.0302	0.000	0.009
20.435	0.0187	0.008	0.476	0.0793	0.000	0.009
20.440	0.0238	0.006	0.486	0.0328	0.000	0.008
20.445	0.0178	0.010	0.469	0.0677	0.000	0.008
20.450	0.0289	0.006	0.473	0.0242	0.000	0.007
20.455	0.0172	0.008	0.444	0.0558	0.000	0.008
20.460	0.0366	0.008	0.417	0.0229	0.000	0.006
20.465	0.0176	0.013	0.453	0.0383	0.000	0.007
20.470	0.0472	0.013	0.385	0.0230	0.000	0.005
20.475	0.0176	0.008	0.462	0.0236	0.000	0.007
20.480	0.0622	0.017	0.326	0.0189	0.000	0.007
20.485	0.0339	0.008	0.407	0.0326	0.000	0.010
20.490	0.0632	0.010	0.279	0.0179	0.000	0.010
20.495	0.0359	0.015	0.403	0.0334	0.000	0.012
20.500	0.0598	0.015	0.427	0.0298	0.000	0.011
20.505	0.0617	0.013	0.415	0.0169	0.000	0.012
20.510	0.1009	0.008	0.368	0.0390	0.000	0.010
20.515	0.0487	0.008	0.374	0.0388	0.000	0.010
20.520	0.0493	0.006	0.526	0.0215	0.000	0.011
20.525	0.0222	0.008	0.558	0.0130	0.000	0.009
20.530	0.0324	0.004	0.520	0.0186	0.000	0.010
20.535	0.0329	0.004	0.583	0.0155	0.000	0.009
20.540	0.0179	0.013	0.529	0.0159	0.001	0.011
20.545	0.0566	0.008	0.603	0.0368	0.000	0.009
20.550	0.0477	0.004	0.561	0.0226	0.001	0.010
20.555	0.0775	0.019	0.626	0.0285	0.000	0.009
20.560	0.0556	0.004	0.538	0.0254	0.000	0.011
20.565	0.0660	0.008	0.592	0.0222	0.000	0.014
20.570	0.0411	0.004	0.531	0.0247	0.000	0.018
20.575	0.0654	0.004	0.558	0.0168	0.000	0.016
20.580	0.0557	0.008	0.463	0.0219	0.000	0.016
20.585	0.1154	0.013	0.419	0.0284	0.000	0.018
20.590	0.0473	0.008	0.437	0.0169	0.000	0.017
20.595	0.0860	0.010	0.459	0.0237	0.000	0.021
20.600	0.0251	0.004	0.426	0.0098	0.000	0.018
20.605	0.0289	0.008	0.425	0.0266	0.000	0.024
20.610	0.0407	0.017	0.375	0.0147	0.000	0.018
20.615	0.0177	0.008	0.390	0.0206	0.000	0.019
20.620	0.0505	0.040	0.308	0.0371	0.000	0.010
20.625	0.0193	0.015	0.404	0.0228	0.000	0.011
20.630	0.0576	0.017	0.472	0.0234	0.000	0.012
20.635	0.0251	0.017	0.340	0.0186	0.000	0.012
20.640	0.0109	0.023	0.454	0.0262	0.000	0.016
20.645	0.0254	0.033	0.295	0.0204	0.000	0.013
20.650	0.0121	0.023	0.442	0.0264	0.000	0.015
20.655	0.0433	0.040	0.392	0.0149	0.000	0.010
20.660	0.0157	0.023	0.429	0.0230	0.000	0.010
20.665	0.0748	0.040	0.445	0.0266	0.000	0.009
20.670	0.0273	0.021	0.395	0.0123	0.000	0.008
20.675	0.0588	0.031	0.468	0.0236	0.000	0.011
20.680	0.0360	0.035	0.309	0.0148	0.000	0.008
20.685	0.0220	0.023	0.437	0.0238	0.000	0.010
20.690	0.0510	0.046	0.295	0.0217	0.000	0.008
20.695	0.0161	0.023	0.350	0.0231	0.000	0.008
20.700	0.0743	0.044	0.443	0.0245	0.000	0.009
20.705	0.0267	0.019	0.246	0.0148	0.000	0.009
20.710	0.0126	0.050	0.421	0.0275	0.000	0.013
20.715	0.0298	0.013	0.301	0.0222	0.000	0.010
20.720	0.0148	0.029	0.370	0.0311	0.000	0.013
20.725	0.0359	0.025	0.415	0.0313	0.000	0.012
20.730	0.0213	0.023	0.510	0.0326	0.000	0.010
20.735	0.0374	0.013	0.425	0.0421	0.000	0.011
20.740	0.0283	0.006	0.456	0.0296	0.000	0.009
20.745	0.0092	0.004	0.360	0.0263	0.000	0.010
20.750	0.0252	0.004	0.372	0.0566	0.000	0.009
20.755	0.0171	0.006	0.487	0.0429	0.000	0.008
20.760	0.0392	0.004	0.466	0.0376	0.000	0.011
20.765	0.0275	0.008	0.452	0.0323	0.000	0.009
20.770	0.0173	0.004	0.456	0.0433	0.000	0.012
20.775	0.0276	0.002	0.326	0.0415	0.000	0.010
20.780	0.0080	0.017	0.280	0.0245	0.000	0.012
20.785	0.0384	0.002	0.424	0.0498	0.000	0.019
20.790	0.0192	0.008	0.384	0.0375	0.000	0.014
20.795	0.0041	0.004	0.407	0.0191	0.000	0.021
20.800	0.0211	0.002	0.272	0.0193	0.000	0.036
20.805	0.0037	0.008	0.365	0.0318	0.000	0.050
20.810	0.0037	0.010	0.563	0.0322	0.001	0.088
20.815	0.0065	0.008	0.610	0.0174	0.003	0.097
20.820	0.0029	0.004	0.400	0.0150	0.034	0.126
20.825	0.0041	0.023	0.273	0.0226	0.051	0.114
20.830	0.0040	0.037	0.183	0.0253	0.035	0.097
20.835	0.0046	0.062	0.196	0.0197	0.035	0.095
20.840	0.0076	0.056	0.224	0.0143	0.065	0.101
20.845	0.0105	0.050	0.228	0.0123	0.104	0.105
20.850	0.0083	0.048	0.234	0.0220	0.131	0.098
20.855	0.0088	0.060	0.338	0.0180	0.134	0.092
20.860	0.0099	0.058	0.478	0.0214	0.070	0.083
20.865	0.0147	0.065	0.446	0.0163	0.054	0.080
20.870	0.0191	0.031	0.308	0.0266	0.063	0.074
20.875	0.0226	0.052	0.312	0.0296	0.037	0.063
20.880	0.0214	0.037	0.396	0.0227	0.019	0.058
20.885	0.0208	0.029	0.337	0.0140	0.026	0.069
20.890	0.0233	0.033	0.212	0.0369	0.011	0.051
20.895	0.0126	0.033	0.210	0.0223	0.004	0.045
20.900	0.0279	0.023	0.241	0.0350	0.003	0.059
20.905	0.0379	0.031	0.201	0.0521	0.002	0.054
20.910	0.0174	0.025	0.258	0.0297	0.001	0.042
20.915	0.0167	0.025	0.179	0.0357	0.001	0.037
20.920	0.0279	0.027	0.252	0.0215	0.000	0.020
20.925	0.0172	0.025	0.420	0.0362	0.000	0.019
20.930	0.0582	0.021	0.341	0.0281	0.000	0.012
20.935	0.0150	0.027	0.394	0.0284	0.000	0.014
20.940	0.1037	0.025	0.399	0.0379	0.000	0.014
20.945	0.0612	0.027	0.360	0.0234	0.000	0.013
20.950	0.1213	0.023	0.443	0.0436	0.000	0.012
20.955	0.0572	0.021	0.374	0.0195	0.000	0.013
20.960	0.1051	0.019	0.473	0.0321	0.000	0.013
20.965	0.0654	0.027	0.409	0.0263	0.000	0.011
20.970	0.0256	0.021	0.471	0.0297	0.000	0.010
20.975	0.1092	0.021	0.393	0.0263	0.000	0.009
20.980	0.0265	0.023	0.510	0.0243	0.000	0.012
20.985	0.1239	0.023	0.435	0.0334	0.000	0.010
20.990	0.0736	0.019	0.555	0.0280	0.000	0.009
20.995	0.1434	0.025	0.541	0.0276	0.000	0.007
21.000	0.1056	0.023	0.574	0.0230	0.000	0.008
21.005	0.1471	0.021	0.571	0.0284	0.000	0.008
21.010	0.0629	0.025	0.553	0.0218	0.000	0.008
21.015	0.1999	0.023	0.535	0.0283	0.000	0.007
21.020	0.0541	0.025	0.428	0.0247	0.000	0.010
21.025	0.1953	0.021	0.427	0.0264	0.000	0.010
21.030	0.0918	0.021	0.399	0.0241	0.000	0.012
21.035	0.2235	0.019	0.392	0.0317	0.001	0.013
21.040	0.1268	0.019	0.242	0.0266	0.001	0.017
21.045	0.2171	0.019	0.298	0.0438	0.001	0.019
21.050	0.0319	0.017	0.215	0.0226	0.001	0.023
21.055	0.1342	0.019	0.208	0.0333	0.001	0.032
21.060	0.0356	0.019	0.184	0.0137	0.038	0.064
21.065	0.0407	0.019	0.218	0.0200	0.195	0.079
21.070	0.0219	0.040	0.120	0.0136	0.413	0.082
21.075	0.0160	0.071	0.152	0.0113	0.569	0.092
21.080	0.0345	0.079	0.199	0.0139	0.659	0.095
21.085	0.0266	0.102	0.198	0.0121	0.759	0.089
21.090	0.0343	0.129	0.146	0.0132	0.873	0.087
21.095	0.0332	0.144	0.142	0.0151	0.914	0.086
21.100	0.0479	0.138	0.135	0.0108	0.969	0.069
21.105	0.0314	0.142	0.144	0.0130	0.959	0.067
21.110	0.0627	0.165	0.134	0.0139	0.963	0.069
21.115	0.0485	0.154	0.175	0.0137	0.955	0.067
21.120	0.0449	0.142	0.161	0.0144	0.944	0.066
21.125	0.0480	0.140	0.132	0.0129	0.965	0.065
21.130	0.0493	0.146	0.171	0.0139	0.978	0.066
21.135	0.0471	0.144	0.162	0.0121	0.977	0.067
21.140	0.0575	0.146	0.126	0.0147	0.977	0.072
21.145	0.0452	0.144	0.148	0.0150	0.978	0.073
21.150	0.0439	0.171	0.191	0.0152	0.965	0.077
21.155	0.0406	0.158	0.179	0.0151	0.960	0.085
21.160	0.0171	0.152	0.181	0.0106	0.937	0.097
21.165	0.0239	0.146	0.158	0.0172	0.893	0.112
21.170	0.0103	0.144	0.172	0.0148	0.797	0.126
21.175	0.0074	0.123	0.251	0.0141	0.818	0.117
21.180	0.0069	0.142	0.268	0.0128	0.829	0.120
21.185	0.0056	0.129	0.207	0.0137	0.852	0.129
21.190	0.0083	0.133	0.169	0.0122	0.751	0.102
21.195	0.0058	0.125	0.148	0.0127	0.744	0.099
21.200	0.0084	0.117	0.163	0.0135	0.808	0.091
21.205	0.0055	0.123	0.194	0.0176	0.801	0.078
21.210	0.0098	0.110	0.245	0.0128	0.800	0.063
21.215	0.0159	0.108	0.184	0.0155	0.752	0.063
21.220	0.0225	0.108	0.225	0.0162	0.583	0.063
21.225	0.0218	0.100	0.239	0.0150	0.458	0.065
21.230	0.0168	0.085	0.111	0.0350	0.135	0.072
21.235	0.0106	0.079	0.201	0.0295	0.025	0.054
21.240	0.0103	0.027	0.306	0.0307	0.004	0.026
21.245	0.0091	0.031	0.382	0.0265	0.002	0.022
21.250	0.0523	0.013	0.461	0.0156	0.001	0.019
21.255	0.0180	0.023	0.475	0.0199	0.001	0.024
21.260	0.0894	0.013	0.456	0.0195	0.001	0.019
21.265	0.0284	0.017	0.486	0.0205	0.002	0.022
21.270	0.0806	0.013	0.418	0.0252	0.002	0.018
21.275	0.0384	0.021	0.473	0.0205	0.002	0.022
21.280	0.0885	0.013	0.432	0.0241	0.001	0.019
21.285	0.0440	0.013	0.478	0.0264	0.001	0.021
21.290	0.1215	0.013	0.464	0.0196	0.001	0.021
21.295	0.0608	0.013	0.485	0.0268	0.001	0.025
21.300	0.1393	0.008	0.486	0.0167	0.001	0.026
21.305	0.0615	0.008	0.493	0.0319	0.001	0.027
21.310	0.1383	0.006	0.493	0.0189	0.001	0.022
21.315	0.0499	0.008	0.496	0.0336	0.001	0.021
21.320	0.1364	0.008	0.477	0.0206	0.001	0.017
21.325	0.0462	0.008	0.492	0.0316	0.001	0.019
21.330	0.1330	0.008	0.458	0.0204	0.001	0.016
21.335	0.0489	0.008	0.491	0.0318	0.001	0.017
21.340	0.1325	0.013	0.463	0.0183	0.001	0.014
21.345	0.0536	0.008	0.487	0.0288	0.001	0.015
21.350	0.1403	0.013	0.443	0.0209	0.001	0.013
21.355	0.0467	0.008	0.488	0.0297	0.001	0.016
21.360	0.1457	0.017	0.464	0.0200	0.001	0.015
21.365	0.0534	0.008	0.478	0.0281	0.001	0.015
21.370	0.1418	0.013	0.454	0.0232	0.001	0.013
21.375	0.0520	0.008	0.475	0.0252	0.001	0.013
21.380	0.1464	0.013	0.485	0.0288	0.000	0.012
21.385	0.0543	0.008	0.479	0.0224	0.000	0.011
21.390	0.1348	0.008	0.493	0.0347	0.000	0.011
21.395	0.0525	0.008	0.479	0.0202	0.001	0.012
21.400	0.1250	0.008	0.494	0.0362	0.000	0.013
21.405	0.0499	0.008	0.485	0.0187	0.000	0.013
21.410	0.1199	0.006	0.483	0.0401	0.000	0.012
21.415	0.0422	0.008	0.469	0.0160	0.000	0.014
21.420	0.1128	0.008	0.472	0.0399	0.000	0.015
21.425	0.0308	0.008	0.469	0.0144	0.000	0.015
21.430	0.1077	0.004	0.482	0.0436	0.000	0.013
21.435	0.0267	0.008	0.480	0.0144	0.000	0.012
21.440	0.1004	0.004	0.490	0.0443	0.000	0.013
21.445	0.0291	0.008	0.480	0.0149	0.000	0.012
21.450	0.0643	0.004	0.486	0.0438	0.000	0.012
21.455	0.0405	0.004	0.475	0.0133	0.000	0.010
21.460	0.0228	0.004	0.479	0.0395	0.000	0.011
21.465	0.0448	0.008	0.451	0.0158	0.000	0.010
21.470	0.0162	0.004	0.468	0.0362	0.000	0.009
21.475	0.0412	0.004	0.439	0.0191	0.000	0.007
21.480	0.0139	0.008	0.465	0.0413	0.000	0.009
21.485	0.0448	0.004	0.397	0.0252	0.000	0.007
21.490	0.0149	0.004	0.489	0.0346	0.000	0.009
21.495	0.0640	0.002	0.494	0.0444	0.000	0.007
21.500	0.0203	0.006	0.490	0.0227	0.000	0.009
21.505	0.0671	0.002	0.504	0.0431	0.000	0.008
21.510	0.0260	0.006	0.494	0.0175	0.000	0.010
21.515	0.0634	0.002	0.508	0.0440	0.000	0.009
21.520	0.0257	0.010	0.491	0.0284	0.000	0.009
21.525	0.0585	0.002	0.511	0.0399	0.000	0.008
21.530	0.0256	0.006	0.494	0.0299	0.000	0.009
21.535	0.0496	0.004	0.506	0.0426	0.000	0.008
21.540	0.0246	0.004	0.495	0.0411	0.000	0.009
21.545	0.0445	0.004	0.390	0.0386	0.000	0.008
21.550	0.0251	0.004	0.378	0.0295	0.000	0.007
21.555	0.0374	0.004	0.409	0.0262	0.000	0.007
21.560	0.0346	0.013	0.318	0.0455	0.000	0.007
21.565	0.0360	0.013	0.298	0.0189	0.000	0.006
21.570	0.0236	0.015	0.335	0.0355	0.000	0.008
21.575	0.0473	0.015	0.414	0.0166	0.000	0.007
21.580	0.0184	0.021	0.420	0.0359	0.000	0.008
21.585	0.0416	0.027	0.424	0.0219	0.000	0.007
21.590	0.0190	0.027	0.412	0.0252	0.000	0.011
21.595	0.0470	0.025	0.269	0.0272	0.000	0.010
21.600	0.0244	0.025	0.381	0.0259	0.000	0.014
21.605	0.0563	0.023	0.386	0.0200	0.000	0.015
21.610	0.0544	0.021	0.417	0.0219	0.000	0.019
21.615	0.0444	0.017	0.344	0.0284	0.000	0.019
21.620	0.0670	0.023	0.554	0.0213	0.001	0.017
21.625	0.0355	0.015	0.478	0.0167	0.001	0.019
21.630	0.0931	0.019	0.412	0.0218	0.001	0.019
21.635	0.0307	0.013	0.424	0.0187	0.001	0.021
21.640	0.0564	0.027	0.335	0.0181	0.001	0.018
21.645	0.0181	0.019	0.378	0.0218	0.002	0.016
21.650	0.0465	0.021	0.439	0.0157	0.002	0.015
21.655	0.1508	0.033	0.442	0.0197	0.002	0.014
21.660	0.0270	0.031	0.487	0.0212	0.001	0.012
21.665	0.1033	0.027	0.346	0.0243	0.001	0.010
21.670	0.1877	0.033	0.356	0.0229	0.001	0.012
21.675	0.0460	0.023	0.501	0.0183	0.001	0.012
21.680	0.0733	0.025	0.386	0.0180	0.001	0.013
21.685	0.0754	0.019	0.460	0.0156	0.001	0.013
21.690	0.1537	0.021	0.485	0.0161	0.001	0.011
21.695	0.1768	0.021	0.441	0.0218	0.001	0.011
21.700	0.1027	0.025	0.455	0.0206	0.002	0.012
21.705	0.0857	0.023	0.467	0.0205	0.004	0.013
21.710	0.1019	0.021	0.345	0.0243	0.006	0.014
21.715	0.1318	0.033	0.356	0.0251	0.007	0.015
21.720	0.0917	0.031	0.571	0.0196	0.007	0.017
21.725	0.1032	0.042	0.608	0.0166	0.006	0.020
21.730	0.1194	0.027	0.554	0.0229	0.004	0.027
21.735	0.1003	0.019	0.536	0.0274	0.005	0.031
21.740	0.0473	0.010	0.529	0.0172	0.006	0.041
21.745	0.0541	0.021	0.527	0.0244	0.005	0.045
21.750	0.0410	0.023	0.418	0.0197	0.006	0.058
21.755	0.0325	0.021	0.301	0.0257	0.009	0.072
21.760	0.0255	0.025	0.470	0.0360	0.008	0.070
21.765	0.0311	0.025	0.450	0.0164	0.007	0.066
21.770	0.0355	0.021	0.354	0.0152	0.013	0.069
21.775	0.0234	0.010	0.438	0.0423	0.008	0.057
21.780	0.0114	0.037	0.582	0.0230	0.004	0.045
21.785	0.0248	0.006	0.657	0.0318	0.003	0.035
21.790	0.0392	0.004	0.771	0.0107	0.004	0.023
21.795	0.0811	0.008	0.777	0.0158	0.003	0.023
21.800	0.1067	0.008	0.814	0.0184	0.001	0.021
21.805	0.0755	0.004	0.804	0.0147	0.001	0.022
21.810	0.1305	0.006	0.792	0.0194	0.001	0.024
21.815	0.1363	0.004	0.783	0.0137	0.001	0.024
21.820	0.0681	0.006	0.679	0.0291	0.001	0.027
21.825	0.0669	0.004	0.627	0.0218	0.002	0.034
21.830	0.1070	0.010	0.398	0.0211	0.013	0.053
21.835	0.0650	0.013	0.404	0.0224	0.033	0.063
21.840	0.0465	0.023	0.343	0.0104	0.063	0.077
21.845	0.0452	0.006	0.305	0.0145	0.165	0.086
21.850	0.0418	0.056	0.232	0.0174	0.277	0.090
21.855	0.0227	0.058	0.225	0.0143	0.408	0.085
21.860	0.0346	0.075	0.236	0.0124	0.755	0.090
21.865	0.0221	0.127	0.257	0.0148	0.708	0.091
21.870	0.0309	0.100	0.314	0.0156	0.691	0.095
21.875	0.0433	0.104	0.231	0.0135	0.742	0.102
21.880	0.0324	0.106	0.187	0.0147	0.797	0.106
21.885	0.0404	0.108	0.203	0.0137	0.799	0.106
21.890	0.0339	0.117	0.219	0.0141	0.555	0.103
21.895	0.0347	0.121	0.273	0.0171	0.275	0.113
21.900	0.0298	0.046	0.264	0.0193	0.182	0.147
21.905	0.0091	0.050	0.145	0.0161	0.187	0.131
21.910	0.0057	0.067	0.223	0.0178	0.140	0.126
21.915	0.0065	0.052	0.196	0.0197	0.145	0.135
21.920	0.0062	0.065	0.410	0.0192	0.103	0.111
21.925	0.0072	0.035	0.406	0.0191	0.046	0.097
21.930	0.0048	0.044	0.310	0.0169	0.045	0.098
21.935	0.0090	0.029	0.271	0.0238	0.050	0.108
21.940	0.0052	0.031	0.091	0.0129	0.170	0.112
21.945	0.0080	0.031	0.214	0.0271	0.277	0.099
21.950	0.0094	0.115	0.219	0.0074	0.270	0.078
21.955	0.0152	0.096	0.219	0.0166	0.218	0.082
21.960	0.0594	0.077	0.360	0.0375	0.072	0.082
21.965	0.0427	0.065	0.635	0.0530	0.010	0.054
21.970	0.0287	0.013	0.695	0.0142	0.009	0.025
21.975	0.0820	0.010	0.683	0.0140	0.019	0.025
21.980	0.1570	0.019	0.683	0.0211	0.017	0.024
21.985	0.1369	0.015	0.720	0.0194	0.011	0.027
21.990	0.0953	0.023	0.741	0.0168	0.008	0.028
21.995	0.2014	0.019	0.763	0.0141	0.007	0.027
22.000	0.2121	0.015	0.786	0.0092	0.005	0.027
22.005	0.1468	0.017	0.782	0.0096	0.004	0.027
22.010	0.2216	0.010	0.671	0.0178	0.002	0.025
22.015	0.2741	0.010	0.560	0.0250	0.003	0.024
22.020	0.2332	0.017	0.418	0.0268	0.003	0.024
22.025	0.1658	0.015	0.378	0.0286	0.002	0.020
22.030	0.1166	0.015	0.227	0.0401	0.002	0.014
22.035	0.1550	0.013	0.240	0.0278	0.001	0.014
22.040	0.1663	0.017	0.307	0.0256	0.002	0.015
22.045	0.1639	0.015	0.328	0.0157	0.004	0.018
22.050	0.1765	0.027	0.229	0.0208	0.006	0.018
22.055	0.1510	0.023	0.216	0.0239	0.006	0.017
22.060	0.0783	0.029	0.312	0.0195	0.005	0.016
22.065	0.1583	0.025	0.285	0.0322	0.003	0.017
22.070	0.2137	0.013	0.408	0.0335	0.002	0.017
22.075	0.0929	0.019	0.322	0.0202	0.001	0.018
22.080	0.1656	0.013	0.339	0.0124	0.003	0.018
22.085	0.0730	0.015	0.237	0.0350	0.002	0.020
22.090	0.1584	0.029	0.471	0.0177	0.001	0.017
22.095	0.0854	0.013	0.471	0.0153	0.001	0.017
22.100	0.1646	0.037	0.370	0.0300	0.001	0.019
22.105	0.0842	0.029	0.275	0.0155	0.001	0.017
22.110	0.0318	0.029	0.252	0.0276	0.001	0.027
22.115	0.0654	0.031	0.195	0.0221	0.001	0.025
22.120	0.0229	0.040	0.132	0.0163	0.000	0.028
22.125	0.0987	0.019	0.142	0.0536	0.001	0.048
22.130	0.0166	0.015	0.407	0.0311	0.001	0.049
22.135	0.0209	0.019	0.377	0.0138	0.000	0.051
22.140	0.0225	0.013	0.367	0.0272	0.000	0.050
22.145	0.0179	0.013	0.389	0.0276	0.000	0.047
22.150	0.0270	0.015	0.357	0.0262	0.001	0.058
22.155	0.0158	0.013	0.301	0.0273	0.001	0.064
22.160	0.0230	0.015	0.354	0.0363	0.001	0.061
22.165	0.0152	0.013	0.488	0.0267	0.000	0.058
22.170	0.0190	0.013	0.469	0.0281	0.001	0.072
22.175	0.0227	0.015	0.427	0.0297	0.001	0.076
22.180	0.0102	0.010	0.395	0.0205	0.001	0.085
22.185	0.0190	0.015	0.327	0.0485	0.001	0.088
22.190	0.0101	0.021	0.291	0.0273	0.001	0.090
22.195	0.0109	0.013	0.284	0.0209	0.002	0.111
22.200	0.0108	0.010	0.330	0.0159	0.003	0.113
22.205	0.0058	0.019	0.347	0.0371	0.002	0.115
22.210	0.0068	0.015	0.238	0.0338	0.001	0.100
22.215	0.0078	0.008	0.264	0.0305	0.002	0.110
22.220	0.0099	0.017	0.299	0.0340	0.008	0.157
22.225	0.0050	0.027	0.293	0.0250	0.012	0.183
22.230	0.0029	0.048	0.245	0.0156	0.011	0.196
22.235	0.0061	0.013	0.304	0.0179	0.030	0.247
22.240	0.0017	0.044	0.319	0.0350	0.021	0.234
22.245	0.0016	0.062	0.366	0.0176	0.016	0.239
22.250	0.0031	0.017	0.327	0.0170	0.032	0.267
22.255	0.0023	0.035	0.306	0.0220	0.031	0.270
22.260	0.0021	0.040	0.474	0.0149	0.027	0.264
22.265	0.0031	0.031	0.343	0.0154	0.041	0.279
22.270	0.0018	0.027	0.343	0.0118	0.097	0.314
22.275	0.0012	0.058	0.291	0.0172	0.098	0.304
22.280	0.0015	0.044	0.430	0.0207	0.034	0.255
22.285	0.0008	0.077	0.509	0.0114	0.030	0.260
22.290	0.0029	0.025	0.470	0.0154	0.041	0.315
22.295	0.0019	0.029	0.532	0.0142	0.035	0.314
22.300	0.0013	0.023	0.476	0.0131	0.047	0.313
22.305	0.0015	0.042	0.296	0.0251	0.062	0.324
22.310	0.0013	0.046	0.348	0.0155	0.089	0.357
22.315	0.0012	0.052	0.318	0.0143	0.093	0.354
22.320	0.0005	0.042	0.272	0.0212	0.069	0.350
22.325	0.0009	0.065	0.239	0.0181	0.054	0.338
22.330	0.0008	0.035	0.345	0.0186	0.048	0.282
22.335	0.0006	0.046	0.314	0.0174	0.038	0.298
22.340	0.0009	0.056	0.434	0.0302	0.019	0.255
22.345	0.0010	0.046	0.449	0.0260	0.011	0.220
22.350	0.0008	0.033	0.443	0.0163	0.042	0.241
22.355	0.0013	0.033	0.406	0.0205	0.047	0.208
22.360	0.0008	0.040	0.342	0.0163	0.026	0.205
22.365	0.0013	0.029	0.471	0.0258	0.016	0.183
22.370	0.0010	0.033	0.585	0.0246	0.012	0.149
22.375	0.0013	0.033	0.591	0.0135	0.010	0.153
22.380	0.0018	0.033	0.486	0.0258	0.017	0.195
22.385	0.0009	0.031	0.444	0.0271	0.016	0.216
22.390	0.0004	0.048	0.660	0.0136	0.007	0.199
22.395	0.0007	0.033	0.672	0.0174	0.009	0.197
22.400	0.0009	0.033	0.441	0.0233	0.027	0.254
22.405	0.0005	0.031	0.425	0.0135	0.032	0.263
22.410	0.0003	0.031	0.356	0.0231	0.041	0.270
22.415	0.0003	0.044	0.439	0.0194	0.021	0.260
22.420	0.0003	0.029	0.405	0.0193	0.010	0.244
22.425	0.0003	0.035	0.438	0.0164	0.013	0.277
22.430	0.0005	0.031	0.305	0.0275	0.013	0.289
22.435	0.0002	0.033	0.351	0.0146	0.012	0.290
22.440	0.0004	0.033	0.269	0.0166	0.027	0.323
22.445	0.0002	0.052	0.196	0.0210	0.031	0.317
22.450	0.0002	0.044	0.240	0.0183	0.020	0.296
22.455	0.0003	0.048	0.225	0.0224	0.017	0.302
22.460	0.0002	0.031	0.242	0.0226	0.020	0.302
22.465	0.0003	0.033	0.274	0.0232	0.020	0.293
22.470	0.0002	0.035	0.225	0.0184	0.017	0.281
22.475	0.0003	0.037	0.257	0.0175	0.015	0.269
22.480	0.0003	0.023	0.301	0.0176	0.029	0.306
22.485	0.0003	0.044	0.429	0.0302	0.019	0.305
22.490	0.0002	0.040	0.466	0.0136	0.013	0.284
22.495	0.0004	0.031	0.469	0.0162	0.019	0.299
22.500	0.0003	0.037	0.374	0.0195	0.021	0.289
22.505	0.0002	0.048	0.415	0.0169	0.017	0.289
22.510	0.0005	0.033	0.384	0.0176	0.014	0.281
22.515	0.0004	0.044	0.316	0.0167	0.018	0.285
22.520	0.0004	0.035	0.279	0.0220	0.029	0.321
22.525	0.0003	0.048	0.243	0.0194	0.026	0.325
22.530	0.0003	0.037	0.213	0.0144	0.023	0.309
22.535	0.0003	0.044	0.241	0.0159	0.028	0.303
22.540	0.0004	0.042	0.279	0.0266	0.025	0.320
22.545	0.0002	0.044	0.417	0.0179	0.018	0.297
22.550	0.0004	0.031	0.414	0.0177	0.014	0.293
22.555	0.0003	0.040	0.390	0.0185	0.013	0.283
22.560	0.0005	0.037	0.319	0.0190	0.016	0.273
22.565	0.0003	0.037	0.250	0.0217	0.017	0.284
22.570	0.0004	0.035	0.258	0.0224	0.019	0.285
22.575	0.0004	0.023	0.246	0.0175	0.019	0.285
22.580	0.0004	0.037	0.193	0.0183	0.024	0.304
22.585	0.0004	0.048	0.166	0.0214	0.025	0.318
22.590	0.0003	0.046	0.145	0.0237	0.016	0.290
22.595	0.0003	0.027	0.197	0.0116	0.018	0.285
22.600	0.0004	0.031	0.196	0.0222	0.026	0.328
22.605	0.0002	0.027	0.179	0.0187	0.020	0.317
22.610	0.0003	0.029	0.220	0.0221	0.022	0.343
22.615	0.0003	0.033	0.239	0.0201	0.019	0.337
22.620	0.0003	0.017	0.269	0.0246	0.022	0.370
22.625	0.0002	0.060	0.275	0.0170	0.011	0.290
22.630	0.0002	0.040	0.362	0.0110	0.016	0.323
22.635	0.0004	0.029	0.278	0.0195	0.027	0.376
22.640	0.0002	0.040	0.389	0.0175	0.030	0.392
22.645	0.0002	0.027	0.455	0.0211	0.020	0.387
22.650	0.0003	0.021	0.505	0.0202	0.013	0.342
22.655	0.0002	0.021	0.469	0.0152	0.015	0.344
22.660	0.0003	0.033	0.278	0.0175	0.027	0.380
22.665	0.0003	0.040	0.235	0.0277	0.029	0.393
22.670	0.0002	0.048	0.250	0.0193	0.018	0.350
22.675	0.0002	0.031	0.284	0.0238	0.017	0.338
22.680	0.0002	0.029	0.305	0.0141	0.021	0.375
22.685	0.0002	0.042	0.265	0.0165	0.032	0.415
22.690	0.0002	0.046	0.298	0.0228	0.017	0.374
22.695	0.0001	0.027	0.222	0.0164	0.024	0.397
22.700	0.0002	0.029	0.247	0.0221	0.037	0.428
22.705	0.0001	0.065	0.188	0.0220	0.027	0.375
22.710	0.0001	0.021	0.250	0.0240	0.022	0.375
22.715	0.0002	0.027	0.388	0.0192	0.020	0.388
22.720	0.0002	0.027	0.440	0.0206	0.032	0.453
22.725	0.0002	0.021	0.463	0.0177	0.031	0.438
22.730	0.0001	0.008	0.231	0.0128	0.063	0.490
22.735	0.0002	0.031	0.204	0.0146	0.100	0.533
22.740	0.0001	0.058	0.285	0.0243	0.037	0.446
22.745	0.0001	0.058	0.322	0.0156	0.025	0.423
22.750	0.0002	0.025	0.420	0.0145	0.032	0.453
22.755	0.0003	0.019	0.421	0.0127	0.034	0.457
22.760	0.0001	0.046	0.472	0.0109	0.039	0.471
22.765	0.0002	0.025	0.290	0.0246	0.056	0.491
22.770	0.0002	0.054	0.292	0.0319	0.025	0.414
22.775	0.0001	0.054	0.432	0.0238	0.017	0.391
22.780	0.0001	0.029	0.416	0.0199	0.027	0.454
22.785	0.0002	0.027	0.328	0.0124	0.043	0.489
22.790	0.0001	0.050	0.260	0.0220	0.060	0.475
22.795	0.0001	0.031	0.223	0.0140	0.048	0.444
22.800	0.0001	0.023	0.161	0.0189	0.054	0.452
22.805	0.0001	0.052	0.174	0.0203	0.029	0.372
22.810	0.0001	0.054	0.199	0.0208	0.019	0.325
22.815	0.0003	0.027	0.293	0.0272	0.012	0.290
22.820	0.0002	0.046	0.332	0.0273	0.006	0.233
22.825	0.0003	0.033	0.275	0.0213	0.003	0.189
22.830	0.0004	0.044	0.252	0.0214	0.002	0.147
22.835	0.0008	0.050	0.247	0.0300	0.001	0.121
22.840	0.0012	0.037	0.339	0.0306	0.001	0.085
22.845	0.0010	0.037	0.403	0.0272	0.000	0.063
22.850	0.0011	0.031	0.289	0.0315	0.000	0.058
22.855	0.0044	0.017	0.521	0.0184	0.000	0.025
22.860	0.0039	0.029	0.386	0.0178	0.000	0.019
22.865	0.0243	0.019	0.181	0.0309	0.000	0.024
22.870	0.0198	0.025	0.225	0.0187	0.000	0.014
22.875	0.0206	0.021	0.482	0.0165	0.000	0.013
22.880	0.0807	0.027	0.292	0.0359	0.000	0.016
22.885	0.0378	0.023	0.357	0.0203	0.000	0.016
22.890	0.0706	0.031	0.239	0.0206	0.000	0.015
22.895	0.0267	0.023	0.355	0.0212	0.000	0.014
22.900	0.0814	0.019	0.266	0.0255	0.000	0.010
22.905	0.0755	0.025	0.353	0.0201	0.000	0.010
22.910	0.0579	0.013	0.375	0.0186	0.000	0.011
22.915	0.1158	0.023	0.457	0.0264	0.000	0.011
22.920	0.0400	0.017	0.468	0.0150	0.000	0.012
22.925	0.0827	0.037	0.422	0.0195	0.000	0.011
22.930	0.0229	0.025	0.447	0.0221	0.001	0.013
22.935	0.0563	0.019	0.417	0.0230	0.001	0.014
22.940	0.1211	0.021	0.465	0.0178	0.000	0.013
22.945	0.0408	0.015	0.469	0.0158	0.000	0.012
22.950	0.1043	0.017	0.485	0.0188	0.000	0.011
22.955	0.1299	0.023	0.516	0.0264	0.000	0.013
22.960	0.0668	0.023	0.537	0.0144	0.001	0.014
22.965	0.1593	0.023	0.578	0.0152	0.001	0.013
22.970	0.1081	0.025	0.492	0.0130	0.001	0.016
22.975	0.0797	0.023	0.485	0.0128	0.002	0.016
22.980	0.1050	0.027	0.479	0.0218	0.002	0.016
22.985	0.1367	0.025	0.608	0.0201	0.001	0.015
22.990	0.0407	0.021	0.559	0.0141	0.001	0.014
22.995	0.0675	0.025	0.556	0.0195	0.001	0.014
23.000	0.1175	0.021	0.532	0.0260	0.001	0.015
23.005	0.0489	0.013	0.544	0.0362	0.001	0.015
23.010	0.0365	0.010	0.530	0.0181	0.000	0.015
23.015	0.0748	0.010	0.509	0.0195	0.000	0.016
23.020	0.0342	0.017	0.539	0.0228	0.000	0.015
23.025	0.0278	0.015	0.503	0.0326	0.000	0.016
23.030	0.0853	0.010	0.634	0.0196	0.000	0.015
23.035	0.0252	0.008	0.659	0.0307	0.000	0.012
23.040	0.0415	0.010	0.604	0.0109	0.000	0.012
23.045	0.1047	0.008	0.648	0.0102	0.000	0.011
23.050	0.0354	0.008	0.636	0.0256	0.000	0.009
23.055	0.0450	0.008	0.541	0.0319	0.000	0.010
23.060	0.0828	0.008	0.593	0.0195	0.000	0.011
23.065	0.0314	0.008	0.610	0.0362	0.000	0.011
23.070	0.0421	0.013	0.531	0.0159	0.000	0.012
23.075	0.1001	0.008	0.636	0.0176	0.000	0.011
23.080	0.0450	0.006	0.559	0.0412	0.000	0.013
23.085	0.0271	0.010	0.493	0.0266	0.000	0.014
23.090	0.0779	0.006	0.573	0.0192	0.000	0.016
23.095	0.0110	0.013	0.495	0.0286	0.000	0.017
23.100	0.0439	0.013	0.563	0.0232	0.000	0.017
23.105	0.0467	0.006	0.580	0.0362	0.000	0.017
23.110	0.0298	0.008	0.556	0.0190	0.000	0.021
23.115	0.0583	0.008	0.533	0.0221	0.000	0.025
23.120	0.0259	0.010	0.504	0.0449	0.000	0.031
23.125	0.0309	0.017	0.410	0.0295	0.000	0.039
23.130	0.0438	0.004	0.611	0.0260	0.000	0.035
23.135	0.0080	0.010	0.493	0.0210	0.000	0.040
23.140	0.0266	0.008	0.522	0.0249	0.000	0.036
23.145	0.0211	0.006	0.598	0.0363	0.000	0.035
23.150	0.0097	0.019	0.498	0.0217	0.000	0.037
23.155	0.0610	0.015	0.638	0.0242	0.000	0.031
23.160	0.0093	0.013	0.552	0.0448	0.001	0.034
23.165	0.0359	0.029	0.573	0.0197	0.001	0.031
23.170	0.0548	0.010	0.662	0.0310	0.000	0.026
23.175	0.0139	0.013	0.507	0.0181	0.000	0.025
23.180	0.0765	0.006	0.599	0.0153	0.000	0.020
23.185	0.0220	0.013	0.579	0.0279	0.000	0.020
23.190	0.0228	0.008	0.518	0.0221	0.000	0.020
23.195	0.0907	0.008	0.640	0.0244	0.000	0.018
23.200	0.0262	0.008	0.622	0.0362	0.000	0.018
23.205	0.0634	0.008	0.590	0.0172	0.000	0.022
23.210	0.1003	0.008	0.627	0.0207	0.001	0.030
23.215	0.0372	0.006	0.530	0.0222	0.002	0.042
23.220	0.0586	0.008	0.559	0.0219	0.004	0.050
23.225	0.0499	0.008	0.583	0.0364	0.006	0.052
23.230	0.0369	0.017	0.535	0.0313	0.004	0.051
23.235	0.0614	0.006	0.586	0.0378	0.002	0.046
23.240	0.0185	0.008	0.621	0.0436	0.001	0.051
23.245	0.0247	0.008	0.605	0.0407	0.000	0.048
23.250	0.0308	0.008	0.383	0.0722	0.000	0.049
23.255	0.0252	0.008	0.340	0.0651	0.000	0.040
23.260	0.0136	0.010	0.366	0.0413	0.000	0.053
23.265	0.0152	0.006	0.394	0.0755	0.000	0.058
23.270	0.0117	0.004	0.444	0.0369	0.000	0.051
23.275	0.0133	0.008	0.584	0.0466	0.000	0.043
23.280	0.0053	0.002	0.423	0.0334	0.000	0.052
23.285	0.0142	0.008	0.597	0.0504	0.000	0.044
23.290	0.0052	0.008	0.528	0.0540	0.000	0.041
23.295	0.0082	0.004	0.452	0.0327	0.000	0.040
23.300	0.0110	0.006	0.531	0.0342	0.000	0.042
23.305	0.0015	0.008	0.344	0.0356	0.000	0.055
23.310	0.0046	0.008	0.525	0.0168	0.000	0.071
23.315	0.0018	0.006	0.524	0.0347	0.000	0.093
23.320	0.0018	0.006	0.456	0.0218	0.000	0.119
23.325	0.0024	0.004	0.571	0.0252	0.000	0.117
23.330	0.0010	0.006	0.622	0.0295	0.000	0.096
23.335	0.0007	0.017	0.520	0.0265	0.000	0.104
23.340	0.0023	0.008	0.582	0.0408	0.000	0.101
23.345	0.0011	0.006	0.660	0.0304	0.000	0.103
23.350	0.0013	0.008	0.579	0.0260	0.000	0.126
23.355	0.0018	0.008	0.520	0.0440	0.001	0.151
23.360	0.0005	0.006	0.513	0.0360	0.001	0.174
23.365	0.0007	0.008	0.494	0.0375	0.001	0.190
23.370	0.0004	0.008	0.438	0.0245	0.004	0.251
23.375	0.0004	0.010	0.341	0.0324	0.007	0.295
23.380	0.0003	0.010	0.216	0.0370	0.006	0.279
23.385	0.0001	0.013	0.311	0.0243	0.005	0.269
23.390	0.0002	0.004	0.272	0.0323	0.008	0.311
23.395	0.0002	0.008	0.271	0.0304	0.007	0.285
23.400	0.0002	0.021	0.255	0.0336	0.006	0.279
23.405	0.0003	0.008	0.380	0.0270	0.007	0.304
23.410	0.0002	0.006	0.376	0.0262	0.007	0.306
23.415	0.0001	0.013	0.315	0.0163	0.009	0.325
23.420	0.0002	0.013	0.195	0.0223	0.019	0.381
23.425	0.0002	0.035	0.119	0.0251	0.018	0.382
23.430	0.0002	0.042	0.222	0.0249	0.010	0.332
23.435	0.0001	0.019	0.298	0.0223	0.008	0.302
23.440	0.0001	0.017	0.195	0.0305	0.009	0.330
23.445	0.0001	0.029	0.177	0.0259	0.007	0.322
23.450	0.0001	0.008	0.084	0.0298	0.007	0.322
23.455	0.0001	0.013	0.185	0.0103	0.008	0.320
23.460	0.0001	0.029	0.178	0.0222	0.015	0.364
23.465	0.0001	0.037	0.161	0.0411	0.009	0.336
23.470	0.0001	0.021	0.185	0.0233	0.007	0.307
23.475	0.0001	0.013	0.155	0.0220	0.010	0.351
23.480	0.0001	0.015	0.459	0.0185	0.011	0.370
23.485	0.0002	0.006	0.238	0.0205	0.011	0.354
23.490	0.0002	0.013	0.083	0.0463	0.008	0.305
23.495	0.0002	0.021	0.165	0.0187	0.008	0.313
23.500	0.0002	0.010	0.181	0.0383	0.017	0.360
23.505	0.0001	0.040	0.181	0.0222	0.013	0.347
23.510	0.0002	0.025	0.178	0.0126	0.038	0.350
23.515	0.0002	0.006	0.068	0.0206	0.105	0.354
23.520	0.0002	0.040	0.285	0.0360	0.032	0.358
23.525	0.0002	0.040	0.399	0.0438	0.005	0.293
23.530	0.0002	0.017	0.436	0.0141	0.007	0.327
23.535	0.0003	0.004	0.480	0.0334	0.010	0.332
23.540	0.0001	0.019	0.437	0.0177	0.010	0.325
23.545	0.0002	0.023	0.468	0.0194	0.008	0.289
23.550	0.0001	0.015	0.535	0.0236	0.004	0.249
23.555	0.0002	0.015	0.631	0.0303	0.003	0.219
23.560	0.0002	0.017	0.683	0.0230	0.002	0.198
23.565	0.0006	0.015	0.702	0.0231	0.002	0.200
23.570	0.0003	0.010	0.529	0.0322	0.004	0.215
23.575	0.0005	0.010	0.397	0.0274	0.006	0.258
23.580	0.0004	0.006	0.542	0.0138	0.011	0.292
23.585	0.0004	0.004	0.476	0.0164	0.013	0.322
23.590	0.0003	0.017	0.553	0.0166	0.011	0.311
23.595	0.0003	0.013	0.554	0.0179	0.012	0.297
23.600	0.0002	0.015	0.301	0.0296	0.006	0.240
23.605	0.0002	0.023	0.402	0.0192	0.003	0.178
23.610	0.0002	0.025	0.327	0.0166	0.003	0.199
23.615	0.0011	0.013	0.230	0.0275	0.005	0.227
23.620	0.0004	0.010	0.231	0.0265	0.009	0.238
23.625	0.0002	0.013	0.370	0.0205	0.016	0.238
23.630	0.0003	0.025	0.314	0.0135	0.045	0.249
23.635	0.0004	0.035	0.298	0.0212	0.049	0.272
23.640	0.0003	0.048	0.412	0.0244	0.013	0.295
23.645	0.0002	0.017	0.435	0.0125	0.030	0.285
23.650	0.0003	0.013	0.274	0.0127	0.079	0.334
23.655	0.0003	0.040	0.142	0.0192	0.068	0.389
23.660	0.0002	0.046	0.249	0.0228	0.045	0.387
23.665	0.0001	0.054	0.263	0.0238	0.019	0.338
23.670	0.0002	0.040	0.340	0.0261	0.017	0.376
23.675	0.0003	0.015	0.316	0.0268	0.021	0.372
23.680	0.0002	0.010	0.327	0.0152	0.019	0.341
23.685	0.0001	0.019	0.248	0.0333	0.013	0.357
23.690	0.0001	0.037	0.165	0.0177	0.021	0.400
23.695	0.0002	0.027	0.181	0.0303	0.020	0.385
23.700	0.0001	0.023	0.354	0.0297	0.010	0.345
23.705	0.0002	0.013	0.496	0.0214	0.013	0.378
23.710	0.0002	0.008	0.623	0.0166	0.013	0.371
23.715	0.0002	0.017	0.549	0.0188	0.010	0.357
23.720	0.0003	0.013	0.314	0.0166	0.021	0.397
23.725	0.0002	0.044	0.287	0.0196	0.024	0.399
23.730	0.0001	0.033	0.421	0.0248	0.011	0.380
23.735	0.0001	0.013	0.452	0.0173	0.011	0.398
23.740	0.0001	0.017	0.355	0.0168	0.011	0.359
23.745	0.0002	0.010	0.429	0.0324	0.007	0.344
23.750	0.0002	0.013	0.644	0.0139	0.006	0.349
23.755	0.0002	0.008	0.494	0.0221	0.009	0.386
23.760	0.0001	0.013	0.368	0.0200	0.012	0.375
23.765	0.0001	0.017	0.252	0.0317	0.008	0.357
23.770	0.0001	0.015	0.240	0.0172	0.011	0.380
23.775	0.0002	0.013	0.241	0.0320	0.018	0.377
23.780	0.0001	0.044	0.214	0.0387	0.011	0.331
23.785	0.0001	0.019	0.405	0.0310	0.006	0.319
23.790	0.0001	0.029	0.428	0.0130	0.007	0.337
23.795	0.0003	0.013	0.290	0.0220	0.014	0.396
23.800	0.0002	0.008	0.235	0.0301	0.026	0.433
23.805	0.0001	0.040	0.114	0.0203	0.022	0.394
23.810	0.0001	0.013	0.221	0.0195	0.032	0.451
23.815	0.0001	0.017	0.220	0.0306	0.016	0.383
23.820	0.0000	0.052	0.267	0.0274	0.012	0.356
23.825	0.0002	0.015	0.339	0.0332	0.010	0.350
23.830	0.0001	0.019	0.312	0.0201	0.009	0.364
23.835	0.0001	0.004	0.363	0.0168	0.012	0.370
23.840	0.0002	0.010	0.205	0.0246	0.011	0.344
23.845	0.0001	0.019	0.212	0.0303	0.006	0.265
23.850	0.0001	0.013	0.191	0.0159	0.006	0.180
23.855	0.0003	0.021	0.179	0.0195	0.005	0.163
23.860	0.0007	0.035	0.196	0.0216	0.004	0.115
23.865	0.0005	0.037	0.397	0.0236	0.002	0.098
23.870	0.0024	0.044	0.502	0.0143	0.003	0.076
23.875	0.0019	0.037	0.515	0.0153	0.011	0.080
23.880	0.0089	0.029	0.220	0.0327	0.004	0.038
23.885	0.0081	0.054	0.190	0.0137	0.001	0.021
23.890	0.0062	0.037	0.455	0.0174	0.000	0.017
23.895	0.1090	0.046	0.301	0.0181	0.000	0.017
23.900	0.0303	0.033	0.403	0.0211	0.001	0.019
23.905	0.0647	0.046	0.415	0.0164	0.001	0.019
23.910	0.0294	0.035	0.433	0.0203	0.001	0.017
23.915	0.0635	0.035	0.478	0.0182	0.001	0.016
23.920	0.0656	0.029	0.486	0.0192	0.001	0.017
23.925	0.0585	0.025	0.438	0.0218	0.001	0.018
23.930	0.1062	0.021	0.435	0.0228	0.001	0.017
23.935	0.0295	0.023	0.428	0.0188	0.001	0.017
23.940	0.1022	0.029	0.481	0.0197	0.001	0.017
23.945	0.0347	0.021	0.374	0.0155	0.001	0.018
23.950	0.0555	0.031	0.445	0.0148	0.001	0.017
23.955	0.1478	0.023	0.468	0.0183	0.000	0.014
23.960	0.0316	0.027	0.562	0.0262	0.000	0.014
23.965	0.0744	0.042	0.537	0.0162	0.000	0.014
23.970	0.1578	0.021	0.571	0.0127	0.000	0.014
23.975	0.0487	0.023	0.494	0.0178	0.000	0.014
23.980	0.0767	0.040	0.485	0.0165	0.001	0.016
23.985	0.1504	0.017	0.593	0.0207	0.002	0.018
23.990	0.0472	0.023	0.591	0.0183	0.002	0.019
23.995	0.0662	0.019	0.598	0.0137	0.002	0.021
24.000	0.1076	0.021	0.600	0.0125	0.003	0.023
24.005	0.0408	0.006	0.564	0.0127	0.003	0.023
24.010	0.0559	0.023	0.541	0.0183	0.002	0.021
24.015	0.1435	0.013	0.612	0.0179	0.001	0.018
24.020	0.0780	0.008	0.613	0.0200	0.000	0.013
24.025	0.0464	0.013	0.583	0.0210	0.000	0.013
24.030	0.1329	0.008	0.634	0.0153	0.000	0.010
24.035	0.0737	0.013	0.574	0.0143	0.000	0.011
24.040	0.0661	0.008	0.577	0.0290	0.000	0.011
24.045	0.1139	0.013	0.604	0.0371	0.000	0.012
24.050	0.0813	0.010	0.553	0.0207	0.000	0.014
24.055	0.0569	0.008	0.573	0.0161	0.000	0.014
24.060	0.0458	0.010	0.553	0.0449	0.000	0.015
24.065	0.0422	0.019	0.429	0.0375	0.001	0.018
24.070	0.0528	0.002	0.581	0.0264	0.000	0.015
24.075	0.0136	0.013	0.592	0.0168	0.000	0.016
24.080	0.0269	0.010	0.552	0.0217	0.000	0.016
24.085	0.0534	0.010	0.619	0.0179	0.000	0.015
24.090	0.0301	0.008	0.626	0.0276	0.000	0.015
24.095	0.0335	0.008	0.581	0.0268	0.000	0.015
24.100	0.0512	0.008	0.607	0.0130	0.000	0.018
24.105	0.0286	0.008	0.549	0.0381	0.000	0.019
24.110	0.0249	0.013	0.471	0.0469	0.000	0.020
24.115	0.0386	0.013	0.619	0.0204	0.000	0.021
24.120	0.0159	0.004	0.570	0.0670	0.000	0.023
24.125	0.0151	0.010	0.415	0.0224	0.000	0.027
24.130	0.0387	0.004	0.365	0.0520	0.000	0.034
24.135	0.0113	0.006	0.442	0.0234	0.000	0.034
24.140	0.0112	0.008	0.416	0.0415	0.000	0.034
24.145	0.0150	0.002	0.379	0.0254	0.000	0.029
24.150	0.0276	0.002	0.354	0.0365	0.000	0.031
24.155	0.0491	0.008	0.401	0.0589	0.000	0.031
24.160	0.0075	0.010	0.298	0.0237	0.000	0.028
24.165	0.0187	0.008	0.373	0.0423	0.000	0.036
24.170	0.0321	0.017	0.538	0.0297	0.000	0.030
24.175	0.0198	0.013	0.581	0.0194	0.000	0.028
24.180	0.0422	0.010	0.338	0.0411	0.001	0.050
24.185	0.0290	0.008	0.432	0.0261	0.001	0.041
24.190	0.0341	0.017	0.393	0.0196	0.001	0.029
24.195	0.0459	0.021	0.307	0.0195	0.002	0.031
24.200	0.0450	0.017	0.378	0.0231	0.001	0.028
24.205	0.0789	0.033	0.530	0.0172	0.001	0.021
24.210	0.0291	0.027	0.500	0.0180	0.002	0.019
24.215	0.0822	0.019	0.480	0.0212	0.002	0.020
24.220	0.1313	0.021	0.531	0.0191	0.001	0.018
24.225	0.0626	0.006	0.482	0.0147	0.001	0.018
24.230	0.1750	0.029	0.387	0.0177	0.001	0.022
24.235	0.0708	0.015	0.419	0.0226	0.002	0.027
24.240	0.0759	0.037	0.262	0.0161	0.002	0.030
24.245	0.1329	0.017	0.247	0.0343	0.003	0.051
24.250	0.0287	0.037	0.292	0.0317	0.001	0.045
24.255	0.0690	0.008	0.394	0.0449	0.000	0.038
24.260	0.0393	0.006	0.364	0.0258	0.000	0.022
24.265	0.0399	0.002	0.418	0.0313	0.000	0.024
24.270	0.0453	0.006	0.422	0.0345	0.000	0.020
24.275	0.0152	0.010	0.315	0.0267	0.000	0.020
24.280	0.0544	0.004	0.271	0.0481	0.000	0.023
24.285	0.0116	0.017	0.213	0.0291	0.000	0.030
24.290	0.0345	0.010	0.234	0.0186	0.012	0.112
24.295	0.0169	0.021	0.194	0.0125	0.053	0.136
24.300	0.0216	0.035	0.234	0.0183	0.214	0.128
24.305	0.0140	0.015	0.230	0.0175	0.331	0.098
24.310	0.0146	0.083	0.177	0.0264	0.197	0.074
24.315	0.0234	0.046	0.183	0.0235	0.072	0.054
24.320	0.0265	0.092	0.255	0.0248	0.007	0.035
24.325	0.0924	0.033	0.447	0.0191	0.003	0.022
24.330	0.0292	0.021	0.418	0.0185	0.002	0.017
24.335	0.1917	0.035	0.567	0.0144	0.002	0.015
24.340	0.0671	0.017	0.462	0.0222	0.001	0.017
24.345	0.1711	0.025	0.513	0.0144	0.001	0.017
24.350	0.2218	0.015	0.561	0.0255	0.001	0.016
24.355	0.2062	0.019	0.516	0.0159	0.001	0.016
24.360	0.3724	0.021	0.586	0.0206	0.001	0.012
24.365	0.1459	0.023	0.511	0.0147	0.001	0.011
24.370	0.2490	0.027	0.531	0.0169	0.001	0.011
24.375	0.0895	0.017	0.473	0.0186	0.001	0.012
24.380	0.1455	0.023	0.504	0.0160	0.001	0.013
24.385	0.0596	0.017	0.478	0.0145	0.001	0.015
24.390	0.0993	0.035	0.472	0.0132	0.003	0.016
24.395	0.2098	0.010	0.467	0.0179	0.006	0.022
24.400	0.0712	0.044	0.450	0.0123	0.020	0.029
24.405	0.2116	0.021	0.444	0.0237	0.033	0.033
24.410	0.0509	0.069	0.382	0.0132	0.069	0.051
24.415	0.1562	0.019	0.360	0.0266	0.116	0.076
24.420	0.0410	0.098	0.302	0.0144	0.473	0.089
24.425	0.1032	0.035	0.311	0.0249	0.464	0.094
24.430	0.0856	0.090	0.296	0.0153	0.464	0.088
24.435	0.0803	0.050	0.274	0.0210	0.431	0.070
24.440	0.0571	0.121	0.262	0.0149	0.581	0.063
24.445	0.0568	0.092	0.304	0.0241	0.427	0.064
24.450	0.0446	0.108	0.325	0.0187	0.296	0.063
24.455	0.0552	0.052	0.328	0.0252	0.146	0.052
24.460	0.0317	0.110	0.429	0.0235	0.044	0.057
24.465	0.0945	0.021	0.457	0.0353	0.017	0.041
24.470	0.0305	0.037	0.440	0.0265	0.006	0.037
24.475	0.1191	0.021	0.448	0.0372	0.006	0.032
24.480	0.0369	0.008	0.360	0.0185	0.006	0.034
24.485	0.1063	0.021	0.395	0.0436	0.006	0.037
24.490	0.0160	0.029	0.428	0.0137	0.008	0.047
24.495	0.0565	0.013	0.391	0.0313	0.008	0.050
24.500	0.0113	0.027	0.327	0.0184	0.004	0.043
24.505	0.0414	0.006	0.264	0.0421	0.006	0.051
24.510	0.0283	0.013	0.424	0.0270	0.006	0.045
24.515	0.0178	0.008	0.265	0.0156	0.020	0.070
24.520	0.0178	0.017	0.250	0.0258	0.020	0.074
24.525	0.0092	0.031	0.425	0.0133	0.036	0.083
24.530	0.0244	0.044	0.364	0.0300	0.031	0.074
24.535	0.0063	0.029	0.394	0.0155	0.038	0.079
24.540	0.0233	0.029	0.312	0.0195	0.034	0.079
24.545	0.0070	0.019	0.272	0.0188	0.118	0.083
24.550	0.0161	0.031	0.179	0.0185	0.213	0.078
24.555	0.0080	0.092	0.288	0.0147	0.555	0.075
24.560	0.0295	0.058	0.251	0.0223	0.451	0.072
24.565	0.0339	0.117	0.290	0.0163	0.511	0.073
24.570	0.0381	0.040	0.311	0.0271	0.404	0.074
24.575	0.0379	0.131	0.343	0.0154	0.222	0.077
24.580	0.0379	0.048	0.392	0.0313	0.097	0.069
24.585	0.0220	0.106	0.405	0.0272	0.035	0.062
24.590	0.0601	0.023	0.346	0.0294	0.011	0.051
24.595	0.0151	0.106	0.343	0.0264	0.003	0.046
24.600	0.1018	0.010	0.416	0.0229	0.001	0.033
24.605	0.0339	0.015	0.360	0.0212	0.001	0.030
24.610	0.1889	0.013	0.317	0.0190	0.000	0.020
24.615	0.0572	0.021	0.306	0.0248	0.000	0.017
24.620	0.2277	0.019	0.183	0.0195	0.000	0.012
24.625	0.0748	0.013	0.358	0.0245	0.000	0.022
24.630	0.2453	0.019	0.249	0.0262	0.001	0.023
24.635	0.0642	0.019	0.373	0.0229	0.000	0.019
24.640	0.2858	0.029	0.399	0.0353	0.001	0.019
24.645	0.0791	0.027	0.422	0.0282	0.001	0.023
24.650	0.2655	0.021	0.391	0.0275	0.002	0.015
24.655	0.1946	0.025	0.473	0.0216	0.001	0.011
24.660	0.4423	0.027	0.477	0.0265	0.002	0.011
24.665	0.2286	0.025	0.467	0.0169	0.001	0.012
24.670	0.4649	0.029	0.464	0.0265	0.002	0.012
24.675	0.2751	0.023	0.417	0.0200	0.001	0.012
24.680	0.4079	0.029	0.476	0.0197	0.002	0.015
24.685	0.2366	0.021	0.404	0.0224	0.001	0.014
24.690	0.4002	0.027	0.448	0.0217	0.001	0.014
24.695	0.1905	0.027	0.391	0.0203	0.001	0.014
24.700	0.3509	0.023	0.418	0.0320	0.001	0.012
24.705	0.1041	0.025	0.248	0.0140	0.001	0.013
24.710	0.2990	0.025	0.219	0.0397	0.003	0.020
24.715	0.0405	0.019	0.189	0.0244	0.004	0.023
24.720	0.1015	0.017	0.170	0.0243	0.009	0.037
24.725	0.0286	0.017	0.259	0.0221	0.009	0.041
24.730	0.0424	0.027	0.256	0.0177	0.014	0.049
24.735	0.0328	0.021	0.236	0.0280	0.022	0.058
24.740	0.0300	0.029	0.314	0.0181	0.042	0.062
24.745	0.0317	0.052	0.318	0.0142	0.063	0.062
24.750	0.0240	0.031	0.247	0.0186	0.060	0.070
24.755	0.0372	0.048	0.282	0.0170	0.075	0.079
24.760	0.0179	0.052	0.321	0.0182	0.082	0.089
24.765	0.0251	0.056	0.382	0.0234	0.060	0.082
24.770	0.0208	0.054	0.255	0.0148	0.072	0.086
24.775	0.0221	0.054	0.215	0.0273	0.075	0.086
24.780	0.0157	0.067	0.275	0.0208	0.027	0.078
24.785	0.0132	0.029	0.229	0.0349	0.019	0.069
24.790	0.0105	0.027	0.146	0.0403	0.011	0.051
24.795	0.0136	0.027	0.120	0.0365	0.011	0.037
24.800	0.0094	0.025	0.406	0.0238	0.011	0.026
24.805	0.0241	0.015	0.396	0.0309	0.004	0.022
24.810	0.0594	0.008	0.457	0.0212	0.002	0.018
24.815	0.0384	0.015	0.488	0.0224	0.002	0.024
24.820	0.0309	0.010	0.490	0.0220	0.002	0.023
24.825	0.0927	0.010	0.489	0.0427	0.001	0.024
24.830	0.0424	0.006	0.479	0.0260	0.001	0.021
24.835	0.1211	0.013	0.483	0.0549	0.001	0.021
24.840	0.0451	0.010	0.487	0.0261	0.001	0.016
24.845	0.1086	0.017	0.482	0.0646	0.000	0.015
24.850	0.0415	0.008	0.491	0.0260	0.000	0.013
24.855	0.0971	0.008	0.503	0.0412	0.000	0.013
24.860	0.0534	0.008	0.480	0.0130	0.000	0.011
24.865	0.0469	0.013	0.427	0.0234	0.000	0.013
24.870	0.0308	0.008	0.328	0.0167	0.000	0.011
24.875	0.0121	0.010	0.449	0.0312	0.000	0.013
24.880	0.0363	0.008	0.428	0.0218	0.000	0.009
24.885	0.0160	0.013	0.452	0.0309	0.000	0.010
24.890	0.0910	0.008	0.524	0.0306	0.000	0.008
24.895	0.0338	0.006	0.464	0.0222	0.000	0.010
24.900	0.0847	0.008	0.381	0.0373	0.000	0.008
24.905	0.0346	0.013	0.420	0.0237	0.000	0.009
24.910	0.1143	0.008	0.449	0.0203	0.000	0.010
24.915	0.0415	0.008	0.431	0.0167	0.000	0.009
24.920	0.0921	0.006	0.443	0.0232	0.000	0.009
24.925	0.0274	0.010	0.418	0.0184	0.000	0.009
24.930	0.1038	0.015	0.448	0.0237	0.000	0.010
24.935	0.0735	0.015	0.315	0.0226	0.000	0.010
24.940	0.0195	0.015	0.383	0.0284	0.000	0.013
24.945	0.0750	0.021	0.246	0.0276	0.000	0.011
24.950	0.0267	0.017	0.409	0.0299	0.000	0.013
24.955	0.0647	0.021	0.265	0.0304	0.000	0.011
24.960	0.0248	0.023	0.417	0.0242	0.000	0.012
24.965	0.0965	0.023	0.397	0.0206	0.000	0.010
24.970	0.0231	0.017	0.422	0.0251	0.000	0.011
24.975	0.1584	0.023	0.437	0.0274	0.000	0.013
24.980	0.0508	0.013	0.380	0.0266	0.000	0.012
24.985	0.1396	0.019	0.453	0.0288	0.000	0.011
24.990	0.0873	0.013	0.376	0.0189	0.000	0.008
24.995	0.0350	0.019	0.460	0.0277	0.000	0.009
25.000	0.1065	0.017	0.490	0.0187	0.000	0.007
25.005	0.0377	0.023	0.420	0.0251	0.000	0.008
25.010	0.1286	0.019	0.406	0.0236	0.000	0.008
25.015	0.0676	0.023	0.379	0.0239	0.000	0.008
25.020	0.2119	0.017	0.470	0.0178	0.000	0.007
25.025	0.0966	0.019	0.308	0.0188	0.000	0.006
25.030	0.1536	0.015	0.471	0.0220	0.000	0.009
25.035	0.1015	0.013	0.404	0.0246	0.000	0.007
25.040	0.0287	0.023	0.448	0.0271	0.000	0.008
25.045	0.1257	0.019	0.431	0.0170	0.000	0.008
25.050	0.0453	0.015	0.391	0.0301	0.000	0.008
25.055	0.1655	0.023	0.457	0.0288	0.000	0.008
25.060	0.0855	0.010	0.326	0.0266	0.000	0.006
25.065	0.0409	0.023	0.455	0.0264	0.000	0.008
25.070	0.0809	0.017	0.334	0.0198	0.000	0.007
25.075	0.0401	0.015	0.432	0.0296	0.000	0.008
25.080	0.1120	0.017	0.372	0.0165	0.000	0.007
25.085	0.0463	0.025	0.306	0.0248	0.000	0.007
25.090	0.1145	0.031	0.484	0.0252	0.000	0.008
25.095	0.0695	0.010	0.390	0.0217	0.000	0.007
25.100	0.0185	0.025	0.452	0.0226	0.000	0.010
25.105	0.0993	0.015	0.362	0.0149	0.000	0.010
25.110	0.0440	0.015	0.418	0.0273	0.000	0.010
25.115	0.1267	0.023	0.477	0.0247	0.000	0.011
25.120	0.0437	0.021	0.292	0.0225	0.000	0.009
25.125	0.0402	0.021	0.428	0.0243	0.000	0.011
25.130	0.0709	0.010	0.271	0.0193	0.000	0.007
25.135	0.0170	0.017	0.385	0.0204	0.000	0.008
25.140	0.0827	0.021	0.316	0.0253	0.000	0.007
25.145	0.0363	0.023	0.321	0.0211	0.000	0.007
25.150	0.0836	0.021	0.436	0.0343	0.000	0.009
25.155	0.0260	0.021	0.292	0.0195	0.000	0.007
25.160	0.0187	0.017	0.407	0.0305	0.000	0.008
25.165	0.0425	0.019	0.361	0.0287	0.000	0.007
25.170	0.0409	0.013	0.369	0.0318	0.000	0.007
25.175	0.0775	0.010	0.422	0.0328	0.000	0.009
25.180	0.0405	0.013	0.284	0.0213	0.000	0.007
25.185	0.0174	0.013	0.396	0.0353	0.000	0.009
25.190	0.0458	0.010	0.224	0.0321	0.000	0.008
25.195	0.0162	0.008	0.326	0.0425	0.000	0.008
25.200	0.0670	0.006	0.467	0.0409	0.000	0.012
25.205	0.0180	0.021	0.250	0.0215	0.000	0.009
25.210	0.0137	0.004	0.303	0.0375	0.000	0.017
25.215	0.0303	0.008	0.318	0.0561	0.000	0.017
25.220	0.0127	0.010	0.347	0.0231	0.000	0.016
25.225	0.0254	0.010	0.289	0.0365	0.000	0.021
25.230	0.0186	0.013	0.297	0.0428	0.000	0.022
25.235	0.0172	0.017	0.197	0.0316	0.000	0.026
25.240	0.0096	0.006	0.339	0.0574	0.000	0.035
25.245	0.0103	0.006	0.261	0.0495	0.000	0.032
25.250	0.0047	0.010	0.312	0.0226	0.000	0.030
25.255	0.0113	0.002	0.215	0.0366	0.000	0.032
25.260	0.0107	0.004	0.230	0.0416	0.000	0.047
25.265	0.0065	0.010	0.330	0.0531	0.000	0.050
25.270	0.0049	0.010	0.182	0.0286	0.000	0.056
25.275	0.0048	0.010	0.265	0.0219	0.001	0.072
25.280	0.0051	0.019	0.361	0.0397	0.001	0.090
25.285	0.0026	0.008	0.393	0.0304	0.001	0.085
25.290	0.0024	0.010	0.481	0.0339	0.000	0.078
25.295	0.0011	0.031	0.582	0.0262	0.000	0.085
25.300	0.0024	0.010	0.647	0.0160	0.000	0.104
25.305	0.0029	0.008	0.604	0.0245	0.001	0.102
25.310	0.0008	0.008	0.570	0.0164	0.001	0.110
25.315	0.0024	0.008	0.496	0.0220	0.002	0.133
25.320	0.0012	0.015	0.585	0.0176	0.003	0.146
25.325	0.0013	0.015	0.505	0.0211	0.004	0.169
25.330	0.0013	0.010	0.459	0.0142	0.007	0.201
25.335	0.0008	0.015	0.210	0.0274	0.020	0.273
25.340	0.0004	0.035	0.211	0.0242	0.023	0.309
25.345	0.0002	0.027	0.216	0.0222	0.021	0.316
25.350	0.0003	0.031	0.311	0.0210	0.019	0.337
25.355	0.0003	0.027	0.347	0.0319	0.011	0.319
25.360	0.0003	0.017	0.423	0.0159	0.007	0.300
25.365	0.0002	0.021	0.403	0.0191	0.008	0.305
25.370	0.0002	0.017	0.332	0.0261	0.011	0.336
25.375	0.0003	0.015	0.308	0.0208	0.011	0.334
25.380	0.0002	0.031	0.340	0.0192	0.009	0.329
25.385	0.0002	0.035	0.310	0.0196	0.010	0.321
25.390	0.0001	0.025	0.288	0.0214	0.016	0.353
25.395	0.0002	0.031	0.292	0.0226	0.013	0.337
25.400	0.0001	0.042	0.277	0.0163	0.013	0.346
25.405	0.0002	0.025	0.200	0.0195	0.016	0.366
25.410	0.0001	0.031	0.235	0.0383	0.012	0.341
25.415	0.0001	0.031	0.285	0.0190	0.007	0.315
25.420	0.0001	0.023	0.327	0.0185	0.007	0.328
25.425	0.0003	0.006	0.393	0.0259	0.007	0.309
25.430	0.0002	0.019	0.421	0.0203	0.008	0.324
25.435	0.0003	0.004	0.333	0.0228	0.010	0.340
25.440	0.0001	0.017	0.253	0.0237	0.013	0.349
25.445	0.0002	0.013	0.301	0.0378	0.007	0.310
25.450	0.0001	0.027	0.433	0.0236	0.004	0.307
25.455	0.0003	0.013	0.424	0.0148	0.005	0.317
25.460	0.0002	0.013	0.254	0.0260	0.014	0.367
25.465	0.0002	0.025	0.281	0.0179	0.021	0.412
25.470	0.0001	0.033	0.151	0.0190	0.017	0.380
25.475	0.0001	0.017	0.216	0.0178	0.015	0.371
25.480	0.0001	0.013	0.110	0.0160	0.022	0.413
25.485	0.0001	0.050	0.270	0.0237	0.018	0.396
25.490	0.0001	0.029	0.173	0.0171	0.019	0.414
25.495	0.0002	0.037	0.212	0.0214	0.022	0.390
25.500	0.0001	0.017	0.182	0.0185	0.016	0.381
25.505	0.0001	0.025	0.213	0.0253	0.015	0.369
25.510	0.0001	0.031	0.222	0.0130	0.024	0.404
25.515	0.0002	0.023	0.216	0.0334	0.021	0.405
25.520	0.0001	0.027	0.432	0.0169	0.007	0.331
25.525	0.0002	0.017	0.420	0.0200	0.008	0.317
25.530	0.0003	0.008	0.278	0.0278	0.012	0.365
25.535	0.0001	0.023	0.353	0.0267	0.007	0.339
25.540	0.0001	0.023	0.456	0.0243	0.007	0.327
25.545	0.0003	0.008	0.023	0.0554	0.003	0.201
25.550	0.0002	0.010	0.227	0.0102	0.000	0.047
25.555	0.0003	0.033	0.307	0.0136	0.000	0.055
25.560	0.0008	0.042	0.240	0.0305	0.005	0.073
25.565	0.0029	0.046	0.227	0.0228	0.010	0.069
25.570	0.0067	0.050	0.371	0.0165	0.022	0.074
25.575	0.0062	0.054	0.489	0.0261	0.028	0.067
25.580	0.0120	0.050	0.390	0.0220	0.033	0.077
25.585	0.0218	0.048	0.314	0.0270	0.033	0.080
25.590	0.0246	0.054	0.248	0.0190	0.044	0.078
25.595	0.0447	0.048	0.278	0.0179	0.071	0.084
25.600	0.0277	0.075	0.209	0.0121	0.095	0.085
25.605	0.0234	0.058	0.269	0.0203	0.121	0.085
25.610	0.0300	0.071	0.241	0.0132	0.102	0.082
25.615	0.0315	0.054	0.198	0.0198	0.088	0.081
25.620	0.0301	0.058	0.264	0.0199	0.055	0.078
25.625	0.0254	0.058	0.236	0.0151	0.048	0.075
25.630	0.0357	0.050	0.190	0.0232	0.037	0.081
25.635	0.0253	0.054	0.247	0.0150	0.040	0.089
25.640	0.0223	0.037	0.160	0.0238	0.035	0.091
25.645	0.0136	0.048	0.163	0.0323	0.026	0.079
25.650	0.0147	0.037	0.234	0.0256	0.001	0.032
25.655	0.0069	0.031	0.356	0.0263	0.001	0.023
25.660	0.0561	0.015	0.259	0.0172	0.000	0.014
25.665	0.0291	0.023	0.448	0.0270	0.000	0.015
25.670	0.1229	0.017	0.306	0.0232	0.000	0.012
25.675	0.0192	0.017	0.433	0.0209	0.000	0.013
25.680	0.1890	0.021	0.455	0.0233	0.000	0.012
25.685	0.0321	0.015	0.364	0.0210	0.000	0.012
25.690	0.1934	0.019	0.467	0.0235	0.000	0.014
25.695	0.0629	0.015	0.237	0.0216	0.000	0.013
25.700	0.1400	0.025	0.449	0.0237	0.000	0.014
25.705	0.0715	0.015	0.380	0.0166	0.000	0.012
25.710	0.0421	0.021	0.438	0.0273	0.000	0.013
25.715	0.1151	0.010	0.331	0.0165	0.000	0.010
25.720	0.0354	0.015	0.393	0.0220	0.000	0.013
25.725	0.1313	0.021	0.377	0.0200	0.000	0.011
25.730	0.0567	0.027	0.332	0.0200	0.000	0.013
25.735	0.1487	0.023	0.419	0.0354	0.000	0.017
25.740	0.0737	0.015	0.180	0.0221	0.000	0.011
25.745	0.0333	0.029	0.371	0.0250	0.000	0.014
25.750	0.1106	0.021	0.231	0.0261	0.000	0.014
25.755	0.0365	0.015	0.314	0.0223	0.000	0.014
25.760	0.1019	0.013	0.305	0.0290	0.000	0.011
25.765	0.0337	0.019	0.200	0.0153	0.000	0.009
25.770	0.0672	0.013	0.380	0.0357	0.000	0.013
25.775	0.0463	0.017	0.271	0.0262	0.000	0.011
25.780	0.0153	0.025	0.345	0.0249	0.000	0.012
25.785	0.0532	0.015	0.431	0.0323	0.000	0.012
25.790	0.0506	0.010	0.393	0.0399	0.000	0.011
25.795	0.0760	0.013	0.408	0.0496	0.000	0.012
25.800	0.0349	0.013	0.238	0.0284	0.000	0.009
25.805	0.0374	0.013	0.375	0.0259	0.000	0.011
25.810	0.0529	0.010	0.333	0.0225	0.000	0.011
25.815	0.0457	0.013	0.262	0.0265	0.000	0.010
25.820	0.0874	0.010	0.406	0.0322	0.000	0.011
25.825	0.0558	0.013	0.271	0.0241	0.000	0.009
25.830	0.0202	0.013	0.403	0.0344	0.000	0.016
25.835	0.0676	0.013	0.426	0.0309	0.000	0.016
25.840	0.0295	0.015	0.327	0.0213	0.000	0.014
25.845	0.1016	0.013	0.426	0.0366	0.000	0.015
25.850	0.0629	0.017	0.366	0.0185	0.000	0.013
25.855	0.0143	0.019	0.382	0.0278	0.000	0.014
25.860	0.0829	0.021	0.387	0.0283	0.000	0.011
25.865	0.0355	0.010	0.302	0.0211	0.000	0.010
25.870	0.0927	0.023	0.430	0.0332	0.000	0.011
25.875	0.0481	0.019	0.304	0.0197	0.000	0.008
25.880	0.0180	0.019	0.357	0.0283	0.000	0.009
25.885	0.0786	0.023	0.390	0.0266	0.000	0.009
25.890	0.0213	0.019	0.304	0.0183	0.000	0.007
25.895	0.0337	0.021	0.436	0.0305	0.000	0.011
25.900	0.0427	0.023	0.394	0.0221	0.000	0.008
25.905	0.0213	0.010	0.352	0.0227	0.000	0.008
25.910	0.0951	0.029	0.457	0.0268	0.000	0.011
25.915	0.0367	0.023	0.459	0.0165	0.000	0.009
25.920	0.0141	0.019	0.428	0.0258	0.000	0.011
25.925	0.0543	0.015	0.438	0.0235	0.000	0.010
25.930	0.0227	0.025	0.430	0.0240	0.000	0.008
25.935	0.0589	0.019	0.423	0.0287	0.000	0.011
25.940	0.0317	0.025	0.502	0.0188	0.000	0.009
25.945	0.0255	0.010	0.432	0.0255	0.000	0.010
25.950	0.0618	0.023	0.422	0.0261	0.000	0.011
25.955	0.0299	0.015	0.483	0.0175	0.000	0.009
25.960	0.0127	0.025	0.410	0.0377	0.000	0.012
25.965	0.0457	0.019	0.476	0.0304	0.000	0.009
25.970	0.0256	0.010	0.527	0.0228	0.000	0.009
25.975	0.0599	0.010	0.409	0.0319	0.000	0.011
25.980	0.0263	0.013	0.486	0.0220	0.000	0.008
25.985	0.0196	0.010	0.509	0.0188	0.000	0.010
25.990	0.0487	0.010	0.418	0.0352	0.000	0.015
25.995	0.0267	0.015	0.475	0.0328	0.000	0.015
26.000	0.0178	0.010	0.442	0.0225	0.000	0.022
26.005	0.0175	0.013	0.495	0.0438	0.000	0.021
26.010	0.0096	0.010	0.529	0.0326	0.000	0.025
26.015	0.0127	0.010	0.462	0.0180	0.000	0.029
26.020	0.0106	0.010	0.413	0.0185	0.000	0.035
26.025	0.0078	0.015	0.293	0.0303	0.000	0.035
26.030	0.0054	0.013	0.222	0.0430	0.000	0.041
26.035	0.0038	0.010	0.211	0.0230	0.000	0.045
26.040	0.0050	0.015	0.306	0.0307	0.000	0.053
26.045	0.0021	0.019	0.182	0.0344	0.000	0.050
26.050	0.0034	0.025	0.308	0.0207	0.001	0.054
26.055	0.0025	0.027	0.303	0.0192	0.001	0.057
26.060	0.0037	0.023	0.224	0.0337	0.001	0.070
26.065	0.0023	0.019	0.256	0.0269	0.002	0.069
26.070	0.0022	0.023	0.329	0.0172	0.003	0.087
26.075	0.0039	0.029	0.288	0.0147	0.004	0.096
26.080	0.0022	0.019	0.254	0.0277	0.007	0.117
26.085	0.0017	0.025	0.315	0.0285	0.004	0.110
26.090	0.0013	0.027	0.352	0.0176	0.004	0.124
26.095	0.0020	0.033	0.318	0.0263	0.003	0.138
26.100	0.0010	0.019	0.296	0.0214	0.004	0.131
26.105	0.0011	0.027	0.245	0.0176	0.006	0.154
26.110	0.0004	0.033	0.243	0.0259	0.006	0.166
26.115	0.0007	0.035	0.276	0.0168	0.007	0.193
26.120	0.0006	0.037	0.210	0.0281	0.009	0.230
26.125	0.0003	0.029	0.282	0.0270	0.006	0.220
26.130	0.0004	0.031	0.292	0.0199	0.006	0.227
26.135	0.0003	0.031	0.381	0.0261	0.006	0.229
26.140	0.0002	0.021	0.262	0.0279	0.004	0.217
26.145	0.0003	0.021	0.259	0.0228	0.006	0.243
26.150	0.0002	0.021	0.217	0.0173	0.006	0.264
26.155	0.0003	0.023	0.264	0.0235	0.007	0.260
26.160	0.0002	0.023	0.275	0.0237	0.008	0.267
26.165	0.0002	0.023	0.198	0.0146	0.008	0.256
26.170	0.0002	0.015	0.199	0.0250	0.020	0.318
26.175	0.0002	0.033	0.251	0.0287	0.014	0.282
26.180	0.0001	0.029	0.255	0.0224	0.009	0.229
26.185	0.0003	0.025	0.337	0.0242	0.009	0.232
26.190	0.0004	0.033	0.143	0.0170	0.015	0.294
26.195	0.0003	0.017	0.102	0.0167	0.498	0.375
26.200	0.0005	0.004	0.138	0.0096	0.575	0.316
26.205	0.0005	0.079	0.157	0.0179	0.472	0.289
26.210	0.0020	0.098	0.237	0.0125	0.384	0.130
26.215	0.0015	0.117	0.212	0.0125	0.484	0.101
26.220	0.0049	0.096	0.246	0.0167	0.457	0.091
26.225	0.0064	0.115	0.218	0.0187	0.284	0.085
26.230	0.0098	0.087	0.232	0.0128	0.242	0.072
26.235	0.0099	0.071	0.217	0.0176	0.241	0.074
26.240	0.0166	0.092	0.280	0.0183	0.148	0.063
26.245	0.0127	0.073	0.393	0.0304	0.125	0.064
26.250	0.0370	0.058	0.313	0.0186	0.115	0.060
26.255	0.0294	0.052	0.437	0.0244	0.125	0.070
26.260	0.0329	0.058	0.289	0.0217	0.115	0.072
26.265	0.0445	0.065	0.308	0.0168	0.125	0.082
26.270	0.0561	0.062	0.308	0.0226	0.110	0.093
26.275	0.0457	0.062	0.401	0.0253	0.105	0.093
26.280	0.0577	0.050	0.357	0.0141	0.109	0.081
26.285	0.0340	0.067	0.268	0.0249	0.105	0.082
26.290	0.0344	0.058	0.198	0.0205	0.097	0.091
26.295	0.0407	0.071	0.254	0.0122	0.101	0.104
26.300	0.0399	0.056	0.169	0.0284	0.090	0.127
26.305	0.0119	0.067	0.269	0.0166	0.081	0.123
26.310	0.0148	0.054	0.215	0.0349	0.074	0.121
26.315	0.0081	0.048	0.085	0.0502	0.018	0.094
26.320	0.0063	0.042	0.233	0.0166	0.001	0.029
26.325	0.0121	0.027	0.345	0.0153	0.001	0.024
26.330	0.0059	0.031	0.479	0.0229	0.000	0.022
26.335	0.0423	0.019	0.319	0.0175	0.000	0.017
26.340	0.0075	0.017	0.464	0.0207	0.000	0.021
26.345	0.0549	0.017	0.344	0.0316	0.000	0.016
26.350	0.0167	0.027	0.291	0.0239	0.000	0.020
26.355	0.0810	0.025	0.252	0.0340	0.000	0.021
26.360	0.0289	0.025	0.258	0.0242	0.000	0.022
26.365	0.0410	0.033	0.241	0.0413	0.001	0.036
26.370	0.0130	0.010	0.375	0.0479	0.000	0.036
26.375	0.0086	0.010	0.383	0.0219	0.000	0.035
26.380	0.0210	0.004	0.333	0.0369	0.000	0.041
26.385	0.0217	0.008	0.346	0.0522	0.000	0.034
26.390	0.0103	0.002	0.432	0.0214	0.000	0.044
26.395	0.0184	0.004	0.370	0.0451	0.000	0.047
26.400	0.0138	0.015	0.223	0.0277	0.001	0.063
26.405	0.0101	0.008	0.212	0.0349	0.001	0.069
26.410	0.0042	0.013	0.281	0.0321	0.002	0.075
26.415	0.0047	0.006	0.209	0.0443	0.002	0.092
26.420	0.0025	0.021	0.341	0.0345	0.002	0.094
26.425	0.0032	0.004	0.136	0.0210	0.005	0.104
26.430	0.0043	0.015	0.188	0.0154	0.061	0.100
26.435	0.0019	0.031	0.211	0.0165	0.076	0.106
26.440	0.0056	0.042	0.148	0.0200	0.036	0.130
26.445	0.0076	0.056	0.316	0.0478	0.020	0.123
26.450	0.0043	0.042	0.231	0.0471	0.001	0.063
26.455	0.0034	0.046	0.360	0.0184	0.000	0.028
26.460	0.0086	0.013	0.293	0.0187	0.000	0.019
26.465	0.0406	0.033	0.434	0.0238	0.000	0.024
26.470	0.0391	0.025	0.359	0.0164	0.000	0.019
26.475	0.0254	0.029	0.391	0.0206	0.001	0.022
26.480	0.0731	0.033	0.273	0.0182	0.001	0.020
26.485	0.0422	0.040	0.203	0.0175	0.000	0.018
26.490	0.0787	0.046	0.456	0.0329	0.001	0.019
26.495	0.0324	0.021	0.262	0.0165	0.000	0.014
26.500	0.0121	0.040	0.350	0.0231	0.000	0.016
26.505	0.0723	0.019	0.389	0.0271	0.000	0.014
26.510	0.0239	0.027	0.282	0.0223	0.000	0.010
26.515	0.0132	0.023	0.248	0.0435	0.000	0.013
26.520	0.0390	0.017	0.278	0.0240	0.000	0.013
26.525	0.0269	0.017	0.276	0.0212	0.000	0.011
26.530	0.0093	0.029	0.211	0.0425	0.000	0.017
26.535	0.0281	0.015	0.288	0.0247	0.000	0.015
26.540	0.0237	0.010	0.268	0.0170	0.000	0.011
26.545	0.0131	0.031	0.260	0.0313	0.000	0.017
26.550	0.0304	0.025	0.278	0.0274	0.000	0.025
26.555	0.0178	0.021	0.241	0.0194	0.000	0.017
26.560	0.0069	0.033	0.301	0.0358	0.000	0.016
26.565	0.0352	0.019	0.193	0.0351	0.000	0.020
26.570	0.0197	0.015	0.354	0.0200	0.000	0.015
26.575	0.0163	0.037	0.390	0.0288	0.000	0.015
26.580	0.0290	0.027	0.438	0.0331	0.000	0.022
26.585	0.0231	0.010	0.547	0.0257	0.000	0.023
26.590	0.0192	0.019	0.601	0.0214	0.000	0.018
26.595	0.0131	0.010	0.544	0.0181	0.000	0.018
26.600	0.0261	0.010	0.263	0.0426	0.000	0.019
26.605	0.0127	0.013	0.282	0.0447	0.000	0.015
26.610	0.0085	0.017	0.271	0.0342	0.000	0.018
26.615	0.0207	0.010	0.171	0.0330	0.000	0.017
26.620	0.0209	0.013	0.256	0.0184	0.000	0.017
26.625	0.0164	0.023	0.201	0.0374	0.000	0.027
26.630	0.0058	0.025	0.233	0.0296	0.000	0.030
26.635	0.0055	0.021	0.283	0.0363	0.000	0.036
26.640	0.0062	0.015	0.500	0.0274	0.000	0.041
26.645	0.0041	0.023	0.611	0.0273	0.000	0.044
26.650	0.0038	0.019	0.532	0.0209	0.000	0.055
26.655	0.0038	0.025	0.411	0.0247	0.003	0.075
26.660	0.0020	0.019	0.326	0.0170	0.007	0.079
26.665	0.0025	0.023	0.255	0.0254	0.003	0.083
26.670	0.0029	0.013	0.242	0.0290	0.001	0.087
26.675	0.0017	0.015	0.284	0.0277	0.001	0.113
26.680	0.0010	0.023	0.221	0.0227	0.001	0.125
26.685	0.0015	0.023	0.197	0.0151	0.002	0.170
26.690	0.0009	0.019	0.251	0.0197	0.004	0.207
26.695	0.0005	0.021	0.335	0.0207	0.008	0.257
26.700	0.0003	0.015	0.460	0.0107	0.066	0.382
26.705	0.0005	0.035	0.544	0.0158	0.055	0.366
26.710	0.0003	0.056	0.596	0.0119	0.047	0.410
26.715	0.0007	0.021	0.588	0.0118	0.052	0.402
26.720	0.0005	0.031	0.600	0.0099	0.076	0.420
26.725	0.0006	0.031	0.485	0.0144	0.106	0.444
26.730	0.0003	0.067	0.290	0.0153	0.152	0.475
26.735	0.0004	0.040	0.180	0.0129	0.266	0.501
26.740	0.0002	0.087	0.183	0.0098	0.406	0.525
26.745	0.0002	0.117	0.198	0.0097	0.442	0.525
26.750	0.0003	0.133	0.184	0.0113	0.573	0.535
26.755	0.0002	0.173	0.186	0.0112	0.548	0.526
26.760	0.0002	0.146	0.163	0.0098	0.640	0.544
26.765	0.0003	0.169	0.099	0.0120	0.715	0.548
26.770	0.0002	0.190	0.131	0.0096	0.767	0.534
26.775	0.0003	0.169	0.131	0.0115	0.816	0.510
26.780	0.0003	0.192	0.146	0.0096	0.877	0.501
26.785	0.0003	0.204	0.105	0.0108	0.845	0.508
26.790	0.0003	0.229	0.091	0.0109	0.741	0.502
26.795	0.0003	0.210	0.122	0.0105	0.840	0.504
26.800	0.0003	0.212	0.123	0.0103	0.712	0.498
26.805	0.0002	0.210	0.139	0.0108	0.710	0.530
26.810	0.0003	0.183	0.150	0.0139	0.602	0.519
26.815	0.0003	0.185	0.189	0.0121	0.519	0.515
26.820	0.0002	0.148	0.213	0.0141	0.485	0.553
26.825	0.0002	0.152	0.233	0.0125	0.352	0.541
26.830	0.0002	0.115	0.224	0.0101	0.397	0.557
26.835	0.0002	0.121	0.274	0.0159	0.367	0.567
26.840	0.0001	0.127	0.358	0.0132	0.249	0.519
26.845	0.0002	0.106	0.328	0.0109	0.194	0.495
26.850	0.0002	0.056	0.143	0.0121	0.436	0.542
26.855	0.0002	0.104	0.146	0.0137	0.539	0.575
26.860	0.0001	0.167	0.219	0.0109	0.341	0.548
26.865	0.0002	0.087	0.221	0.0117	0.448	0.548
26.870	0.0002	0.129	0.156	0.0092	0.528	0.520
26.875	0.0002	0.131	0.113	0.0124	0.772	0.545
26.880	0.0002	0.188	0.148	0.0091	0.910	0.513
26.885	0.0002	0.204	0.160	0.0116	0.857	0.516
26.890	0.0003	0.190	0.188	0.0107	0.827	0.483
26.895	0.0003	0.169	0.153	0.0103	0.827	0.478
26.900	0.0005	0.185	0.135	0.0117	0.788	0.459
26.905	0.0004	0.183	0.141	0.0098	0.879	0.437
26.910	0.0006	0.179	0.164	0.0116	0.956	0.418
26.915	0.0008	0.196	0.150	0.0096	0.957	0.396
26.920	0.0007	0.198	0.181	0.0126	0.940	0.417
26.925	0.0008	0.183	0.142	0.0118	0.942	0.410
26.930	0.0006	0.183	0.145	0.0132	0.952	0.398
26.935	0.0009	0.183	0.129	0.0117	0.961	0.381
26.940	0.0010	0.167	0.160	0.0102	0.962	0.375
26.945	0.0012	0.163	0.141	0.0108	0.949	0.388
26.950	0.0009	0.173	0.141	0.0129	0.947	0.386
26.955	0.0010	0.165	0.139	0.0100	0.940	0.382
26.960	0.0010	0.163	0.135	0.0111	0.903	0.419
26.965	0.0009	0.160	0.131	0.0106	0.921	0.422
26.970	0.0007	0.188	0.164	0.0107	0.908	0.444
26.975	0.0007	0.158	0.133	0.0110	0.849	0.467
26.980	0.0006	0.190	0.134	0.0120	0.701	0.498
26.985	0.0004	0.175	0.124	0.0098	0.652	0.538
26.990	0.0003	0.135	0.134	0.0129	0.507	0.509
26.995	0.0002	0.150	0.149	0.0112	0.389	0.513
27.000	0.0002	0.123	0.190	0.0113	0.391	0.542
27.005	0.0003	0.104	0.250	0.0209	0.253	0.531
27.010	0.0001	0.158	0.494	0.0120	0.105	0.489
27.015	0.0003	0.042	0.518	0.0140	0.102	0.500
27.020	0.0002	0.042	0.569	0.0138	0.069	0.464
27.025	0.0002	0.037	0.587	0.0206	0.047	0.444
27.030	0.0002	0.042	0.493	0.0141	0.039	0.448
27.035	0.0003	0.010	0.395	0.0232	0.040	0.458
27.040	0.0001	0.037	0.534	0.0287	0.024	0.413
27.045	0.0002	0.029	0.533	0.0201	0.027	0.424
27.050	0.0003	0.017	0.479	0.0205	0.039	0.438
27.055	0.0002	0.023	0.490	0.0161	0.042	0.442
27.060	0.0002	0.037	0.299	0.0122	0.064	0.469
27.065	0.0001	0.050	0.137	0.0115	0.129	0.537
27.070	0.0002	0.065	0.205	0.0174	0.233	0.538
27.075	0.0002	0.075	0.315	0.0247	0.120	0.508
27.080	0.0002	0.135	0.454	0.0228	0.035	0.464
27.085	0.0003	0.037	0.541	0.0154	0.031	0.464
27.090	0.0003	0.023	0.588	0.0237	0.019	0.432
27.095	0.0002	0.025	0.658	0.0101	0.021	0.435
27.100	0.0003	0.017	0.551	0.0187	0.031	0.462
27.105	0.0003	0.025	0.521	0.0219	0.026	0.437
27.110	0.0003	0.006	0.435	0.0177	0.038	0.440
27.115	0.0003	0.021	0.447	0.0222	0.033	0.435
27.120	0.0002	0.021	0.442	0.0110	0.041	0.459
27.125	0.0003	0.013	0.433	0.0153	0.068	0.486
27.130	0.0002	0.050	0.498	0.0181	0.077	0.518
27.135	0.0002	0.058	0.422	0.0174	0.068	0.519
27.140	0.0002	0.035	0.480	0.0165	0.047	0.459
27.145	0.0002	0.071	0.386	0.0121	0.051	0.471
27.150	0.0002	0.042	0.239	0.0203	0.054	0.472
27.155	0.0001	0.052	0.273	0.0475	0.031	0.414
27.160	0.0001	0.013	0.275	0.0182	0.030	0.449
27.165	0.0003	0.021	0.258	0.0232	0.044	0.465
27.170	0.0001	0.058	0.247	0.0147	0.048	0.446
27.175	0.0002	0.031	0.237	0.0178	0.050	0.457
27.180	0.0002	0.069	0.258	0.0248	0.033	0.471
27.185	0.0001	0.031	0.359	0.0172	0.026	0.443
27.190	0.0002	0.029	0.171	0.0237	0.026	0.439
27.195	0.0002	0.010	0.256	0.0147	0.059	0.471
27.200	0.0001	0.035	0.456	0.0149	0.057	0.483
27.205	0.0002	0.035	0.394	0.0115	0.078	0.504
27.210	0.0001	0.046	0.271	0.0229	0.041	0.435
27.215	0.0002	0.019	0.187	0.0173	0.035	0.439
27.220	0.0005	0.044	0.134	0.0271	0.025	0.412
27.225	0.0002	0.029	0.188	0.0131	0.024	0.410
27.230	0.0005	0.000	0.188	0.0300	0.037	0.455
27.235	0.0003	0.000	0.215	0.0210	0.024	0.437
27.240	0.0004	0.010	0.147	0.0169	0.049	0.481
27.245	0.0001	0.035	0.142	0.0472	0.035	0.449
27.250	0.0001	0.017	0.165	0.0237	0.017	0.393
27.255	0.0001	0.017	0.131	0.0205	0.014	0.365
27.260	0.0002	0.006	0.480	0.0183	0.017	0.394
27.265	0.0002	0.031	0.282	0.0331	0.017	0.400
27.270	0.0002	0.013	0.178	0.0325	0.016	0.382
27.275	0.0003	0.000	0.151	0.0324	0.011	0.352
27.280	0.0002	0.023	0.155	0.0134	0.035	0.447
27.285	0.0001	0.015	0.112	0.0328	0.020	0.382
27.290	0.0001	0.033	0.310	0.0093	0.017	0.391
27.295	0.0001	0.015	0.274	0.0133	0.026	0.416
27.300	0.0003	0.004	0.208	0.0238	0.058	0.464
27.305	0.0002	0.027	0.212	0.0300	0.084	0.483
27.310	0.0001	0.056	0.172	0.0204	0.038	0.425
27.315	0.0002	0.031	0.290	0.0153	0.047	0.406
27.320	0.0002	0.044	0.228	0.0168	0.036	0.408
27.325	0.0002	0.035	0.180	0.0202	0.037	0.417
27.330	0.0002	0.019	0.142	0.0459	0.032	0.408
27.335	0.0002	0.033	0.245	0.0187	0.040	0.454
27.340	0.0003	0.002	0.323	0.0235	0.042	0.448
27.345	0.0001	0.079	0.458	0.0155	0.040	0.445
27.350	0.0002	0.025	0.450	0.0172	0.051	0.448
27.355	0.0001	0.029	0.433	0.0136	0.054	0.476
27.360	0.0001	0.058	0.207	0.0117	0.089	0.502
27.365	0.0002	0.058	0.148	0.0170	0.112	0.514
27.370	0.0001	0.056	0.214	0.0147	0.099	0.486
27.375	0.0001	0.044	0.239	0.0197	0.089	0.473
27.380	0.0001	0.069	0.428	0.0181	0.065	0.454
27.385	0.0001	0.058	0.434	0.0120	0.059	0.438
27.390	0.0002	0.048	0.354	0.0130	0.128	0.483
27.395	0.0002	0.054	0.264	0.0147	0.175	0.508
27.400	0.0001	0.083	0.205	0.0122	0.220	0.511
27.405	0.0001	0.096	0.344	0.0176	0.154	0.497
27.410	0.0001	0.083	0.367	0.0145	0.123	0.492
27.415	0.0002	0.058	0.481	0.0123	0.092	0.458
27.420	0.0003	0.052	0.385	0.0157	0.129	0.473
27.425	0.0004	0.029	0.297	0.0155	0.233	0.489
27.430	0.0003	0.067	0.314	0.0106	0.287	0.503
27.435	0.0002	0.067	0.363	0.0119	0.292	0.493
27.440	0.0002	0.119	0.472	0.0113	0.215	0.464
27.445	0.0003	0.079	0.519	0.0088	0.218	0.461
27.450	0.0004	0.071	0.432	0.0128	0.201	0.461
27.455	0.0004	0.075	0.342	0.0125	0.244	0.481
27.460	0.0004	0.037	0.277	0.0097	0.329	0.472
27.465	0.0002	0.140	0.324	0.0118	0.308	0.462
27.470	0.0004	0.062	0.409	0.0139	0.329	0.477
27.475	0.0003	0.108	0.449	0.0090	0.323	0.493
27.480	0.0004	0.098	0.402	0.0101	0.329	0.491
27.485	0.0004	0.096	0.357	0.0098	0.362	0.517
27.490	0.0003	0.092	0.275	0.0105	0.456	0.519
27.495	0.0002	0.117	0.227	0.0104	0.438	0.540
27.500	0.0003	0.106	0.362	0.0165	0.256	0.497
27.505	0.0002	0.135	0.309	0.0099	0.229	0.483
27.510	0.0004	0.067	0.277	0.0115	0.297	0.523
27.515	0.0003	0.098	0.220	0.0121	0.294	0.523
27.520	0.0002	0.115	0.289	0.0160	0.224	0.489
27.525	0.0002	0.102	0.259	0.0087	0.251	0.493
27.530	0.0003	0.081	0.247	0.0141	0.225	0.505
27.535	0.0002	0.110	0.341	0.0173	0.142	0.498
27.540	0.0002	0.069	0.364	0.0111	0.093	0.451
27.545	0.0003	0.050	0.330	0.0120	0.115	0.440
27.550	0.0002	0.058	0.301	0.0162	0.158	0.504
27.555	0.0002	0.102	0.358	0.0095	0.129	0.500
27.560	0.0002	0.081	0.167	0.0213	0.103	0.470
27.565	0.0002	0.065	0.275	0.0147	0.089	0.461
27.570	0.0002	0.058	0.362	0.0182	0.039	0.424
27.575	0.0003	0.025	0.369	0.0109	0.039	0.410
27.580	0.0005	0.010	0.312	0.0169	0.054	0.435
27.585	0.0003	0.062	0.360	0.0249	0.038	0.412
27.590	0.0002	0.021	0.528	0.0140	0.037	0.392
27.595	0.0003	0.017	0.462	0.0120	0.053	0.420
27.600	0.0003	0.046	0.105	0.0205	0.061	0.421
27.605	0.0002	0.050	0.271	0.0212	0.047	0.408
27.610	0.0002	0.044	0.285	0.0271	0.029	0.367
27.615	0.0003	0.044	0.410	0.0266	0.024	0.372
27.620	0.0003	0.025	0.544	0.0304	0.016	0.370
27.625	0.0004	0.004	0.593	0.0219	0.008	0.313
27.630	0.0003	0.029	0.624	0.0309	0.007	0.300
27.635	0.0005	0.008	0.646	0.0190	0.005	0.286
27.640	0.0005	0.021	0.697	0.0233	0.004	0.240
27.645	0.0008	0.004	0.622	0.0265	0.003	0.232
27.650	0.0011	0.002	0.636	0.0242	0.003	0.224
27.655	0.0009	0.008	0.610	0.0243	0.003	0.219
27.660	0.0012	0.017	0.406	0.0474	0.004	0.189
27.665	0.0008	0.013	0.413	0.0250	0.003	0.159
27.670	0.0011	0.025	0.361	0.0252	0.003	0.156
27.675	0.0017	0.027	0.256	0.0285	0.006	0.173
27.680	0.0010	0.031	0.133	0.0408	0.005	0.145
27.685	0.0009	0.035	0.119	0.0438	0.002	0.095
27.690	0.0007	0.023	0.245	0.0391	0.000	0.036
27.695	0.0022	0.021	0.348	0.0184	0.000	0.022
27.700	0.0053	0.013	0.343	0.0165	0.000	0.022
27.705	0.0376	0.017	0.372	0.0244	0.000	0.042
27.710	0.0118	0.023	0.264	0.0269	0.001	0.066
27.715	0.0066	0.023	0.351	0.0138	0.001	0.067
27.720	0.0052	0.006	0.225	0.0575	0.001	0.044
27.725	0.0050	0.019	0.343	0.0214	0.000	0.022
27.730	0.0033	0.033	0.419	0.0254	0.000	0.019
27.735	0.0410	0.025	0.450	0.0222	0.000	0.017
27.740	0.0184	0.019	0.242	0.0139	0.000	0.014
27.745	0.0491	0.017	0.224	0.0235	0.000	0.021
27.750	0.0269	0.015	0.170	0.0424	0.000	0.046
27.755	0.0050	0.019	0.109	0.0523	0.000	0.032
27.760	0.0078	0.010	0.201	0.0157	0.000	0.014
27.765	0.0054	0.025	0.228	0.0163	0.000	0.014
27.770	0.0536	0.019	0.228	0.0332	0.000	0.034
27.775	0.0120	0.025	0.090	0.0393	0.000	0.035
27.780	0.0060	0.017	0.221	0.0252	0.000	0.014
27.785	0.0072	0.017	0.238	0.0153	0.000	0.012
27.790	0.0086	0.023	0.260	0.0263	0.000	0.020
27.795	0.0308	0.017	0.210	0.0445	0.000	0.036
27.800	0.0080	0.025	0.227	0.0318	0.000	0.039
27.805	0.0072	0.017	0.157	0.0295	0.000	0.037
27.810	0.0062	0.017	0.146	0.0609	0.000	0.035
27.815	0.0062	0.021	0.162	0.0278	0.000	0.015
27.820	0.0068	0.019	0.181	0.0180	0.000	0.012
27.825	0.0180	0.019	0.213	0.0193	0.000	0.022
27.830	0.0187	0.017	0.188	0.0320	0.001	0.047
27.835	0.0018	0.025	0.223	0.0190	0.001	0.047
27.840	0.0080	0.025	0.159	0.0366	0.002	0.061
27.845	0.0044	0.023	0.157	0.0346	0.002	0.060
27.850	0.0049	0.015	0.243	0.0326	0.002	0.061
27.855	0.0042	0.029	0.193	0.0240	0.001	0.065
27.860	0.0038	0.025	0.325	0.0312	0.002	0.070
27.865	0.0033	0.023	0.433	0.0219	0.001	0.064
27.870	0.0039	0.023	0.184	0.0256	0.002	0.084
27.875	0.0039	0.027	0.075	0.0541	0.001	0.059
27.880	0.0042	0.031	0.285	0.0119	0.000	0.019
27.885	0.0020	0.019	0.285	0.0117	0.000	0.018
27.890	0.0469	0.023	0.268	0.0342	0.000	0.031
27.895	0.0096	0.023	0.193	0.0392	0.001	0.045
27.900	0.0032	0.017	0.186	0.0432	0.003	0.049
27.905	0.0038	0.031	0.195	0.0446	0.000	0.032
27.910	0.0034	0.027	0.306	0.0233	0.000	0.020
27.915	0.0075	0.013	0.298	0.0104	0.000	0.018
27.920	0.0103	0.017	0.252	0.0203	0.000	0.026
27.925	0.0263	0.021	0.164	0.0449	0.001	0.055
27.930	0.0053	0.025	0.245	0.0276	0.003	0.077
27.935	0.0028	0.023	0.194	0.0388	0.002	0.069
27.940	0.0033	0.027	0.227	0.0350	0.000	0.032
27.945	0.0046	0.019	0.253	0.0150	0.000	0.017
27.950	0.0112	0.013	0.281	0.0152	0.000	0.014
27.955	0.0468	0.023	0.238	0.0293	0.000	0.022
27.960	0.0204	0.017	0.230	0.0427	0.000	0.043
27.965	0.0055	0.017	0.406	0.0257	0.001	0.047
27.970	0.0076	0.010	0.141	0.0406	0.001	0.051
27.975	0.0050	0.025	0.243	0.0300	0.001	0.036
27.980	0.0051	0.013	0.269	0.0216	0.000	0.022
27.985	0.0047	0.023	0.286	0.0280	0.000	0.026
27.990	0.0115	0.010	0.157	0.0475	0.000	0.053
27.995	0.0051	0.017	0.196	0.0283	0.000	0.035
28.000	0.0043	0.008	0.237	0.0186	0.000	0.023
28.005	0.0036	0.017	0.348	0.0320	0.000	0.028
28.010	0.0088	0.010	0.185	0.0443	0.000	0.048
28.015	0.0041	0.008	0.235	0.0314	0.001	0.041
28.020	0.0062	0.006	0.277	0.0186	0.000	0.027
28.025	0.0019	0.029	0.191	0.0260	0.000	0.035
28.030	0.0081	0.002	0.263	0.0490	0.001	0.055
28.035	0.0020	0.017	0.249	0.0344	0.001	0.064
28.040	0.0021	0.006	0.253	0.0420	0.000	0.043
28.045	0.0029	0.008	0.266	0.0234	0.000	0.025
28.050	0.0046	0.010	0.289	0.0219	0.000	0.026
28.055	0.0128	0.006	0.255	0.0293	0.000	0.038
28.060	0.0076	0.019	0.242	0.0542	0.000	0.064
28.065	0.0022	0.013	0.396	0.0330	0.000	0.074
28.070	0.0034	0.008	0.535	0.0228	0.000	0.078
28.075	0.0025	0.006	0.397	0.0176	0.001	0.098
28.080	0.0018	0.008	0.494	0.0189	0.001	0.121
28.085	0.0018	0.017	0.447	0.0351	0.001	0.144
28.090	0.0011	0.008	0.332	0.0333	0.001	0.139
28.095	0.0006	0.006	0.329	0.0473	0.001	0.145
28.100	0.0008	0.008	0.546	0.0200	0.001	0.143
28.105	0.0011	0.004	0.499	0.0259	0.002	0.170
28.110	0.0009	0.008	0.511	0.0209	0.004	0.194
28.115	0.0009	0.008	0.477	0.0157	0.005	0.214
28.120	0.0004	0.013	0.355	0.0192	0.006	0.222
28.125	0.0004	0.013	0.206	0.0271	0.009	0.248
28.130	0.0003	0.015	0.399	0.0155	0.009	0.184
28.135	0.0003	0.010	0.390	0.0151	0.009	0.192
28.140	0.0009	0.029	0.235	0.0207	0.006	0.184
28.145	0.0003	0.021	0.200	0.0288	0.007	0.195
28.150	0.0006	0.031	0.202	0.0302	0.004	0.192
28.155	0.0004	0.023	0.346	0.0277	0.004	0.211
28.160	0.0006	0.013	0.455	0.0192	0.003	0.217
28.165	0.0005	0.017	0.417	0.0148	0.004	0.231
28.170	0.0006	0.017	0.243	0.0255	0.007	0.261
28.175	0.0002	0.021	0.243	0.0255	0.007	0.261
28.180	0.0002	0.035	0.243	0.0255	0.007	0.261
28.185	0.0002	0.029	0.243	0.0255	0.007	0.261


##### CLIP 4  (file=zencastr-en_6044eb9db82b030014de5da5-00004_90.wav, duration=11.772s, sr=44100) #####

trail_thresh=0.00792  speech_thresh=0.01074

--- GOLD TOKENS (idx, text, start_s, end_s) ---
0	it'd	0.0000	0.1090
1	be	0.1110	0.1692
2	like	0.1702	0.3727
3	uh	0.3737	0.4629
4	l	0.4639	0.6636
5	a	0.6646	0.7900
6	noire	0.7920	1.2450
7	but	1.2470	1.4110
8	for	1.4250	1.6207
9	haggling	1.6217	2.0870
10	you	2.0890	2.2324
11	start	2.2334	2.4720
12	to	2.4760	2.5699
13	like	2.5709	2.7930
14	read	2.8240	3.2900
15	r-	3.3899	3.5955
16	read	3.8448	4.0680
17	the	4.0700	4.2275
18	(())	4.2285	4.4001
19	read	4.4011	4.5740
20	the	4.5760	4.6437
21	character	4.6447	4.9932
22	to	4.9942	5.1010
23	go	5.1030	5.2207
24	like	5.2217	5.3710
25	oh	5.3720	5.4971
26	i	5.4981	5.6460
27	got	5.6540	5.7894
28	an	5.7904	5.8815
29	n-	5.8825	6.1660
30	what	6.4650	6.5931
31	about	6.5941	6.9170
32	my	6.9370	7.0960
33	kid	7.1490	7.3380
34	would	7.3560	7.5760
35	you	7.5780	7.7070
36	want	7.7090	7.8780
37	to	7.8870	7.9706
38	make	7.9716	8.1480
39	my	8.1500	8.3000
40	kid	8.3470	8.5390
41	sad	8.5410	8.8590
42	and	9.0710	9.1890
43	then	9.1910	9.2628
44	see	9.2638	9.4411
45	what	10.1910	10.3620
46	they're	10.3640	10.5009
47	gonna	10.5019	10.7113
48	react	10.7123	11.1010
49	to	11.1310	11.2480
50	that	11.2500	11.4430

--- RAW CTC (wav2vec2 forced-align, PRE-heuristic-refinement; idx, ctc_word_text, word_start_s, word_end_s, word_score, pipe_start_s, pipe_end_s) ---
0	it'd	0.0200	0.1001	2.887	0.1001	0.1201
1	be	0.1201	0.1602	8.182	0.1802	0.2202
2	like	0.2202	0.3403	9.812	0.3403	0.3604
3	uh	0.3604	0.4004	0.796	0.4004	0.4404
4	l	0.6607	0.6807	8.293	0.7207	0.7408
5	a	0.7608	0.7808	5.930	0.7808	0.8008
6	noire	0.8008	1.1412	7.877	1.1612	1.2012
7	but	1.2613	1.4014	9.888	1.4415	1.4615
8	for	1.4815	1.6016	10.188	1.6217	1.6617
9	haggling	1.6817	2.0821	10.165	2.1021	2.1422
10	you	2.1422	2.2223	9.066	2.2623	2.3023
11	start	2.3023	2.4625	6.131	2.5026	2.5226
12	to	2.5226	2.5826	6.808	2.6027	2.6227
13	like	2.6427	2.7828	8.947	2.7828	2.8829
14	read	3.1032	3.2633	7.988	3.2833	3.3234
15	r-	3.4635	3.4835	4.870	3.5436	3.5636
16	read	3.8840	4.0441	8.930	4.0641	4.1042
17	the	4.1042	4.1843	8.277	4.2243	4.2643
18	(())	4.3044	4.3244	2.190	4.4045	4.4245
19	read	4.4245	4.5446	9.124	4.5446	4.5847
20	the	4.5847	4.6648	9.034	4.6648	4.7048
21	character	4.7048	4.9250	4.262	4.9250	4.9450
22	to	4.9450	5.0051	6.138	5.0852	5.1252
23	go	5.1252	5.2053	9.124	5.2453	5.2654
24	like	5.2654	5.3855	6.009	5.3855	5.4055
25	oh	5.4255	5.5056	5.647	5.5056	5.5457
26	i	5.5457	5.5857	9.388	5.6458	5.6858
27	got	5.6858	5.8059	9.267	5.8259	5.8660
28	an	5.8660	5.9060	9.245	5.9060	5.9461
29	n-	6.0462	6.0862	9.569	6.1262	6.1863
30	what	6.4866	6.6067	9.913	6.6268	6.6668
31	about	6.6668	6.9070	8.407	6.9271	6.9871
32	my	6.9871	7.0672	10.633	7.1072	7.1473
33	kid	7.1673	7.3275	9.485	7.3275	7.3875
34	would	7.4276	7.5677	10.553	7.5877	7.6278
35	you	7.6278	7.6878	11.516	7.6878	7.7279
36	want	7.7279	7.8680	11.187	7.8680	7.9081
37	to	7.9081	7.9681	11.106	7.9681	8.0082
38	make	8.0082	8.1483	12.290	8.1483	8.2084
39	my	8.2084	8.2684	11.060	8.3085	8.3485
40	kid	8.3685	8.5287	10.593	8.5888	8.6088
41	sad	8.6288	8.8490	9.329	8.8891	8.9291
42	and	9.0893	9.1493	9.309	9.1493	9.1894
43	then	9.1894	9.2694	6.231	9.3095	9.3295
44	see	9.3295	9.8300	6.506	9.9101	9.9501
45	what	10.2104	10.3105	7.135	10.3505	10.3706
46	they're	10.3706	10.5307	6.537	10.5307	10.5508
47	gonna	10.5508	10.7309	5.628	10.7510	10.7910
48	react	10.7910	11.0913	9.656	11.0913	11.1313
49	to	11.1313	11.2114	6.980	11.2515	11.2915
50	that	11.2915	11.4316	8.867		

--- WHISPER (Groq) OUTPUT (word, start_s, end_s) [independent ASR pass, own word segmentation -- not index-aligned to gold/CTC] ---
It'd	0.000	0.100
be	0.100	0.220
like	0.220	0.520
L.A.	0.520	0.820
Noire,	0.820	1.260
but	1.260	1.380
for	1.380	1.640
haggling.	1.640	2.540
You	2.160	2.260
start	2.260	2.480
to	2.480	2.640
read	2.640	3.220
the	3.220	4.600
character	4.600	5.000
and	5.000	5.120
go,	5.120	5.280
oh,	5.280	5.480
I	5.480	5.620
got	5.620	5.800
an	5.800	6.020
N.	6.020	6.120
What	6.480	6.640
about	6.640	6.900
my	6.900	7.160
kid?	7.160	7.380
Would	7.420	7.600
you	7.600	7.680
want	7.680	7.880
to	7.880	7.980
make	7.980	8.140
my	8.140	8.320
kid	8.320	8.560
sad?	8.560	9.400
And	9.140	9.200
then	9.200	9.360
see	9.360	9.580
what	9.580	10.340
they're	10.340	10.620
going	10.620	10.640
to	10.640	10.720
react	10.720	11.100
to	11.100	11.280
that.	11.280	11.460

--- SIGNAL TRACE (hop=5ms; time_s, rms, zcr, voicing, spectral_flux, hf_ratio, spectral_flatness) ---
0.000	0.0080	0.009	0.625	0.0000	0.005	0.198
0.005	0.0109	0.009	0.629	0.0220	0.004	0.149
0.010	0.0117	0.011	0.714	0.0176	0.003	0.105
0.015	0.0185	0.014	0.697	0.0204	0.002	0.087
0.020	0.0203	0.014	0.532	0.0336	0.001	0.074
0.025	0.0236	0.007	0.418	0.0580	0.001	0.061
0.030	0.0071	0.007	0.677	0.0245	0.000	0.033
0.035	0.0080	0.005	0.741	0.0173	0.000	0.024
0.040	0.0134	0.005	0.699	0.0264	0.000	0.020
0.045	0.0170	0.005	0.712	0.0238	0.000	0.017
0.050	0.0180	0.002	0.715	0.0384	0.000	0.016
0.055	0.0143	0.005	0.693	0.0128	0.000	0.017
0.060	0.0081	0.005	0.691	0.0268	0.000	0.016
0.065	0.0104	0.005	0.693	0.0109	0.000	0.015
0.070	0.0111	0.002	0.694	0.0104	0.000	0.015
0.075	0.0094	0.005	0.719	0.0340	0.000	0.014
0.080	0.0140	0.005	0.721	0.0171	0.000	0.021
0.085	0.0148	0.002	0.698	0.0066	0.000	0.040
0.090	0.0104	0.005	0.624	0.0184	0.000	0.063
0.095	0.0068	0.005	0.541	0.0376	0.000	0.077
0.100	0.0095	0.005	0.509	0.0288	0.001	0.063
0.105	0.0095	0.005	0.534	0.0223	0.001	0.039
0.110	0.0087	0.007	0.703	0.0189	0.001	0.025
0.115	0.0242	0.009	0.755	0.0101	0.001	0.022
0.120	0.0506	0.011	0.760	0.0074	0.001	0.020
0.125	0.0630	0.009	0.744	0.0086	0.001	0.019
0.130	0.0645	0.009	0.730	0.0088	0.002	0.023
0.135	0.0569	0.009	0.729	0.0098	0.002	0.022
0.140	0.0519	0.009	0.725	0.0128	0.002	0.024
0.145	0.0492	0.009	0.672	0.0179	0.002	0.026
0.150	0.0461	0.007	0.506	0.0334	0.002	0.063
0.155	0.0371	0.009	0.505	0.0313	0.003	0.088
0.160	0.0331	0.009	0.606	0.0274	0.003	0.081
0.165	0.0375	0.011	0.686	0.0187	0.003	0.091
0.170	0.0313	0.009	0.730	0.0124	0.002	0.080
0.175	0.0372	0.009	0.738	0.0167	0.002	0.070
0.180	0.0420	0.014	0.740	0.0134	0.002	0.071
0.185	0.0353	0.016	0.728	0.0075	0.002	0.082
0.190	0.0295	0.009	0.583	0.0153	0.003	0.108
0.195	0.0300	0.007	0.559	0.0321	0.003	0.112
0.200	0.0265	0.009	0.583	0.0288	0.002	0.100
0.205	0.0284	0.020	0.601	0.0236	0.001	0.086
0.210	0.0275	0.014	0.708	0.0118	0.001	0.074
0.215	0.0484	0.011	0.711	0.0105	0.001	0.071
0.220	0.0803	0.014	0.686	0.0111	0.001	0.074
0.224	0.1119	0.016	0.702	0.0132	0.001	0.072
0.229	0.0972	0.018	0.696	0.0084	0.002	0.082
0.234	0.0972	0.011	0.714	0.0066	0.003	0.096
0.239	0.1175	0.014	0.688	0.0124	0.003	0.096
0.244	0.1147	0.014	0.698	0.0141	0.002	0.091
0.249	0.1084	0.014	0.709	0.0102	0.002	0.093
0.254	0.1087	0.016	0.669	0.0101	0.002	0.096
0.259	0.0774	0.016	0.633	0.0163	0.003	0.113
0.264	0.0668	0.016	0.587	0.0131	0.002	0.117
0.269	0.0543	0.014	0.574	0.0163	0.004	0.120
0.274	0.0625	0.016	0.477	0.0130	0.009	0.133
0.279	0.0744	0.025	0.390	0.0213	0.012	0.128
0.284	0.0599	0.018	0.386	0.0148	0.015	0.154
0.289	0.0658	0.020	0.379	0.0178	0.030	0.257
0.294	0.0279	0.027	0.342	0.0151	0.036	0.305
0.299	0.0114	0.039	0.321	0.0147	0.020	0.306
0.304	0.0099	0.023	0.206	0.0219	0.013	0.284
0.309	0.0083	0.016	0.245	0.0227	0.009	0.232
0.314	0.0034	0.025	0.473	0.0192	0.003	0.147
0.319	0.0042	0.014	0.470	0.0184	0.001	0.053
0.324	0.0035	0.023	0.577	0.0269	0.001	0.048
0.329	0.0022	0.016	0.415	0.0144	0.001	0.071
0.334	0.0032	0.014	0.459	0.0225	0.019	0.239
0.339	0.0040	0.011	0.433	0.0102	0.055	0.354
0.344	0.0025	0.041	0.226	0.0133	0.115	0.453
0.349	0.0032	0.055	0.210	0.0128	0.141	0.494
0.354	0.0030	0.141	0.206	0.0079	0.140	0.502
0.359	0.0045	0.102	0.168	0.0243	0.249	0.584
0.364	0.0052	0.170	0.280	0.0283	0.099	0.491
0.369	0.0060	0.082	0.523	0.0285	0.015	0.303
0.374	0.0118	0.048	0.626	0.0148	0.012	0.234
0.379	0.0228	0.030	0.654	0.0139	0.011	0.232
0.384	0.0347	0.027	0.622	0.0145	0.015	0.251
0.389	0.0319	0.018	0.529	0.0204	0.020	0.244
0.394	0.0240	0.027	0.515	0.0162	0.020	0.230
0.399	0.0233	0.036	0.500	0.0244	0.020	0.235
0.404	0.0252	0.032	0.570	0.0212	0.020	0.220
0.409	0.0221	0.039	0.638	0.0107	0.017	0.236
0.414	0.0261	0.034	0.576	0.0141	0.029	0.258
0.419	0.0224	0.030	0.460	0.0201	0.036	0.271
0.424	0.0180	0.045	0.367	0.0189	0.039	0.250
0.429	0.0166	0.036	0.478	0.0314	0.022	0.203
0.434	0.0084	0.043	0.508	0.0170	0.017	0.188
0.439	0.0211	0.014	0.447	0.0135	0.073	0.287
0.444	0.0095	0.023	0.355	0.0232	0.057	0.288
0.449	0.0071	0.048	0.295	0.0137	0.079	0.213
0.454	0.0055	0.032	0.204	0.0147	0.164	0.280
0.459	0.0026	0.066	0.345	0.0131	0.126	0.318
0.464	0.0029	0.052	0.369	0.0215	0.077	0.270
0.469	0.0039	0.032	0.331	0.0159	0.069	0.270
0.474	0.0049	0.059	0.340	0.0180	0.095	0.314
0.479	0.0053	0.039	0.400	0.0187	0.079	0.271
0.484	0.0066	0.045	0.343	0.0149	0.053	0.246
0.489	0.0074	0.039	0.440	0.0287	0.017	0.252
0.494	0.0140	0.032	0.510	0.0201	0.013	0.251
0.499	0.0133	0.030	0.586	0.0214	0.010	0.210
0.504	0.0249	0.039	0.597	0.0158	0.007	0.212
0.509	0.0299	0.020	0.675	0.0134	0.009	0.235
0.514	0.0329	0.014	0.679	0.0134	0.008	0.208
0.519	0.0373	0.018	0.632	0.0238	0.005	0.157
0.524	0.0351	0.020	0.656	0.0205	0.004	0.142
0.529	0.0494	0.014	0.684	0.0104	0.006	0.151
0.534	0.0576	0.014	0.678	0.0124	0.005	0.144
0.539	0.0674	0.014	0.611	0.0182	0.004	0.133
0.544	0.0806	0.014	0.615	0.0155	0.004	0.127
0.549	0.0911	0.011	0.651	0.0089	0.005	0.124
0.554	0.0882	0.018	0.713	0.0114	0.007	0.118
0.559	0.0937	0.023	0.710	0.0094	0.007	0.100
0.564	0.1384	0.020	0.668	0.0080	0.007	0.104
0.569	0.1383	0.018	0.625	0.0178	0.006	0.095
0.574	0.1493	0.018	0.693	0.0127	0.006	0.095
0.579	0.1447	0.018	0.718	0.0098	0.003	0.092
0.584	0.1513	0.018	0.703	0.0110	0.003	0.094
0.589	0.1515	0.016	0.702	0.0138	0.002	0.107
0.594	0.1499	0.014	0.627	0.0169	0.002	0.103
0.599	0.1301	0.011	0.444	0.0268	0.003	0.102
0.604	0.0764	0.014	0.432	0.0381	0.004	0.094
0.609	0.0437	0.011	0.682	0.0161	0.001	0.054
0.614	0.0445	0.011	0.706	0.0088	0.001	0.032
0.619	0.0413	0.014	0.731	0.0171	0.001	0.019
0.624	0.0331	0.016	0.756	0.0119	0.001	0.020
0.629	0.0391	0.009	0.729	0.0105	0.001	0.021
0.634	0.0417	0.009	0.750	0.0097	0.001	0.020
0.639	0.0442	0.009	0.741	0.0101	0.002	0.024
0.644	0.0420	0.009	0.736	0.0094	0.002	0.025
0.649	0.0361	0.009	0.539	0.0222	0.001	0.023
0.654	0.0364	0.014	0.499	0.0273	0.001	0.019
0.659	0.0398	0.011	0.483	0.0282	0.001	0.019
0.663	0.0734	0.009	0.592	0.0332	0.002	0.020
0.668	0.1083	0.011	0.700	0.0159	0.002	0.025
0.673	0.1070	0.016	0.741	0.0124	0.001	0.026
0.678	0.1268	0.016	0.755	0.0057	0.002	0.038
0.683	0.1377	0.014	0.751	0.0067	0.002	0.044
0.688	0.1438	0.014	0.746	0.0064	0.002	0.060
0.693	0.1425	0.018	0.741	0.0089	0.003	0.077
0.698	0.1334	0.011	0.718	0.0116	0.003	0.096
0.703	0.1217	0.014	0.708	0.0111	0.003	0.103
0.708	0.1013	0.014	0.731	0.0074	0.003	0.090
0.713	0.0931	0.023	0.718	0.0080	0.002	0.057
0.718	0.0788	0.036	0.681	0.0137	0.002	0.029
0.723	0.0678	0.030	0.688	0.0147	0.002	0.027
0.728	0.0502	0.023	0.734	0.0108	0.002	0.024
0.733	0.0490	0.036	0.702	0.0092	0.002	0.022
0.738	0.0486	0.025	0.714	0.0096	0.002	0.022
0.743	0.0432	0.027	0.657	0.0115	0.002	0.025
0.748	0.0411	0.030	0.682	0.0090	0.002	0.037
0.753	0.0436	0.023	0.704	0.0113	0.004	0.067
0.758	0.0503	0.036	0.655	0.0108	0.004	0.117
0.763	0.0837	0.036	0.693	0.0126	0.004	0.123
0.768	0.0926	0.025	0.682	0.0148	0.002	0.078
0.773	0.0988	0.027	0.646	0.0145	0.001	0.037
0.778	0.1051	0.034	0.532	0.0294	0.002	0.040
0.783	0.0809	0.027	0.491	0.0457	0.001	0.040
0.788	0.0346	0.016	0.713	0.0194	0.001	0.041
0.793	0.0260	0.009	0.687	0.0198	0.000	0.046
0.798	0.0286	0.014	0.687	0.0212	0.001	0.048
0.803	0.0314	0.007	0.710	0.0104	0.001	0.047
0.808	0.0383	0.009	0.691	0.0103	0.000	0.046
0.813	0.0488	0.009	0.725	0.0166	0.000	0.045
0.818	0.0528	0.007	0.707	0.0067	0.001	0.070
0.823	0.0530	0.009	0.622	0.0229	0.001	0.077
0.828	0.0487	0.007	0.661	0.0253	0.000	0.077
0.833	0.0363	0.009	0.687	0.0254	0.000	0.069
0.838	0.0545	0.007	0.727	0.0112	0.000	0.074
0.843	0.0375	0.009	0.661	0.0114	0.000	0.080
0.848	0.0180	0.014	0.675	0.0069	0.000	0.080
0.853	0.0268	0.011	0.691	0.0095	0.000	0.075
0.858	0.0337	0.014	0.670	0.0106	0.001	0.078
0.863	0.0759	0.007	0.728	0.0095	0.001	0.076
0.868	0.0832	0.009	0.729	0.0074	0.000	0.071
0.873	0.0863	0.007	0.721	0.0064	0.000	0.071
0.878	0.0506	0.009	0.733	0.0091	0.000	0.066
0.883	0.0374	0.007	0.676	0.0082	0.000	0.059
0.888	0.0202	0.009	0.674	0.0091	0.000	0.056
0.893	0.0345	0.007	0.722	0.0090	0.000	0.038
0.898	0.0620	0.007	0.702	0.0085	0.000	0.023
0.903	0.1124	0.009	0.743	0.0106	0.000	0.021
0.908	0.1145	0.009	0.735	0.0097	0.000	0.034
0.913	0.0988	0.009	0.719	0.0130	0.000	0.046
0.918	0.0563	0.007	0.730	0.0082	0.001	0.057
0.923	0.0377	0.014	0.680	0.0127	0.001	0.057
0.928	0.0455	0.011	0.684	0.0085	0.001	0.066
0.933	0.0548	0.011	0.714	0.0085	0.000	0.067
0.938	0.0814	0.014	0.696	0.0116	0.001	0.070
0.943	0.1334	0.011	0.733	0.0114	0.001	0.077
0.948	0.1485	0.014	0.720	0.0147	0.001	0.079
0.953	0.1475	0.016	0.726	0.0135	0.001	0.078
0.958	0.1426	0.014	0.731	0.0088	0.001	0.075
0.963	0.0877	0.011	0.731	0.0083	0.001	0.073
0.968	0.1018	0.011	0.741	0.0085	0.000	0.071
0.973	0.1123	0.014	0.701	0.0079	0.000	0.070
0.978	0.1033	0.014	0.717	0.0078	0.000	0.078
0.983	0.0970	0.011	0.706	0.0095	0.000	0.081
0.988	0.0959	0.014	0.700	0.0074	0.000	0.080
0.993	0.1063	0.011	0.737	0.0072	0.000	0.076
0.998	0.1598	0.011	0.713	0.0088	0.001	0.084
1.003	0.1603	0.014	0.718	0.0105	0.001	0.085
1.008	0.1502	0.014	0.733	0.0104	0.001	0.085
1.013	0.1418	0.011	0.722	0.0086	0.001	0.079
1.018	0.0745	0.011	0.725	0.0090	0.001	0.079
1.023	0.0676	0.011	0.690	0.0094	0.001	0.082
1.028	0.0791	0.014	0.690	0.0147	0.001	0.088
1.033	0.0883	0.016	0.703	0.0074	0.001	0.084
1.038	0.0851	0.016	0.688	0.0085	0.001	0.086
1.043	0.0808	0.018	0.720	0.0095	0.001	0.089
1.048	0.1300	0.011	0.730	0.0090	0.001	0.087
1.053	0.1314	0.018	0.721	0.0076	0.001	0.079
1.058	0.1293	0.014	0.710	0.0124	0.001	0.073
1.063	0.0616	0.018	0.677	0.0107	0.001	0.071
1.068	0.0508	0.025	0.670	0.0100	0.001	0.069
1.073	0.0759	0.011	0.687	0.0086	0.001	0.081
1.078	0.0929	0.011	0.668	0.0106	0.001	0.079
1.083	0.0839	0.011	0.678	0.0125	0.001	0.075
1.088	0.1108	0.014	0.694	0.0086	0.001	0.071
1.093	0.1079	0.011	0.656	0.0121	0.001	0.072
1.098	0.0544	0.011	0.665	0.0121	0.001	0.067
1.102	0.0475	0.011	0.670	0.0112	0.001	0.064
1.107	0.0807	0.016	0.667	0.0102	0.001	0.063
1.112	0.0813	0.009	0.698	0.0069	0.001	0.066
1.117	0.1122	0.014	0.682	0.0151	0.001	0.064
1.122	0.1005	0.011	0.659	0.0106	0.002	0.060
1.127	0.0481	0.009	0.667	0.0114	0.001	0.060
1.132	0.0618	0.011	0.667	0.0143	0.001	0.057
1.137	0.0827	0.016	0.655	0.0156	0.001	0.057
1.142	0.1107	0.011	0.651	0.0135	0.001	0.052
1.147	0.1036	0.009	0.673	0.0120	0.000	0.046
1.152	0.0588	0.011	0.674	0.0099	0.000	0.047
1.157	0.0685	0.009	0.669	0.0165	0.000	0.048
1.162	0.0803	0.011	0.694	0.0132	0.000	0.045
1.167	0.1075	0.011	0.644	0.0127	0.000	0.040
1.172	0.0646	0.009	0.583	0.0132	0.000	0.043
1.177	0.0477	0.011	0.342	0.0307	0.000	0.042
1.182	0.0481	0.011	0.237	0.0315	0.000	0.047
1.187	0.0471	0.011	0.437	0.0332	0.000	0.043
1.192	0.0109	0.009	0.510	0.0237	0.000	0.033
1.197	0.0131	0.007	0.570	0.0274	0.000	0.024
1.202	0.0162	0.007	0.546	0.0228	0.000	0.020
1.207	0.0106	0.005	0.521	0.0373	0.000	0.018
1.212	0.0087	0.002	0.469	0.0308	0.000	0.018
1.217	0.0117	0.007	0.519	0.0372	0.000	0.017
1.222	0.0090	0.005	0.512	0.0375	0.000	0.017
1.227	0.0068	0.007	0.471	0.0419	0.000	0.020
1.232	0.0081	0.005	0.625	0.0473	0.000	0.021
1.237	0.0034	0.002	0.529	0.0454	0.001	0.135
1.242	0.0116	0.002	0.571	0.0331	0.005	0.218
1.247	0.0111	0.009	0.594	0.0309	0.003	0.179
1.252	0.0052	0.020	0.312	0.0209	0.004	0.202
1.257	0.0143	0.014	0.471	0.0262	0.002	0.145
1.262	0.0139	0.005	0.462	0.0259	0.001	0.114
1.267	0.0133	0.005	0.512	0.0263	0.001	0.080
1.272	0.0089	0.007	0.560	0.0320	0.001	0.068
1.277	0.0247	0.011	0.642	0.0204	0.001	0.069
1.282	0.0880	0.009	0.706	0.0159	0.001	0.066
1.287	0.0989	0.014	0.694	0.0125	0.001	0.071
1.292	0.0428	0.014	0.655	0.0175	0.001	0.075
1.297	0.0480	0.011	0.648	0.0120	0.001	0.074
1.302	0.0781	0.011	0.665	0.0141	0.001	0.076
1.307	0.0770	0.009	0.677	0.0131	0.001	0.076
1.312	0.1184	0.014	0.702	0.0107	0.001	0.075
1.317	0.1191	0.009	0.710	0.0055	0.001	0.082
1.322	0.0749	0.018	0.675	0.0066	0.001	0.094
1.327	0.0695	0.014	0.675	0.0080	0.001	0.080
1.332	0.0805	0.011	0.681	0.0094	0.001	0.083
1.337	0.0985	0.016	0.673	0.0165	0.000	0.057
1.342	0.1114	0.011	0.609	0.0165	0.000	0.031
1.347	0.0874	0.011	0.407	0.0468	0.000	0.039
1.352	0.0447	0.005	0.305	0.0293	0.001	0.057
1.357	0.0269	0.011	0.384	0.0443	0.000	0.029
1.362	0.0174	0.007	0.539	0.0203	0.000	0.017
1.367	0.0172	0.005	0.384	0.0433	0.000	0.020
1.372	0.0065	0.007	0.419	0.0267	0.000	0.021
1.377	0.0093	0.007	0.472	0.0219	0.000	0.021
1.382	0.0046	0.009	0.394	0.0292	0.000	0.021
1.387	0.0059	0.011	0.475	0.0219	0.000	0.022
1.392	0.0055	0.011	0.593	0.0172	0.000	0.025
1.397	0.0045	0.011	0.618	0.0143	0.000	0.038
1.402	0.0024	0.011	0.545	0.0143	0.004	0.078
1.407	0.0022	0.016	0.347	0.0176	0.052	0.239
1.412	0.0032	0.016	0.246	0.0153	0.268	0.400
1.417	0.0022	0.034	0.135	0.0132	0.690	0.562
1.422	0.0024	0.102	0.110	0.0126	0.845	0.588
1.427	0.0041	0.134	0.173	0.0107	0.934	0.585
1.432	0.0094	0.198	0.152	0.0109	0.953	0.578
1.437	0.0137	0.248	0.160	0.0132	0.977	0.560
1.442	0.0174	0.227	0.148	0.0143	0.973	0.557
1.447	0.0199	0.232	0.146	0.0121	0.946	0.547
1.452	0.0223	0.230	0.161	0.0125	0.942	0.560
1.457	0.0207	0.243	0.171	0.0100	0.925	0.558
1.462	0.0180	0.241	0.109	0.0123	0.903	0.614
1.467	0.0152	0.223	0.111	0.0105	0.809	0.619
1.472	0.0198	0.234	0.136	0.0096	0.803	0.655
1.477	0.0166	0.205	0.097	0.0112	0.820	0.680
1.482	0.0137	0.220	0.123	0.0107	0.776	0.648
1.487	0.0157	0.200	0.089	0.0103	0.709	0.641
1.492	0.0134	0.191	0.105	0.0105	0.651	0.663
1.497	0.0143	0.182	0.177	0.0286	0.206	0.550
1.502	0.0107	0.134	0.375	0.0396	0.024	0.243
1.507	0.0105	0.043	0.543	0.0212	0.003	0.026
1.512	0.0318	0.016	0.554	0.0174	0.001	0.021
1.517	0.0291	0.018	0.578	0.0226	0.000	0.016
1.522	0.0193	0.016	0.630	0.0182	0.000	0.017
1.527	0.0424	0.016	0.604	0.0171	0.000	0.021
1.532	0.0601	0.016	0.670	0.0149	0.000	0.017
1.537	0.0789	0.020	0.644	0.0145	0.000	0.014
1.541	0.1206	0.023	0.662	0.0172	0.000	0.014
1.546	0.1302	0.011	0.691	0.0110	0.000	0.015
1.551	0.0865	0.011	0.673	0.0091	0.000	0.016
1.556	0.0758	0.011	0.658	0.0126	0.000	0.018
1.561	0.0751	0.009	0.627	0.0153	0.000	0.021
1.566	0.0791	0.011	0.654	0.0179	0.000	0.021
1.571	0.1226	0.014	0.656	0.0135	0.000	0.028
1.576	0.1153	0.011	0.641	0.0115	0.001	0.048
1.581	0.0640	0.016	0.587	0.0117	0.002	0.060
1.586	0.0758	0.020	0.639	0.0144	0.002	0.069
1.591	0.0818	0.016	0.659	0.0105	0.002	0.087
1.596	0.1286	0.014	0.508	0.0199	0.002	0.089
1.601	0.0410	0.018	0.472	0.0206	0.002	0.049
1.606	0.0479	0.014	0.592	0.0132	0.002	0.044
1.611	0.0462	0.016	0.583	0.0120	0.002	0.050
1.616	0.0666	0.016	0.595	0.0132	0.003	0.061
1.621	0.0755	0.023	0.548	0.0183	0.005	0.073
1.626	0.0300	0.018	0.543	0.0108	0.009	0.118
1.631	0.0256	0.007	0.539	0.0096	0.013	0.142
1.636	0.0196	0.027	0.554	0.0093	0.035	0.214
1.641	0.0466	0.020	0.568	0.0095	0.049	0.247
1.646	0.0171	0.036	0.548	0.0112	0.064	0.294
1.651	0.0296	0.034	0.533	0.0099	0.079	0.312
1.656	0.0228	0.034	0.480	0.0122	0.090	0.316
1.661	0.0389	0.045	0.475	0.0146	0.078	0.318
1.666	0.0275	0.041	0.495	0.0136	0.050	0.314
1.671	0.0257	0.025	0.478	0.0113	0.061	0.316
1.676	0.0390	0.034	0.530	0.0128	0.068	0.310
1.681	0.0377	0.055	0.536	0.0111	0.075	0.307
1.686	0.0274	0.039	0.542	0.0124	0.096	0.325
1.691	0.0295	0.036	0.459	0.0143	0.075	0.302
1.696	0.0234	0.048	0.544	0.0137	0.043	0.250
1.701	0.0561	0.036	0.622	0.0132	0.030	0.225
1.706	0.0645	0.027	0.641	0.0129	0.019	0.188
1.711	0.0354	0.009	0.592	0.0140	0.014	0.173
1.716	0.0313	0.020	0.467	0.0198	0.009	0.158
1.721	0.0460	0.014	0.549	0.0142	0.012	0.146
1.726	0.0690	0.016	0.625	0.0216	0.006	0.131
1.731	0.1122	0.027	0.633	0.0106	0.004	0.131
1.736	0.0492	0.014	0.568	0.0180	0.003	0.120
1.741	0.0571	0.020	0.627	0.0124	0.004	0.115
1.746	0.0894	0.014	0.637	0.0103	0.003	0.119
1.751	0.0952	0.020	0.626	0.0150	0.002	0.122
1.756	0.1105	0.014	0.679	0.0070	0.003	0.119
1.761	0.0496	0.014	0.670	0.0076	0.004	0.107
1.766	0.0568	0.016	0.648	0.0111	0.006	0.098
1.771	0.0794	0.014	0.637	0.0102	0.005	0.101
1.776	0.1247	0.016	0.692	0.0091	0.007	0.108
1.781	0.1149	0.018	0.651	0.0120	0.007	0.110
1.786	0.0485	0.018	0.635	0.0098	0.002	0.112
1.791	0.0629	0.016	0.636	0.0128	0.002	0.114
1.796	0.0887	0.027	0.614	0.0110	0.001	0.099
1.801	0.1034	0.030	0.617	0.0133	0.001	0.091
1.806	0.1187	0.023	0.531	0.0153	0.001	0.083
1.811	0.0454	0.023	0.433	0.0214	0.002	0.099
1.816	0.0390	0.014	0.514	0.0235	0.002	0.100
1.821	0.0401	0.025	0.469	0.0222	0.002	0.095
1.826	0.0580	0.020	0.467	0.0167	0.001	0.116
1.831	0.0548	0.014	0.439	0.0223	0.001	0.126
1.836	0.0188	0.009	0.567	0.0259	0.001	0.100
1.841	0.0085	0.020	0.673	0.0257	0.000	0.059
1.846	0.0160	0.009	0.678	0.0103	0.000	0.028
1.851	0.0217	0.007	0.665	0.0099	0.000	0.029
1.856	0.0181	0.005	0.630	0.0169	0.000	0.027
1.861	0.0036	0.009	0.601	0.0145	0.000	0.025
1.866	0.0087	0.007	0.530	0.0122	0.000	0.026
1.871	0.0126	0.009	0.560	0.0150	0.000	0.032
1.876	0.0121	0.005	0.490	0.0179	0.002	0.149
1.881	0.0020	0.016	0.384	0.0197	0.035	0.337
1.886	0.0098	0.005	0.385	0.0102	0.055	0.362
1.891	0.0090	0.048	0.425	0.0295	0.027	0.323
1.896	0.0100	0.030	0.427	0.0294	0.002	0.253
1.901	0.0081	0.011	0.414	0.0518	0.001	0.192
1.906	0.0105	0.005	0.561	0.0147	0.002	0.178
1.911	0.0056	0.007	0.634	0.0124	0.003	0.128
1.916	0.0066	0.011	0.593	0.0188	0.006	0.108
1.921	0.0185	0.007	0.627	0.0227	0.002	0.091
1.926	0.0260	0.007	0.652	0.0090	0.001	0.064
1.931	0.0169	0.007	0.643	0.0185	0.000	0.057
1.936	0.0186	0.011	0.618	0.0112	0.001	0.067
1.941	0.0354	0.007	0.622	0.0212	0.001	0.061
1.946	0.0186	0.007	0.627	0.0241	0.000	0.053
1.951	0.0061	0.014	0.524	0.0179	0.000	0.063
1.956	0.0217	0.011	0.523	0.0224	0.001	0.095
1.961	0.0313	0.009	0.594	0.0269	0.001	0.102
1.966	0.0110	0.011	0.608	0.0298	0.001	0.104
1.971	0.0136	0.011	0.597	0.0175	0.001	0.103
1.976	0.0359	0.009	0.632	0.0206	0.001	0.099
1.980	0.0084	0.020	0.522	0.0189	0.001	0.105
1.985	0.0123	0.020	0.513	0.0132	0.002	0.107
1.990	0.0168	0.009	0.619	0.0257	0.002	0.116
1.995	0.0113	0.025	0.503	0.0206	0.001	0.116
2.000	0.0361	0.009	0.625	0.0205	0.001	0.103
2.005	0.0101	0.007	0.617	0.0264	0.002	0.105
2.010	0.0124	0.009	0.535	0.0186	0.001	0.109
2.015	0.0312	0.014	0.637	0.0204	0.001	0.106
2.020	0.0070	0.011	0.505	0.0230	0.001	0.103
2.025	0.0162	0.020	0.558	0.0181	0.001	0.083
2.030	0.0058	0.005	0.585	0.0283	0.001	0.086
2.035	0.0084	0.020	0.503	0.0345	0.001	0.068
2.040	0.0261	0.007	0.624	0.0381	0.000	0.052
2.045	0.0015	0.014	0.550	0.0200	0.000	0.038
2.050	0.0166	0.005	0.634	0.0072	0.000	0.032
2.055	0.0151	0.005	0.637	0.0337	0.000	0.030
2.060	0.0041	0.007	0.544	0.0247	0.000	0.031
2.065	0.0198	0.005	0.640	0.0069	0.000	0.029
2.070	0.0019	0.007	0.551	0.0193	0.000	0.031
2.075	0.0127	0.005	0.551	0.0282	0.000	0.031
2.080	0.0196	0.007	0.640	0.0345	0.000	0.030
2.085	0.0017	0.007	0.587	0.0164	0.000	0.032
2.090	0.0159	0.005	0.638	0.0138	0.000	0.031
2.095	0.0162	0.005	0.654	0.0316	0.000	0.032
2.100	0.0025	0.011	0.538	0.0231	0.000	0.034
2.105	0.0169	0.007	0.577	0.0389	0.000	0.030
2.110	0.0148	0.005	0.634	0.0548	0.000	0.033
2.115	0.0031	0.007	0.626	0.0385	0.000	0.033
2.120	0.0201	0.011	0.658	0.0167	0.000	0.030
2.125	0.0206	0.005	0.667	0.0356	0.000	0.026
2.130	0.0047	0.007	0.577	0.0403	0.000	0.029
2.135	0.0204	0.007	0.566	0.0366	0.000	0.034
2.140	0.0198	0.005	0.606	0.0562	0.001	0.134
2.145	0.0052	0.007	0.566	0.0094	0.003	0.180
2.150	0.0187	0.025	0.610	0.0289	0.001	0.137
2.155	0.0156	0.014	0.602	0.0211	0.001	0.134
2.160	0.0023	0.020	0.524	0.0110	0.002	0.156
2.165	0.0146	0.016	0.518	0.0306	0.002	0.134
2.170	0.0199	0.011	0.616	0.0204	0.002	0.125
2.175	0.0130	0.007	0.638	0.0137	0.002	0.115
2.180	0.0243	0.007	0.609	0.0153	0.002	0.097
2.185	0.0403	0.011	0.647	0.0080	0.002	0.081
2.190	0.0240	0.005	0.650	0.0119	0.003	0.091
2.195	0.0206	0.020	0.614	0.0103	0.010	0.108
2.200	0.0324	0.014	0.584	0.0172	0.007	0.098
2.205	0.0484	0.020	0.584	0.0171	0.002	0.091
2.210	0.0208	0.009	0.515	0.0221	0.004	0.146
2.215	0.0198	0.011	0.465	0.0113	0.022	0.310
2.220	0.0284	0.014	0.469	0.0190	0.062	0.371
2.225	0.0178	0.020	0.314	0.0257	0.254	0.441
2.230	0.0124	0.070	0.281	0.0147	0.511	0.456
2.235	0.0130	0.064	0.185	0.0144	0.804	0.475
2.240	0.0142	0.139	0.174	0.0105	0.850	0.490
2.245	0.0161	0.125	0.144	0.0123	0.872	0.557
2.250	0.0144	0.152	0.145	0.0138	0.914	0.544
2.255	0.0108	0.159	0.138	0.0118	0.964	0.508
2.260	0.0165	0.168	0.138	0.0120	0.953	0.554
2.265	0.0126	0.193	0.119	0.0110	0.963	0.545
2.270	0.0095	0.182	0.121	0.0102	0.969	0.536
2.275	0.0112	0.189	0.125	0.0115	0.967	0.549
2.280	0.0088	0.193	0.148	0.0116	0.974	0.548
2.285	0.0079	0.211	0.139	0.0118	0.955	0.563
2.290	0.0050	0.198	0.189	0.0105	0.929	0.601
2.295	0.0039	0.207	0.099	0.0115	0.904	0.661
2.300	0.0025	0.202	0.123	0.0114	0.864	0.653
2.305	0.0019	0.205	0.148	0.0120	0.714	0.645
2.310	0.0011	0.184	0.169	0.0134	0.581	0.623
2.315	0.0007	0.139	0.127	0.0125	0.496	0.635
2.320	0.0005	0.095	0.109	0.0124	0.725	0.726
2.325	0.0005	0.159	0.145	0.0136	0.709	0.704
2.330	0.0007	0.200	0.122	0.0133	0.806	0.622
2.335	0.0019	0.170	0.189	0.0113	0.941	0.500
2.340	0.0047	0.205	0.141	0.0135	0.895	0.486
2.345	0.0082	0.168	0.215	0.0439	0.154	0.366
2.350	0.0081	0.168	0.364	0.0397	0.013	0.187
2.355	0.0141	0.018	0.552	0.0199	0.002	0.076
2.360	0.0581	0.011	0.658	0.0177	0.002	0.066
2.365	0.0752	0.011	0.680	0.0166	0.001	0.063
2.370	0.0530	0.011	0.662	0.0096	0.001	0.070
2.375	0.0616	0.011	0.661	0.0077	0.001	0.082
2.380	0.0725	0.011	0.693	0.0118	0.001	0.085
2.385	0.0988	0.011	0.717	0.0106	0.001	0.086
2.390	0.0943	0.016	0.678	0.0082	0.001	0.092
2.395	0.0476	0.016	0.666	0.0069	0.001	0.095
2.400	0.0536	0.009	0.658	0.0155	0.002	0.099
2.405	0.0598	0.011	0.655	0.0194	0.001	0.085
2.410	0.0807	0.011	0.698	0.0156	0.001	0.085
2.415	0.0913	0.011	0.607	0.0159	0.001	0.101
2.420	0.0501	0.009	0.457	0.0254	0.001	0.103
2.424	0.0358	0.011	0.341	0.0360	0.001	0.120
2.429	0.0232	0.011	0.361	0.0305	0.001	0.092
2.434	0.0247	0.005	0.507	0.0234	0.000	0.038
2.439	0.0091	0.007	0.398	0.0214	0.000	0.036
2.444	0.0140	0.002	0.419	0.0216	0.000	0.030
2.449	0.0103	0.005	0.409	0.0458	0.000	0.034
2.454	0.0049	0.007	0.369	0.0364	0.000	0.045
2.459	0.0051	0.007	0.288	0.0574	0.000	0.047
2.464	0.0040	0.007	0.267	0.0273	0.000	0.065
2.469	0.0021	0.009	0.310	0.0347	0.000	0.072
2.474	0.0011	0.014	0.597	0.0291	0.000	0.063
2.479	0.0015	0.016	0.646	0.0179	0.000	0.056
2.484	0.0017	0.011	0.608	0.0212	0.000	0.064
2.489	0.0018	0.011	0.276	0.0237	0.003	0.115
2.494	0.0010	0.011	0.207	0.0098	0.416	0.369
2.499	0.0018	0.011	0.164	0.0137	0.552	0.480
2.504	0.0017	0.048	0.157	0.0094	0.709	0.584
2.509	0.0030	0.100	0.168	0.0101	0.799	0.605
2.514	0.0099	0.157	0.112	0.0197	0.770	0.577
2.519	0.0093	0.175	0.322	0.0296	0.290	0.452
2.524	0.0073	0.118	0.532	0.0319	0.020	0.232
2.529	0.0116	0.039	0.562	0.0193	0.004	0.152
2.534	0.0214	0.007	0.599	0.0247	0.002	0.095
2.539	0.0235	0.014	0.643	0.0230	0.001	0.086
2.544	0.0350	0.016	0.691	0.0199	0.000	0.071
2.549	0.0801	0.016	0.702	0.0125	0.000	0.069
2.554	0.0848	0.009	0.514	0.0236	0.001	0.094
2.559	0.0331	0.011	0.335	0.0239	0.012	0.137
2.564	0.0208	0.005	0.504	0.0143	0.040	0.081
2.569	0.0147	0.016	0.598	0.0433	0.012	0.094
2.574	0.0335	0.007	0.663	0.0215	0.001	0.085
2.579	0.0238	0.011	0.667	0.0105	0.000	0.070
2.584	0.0187	0.009	0.671	0.0101	0.000	0.059
2.589	0.0272	0.007	0.683	0.0090	0.000	0.059
2.594	0.0445	0.007	0.680	0.0119	0.000	0.063
2.599	0.0413	0.007	0.656	0.0145	0.000	0.059
2.604	0.0243	0.007	0.662	0.0078	0.000	0.061
2.609	0.0225	0.007	0.645	0.0050	0.000	0.061
2.614	0.0406	0.007	0.587	0.0216	0.001	0.103
2.619	0.0408	0.007	0.500	0.0276	0.001	0.099
2.624	0.0224	0.007	0.551	0.0227	0.001	0.082
2.629	0.0172	0.020	0.548	0.0197	0.001	0.099
2.634	0.0495	0.011	0.591	0.0193	0.001	0.093
2.639	0.0662	0.016	0.606	0.0132	0.001	0.086
2.644	0.0362	0.014	0.610	0.0119	0.002	0.084
2.649	0.0566	0.009	0.627	0.0143	0.002	0.080
2.654	0.0776	0.011	0.630	0.0072	0.002	0.077
2.659	0.0828	0.014	0.617	0.0129	0.002	0.081
2.664	0.0430	0.020	0.612	0.0148	0.001	0.086
2.669	0.0664	0.009	0.589	0.0114	0.002	0.092
2.674	0.0857	0.011	0.600	0.0119	0.002	0.097
2.679	0.0591	0.014	0.609	0.0114	0.002	0.101
2.684	0.0480	0.009	0.603	0.0087	0.002	0.117
2.689	0.0504	0.011	0.612	0.0131	0.002	0.119
2.694	0.0764	0.011	0.595	0.0108	0.002	0.113
2.699	0.0643	0.027	0.591	0.0123	0.002	0.109
2.704	0.0377	0.014	0.574	0.0172	0.004	0.119
2.709	0.0364	0.020	0.542	0.0166	0.004	0.121
2.714	0.0752	0.011	0.485	0.0182	0.005	0.146
2.719	0.0299	0.016	0.451	0.0243	0.004	0.187
2.724	0.0165	0.036	0.309	0.0158	0.012	0.253
2.729	0.0261	0.043	0.322	0.0289	0.014	0.315
2.734	0.0133	0.005	0.443	0.0406	0.008	0.295
2.739	0.0030	0.052	0.372	0.0140	0.007	0.262
2.744	0.0067	0.018	0.293	0.0252	0.009	0.264
2.749	0.0031	0.043	0.232	0.0272	0.007	0.248
2.754	0.0047	0.030	0.344	0.0290	0.006	0.250
2.759	0.0019	0.039	0.284	0.0270	0.008	0.277
2.764	0.0021	0.027	0.457	0.0121	0.022	0.381
2.769	0.0019	0.018	0.427	0.0131	0.043	0.468
2.774	0.0016	0.045	0.444	0.0105	0.150	0.575
2.779	0.0013	0.050	0.391	0.0090	0.232	0.601
2.784	0.0015	0.098	0.290	0.0121	0.319	0.612
2.789	0.0021	0.127	0.258	0.0109	0.518	0.628
2.794	0.0021	0.148	0.183	0.0093	0.703	0.676
2.799	0.0026	0.218	0.120	0.0123	0.571	0.672
2.804	0.0032	0.211	0.127	0.0117	0.300	0.584
2.809	0.0030	0.132	0.104	0.0160	0.213	0.528
2.814	0.0042	0.077	0.158	0.0173	0.298	0.589
2.819	0.0039	0.109	0.307	0.0212	0.193	0.528
2.824	0.0050	0.111	0.481	0.0264	0.049	0.423
2.829	0.0074	0.048	0.573	0.0267	0.017	0.336
2.834	0.0072	0.020	0.655	0.0260	0.004	0.197
2.839	0.0104	0.023	0.659	0.0152	0.003	0.143
2.844	0.0094	0.014	0.734	0.0191	0.002	0.102
2.849	0.0162	0.023	0.757	0.0238	0.001	0.054
2.854	0.0222	0.007	0.765	0.0128	0.001	0.023
2.859	0.0209	0.009	0.691	0.0180	0.001	0.023
2.863	0.0177	0.009	0.634	0.0261	0.001	0.028
2.868	0.0151	0.009	0.589	0.0308	0.002	0.031
2.873	0.0119	0.009	0.652	0.0169	0.003	0.038
2.878	0.0111	0.011	0.691	0.0119	0.004	0.034
2.883	0.0104	0.014	0.708	0.0168	0.002	0.030
2.888	0.0113	0.009	0.721	0.0124	0.001	0.025
2.893	0.0096	0.014	0.722	0.0124	0.001	0.025
2.898	0.0089	0.011	0.699	0.0095	0.001	0.026
2.903	0.0063	0.014	0.722	0.0087	0.000	0.022
2.908	0.0070	0.011	0.692	0.0148	0.001	0.021
2.913	0.0091	0.014	0.695	0.0084	0.001	0.019
2.918	0.0123	0.007	0.716	0.0154	0.000	0.015
2.923	0.0134	0.009	0.690	0.0111	0.000	0.013
2.928	0.0203	0.007	0.736	0.0090	0.000	0.012
2.933	0.0239	0.009	0.722	0.0155	0.000	0.013
2.938	0.0263	0.009	0.718	0.0190	0.000	0.013
2.943	0.0279	0.009	0.721	0.0160	0.000	0.013
2.948	0.0183	0.007	0.666	0.0298	0.000	0.013
2.953	0.0165	0.009	0.641	0.0301	0.000	0.012
2.958	0.0141	0.007	0.631	0.0216	0.000	0.011
2.963	0.0206	0.007	0.641	0.0291	0.001	0.010
2.968	0.0309	0.011	0.695	0.0284	0.001	0.010
2.973	0.0519	0.016	0.715	0.0286	0.001	0.009
2.978	0.0448	0.011	0.673	0.0132	0.001	0.009
2.983	0.0270	0.009	0.675	0.0219	0.000	0.010
2.988	0.0312	0.011	0.682	0.0184	0.000	0.011
2.993	0.0452	0.011	0.683	0.0172	0.000	0.012
2.998	0.0661	0.009	0.671	0.0161	0.000	0.011
3.003	0.0494	0.009	0.659	0.0157	0.000	0.009
3.008	0.0242	0.005	0.653	0.0165	0.000	0.010
3.013	0.0150	0.011	0.654	0.0200	0.000	0.012
3.018	0.0321	0.007	0.692	0.0218	0.000	0.012
3.023	0.0474	0.014	0.668	0.0122	0.000	0.011
3.028	0.0269	0.007	0.655	0.0148	0.000	0.012
3.033	0.0151	0.007	0.667	0.0191	0.000	0.011
3.038	0.0241	0.007	0.706	0.0072	0.000	0.011
3.043	0.0411	0.007	0.706	0.0100	0.000	0.010
3.048	0.0431	0.009	0.666	0.0169	0.000	0.015
3.053	0.0210	0.007	0.671	0.0185	0.000	0.019
3.058	0.0132	0.007	0.681	0.0173	0.000	0.020
3.063	0.0220	0.007	0.677	0.0179	0.000	0.020
3.068	0.0319	0.009	0.706	0.0170	0.000	0.019
3.073	0.0403	0.007	0.710	0.0159	0.000	0.017
3.078	0.0359	0.007	0.680	0.0138	0.000	0.016
3.083	0.0236	0.007	0.678	0.0150	0.000	0.015
3.088	0.0171	0.009	0.675	0.0193	0.000	0.016
3.093	0.0247	0.007	0.679	0.0156	0.000	0.022
3.098	0.0401	0.014	0.705	0.0087	0.000	0.025
3.103	0.0496	0.007	0.706	0.0132	0.000	0.031
3.108	0.0561	0.009	0.684	0.0126	0.000	0.029
3.113	0.0448	0.007	0.709	0.0127	0.000	0.020
3.118	0.0493	0.007	0.700	0.0104	0.000	0.017
3.123	0.0441	0.009	0.696	0.0073	0.000	0.017
3.128	0.0517	0.014	0.679	0.0109	0.000	0.020
3.133	0.0487	0.011	0.683	0.0161	0.000	0.026
3.138	0.0716	0.009	0.702	0.0153	0.000	0.029
3.143	0.1029	0.011	0.724	0.0169	0.000	0.029
3.148	0.0997	0.014	0.696	0.0091	0.000	0.036
3.153	0.1102	0.018	0.623	0.0163	0.001	0.065
3.158	0.1010	0.009	0.673	0.0243	0.002	0.079
3.163	0.0840	0.011	0.723	0.0084	0.003	0.110
3.168	0.0838	0.009	0.706	0.0122	0.003	0.129
3.173	0.0900	0.018	0.701	0.0197	0.002	0.135
3.178	0.0940	0.016	0.722	0.0091	0.004	0.141
3.183	0.0803	0.018	0.724	0.0095	0.006	0.142
3.188	0.0792	0.018	0.686	0.0154	0.005	0.135
3.193	0.0847	0.018	0.716	0.0154	0.002	0.117
3.198	0.0815	0.018	0.741	0.0092	0.002	0.094
3.203	0.0806	0.018	0.747	0.0050	0.003	0.046
3.208	0.0840	0.023	0.741	0.0070	0.002	0.044
3.213	0.0818	0.023	0.750	0.0082	0.001	0.055
3.218	0.0828	0.023	0.746	0.0072	0.001	0.065
3.223	0.0820	0.018	0.735	0.0100	0.001	0.062
3.228	0.0757	0.009	0.734	0.0068	0.001	0.041
3.233	0.0746	0.016	0.739	0.0115	0.001	0.040
3.238	0.0751	0.023	0.733	0.0162	0.001	0.039
3.243	0.0774	0.009	0.724	0.0158	0.001	0.029
3.248	0.0724	0.009	0.688	0.0157	0.000	0.027
3.253	0.0628	0.009	0.568	0.0326	0.000	0.025
3.258	0.0512	0.009	0.364	0.0467	0.000	0.024
3.263	0.0287	0.014	0.424	0.0482	0.000	0.021
3.268	0.0106	0.002	0.728	0.0238	0.000	0.017
3.273	0.0114	0.005	0.667	0.0232	0.000	0.016
3.278	0.0081	0.005	0.511	0.0325	0.000	0.021
3.283	0.0068	0.005	0.377	0.0634	0.000	0.035
3.288	0.0061	0.002	0.364	0.0724	0.000	0.036
3.293	0.0032	0.002	0.361	0.0387	0.000	0.030
3.298	0.0027	0.005	0.251	0.0460	0.000	0.040
3.302	0.0035	0.007	0.231	0.0454	0.000	0.074
3.307	0.0013	0.005	0.093	0.0456	0.001	0.145
3.312	0.0002	0.023	0.360	0.0368	0.007	0.352
3.317	0.0002	0.048	0.504	0.0155	0.030	0.492
3.322	0.0000	0.032	0.202	0.0153	0.125	0.614
3.327	0.0000	0.043	0.173	0.0323	0.093	0.600
3.332	0.0000	0.025	0.583	0.0740	0.001	0.207
3.337	0.0000	0.032	0.384	0.0277	0.000	0.140
3.342	0.0001	0.032	0.340	0.0290	0.000	0.125
3.347	0.0007	0.032	0.305	0.0226	0.001	0.145
3.352	0.0003	0.034	0.447	0.0765	0.000	0.088
3.357	0.0003	0.032	0.444	0.0342	0.000	0.052
3.362	0.0004	0.020	0.559	0.0343	0.000	0.034
3.367	0.0025	0.014	0.600	0.0298	0.000	0.031
3.372	0.0028	0.011	0.514	0.0309	0.000	0.027
3.377	0.0039	0.014	0.361	0.0325	0.000	0.027
3.382	0.0031	0.020	0.290	0.0396	0.000	0.031
3.387	0.0059	0.009	0.402	0.0506	0.000	0.028
3.392	0.0032	0.020	0.539	0.0347	0.000	0.022
3.397	0.0036	0.014	0.593	0.0308	0.000	0.018
3.402	0.0051	0.011	0.678	0.0260	0.000	0.013
3.407	0.0061	0.009	0.730	0.0124	0.000	0.011
3.412	0.0084	0.009	0.709	0.0163	0.000	0.009
3.417	0.0118	0.009	0.683	0.0322	0.000	0.008
3.422	0.0122	0.009	0.693	0.0248	0.000	0.007
3.427	0.0151	0.014	0.677	0.0180	0.000	0.007
3.432	0.0137	0.007	0.685	0.0159	0.000	0.008
3.437	0.0150	0.009	0.688	0.0129	0.000	0.008
3.442	0.0278	0.009	0.684	0.0116	0.000	0.007
3.447	0.0319	0.007	0.706	0.0120	0.000	0.006
3.452	0.0421	0.009	0.694	0.0171	0.000	0.006
3.457	0.0345	0.007	0.655	0.0148	0.000	0.010
3.462	0.0301	0.007	0.642	0.0185	0.000	0.019
3.467	0.0235	0.009	0.502	0.0276	0.000	0.028
3.472	0.0338	0.011	0.601	0.0246	0.000	0.019
3.477	0.0454	0.007	0.710	0.0095	0.000	0.020
3.482	0.0767	0.009	0.708	0.0096	0.000	0.028
3.487	0.0563	0.009	0.674	0.0171	0.001	0.041
3.492	0.0459	0.011	0.668	0.0127	0.001	0.068
3.497	0.0405	0.007	0.641	0.0175	0.001	0.084
3.502	0.0373	0.016	0.619	0.0157	0.002	0.125
3.507	0.0344	0.014	0.629	0.0218	0.003	0.175
3.512	0.0592	0.014	0.602	0.0224	0.004	0.199
3.517	0.0353	0.011	0.561	0.0162	0.003	0.187
3.522	0.0217	0.009	0.442	0.0201	0.002	0.104
3.527	0.0327	0.002	0.354	0.0253	0.003	0.067
3.532	0.0185	0.018	0.224	0.0222	0.005	0.094
3.537	0.0184	0.030	0.143	0.0305	0.009	0.123
3.542	0.0180	0.034	0.240	0.0285	0.012	0.152
3.547	0.0115	0.032	0.174	0.0258	0.016	0.195
3.552	0.0103	0.034	0.254	0.0222	0.016	0.215
3.557	0.0082	0.034	0.258	0.0174	0.011	0.201
3.562	0.0088	0.025	0.271	0.0184	0.011	0.201
3.567	0.0093	0.011	0.188	0.0343	0.010	0.175
3.572	0.0042	0.030	0.295	0.0306	0.005	0.136
3.577	0.0040	0.018	0.093	0.0652	0.002	0.123
3.582	0.0037	0.011	0.275	0.0894	0.000	0.103
3.587	0.0033	0.007	0.362	0.0945	0.000	0.073
3.592	0.0013	0.000	0.406	0.1377	0.000	0.105
3.597	0.0006	0.002	0.172	0.0666	0.001	0.159
3.602	0.0003	0.009	0.723	0.0959	0.001	0.199
3.607	0.0001	0.009	0.806	0.0260	0.001	0.196
3.612	0.0004	0.009	0.691	0.0324	0.001	0.237
3.617	0.0004	0.007	0.190	0.0802	0.002	0.200
3.622	0.0003	0.009	0.677	0.0837	0.000	0.065
3.627	0.0002	0.014	0.821	0.0469	0.000	0.037
3.632	0.0008	0.009	0.877	0.0139	0.000	0.034
3.637	0.0035	0.009	0.794	0.0297	0.000	0.042
3.642	0.0038	0.009	0.709	0.0305	0.000	0.041
3.647	0.0021	0.007	0.581	0.0227	0.000	0.035
3.652	0.0027	0.009	0.571	0.0195	0.000	0.067
3.657	0.0038	0.009	0.503	0.0224	0.002	0.107
3.662	0.0040	0.009	0.415	0.0129	0.127	0.420
3.667	0.0053	0.014	0.408	0.0094	0.269	0.492
3.672	0.0062	0.059	0.449	0.0124	0.191	0.504
3.677	0.0094	0.111	0.543	0.0129	0.137	0.503
3.682	0.0131	0.068	0.604	0.0100	0.125	0.485
3.687	0.0187	0.057	0.598	0.0109	0.117	0.462
3.692	0.0181	0.048	0.596	0.0104	0.103	0.429
3.697	0.0191	0.041	0.606	0.0104	0.101	0.428
3.702	0.0187	0.041	0.613	0.0103	0.077	0.386
3.707	0.0163	0.045	0.651	0.0118	0.058	0.375
3.712	0.0162	0.032	0.643	0.0106	0.042	0.326
3.717	0.0164	0.018	0.665	0.0143	0.045	0.313
3.722	0.0235	0.020	0.628	0.0122	0.043	0.270
3.727	0.0223	0.023	0.546	0.0142	0.040	0.266
3.732	0.0250	0.032	0.479	0.0233	0.031	0.246
3.737	0.0163	0.018	0.448	0.0269	0.021	0.203
3.741	0.0249	0.016	0.555	0.0139	0.024	0.168
3.746	0.0401	0.020	0.450	0.0263	0.022	0.165
3.751	0.0472	0.020	0.459	0.0209	0.016	0.179
3.756	0.0418	0.016	0.655	0.0299	0.012	0.145
3.761	0.0287	0.009	0.709	0.0319	0.005	0.116
3.766	0.0557	0.011	0.730	0.0157	0.003	0.098
3.771	0.0576	0.007	0.617	0.0281	0.003	0.092
3.776	0.0503	0.007	0.464	0.0285	0.004	0.081
3.781	0.0497	0.011	0.332	0.0311	0.003	0.053
3.786	0.0386	0.009	0.520	0.0267	0.004	0.036
3.791	0.0180	0.025	0.260	0.0425	0.007	0.053
3.796	0.0044	0.018	0.150	0.0311	0.003	0.070
3.801	0.0018	0.025	0.225	0.0561	0.002	0.106
3.806	0.0016	0.005	0.337	0.0976	0.000	0.106
3.811	0.0004	0.007	0.664	0.0212	0.000	0.112
3.816	0.0012	0.007	0.540	0.0347	0.000	0.156
3.821	0.0008	0.005	0.306	0.0316	0.003	0.290
3.826	0.0003	0.005	0.300	0.0375	0.009	0.357
3.831	0.0001	0.014	0.204	0.0592	0.000	0.138
3.836	0.0000	0.025	0.416	0.0658	0.000	0.054
3.841	0.0004	0.005	0.314	0.0515	0.000	0.018
3.846	0.0013	0.007	0.415	0.0512	0.000	0.013
3.851	0.0053	0.005	0.583	0.0238	0.000	0.014
3.856	0.0029	0.005	0.514	0.0221	0.000	0.016
3.861	0.0045	0.005	0.342	0.0411	0.000	0.010
3.866	0.0065	0.005	0.455	0.0564	0.000	0.008
3.871	0.0123	0.005	0.634	0.0202	0.000	0.010
3.876	0.0204	0.007	0.708	0.0135	0.000	0.013
3.881	0.0374	0.009	0.682	0.0142	0.000	0.020
3.886	0.0468	0.009	0.683	0.0175	0.000	0.026
3.891	0.0508	0.009	0.668	0.0166	0.000	0.032
3.896	0.0553	0.009	0.676	0.0188	0.000	0.040
3.901	0.0619	0.011	0.705	0.0167	0.000	0.057
3.906	0.0705	0.014	0.719	0.0174	0.001	0.070
3.911	0.0858	0.011	0.711	0.0174	0.001	0.084
3.916	0.1175	0.009	0.722	0.0145	0.001	0.090
3.921	0.1345	0.009	0.761	0.0145	0.001	0.093
3.926	0.1220	0.018	0.743	0.0164	0.001	0.099
3.931	0.1288	0.020	0.750	0.0185	0.001	0.113
3.936	0.1096	0.030	0.777	0.0085	0.001	0.116
3.941	0.0831	0.032	0.761	0.0150	0.003	0.109
3.946	0.0935	0.025	0.756	0.0085	0.003	0.108
3.951	0.1000	0.032	0.761	0.0094	0.003	0.120
3.956	0.1171	0.020	0.761	0.0076	0.003	0.131
3.961	0.1030	0.025	0.769	0.0117	0.004	0.139
3.966	0.0921	0.023	0.779	0.0084	0.004	0.126
3.971	0.0549	0.025	0.754	0.0106	0.005	0.136
3.976	0.0663	0.030	0.742	0.0073	0.007	0.147
3.981	0.0668	0.034	0.742	0.0128	0.007	0.139
3.986	0.0918	0.014	0.757	0.0068	0.010	0.134
3.991	0.0824	0.025	0.773	0.0072	0.010	0.142
3.996	0.0823	0.018	0.761	0.0110	0.009	0.144
4.001	0.0690	0.018	0.649	0.0152	0.007	0.135
4.006	0.0413	0.020	0.552	0.0250	0.008	0.144
4.011	0.0335	0.018	0.567	0.0517	0.001	0.114
4.016	0.0163	0.002	0.698	0.0250	0.000	0.058
4.021	0.0169	0.005	0.613	0.0213	0.000	0.068
4.026	0.0149	0.005	0.528	0.0192	0.002	0.120
4.031	0.0159	0.005	0.594	0.0436	0.001	0.140
4.036	0.0146	0.002	0.669	0.0179	0.000	0.097
4.041	0.0175	0.005	0.550	0.0270	0.000	0.046
4.046	0.0152	0.005	0.503	0.0378	0.000	0.045
4.051	0.0066	0.005	0.567	0.0261	0.000	0.053
4.056	0.0106	0.002	0.371	0.0236	0.001	0.064
4.061	0.0119	0.018	0.384	0.0764	0.000	0.042
4.066	0.0067	0.007	0.459	0.0067	0.000	0.034
4.071	0.0109	0.005	0.399	0.0191	0.001	0.171
4.076	0.0047	0.007	0.450	0.0346	0.002	0.196
4.081	0.0038	0.005	0.383	0.0164	0.028	0.391
4.086	0.0088	0.016	0.368	0.0175	0.069	0.455
4.091	0.0044	0.032	0.248	0.0156	0.072	0.474
4.096	0.0089	0.041	0.335	0.0403	0.027	0.345
4.101	0.0063	0.061	0.470	0.0278	0.005	0.166
4.106	0.0126	0.027	0.570	0.0208	0.003	0.132
4.111	0.0404	0.014	0.724	0.0129	0.004	0.118
4.116	0.0869	0.018	0.735	0.0100	0.004	0.123
4.121	0.1080	0.009	0.701	0.0142	0.003	0.140
4.126	0.0985	0.009	0.713	0.0100	0.004	0.140
4.131	0.0858	0.009	0.748	0.0066	0.005	0.140
4.136	0.0876	0.014	0.739	0.0056	0.005	0.125
4.141	0.0860	0.018	0.712	0.0080	0.006	0.122
4.146	0.0818	0.014	0.717	0.0072	0.008	0.128
4.151	0.0772	0.014	0.725	0.0091	0.010	0.131
4.156	0.0707	0.014	0.726	0.0089	0.007	0.139
4.161	0.0691	0.018	0.639	0.0190	0.004	0.122
4.166	0.0714	0.023	0.652	0.0121	0.006	0.111
4.171	0.0732	0.027	0.553	0.0136	0.006	0.111
4.176	0.0968	0.018	0.535	0.0246	0.006	0.117
4.180	0.0812	0.014	0.514	0.0204	0.006	0.132
4.185	0.0665	0.016	0.497	0.0220	0.006	0.145
4.190	0.0464	0.014	0.624	0.0158	0.007	0.171
4.195	0.0258	0.016	0.574	0.0125	0.011	0.208
4.200	0.0191	0.007	0.496	0.0177	0.018	0.242
4.205	0.0094	0.018	0.488	0.0131	0.026	0.267
4.210	0.0104	0.020	0.543	0.0130	0.028	0.272
4.215	0.0178	0.043	0.586	0.0151	0.037	0.294
4.220	0.0187	0.055	0.616	0.0244	0.030	0.297
4.225	0.0088	0.018	0.605	0.0156	0.021	0.273
4.230	0.0065	0.041	0.586	0.0181	0.015	0.263
4.235	0.0082	0.020	0.625	0.0176	0.012	0.243
4.240	0.0109	0.014	0.613	0.0264	0.007	0.193
4.245	0.0219	0.023	0.632	0.0223	0.004	0.158
4.250	0.0274	0.020	0.677	0.0207	0.003	0.132
4.255	0.0324	0.009	0.692	0.0167	0.004	0.133
4.260	0.0387	0.009	0.733	0.0124	0.003	0.114
4.265	0.0421	0.009	0.739	0.0101	0.003	0.103
4.270	0.0454	0.018	0.716	0.0093	0.004	0.111
4.275	0.0474	0.016	0.705	0.0106	0.006	0.121
4.280	0.0414	0.014	0.712	0.0185	0.004	0.125
4.285	0.0358	0.009	0.679	0.0193	0.003	0.108
4.290	0.0329	0.009	0.550	0.0178	0.002	0.103
4.295	0.0276	0.009	0.483	0.0290	0.001	0.096
4.300	0.0140	0.007	0.667	0.0325	0.000	0.070
4.305	0.0112	0.009	0.703	0.0259	0.000	0.061
4.310	0.0111	0.005	0.699	0.0149	0.000	0.046
4.315	0.0112	0.009	0.712	0.0162	0.000	0.037
4.320	0.0127	0.005	0.704	0.0218	0.000	0.030
4.325	0.0136	0.005	0.738	0.0238	0.000	0.025
4.330	0.0121	0.005	0.723	0.0217	0.000	0.026
4.335	0.0107	0.005	0.670	0.0313	0.000	0.070
4.340	0.0116	0.005	0.662	0.0243	0.009	0.332
4.345	0.0130	0.002	0.639	0.0083	0.014	0.396
4.350	0.0129	0.009	0.545	0.0197	0.016	0.379
4.355	0.0196	0.011	0.629	0.0213	0.016	0.314
4.360	0.0246	0.018	0.691	0.0084	0.016	0.234
4.365	0.0245	0.009	0.678	0.0078	0.014	0.218
4.370	0.0255	0.009	0.718	0.0079	0.012	0.206
4.375	0.0260	0.018	0.678	0.0127	0.011	0.206
4.380	0.0279	0.011	0.659	0.0116	0.004	0.178
4.385	0.0301	0.014	0.687	0.0145	0.002	0.137
4.390	0.0377	0.009	0.704	0.0193	0.001	0.103
4.395	0.0628	0.009	0.724	0.0135	0.000	0.090
4.400	0.0720	0.009	0.733	0.0131	0.000	0.072
4.405	0.0731	0.007	0.734	0.0077	0.000	0.070
4.410	0.0696	0.009	0.723	0.0119	0.000	0.078
4.415	0.0715	0.009	0.730	0.0126	0.000	0.078
4.420	0.0735	0.009	0.751	0.0076	0.000	0.066
4.425	0.0745	0.009	0.740	0.0083	0.000	0.063
4.430	0.0733	0.009	0.729	0.0151	0.000	0.063
4.435	0.0714	0.011	0.748	0.0115	0.000	0.064
4.440	0.0734	0.009	0.751	0.0290	0.000	0.062
4.445	0.0761	0.014	0.750	0.0144	0.000	0.068
4.450	0.0724	0.014	0.767	0.0141	0.000	0.066
4.455	0.0587	0.014	0.768	0.0165	0.000	0.055
4.460	0.0484	0.020	0.750	0.0110	0.000	0.066
4.465	0.0485	0.018	0.769	0.0073	0.000	0.071
4.470	0.0619	0.016	0.761	0.0079	0.000	0.075
4.475	0.0635	0.014	0.747	0.0088	0.001	0.080
4.480	0.0720	0.016	0.762	0.0097	0.001	0.090
4.485	0.0784	0.014	0.752	0.0111	0.001	0.093
4.490	0.0643	0.025	0.686	0.0135	0.001	0.115
4.495	0.0602	0.018	0.596	0.0283	0.002	0.134
4.500	0.0382	0.014	0.553	0.0745	0.000	0.078
4.505	0.0125	0.005	0.732	0.0167	0.000	0.072
4.510	0.0195	0.005	0.723	0.0087	0.001	0.108
4.515	0.0215	0.005	0.705	0.0323	0.000	0.076
4.520	0.0216	0.005	0.707	0.0153	0.000	0.031
4.525	0.0199	0.002	0.715	0.0186	0.000	0.026
4.530	0.0182	0.005	0.678	0.0176	0.000	0.025
4.535	0.0143	0.005	0.639	0.0187	0.000	0.026
4.540	0.0082	0.005	0.671	0.0245	0.000	0.025
4.545	0.0088	0.002	0.673	0.0264	0.000	0.023
4.550	0.0084	0.005	0.595	0.0300	0.000	0.027
4.555	0.0094	0.005	0.610	0.0319	0.000	0.094
4.560	0.0094	0.002	0.630	0.0174	0.008	0.314
4.565	0.0082	0.005	0.425	0.0231	0.027	0.421
4.570	0.0061	0.023	0.374	0.0315	0.033	0.428
4.575	0.0090	0.039	0.408	0.0295	0.013	0.332
4.580	0.0105	0.027	0.527	0.0207	0.003	0.182
4.585	0.0255	0.014	0.624	0.0126	0.004	0.147
4.590	0.0532	0.009	0.742	0.0118	0.004	0.110
4.595	0.0947	0.018	0.742	0.0070	0.003	0.113
4.600	0.1118	0.023	0.672	0.0139	0.003	0.123
4.605	0.1070	0.018	0.686	0.0135	0.004	0.114
4.610	0.1048	0.023	0.690	0.0102	0.006	0.119
4.615	0.1045	0.023	0.614	0.0122	0.006	0.120
4.620	0.1053	0.011	0.404	0.0208	0.012	0.147
4.624	0.0763	0.014	0.239	0.0263	0.027	0.188
4.629	0.0302	0.020	0.345	0.0226	0.031	0.248
4.634	0.0177	0.030	0.347	0.0140	0.052	0.376
4.639	0.0099	0.039	0.274	0.0156	0.092	0.430
4.644	0.0173	0.041	0.186	0.0162	0.106	0.410
4.649	0.0090	0.068	0.145	0.0158	0.233	0.415
4.654	0.0083	0.082	0.159	0.0149	0.212	0.398
4.659	0.0076	0.066	0.188	0.0408	0.070	0.320
4.664	0.0025	0.030	0.404	0.0396	0.003	0.150
4.669	0.0014	0.023	0.248	0.0225	0.017	0.231
4.674	0.0023	0.023	0.275	0.0148	0.110	0.348
4.679	0.0035	0.014	0.175	0.0160	0.174	0.384
4.684	0.0055	0.057	0.155	0.0185	0.183	0.374
4.689	0.0036	0.075	0.210	0.0107	0.154	0.404
4.694	0.0086	0.075	0.319	0.0171	0.264	0.457
4.699	0.0084	0.095	0.397	0.0097	0.216	0.370
4.704	0.0096	0.091	0.345	0.0099	0.172	0.360
4.709	0.0424	0.068	0.124	0.0412	0.066	0.329
4.714	0.0109	0.066	0.423	0.0223	0.021	0.208
4.719	0.0138	0.034	0.475	0.0162	0.010	0.154
4.724	0.0585	0.018	0.406	0.0248	0.006	0.116
4.729	0.0773	0.023	0.508	0.0171	0.005	0.119
4.734	0.1055	0.041	0.626	0.0128	0.006	0.120
4.739	0.0909	0.027	0.652	0.0156	0.004	0.106
4.744	0.0672	0.036	0.678	0.0147	0.003	0.090
4.749	0.0611	0.027	0.675	0.0122	0.003	0.091
4.754	0.0833	0.018	0.706	0.0132	0.002	0.093
4.759	0.0889	0.020	0.736	0.0089	0.001	0.087
4.764	0.1019	0.020	0.717	0.0120	0.001	0.071
4.769	0.1159	0.025	0.687	0.0164	0.001	0.082
4.774	0.1041	0.025	0.690	0.0116	0.001	0.078
4.779	0.1024	0.027	0.725	0.0089	0.001	0.075
4.784	0.1125	0.020	0.728	0.0071	0.001	0.071
4.789	0.1114	0.020	0.716	0.0103	0.001	0.076
4.794	0.1068	0.020	0.735	0.0080	0.001	0.073
4.799	0.1118	0.027	0.714	0.0071	0.001	0.084
4.804	0.1478	0.025	0.734	0.0065	0.001	0.079
4.809	0.1571	0.027	0.689	0.0119	0.001	0.091
4.814	0.1587	0.027	0.702	0.0124	0.001	0.091
4.819	0.1574	0.027	0.723	0.0083	0.001	0.093
4.824	0.1517	0.023	0.684	0.0114	0.001	0.097
4.829	0.1400	0.016	0.675	0.0125	0.002	0.109
4.834	0.1217	0.018	0.629	0.0160	0.004	0.124
4.839	0.0895	0.030	0.643	0.0153	0.004	0.131
4.844	0.0644	0.018	0.633	0.0159	0.003	0.127
4.849	0.0616	0.011	0.598	0.0198	0.002	0.131
4.854	0.0469	0.014	0.545	0.0181	0.003	0.147
4.859	0.0433	0.007	0.550	0.0197	0.004	0.138
4.864	0.0335	0.034	0.515	0.0166	0.003	0.142
4.869	0.0304	0.018	0.362	0.0152	0.006	0.200
4.874	0.0328	0.014	0.386	0.0208	0.014	0.294
4.879	0.0240	0.007	0.420	0.0180	0.031	0.398
4.884	0.0076	0.027	0.445	0.0127	0.033	0.432
4.889	0.0079	0.075	0.373	0.0146	0.021	0.394
4.894	0.0063	0.025	0.353	0.0152	0.018	0.363
4.899	0.0051	0.039	0.462	0.0305	0.003	0.226
4.904	0.0025	0.023	0.592	0.0239	0.001	0.134
4.909	0.0032	0.014	0.622	0.0177	0.000	0.096
4.914	0.0025	0.018	0.609	0.0224	0.000	0.097
4.919	0.0024	0.011	0.644	0.0162	0.000	0.091
4.924	0.0027	0.027	0.632	0.0116	0.001	0.127
4.929	0.0022	0.027	0.635	0.0105	0.008	0.326
4.934	0.0016	0.032	0.537	0.0112	0.038	0.493
4.939	0.0019	0.045	0.407	0.0086	0.335	0.676
4.944	0.0022	0.061	0.259	0.0094	0.412	0.688
4.949	0.0029	0.148	0.167	0.0104	0.573	0.702
4.954	0.0022	0.123	0.140	0.0097	0.653	0.714
4.959	0.0040	0.186	0.254	0.0184	0.446	0.648
4.964	0.0039	0.161	0.348	0.0284	0.146	0.549
4.969	0.0043	0.109	0.535	0.0212	0.053	0.407
4.974	0.0062	0.041	0.629	0.0138	0.043	0.376
4.979	0.0135	0.023	0.648	0.0159	0.022	0.280
4.984	0.0286	0.016	0.725	0.0089	0.025	0.255
4.989	0.0358	0.009	0.724	0.0134	0.019	0.262
4.994	0.0276	0.014	0.661	0.0071	0.014	0.256
4.999	0.0181	0.009	0.659	0.0082	0.013	0.251
5.004	0.0128	0.014	0.661	0.0176	0.013	0.255
5.009	0.0151	0.007	0.662	0.0147	0.010	0.266
5.014	0.0212	0.005	0.702	0.0213	0.011	0.265
5.019	0.0276	0.002	0.704	0.0200	0.014	0.278
5.024	0.0227	0.005	0.659	0.0073	0.014	0.273
5.029	0.0111	0.005	0.651	0.0073	0.014	0.274
5.034	0.0115	0.005	0.655	0.0130	0.020	0.281
5.039	0.0139	0.007	0.641	0.0110	0.029	0.282
5.044	0.0214	0.023	0.702	0.0165	0.024	0.284
5.049	0.0309	0.030	0.741	0.0263	0.009	0.197
5.054	0.0338	0.014	0.674	0.0138	0.006	0.164
5.059	0.0189	0.005	0.584	0.0238	0.005	0.141
5.063	0.0093	0.014	0.590	0.0163	0.004	0.136
5.068	0.0152	0.002	0.637	0.0125	0.003	0.131
5.073	0.0132	0.018	0.662	0.0304	0.002	0.141
5.078	0.0167	0.011	0.653	0.0178	0.002	0.167
5.083	0.0087	0.005	0.616	0.0135	0.002	0.184
5.088	0.0041	0.018	0.598	0.0101	0.009	0.297
5.093	0.0097	0.020	0.484	0.0125	0.023	0.348
5.098	0.0096	0.027	0.458	0.0158	0.021	0.307
5.103	0.0064	0.034	0.434	0.0160	0.018	0.278
5.108	0.0085	0.041	0.487	0.0270	0.012	0.218
5.113	0.0109	0.020	0.590	0.0283	0.007	0.178
5.118	0.0297	0.030	0.683	0.0179	0.002	0.127
5.123	0.0425	0.009	0.710	0.0142	0.002	0.109
5.128	0.0441	0.011	0.699	0.0138	0.002	0.089
5.133	0.0350	0.007	0.625	0.0170	0.001	0.082
5.138	0.0251	0.014	0.602	0.0171	0.001	0.077
5.143	0.0362	0.011	0.641	0.0142	0.001	0.068
5.148	0.0568	0.011	0.662	0.0118	0.001	0.063
5.153	0.0765	0.016	0.665	0.0130	0.000	0.062
5.158	0.0632	0.011	0.656	0.0146	0.001	0.065
5.163	0.0442	0.011	0.658	0.0091	0.001	0.061
5.168	0.0503	0.011	0.668	0.0099	0.001	0.071
5.173	0.0608	0.009	0.704	0.0075	0.001	0.081
5.178	0.0894	0.014	0.682	0.0153	0.001	0.080
5.183	0.0833	0.020	0.652	0.0105	0.001	0.078
5.188	0.0402	0.016	0.669	0.0105	0.001	0.089
5.193	0.0458	0.014	0.671	0.0118	0.002	0.092
5.198	0.0634	0.016	0.573	0.0228	0.001	0.084
5.203	0.0855	0.016	0.541	0.0255	0.001	0.077
5.208	0.0794	0.014	0.450	0.0313	0.001	0.076
5.213	0.0397	0.009	0.543	0.0246	0.001	0.079
5.218	0.0089	0.016	0.650	0.0326	0.001	0.096
5.223	0.0423	0.007	0.672	0.0156	0.001	0.082
5.228	0.0572	0.011	0.675	0.0123	0.001	0.062
5.233	0.0294	0.014	0.636	0.0166	0.001	0.072
5.238	0.0172	0.009	0.499	0.0183	0.001	0.097
5.243	0.0371	0.009	0.545	0.0224	0.001	0.087
5.248	0.0626	0.011	0.599	0.0217	0.001	0.082
5.253	0.0840	0.009	0.597	0.0172	0.001	0.096
5.258	0.0464	0.016	0.629	0.0177	0.002	0.094
5.263	0.0468	0.014	0.622	0.0125	0.002	0.092
5.268	0.0663	0.016	0.600	0.0172	0.002	0.095
5.273	0.0874	0.011	0.573	0.0137	0.002	0.098
5.278	0.0361	0.016	0.476	0.0152	0.002	0.120
5.283	0.0608	0.014	0.500	0.0165	0.002	0.134
5.288	0.0580	0.009	0.370	0.0146	0.004	0.150
5.293	0.0680	0.018	0.332	0.0210	0.005	0.166
5.298	0.0271	0.020	0.136	0.0292	0.009	0.218
5.303	0.0116	0.034	0.274	0.0236	0.007	0.234
5.308	0.0120	0.036	0.288	0.0311	0.006	0.237
5.313	0.0056	0.025	0.281	0.0212	0.002	0.156
5.318	0.0081	0.014	0.199	0.0322	0.003	0.182
5.323	0.0029	0.016	0.261	0.0248	0.019	0.321
5.328	0.0017	0.034	0.416	0.0217	0.019	0.323
5.333	0.0020	0.041	0.165	0.0164	0.044	0.400
5.338	0.0017	0.023	0.270	0.0199	0.191	0.490
5.343	0.0015	0.059	0.281	0.0125	0.209	0.498
5.348	0.0017	0.066	0.253	0.0071	0.271	0.479
5.353	0.0099	0.091	0.187	0.0146	0.327	0.529
5.358	0.0067	0.109	0.141	0.0190	0.355	0.524
5.363	0.0031	0.107	0.241	0.0209	0.226	0.430
5.368	0.0039	0.077	0.452	0.0272	0.067	0.347
5.373	0.0076	0.068	0.420	0.0197	0.047	0.324
5.378	0.0101	0.011	0.460	0.0264	0.031	0.266
5.383	0.0067	0.030	0.554	0.0188	0.014	0.215
5.388	0.0225	0.020	0.610	0.0250	0.004	0.142
5.393	0.0512	0.023	0.638	0.0170	0.003	0.126
5.398	0.0671	0.014	0.696	0.0159	0.003	0.098
5.403	0.0469	0.014	0.714	0.0107	0.003	0.081
5.408	0.0475	0.011	0.694	0.0147	0.003	0.079
5.413	0.0537	0.011	0.663	0.0134	0.002	0.082
5.418	0.0595	0.009	0.731	0.0091	0.002	0.074
5.423	0.0575	0.009	0.700	0.0124	0.001	0.075
5.428	0.0534	0.009	0.735	0.0095	0.001	0.083
5.433	0.0551	0.009	0.740	0.0077	0.001	0.080
5.438	0.0611	0.009	0.737	0.0078	0.001	0.076
5.443	0.0638	0.007	0.736	0.0097	0.001	0.071
5.448	0.0627	0.014	0.698	0.0170	0.001	0.064
5.453	0.0670	0.014	0.734	0.0090	0.001	0.069
5.458	0.0849	0.009	0.682	0.0156	0.001	0.076
5.463	0.0991	0.014	0.693	0.0201	0.001	0.065
5.468	0.1061	0.016	0.697	0.0144	0.001	0.069
5.473	0.1078	0.014	0.696	0.0150	0.001	0.066
5.478	0.1205	0.011	0.686	0.0189	0.001	0.057
5.483	0.1308	0.014	0.700	0.0185	0.000	0.053
5.488	0.1260	0.011	0.663	0.0158	0.000	0.060
5.493	0.1238	0.014	0.550	0.0188	0.001	0.073
5.498	0.1050	0.011	0.486	0.0296	0.002	0.101
5.502	0.0816	0.016	0.599	0.0189	0.003	0.107
5.507	0.0708	0.016	0.656	0.0156	0.002	0.101
5.512	0.1111	0.016	0.687	0.0151	0.002	0.120
5.517	0.1256	0.014	0.659	0.0164	0.002	0.127
5.522	0.0794	0.014	0.621	0.0146	0.002	0.120
5.527	0.0781	0.020	0.571	0.0119	0.003	0.122
5.532	0.0950	0.018	0.599	0.0155	0.004	0.136
5.537	0.0798	0.025	0.601	0.0136	0.004	0.139
5.542	0.1165	0.018	0.573	0.0114	0.006	0.148
5.547	0.0608	0.018	0.526	0.0177	0.006	0.141
5.552	0.0330	0.030	0.535	0.0161	0.004	0.117
5.557	0.0610	0.014	0.533	0.0176	0.003	0.129
5.562	0.0841	0.020	0.569	0.0185	0.005	0.148
5.567	0.0994	0.018	0.416	0.0162	0.010	0.218
5.572	0.0607	0.023	0.335	0.0256	0.016	0.267
5.577	0.0369	0.023	0.402	0.0159	0.008	0.199
5.582	0.0244	0.016	0.453	0.0254	0.004	0.185
5.587	0.0398	0.032	0.495	0.0149	0.005	0.186
5.592	0.0559	0.011	0.493	0.0170	0.006	0.209
5.597	0.0195	0.036	0.496	0.0284	0.003	0.222
5.602	0.0124	0.036	0.555	0.0220	0.001	0.142
5.607	0.0155	0.007	0.582	0.0207	0.000	0.046
5.612	0.0198	0.007	0.575	0.0116	0.000	0.060
5.617	0.0099	0.005	0.563	0.0160	0.000	0.064
5.622	0.0082	0.002	0.571	0.0288	0.000	0.042
5.627	0.0108	0.014	0.514	0.0414	0.000	0.038
5.632	0.0103	0.002	0.493	0.0538	0.000	0.041
5.637	0.0028	0.011	0.436	0.0319	0.000	0.044
5.642	0.0077	0.005	0.509	0.0364	0.000	0.039
5.647	0.0034	0.002	0.177	0.0185	0.000	0.084
5.652	0.0043	0.007	0.142	0.0207	0.104	0.457
5.657	0.0023	0.016	0.222	0.0067	0.241	0.589
5.662	0.0027	0.023	0.160	0.0094	0.282	0.582
5.667	0.0114	0.114	0.247	0.0185	0.217	0.514
5.672	0.0129	0.114	0.226	0.0187	0.130	0.441
5.677	0.0173	0.070	0.271	0.0217	0.070	0.412
5.682	0.0142	0.050	0.127	0.0186	0.054	0.398
5.687	0.0153	0.016	0.326	0.0290	0.014	0.254
5.692	0.0145	0.064	0.561	0.0162	0.007	0.180
5.697	0.0211	0.016	0.611	0.0117	0.004	0.152
5.702	0.0395	0.014	0.656	0.0112	0.006	0.165
5.707	0.0778	0.016	0.601	0.0138	0.007	0.149
5.712	0.0889	0.018	0.596	0.0137	0.009	0.152
5.717	0.0355	0.018	0.689	0.0075	0.010	0.142
5.722	0.0366	0.016	0.653	0.0100	0.010	0.158
5.727	0.0401	0.016	0.554	0.0151	0.017	0.191
5.732	0.0412	0.034	0.654	0.0195	0.011	0.187
5.737	0.0656	0.016	0.656	0.0128	0.007	0.159
5.742	0.0892	0.014	0.592	0.0196	0.005	0.145
5.747	0.0474	0.009	0.680	0.0115	0.004	0.151
5.752	0.0392	0.011	0.613	0.0118	0.004	0.145
5.757	0.0432	0.018	0.585	0.0237	0.001	0.090
5.762	0.0591	0.016	0.555	0.0161	0.001	0.088
5.767	0.0993	0.014	0.377	0.0271	0.001	0.101
5.772	0.0539	0.009	0.175	0.0510	0.001	0.098
5.777	0.0146	0.016	0.192	0.0353	0.001	0.111
5.782	0.0198	0.011	0.414	0.0297	0.001	0.113
5.787	0.0275	0.011	0.583	0.0187	0.001	0.097
5.792	0.0383	0.016	0.651	0.0096	0.001	0.085
5.797	0.0344	0.011	0.647	0.0115	0.001	0.078
5.802	0.0500	0.014	0.627	0.0120	0.001	0.077
5.807	0.0683	0.016	0.624	0.0123	0.001	0.080
5.812	0.0770	0.011	0.602	0.0146	0.002	0.085
5.817	0.0403	0.009	0.606	0.0127	0.001	0.088
5.822	0.0237	0.011	0.641	0.0145	0.001	0.096
5.827	0.0244	0.023	0.648	0.0157	0.002	0.104
5.832	0.0604	0.027	0.680	0.0113	0.003	0.120
5.837	0.0561	0.018	0.647	0.0119	0.004	0.133
5.842	0.0337	0.027	0.548	0.0231	0.003	0.131
5.847	0.0207	0.016	0.494	0.0334	0.003	0.103
5.852	0.0216	0.016	0.531	0.0325	0.002	0.083
5.857	0.0356	0.007	0.691	0.0165	0.002	0.062
5.862	0.0264	0.007	0.670	0.0088	0.002	0.061
5.867	0.0175	0.007	0.664	0.0132	0.002	0.068
5.872	0.0190	0.007	0.685	0.0226	0.002	0.071
5.877	0.0284	0.007	0.680	0.0261	0.003	0.069
5.882	0.0227	0.007	0.650	0.0105	0.004	0.082
5.887	0.0127	0.009	0.653	0.0077	0.007	0.088
5.892	0.0110	0.007	0.656	0.0179	0.007	0.100
5.897	0.0119	0.011	0.652	0.0155	0.006	0.103
5.902	0.0153	0.007	0.509	0.0164	0.006	0.148
5.907	0.0111	0.007	0.352	0.0238	0.022	0.188
5.912	0.0069	0.009	0.392	0.0185	0.032	0.216
5.917	0.0060	0.039	0.506	0.0124	0.035	0.249
5.922	0.0102	0.055	0.523	0.0121	0.032	0.241
5.927	0.0194	0.039	0.615	0.0118	0.020	0.203
5.932	0.0254	0.036	0.567	0.0097	0.030	0.224
5.937	0.0156	0.034	0.588	0.0087	0.045	0.247
5.941	0.0074	0.052	0.566	0.0116	0.050	0.269
5.946	0.0108	0.034	0.606	0.0136	0.070	0.284
5.951	0.0250	0.032	0.616	0.0152	0.052	0.277
5.956	0.0317	0.039	0.596	0.0104	0.035	0.261
5.961	0.0114	0.030	0.540	0.0165	0.030	0.243
5.966	0.0149	0.036	0.622	0.0102	0.013	0.191
5.971	0.0291	0.034	0.625	0.0078	0.014	0.199
5.976	0.0679	0.020	0.626	0.0093	0.010	0.196
5.981	0.0262	0.041	0.632	0.0087	0.006	0.180
5.986	0.0252	0.027	0.646	0.0072	0.008	0.193
5.991	0.0450	0.043	0.633	0.0072	0.008	0.199
5.996	0.0833	0.030	0.646	0.0069	0.006	0.175
6.001	0.0316	0.032	0.628	0.0078	0.006	0.169
6.006	0.0303	0.009	0.649	0.0073	0.008	0.154
6.011	0.0451	0.020	0.646	0.0054	0.007	0.163
6.016	0.0791	0.016	0.652	0.0065	0.005	0.160
6.021	0.0259	0.023	0.646	0.0099	0.005	0.163
6.026	0.0294	0.018	0.569	0.0153	0.003	0.148
6.031	0.0593	0.020	0.524	0.0196	0.002	0.140
6.036	0.0659	0.014	0.356	0.0513	0.001	0.087
6.041	0.0199	0.016	0.603	0.0412	0.000	0.061
6.046	0.0204	0.007	0.614	0.0152	0.000	0.041
6.051	0.0408	0.007	0.664	0.0176	0.000	0.041
6.056	0.0165	0.007	0.660	0.0235	0.000	0.040
6.061	0.0224	0.007	0.582	0.0269	0.000	0.041
6.066	0.0335	0.007	0.628	0.0189	0.000	0.044
6.071	0.0230	0.005	0.648	0.0500	0.000	0.042
6.076	0.0091	0.007	0.620	0.0268	0.000	0.040
6.081	0.0243	0.007	0.631	0.0185	0.000	0.041
6.086	0.0271	0.005	0.643	0.0372	0.000	0.041
6.091	0.0066	0.007	0.541	0.0235	0.000	0.036
6.096	0.0208	0.007	0.559	0.0268	0.000	0.032
6.101	0.0208	0.005	0.603	0.0357	0.000	0.033
6.106	0.0070	0.007	0.506	0.0329	0.000	0.030
6.111	0.0256	0.005	0.636	0.0228	0.000	0.028
6.116	0.0076	0.007	0.516	0.0234	0.000	0.032
6.121	0.0190	0.005	0.558	0.0204	0.000	0.029
6.126	0.0178	0.005	0.570	0.0543	0.000	0.028
6.131	0.0050	0.007	0.561	0.0258	0.000	0.029
6.136	0.0173	0.005	0.573	0.0380	0.000	0.028
6.141	0.0043	0.005	0.469	0.0460	0.000	0.030
6.146	0.0150	0.005	0.486	0.0473	0.000	0.029
6.151	0.0011	0.002	0.394	0.0356	0.000	0.040
6.156	0.0106	0.002	0.475	0.0530	0.000	0.047
6.161	0.0025	0.002	0.362	0.0329	0.000	0.053
6.166	0.0058	0.007	0.426	0.0506	0.000	0.057
6.171	0.0043	0.002	0.489	0.0185	0.000	0.065
6.176	0.0036	0.002	0.452	0.0324	0.000	0.083
6.181	0.0032	0.002	0.280	0.0185	0.000	0.103
6.186	0.0024	0.002	0.211	0.0610	0.000	0.105
6.191	0.0010	0.002	0.246	0.0751	0.000	0.112
6.196	0.0005	0.011	0.659	0.0319	0.000	0.088
6.201	0.0011	0.005	0.623	0.0226	0.000	0.085
6.206	0.0016	0.007	0.523	0.0392	0.000	0.090
6.211	0.0009	0.005	0.532	0.0289	0.001	0.110
6.216	0.0011	0.005	0.569	0.0147	0.002	0.121
6.221	0.0008	0.016	0.539	0.0202	0.005	0.133
6.226	0.0014	0.018	0.362	0.0424	0.010	0.142
6.231	0.0005	0.025	0.273	0.0268	0.012	0.163
6.236	0.0008	0.039	0.361	0.0507	0.019	0.162
6.241	0.0003	0.057	0.392	0.0111	0.009	0.142
6.246	0.0005	0.041	0.405	0.0217	0.045	0.216
6.251	0.0005	0.045	0.250	0.0206	0.108	0.242
6.256	0.0002	0.061	0.185	0.0199	0.393	0.236
6.261	0.0003	0.070	0.180	0.0208	0.476	0.240
6.266	0.0004	0.095	0.190	0.0141	0.464	0.243
6.271	0.0004	0.089	0.244	0.0132	0.503	0.285
6.276	0.0008	0.093	0.319	0.0163	0.412	0.300
6.281	0.0008	0.095	0.287	0.0160	0.427	0.259
6.286	0.0010	0.080	0.298	0.0162	0.681	0.257
6.291	0.0013	0.107	0.264	0.0207	0.719	0.247
6.296	0.0010	0.123	0.276	0.0207	0.714	0.149
6.301	0.0011	0.114	0.208	0.0160	0.673	0.147
6.306	0.0014	0.116	0.199	0.0161	0.559	0.210
6.311	0.0017	0.086	0.177	0.0166	0.630	0.320
6.316	0.0012	0.095	0.161	0.0143	0.590	0.385
6.321	0.0017	0.139	0.202	0.0147	0.458	0.410
6.326	0.0021	0.134	0.165	0.0119	0.388	0.412
6.331	0.0022	0.102	0.154	0.0187	0.453	0.396
6.336	0.0017	0.116	0.202	0.0157	0.347	0.252
6.341	0.0020	0.070	0.184	0.0206	0.281	0.146
6.346	0.0020	0.095	0.170	0.0192	0.172	0.148
6.351	0.0016	0.068	0.238	0.0184	0.204	0.173
6.356	0.0014	0.064	0.211	0.0216	0.145	0.231
6.361	0.0020	0.048	0.124	0.0269	0.104	0.225
6.366	0.0013	0.057	0.181	0.0148	0.108	0.199
6.371	0.0015	0.045	0.343	0.0159	0.242	0.277
6.376	0.0010	0.091	0.237	0.0188	0.144	0.296
6.380	0.0005	0.082	0.346	0.0157	0.137	0.282
6.385	0.0008	0.064	0.421	0.0192	0.105	0.232
6.390	0.0006	0.068	0.410	0.0248	0.074	0.221
6.395	0.0008	0.043	0.434	0.0228	0.048	0.195
6.400	0.0006	0.048	0.363	0.0282	0.041	0.220
6.405	0.0005	0.048	0.345	0.0174	0.098	0.269
6.410	0.0003	0.043	0.210	0.0199	0.140	0.356
6.415	0.0001	0.066	0.286	0.0269	0.068	0.519
6.420	0.0001	0.041	0.304	0.0120	0.080	0.603
6.425	0.0001	0.032	0.307	0.0137	0.327	0.687
6.430	0.0000	0.045	0.097	0.0128	0.346	0.747
6.435	0.0000	0.032	0.156	0.0084	0.365	0.746
6.440	0.0000	0.025	0.265	0.0217	0.315	0.714
6.445	0.0000	0.039	0.161	0.0271	0.139	0.585
6.450	0.0000	0.014	0.215	0.0713	0.012	0.331
6.455	0.0000	0.032	0.433	0.0338	0.001	0.090
6.460	0.0001	0.034	0.312	0.0559	0.000	0.073
6.465	0.0007	0.009	0.446	0.0189	0.000	0.048
6.470	0.0028	0.009	0.393	0.0285	0.000	0.062
6.475	0.0109	0.009	0.488	0.0286	0.000	0.067
6.480	0.0037	0.005	0.588	0.0349	0.000	0.056
6.485	0.0069	0.007	0.601	0.0204	0.000	0.049
6.490	0.0385	0.007	0.600	0.0149	0.000	0.048
6.495	0.0171	0.007	0.594	0.0205	0.000	0.051
6.500	0.0184	0.007	0.603	0.0200	0.000	0.047
6.505	0.0291	0.005	0.577	0.0147	0.001	0.051
6.510	0.0830	0.009	0.591	0.0210	0.001	0.059
6.515	0.0754	0.009	0.660	0.0175	0.001	0.069
6.520	0.0406	0.011	0.646	0.0155	0.001	0.073
6.525	0.0538	0.011	0.603	0.0195	0.001	0.068
6.530	0.0642	0.009	0.647	0.0183	0.002	0.069
6.535	0.0653	0.011	0.625	0.0178	0.002	0.076
6.540	0.1088	0.014	0.688	0.0133	0.002	0.071
6.545	0.1475	0.011	0.696	0.0154	0.002	0.069
6.550	0.1703	0.018	0.684	0.0152	0.002	0.075
6.555	0.1969	0.018	0.736	0.0094	0.001	0.078
6.560	0.1950	0.014	0.756	0.0040	0.002	0.077
6.565	0.2047	0.014	0.757	0.0089	0.001	0.074
6.570	0.1969	0.023	0.745	0.0080	0.001	0.071
6.575	0.1837	0.011	0.631	0.0157	0.001	0.086
6.580	0.1674	0.009	0.452	0.0245	0.003	0.128
6.585	0.1130	0.027	0.347	0.0395	0.002	0.132
6.590	0.0394	0.016	0.592	0.0199	0.001	0.092
6.595	0.0666	0.011	0.733	0.0153	0.002	0.086
6.600	0.1393	0.014	0.754	0.0097	0.003	0.085
6.605	0.1220	0.014	0.754	0.0091	0.003	0.087
6.610	0.0981	0.011	0.734	0.0131	0.003	0.085
6.615	0.1070	0.018	0.727	0.0066	0.004	0.089
6.620	0.1028	0.016	0.759	0.0116	0.003	0.087
6.625	0.1033	0.014	0.751	0.0086	0.002	0.087
6.630	0.0981	0.016	0.734	0.0112	0.001	0.091
6.635	0.1283	0.014	0.723	0.0200	0.001	0.083
6.640	0.1328	0.014	0.718	0.0162	0.001	0.076
6.645	0.1251	0.018	0.576	0.0249	0.001	0.071
6.650	0.1128	0.016	0.414	0.0328	0.001	0.069
6.655	0.0730	0.007	0.424	0.0502	0.000	0.034
6.660	0.0322	0.009	0.708	0.0253	0.000	0.022
6.665	0.0334	0.005	0.685	0.0290	0.000	0.019
6.670	0.0288	0.005	0.720	0.0266	0.000	0.020
6.675	0.0259	0.005	0.700	0.0164	0.000	0.018
6.680	0.0219	0.005	0.678	0.0455	0.000	0.017
6.685	0.0227	0.005	0.640	0.0242	0.000	0.018
6.690	0.0203	0.002	0.657	0.0309	0.000	0.019
6.695	0.0143	0.005	0.693	0.0148	0.000	0.018
6.700	0.0163	0.005	0.682	0.0404	0.000	0.017
6.705	0.0227	0.002	0.668	0.0394	0.000	0.016
6.710	0.0177	0.005	0.659	0.0235	0.000	0.019
6.715	0.0104	0.005	0.625	0.0089	0.001	0.155
6.720	0.0153	0.002	0.594	0.0179	0.006	0.270
6.725	0.0131	0.005	0.361	0.0443	0.003	0.184
6.730	0.0182	0.002	0.475	0.0220	0.001	0.089
6.735	0.0272	0.014	0.534	0.0226	0.001	0.069
6.740	0.0609	0.009	0.631	0.0143	0.001	0.071
6.745	0.0921	0.018	0.664	0.0156	0.001	0.074
6.750	0.1346	0.009	0.681	0.0190	0.001	0.070
6.755	0.1583	0.009	0.725	0.0120	0.000	0.073
6.760	0.1739	0.014	0.735	0.0130	0.000	0.071
6.765	0.2002	0.014	0.747	0.0093	0.000	0.068
6.770	0.2186	0.014	0.739	0.0080	0.000	0.067
6.775	0.2226	0.014	0.740	0.0063	0.000	0.059
6.780	0.2198	0.014	0.744	0.0106	0.000	0.059
6.785	0.2235	0.014	0.748	0.0071	0.000	0.059
6.790	0.2232	0.020	0.740	0.0067	0.000	0.058
6.795	0.2156	0.023	0.737	0.0062	0.001	0.068
6.800	0.2097	0.018	0.718	0.0114	0.001	0.072
6.805	0.2069	0.018	0.735	0.0104	0.001	0.061
6.810	0.2000	0.018	0.739	0.0072	0.001	0.066
6.815	0.1716	0.018	0.721	0.0118	0.001	0.073
6.820	0.1463	0.011	0.686	0.0142	0.001	0.079
6.824	0.1294	0.018	0.714	0.0127	0.001	0.081
6.829	0.1152	0.018	0.726	0.0072	0.001	0.080
6.834	0.1022	0.018	0.676	0.0105	0.002	0.108
6.839	0.0913	0.016	0.560	0.0186	0.003	0.120
6.844	0.0645	0.018	0.281	0.0276	0.003	0.151
6.849	0.0581	0.011	0.241	0.0331	0.003	0.171
6.854	0.0145	0.016	0.392	0.0280	0.000	0.069
6.859	0.0257	0.002	0.389	0.0323	0.000	0.035
6.864	0.0153	0.009	0.430	0.0341	0.000	0.039
6.869	0.0086	0.018	0.372	0.0211	0.000	0.062
6.874	0.0088	0.014	0.469	0.0348	0.000	0.064
6.879	0.0052	0.023	0.556	0.0316	0.000	0.053
6.884	0.0070	0.023	0.676	0.0249	0.000	0.054
6.889	0.0081	0.018	0.689	0.0240	0.000	0.043
6.894	0.0070	0.014	0.640	0.0168	0.000	0.038
6.899	0.0055	0.018	0.530	0.0239	0.000	0.040
6.904	0.0044	0.018	0.428	0.0203	0.000	0.042
6.909	0.0031	0.014	0.533	0.0270	0.000	0.055
6.914	0.0037	0.023	0.562	0.0110	0.054	0.264
6.919	0.0036	0.014	0.474	0.0107	0.077	0.331
6.924	0.0034	0.023	0.409	0.0140	0.094	0.472
6.929	0.0037	0.041	0.383	0.0109	0.184	0.523
6.934	0.0030	0.073	0.399	0.0398	0.045	0.421
6.939	0.0033	0.061	0.476	0.0364	0.006	0.264
6.944	0.0037	0.027	0.615	0.0278	0.001	0.120
6.949	0.0068	0.009	0.635	0.0304	0.001	0.089
6.954	0.0203	0.005	0.688	0.0138	0.001	0.065
6.959	0.0269	0.002	0.709	0.0110	0.001	0.062
6.964	0.0373	0.005	0.712	0.0150	0.001	0.061
6.969	0.0334	0.005	0.702	0.0124	0.002	0.071
6.974	0.0339	0.005	0.639	0.0152	0.003	0.084
6.979	0.0373	0.005	0.668	0.0217	0.002	0.084
6.984	0.0351	0.005	0.708	0.0166	0.001	0.088
6.989	0.0354	0.011	0.660	0.0174	0.001	0.089
6.994	0.0356	0.011	0.701	0.0131	0.001	0.093
6.999	0.0359	0.018	0.643	0.0123	0.001	0.088
7.004	0.0534	0.016	0.589	0.0098	0.001	0.096
7.009	0.0619	0.018	0.653	0.0195	0.001	0.101
7.014	0.0600	0.018	0.663	0.0108	0.001	0.102
7.019	0.1039	0.020	0.663	0.0101	0.001	0.103
7.024	0.1170	0.023	0.673	0.0139	0.002	0.108
7.029	0.1051	0.020	0.689	0.0075	0.002	0.120
7.034	0.0840	0.020	0.680	0.0131	0.002	0.121
7.039	0.0468	0.020	0.611	0.0096	0.002	0.118
7.044	0.0343	0.014	0.606	0.0133	0.002	0.111
7.049	0.0382	0.018	0.577	0.0137	0.004	0.132
7.054	0.0557	0.009	0.575	0.0121	0.007	0.154
7.059	0.0838	0.007	0.573	0.0172	0.009	0.161
7.064	0.0715	0.018	0.481	0.0185	0.009	0.171
7.069	0.0527	0.014	0.403	0.0305	0.008	0.193
7.074	0.0228	0.009	0.458	0.0323	0.002	0.150
7.079	0.0154	0.025	0.474	0.0177	0.000	0.080
7.084	0.0155	0.009	0.332	0.0293	0.000	0.054
7.089	0.0095	0.007	0.410	0.0304	0.000	0.056
7.094	0.0042	0.016	0.318	0.0244	0.000	0.057
7.099	0.0035	0.009	0.325	0.0192	0.000	0.064
7.104	0.0046	0.007	0.297	0.0440	0.000	0.072
7.109	0.0021	0.014	0.417	0.0301	0.000	0.070
7.114	0.0022	0.018	0.519	0.0212	0.000	0.072
7.119	0.0024	0.011	0.554	0.0272	0.000	0.073
7.124	0.0021	0.023	0.586	0.0165	0.000	0.057
7.129	0.0023	0.025	0.628	0.0231	0.000	0.057
7.134	0.0023	0.016	0.610	0.0133	0.000	0.051
7.139	0.0012	0.020	0.493	0.0140	0.000	0.063
7.144	0.0012	0.011	0.015	0.0532	0.062	0.356
7.149	0.0008	0.023	0.117	0.0087	0.109	0.391
7.154	0.0008	0.023	0.175	0.0084	0.190	0.440
7.159	0.0011	0.057	0.170	0.0112	0.374	0.508
7.164	0.0068	0.136	0.238	0.0158	0.330	0.516
7.169	0.0109	0.139	0.214	0.0125	0.255	0.503
7.174	0.0084	0.091	0.194	0.0108	0.201	0.486
7.179	0.0182	0.098	0.203	0.0264	0.152	0.464
7.184	0.0089	0.111	0.407	0.0330	0.045	0.310
7.189	0.0100	0.036	0.536	0.0162	0.022	0.216
7.194	0.0311	0.034	0.618	0.0115	0.026	0.168
7.199	0.0282	0.018	0.601	0.0152	0.028	0.153
7.204	0.0347	0.014	0.638	0.0111	0.020	0.142
7.209	0.0445	0.023	0.618	0.0141	0.017	0.143
7.214	0.0535	0.016	0.574	0.0183	0.006	0.136
7.219	0.0639	0.027	0.562	0.0158	0.004	0.146
7.224	0.1033	0.020	0.546	0.0194	0.004	0.126
7.229	0.0696	0.018	0.507	0.0264	0.004	0.123
7.234	0.0398	0.005	0.573	0.0229	0.003	0.128
7.239	0.0374	0.016	0.545	0.0139	0.003	0.126
7.244	0.0584	0.011	0.466	0.0264	0.002	0.111
7.249	0.0846	0.014	0.535	0.0197	0.002	0.114
7.254	0.0391	0.009	0.396	0.0395	0.001	0.116
7.259	0.0274	0.009	0.237	0.0234	0.001	0.103
7.263	0.0545	0.014	0.227	0.0551	0.000	0.052
7.268	0.0067	0.007	0.526	0.0545	0.000	0.043
7.273	0.0085	0.009	0.510	0.0490	0.000	0.024
7.278	0.0053	0.002	0.454	0.0415	0.000	0.023
7.283	0.0089	0.002	0.512	0.0470	0.000	0.022
7.288	0.0050	0.005	0.448	0.0260	0.000	0.023
7.293	0.0043	0.000	0.170	0.0181	0.000	0.020
7.298	0.0046	0.005	0.135	0.0520	0.000	0.038
7.303	0.0031	0.002	0.187	0.1083	0.000	0.060
7.308	0.0009	0.007	0.221	0.0575	0.000	0.055
7.313	0.0017	0.002	0.372	0.0323	0.000	0.060
7.318	0.0007	0.005	0.235	0.0453	0.000	0.091
7.323	0.0005	0.009	0.341	0.0599	0.000	0.099
7.328	0.0008	0.007	0.294	0.0588	0.000	0.097
7.333	0.0006	0.009	0.436	0.0249	0.000	0.107
7.338	0.0009	0.007	0.215	0.0613	0.014	0.200
7.343	0.0006	0.007	0.306	0.0216	0.087	0.183
7.348	0.0003	0.020	0.203	0.0279	0.090	0.145
7.353	0.0018	0.025	0.460	0.0704	0.014	0.083
7.358	0.0026	0.041	0.507	0.0371	0.002	0.059
7.363	0.0066	0.009	0.661	0.0209	0.000	0.038
7.368	0.0202	0.007	0.687	0.0167	0.000	0.027
7.373	0.0285	0.007	0.692	0.0257	0.000	0.012
7.378	0.0227	0.007	0.674	0.0225	0.000	0.009
7.383	0.0177	0.007	0.639	0.0244	0.000	0.010
7.388	0.0228	0.007	0.654	0.0223	0.000	0.012
7.393	0.0274	0.009	0.662	0.0230	0.000	0.016
7.398	0.0167	0.005	0.649	0.0152	0.000	0.023
7.403	0.0091	0.009	0.652	0.0086	0.000	0.038
7.408	0.0136	0.007	0.661	0.0112	0.000	0.045
7.413	0.0210	0.007	0.681	0.0129	0.000	0.044
7.418	0.0273	0.005	0.653	0.0186	0.000	0.044
7.423	0.0133	0.005	0.636	0.0179	0.000	0.070
7.428	0.0116	0.005	0.610	0.0238	0.001	0.084
7.433	0.0206	0.002	0.593	0.0183	0.001	0.095
7.438	0.0393	0.007	0.635	0.0183	0.001	0.084
7.443	0.0614	0.009	0.667	0.0167	0.000	0.064
7.448	0.0817	0.009	0.699	0.0233	0.000	0.051
7.453	0.0973	0.009	0.726	0.0182	0.000	0.027
7.458	0.0898	0.007	0.731	0.0141	0.000	0.019
7.463	0.0888	0.009	0.741	0.0090	0.000	0.027
7.468	0.1025	0.009	0.734	0.0111	0.000	0.037
7.473	0.1142	0.009	0.742	0.0110	0.000	0.047
7.478	0.1185	0.009	0.756	0.0067	0.000	0.057
7.483	0.1277	0.009	0.754	0.0094	0.000	0.053
7.488	0.1229	0.007	0.692	0.0114	0.000	0.044
7.493	0.1007	0.009	0.481	0.0325	0.000	0.035
7.498	0.0732	0.009	0.292	0.0565	0.000	0.030
7.503	0.0298	0.005	0.671	0.0419	0.000	0.012
7.508	0.0235	0.002	0.722	0.0290	0.000	0.010
7.513	0.0256	0.005	0.698	0.0222	0.000	0.009
7.518	0.0225	0.005	0.708	0.0485	0.000	0.009
7.523	0.0314	0.005	0.684	0.0332	0.000	0.013
7.528	0.0343	0.002	0.650	0.0309	0.000	0.019
7.533	0.0234	0.005	0.600	0.0260	0.000	0.022
7.538	0.0157	0.005	0.617	0.0160	0.000	0.026
7.543	0.0169	0.002	0.652	0.0180	0.000	0.020
7.548	0.0112	0.005	0.652	0.0167	0.000	0.018
7.553	0.0159	0.002	0.514	0.0375	0.000	0.022
7.558	0.0043	0.005	0.454	0.0505	0.000	0.033
7.563	0.0087	0.002	0.348	0.0204	0.014	0.269
7.568	0.0073	0.002	0.204	0.0101	0.094	0.365
7.573	0.0032	0.018	0.118	0.0162	0.351	0.425
7.578	0.0107	0.070	0.122	0.0134	0.434	0.432
7.583	0.0077	0.116	0.140	0.0146	0.559	0.374
7.588	0.0185	0.114	0.188	0.0111	0.519	0.331
7.593	0.0226	0.132	0.155	0.0146	0.510	0.337
7.598	0.0299	0.105	0.220	0.0160	0.378	0.369
7.603	0.0322	0.100	0.429	0.0236	0.091	0.349
7.608	0.0267	0.070	0.539	0.0227	0.051	0.276
7.613	0.0210	0.041	0.589	0.0215	0.016	0.187
7.618	0.0450	0.025	0.643	0.0243	0.006	0.146
7.623	0.0588	0.009	0.676	0.0176	0.002	0.100
7.628	0.0493	0.009	0.676	0.0145	0.001	0.091
7.633	0.0327	0.009	0.690	0.0224	0.001	0.083
7.638	0.0344	0.009	0.723	0.0129	0.001	0.082
7.643	0.0396	0.009	0.722	0.0137	0.001	0.083
7.648	0.0422	0.005	0.708	0.0126	0.001	0.079
7.653	0.0432	0.005	0.732	0.0133	0.000	0.066
7.658	0.0455	0.009	0.714	0.0181	0.000	0.059
7.663	0.0557	0.009	0.732	0.0099	0.000	0.059
7.668	0.0626	0.009	0.708	0.0126	0.000	0.068
7.673	0.0621	0.007	0.680	0.0201	0.000	0.079
7.678	0.0567	0.009	0.691	0.0130	0.000	0.079
7.683	0.0595	0.009	0.659	0.0126	0.000	0.077
7.688	0.0671	0.007	0.718	0.0137	0.000	0.075
7.693	0.0617	0.009	0.717	0.0145	0.000	0.074
7.698	0.0655	0.009	0.725	0.0105	0.000	0.070
7.702	0.0552	0.009	0.701	0.0112	0.000	0.059
7.707	0.0407	0.007	0.684	0.0219	0.000	0.058
7.712	0.0419	0.007	0.713	0.0177	0.001	0.056
7.717	0.0480	0.014	0.720	0.0128	0.001	0.055
7.722	0.0552	0.014	0.739	0.0128	0.001	0.059
7.727	0.0567	0.009	0.685	0.0157	0.001	0.065
7.732	0.0559	0.011	0.723	0.0139	0.000	0.063
7.737	0.0565	0.011	0.739	0.0098	0.000	0.059
7.742	0.0589	0.016	0.745	0.0062	0.001	0.064
7.747	0.0663	0.014	0.769	0.0099	0.001	0.069
7.752	0.0691	0.014	0.711	0.0073	0.001	0.070
7.757	0.0637	0.011	0.724	0.0168	0.001	0.084
7.762	0.0595	0.014	0.718	0.0175	0.002	0.080
7.767	0.0542	0.009	0.722	0.0106	0.001	0.073
7.772	0.0647	0.014	0.745	0.0136	0.002	0.077
7.777	0.0606	0.014	0.748	0.0080	0.001	0.083
7.782	0.0632	0.016	0.748	0.0077	0.001	0.079
7.787	0.0674	0.014	0.752	0.0056	0.001	0.076
7.792	0.0698	0.014	0.662	0.0139	0.003	0.082
7.797	0.0714	0.016	0.563	0.0203	0.004	0.081
7.802	0.0682	0.014	0.410	0.0619	0.002	0.083
7.807	0.0318	0.009	0.500	0.0255	0.001	0.059
7.812	0.0287	0.002	0.530	0.0229	0.000	0.065
7.817	0.0240	0.009	0.547	0.0211	0.000	0.061
7.822	0.0128	0.005	0.463	0.0245	0.000	0.047
7.827	0.0151	0.007	0.498	0.0273	0.000	0.035
7.832	0.0120	0.005	0.357	0.0394	0.000	0.041
7.837	0.0061	0.009	0.328	0.0340	0.000	0.047
7.842	0.0046	0.009	0.503	0.0390	0.000	0.050
7.847	0.0018	0.025	0.667	0.0218	0.000	0.047
7.852	0.0019	0.027	0.652	0.0206	0.000	0.046
7.857	0.0022	0.027	0.630	0.0209	0.000	0.045
7.862	0.0013	0.020	0.645	0.0191	0.000	0.050
7.867	0.0019	0.016	0.650	0.0135	0.000	0.054
7.872	0.0020	0.018	0.582	0.0227	0.000	0.057
7.877	0.0015	0.020	0.574	0.0239	0.000	0.061
7.882	0.0013	0.018	0.215	0.0242	0.038	0.229
7.887	0.0013	0.018	0.171	0.0118	0.340	0.563
7.892	0.0011	0.030	0.164	0.0094	0.382	0.663
7.897	0.0017	0.068	0.181	0.0086	0.422	0.656
7.902	0.0036	0.173	0.204	0.0119	0.583	0.652
7.907	0.0075	0.132	0.181	0.0188	0.526	0.590
7.912	0.0048	0.157	0.446	0.0284	0.073	0.401
7.917	0.0059	0.098	0.507	0.0320	0.025	0.296
7.922	0.0168	0.014	0.657	0.0230	0.006	0.180
7.927	0.0132	0.005	0.713	0.0197	0.003	0.113
7.932	0.0192	0.009	0.766	0.0120	0.001	0.086
7.937	0.0362	0.009	0.756	0.0110	0.001	0.080
7.942	0.0366	0.014	0.648	0.0183	0.001	0.071
7.947	0.0341	0.009	0.661	0.0251	0.001	0.071
7.952	0.0313	0.009	0.722	0.0203	0.002	0.059
7.957	0.0428	0.005	0.748	0.0050	0.003	0.047
7.962	0.0490	0.009	0.747	0.0052	0.004	0.040
7.967	0.0512	0.009	0.748	0.0040	0.005	0.040
7.972	0.0532	0.009	0.746	0.0045	0.005	0.043
7.977	0.0541	0.009	0.744	0.0061	0.004	0.044
7.982	0.0545	0.005	0.742	0.0087	0.003	0.043
7.987	0.0545	0.005	0.741	0.0060	0.004	0.045
7.992	0.0547	0.002	0.688	0.0167	0.006	0.081
7.997	0.0541	0.005	0.616	0.0188	0.005	0.084
8.002	0.0545	0.005	0.652	0.0180	0.004	0.092
8.007	0.0586	0.027	0.719	0.0131	0.005	0.104
8.012	0.0878	0.009	0.727	0.0102	0.006	0.109
8.017	0.0983	0.009	0.734	0.0053	0.007	0.104
8.022	0.1011	0.014	0.718	0.0099	0.008	0.109
8.027	0.0984	0.009	0.733	0.0089	0.008	0.115
8.032	0.0976	0.009	0.730	0.0076	0.008	0.120
8.037	0.0953	0.014	0.714	0.0079	0.008	0.118
8.042	0.0905	0.032	0.679	0.0139	0.009	0.117
8.047	0.0795	0.014	0.680	0.0147	0.009	0.123
8.052	0.0604	0.030	0.651	0.0153	0.006	0.133
8.057	0.0494	0.018	0.544	0.0158	0.004	0.129
8.062	0.0317	0.025	0.471	0.0152	0.005	0.198
8.067	0.0173	0.020	0.546	0.0147	0.008	0.237
8.072	0.0153	0.005	0.516	0.0128	0.011	0.308
8.077	0.0153	0.014	0.472	0.0237	0.016	0.340
8.082	0.0146	0.007	0.205	0.0294	0.029	0.372
8.087	0.0048	0.014	0.268	0.0214	0.016	0.342
8.092	0.0023	0.034	0.443	0.0273	0.002	0.205
8.097	0.0025	0.014	0.575	0.0107	0.003	0.225
8.102	0.0023	0.018	0.536	0.0126	0.014	0.354
8.107	0.0020	0.011	0.193	0.0190	0.039	0.446
8.112	0.0026	0.036	0.185	0.0191	0.100	0.472
8.117	0.0021	0.043	0.202	0.0119	0.073	0.455
8.122	0.0039	0.066	0.178	0.0233	0.044	0.418
8.127	0.0087	0.027	0.173	0.0178	0.048	0.393
8.132	0.0065	0.041	0.259	0.0305	0.043	0.465
8.137	0.0012	0.023	0.377	0.0268	0.029	0.405
8.141	0.0011	0.050	0.533	0.0171	0.018	0.309
8.146	0.0013	0.018	0.207	0.0330	0.010	0.265
8.151	0.0045	0.032	0.320	0.0414	0.002	0.126
8.156	0.0043	0.005	0.269	0.0448	0.000	0.071
8.161	0.0025	0.007	0.520	0.0286	0.001	0.062
8.166	0.0220	0.009	0.626	0.0265	0.002	0.058
8.171	0.0175	0.005	0.730	0.0103	0.004	0.057
8.176	0.0227	0.005	0.708	0.0156	0.002	0.057
8.181	0.0245	0.005	0.673	0.0163	0.003	0.060
8.186	0.0254	0.005	0.648	0.0179	0.003	0.058
8.191	0.0237	0.014	0.653	0.0175	0.002	0.058
8.196	0.0157	0.009	0.711	0.0150	0.002	0.061
8.201	0.0311	0.009	0.618	0.0147	0.003	0.067
8.206	0.0673	0.018	0.688	0.0172	0.003	0.068
8.211	0.0902	0.016	0.709	0.0144	0.002	0.075
8.216	0.0983	0.018	0.684	0.0115	0.003	0.084
8.221	0.1028	0.018	0.689	0.0127	0.004	0.085
8.226	0.0938	0.014	0.703	0.0098	0.005	0.084
8.231	0.0947	0.018	0.673	0.0120	0.007	0.092
8.236	0.0820	0.009	0.678	0.0121	0.008	0.093
8.241	0.0574	0.023	0.664	0.0130	0.006	0.090
8.246	0.0448	0.020	0.581	0.0157	0.004	0.098
8.251	0.0397	0.014	0.615	0.0144	0.006	0.114
8.256	0.0399	0.020	0.533	0.0156	0.011	0.120
8.261	0.0409	0.025	0.540	0.0156	0.009	0.117
8.266	0.0339	0.018	0.509	0.0211	0.007	0.136
8.271	0.0576	0.020	0.379	0.0206	0.008	0.201
8.276	0.0380	0.027	0.380	0.0240	0.007	0.234
8.281	0.0096	0.009	0.539	0.0278	0.001	0.129
8.286	0.0084	0.011	0.493	0.0251	0.000	0.065
8.291	0.0094	0.005	0.231	0.0340	0.001	0.071
8.296	0.0078	0.007	0.250	0.0415	0.002	0.100
8.301	0.0022	0.011	0.444	0.0240	0.001	0.069
8.306	0.0016	0.018	0.552	0.0178	0.001	0.065
8.311	0.0039	0.007	0.556	0.0197	0.001	0.066
8.316	0.0019	0.027	0.627	0.0166	0.001	0.064
8.321	0.0032	0.018	0.576	0.0144	0.001	0.066
8.326	0.0029	0.009	0.574	0.0190	0.001	0.074
8.331	0.0014	0.018	0.586	0.0240	0.001	0.075
8.336	0.0015	0.016	0.567	0.0193	0.001	0.066
8.341	0.0015	0.018	0.057	0.0367	0.254	0.360
8.346	0.0011	0.016	0.215	0.0097	0.615	0.433
8.351	0.0010	0.020	0.171	0.0118	0.513	0.500
8.356	0.0016	0.114	0.219	0.0184	0.241	0.501
8.361	0.0063	0.159	0.189	0.0085	0.237	0.506
8.366	0.0150	0.089	0.182	0.0134	0.320	0.554
8.371	0.0120	0.091	0.155	0.0138	0.415	0.578
8.376	0.0092	0.114	0.135	0.0123	0.500	0.560
8.381	0.0096	0.123	0.178	0.0119	0.361	0.544
8.386	0.0096	0.132	0.119	0.0145	0.302	0.508
8.391	0.0106	0.095	0.189	0.0203	0.227	0.437
8.396	0.0050	0.118	0.145	0.0338	0.074	0.340
8.401	0.0077	0.050	0.422	0.0293	0.011	0.194
8.406	0.0065	0.039	0.604	0.0142	0.012	0.160
8.411	0.0492	0.002	0.645	0.0112	0.015	0.184
8.416	0.0771	0.014	0.671	0.0109	0.025	0.164
8.421	0.0729	0.023	0.624	0.0119	0.025	0.124
8.426	0.0685	0.020	0.589	0.0183	0.015	0.106
8.431	0.0567	0.016	0.686	0.0107	0.006	0.108
8.436	0.0603	0.018	0.671	0.0077	0.008	0.115
8.441	0.0688	0.016	0.632	0.0129	0.008	0.129
8.446	0.0672	0.023	0.656	0.0205	0.011	0.129
8.451	0.0791	0.011	0.701	0.0158	0.006	0.123
8.456	0.0808	0.014	0.630	0.0181	0.003	0.125
8.461	0.0711	0.011	0.386	0.0428	0.002	0.107
8.466	0.0442	0.011	0.308	0.0669	0.001	0.068
8.471	0.0137	0.002	0.698	0.0155	0.000	0.043
8.476	0.0166	0.005	0.698	0.0430	0.000	0.038
8.481	0.0225	0.002	0.657	0.0368	0.000	0.038
8.486	0.0178	0.005	0.629	0.0271	0.000	0.040
8.491	0.0074	0.005	0.650	0.0186	0.000	0.035
8.496	0.0131	0.007	0.660	0.0139	0.000	0.031
8.501	0.0098	0.005	0.672	0.0106	0.000	0.034
8.506	0.0152	0.002	0.668	0.0130	0.000	0.033
8.511	0.0051	0.005	0.624	0.0111	0.000	0.033
8.516	0.0113	0.002	0.600	0.0236	0.000	0.035
8.521	0.0091	0.005	0.535	0.0318	0.000	0.040
8.526	0.0085	0.002	0.444	0.0334	0.005	0.178
8.531	0.0040	0.005	0.119	0.0145	0.390	0.536
8.536	0.0067	0.007	0.109	0.0124	0.834	0.596
8.541	0.0040	0.148	0.147	0.0120	0.950	0.536
8.546	0.0097	0.218	0.120	0.0098	0.956	0.477
8.551	0.0162	0.198	0.144	0.0147	0.942	0.501
8.556	0.0172	0.182	0.118	0.0105	0.960	0.521
8.561	0.0195	0.191	0.109	0.0127	0.968	0.522
8.566	0.0165	0.207	0.115	0.0137	0.978	0.503
8.571	0.0161	0.184	0.113	0.0109	0.977	0.525
8.576	0.0209	0.182	0.139	0.0122	0.967	0.558
8.580	0.0152	0.207	0.130	0.0144	0.978	0.514
8.585	0.0176	0.189	0.148	0.0128	0.987	0.499
8.590	0.0233	0.168	0.153	0.0135	0.988	0.487
8.595	0.0177	0.184	0.159	0.0124	0.990	0.475
8.600	0.0267	0.168	0.165	0.0125	0.989	0.470
8.605	0.0232	0.166	0.129	0.0141	0.985	0.455
8.610	0.0247	0.161	0.154	0.0117	0.986	0.456
8.615	0.0257	0.184	0.145	0.0135	0.988	0.469
8.620	0.0251	0.175	0.113	0.0123	0.986	0.487
8.625	0.0263	0.170	0.129	0.0140	0.987	0.485
8.630	0.0222	0.189	0.124	0.0141	0.984	0.491
8.635	0.0266	0.166	0.166	0.0141	0.986	0.480
8.640	0.0174	0.200	0.184	0.0123	0.984	0.447
8.645	0.0208	0.180	0.161	0.0102	0.967	0.492
8.650	0.0222	0.168	0.180	0.0162	0.911	0.499
8.655	0.0159	0.161	0.121	0.0165	0.880	0.461
8.660	0.0114	0.143	0.263	0.0408	0.243	0.373
8.665	0.0117	0.134	0.238	0.0330	0.017	0.204
8.670	0.0081	0.025	0.433	0.0293	0.005	0.116
8.675	0.0174	0.009	0.538	0.0174	0.004	0.122
8.680	0.0231	0.011	0.452	0.0245	0.006	0.111
8.685	0.0345	0.014	0.491	0.0201	0.005	0.101
8.690	0.0839	0.011	0.638	0.0208	0.003	0.094
8.695	0.0812	0.009	0.634	0.0121	0.002	0.090
8.700	0.0390	0.011	0.599	0.0183	0.002	0.096
8.705	0.0714	0.018	0.586	0.0140	0.002	0.088
8.710	0.0897	0.020	0.627	0.0098	0.002	0.100
8.715	0.1166	0.018	0.635	0.0126	0.002	0.100
8.720	0.0519	0.023	0.585	0.0152	0.002	0.088
8.725	0.0666	0.016	0.625	0.0109	0.002	0.101
8.730	0.0959	0.016	0.645	0.0084	0.002	0.102
8.735	0.0894	0.023	0.639	0.0077	0.002	0.097
8.740	0.0620	0.018	0.623	0.0135	0.002	0.102
8.745	0.0694	0.020	0.632	0.0115	0.003	0.106
8.750	0.0774	0.020	0.630	0.0078	0.004	0.100
8.755	0.0833	0.016	0.648	0.0212	0.004	0.088
8.760	0.0637	0.018	0.637	0.0124	0.003	0.086
8.765	0.0682	0.016	0.616	0.0141	0.002	0.082
8.770	0.0968	0.016	0.647	0.0126	0.002	0.088
8.775	0.0531	0.011	0.650	0.0118	0.002	0.084
8.780	0.0475	0.011	0.624	0.0191	0.003	0.087
8.785	0.0721	0.016	0.626	0.0160	0.003	0.083
8.790	0.0695	0.011	0.625	0.0162	0.002	0.081
8.795	0.0376	0.014	0.589	0.0261	0.001	0.082
8.800	0.0531	0.011	0.473	0.0235	0.001	0.076
8.805	0.0759	0.014	0.406	0.0282	0.001	0.068
8.810	0.0293	0.014	0.209	0.0424	0.001	0.076
8.815	0.0267	0.007	0.187	0.0657	0.000	0.066
8.820	0.0136	0.005	0.619	0.0215	0.000	0.031
8.825	0.0042	0.011	0.606	0.0229	0.000	0.028
8.830	0.0104	0.016	0.631	0.0174	0.000	0.025
8.835	0.0088	0.016	0.661	0.0090	0.000	0.022
8.840	0.0119	0.014	0.632	0.0188	0.000	0.022
8.845	0.0021	0.016	0.578	0.0310	0.000	0.024
8.850	0.0105	0.014	0.575	0.0368	0.000	0.024
8.855	0.0094	0.002	0.617	0.0389	0.000	0.021
8.860	0.0027	0.009	0.506	0.0260	0.000	0.024
8.865	0.0085	0.007	0.547	0.0424	0.000	0.023
8.870	0.0064	0.005	0.537	0.0583	0.000	0.026
8.875	0.0024	0.007	0.496	0.0286	0.000	0.028
8.880	0.0068	0.007	0.408	0.0656	0.000	0.037
8.885	0.0027	0.007	0.435	0.0191	0.000	0.044
8.890	0.0014	0.005	0.425	0.0304	0.000	0.060
8.895	0.0014	0.007	0.433	0.0235	0.000	0.069
8.900	0.0015	0.002	0.450	0.0259	0.000	0.078
8.905	0.0007	0.007	0.416	0.0222	0.000	0.081
8.910	0.0010	0.018	0.248	0.0157	0.002	0.179
8.915	0.0005	0.016	0.097	0.0177	0.071	0.469
8.920	0.0005	0.023	0.135	0.0115	0.532	0.583
8.925	0.0006	0.027	0.127	0.0081	0.746	0.581
8.930	0.0019	0.155	0.092	0.0119	0.614	0.556
8.935	0.0032	0.202	0.074	0.0140	0.506	0.551
8.940	0.0023	0.148	0.189	0.0171	0.724	0.451
8.945	0.0010	0.159	0.230	0.0160	0.634	0.369
8.950	0.0010	0.114	0.273	0.0207	0.296	0.325
8.955	0.0008	0.086	0.314	0.0152	0.133	0.277
8.960	0.0005	0.064	0.285	0.0165	0.075	0.261
8.965	0.0010	0.043	0.239	0.0258	0.038	0.293
8.970	0.0004	0.034	0.310	0.0279	0.030	0.269
8.975	0.0003	0.032	0.487	0.0470	0.009	0.229
8.980	0.0002	0.014	0.604	0.0291	0.002	0.157
8.985	0.0005	0.005	0.607	0.0305	0.001	0.134
8.990	0.0009	0.002	0.563	0.0232	0.001	0.112
8.995	0.0010	0.007	0.437	0.0251	0.001	0.134
9.000	0.0009	0.009	0.306	0.0360	0.003	0.251
9.005	0.0003	0.009	0.176	0.0323	0.007	0.302
9.010	0.0001	0.020	0.344	0.0214	0.018	0.428
9.015	0.0001	0.025	0.425	0.0320	0.017	0.430
9.020	0.0001	0.041	0.604	0.0132	0.014	0.436
9.024	0.0001	0.020	0.698	0.0092	0.019	0.472
9.029	0.0001	0.016	0.544	0.0129	0.035	0.535
9.034	0.0001	0.016	0.465	0.0132	0.056	0.559
9.039	0.0000	0.023	0.385	0.0158	0.090	0.637
9.044	0.0000	0.027	0.392	0.0149	0.108	0.639
9.049	0.0000	0.034	0.268	0.0207	0.145	0.656
9.054	0.0000	0.030	0.131	0.0297	0.070	0.545
9.059	0.0000	0.032	0.314	0.0465	0.001	0.107
9.064	0.0000	0.023	0.339	0.0289	0.000	0.057
9.069	0.0002	0.036	0.281	0.0276	0.000	0.048
9.074	0.0052	0.014	0.450	0.0261	0.000	0.058
9.079	0.0058	0.016	0.511	0.0194	0.001	0.069
9.084	0.0106	0.018	0.482	0.0283	0.002	0.089
9.089	0.0177	0.011	0.577	0.0189	0.003	0.116
9.094	0.0158	0.009	0.604	0.0267	0.002	0.112
9.099	0.0217	0.011	0.662	0.0152	0.002	0.112
9.104	0.0450	0.011	0.646	0.0137	0.002	0.106
9.109	0.0347	0.009	0.533	0.0228	0.001	0.088
9.114	0.0191	0.014	0.447	0.0352	0.001	0.084
9.119	0.0142	0.007	0.607	0.0341	0.000	0.056
9.124	0.0328	0.007	0.667	0.0132	0.000	0.050
9.129	0.0146	0.007	0.678	0.0106	0.000	0.042
9.134	0.0147	0.007	0.685	0.0119	0.000	0.038
9.139	0.0230	0.009	0.684	0.0089	0.000	0.036
9.144	0.0317	0.007	0.681	0.0083	0.000	0.034
9.149	0.0277	0.007	0.660	0.0061	0.000	0.039
9.154	0.0101	0.007	0.681	0.0164	0.000	0.041
9.159	0.0153	0.007	0.659	0.0083	0.000	0.050
9.164	0.0192	0.009	0.640	0.0271	0.000	0.069
9.169	0.0228	0.007	0.633	0.0285	0.001	0.129
9.174	0.0142	0.005	0.612	0.0203	0.001	0.122
9.179	0.0097	0.014	0.576	0.0153	0.002	0.103
9.184	0.0162	0.020	0.656	0.0197	0.002	0.100
9.189	0.0322	0.020	0.701	0.0100	0.003	0.117
9.194	0.0551	0.009	0.681	0.0129	0.003	0.107
9.199	0.0384	0.014	0.689	0.0106	0.002	0.103
9.204	0.0199	0.009	0.673	0.0103	0.002	0.108
9.209	0.0210	0.009	0.666	0.0103	0.003	0.106
9.214	0.0343	0.011	0.729	0.0075	0.003	0.107
9.219	0.0674	0.016	0.722	0.0131	0.002	0.099
9.224	0.0654	0.018	0.652	0.0135	0.001	0.090
9.229	0.0277	0.011	0.566	0.0259	0.002	0.109
9.234	0.0193	0.011	0.512	0.0298	0.003	0.133
9.239	0.0189	0.011	0.607	0.0180	0.003	0.146
9.244	0.0271	0.002	0.644	0.0063	0.006	0.183
9.249	0.0216	0.005	0.546	0.0125	0.051	0.328
9.254	0.0054	0.023	0.433	0.0112	0.121	0.427
9.259	0.0112	0.061	0.272	0.0143	0.359	0.481
9.264	0.0100	0.057	0.196	0.0108	0.502	0.515
9.269	0.0088	0.173	0.125	0.0124	0.743	0.567
9.274	0.0088	0.164	0.156	0.0127	0.892	0.526
9.279	0.0092	0.186	0.144	0.0108	0.951	0.507
9.284	0.0102	0.207	0.180	0.0134	0.948	0.511
9.289	0.0122	0.186	0.129	0.0142	0.970	0.477
9.294	0.0089	0.205	0.163	0.0115	0.984	0.431
9.299	0.0124	0.191	0.141	0.0157	0.985	0.435
9.304	0.0178	0.191	0.117	0.0155	0.983	0.437
9.309	0.0127	0.184	0.134	0.0122	0.985	0.448
9.314	0.0130	0.198	0.137	0.0105	0.983	0.477
9.319	0.0200	0.184	0.112	0.0122	0.983	0.505
9.324	0.0126	0.184	0.120	0.0128	0.979	0.491
9.329	0.0134	0.195	0.131	0.0130	0.972	0.491
9.334	0.0142	0.175	0.100	0.0117	0.979	0.503
9.339	0.0212	0.200	0.140	0.0148	0.969	0.486
9.344	0.0144	0.186	0.163	0.0155	0.914	0.465
9.349	0.0171	0.159	0.359	0.0317	0.324	0.354
9.354	0.0131	0.123	0.528	0.0309	0.078	0.271
9.359	0.0164	0.043	0.700	0.0205	0.015	0.136
9.364	0.0285	0.027	0.734	0.0134	0.008	0.099
9.369	0.0401	0.018	0.749	0.0131	0.003	0.097
9.374	0.0456	0.023	0.717	0.0131	0.002	0.093
9.379	0.0327	0.023	0.691	0.0160	0.004	0.094
9.384	0.0330	0.025	0.707	0.0128	0.006	0.108
9.389	0.0413	0.023	0.654	0.0204	0.007	0.129
9.394	0.0528	0.023	0.635	0.0198	0.009	0.146
9.399	0.0463	0.005	0.603	0.0167	0.012	0.196
9.404	0.0355	0.009	0.546	0.0147	0.019	0.248
9.409	0.0312	0.005	0.480	0.0130	0.049	0.303
9.414	0.0418	0.025	0.440	0.0099	0.077	0.346
9.419	0.0403	0.036	0.345	0.0153	0.098	0.380
9.424	0.0256	0.048	0.290	0.0169	0.121	0.388
9.429	0.0175	0.082	0.144	0.0194	0.206	0.396
9.434	0.0089	0.077	0.165	0.0236	0.101	0.346
9.439	0.0050	0.068	0.177	0.0154	0.120	0.331
9.444	0.0087	0.055	0.310	0.0181	0.148	0.352
9.449	0.0053	0.098	0.327	0.0118	0.141	0.340
9.454	0.0057	0.075	0.387	0.0152	0.166	0.366
9.459	0.0050	0.070	0.230	0.0148	0.220	0.336
9.463	0.0054	0.059	0.213	0.0198	0.190	0.312
9.468	0.0057	0.073	0.291	0.0163	0.123	0.331
9.473	0.0070	0.059	0.314	0.0121	0.131	0.354
9.478	0.0046	0.080	0.242	0.0154	0.152	0.342
9.483	0.0048	0.066	0.174	0.0189	0.140	0.312
9.488	0.0031	0.059	0.154	0.0316	0.113	0.287
9.493	0.0027	0.064	0.183	0.0446	0.035	0.236
9.498	0.0027	0.061	0.281	0.0479	0.005	0.134
9.503	0.0037	0.039	0.525	0.0284	0.002	0.102
9.508	0.0205	0.009	0.535	0.0188	0.002	0.094
9.513	0.0538	0.014	0.454	0.0245	0.002	0.092
9.518	0.0961	0.011	0.579	0.0215	0.004	0.100
9.523	0.1142	0.020	0.632	0.0199	0.004	0.111
9.528	0.0692	0.020	0.783	0.0150	0.003	0.109
9.533	0.0540	0.018	0.797	0.0121	0.003	0.111
9.538	0.0755	0.030	0.785	0.0147	0.002	0.123
9.543	0.0686	0.011	0.788	0.0213	0.001	0.107
9.548	0.0579	0.018	0.795	0.0125	0.001	0.094
9.553	0.0769	0.016	0.792	0.0137	0.001	0.099
9.558	0.0781	0.011	0.772	0.0193	0.001	0.081
9.563	0.0938	0.014	0.788	0.0206	0.001	0.077
9.568	0.1113	0.011	0.806	0.0064	0.001	0.075
9.573	0.1013	0.011	0.806	0.0065	0.001	0.073
9.578	0.1083	0.011	0.791	0.0071	0.002	0.075
9.583	0.1263	0.011	0.790	0.0060	0.003	0.075
9.588	0.1298	0.011	0.787	0.0080	0.007	0.081
9.593	0.1155	0.011	0.787	0.0075	0.008	0.079
9.598	0.0994	0.011	0.739	0.0126	0.008	0.102
9.603	0.1209	0.016	0.710	0.0131	0.011	0.114
9.608	0.1495	0.016	0.722	0.0116	0.022	0.133
9.613	0.1553	0.018	0.658	0.0134	0.020	0.148
9.618	0.1150	0.016	0.633	0.0170	0.031	0.151
9.623	0.1168	0.020	0.624	0.0148	0.023	0.146
9.628	0.1296	0.020	0.540	0.0167	0.010	0.157
9.633	0.1538	0.014	0.452	0.0231	0.013	0.184
9.638	0.1172	0.023	0.480	0.0210	0.025	0.218
9.643	0.0845	0.018	0.401	0.0190	0.033	0.196
9.648	0.0381	0.023	0.180	0.0295	0.026	0.176
9.653	0.0122	0.030	0.245	0.0274	0.040	0.184
9.658	0.0123	0.025	0.532	0.0175	0.032	0.189
9.663	0.0113	0.025	0.435	0.0186	0.048	0.201
9.668	0.0118	0.030	0.314	0.0163	0.159	0.226
9.673	0.0105	0.059	0.353	0.0133	0.195	0.229
9.678	0.0101	0.061	0.331	0.0182	0.189	0.234
9.683	0.0081	0.061	0.349	0.0181	0.185	0.226
9.688	0.0086	0.068	0.416	0.0135	0.168	0.229
9.693	0.0081	0.041	0.434	0.0154	0.134	0.243
9.698	0.0095	0.070	0.489	0.0141	0.103	0.234
9.703	0.0072	0.055	0.516	0.0108	0.093	0.219
9.708	0.0118	0.055	0.467	0.0118	0.088	0.238
9.713	0.0066	0.048	0.369	0.0147	0.113	0.257
9.718	0.0058	0.059	0.492	0.0161	0.066	0.246
9.723	0.0044	0.045	0.539	0.0150	0.055	0.215
9.728	0.0050	0.052	0.471	0.0148	0.058	0.210
9.733	0.0055	0.045	0.182	0.0250	0.055	0.205
9.738	0.0038	0.039	0.315	0.0371	0.008	0.112
9.743	0.0037	0.041	0.418	0.0249	0.007	0.075
9.748	0.0065	0.018	0.544	0.0200	0.005	0.075
9.753	0.0473	0.009	0.544	0.0238	0.005	0.093
9.758	0.0787	0.009	0.604	0.0161	0.009	0.109
9.763	0.0969	0.009	0.613	0.0149	0.010	0.106
9.768	0.1458	0.011	0.654	0.0196	0.008	0.110
9.773	0.1193	0.016	0.727	0.0168	0.007	0.104
9.778	0.1059	0.011	0.788	0.0122	0.004	0.099
9.783	0.1635	0.011	0.798	0.0097	0.003	0.100
9.788	0.1852	0.011	0.800	0.0098	0.003	0.102
9.793	0.1445	0.014	0.805	0.0071	0.006	0.109
9.798	0.1225	0.011	0.765	0.0106	0.010	0.116
9.803	0.1616	0.009	0.740	0.0146	0.010	0.105
9.808	0.1538	0.014	0.761	0.0091	0.010	0.098
9.813	0.1127	0.011	0.771	0.0079	0.010	0.097
9.818	0.0976	0.020	0.728	0.0138	0.007	0.098
9.823	0.1037	0.027	0.705	0.0182	0.004	0.094
9.828	0.0924	0.025	0.726	0.0129	0.002	0.100
9.833	0.0738	0.025	0.714	0.0124	0.003	0.097
9.838	0.0456	0.016	0.670	0.0156	0.003	0.104
9.843	0.0606	0.016	0.643	0.0181	0.003	0.098
9.848	0.0666	0.018	0.634	0.0188	0.004	0.102
9.853	0.0711	0.014	0.625	0.0186	0.004	0.102
9.858	0.0794	0.016	0.455	0.0223	0.004	0.099
9.863	0.0889	0.023	0.400	0.0194	0.008	0.113
9.868	0.0862	0.023	0.460	0.0201	0.010	0.106
9.873	0.0803	0.025	0.601	0.0190	0.009	0.112
9.878	0.1034	0.009	0.546	0.0253	0.012	0.136
9.883	0.0850	0.009	0.500	0.0246	0.014	0.151
9.888	0.0549	0.032	0.517	0.0290	0.007	0.146
9.893	0.0194	0.027	0.486	0.0286	0.004	0.134
9.898	0.0230	0.002	0.414	0.0420	0.002	0.083
9.902	0.0144	0.009	0.231	0.0423	0.001	0.053
9.907	0.0100	0.016	0.271	0.0452	0.000	0.027
9.912	0.0041	0.011	0.401	0.0245	0.000	0.026
9.917	0.0057	0.020	0.446	0.0272	0.000	0.025
9.922	0.0042	0.016	0.401	0.0303	0.000	0.025
9.927	0.0048	0.016	0.298	0.0516	0.000	0.036
9.932	0.0028	0.016	0.339	0.0343	0.000	0.037
9.937	0.0020	0.009	0.393	0.0313	0.001	0.044
9.942	0.0021	0.014	0.418	0.0325	0.015	0.064
9.947	0.0023	0.011	0.197	0.0171	0.109	0.105
9.952	0.0025	0.016	0.222	0.0427	0.104	0.137
9.957	0.0018	0.075	0.440	0.0237	0.067	0.160
9.962	0.0030	0.036	0.593	0.0167	0.040	0.205
9.967	0.0059	0.027	0.650	0.0119	0.053	0.257
9.972	0.0108	0.018	0.604	0.0152	0.058	0.260
9.977	0.0135	0.018	0.654	0.0138	0.050	0.271
9.982	0.0148	0.027	0.692	0.0124	0.059	0.269
9.987	0.0161	0.027	0.631	0.0109	0.083	0.291
9.992	0.0198	0.030	0.532	0.0158	0.113	0.321
9.997	0.0164	0.041	0.481	0.0167	0.086	0.310
10.002	0.0154	0.061	0.461	0.0142	0.073	0.271
10.007	0.0177	0.036	0.503	0.0133	0.118	0.264
10.012	0.0136	0.041	0.509	0.0114	0.128	0.275
10.017	0.0216	0.061	0.500	0.0154	0.089	0.290
10.022	0.0223	0.066	0.473	0.0146	0.085	0.270
10.027	0.0202	0.027	0.472	0.0130	0.090	0.226
10.032	0.0204	0.066	0.423	0.0123	0.107	0.229
10.037	0.0360	0.045	0.373	0.0161	0.101	0.261
10.042	0.0223	0.052	0.445	0.0187	0.066	0.246
10.047	0.0154	0.043	0.546	0.0132	0.105	0.238
10.052	0.0247	0.036	0.524	0.0129	0.083	0.243
10.057	0.0316	0.043	0.495	0.0149	0.051	0.242
10.062	0.0263	0.032	0.423	0.0156	0.073	0.247
10.067	0.0203	0.045	0.444	0.0200	0.071	0.231
10.072	0.0201	0.043	0.526	0.0236	0.048	0.208
10.077	0.0237	0.045	0.654	0.0159	0.030	0.178
10.082	0.0273	0.034	0.581	0.0167	0.034	0.166
10.087	0.0297	0.018	0.441	0.0272	0.030	0.163
10.092	0.0137	0.039	0.441	0.0233	0.020	0.148
10.097	0.0189	0.023	0.378	0.0151	0.034	0.160
10.102	0.0359	0.014	0.365	0.0275	0.040	0.140
10.107	0.0159	0.023	0.487	0.0230	0.015	0.124
10.112	0.0343	0.011	0.487	0.0258	0.009	0.121
10.117	0.0211	0.007	0.592	0.0305	0.003	0.082
10.122	0.0220	0.009	0.581	0.0236	0.001	0.064
10.127	0.0439	0.009	0.434	0.0255	0.001	0.050
10.132	0.0213	0.009	0.296	0.0229	0.002	0.060
10.137	0.0119	0.014	0.510	0.0351	0.004	0.107
10.142	0.0031	0.023	0.324	0.0238	0.003	0.100
10.147	0.0028	0.007	0.198	0.0515	0.004	0.102
10.152	0.0020	0.014	0.548	0.0686	0.002	0.091
10.157	0.0018	0.011	0.724	0.0269	0.001	0.074
10.162	0.0025	0.005	0.768	0.0264	0.001	0.071
10.167	0.0028	0.007	0.560	0.0158	0.002	0.086
10.172	0.0025	0.005	0.423	0.0377	0.003	0.100
10.177	0.0009	0.005	0.236	0.0629	0.002	0.074
10.182	0.0012	0.009	0.179	0.0458	0.001	0.048
10.187	0.0014	0.011	0.333	0.0415	0.000	0.038
10.192	0.0034	0.009	0.327	0.0500	0.000	0.029
10.197	0.0034	0.007	0.341	0.0467	0.001	0.030
10.202	0.0142	0.009	0.383	0.0377	0.000	0.024
10.207	0.0083	0.009	0.362	0.0294	0.000	0.028
10.212	0.0297	0.009	0.552	0.0494	0.000	0.032
10.217	0.0239	0.009	0.726	0.0090	0.000	0.038
10.222	0.0369	0.009	0.660	0.0176	0.001	0.046
10.227	0.0391	0.009	0.707	0.0119	0.002	0.053
10.232	0.0388	0.009	0.720	0.0138	0.002	0.068
10.237	0.0346	0.009	0.727	0.0107	0.002	0.072
10.242	0.0344	0.007	0.727	0.0090	0.002	0.074
10.247	0.0376	0.009	0.722	0.0104	0.001	0.073
10.252	0.0366	0.014	0.728	0.0102	0.001	0.068
10.257	0.0375	0.014	0.740	0.0062	0.002	0.070
10.262	0.0427	0.014	0.744	0.0051	0.002	0.074
10.267	0.0464	0.009	0.748	0.0039	0.002	0.076
10.272	0.0510	0.018	0.744	0.0075	0.002	0.087
10.277	0.0561	0.014	0.623	0.0168	0.002	0.088
10.282	0.0578	0.014	0.509	0.0256	0.001	0.093
10.287	0.0453	0.007	0.318	0.0303	0.003	0.132
10.292	0.0113	0.014	0.452	0.0360	0.003	0.149
10.297	0.0082	0.007	0.615	0.0285	0.002	0.160
10.302	0.0113	0.005	0.713	0.0302	0.001	0.140
10.307	0.0160	0.002	0.701	0.0150	0.001	0.164
10.312	0.0179	0.005	0.688	0.0203	0.001	0.186
10.317	0.0141	0.005	0.668	0.0153	0.001	0.169
10.322	0.0079	0.009	0.626	0.0250	0.001	0.166
10.327	0.0073	0.002	0.637	0.0154	0.001	0.188
10.332	0.0065	0.005	0.654	0.0204	0.001	0.224
10.337	0.0071	0.005	0.692	0.0158	0.007	0.315
10.341	0.0104	0.002	0.673	0.0062	0.025	0.383
10.346	0.0079	0.014	0.634	0.0182	0.017	0.358
10.351	0.0056	0.009	0.631	0.0128	0.017	0.359
10.356	0.0069	0.002	0.541	0.0131	0.037	0.368
10.361	0.0054	0.018	0.519	0.0187	0.041	0.316
10.366	0.0099	0.030	0.392	0.0287	0.012	0.188
10.371	0.0141	0.027	0.448	0.0285	0.004	0.127
10.376	0.0230	0.016	0.594	0.0130	0.002	0.100
10.381	0.0385	0.014	0.705	0.0096	0.002	0.100
10.386	0.0721	0.025	0.757	0.0112	0.002	0.087
10.391	0.1023	0.014	0.742	0.0084	0.002	0.088
10.396	0.1077	0.018	0.703	0.0081	0.002	0.095
10.401	0.0975	0.018	0.712	0.0104	0.003	0.098
10.406	0.0918	0.014	0.739	0.0052	0.003	0.081
10.411	0.0886	0.009	0.739	0.0063	0.002	0.077
10.416	0.0865	0.009	0.721	0.0074	0.003	0.079
10.421	0.0847	0.018	0.716	0.0109	0.002	0.074
10.426	0.0842	0.014	0.730	0.0098	0.002	0.067
10.431	0.0812	0.018	0.715	0.0091	0.002	0.070
10.436	0.0764	0.009	0.657	0.0174	0.001	0.075
10.441	0.0706	0.016	0.629	0.0212	0.001	0.082
10.446	0.0643	0.009	0.583	0.0173	0.001	0.081
10.451	0.0546	0.016	0.521	0.0175	0.001	0.095
10.456	0.0366	0.009	0.375	0.0255	0.002	0.149
10.461	0.0175	0.027	0.544	0.0243	0.002	0.139
10.466	0.0122	0.020	0.660	0.0200	0.002	0.118
10.471	0.0147	0.014	0.603	0.0237	0.006	0.153
10.476	0.0202	0.011	0.506	0.0404	0.002	0.103
10.481	0.0145	0.005	0.508	0.0407	0.000	0.053
10.486	0.0028	0.009	0.554	0.0223	0.000	0.039
10.491	0.0065	0.011	0.601	0.0266	0.000	0.033
10.496	0.0080	0.007	0.341	0.0288	0.002	0.119
10.501	0.0116	0.009	0.355	0.0212	0.020	0.222
10.506	0.0017	0.014	0.284	0.0132	0.032	0.335
10.511	0.0085	0.034	0.321	0.0173	0.057	0.419
10.516	0.0058	0.030	0.392	0.0156	0.034	0.323
10.521	0.0084	0.050	0.378	0.0283	0.021	0.287
10.526	0.0135	0.023	0.454	0.0329	0.006	0.182
10.531	0.0082	0.027	0.512	0.0305	0.003	0.113
10.536	0.0113	0.025	0.608	0.0181	0.002	0.090
10.541	0.0340	0.014	0.661	0.0136	0.001	0.074
10.546	0.0540	0.014	0.661	0.0132	0.001	0.074
10.551	0.0626	0.014	0.690	0.0147	0.002	0.079
10.556	0.0851	0.009	0.715	0.0081	0.005	0.082
10.561	0.0853	0.014	0.723	0.0085	0.007	0.086
10.566	0.0844	0.018	0.721	0.0073	0.009	0.092
10.571	0.0877	0.014	0.732	0.0087	0.007	0.093
10.576	0.0914	0.007	0.728	0.0076	0.004	0.093
10.581	0.0906	0.009	0.720	0.0116	0.004	0.093
10.586	0.0903	0.009	0.669	0.0160	0.002	0.089
10.591	0.0884	0.009	0.547	0.0185	0.002	0.096
10.596	0.0778	0.009	0.356	0.0491	0.001	0.080
10.601	0.0408	0.014	0.495	0.0595	0.001	0.048
10.606	0.0217	0.005	0.730	0.0173	0.001	0.047
10.611	0.0161	0.005	0.748	0.0120	0.001	0.045
10.616	0.0170	0.005	0.737	0.0082	0.000	0.044
10.621	0.0176	0.005	0.722	0.0064	0.000	0.046
10.626	0.0183	0.005	0.716	0.0130	0.000	0.063
10.631	0.0162	0.005	0.661	0.0155	0.000	0.075
10.636	0.0153	0.009	0.594	0.0149	0.001	0.085
10.641	0.0116	0.014	0.601	0.0196	0.001	0.091
10.646	0.0147	0.020	0.697	0.0146	0.001	0.078
10.651	0.0167	0.020	0.693	0.0148	0.001	0.072
10.656	0.0246	0.018	0.721	0.0071	0.001	0.069
10.661	0.0368	0.016	0.721	0.0093	0.001	0.066
10.666	0.0413	0.018	0.709	0.0167	0.000	0.062
10.671	0.0535	0.018	0.739	0.0053	0.001	0.067
10.676	0.0617	0.014	0.719	0.0062	0.001	0.063
10.681	0.0727	0.014	0.740	0.0092	0.001	0.067
10.686	0.0808	0.016	0.735	0.0097	0.001	0.060
10.691	0.0863	0.014	0.742	0.0082	0.001	0.048
10.696	0.0838	0.009	0.740	0.0070	0.001	0.027
10.701	0.0810	0.009	0.731	0.0122	0.001	0.030
10.706	0.0719	0.009	0.736	0.0089	0.001	0.035
10.711	0.0643	0.009	0.734	0.0090	0.001	0.031
10.716	0.0449	0.011	0.730	0.0120	0.001	0.016
10.721	0.0320	0.014	0.690	0.0119	0.001	0.014
10.726	0.0266	0.011	0.715	0.0069	0.000	0.010
10.731	0.0226	0.014	0.680	0.0118	0.000	0.011
10.736	0.0242	0.011	0.681	0.0104	0.000	0.010
10.741	0.0269	0.009	0.711	0.0123	0.000	0.010
10.746	0.0435	0.009	0.698	0.0103	0.000	0.010
10.751	0.0495	0.007	0.722	0.0097	0.000	0.010
10.756	0.0516	0.009	0.720	0.0069	0.000	0.012
10.761	0.0501	0.014	0.720	0.0117	0.000	0.013
10.766	0.0429	0.007	0.717	0.0182	0.000	0.011
10.771	0.0411	0.007	0.699	0.0120	0.000	0.012
10.776	0.0352	0.009	0.731	0.0153	0.000	0.012
10.780	0.0307	0.009	0.717	0.0288	0.000	0.013
10.785	0.0436	0.009	0.732	0.0088	0.000	0.012
10.790	0.0521	0.007	0.726	0.0122	0.000	0.014
10.795	0.0547	0.009	0.714	0.0142	0.000	0.017
10.800	0.0696	0.009	0.722	0.0102	0.000	0.024
10.805	0.0801	0.014	0.721	0.0134	0.000	0.039
10.810	0.0693	0.011	0.730	0.0108	0.000	0.050
10.815	0.0687	0.014	0.722	0.0107	0.001	0.072
10.820	0.0662	0.011	0.711	0.0101	0.001	0.079
10.825	0.0485	0.014	0.717	0.0142	0.001	0.059
10.830	0.0466	0.007	0.700	0.0084	0.001	0.067
10.835	0.0405	0.014	0.707	0.0073	0.001	0.082
10.840	0.0423	0.014	0.722	0.0090	0.001	0.089
10.845	0.0501	0.011	0.739	0.0084	0.001	0.080
10.850	0.0488	0.014	0.714	0.0067	0.001	0.083
10.855	0.0703	0.011	0.718	0.0060	0.001	0.084
10.860	0.0683	0.018	0.727	0.0078	0.001	0.085
10.865	0.0799	0.018	0.726	0.0075	0.001	0.078
10.870	0.0627	0.011	0.700	0.0115	0.001	0.081
10.875	0.0588	0.014	0.716	0.0094	0.002	0.087
10.880	0.0456	0.016	0.678	0.0091	0.002	0.093
10.885	0.0363	0.018	0.668	0.0091	0.003	0.093
10.890	0.0443	0.016	0.698	0.0101	0.003	0.096
10.895	0.0505	0.023	0.660	0.0140	0.002	0.097
10.900	0.0762	0.016	0.664	0.0134	0.001	0.089
10.905	0.0799	0.018	0.666	0.0168	0.001	0.079
10.910	0.0877	0.018	0.684	0.0092	0.001	0.077
10.915	0.0678	0.027	0.676	0.0100	0.001	0.070
10.920	0.0629	0.011	0.628	0.0113	0.001	0.079
10.925	0.0542	0.018	0.640	0.0099	0.001	0.082
10.930	0.0586	0.016	0.672	0.0105	0.001	0.078
10.935	0.0682	0.025	0.691	0.0067	0.001	0.075
10.940	0.0787	0.020	0.713	0.0102	0.001	0.069
10.945	0.0940	0.023	0.711	0.0049	0.001	0.068
10.950	0.0757	0.016	0.673	0.0127	0.001	0.067
10.955	0.0275	0.025	0.691	0.0060	0.001	0.061
10.960	0.0312	0.025	0.667	0.0109	0.001	0.058
10.965	0.0524	0.016	0.670	0.0087	0.001	0.056
10.970	0.0632	0.020	0.646	0.0120	0.001	0.054
10.975	0.0669	0.020	0.637	0.0174	0.001	0.053
10.980	0.0826	0.027	0.694	0.0129	0.001	0.056
10.985	0.0722	0.016	0.709	0.0105	0.001	0.061
10.990	0.0438	0.011	0.624	0.0114	0.002	0.067
10.995	0.0249	0.020	0.573	0.0178	0.003	0.076
11.000	0.0212	0.007	0.492	0.0159	0.004	0.088
11.005	0.0225	0.011	0.361	0.0184	0.005	0.118
11.010	0.0267	0.014	0.344	0.0326	0.007	0.153
11.015	0.0160	0.016	0.319	0.0213	0.016	0.150
11.020	0.0049	0.009	0.223	0.0150	0.046	0.210
11.025	0.0070	0.032	0.171	0.0166	0.091	0.351
11.030	0.0035	0.036	0.199	0.0167	0.194	0.407
11.035	0.0040	0.055	0.198	0.0108	0.399	0.424
11.040	0.0030	0.059	0.255	0.0189	0.275	0.455
11.045	0.0059	0.075	0.324	0.0207	0.061	0.435
11.050	0.0037	0.045	0.267	0.0206	0.034	0.394
11.055	0.0028	0.034	0.293	0.0258	0.009	0.234
11.060	0.0012	0.041	0.398	0.0209	0.006	0.163
11.065	0.0009	0.027	0.535	0.0126	0.004	0.146
11.070	0.0008	0.036	0.576	0.0136	0.003	0.139
11.075	0.0010	0.032	0.560	0.0212	0.002	0.132
11.080	0.0010	0.018	0.543	0.0204	0.002	0.152
11.085	0.0008	0.011	0.567	0.0141	0.001	0.155
11.090	0.0007	0.025	0.492	0.0174	0.001	0.151
11.095	0.0003	0.030	0.583	0.0175	0.001	0.143
11.100	0.0005	0.025	0.571	0.0184	0.001	0.138
11.105	0.0004	0.020	0.603	0.0117	0.001	0.148
11.110	0.0004	0.016	0.640	0.0145	0.001	0.152
11.115	0.0005	0.023	0.545	0.0153	0.001	0.175
11.120	0.0004	0.020	0.222	0.0189	0.007	0.293
11.125	0.0002	0.041	0.140	0.0140	0.170	0.546
11.130	0.0001	0.039	0.132	0.0094	0.337	0.586
11.135	0.0003	0.082	0.163	0.0102	0.599	0.640
11.140	0.0009	0.189	0.138	0.0147	0.528	0.646
11.145	0.0007	0.211	0.212	0.0431	0.065	0.418
11.150	0.0008	0.175	0.333	0.0698	0.006	0.210
11.155	0.0018	0.055	0.544	0.0323	0.001	0.090
11.160	0.0033	0.007	0.611	0.0214	0.001	0.068
11.165	0.0156	0.007	0.701	0.0133	0.001	0.058
11.170	0.0292	0.009	0.733	0.0089	0.000	0.064
11.175	0.0507	0.007	0.706	0.0112	0.001	0.067
11.180	0.0496	0.014	0.712	0.0184	0.000	0.065
11.185	0.0510	0.007	0.688	0.0173	0.000	0.056
11.190	0.0315	0.009	0.644	0.0152	0.001	0.057
11.195	0.0270	0.007	0.612	0.0208	0.001	0.055
11.200	0.0281	0.007	0.584	0.0118	0.001	0.065
11.205	0.0333	0.007	0.607	0.0130	0.000	0.057
11.210	0.0278	0.009	0.597	0.0145	0.000	0.057
11.215	0.0083	0.005	0.601	0.0135	0.000	0.063
11.220	0.0082	0.007	0.639	0.0213	0.000	0.053
11.224	0.0118	0.011	0.597	0.0249	0.000	0.047
11.229	0.0158	0.005	0.630	0.0177	0.000	0.048
11.234	0.0041	0.005	0.629	0.0162	0.000	0.049
11.239	0.0091	0.007	0.588	0.0286	0.000	0.044
11.244	0.0132	0.005	0.639	0.0090	0.000	0.044
11.249	0.0042	0.007	0.629	0.0184	0.000	0.047
11.254	0.0042	0.007	0.575	0.0155	0.000	0.056
11.259	0.0086	0.002	0.560	0.0250	0.000	0.047
11.264	0.0156	0.005	0.498	0.0240	0.000	0.041
11.269	0.0053	0.005	0.571	0.0241	0.000	0.039
11.274	0.0068	0.007	0.620	0.0277	0.000	0.037
11.279	0.0275	0.011	0.682	0.0298	0.000	0.045
11.284	0.0460	0.011	0.707	0.0185	0.000	0.052
11.289	0.0305	0.009	0.680	0.0152	0.000	0.052
11.294	0.0310	0.011	0.682	0.0123	0.000	0.058
11.299	0.0402	0.011	0.677	0.0091	0.000	0.070
11.304	0.0462	0.011	0.661	0.0101	0.001	0.067
11.309	0.0568	0.011	0.662	0.0097	0.001	0.070
11.314	0.0409	0.011	0.678	0.0110	0.001	0.069
11.319	0.0112	0.016	0.668	0.0088	0.001	0.061
11.324	0.0175	0.016	0.673	0.0076	0.001	0.059
11.329	0.0267	0.011	0.708	0.0099	0.000	0.058
11.334	0.0366	0.011	0.725	0.0105	0.000	0.045
11.339	0.0396	0.014	0.708	0.0101	0.000	0.043
11.344	0.0318	0.009	0.690	0.0147	0.000	0.041
11.349	0.0100	0.011	0.666	0.0090	0.000	0.040
11.354	0.0177	0.011	0.642	0.0129	0.000	0.037
11.359	0.0247	0.016	0.599	0.0160	0.000	0.037
11.364	0.0364	0.016	0.616	0.0194	0.000	0.043
11.369	0.0348	0.014	0.650	0.0135	0.000	0.048
11.374	0.0092	0.009	0.612	0.0259	0.000	0.044
11.379	0.0156	0.014	0.588	0.0092	0.000	0.042
11.384	0.0230	0.018	0.629	0.0131	0.000	0.040
11.389	0.0319	0.014	0.625	0.0136	0.000	0.040
11.394	0.0072	0.018	0.493	0.0144	0.001	0.041
11.399	0.0116	0.016	0.563	0.0197	0.001	0.055
11.404	0.0138	0.027	0.509	0.0190	0.001	0.063
11.409	0.0240	0.020	0.615	0.0155	0.001	0.073
11.414	0.0070	0.014	0.607	0.0281	0.001	0.073
11.419	0.0081	0.007	0.546	0.0185	0.001	0.075
11.424	0.0203	0.025	0.553	0.0246	0.001	0.073
11.429	0.0051	0.005	0.458	0.0504	0.000	0.072
11.434	0.0089	0.011	0.398	0.0548	0.000	0.053
11.439	0.0076	0.002	0.384	0.0416	0.000	0.049
11.444	0.0033	0.002	0.448	0.0381	0.000	0.045
11.449	0.0029	0.005	0.358	0.0303	0.000	0.046
11.454	0.0030	0.007	0.334	0.0459	0.000	0.058
11.459	0.0020	0.007	0.309	0.0264	0.000	0.066
11.464	0.0003	0.011	0.316	0.0266	0.000	0.079
11.469	0.0012	0.014	0.370	0.0304	0.000	0.107
11.474	0.0009	0.002	0.344	0.0357	0.000	0.113
11.479	0.0004	0.014	0.422	0.0319	0.000	0.124
11.484	0.0006	0.016	0.391	0.0228	0.001	0.164
11.489	0.0006	0.016	0.284	0.0545	0.002	0.221
11.494	0.0002	0.009	0.423	0.0280	0.002	0.253
11.499	0.0002	0.014	0.523	0.0164	0.003	0.272
11.504	0.0001	0.014	0.586	0.0159	0.002	0.258
11.509	0.0002	0.014	0.612	0.0122	0.013	0.424
11.514	0.0003	0.014	0.432	0.0167	0.075	0.557
11.519	0.0002	0.032	0.231	0.0330	0.047	0.515
11.524	0.0000	0.018	0.306	0.0120	0.058	0.495
11.529	0.0001	0.041	0.270	0.0189	0.038	0.466
11.534	0.0001	0.025	0.286	0.0203	0.026	0.404
11.539	0.0001	0.020	0.388	0.0190	0.034	0.433
11.544	0.0001	0.018	0.279	0.0184	0.034	0.419
11.549	0.0000	0.039	0.241	0.0232	0.044	0.430
11.554	0.0001	0.011	0.185	0.0188	0.045	0.330
11.559	0.0001	0.050	0.195	0.0219	0.027	0.250
11.564	0.0002	0.048	0.129	0.0232	0.014	0.195
11.569	0.0003	0.036	0.187	0.0580	0.012	0.158
11.574	0.0005	0.052	0.420	0.0345	0.005	0.122
11.579	0.0008	0.011	0.595	0.0205	0.003	0.102
11.584	0.0022	0.009	0.590	0.0152	0.004	0.111
11.589	0.0042	0.002	0.636	0.0353	0.003	0.095
11.594	0.0037	0.009	0.689	0.0135	0.002	0.085
11.599	0.0034	0.005	0.692	0.0152	0.002	0.091
11.604	0.0046	0.014	0.710	0.0101	0.004	0.111
11.609	0.0054	0.007	0.700	0.0091	0.005	0.114
11.614	0.0047	0.009	0.662	0.0202	0.009	0.152
11.619	0.0039	0.009	0.698	0.0103	0.012	0.171
11.624	0.0038	0.009	0.711	0.0086	0.015	0.194
11.629	0.0043	0.009	0.692	0.0154	0.017	0.204
11.634	0.0044	0.009	0.650	0.0192	0.031	0.250
11.639	0.0036	0.016	0.616	0.0113	0.039	0.281
11.644	0.0023	0.018	0.590	0.0119	0.061	0.299
11.649	0.0019	0.036	0.567	0.0134	0.093	0.332
11.654	0.0015	0.027	0.514	0.0114	0.181	0.368
11.659	0.0016	0.041	0.390	0.0128	0.266	0.375
11.663	0.0014	0.064	0.382	0.0159	0.363	0.370
11.668	0.0010	0.084	0.408	0.0125	0.373	0.396
11.673	0.0010	0.091	0.320	0.0115	0.431	0.402
11.678	0.0009	0.098	0.277	0.0118	0.504	0.448
11.683	0.0009	0.111	0.174	0.0143	0.535	0.435
11.688	0.0007	0.111	0.148	0.0133	0.553	0.444
11.693	0.0007	0.109	0.107	0.0124	0.763	0.447
11.698	0.0006	0.109	0.142	0.0115	0.778	0.468
11.703	0.0010	0.123	0.126	0.0131	0.634	0.487
11.708	0.0006	0.139	0.205	0.0143	0.527	0.436
11.713	0.0006	0.118	0.173	0.0116	0.638	0.449
11.718	0.0006	0.134	0.160	0.0136	0.656	0.445
11.723	0.0005	0.127	0.194	0.0119	0.580	0.447
11.728	0.0006	0.123	0.215	0.0127	0.616	0.455
11.733	0.0003	0.139	0.230	0.0140	0.683	0.413
11.738	0.0004	0.125	0.169	0.0136	0.802	0.423
11.743	0.0003	0.116	0.204	0.0122	0.812	0.434
11.748	0.0005	0.132	0.158	0.0142	0.755	0.436
11.753	0.0003	0.123	0.207	0.0147	0.738	0.439
11.758	0.0003	0.116	0.207	0.0147	0.738	0.439
11.763	0.0004	0.111	0.207	0.0147	0.738	0.439
11.768	0.0003	0.086	0.207	0.0147	0.738	0.439


##### CLIP 9  (file=zencastr-en_6049f1bff79637001585bcfa-00001_53.wav, duration=10.364s, sr=44100) #####

trail_thresh=0.01345  speech_thresh=0.01878

--- GOLD TOKENS (idx, text, start_s, end_s) ---
0	i	0.0040	0.1671
1	i've	0.1681	0.4772
2	uh	0.5971	0.6938
3	i	0.6948	0.9672
4	i	1.0220	1.2037
5	feel	1.2047	1.4820
6	like	1.4840	1.6720
7	that	1.6740	1.8230
8	harry	1.8250	2.0640
9	and	2.0660	2.1740
10	i'm	2.1760	2.3180
11	glad	2.3200	2.4920
12	you	2.4940	2.6640
13	took	2.6920	2.9500
14	your	3.2750	3.4100
15	turn	3.4120	3.6570
16	in	3.6590	3.7615
17	saying	3.7625	4.0483
18	cause	4.0493	4.1704
19	a-	4.1714	4.2496
20	andy	4.2800	4.6230
21	can	4.6250	4.8960
22	pronounce	4.9219	5.3469
23	it	5.3479	5.4830
24	and	5.5276	5.7420
25	proudly	5.7440	6.1180
26	does	6.1200	6.4192
27	on	6.6530	6.7850
28	regular	6.7870	7.1648
29	occasions	7.1658	7.6740
30	but	7.6760	7.7888
31	i	8.0535	8.2825
32	i	8.3580	8.6150
33	i	8.9000	9.0450
34	don't	9.0470	9.2280
35	dare	9.2300	9.3830
36	go	9.3850	9.5280
37	yeah	9.8240	9.9480

--- RAW CTC (wav2vec2 forced-align, PRE-heuristic-refinement; idx, ctc_word_text, word_start_s, word_end_s, word_score, pipe_start_s, pipe_end_s) ---
0	i	0.0401	0.0601	6.013	0.1002	0.1203
1	i've	0.2606	0.4009	7.811	0.4009	0.4210
2	uh	0.6415	0.7618	-0.750	0.7618	0.7818
3	i	0.7818	0.8019	7.765	0.8620	0.8820
4	i	1.1226	1.1426	8.630	1.2028	1.2429
5	feel	1.2629	1.4433	10.996	1.4634	1.5035
6	like	1.5035	1.6438	12.024	1.6438	1.6839
7	that	1.6839	1.7841	10.093	1.8042	1.8443
8	harry	1.8443	2.0247	9.892	2.0447	2.0848
9	and	2.0848	2.1650	9.116	2.1650	2.1851
10	i'm	2.1851	2.2853	8.823	2.2853	2.3254
11	glad	2.3254	2.4657	10.217	2.4657	2.5659
12	you	2.5659	2.6261	10.011	2.6662	2.7063
13	took	2.7063	2.8666	9.637	2.8867	2.9067
14	your	3.2876	3.4079	9.170	3.4079	3.4480
15	turn	3.4480	3.6284	9.312	3.6685	3.7086
16	in	3.7086	3.7487	8.120	3.7888	3.8289
17	saying	3.8289	4.0494	5.624	4.0494	4.0694
18	cause	4.0694	4.2097	5.258	4.2097	4.2298
19	a-	4.2298	4.2498	1.803	4.2498	4.2699
20	andy	4.3701	4.6107	8.565	4.6307	4.6508
21	can	4.6508	4.8312	9.774	4.8913	4.9314
22	pronounce	4.9515	5.3123	11.117	5.3524	5.4326
23	it	5.4326	5.4727	8.890	5.4727	5.5729
24	and	5.6531	5.7333	7.707	5.7333	5.7533
25	proudly	5.7734	6.1142	11.764	6.1142	6.1542
26	does	6.1542	6.3146	11.629	6.3347	6.3748
27	on	6.7155	6.7556	10.558	6.7757	6.7957
28	regular	6.8158	7.1566	10.929	7.1566	7.2167
29	occasions	7.2368	7.6377	14.370	7.6377	7.6778
30	but	7.6778	7.7780	9.813	7.7780	7.8181
31	i	8.1188	8.1388	6.522	8.1990	8.2190
32	i	8.4796	8.4997	8.941	8.5799	8.6200
33	i	8.9808	9.0008	9.035	9.0209	9.0610
34	don't	9.0610	9.2213	10.630	9.2213	9.2414
35	dare	9.2414	9.3817	9.476	9.3817	9.4218
36	go	9.4218	9.4819	8.962	9.5220	9.6022
37	yeah	9.8227	9.9631	5.533		

--- WHISPER (Groq) OUTPUT (word, start_s, end_s) [independent ASR pass, own word segmentation -- not index-aligned to gold/CTC] ---
I	0.000	0.320
feel	0.320	1.380
like	1.380	1.640
that,	1.640	1.940
Harry,	1.940	2.100
and	2.100	2.140
I'm	2.140	2.320
glad	2.320	2.440
you	2.440	2.600
took	2.600	2.900
your	2.900	3.360
turn	3.360	3.680
in	3.680	3.820
saying	3.820	3.980
it	3.980	4.060
because	3.740	4.200
Andy	4.200	4.580
can	4.580	4.840
pronounce	4.840	5.300
it	5.300	5.480
and	5.480	5.680
proudly	5.680	6.040
does	6.040	6.340
on	6.340	6.740
regular	6.740	7.080
occasions,	7.080	7.520
but	7.720	7.800
I	7.800	9.020
don't	9.020	9.200
dare	9.200	9.420
go...	9.420	9.660

--- SIGNAL TRACE (hop=5ms; time_s, rms, zcr, voicing, spectral_flux, hf_ratio, spectral_flatness) ---
0.000	0.0003	0.039	0.220	0.0000	0.009	0.117
0.005	0.0006	0.045	0.344	0.0174	0.005	0.097
0.010	0.0107	0.025	0.276	0.0268	0.002	0.077
0.015	0.0503	0.039	0.378	0.0325	0.002	0.071
0.020	0.0460	0.023	0.487	0.0218	0.002	0.071
0.025	0.0568	0.032	0.499	0.0150	0.003	0.077
0.030	0.0847	0.027	0.590	0.0148	0.006	0.083
0.035	0.0891	0.032	0.638	0.0126	0.009	0.087
0.040	0.1249	0.032	0.414	0.0228	0.008	0.071
0.045	0.1178	0.030	0.272	0.0292	0.006	0.069
0.050	0.1361	0.025	0.482	0.0206	0.006	0.074
0.055	0.1356	0.034	0.543	0.0189	0.007	0.078
0.060	0.1597	0.027	0.594	0.0189	0.007	0.085
0.065	0.1247	0.025	0.638	0.0182	0.010	0.083
0.070	0.1099	0.030	0.507	0.0224	0.012	0.081
0.075	0.1136	0.032	0.279	0.0263	0.010	0.072
0.080	0.1095	0.027	0.378	0.0204	0.007	0.074
0.085	0.1146	0.020	0.307	0.0294	0.007	0.080
0.090	0.0594	0.030	0.335	0.0288	0.008	0.087
0.095	0.0835	0.030	0.346	0.0276	0.004	0.078
0.100	0.0610	0.023	0.218	0.0206	0.006	0.095
0.105	0.0443	0.027	0.312	0.0187	0.012	0.127
0.110	0.0281	0.025	0.243	0.0289	0.009	0.122
0.115	0.0145	0.025	0.304	0.0370	0.005	0.083
0.120	0.0158	0.027	0.288	0.0274	0.002	0.070
0.125	0.0201	0.025	0.304	0.0393	0.001	0.063
0.130	0.0055	0.023	0.334	0.0370	0.001	0.064
0.135	0.0100	0.032	0.301	0.0295	0.001	0.064
0.140	0.0061	0.018	0.468	0.0241	0.001	0.074
0.145	0.0102	0.020	0.488	0.0328	0.001	0.086
0.150	0.0084	0.014	0.620	0.0147	0.003	0.106
0.155	0.0078	0.018	0.582	0.0152	0.014	0.161
0.160	0.0046	0.023	0.239	0.0260	0.095	0.256
0.165	0.0044	0.034	0.309	0.0257	0.043	0.199
0.170	0.0026	0.084	0.341	0.0203	0.021	0.195
0.175	0.0142	0.039	0.366	0.0282	0.019	0.200
0.180	0.0168	0.064	0.443	0.0182	0.017	0.175
0.185	0.0301	0.048	0.584	0.0200	0.008	0.145
0.190	0.0409	0.027	0.517	0.0139	0.005	0.118
0.195	0.0325	0.041	0.516	0.0213	0.005	0.106
0.200	0.0433	0.025	0.551	0.0213	0.004	0.090
0.205	0.0638	0.032	0.580	0.0248	0.003	0.080
0.210	0.0832	0.030	0.425	0.0165	0.005	0.089
0.215	0.1379	0.032	0.417	0.0271	0.004	0.078
0.220	0.1378	0.032	0.528	0.0226	0.002	0.069
0.224	0.1437	0.025	0.518	0.0243	0.002	0.070
0.229	0.1468	0.020	0.564	0.0239	0.002	0.078
0.234	0.1435	0.025	0.610	0.0150	0.003	0.080
0.239	0.1289	0.027	0.532	0.0215	0.003	0.061
0.244	0.1174	0.025	0.502	0.0272	0.002	0.059
0.249	0.1154	0.025	0.614	0.0235	0.002	0.061
0.254	0.0992	0.027	0.632	0.0141	0.002	0.061
0.259	0.1209	0.025	0.383	0.0215	0.003	0.063
0.264	0.1162	0.027	0.327	0.0321	0.003	0.070
0.269	0.1099	0.025	0.502	0.0216	0.002	0.072
0.274	0.1396	0.025	0.559	0.0229	0.002	0.072
0.279	0.2379	0.030	0.699	0.0127	0.003	0.085
0.284	0.2962	0.023	0.688	0.0149	0.003	0.094
0.289	0.2636	0.025	0.755	0.0113	0.005	0.107
0.294	0.2452	0.030	0.748	0.0098	0.007	0.106
0.299	0.1886	0.027	0.716	0.0131	0.008	0.107
0.304	0.1543	0.027	0.713	0.0117	0.009	0.114
0.309	0.1829	0.023	0.737	0.0097	0.008	0.137
0.314	0.1784	0.018	0.738	0.0118	0.006	0.140
0.319	0.1301	0.025	0.682	0.0167	0.004	0.124
0.324	0.0938	0.009	0.691	0.0133	0.003	0.105
0.329	0.0730	0.014	0.632	0.0122	0.005	0.143
0.334	0.1320	0.032	0.548	0.0105	0.018	0.219
0.339	0.1082	0.030	0.425	0.0108	0.087	0.337
0.344	0.0829	0.027	0.323	0.0126	0.176	0.384
0.349	0.0510	0.107	0.280	0.0163	0.244	0.421
0.354	0.0417	0.114	0.340	0.0106	0.271	0.455
0.359	0.0283	0.070	0.364	0.0106	0.436	0.432
0.364	0.0319	0.120	0.356	0.0097	0.412	0.425
0.369	0.0255	0.173	0.327	0.0117	0.457	0.453
0.374	0.0206	0.173	0.314	0.0129	0.568	0.466
0.379	0.0200	0.186	0.279	0.0118	0.594	0.447
0.384	0.0203	0.191	0.234	0.0159	0.717	0.437
0.389	0.0141	0.173	0.213	0.0106	0.878	0.451
0.394	0.0169	0.250	0.212	0.0100	0.824	0.485
0.399	0.0115	0.250	0.177	0.0231	0.261	0.451
0.404	0.0050	0.057	0.302	0.0155	0.205	0.227
0.409	0.0068	0.064	0.286	0.0120	0.280	0.243
0.414	0.0059	0.064	0.182	0.0117	0.321	0.301
0.419	0.0050	0.082	0.194	0.0121	0.370	0.347
0.424	0.0031	0.093	0.217	0.0145	0.287	0.330
0.429	0.0039	0.107	0.231	0.0155	0.220	0.211
0.434	0.0040	0.052	0.218	0.0132	0.187	0.144
0.439	0.0034	0.061	0.127	0.0258	0.101	0.116
0.444	0.0024	0.034	0.191	0.0320	0.062	0.127
0.449	0.0011	0.036	0.474	0.0131	0.043	0.144
0.454	0.0014	0.043	0.456	0.0172	0.028	0.147
0.459	0.0008	0.030	0.321	0.0196	0.044	0.172
0.464	0.0008	0.043	0.307	0.0240	0.049	0.190
0.469	0.0007	0.050	0.447	0.0162	0.043	0.233
0.474	0.0007	0.027	0.288	0.0225	0.031	0.267
0.479	0.0005	0.023	0.179	0.0358	0.161	0.166
0.484	0.0006	0.023	0.249	0.0127	0.362	0.157
0.489	0.0007	0.034	0.166	0.0144	0.417	0.314
0.494	0.0039	0.068	0.180	0.0115	0.427	0.393
0.499	0.0053	0.114	0.157	0.0100	0.428	0.356
0.504	0.0122	0.107	0.161	0.0154	0.339	0.325
0.509	0.0066	0.102	0.237	0.0164	0.229	0.349
0.514	0.0030	0.089	0.324	0.0135	0.218	0.331
0.519	0.0014	0.098	0.342	0.0117	0.225	0.360
0.524	0.0018	0.082	0.346	0.0138	0.222	0.367
0.529	0.0013	0.089	0.342	0.0132	0.185	0.402
0.534	0.0008	0.095	0.330	0.0089	0.188	0.432
0.539	0.0011	0.098	0.247	0.0122	0.233	0.440
0.544	0.0010	0.084	0.178	0.0104	0.384	0.479
0.549	0.0007	0.134	0.222	0.0106	0.416	0.539
0.554	0.0004	0.130	0.191	0.0106	0.458	0.572
0.559	0.0005	0.148	0.164	0.0123	0.643	0.583
0.564	0.0003	0.141	0.049	0.0134	0.592	0.572
0.569	0.0002	0.159	0.173	0.0182	0.387	0.437
0.574	0.0003	0.132	0.186	0.0066	0.349	0.391
0.579	0.0002	0.152	0.185	0.0119	0.377	0.454
0.584	0.0008	0.143	0.137	0.0248	0.602	0.512
0.589	0.0003	0.105	0.204	0.0092	0.931	0.410
0.594	0.0002	0.150	0.048	0.0211	0.777	0.378
0.599	0.0017	0.123	0.425	0.0179	0.073	0.154
0.604	0.0006	0.095	0.408	0.0154	0.040	0.142
0.609	0.0029	0.055	0.357	0.0269	0.007	0.140
0.614	0.0146	0.032	0.375	0.0329	0.004	0.117
0.619	0.0086	0.020	0.435	0.0123	0.005	0.115
0.624	0.0135	0.025	0.441	0.0303	0.009	0.125
0.629	0.0227	0.025	0.369	0.0339	0.011	0.130
0.634	0.0329	0.030	0.480	0.0199	0.011	0.123
0.639	0.0490	0.030	0.630	0.0168	0.013	0.127
0.644	0.0635	0.036	0.653	0.0230	0.007	0.113
0.649	0.0615	0.032	0.684	0.0230	0.003	0.118
0.654	0.0521	0.025	0.624	0.0153	0.004	0.125
0.659	0.0421	0.034	0.360	0.0361	0.004	0.107
0.663	0.0451	0.027	0.407	0.0366	0.004	0.088
0.668	0.0449	0.032	0.450	0.0193	0.009	0.098
0.673	0.0395	0.030	0.411	0.0165	0.033	0.127
0.678	0.0541	0.048	0.409	0.0271	0.067	0.135
0.683	0.0314	0.032	0.394	0.0310	0.044	0.133
0.688	0.0184	0.045	0.421	0.0353	0.017	0.136
0.693	0.0167	0.034	0.411	0.0359	0.013	0.126
0.698	0.0274	0.032	0.404	0.0190	0.013	0.118
0.703	0.0580	0.041	0.188	0.0276	0.011	0.113
0.708	0.0513	0.027	0.394	0.0520	0.005	0.097
0.713	0.0541	0.036	0.519	0.0291	0.002	0.080
0.718	0.0497	0.032	0.535	0.0119	0.001	0.073
0.723	0.0815	0.027	0.461	0.0271	0.001	0.065
0.728	0.0889	0.025	0.699	0.0130	0.001	0.061
0.733	0.0845	0.032	0.741	0.0059	0.002	0.075
0.738	0.1466	0.030	0.695	0.0099	0.003	0.077
0.743	0.1625	0.032	0.598	0.0200	0.002	0.062
0.748	0.1504	0.032	0.564	0.0230	0.002	0.058
0.753	0.1385	0.020	0.643	0.0220	0.002	0.060
0.758	0.1571	0.023	0.625	0.0134	0.003	0.063
0.763	0.1928	0.025	0.571	0.0254	0.003	0.066
0.768	0.1967	0.023	0.589	0.0205	0.001	0.057
0.773	0.1781	0.025	0.625	0.0226	0.001	0.055
0.778	0.1684	0.030	0.640	0.0181	0.002	0.066
0.783	0.1686	0.030	0.515	0.0224	0.002	0.058
0.788	0.2282	0.032	0.438	0.0215	0.003	0.067
0.793	0.2315	0.032	0.562	0.0179	0.003	0.074
0.798	0.1821	0.032	0.676	0.0145	0.004	0.076
0.803	0.1542	0.034	0.703	0.0132	0.006	0.076
0.808	0.1244	0.034	0.630	0.0164	0.006	0.075
0.813	0.2088	0.034	0.652	0.0173	0.006	0.076
0.818	0.2150	0.027	0.625	0.0219	0.007	0.089
0.823	0.1389	0.030	0.657	0.0156	0.008	0.093
0.828	0.1160	0.025	0.591	0.0142	0.014	0.115
0.833	0.1057	0.016	0.615	0.0160	0.021	0.128
0.838	0.0852	0.023	0.572	0.0142	0.017	0.130
0.843	0.1069	0.025	0.470	0.0221	0.015	0.128
0.848	0.0866	0.020	0.364	0.0148	0.028	0.139
0.853	0.0411	0.020	0.292	0.0260	0.028	0.151
0.858	0.0473	0.045	0.341	0.0172	0.020	0.175
0.863	0.0464	0.030	0.456	0.0207	0.012	0.142
0.868	0.0252	0.041	0.661	0.0115	0.007	0.096
0.873	0.0297	0.018	0.612	0.0180	0.005	0.087
0.878	0.0189	0.034	0.572	0.0124	0.022	0.156
0.883	0.0175	0.023	0.487	0.0152	0.042	0.175
0.888	0.0178	0.045	0.272	0.0161	0.046	0.158
0.893	0.0103	0.034	0.198	0.0162	0.052	0.155
0.898	0.0178	0.055	0.300	0.0215	0.041	0.167
0.903	0.0123	0.061	0.249	0.0213	0.041	0.155
0.908	0.0161	0.055	0.332	0.0190	0.021	0.144
0.913	0.0224	0.064	0.248	0.0205	0.015	0.140
0.918	0.0355	0.061	0.228	0.0232	0.010	0.131
0.923	0.0349	0.039	0.316	0.0283	0.005	0.124
0.928	0.0261	0.034	0.307	0.0228	0.004	0.118
0.933	0.0106	0.032	0.329	0.0205	0.003	0.113
0.938	0.0237	0.036	0.390	0.0380	0.004	0.141
0.943	0.0085	0.034	0.424	0.0242	0.004	0.148
0.948	0.0083	0.034	0.351	0.0274	0.009	0.184
0.953	0.0051	0.036	0.354	0.0253	0.011	0.204
0.958	0.0032	0.050	0.278	0.0204	0.013	0.199
0.963	0.0033	0.027	0.257	0.0164	0.031	0.257
0.968	0.0015	0.052	0.355	0.0202	0.030	0.282
0.973	0.0019	0.048	0.325	0.0138	0.042	0.286
0.978	0.0023	0.041	0.276	0.0177	0.144	0.348
0.983	0.0014	0.075	0.181	0.0170	0.132	0.328
0.988	0.0016	0.064	0.155	0.0142	0.209	0.374
0.993	0.0014	0.066	0.136	0.0129	0.306	0.367
0.998	0.0011	0.077	0.199	0.0128	0.332	0.368
1.003	0.0018	0.100	0.145	0.0133	0.295	0.352
1.008	0.0012	0.109	0.219	0.0161	0.198	0.333
1.013	0.0011	0.075	0.207	0.0123	0.182	0.307
1.018	0.0017	0.066	0.077	0.0217	0.115	0.299
1.023	0.0014	0.075	0.174	0.0532	0.050	0.172
1.028	0.0011	0.059	0.389	0.0203	0.008	0.105
1.033	0.0020	0.034	0.352	0.0211	0.004	0.110
1.038	0.0517	0.032	0.491	0.0193	0.006	0.099
1.043	0.1009	0.036	0.511	0.0223	0.004	0.090
1.048	0.1145	0.027	0.443	0.0197	0.003	0.093
1.053	0.1513	0.030	0.465	0.0239	0.003	0.092
1.058	0.1046	0.030	0.568	0.0207	0.001	0.070
1.063	0.1536	0.023	0.580	0.0193	0.001	0.060
1.068	0.1708	0.025	0.514	0.0320	0.001	0.059
1.073	0.2421	0.027	0.553	0.0220	0.001	0.054
1.078	0.3259	0.025	0.512	0.0192	0.001	0.058
1.083	0.3615	0.027	0.537	0.0270	0.001	0.064
1.088	0.2672	0.023	0.512	0.0206	0.001	0.068
1.093	0.3093	0.023	0.482	0.0259	0.002	0.071
1.098	0.2545	0.030	0.573	0.0190	0.003	0.070
1.102	0.1948	0.030	0.518	0.0188	0.003	0.075
1.107	0.2111	0.036	0.492	0.0242	0.003	0.086
1.112	0.1426	0.030	0.619	0.0211	0.003	0.082
1.117	0.1828	0.025	0.699	0.0135	0.004	0.082
1.122	0.2483	0.032	0.690	0.0166	0.004	0.075
1.127	0.2637	0.027	0.674	0.0166	0.003	0.078
1.132	0.2941	0.027	0.623	0.0148	0.004	0.092
1.137	0.2010	0.020	0.590	0.0172	0.007	0.115
1.142	0.1679	0.020	0.647	0.0122	0.010	0.123
1.147	0.1675	0.023	0.718	0.0114	0.011	0.133
1.152	0.1782	0.023	0.698	0.0133	0.009	0.134
1.157	0.1535	0.016	0.609	0.0153	0.009	0.152
1.162	0.1249	0.020	0.622	0.0154	0.010	0.168
1.167	0.1032	0.016	0.673	0.0141	0.009	0.184
1.172	0.1057	0.020	0.661	0.0116	0.008	0.176
1.177	0.1161	0.032	0.420	0.0166	0.011	0.184
1.182	0.0962	0.009	0.287	0.0147	0.025	0.222
1.187	0.0525	0.030	0.223	0.0130	0.159	0.340
1.192	0.0307	0.041	0.234	0.0094	0.315	0.406
1.197	0.0403	0.120	0.167	0.0120	0.535	0.465
1.202	0.0371	0.152	0.130	0.0107	0.607	0.474
1.207	0.0364	0.184	0.171	0.0128	0.679	0.483
1.212	0.0329	0.202	0.188	0.0111	0.649	0.464
1.217	0.0316	0.227	0.202	0.0107	0.687	0.472
1.222	0.0363	0.182	0.193	0.0144	0.839	0.455
1.227	0.0344	0.225	0.152	0.0118	0.911	0.455
1.232	0.0387	0.261	0.150	0.0113	0.873	0.471
1.237	0.0366	0.255	0.160	0.0112	0.859	0.482
1.242	0.0341	0.223	0.154	0.0133	0.922	0.451
1.247	0.0308	0.232	0.136	0.0105	0.943	0.465
1.252	0.0356	0.261	0.134	0.0148	0.923	0.492
1.257	0.0295	0.259	0.183	0.0122	0.929	0.479
1.262	0.0336	0.248	0.109	0.0120	0.916	0.477
1.267	0.0297	0.239	0.173	0.0130	0.916	0.447
1.272	0.0387	0.220	0.154	0.0120	0.937	0.439
1.277	0.0407	0.248	0.130	0.0112	0.898	0.460
1.282	0.0314	0.218	0.100	0.0131	0.826	0.447
1.287	0.0371	0.207	0.444	0.0407	0.197	0.364
1.292	0.0391	0.180	0.567	0.0365	0.024	0.261
1.297	0.0301	0.061	0.713	0.0220	0.005	0.142
1.302	0.0922	0.016	0.754	0.0121	0.005	0.113
1.307	0.1162	0.018	0.759	0.0134	0.009	0.115
1.312	0.1736	0.025	0.723	0.0144	0.012	0.122
1.317	0.1369	0.034	0.669	0.0149	0.009	0.132
1.322	0.0923	0.036	0.662	0.0168	0.011	0.137
1.327	0.1253	0.032	0.713	0.0109	0.018	0.154
1.332	0.1266	0.014	0.756	0.0101	0.017	0.157
1.337	0.1088	0.025	0.731	0.0134	0.020	0.146
1.342	0.0810	0.016	0.730	0.0131	0.020	0.137
1.347	0.0707	0.018	0.749	0.0094	0.015	0.131
1.352	0.1036	0.014	0.739	0.0164	0.011	0.133
1.357	0.1403	0.009	0.760	0.0148	0.009	0.121
1.362	0.1267	0.011	0.762	0.0097	0.010	0.104
1.367	0.1295	0.009	0.696	0.0157	0.004	0.087
1.372	0.0742	0.011	0.681	0.0204	0.003	0.079
1.377	0.1205	0.011	0.700	0.0195	0.001	0.073
1.382	0.2028	0.009	0.725	0.0154	0.001	0.066
1.387	0.2999	0.011	0.777	0.0127	0.001	0.064
1.392	0.4412	0.009	0.764	0.0122	0.001	0.064
1.397	0.4198	0.011	0.725	0.0157	0.001	0.064
1.402	0.4601	0.009	0.720	0.0196	0.002	0.060
1.407	0.4080	0.009	0.725	0.0121	0.001	0.054
1.412	0.3264	0.011	0.723	0.0151	0.001	0.051
1.417	0.3322	0.014	0.615	0.0227	0.001	0.049
1.422	0.3306	0.009	0.623	0.0256	0.001	0.051
1.427	0.2594	0.009	0.730	0.0391	0.002	0.060
1.432	0.1403	0.014	0.792	0.0168	0.002	0.059
1.437	0.2137	0.014	0.839	0.0162	0.001	0.052
1.442	0.2687	0.007	0.805	0.0121	0.001	0.045
1.447	0.2703	0.009	0.761	0.0178	0.001	0.044
1.452	0.2464	0.009	0.723	0.0207	0.002	0.047
1.457	0.1928	0.018	0.711	0.0122	0.001	0.047
1.462	0.2315	0.016	0.659	0.0169	0.003	0.049
1.467	0.2365	0.014	0.675	0.0142	0.007	0.053
1.472	0.1682	0.014	0.628	0.0111	0.010	0.057
1.477	0.1541	0.018	0.618	0.0205	0.010	0.060
1.482	0.1311	0.011	0.647	0.0182	0.004	0.053
1.487	0.1022	0.020	0.542	0.0241	0.005	0.057
1.492	0.1484	0.009	0.510	0.0297	0.003	0.049
1.497	0.1598	0.007	0.334	0.0323	0.004	0.053
1.502	0.2269	0.023	0.458	0.0382	0.002	0.049
1.507	0.2059	0.027	0.649	0.0168	0.001	0.045
1.512	0.2464	0.030	0.595	0.0172	0.002	0.055
1.517	0.3139	0.027	0.533	0.0220	0.005	0.068
1.522	0.3018	0.030	0.552	0.0118	0.004	0.073
1.527	0.2624	0.027	0.568	0.0220	0.003	0.073
1.532	0.1866	0.030	0.592	0.0212	0.001	0.071
1.537	0.1068	0.020	0.620	0.0145	0.002	0.067
1.541	0.1876	0.018	0.658	0.0122	0.001	0.068
1.546	0.2229	0.025	0.642	0.0132	0.003	0.068
1.551	0.2106	0.027	0.655	0.0091	0.007	0.073
1.556	0.1708	0.032	0.567	0.0183	0.011	0.083
1.561	0.1328	0.023	0.535	0.0161	0.013	0.091
1.566	0.1351	0.027	0.536	0.0137	0.010	0.104
1.571	0.1391	0.014	0.568	0.0184	0.006	0.096
1.576	0.1105	0.014	0.572	0.0165	0.002	0.088
1.581	0.1045	0.014	0.532	0.0136	0.003	0.091
1.586	0.1474	0.018	0.470	0.0145	0.007	0.111
1.591	0.1566	0.011	0.368	0.0186	0.019	0.153
1.596	0.0616	0.018	0.585	0.0270	0.019	0.158
1.601	0.0285	0.027	0.618	0.0217	0.007	0.115
1.606	0.0444	0.011	0.684	0.0155	0.004	0.098
1.611	0.0788	0.014	0.706	0.0145	0.002	0.087
1.616	0.0696	0.014	0.750	0.0270	0.001	0.094
1.621	0.0610	0.011	0.781	0.0125	0.004	0.115
1.626	0.0760	0.007	0.692	0.0260	0.003	0.102
1.631	0.0529	0.009	0.637	0.0244	0.004	0.096
1.636	0.0445	0.025	0.193	0.0361	0.024	0.140
1.641	0.0192	0.030	0.378	0.0260	0.010	0.148
1.646	0.0174	0.014	0.513	0.0158	0.002	0.162
1.651	0.0139	0.016	0.419	0.0135	0.003	0.194
1.656	0.0151	0.016	0.262	0.0215	0.014	0.239
1.661	0.0118	0.014	0.345	0.0215	0.014	0.244
1.666	0.0085	0.039	0.492	0.0206	0.009	0.232
1.671	0.0158	0.034	0.437	0.0112	0.015	0.221
1.676	0.0179	0.011	0.387	0.0263	0.009	0.152
1.681	0.0123	0.018	0.335	0.0223	0.006	0.108
1.686	0.0161	0.023	0.489	0.0270	0.003	0.088
1.691	0.0737	0.030	0.528	0.0191	0.004	0.088
1.696	0.1124	0.018	0.508	0.0244	0.004	0.095
1.701	0.0698	0.036	0.523	0.0150	0.004	0.097
1.706	0.1111	0.025	0.458	0.0231	0.003	0.085
1.711	0.1747	0.014	0.538	0.0239	0.002	0.082
1.716	0.1159	0.018	0.519	0.0374	0.002	0.081
1.721	0.1647	0.025	0.517	0.0227	0.003	0.075
1.726	0.1679	0.016	0.561	0.0285	0.003	0.068
1.731	0.1776	0.016	0.598	0.0172	0.002	0.062
1.736	0.1551	0.023	0.585	0.0281	0.003	0.062
1.741	0.1838	0.020	0.609	0.0164	0.004	0.064
1.746	0.2434	0.027	0.374	0.0273	0.006	0.077
1.751	0.1101	0.023	0.376	0.0275	0.009	0.086
1.756	0.0960	0.032	0.246	0.0399	0.029	0.102
1.761	0.0699	0.025	0.495	0.0196	0.028	0.108
1.766	0.0497	0.032	0.573	0.0242	0.006	0.103
1.771	0.0453	0.030	0.518	0.0214	0.053	0.136
1.776	0.0445	0.025	0.571	0.0270	0.049	0.142
1.781	0.0324	0.041	0.621	0.0217	0.018	0.157
1.786	0.0425	0.023	0.502	0.0215	0.012	0.168
1.791	0.0530	0.027	0.280	0.0258	0.025	0.170
1.796	0.0366	0.030	0.415	0.0211	0.024	0.184
1.801	0.0261	0.043	0.452	0.0122	0.024	0.184
1.806	0.0464	0.030	0.377	0.0200	0.046	0.224
1.811	0.0408	0.043	0.284	0.0225	0.049	0.214
1.816	0.0226	0.055	0.312	0.0192	0.056	0.189
1.821	0.0345	0.036	0.184	0.0218	0.051	0.197
1.826	0.0479	0.030	0.282	0.0168	0.070	0.220
1.831	0.0339	0.032	0.399	0.0155	0.056	0.221
1.836	0.0521	0.052	0.357	0.0132	0.072	0.221
1.841	0.0662	0.030	0.269	0.0229	0.083	0.242
1.846	0.0414	0.048	0.231	0.0246	0.036	0.218
1.851	0.0410	0.041	0.356	0.0180	0.022	0.221
1.856	0.0603	0.032	0.434	0.0170	0.024	0.203
1.861	0.0317	0.030	0.330	0.0363	0.014	0.164
1.866	0.0640	0.025	0.411	0.0205	0.008	0.126
1.871	0.0831	0.025	0.486	0.0276	0.007	0.102
1.876	0.0636	0.023	0.497	0.0374	0.002	0.080
1.881	0.1385	0.027	0.629	0.0292	0.001	0.066
1.886	0.2638	0.030	0.730	0.0180	0.000	0.054
1.891	0.2023	0.030	0.635	0.0215	0.000	0.052
1.896	0.3261	0.030	0.483	0.0176	0.000	0.053
1.901	0.3581	0.030	0.517	0.0146	0.001	0.062
1.906	0.1946	0.027	0.586	0.0245	0.001	0.059
1.911	0.1434	0.025	0.587	0.0247	0.001	0.056
1.916	0.1549	0.027	0.538	0.0219	0.001	0.056
1.921	0.2441	0.032	0.593	0.0256	0.001	0.054
1.926	0.1075	0.027	0.575	0.0113	0.001	0.056
1.931	0.1251	0.025	0.530	0.0163	0.001	0.055
1.936	0.2043	0.027	0.523	0.0137	0.001	0.049
1.941	0.1517	0.025	0.541	0.0153	0.001	0.050
1.946	0.0745	0.023	0.575	0.0234	0.001	0.054
1.951	0.1217	0.027	0.579	0.0248	0.001	0.052
1.956	0.1325	0.014	0.609	0.0180	0.000	0.049
1.961	0.0777	0.014	0.595	0.0241	0.001	0.054
1.966	0.1046	0.014	0.655	0.0239	0.000	0.051
1.971	0.1567	0.016	0.692	0.0199	0.000	0.053
1.976	0.1172	0.009	0.712	0.0181	0.000	0.048
1.980	0.1410	0.009	0.702	0.0188	0.000	0.044
1.985	0.1696	0.009	0.750	0.0175	0.000	0.049
1.990	0.1444	0.009	0.721	0.0157	0.000	0.054
1.995	0.1338	0.009	0.719	0.0163	0.000	0.050
2.000	0.1580	0.011	0.753	0.0139	0.000	0.044
2.005	0.1997	0.009	0.761	0.0179	0.000	0.045
2.010	0.1460	0.009	0.772	0.0148	0.000	0.051
2.015	0.2131	0.009	0.797	0.0183	0.000	0.054
2.020	0.2342	0.009	0.801	0.0145	0.000	0.051
2.025	0.1623	0.009	0.804	0.0094	0.000	0.048
2.030	0.2207	0.009	0.815	0.0134	0.000	0.047
2.035	0.2279	0.009	0.816	0.0180	0.000	0.047
2.040	0.1549	0.009	0.818	0.0119	0.000	0.045
2.045	0.1960	0.009	0.796	0.0111	0.000	0.063
2.050	0.1939	0.009	0.769	0.0083	0.001	0.073
2.055	0.1461	0.009	0.708	0.0117	0.001	0.074
2.060	0.1311	0.009	0.654	0.0097	0.003	0.083
2.065	0.1152	0.018	0.596	0.0204	0.005	0.099
2.070	0.1003	0.023	0.568	0.0185	0.007	0.099
2.075	0.0746	0.023	0.511	0.0208	0.003	0.090
2.080	0.0788	0.018	0.537	0.0181	0.004	0.104
2.085	0.0517	0.018	0.600	0.0232	0.008	0.115
2.090	0.0375	0.018	0.536	0.0229	0.005	0.107
2.095	0.0572	0.018	0.455	0.0260	0.002	0.084
2.100	0.0243	0.011	0.410	0.0434	0.001	0.069
2.105	0.0245	0.020	0.549	0.0353	0.001	0.062
2.110	0.0451	0.005	0.628	0.0484	0.001	0.061
2.115	0.0276	0.011	0.555	0.0447	0.002	0.063
2.120	0.0593	0.020	0.611	0.0212	0.002	0.058
2.125	0.0427	0.005	0.660	0.0242	0.001	0.050
2.130	0.0173	0.011	0.558	0.0205	0.001	0.047
2.135	0.0652	0.007	0.602	0.0301	0.001	0.047
2.140	0.0520	0.005	0.590	0.0414	0.001	0.052
2.145	0.0155	0.016	0.528	0.0281	0.001	0.069
2.150	0.0704	0.007	0.475	0.0244	0.001	0.073
2.155	0.0727	0.009	0.560	0.0152	0.001	0.068
2.160	0.0466	0.011	0.536	0.0218	0.001	0.071
2.165	0.0466	0.020	0.524	0.0169	0.001	0.077
2.170	0.1118	0.011	0.595	0.0127	0.003	0.084
2.175	0.0480	0.016	0.581	0.0197	0.003	0.103
2.180	0.0374	0.018	0.518	0.0179	0.002	0.096
2.185	0.0788	0.011	0.568	0.0182	0.003	0.086
2.190	0.0497	0.023	0.540	0.0195	0.003	0.093
2.195	0.0481	0.025	0.548	0.0167	0.002	0.085
2.200	0.0905	0.030	0.570	0.0168	0.002	0.082
2.205	0.0910	0.027	0.601	0.0175	0.001	0.071
2.210	0.0659	0.027	0.478	0.0204	0.001	0.073
2.215	0.0861	0.016	0.472	0.0271	0.001	0.061
2.220	0.0584	0.011	0.459	0.0323	0.001	0.050
2.225	0.0569	0.018	0.538	0.0294	0.001	0.050
2.230	0.0615	0.011	0.615	0.0188	0.001	0.046
2.235	0.0513	0.007	0.650	0.0121	0.001	0.046
2.240	0.0356	0.005	0.632	0.0131	0.001	0.045
2.245	0.0338	0.007	0.598	0.0124	0.000	0.041
2.250	0.0693	0.014	0.628	0.0153	0.000	0.042
2.255	0.0431	0.005	0.633	0.0141	0.000	0.043
2.260	0.0199	0.007	0.602	0.0103	0.000	0.046
2.265	0.0407	0.002	0.592	0.0170	0.000	0.050
2.270	0.0480	0.005	0.606	0.0270	0.000	0.051
2.275	0.0114	0.014	0.585	0.0311	0.000	0.069
2.280	0.0246	0.014	0.535	0.0202	0.000	0.078
2.285	0.0363	0.009	0.460	0.0440	0.000	0.057
2.290	0.0204	0.005	0.403	0.0261	0.000	0.074
2.295	0.0035	0.011	0.306	0.0230	0.001	0.098
2.300	0.0111	0.007	0.303	0.0352	0.001	0.091
2.305	0.0059	0.020	0.128	0.0312	0.001	0.105
2.310	0.0046	0.007	0.066	0.0281	0.022	0.216
2.315	0.0023	0.011	0.237	0.0077	0.066	0.283
2.320	0.0053	0.007	0.242	0.0129	0.139	0.330
2.325	0.0334	0.086	0.119	0.0149	0.156	0.268
2.330	0.0268	0.073	0.228	0.0372	0.089	0.234
2.335	0.0349	0.061	0.525	0.0355	0.005	0.111
2.340	0.0304	0.018	0.552	0.0232	0.001	0.074
2.345	0.0922	0.027	0.564	0.0258	0.001	0.060
2.350	0.1328	0.007	0.646	0.0183	0.001	0.054
2.355	0.1945	0.023	0.684	0.0144	0.001	0.053
2.360	0.2315	0.032	0.702	0.0142	0.001	0.051
2.365	0.2313	0.030	0.692	0.0105	0.002	0.059
2.370	0.2352	0.023	0.658	0.0123	0.003	0.059
2.375	0.1762	0.020	0.623	0.0126	0.008	0.070
2.380	0.2053	0.027	0.617	0.0134	0.011	0.077
2.385	0.2714	0.020	0.641	0.0090	0.012	0.088
2.390	0.2152	0.018	0.628	0.0130	0.010	0.086
2.395	0.1595	0.020	0.602	0.0107	0.011	0.103
2.400	0.1964	0.018	0.522	0.0152	0.011	0.100
2.405	0.2197	0.036	0.420	0.0192	0.008	0.110
2.410	0.1997	0.027	0.315	0.0150	0.017	0.150
2.415	0.1597	0.032	0.257	0.0264	0.023	0.160
2.420	0.0890	0.036	0.341	0.0326	0.004	0.101
2.424	0.0369	0.025	0.473	0.0149	0.003	0.103
2.429	0.0408	0.025	0.509	0.0165	0.003	0.093
2.434	0.0339	0.009	0.529	0.0165	0.001	0.065
2.439	0.0366	0.016	0.499	0.0163	0.001	0.069
2.444	0.0404	0.018	0.393	0.0237	0.001	0.076
2.449	0.0245	0.020	0.353	0.0133	0.003	0.100
2.454	0.0207	0.020	0.288	0.0306	0.009	0.158
2.459	0.0160	0.018	0.336	0.0189	0.017	0.208
2.464	0.0106	0.023	0.446	0.0105	0.034	0.252
2.469	0.0244	0.020	0.454	0.0140	0.049	0.250
2.474	0.0189	0.018	0.455	0.0129	0.045	0.262
2.479	0.0215	0.025	0.495	0.0158	0.053	0.238
2.484	0.0219	0.018	0.517	0.0109	0.067	0.244
2.489	0.0194	0.027	0.524	0.0157	0.073	0.239
2.494	0.0245	0.030	0.529	0.0146	0.074	0.218
2.499	0.0272	0.039	0.524	0.0151	0.088	0.213
2.504	0.0385	0.030	0.519	0.0159	0.084	0.197
2.509	0.0273	0.057	0.488	0.0136	0.080	0.198
2.514	0.0188	0.064	0.571	0.0171	0.031	0.191
2.519	0.0333	0.043	0.589	0.0148	0.018	0.168
2.524	0.0426	0.036	0.624	0.0174	0.007	0.147
2.529	0.0472	0.014	0.621	0.0156	0.005	0.135
2.534	0.0321	0.020	0.672	0.0118	0.004	0.123
2.539	0.0152	0.014	0.677	0.0189	0.002	0.105
2.544	0.0483	0.018	0.680	0.0146	0.001	0.092
2.549	0.0701	0.007	0.716	0.0107	0.002	0.082
2.554	0.0741	0.005	0.708	0.0107	0.002	0.072
2.559	0.0694	0.007	0.684	0.0263	0.001	0.069
2.564	0.0699	0.016	0.689	0.0288	0.001	0.066
2.569	0.0260	0.016	0.666	0.0127	0.001	0.070
2.574	0.0325	0.014	0.647	0.0130	0.001	0.070
2.579	0.0800	0.030	0.698	0.0114	0.001	0.065
2.584	0.1038	0.023	0.695	0.0123	0.001	0.068
2.589	0.1126	0.018	0.689	0.0115	0.001	0.069
2.594	0.0921	0.016	0.694	0.0104	0.001	0.068
2.599	0.0719	0.011	0.620	0.0174	0.001	0.070
2.604	0.0349	0.011	0.648	0.0191	0.002	0.083
2.609	0.0318	0.009	0.683	0.0152	0.002	0.085
2.614	0.0973	0.007	0.644	0.0146	0.001	0.107
2.619	0.0993	0.005	0.555	0.0199	0.005	0.175
2.624	0.0545	0.009	0.361	0.0134	0.028	0.270
2.629	0.0456	0.016	0.269	0.0113	0.041	0.300
2.634	0.0277	0.036	0.305	0.0329	0.029	0.324
2.639	0.0136	0.064	0.471	0.0318	0.008	0.248
2.644	0.0111	0.018	0.599	0.0207	0.005	0.185
2.649	0.0098	0.034	0.641	0.0255	0.002	0.137
2.654	0.0168	0.005	0.581	0.0127	0.003	0.137
2.659	0.0159	0.011	0.493	0.0268	0.003	0.147
2.664	0.0047	0.009	0.471	0.0332	0.003	0.174
2.669	0.0024	0.027	0.584	0.0311	0.002	0.158
2.674	0.0051	0.011	0.387	0.0189	0.002	0.139
2.679	0.0037	0.009	0.154	0.0367	0.045	0.184
2.684	0.0048	0.007	0.111	0.0100	0.235	0.367
2.689	0.0014	0.020	0.148	0.0119	0.458	0.445
2.694	0.0098	0.082	0.147	0.0133	0.688	0.409
2.699	0.0116	0.139	0.206	0.0154	0.871	0.384
2.704	0.0226	0.168	0.151	0.0144	0.822	0.349
2.709	0.0413	0.148	0.146	0.0149	0.798	0.359
2.714	0.0499	0.116	0.159	0.0144	0.642	0.387
2.719	0.0441	0.134	0.129	0.0120	0.452	0.368
2.724	0.0457	0.105	0.131	0.0119	0.455	0.373
2.729	0.0303	0.127	0.133	0.0120	0.451	0.387
2.734	0.0230	0.130	0.198	0.0249	0.190	0.320
2.739	0.0123	0.114	0.246	0.0382	0.053	0.222
2.744	0.0199	0.055	0.405	0.0282	0.007	0.142
2.749	0.0280	0.018	0.431	0.0382	0.004	0.109
2.754	0.0776	0.005	0.501	0.0302	0.002	0.071
2.759	0.0609	0.014	0.552	0.0279	0.001	0.060
2.764	0.1408	0.009	0.564	0.0201	0.001	0.061
2.769	0.1686	0.014	0.407	0.0238	0.002	0.067
2.774	0.1442	0.020	0.358	0.0345	0.002	0.082
2.779	0.1031	0.014	0.468	0.0262	0.002	0.087
2.784	0.0808	0.016	0.480	0.0320	0.001	0.096
2.789	0.0714	0.005	0.402	0.0239	0.002	0.111
2.794	0.0567	0.016	0.313	0.0235	0.003	0.143
2.799	0.0440	0.018	0.278	0.0273	0.004	0.147
2.804	0.0199	0.032	0.265	0.0414	0.001	0.072
2.809	0.0157	0.027	0.336	0.0318	0.001	0.070
2.814	0.0159	0.007	0.473	0.0360	0.001	0.056
2.819	0.0097	0.009	0.521	0.0153	0.000	0.056
2.824	0.0213	0.023	0.354	0.0330	0.002	0.105
2.829	0.0120	0.011	0.385	0.0273	0.008	0.154
2.834	0.0076	0.020	0.443	0.0172	0.014	0.167
2.839	0.0057	0.027	0.392	0.0268	0.017	0.167
2.844	0.0060	0.023	0.308	0.0200	0.016	0.166
2.849	0.0061	0.018	0.308	0.0319	0.014	0.169
2.854	0.0031	0.020	0.352	0.0164	0.013	0.152
2.859	0.0049	0.023	0.308	0.0178	0.019	0.169
2.863	0.0041	0.020	0.141	0.0268	0.029	0.180
2.868	0.0021	0.048	0.202	0.0464	0.018	0.191
2.873	0.0010	0.027	0.312	0.0331	0.008	0.169
2.878	0.0014	0.014	0.454	0.0259	0.005	0.152
2.883	0.0018	0.020	0.473	0.0164	0.007	0.118
2.888	0.0021	0.014	0.056	0.0537	0.014	0.201
2.893	0.0013	0.016	0.216	0.0157	0.012	0.187
2.898	0.0007	0.030	0.299	0.0229	0.013	0.186
2.903	0.0182	0.043	0.302	0.0187	0.014	0.238
2.908	0.0268	0.036	0.418	0.0203	0.014	0.263
2.913	0.0152	0.048	0.344	0.0139	0.022	0.281
2.918	0.0331	0.050	0.364	0.0124	0.051	0.320
2.923	0.0249	0.075	0.310	0.0317	0.024	0.266
2.928	0.0086	0.080	0.312	0.0218	0.016	0.228
2.933	0.0182	0.043	0.337	0.0195	0.018	0.245
2.938	0.0335	0.041	0.288	0.0194	0.033	0.276
2.943	0.0158	0.043	0.266	0.0253	0.033	0.278
2.948	0.0100	0.055	0.330	0.0156	0.038	0.267
2.953	0.0161	0.048	0.301	0.0347	0.035	0.258
2.958	0.0067	0.064	0.275	0.0251	0.028	0.275
2.963	0.0088	0.036	0.555	0.0220	0.021	0.270
2.968	0.0036	0.045	0.568	0.0125	0.019	0.247
2.973	0.0053	0.039	0.392	0.0231	0.036	0.260
2.978	0.0036	0.048	0.285	0.0183	0.042	0.247
2.983	0.0013	0.055	0.202	0.0210	0.028	0.241
2.988	0.0020	0.041	0.315	0.0255	0.016	0.226
2.993	0.0011	0.036	0.363	0.0510	0.011	0.218
2.998	0.0009	0.034	0.284	0.0323	0.005	0.203
3.003	0.0009	0.036	0.357	0.0212	0.007	0.227
3.008	0.0008	0.034	0.276	0.0400	0.008	0.234
3.013	0.0003	0.034	0.319	0.0519	0.005	0.238
3.018	0.0005	0.041	0.240	0.0347	0.004	0.216
3.023	0.0005	0.039	0.317	0.0198	0.007	0.266
3.028	0.0006	0.034	0.184	0.0137	0.021	0.385
3.033	0.0002	0.036	0.208	0.0264	0.029	0.447
3.038	0.0002	0.045	0.203	0.0247	0.025	0.468
3.043	0.0001	0.057	0.319	0.0135	0.025	0.433
3.048	0.0002	0.039	0.340	0.0121	0.041	0.480
3.053	0.0001	0.036	0.324	0.0143	0.062	0.524
3.058	0.0001	0.068	0.275	0.0177	0.046	0.501
3.063	0.0001	0.052	0.190	0.0160	0.050	0.504
3.068	0.0001	0.048	0.249	0.0113	0.084	0.578
3.073	0.0001	0.075	0.200	0.0157	0.106	0.603
3.078	0.0000	0.043	0.150	0.0122	0.139	0.595
3.083	0.0001	0.045	0.202	0.0109	0.282	0.629
3.088	0.0000	0.052	0.220	0.0113	0.331	0.706
3.093	0.0000	0.061	0.132	0.0111	0.294	0.719
3.098	0.0000	0.027	0.196	0.0211	0.331	0.684
3.103	0.0000	0.050	0.208	0.0109	0.206	0.671
3.108	0.0000	0.082	0.086	0.0158	0.159	0.674
3.113	0.0000	0.075	0.274	0.0182	0.116	0.634
3.118	0.0000	0.048	0.269	0.0143	0.117	0.625
3.123	0.0000	0.020	0.293	0.0141	0.068	0.590
3.128	0.0000	0.032	0.224	0.0229	0.043	0.568
3.133	0.0001	0.018	0.301	0.0103	0.063	0.598
3.138	0.0001	0.016	0.230	0.0135	0.101	0.624
3.143	0.0000	0.055	0.313	0.0127	0.074	0.591
3.148	0.0000	0.036	0.194	0.0248	0.066	0.599
3.153	0.0000	0.057	0.134	0.0242	0.062	0.618
3.158	0.0000	0.075	0.174	0.0194	0.127	0.597
3.163	0.0001	0.007	0.230	0.0091	0.530	0.553
3.168	0.0000	0.059	0.225	0.0103	0.491	0.603
3.173	0.0001	0.125	0.063	0.0246	0.093	0.648
3.178	0.0000	0.023	0.182	0.0111	0.144	0.664
3.183	0.0001	0.041	0.018	0.1790	0.009	0.453
3.188	0.0000	0.036	0.106	0.0347	0.271	0.308
3.193	0.0000	0.091	0.187	0.0150	0.224	0.273
3.198	0.0001	0.075	0.426	0.0348	0.110	0.249
3.203	0.0039	0.093	0.459	0.0345	0.031	0.201
3.208	0.0065	0.061	0.552	0.0345	0.015	0.172
3.213	0.0081	0.020	0.595	0.0218	0.011	0.169
3.218	0.0135	0.020	0.647	0.0136	0.010	0.163
3.223	0.0151	0.009	0.680	0.0287	0.007	0.126
3.228	0.0122	0.009	0.690	0.0281	0.004	0.106
3.233	0.0127	0.005	0.674	0.0335	0.002	0.097
3.238	0.0085	0.002	0.672	0.0285	0.001	0.095
3.243	0.0080	0.005	0.668	0.0126	0.001	0.084
3.248	0.0157	0.002	0.690	0.0143	0.001	0.078
3.253	0.0148	0.005	0.645	0.0156	0.001	0.070
3.258	0.0139	0.005	0.660	0.0212	0.001	0.068
3.263	0.0117	0.002	0.645	0.0141	0.003	0.070
3.268	0.0087	0.005	0.615	0.0144	0.004	0.067
3.273	0.0162	0.002	0.546	0.0160	0.004	0.068
3.278	0.0127	0.005	0.507	0.0205	0.003	0.073
3.283	0.0064	0.011	0.501	0.0283	0.001	0.068
3.288	0.0113	0.011	0.604	0.0298	0.001	0.065
3.293	0.0344	0.011	0.700	0.0185	0.002	0.065
3.298	0.0561	0.007	0.685	0.0330	0.001	0.056
3.302	0.0597	0.007	0.373	0.0193	0.003	0.087
3.307	0.0944	0.009	0.431	0.0424	0.008	0.119
3.312	0.0308	0.020	0.606	0.0405	0.001	0.086
3.317	0.0538	0.020	0.621	0.0204	0.001	0.068
3.322	0.1226	0.009	0.605	0.0210	0.011	0.102
3.327	0.1883	0.009	0.485	0.0154	0.019	0.113
3.332	0.1305	0.014	0.320	0.0355	0.008	0.121
3.337	0.0364	0.027	0.424	0.0213	0.009	0.134
3.342	0.0324	0.007	0.395	0.0273	0.017	0.163
3.347	0.0150	0.020	0.403	0.0204	0.022	0.159
3.352	0.0397	0.018	0.340	0.0224	0.015	0.153
3.357	0.0357	0.020	0.295	0.0202	0.038	0.194
3.362	0.0348	0.025	0.213	0.0101	0.209	0.281
3.367	0.0168	0.052	0.169	0.0274	0.185	0.300
3.372	0.0111	0.100	0.260	0.0141	0.091	0.272
3.377	0.0168	0.030	0.250	0.0190	0.081	0.242
3.382	0.0096	0.036	0.244	0.0258	0.042	0.186
3.387	0.0068	0.025	0.282	0.0216	0.041	0.225
3.392	0.0059	0.023	0.372	0.0119	0.199	0.339
3.397	0.0035	0.045	0.189	0.0162	0.223	0.356
3.402	0.0070	0.075	0.178	0.0185	0.657	0.351
3.407	0.0050	0.077	0.159	0.0134	0.814	0.374
3.412	0.0052	0.116	0.213	0.0151	0.779	0.363
3.417	0.0097	0.123	0.220	0.0136	0.878	0.319
3.422	0.0116	0.118	0.203	0.0121	0.951	0.306
3.427	0.0297	0.134	0.150	0.0192	0.949	0.320
3.432	0.0267	0.152	0.182	0.0150	0.929	0.339
3.437	0.0445	0.120	0.180	0.0164	0.915	0.324
3.442	0.0418	0.125	0.215	0.0159	0.877	0.325
3.447	0.0412	0.123	0.189	0.0131	0.846	0.346
3.452	0.0451	0.111	0.162	0.0147	0.650	0.365
3.457	0.0281	0.132	0.138	0.0151	0.516	0.345
3.462	0.0197	0.100	0.175	0.0150	0.367	0.307
3.467	0.0191	0.077	0.235	0.0178	0.288	0.278
3.472	0.0134	0.102	0.325	0.0290	0.078	0.232
3.477	0.0134	0.073	0.332	0.0263	0.030	0.182
3.482	0.0196	0.030	0.497	0.0206	0.013	0.144
3.487	0.0326	0.023	0.570	0.0248	0.009	0.123
3.492	0.0221	0.036	0.631	0.0156	0.008	0.093
3.497	0.0573	0.014	0.658	0.0173	0.009	0.080
3.502	0.0991	0.016	0.691	0.0157	0.006	0.066
3.507	0.1401	0.023	0.691	0.0092	0.005	0.064
3.512	0.1607	0.014	0.667	0.0125	0.002	0.055
3.517	0.1347	0.020	0.645	0.0167	0.001	0.051
3.522	0.0948	0.018	0.643	0.0195	0.001	0.044
3.527	0.1522	0.011	0.687	0.0123	0.001	0.041
3.532	0.1860	0.016	0.620	0.0106	0.001	0.045
3.537	0.2286	0.016	0.577	0.0186	0.001	0.047
3.542	0.2152	0.016	0.659	0.0171	0.001	0.044
3.547	0.1687	0.011	0.655	0.0107	0.002	0.044
3.552	0.0689	0.011	0.624	0.0139	0.003	0.050
3.557	0.1213	0.018	0.629	0.0108	0.004	0.051
3.562	0.1646	0.016	0.642	0.0140	0.004	0.056
3.567	0.2022	0.027	0.646	0.0087	0.004	0.056
3.572	0.1465	0.025	0.656	0.0096	0.006	0.054
3.577	0.0747	0.025	0.603	0.0134	0.008	0.062
3.582	0.1402	0.025	0.564	0.0212	0.006	0.066
3.587	0.1894	0.023	0.597	0.0285	0.004	0.065
3.592	0.1820	0.011	0.691	0.0090	0.002	0.060
3.597	0.1308	0.011	0.666	0.0079	0.001	0.060
3.602	0.2179	0.011	0.655	0.0089	0.001	0.057
3.607	0.2267	0.009	0.681	0.0105	0.001	0.054
3.612	0.1992	0.011	0.638	0.0086	0.000	0.057
3.617	0.1407	0.009	0.559	0.0147	0.001	0.067
3.622	0.1072	0.011	0.501	0.0192	0.001	0.077
3.627	0.0807	0.014	0.573	0.0150	0.001	0.078
3.632	0.0848	0.027	0.614	0.0153	0.001	0.074
3.637	0.0801	0.023	0.609	0.0175	0.001	0.071
3.642	0.0249	0.018	0.640	0.0170	0.001	0.068
3.647	0.0299	0.018	0.621	0.0165	0.001	0.069
3.652	0.1006	0.016	0.645	0.0120	0.000	0.061
3.657	0.0925	0.009	0.653	0.0088	0.000	0.058
3.662	0.0290	0.014	0.664	0.0248	0.000	0.055
3.667	0.0487	0.011	0.651	0.0122	0.001	0.054
3.672	0.1507	0.020	0.647	0.0164	0.001	0.049
3.677	0.0857	0.007	0.639	0.0320	0.001	0.051
3.682	0.0209	0.016	0.632	0.0297	0.001	0.054
3.687	0.1146	0.011	0.620	0.0221	0.001	0.054
3.692	0.0912	0.007	0.645	0.0216	0.000	0.049
3.697	0.0245	0.009	0.558	0.0250	0.000	0.058
3.702	0.0470	0.007	0.521	0.0249	0.000	0.055
3.707	0.0786	0.007	0.598	0.0353	0.001	0.056
3.712	0.0359	0.005	0.639	0.0377	0.001	0.057
3.717	0.0304	0.011	0.630	0.0206	0.001	0.056
3.722	0.0587	0.011	0.638	0.0313	0.001	0.054
3.727	0.0337	0.005	0.589	0.0377	0.001	0.072
3.732	0.0199	0.007	0.461	0.0225	0.002	0.090
3.737	0.0569	0.014	0.493	0.0275	0.008	0.126
3.741	0.0334	0.002	0.531	0.0159	0.031	0.149
3.746	0.0172	0.007	0.373	0.0184	0.102	0.229
3.751	0.0168	0.009	0.226	0.0154	0.580	0.283
3.756	0.0228	0.064	0.177	0.0154	0.818	0.301
3.761	0.0224	0.118	0.133	0.0116	0.864	0.309
3.766	0.0202	0.141	0.164	0.0134	0.807	0.318
3.771	0.0212	0.130	0.203	0.0136	0.784	0.340
3.776	0.0171	0.166	0.157	0.0123	0.835	0.343
3.781	0.0144	0.148	0.127	0.0124	0.845	0.362
3.786	0.0163	0.180	0.114	0.0120	0.869	0.380
3.791	0.0135	0.152	0.142	0.0136	0.923	0.386
3.796	0.0166	0.186	0.140	0.0143	0.931	0.361
3.801	0.0179	0.177	0.237	0.0132	0.954	0.343
3.806	0.0165	0.168	0.212	0.0159	0.957	0.337
3.811	0.0214	0.157	0.162	0.0106	0.949	0.377
3.816	0.0247	0.143	0.151	0.0122	0.926	0.393
3.821	0.0196	0.166	0.115	0.0127	0.803	0.369
3.826	0.0169	0.141	0.109	0.0104	0.712	0.359
3.831	0.0216	0.157	0.093	0.0191	0.495	0.325
3.836	0.0163	0.123	0.143	0.0400	0.232	0.255
3.841	0.0149	0.070	0.410	0.0502	0.015	0.136
3.846	0.0124	0.032	0.585	0.0383	0.004	0.095
3.851	0.0577	0.018	0.753	0.0201	0.001	0.064
3.856	0.1410	0.009	0.736	0.0117	0.000	0.057
3.861	0.2176	0.009	0.631	0.0201	0.001	0.055
3.866	0.1910	0.011	0.572	0.0129	0.003	0.064
3.871	0.1140	0.009	0.707	0.0090	0.004	0.079
3.876	0.1252	0.007	0.687	0.0093	0.005	0.086
3.881	0.1025	0.009	0.652	0.0133	0.005	0.084
3.886	0.1137	0.016	0.692	0.0155	0.004	0.080
3.891	0.0848	0.009	0.702	0.0153	0.002	0.078
3.896	0.1213	0.016	0.666	0.0093	0.003	0.084
3.901	0.0967	0.018	0.674	0.0085	0.003	0.076
3.906	0.0934	0.011	0.687	0.0139	0.002	0.075
3.911	0.1069	0.014	0.669	0.0112	0.002	0.075
3.916	0.1354	0.011	0.660	0.0115	0.002	0.065
3.921	0.1113	0.014	0.514	0.0142	0.003	0.062
3.926	0.1135	0.020	0.526	0.0224	0.007	0.064
3.931	0.0800	0.020	0.631	0.0160	0.008	0.068
3.936	0.1196	0.018	0.592	0.0144	0.007	0.070
3.941	0.0933	0.020	0.601	0.0178	0.004	0.064
3.946	0.0713	0.016	0.604	0.0118	0.005	0.072
3.951	0.0569	0.025	0.619	0.0146	0.011	0.079
3.956	0.0504	0.030	0.648	0.0123	0.007	0.078
3.961	0.1148	0.027	0.647	0.0173	0.004	0.075
3.966	0.1163	0.023	0.642	0.0110	0.004	0.080
3.971	0.0728	0.020	0.618	0.0105	0.004	0.102
3.976	0.0153	0.032	0.610	0.0183	0.003	0.103
3.981	0.0227	0.032	0.594	0.0171	0.002	0.089
3.986	0.0737	0.025	0.600	0.0129	0.002	0.095
3.991	0.0643	0.014	0.570	0.0202	0.002	0.098
3.996	0.0172	0.018	0.538	0.0281	0.001	0.086
4.001	0.0325	0.016	0.489	0.0223	0.001	0.074
4.006	0.0423	0.009	0.490	0.0227	0.001	0.085
4.011	0.0301	0.025	0.435	0.0320	0.002	0.083
4.016	0.0207	0.007	0.507	0.0361	0.001	0.071
4.021	0.0206	0.007	0.464	0.0178	0.000	0.072
4.026	0.0412	0.007	0.399	0.0229	0.001	0.084
4.031	0.0315	0.005	0.296	0.0317	0.002	0.125
4.036	0.0089	0.007	0.229	0.0206	0.005	0.154
4.041	0.0111	0.034	0.290	0.0311	0.006	0.160
4.046	0.0064	0.025	0.292	0.0206	0.005	0.156
4.051	0.0087	0.020	0.384	0.0299	0.003	0.135
4.056	0.0072	0.011	0.165	0.0239	0.003	0.147
4.061	0.0055	0.027	0.228	0.0189	0.056	0.224
4.066	0.0086	0.018	0.163	0.0097	0.057	0.244
4.071	0.0112	0.045	0.243	0.0268	0.097	0.288
4.076	0.0136	0.052	0.314	0.0189	0.098	0.246
4.081	0.0100	0.057	0.331	0.0128	0.076	0.213
4.086	0.0341	0.036	0.293	0.0202	0.090	0.244
4.091	0.0218	0.045	0.182	0.0314	0.079	0.223
4.096	0.0148	0.082	0.270	0.0285	0.036	0.181
4.101	0.0146	0.023	0.517	0.0227	0.024	0.148
4.106	0.0277	0.011	0.586	0.0159	0.019	0.140
4.111	0.0254	0.036	0.626	0.0101	0.016	0.135
4.116	0.0517	0.007	0.614	0.0090	0.020	0.141
4.121	0.0330	0.034	0.584	0.0227	0.022	0.143
4.126	0.0569	0.023	0.572	0.0139	0.036	0.160
4.131	0.0370	0.016	0.472	0.0131	0.173	0.195
4.136	0.0520	0.027	0.403	0.0138	0.216	0.223
4.141	0.0444	0.045	0.304	0.0148	0.341	0.275
4.146	0.0255	0.059	0.295	0.0234	0.522	0.273
4.151	0.0216	0.066	0.266	0.0125	0.692	0.276
4.156	0.0384	0.095	0.296	0.0140	0.597	0.296
4.161	0.0208	0.080	0.307	0.0225	0.266	0.286
4.166	0.0240	0.066	0.330	0.0261	0.084	0.250
4.171	0.0141	0.030	0.337	0.0233	0.024	0.192
4.176	0.0322	0.032	0.425	0.0243	0.011	0.165
4.180	0.0382	0.034	0.561	0.0223	0.007	0.140
4.185	0.0640	0.009	0.528	0.0263	0.005	0.129
4.190	0.0511	0.007	0.466	0.0232	0.009	0.128
4.195	0.0382	0.018	0.401	0.0229	0.016	0.131
4.200	0.0580	0.025	0.424	0.0293	0.009	0.133
4.205	0.0550	0.020	0.548	0.0392	0.006	0.126
4.210	0.0487	0.014	0.445	0.0290	0.002	0.094
4.215	0.0174	0.016	0.464	0.0147	0.002	0.103
4.220	0.0239	0.020	0.292	0.0268	0.003	0.099
4.225	0.0149	0.014	0.283	0.0279	0.004	0.112
4.230	0.0095	0.014	0.315	0.0322	0.002	0.098
4.235	0.0044	0.016	0.288	0.0263	0.002	0.089
4.240	0.0093	0.016	0.334	0.0504	0.001	0.091
4.245	0.0040	0.016	0.350	0.0280	0.002	0.097
4.250	0.0074	0.011	0.361	0.0479	0.002	0.107
4.255	0.0032	0.023	0.439	0.0187	0.002	0.105
4.260	0.0053	0.016	0.254	0.0395	0.002	0.106
4.265	0.0019	0.011	0.477	0.0357	0.001	0.104
4.270	0.0018	0.014	0.426	0.0199	0.001	0.078
4.275	0.0023	0.014	0.066	0.0464	0.005	0.092
4.280	0.0031	0.016	0.447	0.0251	0.006	0.077
4.285	0.0021	0.020	0.405	0.0205	0.003	0.080
4.290	0.0166	0.032	0.254	0.0345	0.002	0.065
4.295	0.0610	0.041	0.312	0.0262	0.001	0.052
4.300	0.1025	0.027	0.553	0.0188	0.002	0.041
4.305	0.0464	0.023	0.482	0.0189	0.005	0.048
4.310	0.1268	0.027	0.511	0.0198	0.006	0.049
4.315	0.1248	0.027	0.595	0.0187	0.003	0.043
4.320	0.1914	0.030	0.563	0.0138	0.002	0.035
4.325	0.2602	0.027	0.413	0.0323	0.001	0.036
4.330	0.1312	0.030	0.359	0.0310	0.001	0.043
4.335	0.2343	0.027	0.459	0.0350	0.001	0.042
4.340	0.1430	0.027	0.579	0.0225	0.001	0.039
4.345	0.1902	0.023	0.476	0.0307	0.001	0.038
4.350	0.2782	0.025	0.602	0.0273	0.001	0.037
4.355	0.3672	0.027	0.720	0.0153	0.001	0.034
4.360	0.4102	0.030	0.654	0.0091	0.001	0.044
4.365	0.4073	0.030	0.517	0.0216	0.001	0.060
4.370	0.2262	0.030	0.615	0.0177	0.001	0.053
4.375	0.1762	0.030	0.514	0.0168	0.001	0.048
4.380	0.2111	0.027	0.477	0.0268	0.001	0.046
4.385	0.1579	0.018	0.456	0.0446	0.002	0.049
4.390	0.0418	0.023	0.665	0.0173	0.004	0.043
4.395	0.0504	0.014	0.660	0.0139	0.003	0.046
4.400	0.0609	0.009	0.668	0.0121	0.003	0.046
4.405	0.0426	0.009	0.703	0.0145	0.003	0.048
4.410	0.0374	0.009	0.698	0.0098	0.004	0.045
4.415	0.0712	0.014	0.702	0.0153	0.004	0.046
4.420	0.0597	0.014	0.711	0.0140	0.005	0.046
4.425	0.0794	0.014	0.709	0.0205	0.005	0.047
4.430	0.0969	0.009	0.743	0.0125	0.005	0.051
4.435	0.1079	0.011	0.725	0.0177	0.003	0.050
4.440	0.1034	0.009	0.728	0.0145	0.002	0.045
4.445	0.1060	0.014	0.745	0.0053	0.001	0.043
4.450	0.1100	0.009	0.727	0.0225	0.001	0.046
4.455	0.1170	0.014	0.745	0.0111	0.001	0.043
4.460	0.1180	0.018	0.725	0.0143	0.001	0.038
4.465	0.1130	0.018	0.745	0.0169	0.000	0.041
4.470	0.1019	0.014	0.716	0.0175	0.000	0.044
4.475	0.0862	0.005	0.690	0.0313	0.000	0.050
4.480	0.0705	0.005	0.685	0.0165	0.001	0.063
4.485	0.0606	0.002	0.686	0.0146	0.001	0.071
4.490	0.0457	0.005	0.661	0.0220	0.001	0.078
4.495	0.0270	0.009	0.650	0.0413	0.001	0.072
4.500	0.0254	0.005	0.648	0.0240	0.000	0.065
4.505	0.0387	0.002	0.633	0.0223	0.008	0.090
4.510	0.0245	0.005	0.567	0.0107	0.072	0.150
4.515	0.0354	0.016	0.509	0.0182	0.080	0.166
4.520	0.0386	0.018	0.520	0.0265	0.032	0.126
4.525	0.0281	0.030	0.558	0.0226	0.015	0.100
4.530	0.0275	0.014	0.606	0.0189	0.005	0.081
4.535	0.0519	0.011	0.655	0.0174	0.005	0.069
4.540	0.0797	0.014	0.703	0.0128	0.009	0.068
4.545	0.1636	0.016	0.654	0.0151	0.009	0.075
4.550	0.1883	0.018	0.622	0.0158	0.009	0.087
4.555	0.2171	0.016	0.603	0.0180	0.010	0.102
4.560	0.1550	0.014	0.559	0.0179	0.007	0.123
4.565	0.0809	0.009	0.468	0.0165	0.009	0.141
4.570	0.0371	0.027	0.322	0.0213	0.020	0.227
4.575	0.0595	0.025	0.275	0.0245	0.028	0.269
4.580	0.0268	0.023	0.275	0.0484	0.015	0.219
4.585	0.0201	0.023	0.439	0.0451	0.006	0.120
4.590	0.0094	0.016	0.697	0.0244	0.002	0.080
4.595	0.0231	0.007	0.687	0.0242	0.002	0.073
4.600	0.0243	0.011	0.601	0.0223	0.002	0.076
4.605	0.0167	0.018	0.423	0.0126	0.002	0.095
4.610	0.0073	0.016	0.383	0.0223	0.020	0.134
4.615	0.0059	0.032	0.481	0.0230	0.033	0.179
4.620	0.0044	0.007	0.138	0.0291	0.109	0.305
4.624	0.0020	0.018	0.182	0.0097	0.116	0.292
4.629	0.0038	0.023	0.170	0.0116	0.120	0.297
4.634	0.0523	0.064	0.178	0.0137	0.134	0.347
4.639	0.0340	0.091	0.259	0.0159	0.085	0.332
4.644	0.0306	0.095	0.240	0.0116	0.081	0.336
4.649	0.0723	0.064	0.232	0.0155	0.117	0.382
4.654	0.0409	0.100	0.260	0.0143	0.109	0.333
4.659	0.0451	0.075	0.165	0.0147	0.131	0.326
4.664	0.0398	0.093	0.149	0.0185	0.094	0.296
4.669	0.0226	0.073	0.183	0.0136	0.064	0.270
4.674	0.0347	0.077	0.162	0.0136	0.058	0.274
4.679	0.0346	0.068	0.256	0.0226	0.049	0.236
4.684	0.0307	0.055	0.224	0.0211	0.049	0.252
4.689	0.0340	0.052	0.232	0.0231	0.027	0.192
4.694	0.0300	0.036	0.276	0.0215	0.020	0.177
4.699	0.0530	0.034	0.262	0.0302	0.014	0.176
4.704	0.0597	0.027	0.319	0.0272	0.007	0.129
4.709	0.0631	0.023	0.334	0.0169	0.005	0.094
4.714	0.1533	0.027	0.440	0.0344	0.004	0.081
4.719	0.2497	0.032	0.543	0.0210	0.003	0.064
4.724	0.3942	0.032	0.678	0.0169	0.002	0.054
4.729	0.4167	0.030	0.690	0.0136	0.002	0.057
4.734	0.4009	0.030	0.565	0.0200	0.004	0.065
4.739	0.3385	0.030	0.442	0.0215	0.005	0.061
4.744	0.2836	0.030	0.475	0.0183	0.004	0.064
4.749	0.2836	0.027	0.528	0.0255	0.002	0.059
4.754	0.1550	0.025	0.443	0.0247	0.003	0.053
4.759	0.1513	0.020	0.433	0.0202	0.008	0.051
4.764	0.0778	0.018	0.519	0.0159	0.009	0.058
4.769	0.0959	0.032	0.559	0.0139	0.015	0.072
4.774	0.1030	0.020	0.641	0.0115	0.016	0.064
4.779	0.1169	0.023	0.631	0.0118	0.011	0.055
4.784	0.1211	0.009	0.626	0.0279	0.008	0.050
4.789	0.1097	0.016	0.650	0.0227	0.006	0.051
4.794	0.0703	0.014	0.624	0.0190	0.003	0.054
4.799	0.0420	0.014	0.632	0.0202	0.003	0.060
4.804	0.0583	0.018	0.684	0.0129	0.002	0.058
4.809	0.1019	0.011	0.697	0.0174	0.002	0.058
4.814	0.1027	0.018	0.695	0.0176	0.002	0.056
4.819	0.0945	0.009	0.689	0.0169	0.002	0.054
4.824	0.0879	0.009	0.669	0.0210	0.002	0.055
4.829	0.0476	0.007	0.672	0.0276	0.001	0.058
4.834	0.0535	0.009	0.706	0.0285	0.001	0.057
4.839	0.1124	0.002	0.698	0.0275	0.000	0.055
4.844	0.0925	0.005	0.655	0.0260	0.000	0.055
4.849	0.0500	0.005	0.605	0.0299	0.000	0.059
4.854	0.0655	0.002	0.500	0.0090	0.000	0.063
4.859	0.0603	0.009	0.263	0.0435	0.001	0.085
4.864	0.0404	0.002	0.261	0.0464	0.001	0.099
4.869	0.0192	0.007	0.568	0.0288	0.001	0.090
4.874	0.0165	0.007	0.601	0.0181	0.001	0.100
4.879	0.0222	0.016	0.526	0.0104	0.001	0.110
4.884	0.0219	0.007	0.335	0.0121	0.003	0.141
4.889	0.0045	0.011	0.436	0.0304	0.003	0.147
4.894	0.0094	0.007	0.480	0.0138	0.006	0.223
4.899	0.0059	0.009	0.638	0.0195	0.010	0.265
4.904	0.0040	0.009	0.591	0.0105	0.011	0.276
4.909	0.0052	0.002	0.405	0.0178	0.038	0.293
4.914	0.0036	0.036	0.113	0.0187	0.098	0.279
4.919	0.0036	0.030	0.218	0.0108	0.116	0.247
4.924	0.0028	0.045	0.287	0.0140	0.084	0.260
4.929	0.0178	0.052	0.157	0.0140	0.102	0.347
4.934	0.0071	0.057	0.204	0.0193	0.165	0.376
4.939	0.0053	0.086	0.227	0.0224	0.089	0.334
4.944	0.0090	0.084	0.310	0.0209	0.067	0.312
4.949	0.0120	0.077	0.472	0.0189	0.052	0.341
4.954	0.0127	0.061	0.299	0.0314	0.024	0.276
4.959	0.0075	0.052	0.331	0.0405	0.005	0.140
4.964	0.0132	0.027	0.375	0.0281	0.002	0.098
4.969	0.0187	0.018	0.510	0.0258	0.001	0.064
4.974	0.0487	0.011	0.511	0.0199	0.001	0.054
4.979	0.0850	0.014	0.556	0.0208	0.001	0.043
4.984	0.0909	0.016	0.581	0.0241	0.000	0.038
4.989	0.0946	0.020	0.592	0.0217	0.000	0.031
4.994	0.1008	0.020	0.546	0.0191	0.000	0.031
4.999	0.1517	0.034	0.455	0.0211	0.000	0.028
5.004	0.1643	0.032	0.458	0.0152	0.000	0.028
5.009	0.1058	0.020	0.483	0.0283	0.000	0.031
5.014	0.1090	0.025	0.477	0.0151	0.000	0.034
5.019	0.1113	0.018	0.471	0.0168	0.000	0.036
5.024	0.0863	0.018	0.523	0.0169	0.000	0.039
5.029	0.0722	0.030	0.544	0.0139	0.000	0.038
5.034	0.0734	0.011	0.549	0.0196	0.000	0.038
5.039	0.1361	0.027	0.561	0.0187	0.000	0.042
5.044	0.1585	0.018	0.568	0.0197	0.000	0.041
5.049	0.0997	0.020	0.581	0.0165	0.000	0.039
5.054	0.1163	0.020	0.624	0.0124	0.000	0.039
5.059	0.1500	0.027	0.649	0.0157	0.000	0.040
5.063	0.2517	0.030	0.655	0.0107	0.000	0.037
5.068	0.2237	0.025	0.598	0.0215	0.000	0.038
5.073	0.0875	0.025	0.615	0.0142	0.000	0.038
5.078	0.1678	0.027	0.623	0.0128	0.001	0.032
5.083	0.2153	0.025	0.596	0.0175	0.001	0.031
5.088	0.2119	0.018	0.586	0.0268	0.001	0.030
5.093	0.0809	0.023	0.663	0.0177	0.001	0.028
5.098	0.1801	0.023	0.663	0.0109	0.000	0.026
5.103	0.2128	0.025	0.654	0.0206	0.000	0.024
5.108	0.2363	0.030	0.589	0.0127	0.000	0.026
5.113	0.2238	0.025	0.479	0.0238	0.000	0.030
5.118	0.1152	0.025	0.576	0.0171	0.000	0.031
5.123	0.0781	0.025	0.502	0.0235	0.000	0.031
5.128	0.1032	0.025	0.328	0.0328	0.001	0.039
5.133	0.1106	0.016	0.545	0.0300	0.001	0.038
5.138	0.0964	0.016	0.625	0.0162	0.000	0.030
5.143	0.1115	0.023	0.581	0.0175	0.000	0.028
5.148	0.1181	0.018	0.511	0.0226	0.001	0.031
5.153	0.0869	0.014	0.493	0.0275	0.002	0.035
5.158	0.0766	0.016	0.583	0.0256	0.003	0.052
5.163	0.0430	0.016	0.627	0.0173	0.002	0.058
5.168	0.0309	0.011	0.621	0.0176	0.003	0.056
5.173	0.0308	0.005	0.647	0.0329	0.002	0.051
5.178	0.0470	0.005	0.669	0.0102	0.001	0.047
5.183	0.0626	0.007	0.686	0.0200	0.001	0.045
5.188	0.0548	0.005	0.686	0.0168	0.000	0.051
5.193	0.0423	0.005	0.655	0.0362	0.000	0.052
5.198	0.0391	0.005	0.675	0.0364	0.000	0.060
5.203	0.0353	0.002	0.685	0.0278	0.000	0.066
5.208	0.0370	0.005	0.681	0.0209	0.000	0.067
5.213	0.0606	0.002	0.688	0.0150	0.000	0.066
5.218	0.0526	0.005	0.668	0.0088	0.000	0.066
5.223	0.0274	0.005	0.651	0.0216	0.000	0.075
5.228	0.0391	0.002	0.554	0.0244	0.011	0.154
5.233	0.0355	0.014	0.381	0.0218	0.079	0.209
5.238	0.0245	0.018	0.175	0.0124	0.712	0.296
5.243	0.0087	0.050	0.210	0.0123	0.722	0.294
5.248	0.0189	0.109	0.203	0.0157	0.773	0.313
5.253	0.0169	0.102	0.201	0.0165	0.843	0.315
5.258	0.0251	0.123	0.144	0.0128	0.874	0.346
5.263	0.0303	0.127	0.204	0.0141	0.785	0.367
5.268	0.0208	0.136	0.182	0.0125	0.820	0.411
5.273	0.0211	0.170	0.156	0.0118	0.848	0.423
5.278	0.0197	0.173	0.147	0.0123	0.853	0.451
5.283	0.0138	0.150	0.108	0.0171	0.915	0.435
5.288	0.0128	0.166	0.152	0.0118	0.968	0.431
5.293	0.0151	0.145	0.169	0.0136	0.962	0.443
5.298	0.0199	0.184	0.186	0.0114	0.932	0.445
5.303	0.0205	0.170	0.177	0.0134	0.898	0.431
5.308	0.0170	0.161	0.187	0.0134	0.908	0.434
5.313	0.0157	0.168	0.223	0.0130	0.895	0.417
5.318	0.0165	0.177	0.200	0.0117	0.842	0.385
5.323	0.0195	0.139	0.162	0.0116	0.789	0.379
5.328	0.0129	0.145	0.143	0.0133	0.625	0.366
5.333	0.0121	0.127	0.115	0.0210	0.453	0.326
5.338	0.0099	0.114	0.275	0.0426	0.030	0.166
5.343	0.0106	0.055	0.459	0.0275	0.010	0.113
5.348	0.0241	0.007	0.486	0.0208	0.004	0.090
5.353	0.0610	0.014	0.551	0.0279	0.002	0.076
5.358	0.0584	0.011	0.654	0.0253	0.001	0.060
5.363	0.1079	0.009	0.656	0.0167	0.001	0.057
5.368	0.0873	0.014	0.602	0.0185	0.004	0.075
5.373	0.0882	0.018	0.454	0.0287	0.004	0.079
5.378	0.0517	0.023	0.490	0.0145	0.002	0.075
5.383	0.0507	0.020	0.508	0.0177	0.002	0.072
5.388	0.0437	0.020	0.521	0.0170	0.002	0.079
5.393	0.0256	0.025	0.534	0.0252	0.002	0.082
5.398	0.0399	0.016	0.489	0.0233	0.001	0.080
5.403	0.0471	0.011	0.335	0.0252	0.003	0.092
5.408	0.0273	0.018	0.351	0.0357	0.011	0.088
5.413	0.0159	0.027	0.355	0.0233	0.007	0.076
5.418	0.0192	0.027	0.306	0.0222	0.003	0.096
5.423	0.0243	0.032	0.257	0.0306	0.005	0.108
5.428	0.0099	0.018	0.230	0.0212	0.014	0.161
5.433	0.0071	0.016	0.363	0.0346	0.009	0.159
5.438	0.0049	0.011	0.542	0.0464	0.004	0.134
5.443	0.0028	0.020	0.709	0.0305	0.002	0.118
5.448	0.0082	0.020	0.684	0.0238	0.002	0.120
5.453	0.0092	0.009	0.508	0.0198	0.003	0.133
5.458	0.0073	0.011	0.280	0.0338	0.010	0.144
5.463	0.0031	0.027	0.332	0.0373	0.007	0.126
5.468	0.0021	0.039	0.306	0.0215	0.007	0.112
5.473	0.0043	0.018	0.376	0.0348	0.011	0.119
5.478	0.0033	0.016	0.486	0.0318	0.012	0.113
5.483	0.0024	0.025	0.490	0.0248	0.007	0.117
5.488	0.0034	0.014	0.497	0.0211	0.008	0.144
5.493	0.0032	0.014	0.493	0.0183	0.015	0.159
5.498	0.0022	0.027	0.413	0.0183	0.017	0.159
5.502	0.0031	0.030	0.433	0.0278	0.018	0.154
5.507	0.0017	0.011	0.426	0.0231	0.022	0.164
5.512	0.0031	0.025	0.458	0.0197	0.026	0.139
5.517	0.0027	0.018	0.365	0.0404	0.012	0.121
5.522	0.0042	0.020	0.406	0.0343	0.006	0.101
5.527	0.0051	0.016	0.550	0.0260	0.003	0.080
5.532	0.0045	0.009	0.604	0.0275	0.003	0.076
5.537	0.0134	0.009	0.595	0.0165	0.004	0.076
5.542	0.0178	0.016	0.663	0.0318	0.004	0.072
5.547	0.0077	0.009	0.565	0.0235	0.002	0.072
5.552	0.0110	0.009	0.496	0.0272	0.002	0.077
5.557	0.0151	0.011	0.451	0.0253	0.001	0.077
5.562	0.0085	0.007	0.463	0.0299	0.001	0.093
5.567	0.0050	0.009	0.459	0.0278	0.001	0.096
5.572	0.0051	0.016	0.473	0.0254	0.001	0.090
5.577	0.0058	0.016	0.433	0.0173	0.001	0.083
5.582	0.0072	0.014	0.449	0.0263	0.001	0.072
5.587	0.0084	0.009	0.479	0.0213	0.001	0.074
5.592	0.0117	0.009	0.565	0.0266	0.001	0.070
5.597	0.0099	0.011	0.630	0.0141	0.000	0.066
5.602	0.0208	0.009	0.639	0.0083	0.000	0.063
5.607	0.0309	0.011	0.633	0.0091	0.000	0.070
5.612	0.0244	0.009	0.607	0.0155	0.000	0.071
5.617	0.0197	0.009	0.628	0.0253	0.000	0.064
5.622	0.0290	0.011	0.707	0.0249	0.000	0.062
5.627	0.0456	0.009	0.713	0.0114	0.000	0.054
5.632	0.0375	0.009	0.682	0.0209	0.000	0.061
5.637	0.0350	0.009	0.350	0.0498	0.000	0.067
5.642	0.0273	0.011	0.467	0.0414	0.001	0.071
5.647	0.0213	0.007	0.599	0.0248	0.001	0.069
5.652	0.0084	0.011	0.539	0.0174	0.001	0.065
5.657	0.0274	0.011	0.594	0.0331	0.001	0.058
5.662	0.0267	0.005	0.673	0.0395	0.001	0.050
5.667	0.0119	0.007	0.563	0.0187	0.002	0.060
5.672	0.0362	0.016	0.491	0.0365	0.002	0.061
5.677	0.0297	0.005	0.305	0.0701	0.002	0.095
5.682	0.0058	0.002	0.339	0.0386	0.001	0.098
5.687	0.0150	0.002	0.515	0.0312	0.001	0.083
5.692	0.0062	0.011	0.445	0.0175	0.002	0.099
5.697	0.0132	0.005	0.398	0.0275	0.003	0.120
5.702	0.0022	0.007	0.277	0.0205	0.005	0.140
5.707	0.0079	0.009	0.216	0.0407	0.014	0.201
5.712	0.0036	0.016	0.296	0.0297	0.009	0.185
5.717	0.0015	0.002	0.395	0.0150	0.009	0.167
5.722	0.0033	0.016	0.367	0.0196	0.008	0.174
5.727	0.0030	0.020	0.286	0.0166	0.012	0.224
5.732	0.0024	0.005	0.145	0.0170	0.033	0.296
5.737	0.0018	0.030	0.353	0.0186	0.124	0.335
5.742	0.0009	0.048	0.340	0.0078	0.122	0.320
5.747	0.0011	0.070	0.280	0.0154	0.293	0.400
5.752	0.0056	0.100	0.151	0.0134	0.430	0.440
5.757	0.0023	0.100	0.140	0.0156	0.531	0.454
5.762	0.0031	0.125	0.202	0.0165	0.354	0.397
5.767	0.0028	0.116	0.191	0.0106	0.259	0.381
5.772	0.0064	0.075	0.235	0.0107	0.299	0.376
5.777	0.0061	0.095	0.357	0.0217	0.192	0.331
5.782	0.0065	0.089	0.427	0.0233	0.090	0.300
5.787	0.0078	0.052	0.372	0.0187	0.090	0.309
5.792	0.0138	0.043	0.452	0.0169	0.083	0.275
5.797	0.0103	0.073	0.116	0.0314	0.029	0.201
5.802	0.0115	0.041	0.106	0.0533	0.008	0.135
5.807	0.0119	0.027	0.361	0.0327	0.000	0.054
5.812	0.0141	0.009	0.463	0.0190	0.000	0.039
5.817	0.0628	0.025	0.435	0.0240	0.000	0.033
5.822	0.1691	0.030	0.346	0.0264	0.000	0.033
5.827	0.1722	0.025	0.481	0.0445	0.000	0.032
5.832	0.1827	0.025	0.620	0.0190	0.000	0.030
5.837	0.1981	0.032	0.708	0.0172	0.000	0.031
5.842	0.2408	0.025	0.703	0.0206	0.001	0.029
5.847	0.2465	0.016	0.683	0.0117	0.001	0.028
5.852	0.2894	0.030	0.698	0.0194	0.001	0.030
5.857	0.2840	0.023	0.685	0.0097	0.000	0.026
5.862	0.1592	0.027	0.672	0.0148	0.000	0.025
5.867	0.2704	0.025	0.557	0.0193	0.000	0.026
5.872	0.2826	0.027	0.618	0.0221	0.000	0.024
5.877	0.3015	0.018	0.677	0.0143	0.000	0.025
5.882	0.3481	0.016	0.647	0.0137	0.000	0.024
5.887	0.3364	0.027	0.604	0.0263	0.000	0.026
5.892	0.2947	0.020	0.586	0.0174	0.000	0.025
5.897	0.2129	0.030	0.509	0.0221	0.000	0.025
5.902	0.2151	0.025	0.448	0.0169	0.000	0.025
5.907	0.1183	0.011	0.639	0.0234	0.000	0.023
5.912	0.1409	0.016	0.686	0.0134	0.000	0.021
5.917	0.2403	0.025	0.640	0.0203	0.000	0.021
5.922	0.1875	0.018	0.664	0.0165	0.000	0.019
5.927	0.2043	0.018	0.592	0.0170	0.000	0.019
5.932	0.1732	0.018	0.561	0.0237	0.000	0.021
5.937	0.1140	0.011	0.551	0.0210	0.000	0.022
5.941	0.1086	0.011	0.396	0.0219	0.000	0.021
5.946	0.0679	0.014	0.396	0.0307	0.000	0.018
5.951	0.0611	0.014	0.538	0.0231	0.000	0.015
5.956	0.0532	0.023	0.433	0.0281	0.000	0.017
5.961	0.0407	0.014	0.461	0.0247	0.000	0.023
5.966	0.0333	0.007	0.358	0.0203	0.011	0.160
5.971	0.0210	0.020	0.350	0.0220	0.040	0.211
5.976	0.0198	0.027	0.318	0.0239	0.029	0.229
5.981	0.0259	0.025	0.328	0.0182	0.020	0.245
5.986	0.0171	0.016	0.374	0.0136	0.030	0.281
5.991	0.0219	0.027	0.470	0.0124	0.039	0.293
5.996	0.0237	0.043	0.460	0.0193	0.033	0.291
6.001	0.0160	0.036	0.572	0.0199	0.028	0.256
6.006	0.0163	0.030	0.558	0.0110	0.040	0.286
6.011	0.0265	0.045	0.566	0.0137	0.043	0.277
6.016	0.0199	0.009	0.607	0.0131	0.037	0.246
6.021	0.0106	0.052	0.552	0.0131	0.029	0.208
6.026	0.0302	0.025	0.466	0.0174	0.014	0.180
6.031	0.0221	0.005	0.403	0.0350	0.006	0.142
6.036	0.0099	0.011	0.461	0.0303	0.002	0.087
6.041	0.0322	0.007	0.526	0.0228	0.001	0.068
6.046	0.0692	0.014	0.617	0.0152	0.002	0.059
6.051	0.0640	0.009	0.579	0.0174	0.002	0.055
6.056	0.0735	0.016	0.555	0.0193	0.002	0.056
6.061	0.0824	0.018	0.563	0.0268	0.002	0.054
6.066	0.0569	0.018	0.589	0.0387	0.001	0.060
6.071	0.0780	0.014	0.552	0.0313	0.001	0.060
6.076	0.0607	0.014	0.444	0.0325	0.002	0.074
6.081	0.0556	0.016	0.317	0.0204	0.002	0.083
6.086	0.0505	0.016	0.416	0.0224	0.002	0.076
6.091	0.0134	0.020	0.414	0.0326	0.001	0.074
6.096	0.0117	0.014	0.345	0.0231	0.001	0.090
6.101	0.0153	0.007	0.433	0.0277	0.002	0.084
6.106	0.0123	0.016	0.297	0.0203	0.008	0.117
6.111	0.0095	0.007	0.342	0.0304	0.013	0.125
6.116	0.0052	0.034	0.340	0.0374	0.002	0.083
6.121	0.0065	0.009	0.429	0.0343	0.002	0.061
6.126	0.0036	0.014	0.300	0.0268	0.003	0.072
6.131	0.0081	0.014	0.169	0.0215	0.074	0.158
6.136	0.0077	0.018	0.181	0.0128	0.267	0.245
6.141	0.0047	0.036	0.164	0.0131	0.356	0.268
6.146	0.0111	0.082	0.170	0.0323	0.160	0.229
6.151	0.0170	0.080	0.402	0.0427	0.055	0.160
6.156	0.0209	0.043	0.532	0.0361	0.007	0.089
6.161	0.0512	0.014	0.612	0.0144	0.002	0.065
6.166	0.0698	0.007	0.691	0.0126	0.002	0.054
6.171	0.1070	0.007	0.637	0.0098	0.002	0.057
6.176	0.0975	0.011	0.626	0.0166	0.001	0.050
6.181	0.0778	0.009	0.663	0.0158	0.001	0.045
6.186	0.1151	0.011	0.665	0.0109	0.001	0.045
6.191	0.1027	0.011	0.656	0.0181	0.001	0.041
6.196	0.0894	0.011	0.659	0.0213	0.001	0.036
6.201	0.1138	0.020	0.675	0.0149	0.001	0.034
6.206	0.1290	0.027	0.662	0.0134	0.002	0.039
6.211	0.1430	0.011	0.644	0.0117	0.001	0.042
6.216	0.0724	0.016	0.660	0.0181	0.001	0.038
6.221	0.1014	0.007	0.665	0.0157	0.001	0.036
6.226	0.1064	0.007	0.666	0.0121	0.001	0.039
6.231	0.0984	0.014	0.671	0.0099	0.002	0.041
6.236	0.1168	0.016	0.620	0.0114	0.005	0.049
6.241	0.1064	0.011	0.656	0.0175	0.003	0.043
6.246	0.1116	0.011	0.591	0.0174	0.002	0.044
6.251	0.0843	0.011	0.524	0.0235	0.003	0.052
6.256	0.0641	0.011	0.577	0.0217	0.007	0.071
6.261	0.0517	0.014	0.501	0.0146	0.009	0.098
6.266	0.0934	0.023	0.406	0.0175	0.022	0.145
6.271	0.0614	0.023	0.328	0.0216	0.085	0.157
6.276	0.0556	0.034	0.457	0.0129	0.105	0.195
6.281	0.0477	0.055	0.386	0.0162	0.157	0.226
6.286	0.0345	0.045	0.313	0.0135	0.386	0.280
6.291	0.0329	0.075	0.198	0.0166	0.461	0.334
6.296	0.0314	0.084	0.152	0.0149	0.684	0.378
6.301	0.0213	0.130	0.189	0.0139	0.825	0.375
6.306	0.0214	0.114	0.186	0.0135	0.876	0.393
6.311	0.0243	0.143	0.179	0.0132	0.902	0.400
6.316	0.0246	0.155	0.182	0.0146	0.951	0.381
6.321	0.0248	0.159	0.201	0.0114	0.940	0.394
6.326	0.0212	0.152	0.198	0.0137	0.916	0.413
6.331	0.0136	0.150	0.241	0.0121	0.913	0.403
6.336	0.0213	0.136	0.182	0.0122	0.909	0.436
6.341	0.0176	0.139	0.179	0.0134	0.939	0.423
6.346	0.0184	0.150	0.143	0.0144	0.930	0.416
6.351	0.0233	0.164	0.146	0.0166	0.930	0.451
6.356	0.0195	0.164	0.147	0.0137	0.954	0.408
6.361	0.0146	0.143	0.195	0.0143	0.937	0.358
6.366	0.0188	0.143	0.173	0.0141	0.952	0.323
6.371	0.0209	0.120	0.149	0.0150	0.894	0.315
6.376	0.0194	0.130	0.213	0.0244	0.275	0.260
6.380	0.0081	0.093	0.248	0.0151	0.174	0.230
6.385	0.0144	0.041	0.290	0.0164	0.339	0.260
6.390	0.0055	0.102	0.234	0.0157	0.246	0.257
6.395	0.0049	0.057	0.349	0.0117	0.306	0.268
6.400	0.0044	0.080	0.397	0.0126	0.258	0.250
6.405	0.0034	0.075	0.322	0.0162	0.273	0.262
6.410	0.0038	0.068	0.299	0.0212	0.211	0.253
6.415	0.0027	0.068	0.325	0.0167	0.127	0.268
6.420	0.0031	0.043	0.346	0.0150	0.124	0.253
6.425	0.0025	0.050	0.399	0.0194	0.061	0.233
6.430	0.0023	0.057	0.288	0.0193	0.033	0.205
6.435	0.0035	0.039	0.314	0.0200	0.034	0.202
6.440	0.0039	0.030	0.353	0.0167	0.028	0.195
6.445	0.0015	0.032	0.241	0.0155	0.030	0.200
6.450	0.0019	0.043	0.206	0.0255	0.020	0.188
6.455	0.0022	0.036	0.264	0.0272	0.009	0.177
6.460	0.0024	0.036	0.273	0.0272	0.007	0.146
6.465	0.0018	0.023	0.228	0.0207	0.009	0.157
6.470	0.0028	0.034	0.187	0.0234	0.008	0.155
6.475	0.0018	0.027	0.325	0.0161	0.009	0.149
6.480	0.0020	0.030	0.281	0.0201	0.013	0.159
6.485	0.0020	0.030	0.352	0.0356	0.004	0.134
6.490	0.0018	0.039	0.310	0.0159	0.003	0.110
6.495	0.0027	0.034	0.307	0.0227	0.009	0.136
6.500	0.0067	0.027	0.275	0.0281	0.011	0.134
6.505	0.0028	0.034	0.305	0.0163	0.022	0.152
6.510	0.0067	0.041	0.462	0.0548	0.013	0.167
6.515	0.0034	0.043	0.537	0.0238	0.007	0.153
6.520	0.0062	0.032	0.484	0.0192	0.014	0.158
6.525	0.0101	0.032	0.363	0.0187	0.024	0.180
6.530	0.0083	0.039	0.439	0.0322	0.019	0.177
6.535	0.0067	0.043	0.682	0.0399	0.009	0.155
6.540	0.0103	0.032	0.761	0.0374	0.005	0.139
6.545	0.0093	0.032	0.743	0.0179	0.007	0.146
6.550	0.0195	0.030	0.596	0.0175	0.014	0.164
6.555	0.0169	0.032	0.442	0.0168	0.027	0.184
6.560	0.0094	0.043	0.459	0.0138	0.028	0.180
6.565	0.0092	0.032	0.567	0.0319	0.015	0.179
6.570	0.0058	0.045	0.508	0.0155	0.012	0.165
6.575	0.0105	0.030	0.360	0.0273	0.025	0.174
6.580	0.0067	0.055	0.412	0.0163	0.027	0.158
6.585	0.0056	0.039	0.331	0.0255	0.029	0.177
6.590	0.0049	0.066	0.460	0.0239	0.021	0.177
6.595	0.0053	0.030	0.553	0.0205	0.018	0.168
6.600	0.0050	0.032	0.557	0.0236	0.011	0.147
6.605	0.0047	0.027	0.542	0.0130	0.011	0.145
6.610	0.0078	0.030	0.445	0.0359	0.017	0.157
6.615	0.0039	0.034	0.357	0.0231	0.009	0.133
6.620	0.0022	0.030	0.362	0.0323	0.006	0.128
6.625	0.0013	0.025	0.369	0.0283	0.005	0.151
6.630	0.0015	0.027	0.385	0.0338	0.006	0.152
6.635	0.0008	0.027	0.213	0.0832	0.002	0.094
6.640	0.0009	0.027	0.329	0.0417	0.001	0.061
6.645	0.0010	0.023	0.215	0.0351	0.001	0.052
6.650	0.0053	0.011	0.216	0.0415	0.001	0.033
6.655	0.0032	0.009	0.356	0.0229	0.000	0.018
6.660	0.0132	0.007	0.403	0.0243	0.000	0.021
6.665	0.0591	0.014	0.540	0.0157	0.000	0.024
6.670	0.0221	0.014	0.474	0.0299	0.001	0.027
6.675	0.0678	0.018	0.529	0.0183	0.001	0.031
6.680	0.1222	0.016	0.575	0.0172	0.001	0.032
6.685	0.0272	0.011	0.556	0.0270	0.000	0.032
6.690	0.1048	0.023	0.607	0.0263	0.000	0.030
6.695	0.1193	0.018	0.589	0.0198	0.000	0.028
6.700	0.0833	0.027	0.545	0.0188	0.000	0.028
6.705	0.1391	0.027	0.466	0.0219	0.000	0.027
6.710	0.1070	0.027	0.554	0.0278	0.000	0.025
6.715	0.0609	0.025	0.584	0.0324	0.000	0.020
6.720	0.0997	0.025	0.600	0.0191	0.000	0.017
6.725	0.1081	0.023	0.568	0.0221	0.000	0.017
6.730	0.0996	0.025	0.451	0.0296	0.000	0.018
6.735	0.1104	0.025	0.539	0.0260	0.000	0.020
6.740	0.0752	0.007	0.602	0.0409	0.000	0.021
6.745	0.0254	0.014	0.559	0.0359	0.000	0.021
6.750	0.0989	0.016	0.597	0.0347	0.000	0.021
6.755	0.0811	0.009	0.636	0.0141	0.000	0.021
6.760	0.0137	0.011	0.572	0.0164	0.000	0.020
6.765	0.0803	0.007	0.599	0.0237	0.000	0.018
6.770	0.0944	0.016	0.628	0.0171	0.000	0.017
6.775	0.0350	0.009	0.573	0.0400	0.000	0.016
6.780	0.0597	0.011	0.519	0.0305	0.000	0.015
6.785	0.1250	0.016	0.537	0.0271	0.000	0.014
6.790	0.0667	0.025	0.588	0.0234	0.000	0.015
6.795	0.0960	0.025	0.625	0.0158	0.000	0.018
6.800	0.1814	0.032	0.608	0.0170	0.000	0.020
6.805	0.1447	0.025	0.565	0.0225	0.000	0.030
6.810	0.1030	0.018	0.582	0.0196	0.000	0.032
6.815	0.1232	0.018	0.636	0.0130	0.000	0.033
6.820	0.2177	0.023	0.642	0.0097	0.000	0.031
6.824	0.1266	0.030	0.607	0.0180	0.000	0.037
6.829	0.1365	0.027	0.556	0.0131	0.001	0.049
6.834	0.1479	0.016	0.506	0.0140	0.001	0.057
6.839	0.1879	0.020	0.512	0.0178	0.002	0.062
6.844	0.0671	0.023	0.512	0.0197	0.002	0.068
6.849	0.0777	0.018	0.550	0.0141	0.002	0.074
6.854	0.1299	0.014	0.445	0.0210	0.002	0.080
6.859	0.1611	0.016	0.445	0.0209	0.003	0.091
6.864	0.1054	0.014	0.272	0.0247	0.001	0.072
6.869	0.0342	0.023	0.392	0.0293	0.001	0.061
6.874	0.0435	0.018	0.502	0.0237	0.000	0.059
6.879	0.0269	0.005	0.510	0.0194	0.000	0.061
6.884	0.0177	0.009	0.517	0.0136	0.001	0.066
6.889	0.0135	0.018	0.380	0.0176	0.001	0.070
6.894	0.0170	0.020	0.317	0.0220	0.001	0.083
6.899	0.0072	0.025	0.305	0.0384	0.001	0.088
6.904	0.0073	0.016	0.487	0.0229	0.001	0.091
6.909	0.0057	0.023	0.520	0.0244	0.001	0.090
6.914	0.0083	0.020	0.520	0.0222	0.001	0.089
6.919	0.0050	0.014	0.469	0.0246	0.001	0.086
6.924	0.0066	0.020	0.434	0.0259	0.001	0.099
6.929	0.0049	0.007	0.158	0.0233	0.039	0.254
6.934	0.0029	0.027	0.171	0.0083	0.392	0.418
6.939	0.0035	0.032	0.153	0.0092	0.459	0.428
6.944	0.0118	0.107	0.153	0.0154	0.410	0.366
6.949	0.0128	0.130	0.243	0.0270	0.292	0.315
6.954	0.0132	0.114	0.355	0.0411	0.053	0.226
6.959	0.0202	0.052	0.491	0.0392	0.017	0.173
6.964	0.0292	0.032	0.596	0.0125	0.009	0.153
6.969	0.0558	0.011	0.658	0.0145	0.006	0.124
6.974	0.0643	0.011	0.573	0.0139	0.003	0.079
6.979	0.0697	0.011	0.595	0.0171	0.003	0.080
6.984	0.0525	0.007	0.625	0.0172	0.002	0.065
6.989	0.0806	0.016	0.630	0.0131	0.001	0.050
6.994	0.0514	0.016	0.609	0.0166	0.001	0.039
6.999	0.0555	0.009	0.597	0.0228	0.001	0.036
7.004	0.0676	0.011	0.578	0.0270	0.000	0.033
7.009	0.1174	0.007	0.649	0.0277	0.000	0.033
7.014	0.0317	0.007	0.611	0.0355	0.001	0.030
7.019	0.0961	0.009	0.561	0.0158	0.001	0.028
7.024	0.1245	0.009	0.617	0.0166	0.001	0.027
7.029	0.0534	0.018	0.608	0.0263	0.000	0.028
7.034	0.0881	0.016	0.589	0.0230	0.000	0.030
7.039	0.1535	0.014	0.646	0.0156	0.000	0.028
7.044	0.0906	0.014	0.643	0.0243	0.000	0.025
7.049	0.1123	0.009	0.598	0.0186	0.000	0.025
7.054	0.1561	0.009	0.594	0.0167	0.000	0.023
7.059	0.1124	0.009	0.577	0.0185	0.000	0.022
7.064	0.0791	0.018	0.570	0.0180	0.000	0.023
7.069	0.1303	0.011	0.616	0.0171	0.000	0.022
7.074	0.1031	0.009	0.621	0.0178	0.000	0.019
7.079	0.0655	0.007	0.569	0.0208	0.000	0.018
7.084	0.1182	0.011	0.603	0.0158	0.000	0.017
7.089	0.0961	0.007	0.604	0.0146	0.000	0.018
7.094	0.0851	0.014	0.568	0.0198	0.000	0.015
7.099	0.1308	0.023	0.549	0.0212	0.000	0.016
7.104	0.0826	0.014	0.581	0.0182	0.000	0.016
7.109	0.0703	0.009	0.565	0.0193	0.000	0.016
7.114	0.0936	0.009	0.632	0.0160	0.000	0.015
7.119	0.0625	0.009	0.615	0.0145	0.000	0.014
7.124	0.0812	0.009	0.618	0.0206	0.000	0.014
7.129	0.1177	0.009	0.623	0.0221	0.000	0.013
7.134	0.0751	0.009	0.581	0.0152	0.000	0.014
7.139	0.1018	0.009	0.582	0.0176	0.000	0.015
7.144	0.1093	0.009	0.589	0.0330	0.000	0.015
7.149	0.0794	0.007	0.541	0.0305	0.000	0.016
7.154	0.0890	0.014	0.559	0.0159	0.000	0.018
7.159	0.0959	0.018	0.551	0.0177	0.000	0.019
7.164	0.0589	0.011	0.514	0.0316	0.000	0.020
7.169	0.0921	0.016	0.585	0.0280	0.000	0.020
7.174	0.0607	0.020	0.479	0.0206	0.000	0.023
7.179	0.0700	0.018	0.416	0.0227	0.000	0.030
7.184	0.0821	0.016	0.432	0.0150	0.000	0.039
7.189	0.0514	0.025	0.439	0.0352	0.001	0.051
7.194	0.0449	0.011	0.396	0.0237	0.001	0.059
7.199	0.0614	0.014	0.308	0.0279	0.001	0.068
7.204	0.0289	0.016	0.348	0.0259	0.001	0.086
7.209	0.0174	0.018	0.400	0.0263	0.002	0.106
7.214	0.0105	0.016	0.170	0.0290	0.003	0.149
7.219	0.0161	0.025	0.207	0.0339	0.003	0.141
7.224	0.0062	0.020	0.384	0.0317	0.001	0.101
7.229	0.0068	0.025	0.435	0.0246	0.001	0.104
7.234	0.0079	0.018	0.441	0.0208	0.001	0.116
7.239	0.0066	0.009	0.394	0.0246	0.003	0.165
7.244	0.0032	0.016	0.232	0.0136	0.018	0.234
7.249	0.0045	0.020	0.163	0.0276	0.044	0.295
7.254	0.0054	0.039	0.152	0.0139	0.045	0.285
7.259	0.0048	0.068	0.265	0.0135	0.052	0.294
7.263	0.0168	0.045	0.251	0.0258	0.049	0.278
7.268	0.0081	0.050	0.287	0.0153	0.052	0.297
7.273	0.0157	0.045	0.371	0.0186	0.050	0.289
7.278	0.0076	0.066	0.441	0.0349	0.031	0.222
7.283	0.0075	0.041	0.324	0.0320	0.015	0.122
7.288	0.0099	0.016	0.324	0.0289	0.010	0.113
7.293	0.0218	0.014	0.335	0.0397	0.007	0.093
7.298	0.0170	0.011	0.484	0.0211	0.003	0.081
7.303	0.0368	0.007	0.562	0.0139	0.001	0.059
7.308	0.0993	0.014	0.598	0.0179	0.001	0.051
7.313	0.0658	0.020	0.594	0.0154	0.002	0.050
7.318	0.0966	0.014	0.573	0.0217	0.001	0.051
7.323	0.1324	0.016	0.597	0.0150	0.001	0.054
7.328	0.1223	0.009	0.638	0.0255	0.001	0.055
7.333	0.0473	0.009	0.648	0.0304	0.001	0.052
7.338	0.1092	0.014	0.652	0.0135	0.001	0.052
7.343	0.1382	0.011	0.637	0.0181	0.001	0.053
7.348	0.0722	0.009	0.597	0.0291	0.001	0.061
7.353	0.0881	0.009	0.609	0.0155	0.002	0.064
7.358	0.1440	0.018	0.641	0.0158	0.001	0.064
7.363	0.0997	0.009	0.650	0.0191	0.001	0.061
7.368	0.0587	0.011	0.621	0.0161	0.001	0.061
7.373	0.1642	0.009	0.616	0.0248	0.001	0.055
7.378	0.1846	0.009	0.646	0.0269	0.001	0.049
7.383	0.0924	0.011	0.605	0.0336	0.001	0.050
7.388	0.1673	0.009	0.549	0.0145	0.001	0.056
7.393	0.1730	0.014	0.556	0.0223	0.002	0.069
7.398	0.0790	0.018	0.556	0.0158	0.002	0.066
7.403	0.0946	0.016	0.614	0.0155	0.001	0.068
7.408	0.0821	0.020	0.588	0.0139	0.001	0.072
7.413	0.0801	0.007	0.623	0.0207	0.001	0.069
7.418	0.0330	0.016	0.568	0.0182	0.001	0.082
7.423	0.0531	0.005	0.467	0.0246	0.009	0.121
7.428	0.0424	0.007	0.378	0.0330	0.024	0.163
7.433	0.0251	0.011	0.266	0.0127	0.055	0.194
7.438	0.0321	0.055	0.275	0.0157	0.117	0.210
7.443	0.0260	0.048	0.254	0.0213	0.100	0.207
7.448	0.0176	0.059	0.279	0.0158	0.110	0.215
7.453	0.0176	0.089	0.382	0.0156	0.134	0.212
7.458	0.0168	0.066	0.327	0.0205	0.121	0.215
7.463	0.0335	0.075	0.448	0.0152	0.061	0.187
7.468	0.0155	0.070	0.421	0.0165	0.048	0.203
7.473	0.0497	0.077	0.356	0.0140	0.051	0.207
7.478	0.0244	0.077	0.297	0.0184	0.128	0.217
7.483	0.0266	0.080	0.237	0.0212	0.103	0.205
7.488	0.0196	0.068	0.295	0.0175	0.102	0.191
7.493	0.0266	0.075	0.365	0.0197	0.057	0.188
7.498	0.0270	0.043	0.470	0.0183	0.041	0.174
7.503	0.0171	0.023	0.485	0.0312	0.011	0.133
7.508	0.0095	0.034	0.482	0.0288	0.005	0.124
7.513	0.0170	0.027	0.586	0.0312	0.002	0.098
7.518	0.0104	0.007	0.497	0.0371	0.001	0.082
7.523	0.0340	0.020	0.625	0.0212	0.001	0.060
7.528	0.0225	0.005	0.555	0.0237	0.001	0.060
7.533	0.0214	0.005	0.536	0.0298	0.000	0.055
7.538	0.0396	0.007	0.637	0.0322	0.000	0.062
7.543	0.0156	0.005	0.525	0.0250	0.001	0.067
7.548	0.0260	0.020	0.617	0.0226	0.000	0.055
7.553	0.0197	0.005	0.607	0.0374	0.000	0.034
7.558	0.0145	0.007	0.542	0.0262	0.000	0.033
7.563	0.0447	0.005	0.644	0.0256	0.000	0.024
7.568	0.0153	0.005	0.511	0.0351	0.000	0.025
7.573	0.0346	0.007	0.559	0.0243	0.000	0.028
7.578	0.0180	0.005	0.526	0.0290	0.000	0.041
7.583	0.0233	0.005	0.605	0.0273	0.002	0.069
7.588	0.0364	0.007	0.542	0.0475	0.006	0.077
7.593	0.0126	0.005	0.472	0.0139	0.057	0.104
7.598	0.0257	0.014	0.453	0.0168	0.086	0.124
7.603	0.0201	0.018	0.405	0.0306	0.223	0.184
7.608	0.0060	0.066	0.410	0.0208	0.247	0.228
7.613	0.0129	0.032	0.401	0.0170	0.200	0.256
7.618	0.0067	0.073	0.407	0.0197	0.079	0.249
7.623	0.0073	0.052	0.438	0.0339	0.025	0.260
7.628	0.0083	0.025	0.434	0.0371	0.014	0.210
7.633	0.0100	0.027	0.467	0.0436	0.008	0.167
7.638	0.0075	0.000	0.462	0.0215	0.006	0.152
7.643	0.0100	0.014	0.469	0.0641	0.007	0.123
7.648	0.0029	0.007	0.466	0.0308	0.005	0.114
7.653	0.0088	0.007	0.463	0.0433	0.004	0.139
7.658	0.0045	0.007	0.403	0.0397	0.003	0.141
7.663	0.0075	0.002	0.384	0.0328	0.001	0.071
7.668	0.0042	0.002	0.384	0.0348	0.000	0.058
7.673	0.0130	0.016	0.367	0.0496	0.000	0.035
7.678	0.0170	0.005	0.475	0.0498	0.000	0.020
7.683	0.0025	0.009	0.682	0.0254	0.000	0.014
7.688	0.0474	0.009	0.684	0.0265	0.000	0.014
7.693	0.0591	0.009	0.582	0.0232	0.000	0.017
7.698	0.0656	0.009	0.491	0.0438	0.000	0.021
7.702	0.0812	0.011	0.530	0.0611	0.000	0.022
7.707	0.0444	0.011	0.508	0.0361	0.000	0.024
7.712	0.0474	0.011	0.414	0.0480	0.000	0.027
7.717	0.0371	0.014	0.436	0.0209	0.000	0.028
7.722	0.0293	0.009	0.509	0.0320	0.000	0.026
7.727	0.0367	0.014	0.406	0.0320	0.000	0.033
7.732	0.0175	0.011	0.384	0.0263	0.000	0.045
7.737	0.0198	0.016	0.335	0.0398	0.001	0.045
7.742	0.0122	0.023	0.263	0.0326	0.000	0.044
7.747	0.0061	0.018	0.336	0.0410	0.000	0.038
7.752	0.0041	0.027	0.322	0.0338	0.000	0.046
7.757	0.0069	0.018	0.422	0.0632	0.000	0.052
7.762	0.0026	0.011	0.687	0.0278	0.000	0.042
7.767	0.0051	0.011	0.607	0.0294	0.000	0.042
7.772	0.0040	0.011	0.465	0.0347	0.000	0.070
7.777	0.0052	0.011	0.356	0.0367	0.001	0.100
7.782	0.0013	0.018	0.342	0.0295	0.003	0.118
7.787	0.0021	0.034	0.387	0.0179	0.003	0.115
7.792	0.0021	0.020	0.385	0.0234	0.005	0.111
7.797	0.0025	0.027	0.473	0.0264	0.009	0.126
7.802	0.0032	0.032	0.654	0.0316	0.005	0.122
7.807	0.0025	0.036	0.637	0.0202	0.003	0.116
7.812	0.0046	0.032	0.581	0.0204	0.012	0.129
7.817	0.0070	0.032	0.435	0.0188	0.020	0.145
7.822	0.0058	0.039	0.296	0.0341	0.044	0.149
7.827	0.0038	0.045	0.448	0.0273	0.062	0.162
7.832	0.0056	0.043	0.453	0.0184	0.033	0.176
7.837	0.0065	0.045	0.513	0.0218	0.028	0.174
7.842	0.0081	0.036	0.407	0.0124	0.082	0.209
7.847	0.0088	0.045	0.331	0.0187	0.131	0.238
7.852	0.0055	0.057	0.381	0.0177	0.129	0.232
7.857	0.0041	0.045	0.284	0.0172	0.131	0.242
7.862	0.0059	0.059	0.393	0.0205	0.144	0.231
7.867	0.0058	0.070	0.476	0.0145	0.117	0.233
7.872	0.0056	0.048	0.442	0.0184	0.135	0.210
7.877	0.0084	0.052	0.350	0.0125	0.157	0.227
7.882	0.0096	0.055	0.290	0.0163	0.132	0.253
7.887	0.0084	0.059	0.199	0.0249	0.144	0.250
7.892	0.0055	0.070	0.316	0.0261	0.110	0.228
7.897	0.0061	0.059	0.254	0.0193	0.074	0.218
7.902	0.0064	0.048	0.304	0.0228	0.073	0.200
7.907	0.0047	0.066	0.319	0.0218	0.072	0.219
7.912	0.0080	0.039	0.278	0.0137	0.127	0.244
7.917	0.0119	0.061	0.243	0.0163	0.166	0.263
7.922	0.0057	0.073	0.200	0.0219	0.144	0.248
7.927	0.0055	0.064	0.226	0.0199	0.146	0.247
7.932	0.0071	0.059	0.420	0.0259	0.078	0.227
7.937	0.0054	0.061	0.394	0.0171	0.078	0.204
7.942	0.0086	0.048	0.443	0.0226	0.072	0.178
7.947	0.0094	0.048	0.341	0.0174	0.042	0.185
7.952	0.0105	0.034	0.216	0.0225	0.069	0.184
7.957	0.0107	0.050	0.290	0.0232	0.082	0.182
7.962	0.0066	0.036	0.468	0.0207	0.067	0.182
7.967	0.0084	0.036	0.551	0.0350	0.038	0.170
7.972	0.0076	0.041	0.468	0.0122	0.041	0.183
7.977	0.0134	0.032	0.267	0.0247	0.070	0.191
7.982	0.0089	0.048	0.272	0.0283	0.064	0.166
7.987	0.0071	0.043	0.281	0.0268	0.026	0.152
7.992	0.0103	0.030	0.491	0.0183	0.010	0.129
7.997	0.0183	0.027	0.545	0.0186	0.009	0.124
8.002	0.0174	0.018	0.495	0.0183	0.008	0.100
8.007	0.0176	0.005	0.445	0.0248	0.004	0.073
8.012	0.0091	0.020	0.199	0.0134	0.003	0.081
8.017	0.0131	0.030	0.135	0.0602	0.004	0.124
8.022	0.0032	0.014	0.234	0.0238	0.004	0.108
8.027	0.0028	0.030	0.327	0.0318	0.003	0.095
8.032	0.0019	0.030	0.326	0.0247	0.002	0.092
8.037	0.0026	0.025	0.414	0.0383	0.001	0.094
8.042	0.0018	0.009	0.468	0.0270	0.000	0.073
8.047	0.0015	0.014	0.203	0.0539	0.000	0.080
8.052	0.0023	0.009	0.266	0.0232	0.000	0.051
8.057	0.0017	0.009	0.197	0.0333	0.000	0.046
8.062	0.0072	0.023	0.345	0.0230	0.000	0.030
8.067	0.0033	0.018	0.403	0.0217	0.000	0.027
8.072	0.0273	0.014	0.444	0.0316	0.001	0.025
8.077	0.0168	0.016	0.386	0.0255	0.001	0.022
8.082	0.0380	0.016	0.537	0.0155	0.001	0.021
8.087	0.0571	0.023	0.541	0.0207	0.001	0.022
8.092	0.0883	0.025	0.615	0.0210	0.000	0.023
8.097	0.0697	0.032	0.644	0.0170	0.000	0.025
8.102	0.0896	0.027	0.613	0.0143	0.001	0.030
8.107	0.1353	0.030	0.585	0.0223	0.001	0.032
8.112	0.1661	0.030	0.534	0.0183	0.001	0.033
8.117	0.1361	0.027	0.521	0.0170	0.001	0.036
8.122	0.1172	0.027	0.568	0.0187	0.002	0.034
8.127	0.0847	0.027	0.640	0.0109	0.002	0.038
8.132	0.1082	0.027	0.411	0.0311	0.003	0.042
8.137	0.0779	0.025	0.291	0.0207	0.005	0.047
8.141	0.0732	0.034	0.214	0.0340	0.003	0.040
8.146	0.0574	0.025	0.331	0.0355	0.002	0.039
8.151	0.0691	0.032	0.615	0.0186	0.001	0.034
8.156	0.0357	0.030	0.585	0.0160	0.000	0.031
8.161	0.0813	0.025	0.500	0.0208	0.001	0.041
8.166	0.0733	0.025	0.515	0.0264	0.003	0.064
8.171	0.0530	0.020	0.486	0.0229	0.005	0.077
8.176	0.0439	0.032	0.508	0.0227	0.028	0.089
8.181	0.0332	0.032	0.318	0.0248	0.035	0.096
8.186	0.0197	0.048	0.326	0.0232	0.027	0.101
8.191	0.0192	0.025	0.276	0.0274	0.015	0.092
8.196	0.0174	0.020	0.430	0.0241	0.009	0.072
8.201	0.0230	0.030	0.434	0.0253	0.019	0.094
8.206	0.0308	0.032	0.476	0.0250	0.022	0.101
8.211	0.0255	0.027	0.564	0.0179	0.021	0.105
8.216	0.0184	0.027	0.485	0.0147	0.015	0.104
8.221	0.0267	0.023	0.348	0.0227	0.017	0.107
8.226	0.0187	0.036	0.270	0.0259	0.021	0.109
8.231	0.0145	0.023	0.306	0.0274	0.022	0.099
8.236	0.0176	0.034	0.341	0.0308	0.014	0.105
8.241	0.0151	0.030	0.496	0.0192	0.011	0.098
8.246	0.0155	0.027	0.446	0.0379	0.006	0.096
8.251	0.0088	0.023	0.558	0.0270	0.001	0.071
8.256	0.0084	0.032	0.602	0.0188	0.001	0.069
8.261	0.0139	0.034	0.437	0.0264	0.002	0.071
8.266	0.0061	0.034	0.404	0.0289	0.003	0.078
8.271	0.0022	0.025	0.505	0.0260	0.001	0.079
8.276	0.0031	0.032	0.593	0.0257	0.002	0.085
8.281	0.0038	0.030	0.306	0.0245	0.005	0.119
8.286	0.0015	0.020	0.317	0.0299	0.005	0.131
8.291	0.0007	0.032	0.415	0.0338	0.002	0.132
8.296	0.0008	0.027	0.453	0.0307	0.002	0.148
8.301	0.0007	0.023	0.414	0.0400	0.002	0.184
8.306	0.0004	0.025	0.508	0.0250	0.002	0.200
8.311	0.0006	0.027	0.482	0.0321	0.006	0.275
8.316	0.0004	0.014	0.387	0.0225	0.009	0.353
8.321	0.0002	0.030	0.382	0.0120	0.024	0.431
8.326	0.0001	0.030	0.342	0.0281	0.046	0.504
8.331	0.0001	0.043	0.489	0.0166	0.047	0.523
8.336	0.0001	0.005	0.322	0.0204	0.056	0.522
8.341	0.0001	0.000	0.146	0.0360	0.054	0.460
8.346	0.0002	0.000	0.193	0.0444	0.023	0.284
8.351	0.0002	0.027	0.472	0.0219	0.004	0.151
8.356	0.0003	0.039	0.427	0.0197	0.003	0.131
8.361	0.0108	0.039	0.387	0.0247	0.002	0.090
8.366	0.0102	0.034	0.468	0.0151	0.002	0.077
8.371	0.0156	0.023	0.492	0.0271	0.001	0.047
8.376	0.0298	0.027	0.447	0.0184	0.001	0.044
8.381	0.0631	0.032	0.568	0.0173	0.001	0.040
8.386	0.0428	0.030	0.577	0.0173	0.001	0.042
8.391	0.0578	0.030	0.626	0.0140	0.001	0.049
8.396	0.0728	0.027	0.613	0.0145	0.001	0.046
8.401	0.0832	0.032	0.614	0.0135	0.001	0.042
8.406	0.0611	0.025	0.612	0.0101	0.001	0.041
8.411	0.0752	0.025	0.607	0.0155	0.001	0.036
8.416	0.0876	0.025	0.641	0.0150	0.001	0.031
8.421	0.1138	0.025	0.604	0.0140	0.002	0.032
8.426	0.1116	0.025	0.601	0.0212	0.002	0.033
8.431	0.0833	0.023	0.617	0.0105	0.001	0.032
8.436	0.1081	0.025	0.625	0.0077	0.001	0.033
8.441	0.1233	0.023	0.612	0.0084	0.000	0.032
8.446	0.1016	0.025	0.571	0.0144	0.000	0.031
8.451	0.1027	0.023	0.582	0.0137	0.000	0.030
8.456	0.1192	0.020	0.569	0.0175	0.000	0.033
8.461	0.1541	0.027	0.522	0.0167	0.001	0.042
8.466	0.0614	0.025	0.547	0.0199	0.001	0.042
8.471	0.1005	0.023	0.531	0.0180	0.001	0.055
8.476	0.1438	0.020	0.521	0.0220	0.001	0.056
8.481	0.1205	0.027	0.614	0.0170	0.000	0.039
8.486	0.1104	0.014	0.629	0.0131	0.000	0.043
8.491	0.1441	0.014	0.600	0.0137	0.001	0.046
8.496	0.1441	0.014	0.553	0.0164	0.001	0.049
8.501	0.1729	0.018	0.532	0.0255	0.002	0.047
8.506	0.0769	0.009	0.551	0.0164	0.002	0.046
8.511	0.0414	0.009	0.572	0.0160	0.002	0.048
8.516	0.0788	0.025	0.551	0.0138	0.003	0.044
8.521	0.1416	0.020	0.538	0.0164	0.003	0.041
8.526	0.1116	0.011	0.358	0.0187	0.006	0.047
8.531	0.0577	0.016	0.292	0.0319	0.002	0.053
8.536	0.0279	0.018	0.301	0.0301	0.000	0.042
8.541	0.0475	0.011	0.538	0.0189	0.000	0.029
8.546	0.0323	0.009	0.490	0.0335	0.000	0.029
8.551	0.0162	0.009	0.434	0.0352	0.000	0.033
8.556	0.0326	0.007	0.405	0.0415	0.000	0.029
8.561	0.0241	0.007	0.448	0.0237	0.000	0.022
8.566	0.0216	0.009	0.456	0.0292	0.000	0.019
8.571	0.0236	0.007	0.406	0.0204	0.000	0.021
8.576	0.0125	0.018	0.451	0.0373	0.000	0.026
8.580	0.0144	0.007	0.480	0.0439	0.000	0.018
8.585	0.0121	0.007	0.528	0.0536	0.000	0.014
8.590	0.0138	0.002	0.617	0.0356	0.000	0.014
8.595	0.0091	0.005	0.635	0.0315	0.000	0.014
8.600	0.0148	0.002	0.639	0.0141	0.000	0.013
8.605	0.0171	0.002	0.658	0.0210	0.000	0.016
8.610	0.0091	0.005	0.618	0.0418	0.000	0.018
8.615	0.0166	0.002	0.592	0.0617	0.000	0.016
8.620	0.0108	0.005	0.621	0.0191	0.000	0.019
8.625	0.0092	0.002	0.591	0.0319	0.000	0.021
8.630	0.0063	0.002	0.565	0.0344	0.000	0.029
8.635	0.0072	0.005	0.546	0.0591	0.000	0.032
8.640	0.0061	0.002	0.610	0.0244	0.000	0.070
8.645	0.0048	0.005	0.531	0.0227	0.002	0.127
8.650	0.0032	0.005	0.545	0.0324	0.002	0.137
8.655	0.0028	0.002	0.336	0.0838	0.000	0.119
8.660	0.0015	0.005	0.507	0.0563	0.000	0.123
8.665	0.0012	0.002	0.554	0.0643	0.000	0.104
8.670	0.0008	0.005	0.452	0.0370	0.000	0.077
8.675	0.0018	0.002	0.341	0.0883	0.000	0.094
8.680	0.0014	0.002	0.495	0.0619	0.000	0.076
8.685	0.0005	0.002	0.632	0.0259	0.000	0.069
8.690	0.0017	0.005	0.634	0.0413	0.000	0.065
8.695	0.0013	0.005	0.649	0.0115	0.000	0.066
8.700	0.0024	0.002	0.468	0.0214	0.000	0.089
8.705	0.0014	0.005	0.358	0.0603	0.000	0.117
8.710	0.0008	0.002	0.274	0.0320	0.000	0.140
8.715	0.0007	0.005	0.191	0.0225	0.002	0.242
8.720	0.0003	0.007	0.286	0.0171	0.058	0.146
8.725	0.0002	0.009	0.311	0.0216	0.089	0.121
8.730	0.0003	0.027	0.330	0.0203	0.219	0.108
8.735	0.0003	0.036	0.310	0.0288	0.361	0.116
8.740	0.0005	0.070	0.334	0.0231	0.507	0.115
8.745	0.0004	0.070	0.364	0.0236	0.604	0.099
8.750	0.0005	0.093	0.308	0.0291	0.772	0.097
8.755	0.0009	0.089	0.305	0.0270	0.641	0.106
8.760	0.0008	0.075	0.396	0.0388	0.190	0.129
8.765	0.0007	0.068	0.403	0.0341	0.079	0.138
8.770	0.0006	0.014	0.519	0.0563	0.014	0.110
8.775	0.0006	0.011	0.523	0.0582	0.003	0.088
8.780	0.0011	0.005	0.621	0.0376	0.000	0.058
8.785	0.0012	0.009	0.659	0.0439	0.000	0.049
8.790	0.0018	0.005	0.684	0.0324	0.000	0.035
8.795	0.0032	0.005	0.687	0.0088	0.000	0.027
8.800	0.0045	0.002	0.703	0.0189	0.000	0.025
8.805	0.0041	0.005	0.713	0.0308	0.000	0.024
8.810	0.0048	0.005	0.705	0.0117	0.000	0.026
8.815	0.0066	0.002	0.680	0.0247	0.000	0.031
8.820	0.0042	0.005	0.614	0.0172	0.000	0.051
8.825	0.0048	0.005	0.490	0.0249	0.010	0.062
8.830	0.0043	0.002	0.461	0.0181	0.027	0.063
8.835	0.0025	0.025	0.272	0.0142	0.034	0.070
8.840	0.0042	0.061	0.529	0.0528	0.023	0.063
8.845	0.0023	0.027	0.533	0.0358	0.011	0.061
8.850	0.0027	0.018	0.610	0.0518	0.007	0.064
8.855	0.0080	0.009	0.674	0.0354	0.004	0.047
8.860	0.0104	0.011	0.522	0.0390	0.002	0.049
8.865	0.0132	0.011	0.420	0.0445	0.002	0.073
8.870	0.0107	0.016	0.507	0.0414	0.003	0.074
8.875	0.0066	0.034	0.544	0.0493	0.003	0.054
8.880	0.0073	0.014	0.506	0.0304	0.001	0.041
8.885	0.0043	0.014	0.539	0.0225	0.010	0.044
8.890	0.0089	0.014	0.431	0.0401	0.015	0.064
8.895	0.0040	0.025	0.303	0.0370	0.031	0.079
8.900	0.0113	0.020	0.561	0.0242	0.007	0.078
8.905	0.0090	0.020	0.624	0.0208	0.002	0.061
8.910	0.0158	0.016	0.597	0.0281	0.001	0.033
8.915	0.0405	0.018	0.514	0.0276	0.000	0.024
8.920	0.0601	0.025	0.575	0.0206	0.001	0.016
8.925	0.0885	0.030	0.584	0.0183	0.002	0.018
8.930	0.0956	0.025	0.469	0.0281	0.001	0.027
8.935	0.1089	0.030	0.412	0.0236	0.000	0.029
8.940	0.1051	0.027	0.508	0.0162	0.001	0.033
8.945	0.1886	0.027	0.549	0.0161	0.001	0.035
8.950	0.1673	0.027	0.483	0.0221	0.001	0.042
8.955	0.0732	0.034	0.560	0.0178	0.001	0.046
8.960	0.0573	0.023	0.525	0.0187	0.002	0.047
8.965	0.0862	0.023	0.520	0.0145	0.003	0.055
8.970	0.1584	0.020	0.564	0.0143	0.004	0.081
8.975	0.1725	0.023	0.550	0.0177	0.004	0.086
8.980	0.0953	0.020	0.575	0.0181	0.002	0.084
8.985	0.0534	0.016	0.520	0.0201	0.003	0.093
8.990	0.0729	0.016	0.498	0.0157	0.004	0.087
8.995	0.1436	0.007	0.499	0.0194	0.003	0.078
9.000	0.1448	0.018	0.301	0.0259	0.002	0.078
9.005	0.1125	0.027	0.385	0.0518	0.001	0.069
9.010	0.0467	0.007	0.622	0.0160	0.000	0.019
9.015	0.0369	0.009	0.605	0.0219	0.000	0.018
9.020	0.0468	0.002	0.629	0.0186	0.000	0.017
9.024	0.0358	0.005	0.609	0.0128	0.000	0.016
9.029	0.0360	0.005	0.523	0.0275	0.000	0.018
9.034	0.0270	0.002	0.470	0.0225	0.000	0.019
9.039	0.0185	0.005	0.282	0.0280	0.075	0.034
9.044	0.0095	0.011	0.147	0.0147	0.204	0.039
9.049	0.0104	0.041	0.303	0.0303	0.197	0.030
9.054	0.0271	0.057	0.401	0.0340	0.063	0.022
9.059	0.0230	0.050	0.524	0.0290	0.003	0.012
9.064	0.0197	0.025	0.693	0.0289	0.001	0.011
9.069	0.0709	0.018	0.754	0.0092	0.001	0.009
9.074	0.2389	0.009	0.732	0.0131	0.001	0.008
9.079	0.4185	0.009	0.561	0.0234	0.001	0.009
9.084	0.4123	0.009	0.569	0.0250	0.001	0.012
9.089	0.3030	0.011	0.671	0.0165	0.001	0.024
9.094	0.2837	0.023	0.666	0.0182	0.000	0.035
9.099	0.3643	0.027	0.704	0.0169	0.000	0.043
9.104	0.3556	0.030	0.713	0.0074	0.000	0.048
9.109	0.3596	0.027	0.629	0.0128	0.001	0.050
9.114	0.2934	0.030	0.568	0.0166	0.001	0.050
9.119	0.1939	0.025	0.615	0.0171	0.001	0.050
9.124	0.1294	0.016	0.575	0.0233	0.001	0.046
9.129	0.1242	0.011	0.567	0.0201	0.000	0.047
9.134	0.1190	0.023	0.548	0.0111	0.001	0.046
9.139	0.0943	0.025	0.439	0.0169	0.001	0.045
9.144	0.0976	0.025	0.401	0.0359	0.001	0.042
9.149	0.0672	0.016	0.555	0.0235	0.001	0.039
9.154	0.0763	0.007	0.559	0.0181	0.002	0.038
9.159	0.0445	0.009	0.532	0.0204	0.002	0.038
9.164	0.0358	0.016	0.567	0.0240	0.002	0.032
9.169	0.0450	0.030	0.597	0.0144	0.002	0.033
9.174	0.0644	0.009	0.616	0.0152	0.001	0.040
9.179	0.0517	0.005	0.608	0.0234	0.001	0.060
9.184	0.0236	0.007	0.566	0.0208	0.001	0.056
9.189	0.0289	0.009	0.554	0.0311	0.000	0.040
9.194	0.0402	0.002	0.546	0.0166	0.000	0.041
9.199	0.0179	0.005	0.635	0.0279	0.000	0.033
9.204	0.0125	0.002	0.489	0.0382	0.000	0.030
9.209	0.0302	0.007	0.571	0.0376	0.000	0.039
9.214	0.0196	0.007	0.470	0.0306	0.002	0.078
9.219	0.0122	0.005	0.266	0.0154	0.152	0.184
9.224	0.0080	0.007	0.220	0.0227	0.153	0.184
9.229	0.0199	0.061	0.358	0.0355	0.021	0.107
9.234	0.0274	0.039	0.471	0.0250	0.006	0.071
9.239	0.0361	0.027	0.507	0.0280	0.002	0.065
9.244	0.0934	0.011	0.554	0.0218	0.002	0.068
9.249	0.1320	0.009	0.539	0.0189	0.001	0.064
9.254	0.2065	0.016	0.447	0.0193	0.001	0.063
9.259	0.2772	0.011	0.516	0.0271	0.001	0.066
9.264	0.2001	0.011	0.542	0.0130	0.001	0.072
9.269	0.1426	0.016	0.589	0.0177	0.002	0.076
9.274	0.1269	0.014	0.640	0.0207	0.001	0.068
9.279	0.1847	0.020	0.664	0.0115	0.001	0.071
9.284	0.2630	0.018	0.646	0.0123	0.002	0.074
9.289	0.1650	0.014	0.636	0.0071	0.002	0.080
9.294	0.1551	0.014	0.570	0.0246	0.003	0.084
9.299	0.1502	0.016	0.623	0.0120	0.001	0.072
9.304	0.2323	0.014	0.627	0.0141	0.001	0.070
9.309	0.2587	0.014	0.556	0.0140	0.001	0.067
9.314	0.1898	0.027	0.483	0.0183	0.001	0.075
9.319	0.1711	0.027	0.469	0.0143	0.002	0.077
9.324	0.1962	0.016	0.538	0.0110	0.003	0.078
9.329	0.1547	0.014	0.521	0.0125	0.005	0.081
9.334	0.0787	0.020	0.512	0.0134	0.007	0.089
9.339	0.1443	0.014	0.488	0.0132	0.004	0.077
9.344	0.1437	0.009	0.405	0.0252	0.002	0.078
9.349	0.1204	0.020	0.327	0.0268	0.002	0.088
9.354	0.0945	0.016	0.341	0.0356	0.001	0.071
9.359	0.0372	0.014	0.512	0.0224	0.001	0.045
9.364	0.0491	0.020	0.553	0.0163	0.000	0.049
9.369	0.0356	0.016	0.497	0.0300	0.001	0.071
9.374	0.0174	0.009	0.483	0.0251	0.002	0.093
9.379	0.0230	0.007	0.354	0.0162	0.006	0.151
9.384	0.0117	0.014	0.289	0.0202	0.009	0.174
9.389	0.0168	0.020	0.238	0.0322	0.012	0.181
9.394	0.0137	0.020	0.250	0.0200	0.025	0.197
9.399	0.0130	0.034	0.244	0.0286	0.019	0.180
9.404	0.0180	0.032	0.343	0.0351	0.007	0.117
9.409	0.0286	0.020	0.479	0.0173	0.002	0.084
9.414	0.0670	0.011	0.507	0.0174	0.001	0.072
9.419	0.0972	0.016	0.569	0.0252	0.001	0.050
9.424	0.0870	0.016	0.573	0.0248	0.001	0.046
9.429	0.1468	0.011	0.537	0.0173	0.001	0.051
9.434	0.1189	0.014	0.534	0.0233	0.000	0.050
9.439	0.0881	0.018	0.603	0.0198	0.000	0.040
9.444	0.1612	0.016	0.678	0.0149	0.000	0.041
9.449	0.2028	0.009	0.667	0.0079	0.000	0.048
9.454	0.1545	0.011	0.651	0.0163	0.001	0.050
9.459	0.1303	0.009	0.564	0.0206	0.001	0.043
9.463	0.1378	0.011	0.568	0.0328	0.001	0.040
9.468	0.1312	0.016	0.492	0.0256	0.001	0.046
9.473	0.0920	0.011	0.447	0.0380	0.000	0.044
9.478	0.0685	0.009	0.376	0.0331	0.000	0.043
9.483	0.0913	0.011	0.369	0.0313	0.001	0.051
9.488	0.0882	0.025	0.295	0.0269	0.005	0.088
9.493	0.0520	0.027	0.220	0.0310	0.008	0.114
9.498	0.0398	0.025	0.332	0.0316	0.014	0.141
9.503	0.0292	0.016	0.419	0.0210	0.011	0.142
9.508	0.0274	0.009	0.334	0.0171	0.008	0.139
9.513	0.0142	0.023	0.246	0.0179	0.010	0.151
9.518	0.0143	0.020	0.339	0.0388	0.016	0.155
9.523	0.0106	0.036	0.363	0.0222	0.008	0.131
9.528	0.0120	0.034	0.332	0.0181	0.025	0.134
9.533	0.0137	0.027	0.160	0.0202	0.045	0.142
9.538	0.0052	0.041	0.250	0.0300	0.008	0.097
9.543	0.0069	0.041	0.318	0.0199	0.007	0.098
9.548	0.0160	0.043	0.359	0.0245	0.014	0.128
9.553	0.0082	0.034	0.378	0.0155	0.023	0.142
9.558	0.0066	0.032	0.389	0.0200	0.022	0.152
9.563	0.0090	0.036	0.349	0.0213	0.018	0.156
9.568	0.0058	0.041	0.301	0.0166	0.026	0.185
9.573	0.0076	0.041	0.299	0.0170	0.051	0.210
9.578	0.0065	0.045	0.265	0.0163	0.069	0.242
9.583	0.0042	0.064	0.209	0.0177	0.069	0.262
9.588	0.0039	0.041	0.256	0.0194	0.109	0.287
9.593	0.0022	0.091	0.301	0.0194	0.096	0.277
9.598	0.0037	0.068	0.222	0.0161	0.129	0.279
9.603	0.0035	0.064	0.270	0.0202	0.123	0.277
9.608	0.0021	0.070	0.190	0.0140	0.099	0.292
9.613	0.0034	0.052	0.239	0.0126	0.140	0.318
9.618	0.0032	0.084	0.189	0.0163	0.221	0.308
9.623	0.0023	0.091	0.243	0.0125	0.282	0.313
9.628	0.0033	0.091	0.179	0.0134	0.327	0.364
9.633	0.0024	0.095	0.142	0.0118	0.374	0.385
9.638	0.0022	0.107	0.184	0.0115	0.597	0.386
9.643	0.0017	0.157	0.157	0.0120	0.624	0.401
9.648	0.0019	0.164	0.228	0.0158	0.501	0.414
9.653	0.0014	0.132	0.156	0.0122	0.558	0.407
9.658	0.0017	0.155	0.150	0.0123	0.729	0.408
9.663	0.0016	0.170	0.107	0.0092	0.732	0.403
9.668	0.0016	0.155	0.134	0.0198	0.565	0.413
9.673	0.0019	0.195	0.173	0.0146	0.420	0.421
9.678	0.0017	0.148	0.174	0.0163	0.358	0.409
9.683	0.0020	0.125	0.252	0.0149	0.370	0.391
9.688	0.0020	0.125	0.271	0.0128	0.413	0.397
9.693	0.0015	0.109	0.244	0.0123	0.492	0.403
9.698	0.0018	0.145	0.158	0.0157	0.458	0.375
9.703	0.0014	0.127	0.168	0.0151	0.567	0.377
9.708	0.0016	0.175	0.200	0.0133	0.639	0.388
9.713	0.0011	0.175	0.232	0.0143	0.568	0.379
9.718	0.0013	0.161	0.247	0.0167	0.537	0.375
9.723	0.0016	0.127	0.142	0.0117	0.500	0.367
9.728	0.0018	0.145	0.177	0.0181	0.529	0.355
9.733	0.0014	0.166	0.176	0.0212	0.455	0.344
9.738	0.0015	0.164	0.219	0.0175	0.291	0.326
9.743	0.0015	0.116	0.255	0.0109	0.281	0.344
9.748	0.0025	0.098	0.171	0.0123	0.499	0.347
9.753	0.0022	0.098	0.208	0.0192	0.508	0.343
9.758	0.0017	0.195	0.282	0.0161	0.397	0.359
9.763	0.0015	0.127	0.344	0.0166	0.363	0.342
9.768	0.0018	0.114	0.375	0.0151	0.358	0.314
9.773	0.0016	0.109	0.337	0.0119	0.394	0.325
9.778	0.0016	0.116	0.195	0.0156	0.398	0.359
9.783	0.0020	0.102	0.173	0.0152	0.433	0.367
9.788	0.0012	0.145	0.215	0.0215	0.368	0.352
9.793	0.0013	0.141	0.291	0.0158	0.293	0.365
9.798	0.0016	0.123	0.343	0.0119	0.309	0.405
9.803	0.0016	0.120	0.217	0.0168	0.326	0.401
9.808	0.0010	0.145	0.165	0.0165	0.391	0.432
9.813	0.0007	0.118	0.047	0.0344	0.296	0.433
9.818	0.0005	0.136	0.193	0.0714	0.007	0.211
9.823	0.0005	0.107	0.319	0.0406	0.001	0.105
9.828	0.0011	0.030	0.538	0.0377	0.001	0.060
9.833	0.0091	0.009	0.650	0.0224	0.000	0.049
9.838	0.0318	0.016	0.741	0.0168	0.001	0.049
9.843	0.0844	0.009	0.751	0.0197	0.001	0.047
9.848	0.0651	0.018	0.725	0.0156	0.000	0.047
9.853	0.0442	0.020	0.701	0.0288	0.000	0.044
9.858	0.0550	0.009	0.671	0.0316	0.000	0.036
9.863	0.0738	0.011	0.683	0.0228	0.000	0.038
9.868	0.1043	0.009	0.779	0.0124	0.000	0.039
9.873	0.1496	0.009	0.787	0.0085	0.000	0.044
9.878	0.2338	0.011	0.595	0.0203	0.001	0.055
9.883	0.2445	0.009	0.429	0.0339	0.001	0.070
9.888	0.1470	0.014	0.550	0.0145	0.002	0.087
9.893	0.1479	0.014	0.487	0.0216	0.004	0.099
9.898	0.1300	0.027	0.399	0.0205	0.015	0.133
9.902	0.1272	0.020	0.378	0.0188	0.034	0.158
9.907	0.0738	0.041	0.422	0.0218	0.022	0.174
9.912	0.0348	0.025	0.336	0.0138	0.026	0.190
9.917	0.0811	0.023	0.194	0.0280	0.029	0.182
9.922	0.0301	0.027	0.148	0.0286	0.019	0.177
9.927	0.0249	0.027	0.277	0.0264	0.013	0.191
9.932	0.0175	0.016	0.291	0.0240	0.016	0.193
9.937	0.0221	0.018	0.242	0.0274	0.017	0.208
9.942	0.0106	0.020	0.261	0.0160	0.017	0.200
9.947	0.0127	0.032	0.252	0.0267	0.043	0.233
9.952	0.0081	0.032	0.367	0.0160	0.047	0.252
9.957	0.0058	0.034	0.354	0.0204	0.039	0.244
9.962	0.0053	0.032	0.386	0.0210	0.044	0.233
9.967	0.0074	0.036	0.394	0.0119	0.062	0.265
9.972	0.0094	0.050	0.396	0.0177	0.097	0.276
9.977	0.0063	0.039	0.276	0.0145	0.188	0.306
9.982	0.0030	0.077	0.372	0.0139	0.165	0.269
9.987	0.0040	0.082	0.241	0.0170	0.245	0.210
9.992	0.0033	0.052	0.182	0.0221	0.325	0.176
9.997	0.0017	0.064	0.262	0.0162	0.515	0.164
10.002	0.0011	0.093	0.277	0.0175	0.638	0.147
10.007	0.0015	0.102	0.239	0.0171	0.669	0.152
10.012	0.0017	0.114	0.283	0.0219	0.699	0.153
10.017	0.0009	0.086	0.293	0.0196	0.660	0.167
10.022	0.0012	0.118	0.323	0.0163	0.506	0.174
10.027	0.0015	0.086	0.287	0.0238	0.602	0.199
10.032	0.0011	0.093	0.221	0.0182	0.789	0.204
10.037	0.0018	0.118	0.185	0.0276	0.862	0.159
10.042	0.0020	0.114	0.256	0.0168	0.814	0.132
10.047	0.0018	0.118	0.255	0.0204	0.773	0.135
10.052	0.0022	0.107	0.284	0.0176	0.757	0.142
10.057	0.0021	0.118	0.200	0.0257	0.787	0.141
10.062	0.0018	0.105	0.251	0.0266	0.864	0.133
10.067	0.0021	0.125	0.188	0.0259	0.864	0.132
10.072	0.0018	0.120	0.188	0.0195	0.843	0.159
10.077	0.0024	0.130	0.322	0.0244	0.757	0.191
10.082	0.0012	0.116	0.344	0.0179	0.772	0.188
10.087	0.0026	0.127	0.347	0.0161	0.686	0.237
10.092	0.0036	0.120	0.301	0.0172	0.682	0.245
10.097	0.0026	0.116	0.222	0.0176	0.801	0.269
10.102	0.0017	0.132	0.227	0.0168	0.776	0.267
10.107	0.0021	0.105	0.230	0.0168	0.693	0.313
10.112	0.0023	0.105	0.268	0.0163	0.629	0.312
10.117	0.0014	0.141	0.234	0.0193	0.531	0.336
10.122	0.0015	0.095	0.208	0.0154	0.593	0.317
10.127	0.0014	0.109	0.357	0.0199	0.337	0.307
10.132	0.0014	0.102	0.429	0.0193	0.352	0.289
10.137	0.0015	0.073	0.550	0.0205	0.615	0.274
10.142	0.0018	0.109	0.460	0.0146	0.656	0.256
10.147	0.0022	0.132	0.409	0.0161	0.653	0.307
10.152	0.0025	0.105	0.210	0.0178	0.643	0.324
10.157	0.0015	0.111	0.204	0.0178	0.660	0.327
10.162	0.0013	0.109	0.260	0.0160	0.715	0.318
10.167	0.0015	0.120	0.231	0.0163	0.758	0.347
10.172	0.0014	0.127	0.294	0.0122	0.750	0.336
10.177	0.0016	0.120	0.211	0.0144	0.676	0.351
10.182	0.0013	0.141	0.237	0.0191	0.701	0.333
10.187	0.0013	0.125	0.300	0.0141	0.683	0.343
10.192	0.0016	0.111	0.274	0.0124	0.687	0.368
10.197	0.0013	0.114	0.191	0.0204	0.777	0.379
10.202	0.0012	0.130	0.251	0.0145	0.755	0.374
10.207	0.0013	0.134	0.205	0.0143	0.533	0.413
10.212	0.0008	0.125	0.244	0.0141	0.594	0.403
10.217	0.0009	0.118	0.240	0.0131	0.574	0.411
10.222	0.0007	0.111	0.098	0.0193	0.582	0.384
10.227	0.0006	0.111	0.264	0.0939	0.015	0.177
10.232	0.0006	0.116	0.616	0.0382	0.001	0.097
10.237	0.0006	0.070	0.762	0.0272	0.000	0.064
10.242	0.0176	0.007	0.851	0.0178	0.000	0.055
10.247	0.0454	0.007	0.811	0.0125	0.000	0.049
10.252	0.0533	0.007	0.652	0.0290	0.000	0.062
10.257	0.0382	0.005	0.593	0.0278	0.002	0.100
10.262	0.0114	0.007	0.809	0.0178	0.003	0.102
10.267	0.0157	0.011	0.799	0.0143	0.004	0.119
10.272	0.0160	0.007	0.730	0.0148	0.010	0.150
10.277	0.0131	0.011	0.712	0.0174	0.034	0.163
10.282	0.0080	0.020	0.772	0.0129	0.034	0.171
10.287	0.0082	0.020	0.632	0.0173	0.062	0.218
10.292	0.0062	0.025	0.515	0.0191	0.113	0.255
10.297	0.0037	0.039	0.436	0.0179	0.112	0.258
10.302	0.0017	0.043	0.554	0.0122	0.085	0.247
10.307	0.0027	0.036	0.380	0.0175	0.119	0.299
10.312	0.0022	0.077	0.404	0.0158	0.135	0.291
10.317	0.0014	0.080	0.456	0.0182	0.113	0.276
10.322	0.0015	0.055	0.536	0.0130	0.125	0.272
10.327	0.0017	0.048	0.482	0.0145	0.202	0.306
10.332	0.0015	0.048	0.429	0.0138	0.344	0.289
10.337	0.0010	0.075	0.225	0.0144	0.480	0.328
10.341	0.0008	0.105	0.231	0.0133	0.393	0.325
10.346	0.0008	0.095	0.205	0.0125	0.346	0.342
10.351	0.0007	0.102	0.205	0.0125	0.346	0.342
10.356	0.0005	0.082	0.205	0.0125	0.346	0.342
10.361	0.0010	0.030	0.205	0.0125	0.346	0.342


##### CLIP 10  (file=zencastr-en_6062e18ef796370015878d9f-00001_33.wav, duration=8.892s, sr=44100) #####

trail_thresh=0.00291  speech_thresh=0.00423

--- GOLD TOKENS (idx, text, start_s, end_s) ---
0	oh	0.7890	1.3050
1	that's	1.3520	1.5950
2	insane	1.5980	1.9930
3	yeah	2.1380	2.4340
4	i	2.5180	2.6090
5	forget	2.6950	2.8635
6	about	2.8645	3.0740
7	that	3.0970	3.2790
8	who	4.2900	4.4390
9	is	4.4410	4.8190
10	in	4.8550	4.9780
11	terms	4.9800	5.2900
12	of	5.2910	5.4570
13	there's	5.5710	5.7870
14	three	5.7890	6.0070
15	teams	6.0090	6.2660
16	in	6.2680	6.3480
17	this	6.3500	6.5170
18	trade	6.5190	6.9160
19	who	6.9860	7.1490
20	came	7.1510	7.3690
21	first	7.3710	7.5990
22	who	7.6010	7.7440
23	came	7.7460	7.9530
24	second	7.9710	8.1730
25	who	8.1750	8.2710
26	came	8.2730	8.4400
27	last	8.4420	8.5900

--- RAW CTC (wav2vec2 forced-align, PRE-heuristic-refinement; idx, ctc_word_text, word_start_s, word_end_s, word_score, pipe_start_s, pipe_end_s) ---
0	oh	1.0014	1.1015	8.614	1.1415	1.2617
1	that's	1.3618	1.5821	10.580	1.5821	1.6022
2	insane	1.6222	1.9827	8.379	2.0227	2.0628
3	yeah	2.1229	2.3231	6.840	2.3832	2.4633
4	i	2.5635	2.5835	11.104	2.6235	2.6636
5	forget	2.6836	2.8639	11.110	2.8639	2.9039
6	about	2.9039	3.0641	9.983	3.0641	3.1042
7	that	3.1042	3.2644	10.797	3.2644	3.3245
8	who	4.3058	4.4260	14.079	4.4460	4.5061
9	is	4.5862	4.6463	13.438	4.6663	4.7464
10	in	4.9066	4.9667	12.798	4.9667	5.0268
11	terms	5.0468	5.2671	12.635	5.2671	5.3472
12	of	5.3472	5.3873	11.024	5.3873	5.4473
13	there's	5.5875	5.7678	9.811	5.7678	5.8078
14	three	5.8078	5.9881	12.118	5.9881	6.0281
15	teams	6.0281	6.2284	9.724	6.2284	6.2885
16	in	6.2885	6.3285	11.998	6.3285	6.3686
17	this	6.3686	6.4888	11.935	6.4888	6.5288
18	trade	6.5488	6.8092	13.540	6.8092	6.9093
19	who	7.0295	7.1096	13.003	7.1296	7.1697
20	came	7.1697	7.3099	12.368	7.3099	7.3499
21	first	7.3699	7.5902	13.327	7.5902	7.6103
22	who	7.6103	7.6904	10.083	7.7304	7.7505
23	came	7.7505	7.8906	9.972	7.8906	7.9507
24	second	7.9708	8.1710	11.334	8.1710	8.2111
25	who	8.2111	8.2712	5.910	8.2712	8.2912
26	came	8.2912	8.4314	7.281	8.4314	8.4714
27	last	8.4714	8.6717	10.999		

--- WHISPER (Groq) OUTPUT (word, start_s, end_s) [independent ASR pass, own word segmentation -- not index-aligned to gold/CTC] ---
Oh,	0.000	1.400
that's	1.400	1.620
insane.	1.620	2.240
Yeah,	2.180	2.380
I	2.380	2.600
forget	2.600	2.860
about	2.860	3.020
that.	3.020	3.300
Who	4.280	4.420
is,	4.420	4.920
in	4.920	4.960
terms	4.960	5.240
of,	5.240	5.600
there's	5.600	5.760
three	5.760	5.940
teams	5.940	6.180
in	6.180	6.340
this	6.340	6.480
trade.	6.480	7.020
Who	7.020	7.120
came	7.120	7.280
first?	7.280	8.040
Who	7.660	7.720
came	7.720	7.860
second?	7.860	8.600
Who	8.220	8.260
came	8.260	8.420
last?	8.420	9.100

--- SIGNAL TRACE (hop=5ms; time_s, rms, zcr, voicing, spectral_flux, hf_ratio, spectral_flatness) ---
0.000	0.0002	0.009	0.215	0.0000	0.000	0.065
0.005	0.0003	0.005	0.391	0.0244	0.000	0.018
0.010	0.0006	0.007	0.454	0.0354	0.000	0.013
0.015	0.0030	0.009	0.499	0.0303	0.000	0.012
0.020	0.0059	0.011	0.515	0.0382	0.000	0.012
0.025	0.0156	0.009	0.567	0.0560	0.000	0.010
0.030	0.0090	0.011	0.576	0.0211	0.000	0.012
0.035	0.0200	0.011	0.629	0.0360	0.000	0.011
0.040	0.0090	0.009	0.568	0.0233	0.000	0.012
0.045	0.0134	0.011	0.595	0.0163	0.000	0.011
0.050	0.0070	0.014	0.542	0.0343	0.000	0.012
0.055	0.0097	0.011	0.528	0.0171	0.000	0.011
0.060	0.0194	0.014	0.557	0.0309	0.000	0.012
0.065	0.0121	0.011	0.566	0.0235	0.000	0.012
0.070	0.0254	0.014	0.528	0.0172	0.000	0.011
0.075	0.0087	0.016	0.459	0.0244	0.000	0.012
0.080	0.0187	0.018	0.504	0.0208	0.000	0.011
0.085	0.0042	0.014	0.467	0.0255	0.000	0.014
0.090	0.0100	0.027	0.411	0.0158	0.000	0.012
0.095	0.0041	0.009	0.454	0.0361	0.000	0.016
0.100	0.0083	0.020	0.419	0.0216	0.000	0.014
0.105	0.0047	0.007	0.461	0.0282	0.000	0.016
0.110	0.0057	0.018	0.421	0.0161	0.000	0.012
0.115	0.0025	0.009	0.446	0.0285	0.000	0.016
0.120	0.0063	0.020	0.389	0.0158	0.000	0.016
0.125	0.0032	0.011	0.451	0.0306	0.000	0.018
0.130	0.0062	0.014	0.261	0.0200	0.000	0.012
0.135	0.0024	0.009	0.443	0.0207	0.000	0.016
0.140	0.0145	0.014	0.365	0.0241	0.000	0.015
0.145	0.0025	0.009	0.470	0.0156	0.000	0.018
0.150	0.0153	0.014	0.406	0.0280	0.000	0.016
0.155	0.0012	0.007	0.416	0.0175	0.000	0.018
0.160	0.0154	0.018	0.457	0.0625	0.000	0.022
0.165	0.0017	0.011	0.309	0.0162	0.000	0.019
0.170	0.0074	0.014	0.398	0.0666	0.000	0.030
0.175	0.0037	0.009	0.289	0.0235	0.000	0.026
0.180	0.0009	0.020	0.308	0.0260	0.000	0.043
0.185	0.0017	0.009	0.284	0.0403	0.000	0.041
0.190	0.0009	0.014	0.263	0.0158	0.000	0.047
0.195	0.0046	0.009	0.317	0.0509	0.000	0.072
0.200	0.0008	0.011	0.359	0.0283	0.000	0.060
0.205	0.0008	0.005	0.228	0.0317	0.000	0.090
0.210	0.0008	0.005	0.337	0.0461	0.000	0.131
0.215	0.0006	0.007	0.357	0.0339	0.001	0.166
0.220	0.0005	0.009	0.214	0.0268	0.001	0.193
0.224	0.0002	0.011	0.221	0.0246	0.002	0.238
0.229	0.0003	0.027	0.475	0.0209	0.003	0.232
0.234	0.0001	0.009	0.499	0.0178	0.003	0.246
0.239	0.0002	0.011	0.363	0.0181	0.004	0.269
0.244	0.0002	0.011	0.341	0.0257	0.005	0.288
0.249	0.0001	0.018	0.325	0.0274	0.004	0.284
0.254	0.0002	0.009	0.383	0.0381	0.003	0.270
0.259	0.0001	0.005	0.358	0.0220	0.005	0.291
0.264	0.0003	0.014	0.311	0.0343	0.005	0.316
0.269	0.0001	0.018	0.318	0.0255	0.004	0.308
0.274	0.0001	0.005	0.278	0.0364	0.005	0.323
0.279	0.0002	0.007	0.233	0.0388	0.007	0.353
0.284	0.0001	0.007	0.384	0.0143	0.010	0.378
0.289	0.0001	0.020	0.381	0.0260	0.008	0.359
0.294	0.0001	0.007	0.453	0.0181	0.010	0.391
0.299	0.0001	0.009	0.386	0.0252	0.009	0.406
0.304	0.0001	0.016	0.397	0.0170	0.012	0.419
0.309	0.0001	0.011	0.356	0.0441	0.006	0.360
0.314	0.0000	0.007	0.346	0.0126	0.005	0.351
0.319	0.0001	0.007	0.392	0.0178	0.016	0.419
0.324	0.0001	0.009	0.323	0.0262	0.016	0.427
0.329	0.0001	0.007	0.534	0.0114	0.021	0.495
0.334	0.0000	0.007	0.355	0.0247	0.036	0.520
0.339	0.0000	0.023	0.355	0.0329	0.030	0.485
0.344	0.0000	0.018	0.379	0.0145	0.023	0.467
0.349	0.0000	0.007	0.363	0.0150	0.025	0.500
0.354	0.0001	0.016	0.317	0.0175	0.037	0.549
0.359	0.0000	0.009	0.385	0.0180	0.070	0.613
0.364	0.0000	0.009	0.273	0.0162	0.080	0.603
0.369	0.0000	0.023	0.090	0.0141	0.099	0.636
0.374	0.0000	0.018	0.274	0.0117	0.190	0.689
0.379	0.0000	0.036	0.331	0.0207	0.122	0.670
0.384	0.0000	0.014	0.333	0.0137	0.092	0.642
0.389	0.0000	0.023	0.178	0.0129	0.174	0.705
0.394	0.0000	0.032	0.250	0.0135	0.133	0.655
0.399	0.0000	0.023	0.231	0.0102	0.208	0.704
0.404	0.0000	0.005	0.202	0.0104	0.292	0.723
0.409	0.0000	0.032	0.137	0.0111	0.376	0.756
0.414	0.0000	0.000	0.158	0.0094	0.431	0.781
0.419	0.0000	0.018	0.171	0.0090	0.370	0.781
0.424	0.0000	0.027	0.202	0.0098	0.332	0.760
0.429	0.0000	0.000	0.225	0.0182	0.185	0.682
0.434	0.0000	0.018	0.276	0.0120	0.118	0.647
0.439	0.0000	0.018	0.014	0.0144	0.272	0.781
0.444	0.0000	0.000	0.037	0.0073	0.353	0.759
0.449	0.0000	0.005	0.050	0.0029	0.417	0.771
0.454	0.0000	0.009	0.000	0.0062	0.567	0.844
0.459	0.0000	0.000	0.068	0.0012	0.382	0.802
0.464	0.0000	0.000	0.068	0.0023	0.383	0.802
0.469	0.0000	0.023	0.080	0.0065	0.564	0.859
0.474	0.0000	0.005	0.249	0.0071	0.806	0.998
0.479	0.0000	0.000	0.000	0.0000	0.000	1.000
0.484	0.0000	0.000	0.000	0.0000	0.000	1.000
0.489	0.0000	0.000	0.000	0.0000	0.000	1.000
0.494	0.0000	0.000	0.000	0.0000	0.000	1.000
0.499	0.0000	0.000	0.000	0.0000	0.000	1.000
0.504	0.0000	0.000	0.000	0.0000	0.000	1.000
0.509	0.0000	0.000	0.000	0.0000	0.000	1.000
0.514	0.0000	0.000	0.000	0.0000	0.000	1.000
0.519	0.0000	0.000	0.000	0.0000	0.000	1.000
0.524	0.0000	0.000	0.000	0.0000	0.000	1.000
0.529	0.0000	0.000	0.000	0.0000	0.000	1.000
0.534	0.0000	0.000	0.000	0.0000	0.000	1.000
0.539	0.0000	0.000	0.000	0.0000	0.000	1.000
0.544	0.0000	0.000	0.000	0.0000	0.000	1.000
0.549	0.0000	0.000	0.000	0.0491	0.743	0.990
0.554	0.0000	0.000	0.000	0.0001	0.821	0.998
0.559	0.0000	0.000	0.000	0.0001	0.821	0.999
0.564	0.0000	0.000	0.000	0.0037	0.812	0.999
0.569	0.0000	0.000	0.041	0.0138	0.585	0.930
0.574	0.0000	0.000	0.037	0.0118	0.368	0.763
0.579	0.0000	0.000	0.252	0.0064	0.304	0.716
0.584	0.0000	0.018	0.231	0.0117	0.221	0.698
0.589	0.0000	0.000	0.249	0.0132	0.238	0.681
0.594	0.0000	0.009	0.213	0.0115	0.455	0.775
0.599	0.0000	0.009	0.331	0.0072	0.551	0.803
0.604	0.0000	0.000	0.137	0.0093	0.514	0.787
0.609	0.0000	0.014	0.165	0.0078	0.150	0.646
0.614	0.0000	0.000	0.171	0.0054	0.261	0.742
0.619	0.0000	0.000	0.162	0.0146	0.341	0.754
0.624	0.0000	0.009	0.265	0.0095	0.337	0.708
0.629	0.0000	0.005	0.001	0.0063	0.573	0.810
0.634	0.0000	0.000	0.000	0.0038	0.644	0.786
0.639	0.0000	0.000	0.000	0.0000	0.000	1.000
0.644	0.0000	0.000	0.000	0.0000	0.000	1.000
0.649	0.0000	0.000	0.000	0.0000	0.000	1.000
0.654	0.0000	0.000	0.000	0.0000	0.000	1.000
0.659	0.0000	0.000	0.000	0.0000	0.000	1.000
0.663	0.0000	0.000	0.000	0.0000	0.000	1.000
0.668	0.0000	0.000	0.000	0.0000	0.000	1.000
0.673	0.0000	0.000	0.000	0.0000	0.000	1.000
0.678	0.0000	0.000	0.000	0.0000	0.000	1.000
0.683	0.0000	0.000	0.000	0.0000	0.000	1.000
0.688	0.0000	0.000	0.000	0.0000	0.000	1.000
0.693	0.0000	0.000	0.000	0.0000	0.000	1.000
0.698	0.0000	0.000	0.000	0.0000	0.000	1.000
0.703	0.0000	0.000	0.000	0.0000	0.000	1.000
0.708	0.0000	0.000	0.000	0.0000	0.000	1.000
0.713	0.0000	0.000	0.000	0.0000	0.000	1.000
0.718	0.0000	0.000	0.045	0.0115	0.396	0.747
0.723	0.0000	0.000	0.266	0.0327	0.912	0.575
0.728	0.0000	0.009	0.226	0.0086	0.988	0.411
0.733	0.0000	0.127	0.189	0.0116	0.955	0.478
0.738	0.0001	0.241	0.185	0.0123	0.556	0.568
0.743	0.0000	0.209	0.270	0.0102	0.393	0.607
0.748	0.0000	0.109	0.208	0.0090	0.369	0.727
0.753	0.0000	0.105	0.199	0.0099	0.424	0.776
0.758	0.0000	0.018	0.139	0.0135	0.540	0.802
0.763	0.0000	0.014	0.131	0.0095	0.376	0.775
0.768	0.0000	0.005	0.000	0.0030	0.317	0.724
0.773	0.0000	0.000	0.000	0.0199	0.521	0.824
0.778	0.0000	0.000	0.075	0.0254	0.100	0.623
0.783	0.0000	0.000	0.011	0.0960	0.002	0.199
0.788	0.0000	0.007	0.307	0.0177	0.000	0.014
0.793	0.0000	0.018	0.369	0.0181	0.000	0.011
0.798	0.0007	0.014	0.430	0.0630	0.000	0.010
0.803	0.0061	0.016	0.469	0.0195	0.000	0.007
0.808	0.0044	0.011	0.456	0.0244	0.000	0.008
0.813	0.0137	0.016	0.447	0.0254	0.000	0.006
0.818	0.0050	0.014	0.462	0.0349	0.000	0.008
0.823	0.0197	0.016	0.418	0.0348	0.000	0.007
0.828	0.0051	0.020	0.476	0.0230	0.000	0.008
0.833	0.0198	0.014	0.447	0.0252	0.000	0.007
0.838	0.0027	0.014	0.486	0.0438	0.000	0.008
0.843	0.0159	0.020	0.508	0.0270	0.000	0.007
0.848	0.0216	0.014	0.481	0.0318	0.000	0.007
0.853	0.0193	0.025	0.506	0.0244	0.000	0.007
0.858	0.0386	0.014	0.507	0.0366	0.000	0.007
0.863	0.0192	0.018	0.502	0.0183	0.000	0.007
0.868	0.0573	0.014	0.538	0.0429	0.000	0.007
0.873	0.0232	0.016	0.467	0.0254	0.000	0.007
0.878	0.0508	0.014	0.561	0.0353	0.000	0.006
0.883	0.0280	0.016	0.500	0.0259	0.000	0.006
0.888	0.0433	0.014	0.533	0.0236	0.000	0.006
0.893	0.0157	0.016	0.488	0.0322	0.000	0.006
0.898	0.0516	0.016	0.521	0.0191	0.000	0.005
0.903	0.0187	0.014	0.479	0.0230	0.000	0.006
0.908	0.0305	0.020	0.531	0.0223	0.000	0.005
0.913	0.0543	0.014	0.500	0.0181	0.000	0.005
0.918	0.0276	0.018	0.518	0.0197	0.000	0.006
0.923	0.0577	0.011	0.540	0.0188	0.000	0.005
0.928	0.0278	0.014	0.522	0.0243	0.000	0.005
0.933	0.0489	0.011	0.576	0.0256	0.000	0.005
0.938	0.0243	0.014	0.506	0.0311	0.000	0.006
0.943	0.0468	0.011	0.533	0.0285	0.000	0.005
0.948	0.0170	0.011	0.446	0.0317	0.000	0.007
0.953	0.0472	0.011	0.478	0.0308	0.000	0.007
0.958	0.0083	0.014	0.440	0.0378	0.000	0.008
0.963	0.0314	0.014	0.442	0.0259	0.000	0.007
0.968	0.0250	0.009	0.500	0.0445	0.000	0.007
0.973	0.0157	0.011	0.472	0.0299	0.000	0.007
0.978	0.0240	0.011	0.552	0.0351	0.000	0.007
0.983	0.0186	0.011	0.511	0.0307	0.000	0.006
0.988	0.0347	0.009	0.579	0.0320	0.000	0.008
0.993	0.0237	0.009	0.481	0.0253	0.000	0.008
0.998	0.0301	0.009	0.589	0.0236	0.000	0.008
1.003	0.0209	0.014	0.540	0.0258	0.000	0.008
1.008	0.0297	0.009	0.647	0.0250	0.000	0.007
1.013	0.0186	0.009	0.547	0.0307	0.000	0.008
1.018	0.0308	0.009	0.609	0.0197	0.000	0.007
1.023	0.0167	0.009	0.573	0.0321	0.000	0.008
1.028	0.0293	0.009	0.667	0.0218	0.000	0.008
1.033	0.0211	0.009	0.668	0.0325	0.000	0.009
1.038	0.0293	0.009	0.716	0.0202	0.000	0.009
1.043	0.0245	0.009	0.655	0.0381	0.000	0.009
1.048	0.0300	0.009	0.693	0.0244	0.000	0.009
1.053	0.0271	0.009	0.623	0.0311	0.000	0.009
1.058	0.0326	0.009	0.680	0.0214	0.000	0.009
1.063	0.0241	0.009	0.599	0.0343	0.000	0.009
1.068	0.0326	0.009	0.612	0.0239	0.000	0.008
1.073	0.0275	0.009	0.592	0.0354	0.000	0.008
1.078	0.0344	0.009	0.624	0.0222	0.000	0.007
1.083	0.0300	0.014	0.605	0.0351	0.000	0.008
1.088	0.0359	0.009	0.583	0.0316	0.000	0.008
1.093	0.0271	0.014	0.579	0.0400	0.000	0.009
1.098	0.0277	0.007	0.490	0.0387	0.000	0.010
1.102	0.0188	0.014	0.452	0.0473	0.000	0.010
1.107	0.0163	0.014	0.436	0.0423	0.000	0.011
1.112	0.0164	0.009	0.362	0.0270	0.000	0.012
1.117	0.0105	0.011	0.438	0.0373	0.000	0.016
1.122	0.0134	0.011	0.404	0.0449	0.000	0.013
1.127	0.0058	0.009	0.459	0.0375	0.000	0.018
1.132	0.0167	0.009	0.437	0.0493	0.000	0.018
1.137	0.0042	0.014	0.373	0.0345	0.000	0.022
1.142	0.0169	0.007	0.433	0.0517	0.000	0.027
1.147	0.0072	0.014	0.470	0.0259	0.000	0.029
1.152	0.0142	0.009	0.458	0.0470	0.000	0.031
1.157	0.0055	0.009	0.382	0.0204	0.000	0.025
1.162	0.0071	0.009	0.421	0.0423	0.000	0.037
1.167	0.0021	0.016	0.273	0.0305	0.000	0.026
1.172	0.0024	0.009	0.444	0.0493	0.000	0.035
1.177	0.0077	0.011	0.232	0.0327	0.000	0.025
1.182	0.0010	0.014	0.418	0.0252	0.000	0.032
1.187	0.0115	0.009	0.416	0.0716	0.000	0.035
1.192	0.0015	0.009	0.282	0.0201	0.000	0.028
1.197	0.0061	0.005	0.459	0.0660	0.000	0.034
1.202	0.0015	0.011	0.160	0.0265	0.000	0.025
1.207	0.0010	0.005	0.453	0.0586	0.000	0.043
1.212	0.0050	0.005	0.344	0.0520	0.000	0.030
1.217	0.0009	0.007	0.456	0.0414	0.000	0.043
1.222	0.0077	0.005	0.456	0.0794	0.000	0.040
1.227	0.0016	0.007	0.373	0.0291	0.000	0.035
1.232	0.0043	0.007	0.425	0.0492	0.000	0.054
1.237	0.0014	0.009	0.212	0.0404	0.000	0.050
1.242	0.0008	0.011	0.468	0.0426	0.000	0.068
1.247	0.0026	0.005	0.210	0.0452	0.000	0.043
1.252	0.0010	0.011	0.403	0.0293	0.000	0.046
1.257	0.0060	0.009	0.412	0.0573	0.000	0.035
1.262	0.0024	0.007	0.270	0.0206	0.000	0.030
1.267	0.0054	0.007	0.484	0.0801	0.000	0.036
1.272	0.0016	0.009	0.177	0.0280	0.000	0.025
1.277	0.0006	0.007	0.486	0.0521	0.000	0.043
1.282	0.0068	0.009	0.407	0.0517	0.000	0.029
1.287	0.0021	0.009	0.250	0.0158	0.000	0.044
1.292	0.0121	0.007	0.212	0.0378	0.000	0.080
1.297	0.0014	0.011	0.287	0.0729	0.000	0.060
1.302	0.0017	0.005	0.383	0.0376	0.000	0.063
1.307	0.0037	0.007	0.365	0.0645	0.000	0.078
1.312	0.0016	0.005	0.382	0.0331	0.000	0.096
1.317	0.0018	0.005	0.189	0.0691	0.000	0.160
1.322	0.0007	0.007	0.526	0.0325	0.001	0.165
1.327	0.0006	0.007	0.470	0.0475	0.001	0.180
1.332	0.0002	0.005	0.349	0.0316	0.001	0.220
1.337	0.0004	0.007	0.375	0.0244	0.001	0.192
1.342	0.0002	0.011	0.016	0.0330	0.003	0.262
1.347	0.0003	0.009	0.223	0.0349	0.002	0.101
1.352	0.0001	0.011	0.392	0.0193	0.003	0.064
1.357	0.0002	0.032	0.166	0.0200	0.004	0.055
1.362	0.0056	0.039	0.255	0.0581	0.000	0.035
1.367	0.0027	0.034	0.332	0.0218	0.000	0.016
1.372	0.0015	0.023	0.307	0.0275	0.000	0.014
1.377	0.0358	0.011	0.265	0.0232	0.000	0.010
1.382	0.0097	0.032	0.446	0.0294	0.000	0.011
1.387	0.0477	0.016	0.396	0.0200	0.000	0.009
1.392	0.0155	0.023	0.461	0.0193	0.000	0.010
1.397	0.0431	0.014	0.463	0.0172	0.000	0.008
1.402	0.0109	0.027	0.472	0.0223	0.000	0.010
1.407	0.0391	0.023	0.484	0.0174	0.000	0.009
1.412	0.0113	0.018	0.476	0.0239	0.000	0.009
1.417	0.0314	0.034	0.459	0.0177	0.000	0.006
1.422	0.0092	0.027	0.476	0.0153	0.000	0.007
1.427	0.0343	0.030	0.450	0.0170	0.000	0.007
1.432	0.0183	0.025	0.478	0.0289	0.000	0.007
1.437	0.0395	0.030	0.366	0.0212	0.000	0.006
1.442	0.0181	0.030	0.453	0.0306	0.000	0.008
1.447	0.0467	0.025	0.297	0.0206	0.000	0.008
1.452	0.0181	0.032	0.438	0.0203	0.000	0.011
1.457	0.0424	0.030	0.316	0.0162	0.000	0.009
1.462	0.0072	0.027	0.387	0.0276	0.000	0.012
1.467	0.0377	0.027	0.277	0.0223	0.000	0.012
1.472	0.0129	0.023	0.309	0.0166	0.000	0.015
1.477	0.0245	0.030	0.221	0.0331	0.000	0.025
1.482	0.0034	0.034	0.219	0.0196	0.000	0.033
1.487	0.0176	0.014	0.282	0.0374	0.000	0.044
1.492	0.0032	0.036	0.438	0.0368	0.000	0.033
1.497	0.0062	0.018	0.388	0.0239	0.000	0.031
1.502	0.0106	0.014	0.406	0.0495	0.000	0.039
1.507	0.0040	0.016	0.464	0.0445	0.000	0.045
1.512	0.0046	0.018	0.533	0.0263	0.000	0.058
1.517	0.0056	0.011	0.537	0.0289	0.000	0.049
1.522	0.0040	0.018	0.582	0.0152	0.001	0.056
1.527	0.0051	0.025	0.399	0.0209	0.062	0.119
1.532	0.0063	0.018	0.221	0.0233	0.579	0.149
1.537	0.0024	0.086	0.153	0.0151	0.907	0.123
1.541	0.0020	0.164	0.187	0.0145	0.860	0.130
1.546	0.0077	0.164	0.194	0.0155	0.927	0.134
1.551	0.0050	0.157	0.141	0.0132	0.949	0.137
1.556	0.0102	0.166	0.207	0.0233	0.953	0.133
1.561	0.0078	0.155	0.288	0.0151	0.960	0.120
1.566	0.0063	0.155	0.308	0.0215	0.962	0.120
1.571	0.0058	0.148	0.213	0.0135	0.948	0.139
1.576	0.0084	0.148	0.185	0.0180	0.759	0.199
1.581	0.0028	0.132	0.158	0.0178	0.657	0.207
1.586	0.0016	0.127	0.287	0.0516	0.059	0.141
1.591	0.0015	0.091	0.283	0.0213	0.007	0.089
1.596	0.0010	0.066	0.445	0.0238	0.004	0.081
1.601	0.0080	0.020	0.417	0.0229	0.002	0.062
1.606	0.0020	0.036	0.340	0.0293	0.004	0.085
1.611	0.0049	0.023	0.339	0.0328	0.004	0.077
1.616	0.0034	0.011	0.406	0.0214	0.005	0.088
1.621	0.0057	0.016	0.411	0.0321	0.005	0.076
1.626	0.0017	0.023	0.429	0.0160	0.004	0.078
1.631	0.0046	0.030	0.412	0.0356	0.004	0.088
1.636	0.0008	0.032	0.243	0.0135	0.002	0.075
1.641	0.0012	0.030	0.410	0.0261	0.004	0.119
1.646	0.0011	0.032	0.425	0.0176	0.002	0.092
1.651	0.0011	0.025	0.401	0.0199	0.001	0.100
1.656	0.0032	0.025	0.350	0.0290	0.001	0.102
1.661	0.0009	0.014	0.248	0.0252	0.001	0.093
1.666	0.0016	0.039	0.321	0.0370	0.002	0.159
1.671	0.0014	0.011	0.259	0.0287	0.001	0.134
1.676	0.0008	0.025	0.228	0.0141	0.002	0.164
1.681	0.0020	0.011	0.261	0.0257	0.007	0.217
1.686	0.0009	0.023	0.112	0.0305	0.100	0.262
1.691	0.0007	0.034	0.234	0.0262	0.608	0.205
1.696	0.0007	0.061	0.101	0.0151	0.958	0.163
1.701	0.0008	0.157	0.185	0.0196	0.985	0.150
1.706	0.0015	0.170	0.190	0.0175	0.995	0.114
1.711	0.0021	0.189	0.242	0.0194	0.993	0.121
1.716	0.0049	0.186	0.205	0.0168	0.989	0.133
1.721	0.0038	0.191	0.211	0.0229	0.989	0.133
1.726	0.0067	0.189	0.211	0.0138	0.994	0.128
1.731	0.0073	0.191	0.222	0.0141	0.995	0.140
1.736	0.0051	0.180	0.310	0.0277	0.997	0.122
1.741	0.0063	0.182	0.234	0.0159	0.998	0.108
1.746	0.0055	0.186	0.262	0.0179	0.997	0.117
1.751	0.0085	0.180	0.171	0.0153	0.996	0.129
1.756	0.0083	0.180	0.260	0.0121	0.995	0.133
1.761	0.0039	0.173	0.326	0.0149	0.989	0.141
1.766	0.0050	0.180	0.201	0.0154	0.975	0.167
1.771	0.0019	0.170	0.210	0.0118	0.943	0.210
1.776	0.0029	0.152	0.137	0.0160	0.753	0.282
1.781	0.0007	0.150	0.169	0.0141	0.663	0.301
1.786	0.0005	0.148	0.208	0.0274	0.390	0.291
1.791	0.0005	0.125	0.128	0.0347	0.118	0.232
1.796	0.0004	0.125	0.470	0.0293	0.004	0.087
1.801	0.0014	0.025	0.439	0.0227	0.002	0.066
1.806	0.0020	0.016	0.294	0.0269	0.002	0.070
1.811	0.0080	0.018	0.235	0.0265	0.003	0.063
1.816	0.0025	0.030	0.314	0.0202	0.001	0.055
1.821	0.0064	0.032	0.394	0.0352	0.001	0.055
1.826	0.0036	0.039	0.244	0.0133	0.000	0.035
1.831	0.0029	0.030	0.394	0.0173	0.000	0.045
1.836	0.0044	0.034	0.215	0.0216	0.000	0.040
1.841	0.0036	0.014	0.256	0.0128	0.000	0.042
1.846	0.0079	0.039	0.455	0.0351	0.000	0.058
1.851	0.0033	0.032	0.188	0.0161	0.000	0.034
1.856	0.0010	0.018	0.406	0.0190	0.000	0.042
1.861	0.0100	0.045	0.443	0.0394	0.000	0.037
1.866	0.0022	0.025	0.258	0.0097	0.000	0.027
1.871	0.0031	0.032	0.441	0.0318	0.000	0.040
1.876	0.0051	0.030	0.220	0.0197	0.000	0.026
1.881	0.0011	0.027	0.313	0.0171	0.000	0.028
1.886	0.0100	0.034	0.411	0.0467	0.000	0.034
1.891	0.0013	0.030	0.326	0.0162	0.000	0.026
1.896	0.0030	0.030	0.416	0.0405	0.000	0.040
1.901	0.0065	0.027	0.332	0.0400	0.000	0.038
1.906	0.0020	0.034	0.352	0.0151	0.000	0.035
1.911	0.0060	0.036	0.383	0.0393	0.000	0.045
1.916	0.0029	0.025	0.531	0.0140	0.000	0.029
1.921	0.0028	0.016	0.431	0.0212	0.000	0.031
1.926	0.0062	0.023	0.460	0.0364	0.000	0.034
1.931	0.0033	0.011	0.529	0.0116	0.000	0.031
1.936	0.0031	0.018	0.455	0.0398	0.000	0.042
1.941	0.0041	0.020	0.555	0.0222	0.000	0.034
1.946	0.0042	0.014	0.522	0.0175	0.000	0.035
1.951	0.0062	0.025	0.396	0.0302	0.000	0.055
1.956	0.0024	0.020	0.392	0.0252	0.000	0.058
1.961	0.0014	0.009	0.291	0.0204	0.000	0.072
1.966	0.0007	0.034	0.486	0.0194	0.000	0.058
1.971	0.0017	0.020	0.402	0.0226	0.000	0.067
1.976	0.0017	0.025	0.371	0.0374	0.000	0.065
1.980	0.0007	0.027	0.555	0.0166	0.000	0.055
1.985	0.0006	0.025	0.560	0.0254	0.000	0.071
1.990	0.0011	0.020	0.560	0.0287	0.000	0.068
1.995	0.0020	0.020	0.457	0.0191	0.000	0.074
2.000	0.0017	0.011	0.208	0.0224	0.001	0.123
2.005	0.0007	0.014	0.179	0.0272	0.003	0.211
2.010	0.0003	0.020	0.345	0.0291	0.003	0.215
2.015	0.0003	0.023	0.379	0.0320	0.003	0.231
2.020	0.0003	0.011	0.448	0.0269	0.003	0.231
2.025	0.0003	0.014	0.218	0.0308	0.005	0.242
2.030	0.0002	0.011	0.411	0.0157	0.005	0.175
2.035	0.0002	0.018	0.491	0.0229	0.005	0.164
2.040	0.0007	0.030	0.514	0.0197	0.008	0.198
2.045	0.0007	0.011	0.370	0.0303	0.012	0.289
2.050	0.0003	0.016	0.408	0.0198	0.013	0.302
2.055	0.0003	0.014	0.440	0.0150	0.011	0.298
2.060	0.0002	0.025	0.369	0.0174	0.013	0.326
2.065	0.0001	0.032	0.360	0.0320	0.017	0.357
2.070	0.0001	0.039	0.365	0.0154	0.014	0.371
2.075	0.0002	0.032	0.261	0.0273	0.010	0.364
2.080	0.0002	0.018	0.264	0.0324	0.009	0.348
2.085	0.0002	0.016	0.277	0.0294	0.012	0.368
2.090	0.0001	0.016	0.343	0.0191	0.017	0.404
2.095	0.0001	0.030	0.178	0.0202	0.017	0.404
2.100	0.0001	0.020	0.300	0.0168	0.027	0.471
2.105	0.0001	0.011	0.230	0.0207	0.043	0.512
2.110	0.0001	0.055	0.237	0.0263	0.033	0.472
2.115	0.0001	0.014	0.425	0.0331	0.015	0.420
2.120	0.0001	0.014	0.158	0.0312	0.009	0.375
2.125	0.0001	0.020	0.302	0.0703	0.001	0.140
2.130	0.0001	0.009	0.227	0.0409	0.000	0.086
2.135	0.0001	0.011	0.451	0.0654	0.000	0.048
2.140	0.0013	0.009	0.458	0.0288	0.000	0.037
2.145	0.0006	0.005	0.351	0.0444	0.000	0.078
2.150	0.0025	0.009	0.488	0.0595	0.000	0.068
2.155	0.0003	0.009	0.621	0.0232	0.000	0.030
2.160	0.0007	0.009	0.460	0.0136	0.000	0.038
2.165	0.0071	0.009	0.606	0.0532	0.000	0.040
2.170	0.0015	0.014	0.473	0.0389	0.000	0.038
2.175	0.0044	0.009	0.706	0.0304	0.000	0.040
2.180	0.0046	0.011	0.566	0.0496	0.000	0.033
2.185	0.0037	0.011	0.567	0.0443	0.000	0.039
2.190	0.0068	0.009	0.469	0.0194	0.000	0.037
2.195	0.0033	0.016	0.450	0.0287	0.000	0.044
2.200	0.0052	0.011	0.578	0.0467	0.000	0.035
2.205	0.0031	0.009	0.612	0.0266	0.000	0.026
2.210	0.0068	0.011	0.696	0.0167	0.000	0.020
2.215	0.0095	0.009	0.579	0.0352	0.000	0.021
2.220	0.0143	0.016	0.488	0.0354	0.000	0.021
2.225	0.0122	0.011	0.418	0.0212	0.000	0.025
2.230	0.0107	0.025	0.397	0.0337	0.000	0.026
2.235	0.0050	0.020	0.487	0.0243	0.000	0.019
2.240	0.0041	0.018	0.475	0.0264	0.000	0.024
2.245	0.0115	0.014	0.422	0.0240	0.000	0.019
2.250	0.0068	0.023	0.478	0.0288	0.000	0.019
2.255	0.0127	0.023	0.451	0.0293	0.000	0.020
2.260	0.0062	0.014	0.373	0.0211	0.000	0.019
2.265	0.0105	0.023	0.361	0.0406	0.000	0.022
2.270	0.0080	0.020	0.426	0.0397	0.000	0.017
2.275	0.0057	0.027	0.401	0.0280	0.000	0.021
2.280	0.0126	0.020	0.496	0.0214	0.001	0.018
2.285	0.0147	0.018	0.287	0.0270	0.000	0.021
2.290	0.0188	0.032	0.425	0.0311	0.000	0.022
2.295	0.0081	0.016	0.376	0.0399	0.000	0.017
2.300	0.0115	0.025	0.408	0.0441	0.000	0.018
2.305	0.0110	0.016	0.471	0.0345	0.000	0.015
2.310	0.0077	0.025	0.397	0.0322	0.000	0.017
2.315	0.0133	0.025	0.516	0.0181	0.000	0.014
2.320	0.0096	0.016	0.375	0.0278	0.000	0.014
2.325	0.0212	0.020	0.468	0.0247	0.000	0.014
2.330	0.0114	0.018	0.433	0.0244	0.000	0.012
2.335	0.0106	0.020	0.467	0.0359	0.000	0.016
2.340	0.0115	0.020	0.416	0.0390	0.000	0.013
2.345	0.0029	0.027	0.416	0.0321	0.000	0.014
2.350	0.0184	0.020	0.500	0.0297	0.000	0.014
2.355	0.0124	0.018	0.338	0.0293	0.000	0.012
2.360	0.0133	0.016	0.481	0.0360	0.000	0.015
2.365	0.0111	0.023	0.470	0.0281	0.000	0.012
2.370	0.0051	0.020	0.355	0.0230	0.000	0.015
2.375	0.0120	0.016	0.385	0.0243	0.000	0.013
2.380	0.0045	0.023	0.345	0.0235	0.000	0.013
2.385	0.0163	0.016	0.562	0.0264	0.000	0.016
2.390	0.0098	0.023	0.489	0.0212	0.000	0.012
2.395	0.0044	0.020	0.555	0.0227	0.000	0.018
2.400	0.0152	0.023	0.381	0.0428	0.000	0.029
2.405	0.0038	0.016	0.468	0.0330	0.000	0.031
2.410	0.0063	0.018	0.319	0.0380	0.000	0.038
2.415	0.0042	0.025	0.341	0.0235	0.000	0.042
2.420	0.0027	0.023	0.318	0.0304	0.000	0.044
2.424	0.0036	0.018	0.344	0.0264	0.000	0.051
2.429	0.0028	0.023	0.317	0.0408	0.000	0.062
2.434	0.0015	0.032	0.303	0.0377	0.001	0.070
2.439	0.0017	0.027	0.307	0.0347	0.000	0.062
2.444	0.0013	0.025	0.300	0.0392	0.000	0.059
2.449	0.0020	0.020	0.389	0.0262	0.000	0.065
2.454	0.0017	0.023	0.195	0.0355	0.000	0.085
2.459	0.0012	0.027	0.370	0.0398	0.000	0.086
2.464	0.0009	0.027	0.536	0.0283	0.000	0.111
2.469	0.0012	0.023	0.632	0.0281	0.000	0.119
2.474	0.0008	0.020	0.742	0.0224	0.000	0.108
2.479	0.0009	0.018	0.727	0.0232	0.000	0.105
2.484	0.0010	0.016	0.631	0.0224	0.000	0.122
2.489	0.0010	0.016	0.407	0.0395	0.000	0.128
2.494	0.0007	0.018	0.270	0.0435	0.001	0.133
2.499	0.0006	0.020	0.234	0.0307	0.000	0.110
2.504	0.0008	0.020	0.268	0.0325	0.000	0.100
2.509	0.0005	0.023	0.233	0.0253	0.000	0.061
2.514	0.0005	0.014	0.201	0.0421	0.000	0.035
2.519	0.0026	0.014	0.310	0.0141	0.000	0.019
2.524	0.0009	0.016	0.425	0.0188	0.000	0.022
2.529	0.0129	0.018	0.460	0.0601	0.000	0.027
2.534	0.0043	0.016	0.281	0.0257	0.000	0.017
2.539	0.0014	0.018	0.389	0.0491	0.000	0.023
2.544	0.0047	0.018	0.406	0.0185	0.000	0.013
2.549	0.0073	0.018	0.448	0.0269	0.000	0.015
2.554	0.0198	0.018	0.411	0.0313	0.000	0.011
2.559	0.0045	0.025	0.386	0.0177	0.000	0.012
2.564	0.0241	0.016	0.434	0.0247	0.000	0.013
2.569	0.0072	0.027	0.287	0.0260	0.000	0.012
2.574	0.0147	0.020	0.351	0.0471	0.000	0.016
2.579	0.0116	0.018	0.357	0.0245	0.000	0.014
2.584	0.0049	0.018	0.215	0.0312	0.000	0.021
2.589	0.0130	0.014	0.359	0.0397	0.000	0.031
2.594	0.0046	0.016	0.382	0.0264	0.000	0.044
2.599	0.0051	0.016	0.263	0.0440	0.000	0.053
2.604	0.0021	0.016	0.242	0.0211	0.001	0.061
2.609	0.0027	0.025	0.208	0.0353	0.001	0.076
2.614	0.0020	0.023	0.184	0.0268	0.001	0.075
2.619	0.0019	0.014	0.271	0.0301	0.001	0.102
2.624	0.0013	0.025	0.407	0.0268	0.003	0.128
2.629	0.0015	0.025	0.342	0.0217	0.007	0.143
2.634	0.0012	0.018	0.288	0.0172	0.052	0.206
2.639	0.0011	0.027	0.232	0.0178	0.139	0.231
2.644	0.0011	0.055	0.367	0.0150	0.263	0.252
2.649	0.0011	0.077	0.375	0.0162	0.393	0.254
2.654	0.0014	0.134	0.297	0.0167	0.470	0.261
2.659	0.0009	0.182	0.310	0.0132	0.595	0.260
2.664	0.0008	0.218	0.271	0.0131	0.603	0.318
2.669	0.0009	0.184	0.247	0.0125	0.569	0.325
2.674	0.0006	0.193	0.236	0.0116	0.485	0.349
2.679	0.0006	0.193	0.179	0.0174	0.316	0.367
2.684	0.0004	0.118	0.070	0.0269	0.085	0.320
2.689	0.0003	0.084	0.100	0.1354	0.002	0.165
2.694	0.0004	0.030	0.406	0.0368	0.000	0.033
2.699	0.0006	0.018	0.368	0.0231	0.000	0.021
2.704	0.0015	0.014	0.382	0.0406	0.000	0.023
2.709	0.0091	0.011	0.337	0.0313	0.000	0.021
2.714	0.0039	0.011	0.323	0.0215	0.000	0.031
2.719	0.0107	0.014	0.305	0.0589	0.000	0.033
2.724	0.0011	0.011	0.447	0.0322	0.000	0.035
2.729	0.0072	0.007	0.459	0.0456	0.000	0.038
2.734	0.0021	0.002	0.344	0.0297	0.000	0.037
2.739	0.0043	0.005	0.449	0.0676	0.000	0.060
2.744	0.0016	0.009	0.191	0.0185	0.000	0.054
2.749	0.0009	0.007	0.154	0.0267	0.000	0.072
2.754	0.0024	0.009	0.329	0.0348	0.001	0.109
2.759	0.0011	0.039	0.292	0.0544	0.001	0.115
2.764	0.0010	0.027	0.669	0.0347	0.000	0.036
2.769	0.0003	0.030	0.612	0.0509	0.000	0.030
2.774	0.0053	0.009	0.649	0.0467	0.000	0.023
2.779	0.0059	0.011	0.597	0.0455	0.000	0.021
2.784	0.0113	0.009	0.610	0.0232	0.000	0.018
2.789	0.0101	0.009	0.595	0.0287	0.000	0.016
2.794	0.0074	0.011	0.326	0.0404	0.000	0.017
2.799	0.0109	0.009	0.354	0.0198	0.000	0.016
2.804	0.0053	0.014	0.340	0.0399	0.000	0.019
2.809	0.0100	0.011	0.368	0.0232	0.000	0.017
2.814	0.0066	0.016	0.215	0.0270	0.000	0.017
2.819	0.0131	0.016	0.399	0.0471	0.000	0.022
2.824	0.0070	0.011	0.328	0.0289	0.000	0.013
2.829	0.0025	0.018	0.329	0.0288	0.000	0.016
2.834	0.0116	0.011	0.425	0.0532	0.000	0.022
2.839	0.0050	0.009	0.549	0.0352	0.000	0.019
2.844	0.0057	0.011	0.444	0.0322	0.000	0.020
2.849	0.0081	0.009	0.312	0.0263	0.000	0.016
2.854	0.0082	0.018	0.304	0.0348	0.000	0.019
2.859	0.0089	0.011	0.356	0.0353	0.000	0.018
2.863	0.0062	0.016	0.240	0.0212	0.000	0.014
2.868	0.0024	0.023	0.442	0.0231	0.000	0.020
2.873	0.0100	0.018	0.369	0.0275	0.000	0.014
2.878	0.0019	0.020	0.326	0.0277	0.000	0.017
2.883	0.0116	0.016	0.334	0.0558	0.000	0.023
2.888	0.0057	0.011	0.391	0.0311	0.000	0.020
2.893	0.0028	0.009	0.383	0.0453	0.000	0.028
2.898	0.0068	0.009	0.333	0.0454	0.000	0.025
2.903	0.0040	0.014	0.324	0.0235	0.000	0.026
2.908	0.0069	0.009	0.339	0.0402	0.000	0.027
2.913	0.0025	0.018	0.502	0.0461	0.000	0.017
2.918	0.0015	0.018	0.430	0.0345	0.000	0.020
2.923	0.0095	0.011	0.539	0.0303	0.000	0.016
2.928	0.0061	0.009	0.383	0.0161	0.000	0.017
2.933	0.0122	0.016	0.355	0.0358	0.000	0.017
2.938	0.0046	0.018	0.257	0.0193	0.000	0.013
2.943	0.0026	0.018	0.434	0.0336	0.000	0.020
2.948	0.0107	0.025	0.376	0.0250	0.000	0.017
2.953	0.0024	0.016	0.310	0.0224	0.000	0.016
2.958	0.0127	0.023	0.409	0.0464	0.000	0.022
2.963	0.0077	0.025	0.349	0.0324	0.000	0.014
2.968	0.0035	0.018	0.265	0.0327	0.000	0.015
2.973	0.0129	0.018	0.355	0.0245	0.000	0.019
2.978	0.0081	0.016	0.275	0.0252	0.000	0.017
2.983	0.0036	0.018	0.392	0.0339	0.000	0.025
2.988	0.0062	0.014	0.539	0.0350	0.000	0.022
2.993	0.0024	0.025	0.531	0.0254	0.000	0.023
2.998	0.0116	0.016	0.496	0.0387	0.000	0.031
3.003	0.0074	0.014	0.466	0.0291	0.000	0.027
3.008	0.0027	0.016	0.529	0.0361	0.000	0.030
3.013	0.0089	0.014	0.467	0.0443	0.000	0.055
3.018	0.0041	0.020	0.365	0.0606	0.000	0.056
3.023	0.0007	0.020	0.269	0.0325	0.000	0.064
3.028	0.0028	0.014	0.254	0.0254	0.000	0.078
3.033	0.0012	0.018	0.110	0.0233	0.001	0.117
3.038	0.0011	0.014	0.317	0.0632	0.001	0.153
3.043	0.0005	0.027	0.520	0.0297	0.000	0.135
3.048	0.0003	0.020	0.533	0.0322	0.001	0.148
3.053	0.0007	0.014	0.477	0.0318	0.001	0.176
3.058	0.0004	0.020	0.432	0.0577	0.001	0.175
3.063	0.0003	0.011	0.456	0.0198	0.001	0.170
3.068	0.0005	0.016	0.478	0.0361	0.001	0.182
3.073	0.0004	0.011	0.420	0.0521	0.001	0.213
3.078	0.0003	0.014	0.587	0.0268	0.001	0.221
3.083	0.0003	0.016	0.346	0.0367	0.003	0.257
3.088	0.0003	0.014	0.230	0.0285	0.005	0.234
3.093	0.0003	0.011	0.379	0.0278	0.004	0.226
3.098	0.0004	0.016	0.456	0.0247	0.003	0.254
3.103	0.0005	0.027	0.413	0.0250	0.003	0.279
3.108	0.0003	0.011	0.330	0.0385	0.003	0.252
3.113	0.0002	0.011	0.285	0.0434	0.001	0.169
3.118	0.0003	0.014	0.086	0.0658	0.000	0.105
3.123	0.0002	0.014	0.395	0.0250	0.000	0.024
3.128	0.0008	0.014	0.412	0.0155	0.000	0.019
3.133	0.0012	0.027	0.453	0.0327	0.000	0.023
3.138	0.0069	0.018	0.414	0.0201	0.000	0.016
3.143	0.0017	0.025	0.320	0.0284	0.000	0.019
3.148	0.0097	0.018	0.432	0.0365	0.000	0.019
3.153	0.0071	0.016	0.331	0.0275	0.000	0.013
3.158	0.0016	0.016	0.393	0.0298	0.000	0.016
3.163	0.0090	0.020	0.369	0.0221	0.000	0.015
3.168	0.0038	0.020	0.271	0.0293	0.000	0.015
3.173	0.0126	0.027	0.443	0.0306	0.000	0.017
3.178	0.0077	0.016	0.319	0.0300	0.000	0.013
3.183	0.0020	0.016	0.427	0.0326	0.000	0.017
3.188	0.0094	0.023	0.384	0.0241	0.000	0.015
3.193	0.0056	0.020	0.311	0.0248	0.000	0.014
3.198	0.0118	0.025	0.436	0.0382	0.000	0.019
3.203	0.0074	0.018	0.356	0.0260	0.000	0.015
3.208	0.0042	0.020	0.373	0.0267	0.000	0.016
3.213	0.0121	0.025	0.335	0.0192	0.000	0.015
3.218	0.0070	0.018	0.286	0.0210	0.000	0.013
3.223	0.0048	0.025	0.465	0.0345	0.000	0.016
3.228	0.0072	0.023	0.262	0.0193	0.000	0.011
3.233	0.0035	0.025	0.371	0.0282	0.000	0.017
3.238	0.0128	0.030	0.441	0.0432	0.000	0.018
3.243	0.0054	0.020	0.273	0.0216	0.000	0.014
3.248	0.0025	0.020	0.370	0.0304	0.000	0.020
3.253	0.0093	0.025	0.350	0.0315	0.000	0.019
3.258	0.0028	0.025	0.414	0.0207	0.000	0.019
3.263	0.0121	0.018	0.387	0.0391	0.000	0.037
3.268	0.0068	0.023	0.267	0.0296	0.000	0.050
3.273	0.0013	0.023	0.306	0.0210	0.000	0.059
3.278	0.0033	0.032	0.215	0.0425	0.000	0.064
3.283	0.0019	0.023	0.339	0.0184	0.000	0.065
3.288	0.0024	0.020	0.152	0.0268	0.001	0.105
3.293	0.0008	0.027	0.543	0.0366	0.000	0.112
3.298	0.0004	0.020	0.508	0.0334	0.000	0.123
3.302	0.0008	0.023	0.475	0.0284	0.001	0.138
3.307	0.0008	0.030	0.329	0.0317	0.001	0.153
3.312	0.0005	0.025	0.333	0.0237	0.002	0.202
3.317	0.0006	0.023	0.326	0.0252	0.006	0.311
3.322	0.0001	0.016	0.251	0.0300	0.023	0.448
3.327	0.0001	0.018	0.404	0.0184	0.034	0.483
3.332	0.0001	0.016	0.341	0.0132	0.076	0.569
3.337	0.0000	0.036	0.117	0.0155	0.160	0.653
3.342	0.0000	0.041	0.204	0.0123	0.270	0.701
3.347	0.0000	0.027	0.224	0.0098	0.416	0.754
3.352	0.0000	0.014	0.135	0.0088	0.579	0.794
3.357	0.0000	0.023	0.145	0.0093	0.670	0.821
3.362	0.0000	0.000	0.198	0.0092	0.794	0.852
3.367	0.0000	0.005	0.000	0.0028	0.827	0.913
3.372	0.0000	0.000	0.000	0.0000	0.000	1.000
3.377	0.0000	0.000	0.000	0.0000	0.000	1.000
3.382	0.0000	0.000	0.000	0.0000	0.000	1.000
3.387	0.0000	0.000	0.000	0.0000	0.000	1.000
3.392	0.0000	0.000	0.000	0.0000	0.000	1.000
3.397	0.0000	0.000	0.000	0.0000	0.000	1.000
3.402	0.0000	0.000	0.000	0.0000	0.000	1.000
3.407	0.0000	0.000	0.000	0.0000	0.000	1.000
3.412	0.0000	0.000	0.000	0.0000	0.000	1.000
3.417	0.0000	0.000	0.000	0.0000	0.000	1.000
3.422	0.0000	0.000	0.000	0.0000	0.000	1.000
3.427	0.0000	0.000	0.000	0.0000	0.000	1.000
3.432	0.0000	0.000	0.000	0.0000	0.000	1.000
3.437	0.0000	0.000	0.000	0.0000	0.000	1.000
3.442	0.0000	0.000	0.000	0.0000	0.000	1.000
3.447	0.0000	0.000	0.000	0.0000	0.000	1.000
3.452	0.0000	0.000	0.000	0.0000	0.000	1.000
3.457	0.0000	0.000	0.000	0.0008	0.818	1.000
3.462	0.0000	0.000	0.000	0.0036	0.819	0.993
3.467	0.0000	0.000	0.072	0.0083	0.799	0.855
3.472	0.0000	0.000	0.323	0.0177	0.310	0.758
3.477	0.0000	0.005	0.382	0.0103	0.210	0.739
3.482	0.0000	0.014	0.349	0.0099	0.191	0.680
3.487	0.0000	0.027	0.406	0.0158	0.150	0.665
3.492	0.0000	0.030	0.245	0.0193	0.081	0.602
3.497	0.0000	0.034	0.244	0.0176	0.073	0.573
3.502	0.0000	0.027	0.282	0.0218	0.045	0.549
3.507	0.0000	0.025	0.309	0.0152	0.029	0.491
3.512	0.0000	0.032	0.336	0.0191	0.036	0.493
3.517	0.0000	0.020	0.383	0.0262	0.030	0.497
3.522	0.0000	0.030	0.621	0.0100	0.033	0.525
3.527	0.0001	0.025	0.557	0.0173	0.061	0.577
3.532	0.0000	0.023	0.500	0.0121	0.078	0.616
3.537	0.0000	0.027	0.461	0.0105	0.078	0.621
3.542	0.0000	0.027	0.395	0.0143	0.106	0.624
3.547	0.0000	0.032	0.285	0.0108	0.166	0.661
3.552	0.0000	0.023	0.190	0.0147	0.267	0.664
3.557	0.0000	0.023	0.183	0.0075	0.335	0.693
3.562	0.0000	0.018	0.103	0.0130	0.714	0.790
3.567	0.0000	0.009	0.180	0.0096	0.772	0.819
3.572	0.0000	0.014	0.223	0.0056	0.779	0.793
3.577	0.0000	0.055	0.206	0.0097	0.731	0.787
3.582	0.0000	0.005	0.199	0.0085	0.758	0.839
3.587	0.0000	0.000	0.143	0.0059	0.811	0.843
3.592	0.0000	0.009	0.167	0.0095	0.820	0.924
3.597	0.0000	0.000	0.000	0.0063	0.820	0.912
3.602	0.0000	0.000	0.000	0.0062	0.819	0.993
3.607	0.0000	0.005	0.000	0.0006	0.820	0.998
3.612	0.0000	0.000	0.000	0.0000	0.000	1.000
3.617	0.0000	0.000	0.000	0.0000	0.000	1.000
3.622	0.0000	0.000	0.000	0.0000	0.000	1.000
3.627	0.0000	0.000	0.000	0.0558	0.554	0.778
3.632	0.0000	0.000	0.001	0.0008	0.651	0.782
3.637	0.0000	0.000	0.167	0.0020	0.647	0.789
3.642	0.0000	0.000	0.100	0.0116	0.786	0.801
3.647	0.0000	0.000	0.152	0.0095	0.793	0.798
3.652	0.0000	0.014	0.185	0.0084	0.821	0.786
3.657	0.0000	0.020	0.260	0.0098	0.811	0.798
3.662	0.0000	0.043	0.258	0.0142	0.831	0.733
3.667	0.0000	0.057	0.236	0.0107	0.864	0.719
3.672	0.0000	0.089	0.260	0.0144	0.749	0.732
3.677	0.0000	0.073	0.258	0.0118	0.479	0.724
3.682	0.0000	0.041	0.250	0.0117	0.522	0.729
3.687	0.0000	0.036	0.342	0.0127	0.605	0.728
3.692	0.0000	0.050	0.507	0.0154	0.492	0.688
3.697	0.0000	0.068	0.541	0.0199	0.276	0.643
3.702	0.0000	0.068	0.622	0.0153	0.422	0.630
3.707	0.0000	0.041	0.590	0.0082	0.529	0.628
3.712	0.0000	0.095	0.338	0.0174	0.434	0.636
3.717	0.0000	0.073	0.374	0.0304	0.164	0.543
3.722	0.0000	0.068	0.595	0.0199	0.044	0.408
3.727	0.0000	0.034	0.431	0.0136	0.028	0.389
3.732	0.0001	0.027	0.336	0.0323	0.018	0.364
3.737	0.0001	0.020	0.267	0.0193	0.019	0.357
3.741	0.0001	0.030	0.263	0.0175	0.034	0.388
3.746	0.0001	0.023	0.303	0.0269	0.049	0.404
3.751	0.0001	0.025	0.364	0.0264	0.037	0.420
3.756	0.0001	0.027	0.299	0.0193	0.061	0.458
3.761	0.0001	0.030	0.215	0.0240	0.116	0.421
3.766	0.0001	0.050	0.282	0.0207	0.105	0.405
3.771	0.0001	0.036	0.305	0.0155	0.132	0.367
3.776	0.0001	0.034	0.229	0.0170	0.164	0.351
3.781	0.0002	0.068	0.227	0.0268	0.460	0.362
3.786	0.0002	0.070	0.258	0.0184	0.704	0.311
3.791	0.0002	0.114	0.290	0.0140	0.648	0.322
3.796	0.0004	0.143	0.250	0.0178	0.628	0.342
3.801	0.0002	0.093	0.222	0.0155	0.538	0.314
3.806	0.0002	0.105	0.219	0.0172	0.397	0.286
3.811	0.0002	0.084	0.259	0.0209	0.472	0.256
3.816	0.0003	0.093	0.318	0.0248	0.734	0.234
3.821	0.0003	0.082	0.358	0.0184	0.589	0.206
3.826	0.0005	0.109	0.388	0.0191	0.539	0.202
3.831	0.0006	0.093	0.237	0.0269	0.346	0.256
3.836	0.0004	0.080	0.567	0.0525	0.092	0.223
3.841	0.0003	0.086	0.674	0.0240	0.017	0.163
3.846	0.0004	0.050	0.563	0.0207	0.056	0.187
3.851	0.0010	0.041	0.403	0.0289	0.667	0.184
3.856	0.0005	0.077	0.440	0.0326	0.668	0.156
3.861	0.0005	0.111	0.303	0.0236	0.655	0.140
3.866	0.0008	0.091	0.304	0.0253	0.615	0.136
3.871	0.0010	0.102	0.311	0.0188	0.645	0.121
3.876	0.0010	0.091	0.403	0.0196	0.674	0.111
3.881	0.0011	0.111	0.429	0.0220	0.277	0.123
3.886	0.0010	0.070	0.385	0.0336	0.136	0.148
3.891	0.0007	0.057	0.481	0.0296	0.072	0.159
3.896	0.0008	0.048	0.551	0.0405	0.039	0.132
3.901	0.0006	0.052	0.605	0.0156	0.056	0.140
3.906	0.0015	0.039	0.572	0.0263	0.143	0.171
3.911	0.0008	0.048	0.477	0.0166	0.322	0.192
3.916	0.0007	0.068	0.306	0.0308	0.314	0.177
3.921	0.0004	0.089	0.421	0.0238	0.398	0.167
3.926	0.0007	0.080	0.428	0.0209	0.437	0.156
3.931	0.0006	0.084	0.441	0.0196	0.577	0.141
3.936	0.0007	0.075	0.394	0.0161	0.603	0.155
3.941	0.0009	0.091	0.221	0.0269	0.231	0.210
3.946	0.0004	0.059	0.297	0.0190	0.063	0.207
3.951	0.0004	0.045	0.314	0.0151	0.073	0.209
3.956	0.0004	0.050	0.338	0.0308	0.075	0.222
3.961	0.0002	0.050	0.372	0.0172	0.181	0.207
3.966	0.0005	0.045	0.320	0.0177	0.345	0.217
3.971	0.0004	0.073	0.366	0.0139	0.500	0.232
3.976	0.0004	0.084	0.277	0.0262	0.495	0.233
3.981	0.0002	0.086	0.386	0.0212	0.281	0.216
3.986	0.0004	0.068	0.378	0.0150	0.300	0.226
3.991	0.0006	0.066	0.340	0.0181	0.257	0.266
3.996	0.0004	0.057	0.289	0.0208	0.105	0.288
4.001	0.0002	0.057	0.436	0.0323	0.024	0.233
4.006	0.0002	0.045	0.465	0.0165	0.019	0.254
4.011	0.0004	0.043	0.500	0.0193	0.061	0.298
4.016	0.0003	0.041	0.366	0.0215	0.093	0.325
4.021	0.0002	0.052	0.362	0.0192	0.083	0.309
4.026	0.0002	0.041	0.341	0.0172	0.096	0.294
4.031	0.0002	0.052	0.256	0.0176	0.121	0.292
4.036	0.0002	0.036	0.245	0.0172	0.167	0.287
4.041	0.0002	0.052	0.252	0.0159	0.151	0.301
4.046	0.0002	0.057	0.284	0.0161	0.090	0.339
4.051	0.0001	0.045	0.316	0.0177	0.083	0.372
4.056	0.0001	0.061	0.426	0.0123	0.105	0.374
4.061	0.0001	0.055	0.376	0.0150	0.093	0.358
4.066	0.0001	0.043	0.312	0.0130	0.093	0.354
4.071	0.0001	0.055	0.303	0.0181	0.085	0.375
4.076	0.0001	0.048	0.288	0.0146	0.121	0.370
4.081	0.0001	0.057	0.220	0.0181	0.228	0.400
4.086	0.0001	0.059	0.347	0.0217	0.215	0.411
4.091	0.0001	0.070	0.484	0.0170	0.147	0.359
4.096	0.0001	0.050	0.501	0.0131	0.134	0.374
4.101	0.0001	0.055	0.367	0.0146	0.127	0.397
4.106	0.0001	0.064	0.401	0.0183	0.150	0.427
4.111	0.0001	0.057	0.305	0.0123	0.177	0.491
4.116	0.0001	0.057	0.342	0.0128	0.198	0.578
4.121	0.0001	0.059	0.249	0.0133	0.428	0.667
4.126	0.0000	0.050	0.172	0.0111	0.447	0.696
4.131	0.0000	0.055	0.147	0.0114	0.413	0.707
4.136	0.0000	0.036	0.170	0.0088	0.439	0.720
4.141	0.0000	0.036	0.151	0.0092	0.510	0.779
4.146	0.0000	0.032	0.187	0.0108	0.629	0.809
4.151	0.0000	0.027	0.144	0.0108	0.647	0.803
4.156	0.0000	0.005	0.146	0.0093	0.599	0.811
4.161	0.0000	0.023	0.192	0.0087	0.680	0.810
4.166	0.0000	0.018	0.176	0.0082	0.787	0.843
4.171	0.0000	0.009	0.100	0.0158	0.768	0.856
4.176	0.0000	0.000	0.096	0.0109	0.713	0.845
4.180	0.0000	0.000	0.318	0.0118	0.528	0.808
4.185	0.0000	0.014	0.287	0.0090	0.361	0.743
4.190	0.0000	0.005	0.190	0.0081	0.376	0.777
4.195	0.0000	0.009	0.243	0.0107	0.426	0.764
4.200	0.0000	0.009	0.082	0.0054	0.467	0.797
4.205	0.0000	0.014	0.095	0.0095	0.655	0.845
4.210	0.0000	0.009	0.000	0.0056	0.806	0.998
4.215	0.0000	0.000	0.000	0.0130	0.736	0.989
4.220	0.0000	0.000	0.000	0.0000	0.000	1.000
4.225	0.0000	0.000	0.000	0.0000	0.000	1.000
4.230	0.0000	0.000	0.000	0.0000	0.000	1.000
4.235	0.0000	0.000	0.000	0.0000	0.000	1.000
4.240	0.0000	0.000	0.000	0.0000	0.000	1.000
4.245	0.0000	0.000	0.000	0.0502	0.681	0.939
4.250	0.0000	0.000	0.142	0.0115	0.284	0.723
4.255	0.0000	0.000	0.194	0.0153	0.182	0.667
4.260	0.0000	0.007	0.263	0.0312	0.032	0.489
4.265	0.0000	0.039	0.285	0.0187	0.010	0.330
4.270	0.0000	0.032	0.181	0.0299	0.008	0.278
4.275	0.0001	0.030	0.260	0.0263	0.005	0.199
4.280	0.0001	0.041	0.230	0.0218	0.008	0.131
4.285	0.0004	0.052	0.036	0.0483	0.008	0.099
4.290	0.0006	0.045	0.390	0.0279	0.001	0.036
4.295	0.0009	0.070	0.428	0.0304	0.002	0.033
4.300	0.0070	0.002	0.482	0.0244	0.003	0.026
4.305	0.0099	0.009	0.617	0.0252	0.001	0.021
4.310	0.0191	0.007	0.485	0.0211	0.001	0.019
4.315	0.0479	0.009	0.583	0.0310	0.001	0.018
4.320	0.0476	0.009	0.712	0.0160	0.001	0.014
4.325	0.0777	0.009	0.715	0.0092	0.001	0.012
4.330	0.0797	0.009	0.709	0.0160	0.000	0.011
4.335	0.0727	0.011	0.730	0.0133	0.000	0.011
4.340	0.0767	0.009	0.758	0.0082	0.000	0.011
4.345	0.0989	0.009	0.754	0.0129	0.000	0.012
4.350	0.1066	0.014	0.766	0.0079	0.000	0.013
4.355	0.0976	0.007	0.798	0.0092	0.000	0.013
4.360	0.0853	0.009	0.792	0.0109	0.000	0.013
4.365	0.0950	0.009	0.814	0.0096	0.000	0.014
4.370	0.1039	0.007	0.824	0.0095	0.000	0.014
4.375	0.1036	0.009	0.817	0.0138	0.000	0.015
4.380	0.0924	0.009	0.813	0.0232	0.000	0.014
4.385	0.0933	0.009	0.832	0.0194	0.000	0.014
4.390	0.1141	0.009	0.831	0.0180	0.000	0.014
4.395	0.1185	0.009	0.821	0.0133	0.000	0.014
4.400	0.1106	0.009	0.778	0.0199	0.000	0.015
4.405	0.0963	0.009	0.687	0.0157	0.000	0.017
4.410	0.0739	0.009	0.676	0.0149	0.000	0.019
4.415	0.0501	0.009	0.686	0.0158	0.000	0.020
4.420	0.0377	0.009	0.661	0.0275	0.000	0.020
4.425	0.0293	0.011	0.710	0.0247	0.000	0.017
4.430	0.0313	0.014	0.756	0.0173	0.000	0.012
4.435	0.0492	0.009	0.754	0.0093	0.000	0.012
4.440	0.0569	0.009	0.740	0.0109	0.000	0.011
4.445	0.0606	0.009	0.719	0.0184	0.000	0.010
4.450	0.0675	0.011	0.748	0.0209	0.000	0.009
4.455	0.0801	0.009	0.800	0.0179	0.000	0.008
4.460	0.0947	0.009	0.829	0.0147	0.000	0.007
4.465	0.1042	0.009	0.824	0.0078	0.000	0.007
4.470	0.1176	0.009	0.816	0.0085	0.000	0.007
4.475	0.1330	0.009	0.809	0.0096	0.000	0.006
4.480	0.1429	0.009	0.792	0.0071	0.000	0.007
4.485	0.1443	0.011	0.783	0.0099	0.000	0.008
4.490	0.1359	0.009	0.752	0.0088	0.000	0.008
4.495	0.1223	0.009	0.747	0.0092	0.000	0.008
4.500	0.1064	0.009	0.716	0.0123	0.000	0.009
4.505	0.0881	0.014	0.724	0.0096	0.000	0.009
4.510	0.0833	0.014	0.731	0.0050	0.000	0.009
4.515	0.0843	0.014	0.743	0.0066	0.000	0.008
4.520	0.0914	0.014	0.750	0.0077	0.000	0.009
4.525	0.0982	0.014	0.749	0.0047	0.000	0.008
4.530	0.1020	0.014	0.749	0.0055	0.000	0.008
4.535	0.1022	0.016	0.734	0.0056	0.000	0.009
4.540	0.0977	0.018	0.732	0.0051	0.000	0.009
4.545	0.0916	0.014	0.738	0.0061	0.000	0.008
4.550	0.0902	0.018	0.741	0.0104	0.000	0.008
4.555	0.0922	0.018	0.749	0.0086	0.000	0.008
4.560	0.0973	0.014	0.748	0.0103	0.000	0.008
4.565	0.0986	0.014	0.745	0.0089	0.000	0.008
4.570	0.0985	0.014	0.744	0.0098	0.000	0.007
4.575	0.0993	0.014	0.757	0.0127	0.000	0.008
4.580	0.0977	0.009	0.777	0.0134	0.000	0.009
4.585	0.0939	0.014	0.797	0.0138	0.000	0.011
4.590	0.0757	0.007	0.725	0.0181	0.000	0.012
4.595	0.0558	0.014	0.740	0.0159	0.000	0.014
4.600	0.0439	0.009	0.751	0.0167	0.000	0.017
4.605	0.0315	0.011	0.778	0.0238	0.000	0.020
4.610	0.0294	0.014	0.731	0.0157	0.001	0.024
4.615	0.0345	0.007	0.628	0.0178	0.002	0.029
4.620	0.0327	0.014	0.562	0.0301	0.006	0.040
4.624	0.0263	0.014	0.668	0.0165	0.011	0.047
4.629	0.0248	0.016	0.718	0.0102	0.022	0.062
4.634	0.0260	0.030	0.603	0.0115	0.051	0.076
4.639	0.0198	0.036	0.541	0.0207	0.112	0.096
4.644	0.0089	0.066	0.457	0.0150	0.137	0.092
4.649	0.0111	0.077	0.313	0.0134	0.346	0.106
4.654	0.0193	0.080	0.194	0.0141	0.535	0.113
4.659	0.0095	0.134	0.244	0.0213	0.694	0.117
4.664	0.0116	0.125	0.259	0.0152	0.813	0.116
4.669	0.0166	0.143	0.283	0.0119	0.901	0.109
4.674	0.0195	0.139	0.262	0.0142	0.901	0.119
4.679	0.0182	0.177	0.164	0.0132	0.916	0.134
4.684	0.0194	0.189	0.168	0.0120	0.934	0.141
4.689	0.0136	0.200	0.187	0.0157	0.972	0.144
4.694	0.0145	0.177	0.160	0.0162	0.972	0.140
4.699	0.0177	0.175	0.181	0.0125	0.965	0.130
4.704	0.0179	0.168	0.287	0.0140	0.963	0.127
4.709	0.0186	0.166	0.243	0.0146	0.967	0.132
4.714	0.0146	0.180	0.187	0.0136	0.967	0.146
4.719	0.0169	0.182	0.168	0.0145	0.975	0.148
4.724	0.0131	0.161	0.154	0.0137	0.983	0.148
4.729	0.0142	0.168	0.152	0.0136	0.987	0.143
4.734	0.0123	0.186	0.168	0.0166	0.991	0.142
4.739	0.0139	0.189	0.144	0.0146	0.996	0.139
4.744	0.0148	0.168	0.165	0.0156	0.997	0.136
4.749	0.0127	0.166	0.199	0.0174	0.997	0.127
4.754	0.0136	0.170	0.172	0.0135	0.997	0.124
4.759	0.0201	0.168	0.208	0.0151	0.996	0.126
4.764	0.0100	0.184	0.176	0.0152	0.996	0.126
4.769	0.0122	0.175	0.218	0.0152	0.997	0.134
4.774	0.0129	0.175	0.193	0.0152	0.998	0.129
4.779	0.0112	0.170	0.198	0.0154	0.998	0.124
4.784	0.0119	0.170	0.216	0.0122	0.997	0.132
4.789	0.0135	0.168	0.163	0.0168	0.993	0.151
4.794	0.0087	0.175	0.179	0.0142	0.989	0.161
4.799	0.0102	0.150	0.216	0.0143	0.979	0.188
4.804	0.0072	0.150	0.162	0.0144	0.914	0.221
4.809	0.0042	0.157	0.137	0.0128	0.775	0.234
4.814	0.0027	0.134	0.120	0.0141	0.838	0.233
4.819	0.0013	0.159	0.225	0.0191	0.766	0.240
4.824	0.0015	0.182	0.300	0.0193	0.501	0.225
4.829	0.0012	0.134	0.418	0.0122	0.462	0.219
4.834	0.0016	0.109	0.346	0.0171	0.619	0.225
4.839	0.0009	0.136	0.258	0.0130	0.764	0.218
4.844	0.0007	0.130	0.223	0.0144	0.793	0.247
4.849	0.0009	0.157	0.076	0.0403	0.367	0.224
4.854	0.0005	0.127	0.446	0.0734	0.009	0.104
4.859	0.0007	0.116	0.588	0.0331	0.001	0.054
4.864	0.0016	0.025	0.510	0.0153	0.000	0.040
4.869	0.0144	0.011	0.508	0.0201	0.000	0.028
4.874	0.0222	0.009	0.570	0.0319	0.000	0.024
4.879	0.0171	0.020	0.601	0.0153	0.000	0.018
4.884	0.0147	0.020	0.608	0.0202	0.000	0.016
4.889	0.0184	0.016	0.663	0.0135	0.000	0.014
4.894	0.0285	0.027	0.656	0.0102	0.000	0.015
4.899	0.0345	0.034	0.673	0.0131	0.000	0.014
4.904	0.0377	0.030	0.684	0.0091	0.000	0.014
4.909	0.0451	0.032	0.632	0.0166	0.000	0.014
4.914	0.0318	0.025	0.639	0.0220	0.000	0.015
4.919	0.0356	0.020	0.606	0.0248	0.000	0.013
4.924	0.0468	0.025	0.596	0.0162	0.000	0.015
4.929	0.0429	0.025	0.589	0.0330	0.000	0.015
4.934	0.0411	0.011	0.645	0.0172	0.000	0.015
4.939	0.0235	0.007	0.616	0.0162	0.000	0.017
4.944	0.0089	0.009	0.661	0.0261	0.000	0.016
4.949	0.0167	0.016	0.663	0.0268	0.000	0.016
4.954	0.0260	0.014	0.716	0.0353	0.000	0.015
4.959	0.0372	0.016	0.681	0.0205	0.000	0.017
4.964	0.0229	0.005	0.557	0.0344	0.000	0.021
4.969	0.0026	0.018	0.393	0.0398	0.000	0.025
4.974	0.0170	0.007	0.461	0.0401	0.000	0.021
4.979	0.0105	0.005	0.441	0.0130	0.002	0.044
4.984	0.0152	0.007	0.472	0.0192	0.021	0.091
4.989	0.0104	0.014	0.267	0.0228	0.480	0.148
4.994	0.0064	0.032	0.191	0.0109	0.835	0.146
4.999	0.0054	0.132	0.167	0.0120	0.863	0.148
5.004	0.0139	0.152	0.192	0.0121	0.790	0.153
5.009	0.0123	0.148	0.201	0.0109	0.717	0.162
5.014	0.0098	0.180	0.195	0.0114	0.666	0.172
5.019	0.0112	0.157	0.155	0.0130	0.559	0.181
5.024	0.0078	0.118	0.192	0.0113	0.561	0.186
5.029	0.0062	0.130	0.150	0.0150	0.515	0.204
5.034	0.0049	0.141	0.194	0.0254	0.206	0.184
5.039	0.0042	0.105	0.244	0.0119	0.068	0.147
5.044	0.0066	0.057	0.267	0.0103	0.090	0.166
5.049	0.0053	0.068	0.088	0.0452	0.048	0.142
5.054	0.0025	0.045	0.165	0.0639	0.006	0.080
5.059	0.0028	0.043	0.508	0.0220	0.001	0.041
5.063	0.0060	0.005	0.483	0.0290	0.001	0.035
5.068	0.0220	0.014	0.613	0.0237	0.000	0.025
5.073	0.0238	0.014	0.694	0.0131	0.000	0.021
5.078	0.0550	0.011	0.634	0.0209	0.000	0.012
5.083	0.0566	0.014	0.612	0.0198	0.000	0.012
5.088	0.0636	0.016	0.591	0.0168	0.000	0.014
5.093	0.0575	0.023	0.570	0.0171	0.000	0.012
5.098	0.0552	0.034	0.552	0.0186	0.000	0.010
5.103	0.0306	0.025	0.582	0.0146	0.000	0.010
5.108	0.0337	0.030	0.597	0.0078	0.000	0.010
5.113	0.0368	0.030	0.636	0.0198	0.000	0.009
5.118	0.0400	0.034	0.686	0.0081	0.000	0.009
5.123	0.0600	0.025	0.701	0.0091	0.000	0.010
5.128	0.0725	0.023	0.658	0.0110	0.000	0.010
5.133	0.0401	0.030	0.645	0.0076	0.000	0.010
5.138	0.0216	0.027	0.668	0.0099	0.000	0.010
5.143	0.0334	0.025	0.686	0.0086	0.000	0.011
5.148	0.0490	0.023	0.682	0.0097	0.000	0.011
5.153	0.0497	0.027	0.682	0.0078	0.000	0.011
5.158	0.0534	0.030	0.599	0.0120	0.000	0.012
5.163	0.0425	0.016	0.525	0.0172	0.000	0.014
5.168	0.0314	0.014	0.494	0.0196	0.000	0.017
5.173	0.0274	0.020	0.542	0.0179	0.000	0.018
5.178	0.0170	0.020	0.633	0.0182	0.000	0.017
5.183	0.0150	0.018	0.686	0.0159	0.000	0.016
5.188	0.0203	0.016	0.701	0.0119	0.000	0.014
5.193	0.0272	0.018	0.696	0.0140	0.000	0.014
5.198	0.0195	0.011	0.714	0.0104	0.000	0.015
5.203	0.0121	0.007	0.667	0.0159	0.000	0.018
5.208	0.0134	0.014	0.678	0.0191	0.000	0.020
5.213	0.0192	0.011	0.692	0.0139	0.000	0.024
5.218	0.0272	0.016	0.580	0.0228	0.001	0.046
5.223	0.0237	0.018	0.576	0.0143	0.008	0.069
5.228	0.0098	0.011	0.609	0.0092	0.023	0.088
5.233	0.0053	0.020	0.643	0.0163	0.040	0.099
5.238	0.0177	0.057	0.643	0.0081	0.074	0.112
5.243	0.0263	0.059	0.582	0.0084	0.080	0.109
5.248	0.0230	0.039	0.492	0.0115	0.158	0.114
5.253	0.0064	0.055	0.520	0.0102	0.208	0.101
5.258	0.0090	0.080	0.571	0.0155	0.148	0.083
5.263	0.0155	0.068	0.598	0.0123	0.119	0.083
5.268	0.0210	0.025	0.593	0.0146	0.080	0.080
5.273	0.0103	0.055	0.579	0.0226	0.028	0.077
5.278	0.0077	0.039	0.605	0.0241	0.006	0.061
5.283	0.0183	0.041	0.673	0.0198	0.003	0.046
5.288	0.0276	0.007	0.661	0.0191	0.002	0.036
5.293	0.0183	0.011	0.629	0.0272	0.001	0.034
5.298	0.0174	0.011	0.628	0.0145	0.001	0.032
5.303	0.0238	0.011	0.638	0.0107	0.001	0.029
5.308	0.0321	0.018	0.680	0.0132	0.000	0.024
5.313	0.0423	0.014	0.701	0.0134	0.000	0.023
5.318	0.0376	0.011	0.682	0.0127	0.000	0.021
5.323	0.0313	0.016	0.674	0.0086	0.000	0.020
5.328	0.0308	0.016	0.644	0.0115	0.000	0.020
5.333	0.0334	0.016	0.662	0.0168	0.000	0.017
5.338	0.0382	0.014	0.660	0.0160	0.000	0.014
5.343	0.0478	0.014	0.637	0.0139	0.000	0.013
5.348	0.0449	0.016	0.636	0.0158	0.000	0.013
5.353	0.0332	0.016	0.560	0.0147	0.000	0.012
5.358	0.0305	0.009	0.354	0.0222	0.000	0.015
5.363	0.0316	0.011	0.392	0.0284	0.000	0.017
5.368	0.0297	0.018	0.535	0.0196	0.000	0.017
5.373	0.0066	0.018	0.549	0.0430	0.000	0.017
5.378	0.0121	0.007	0.587	0.0321	0.000	0.021
5.383	0.0273	0.005	0.614	0.0341	0.000	0.020
5.388	0.0113	0.007	0.549	0.0343	0.000	0.023
5.393	0.0136	0.007	0.468	0.0306	0.000	0.027
5.398	0.0232	0.007	0.473	0.0263	0.000	0.035
5.403	0.0104	0.005	0.347	0.0562	0.000	0.048
5.408	0.0021	0.016	0.422	0.0418	0.000	0.047
5.413	0.0082	0.005	0.569	0.0572	0.000	0.046
5.418	0.0046	0.016	0.532	0.0379	0.000	0.052
5.423	0.0077	0.007	0.507	0.0418	0.000	0.046
5.428	0.0072	0.005	0.417	0.0475	0.000	0.045
5.433	0.0062	0.005	0.337	0.0559	0.000	0.040
5.438	0.0052	0.007	0.324	0.0358	0.000	0.057
5.443	0.0041	0.005	0.219	0.0148	0.001	0.098
5.448	0.0012	0.014	0.413	0.0326	0.001	0.102
5.453	0.0019	0.011	0.313	0.0223	0.003	0.150
5.458	0.0022	0.007	0.248	0.0408	0.013	0.215
5.463	0.0010	0.018	0.360	0.0329	0.008	0.220
5.468	0.0008	0.005	0.296	0.0481	0.003	0.236
5.473	0.0003	0.020	0.514	0.0395	0.001	0.211
5.478	0.0004	0.016	0.680	0.0285	0.001	0.166
5.483	0.0006	0.011	0.652	0.0235	0.001	0.153
5.488	0.0006	0.011	0.655	0.0224	0.001	0.175
5.493	0.0008	0.016	0.590	0.0209	0.001	0.186
5.498	0.0007	0.009	0.486	0.0425	0.001	0.211
5.502	0.0003	0.011	0.523	0.0389	0.001	0.185
5.507	0.0004	0.011	0.473	0.0181	0.001	0.172
5.512	0.0006	0.007	0.442	0.0181	0.001	0.204
5.517	0.0005	0.009	0.378	0.0419	0.002	0.234
5.522	0.0001	0.011	0.521	0.0325	0.002	0.247
5.527	0.0003	0.014	0.306	0.0295	0.001	0.197
5.532	0.0004	0.007	0.187	0.0728	0.001	0.157
5.537	0.0003	0.007	0.436	0.0694	0.000	0.069
5.542	0.0004	0.007	0.458	0.0220	0.000	0.056
5.547	0.0016	0.005	0.316	0.0328	0.000	0.089
5.552	0.0019	0.005	0.330	0.0944	0.000	0.104
5.557	0.0005	0.005	0.330	0.0367	0.000	0.044
5.562	0.0006	0.002	0.341	0.0526	0.000	0.049
5.567	0.0033	0.005	0.163	0.1304	0.000	0.055
5.572	0.0017	0.005	0.430	0.0530	0.000	0.036
5.577	0.0020	0.005	0.434	0.0414	0.000	0.028
5.582	0.0074	0.005	0.262	0.0495	0.000	0.040
5.587	0.0059	0.005	0.241	0.0419	0.000	0.035
5.592	0.0057	0.007	0.262	0.0331	0.000	0.029
5.597	0.0036	0.018	0.389	0.0281	0.001	0.021
5.602	0.0047	0.011	0.458	0.0224	0.000	0.018
5.607	0.0360	0.030	0.600	0.0207	0.000	0.013
5.612	0.0722	0.016	0.648	0.0139	0.000	0.012
5.617	0.0599	0.014	0.673	0.0097	0.000	0.011
5.622	0.0773	0.011	0.694	0.0088	0.000	0.011
5.627	0.1056	0.016	0.723	0.0129	0.000	0.010
5.632	0.1316	0.011	0.705	0.0092	0.000	0.010
5.637	0.1255	0.009	0.696	0.0097	0.000	0.010
5.642	0.0865	0.011	0.673	0.0098	0.000	0.009
5.647	0.1097	0.011	0.683	0.0055	0.000	0.009
5.652	0.1260	0.014	0.676	0.0167	0.000	0.009
5.657	0.1331	0.011	0.664	0.0112	0.000	0.010
5.662	0.0942	0.009	0.661	0.0092	0.000	0.010
5.667	0.0977	0.011	0.615	0.0103	0.000	0.011
5.672	0.0914	0.011	0.583	0.0155	0.000	0.012
5.677	0.0964	0.009	0.580	0.0192	0.000	0.016
5.682	0.0593	0.016	0.610	0.0149	0.000	0.019
5.687	0.0443	0.009	0.587	0.0207	0.001	0.024
5.692	0.0342	0.011	0.527	0.0260	0.002	0.034
5.697	0.0600	0.009	0.370	0.0130	0.019	0.063
5.702	0.0321	0.007	0.419	0.0236	0.049	0.086
5.707	0.0228	0.025	0.410	0.0116	0.148	0.127
5.712	0.0267	0.045	0.291	0.0156	0.406	0.149
5.717	0.0114	0.064	0.208	0.0125	0.753	0.150
5.722	0.0093	0.127	0.203	0.0123	0.863	0.149
5.727	0.0138	0.161	0.164	0.0134	0.886	0.162
5.732	0.0151	0.164	0.160	0.0184	0.926	0.146
5.737	0.0102	0.161	0.157	0.0130	0.940	0.131
5.742	0.0132	0.168	0.175	0.0137	0.852	0.127
5.747	0.0110	0.175	0.278	0.0199	0.437	0.154
5.752	0.0088	0.157	0.425	0.0238	0.180	0.162
5.757	0.0079	0.091	0.623	0.0199	0.063	0.149
5.762	0.0062	0.039	0.621	0.0181	0.038	0.146
5.767	0.0051	0.039	0.666	0.0152	0.020	0.141
5.772	0.0071	0.023	0.694	0.0115	0.018	0.135
5.777	0.0078	0.025	0.707	0.0104	0.021	0.136
5.782	0.0075	0.025	0.649	0.0147	0.027	0.156
5.787	0.0059	0.014	0.528	0.0153	0.101	0.215
5.792	0.0041	0.016	0.357	0.0162	0.381	0.222
5.797	0.0026	0.052	0.215	0.0147	0.881	0.180
5.802	0.0039	0.150	0.185	0.0106	0.968	0.172
5.807	0.0045	0.175	0.139	0.0135	0.921	0.199
5.812	0.0055	0.157	0.144	0.0143	0.784	0.235
5.817	0.0034	0.159	0.172	0.0193	0.609	0.246
5.822	0.0019	0.150	0.296	0.0195	0.365	0.209
5.827	0.0020	0.123	0.339	0.0107	0.221	0.186
5.832	0.0035	0.102	0.315	0.0214	0.200	0.207
5.837	0.0023	0.116	0.079	0.0432	0.098	0.187
5.842	0.0012	0.066	0.413	0.0773	0.020	0.133
5.847	0.0013	0.084	0.445	0.0232	0.001	0.053
5.852	0.0012	0.050	0.353	0.0338	0.000	0.032
5.857	0.0138	0.009	0.504	0.0243	0.000	0.023
5.862	0.0243	0.014	0.603	0.0210	0.000	0.019
5.867	0.0402	0.009	0.718	0.0176	0.000	0.016
5.872	0.0341	0.014	0.693	0.0128	0.000	0.015
5.877	0.0358	0.011	0.669	0.0152	0.000	0.014
5.882	0.0313	0.014	0.662	0.0168	0.000	0.012
5.887	0.0265	0.025	0.658	0.0150	0.000	0.012
5.892	0.0323	0.016	0.616	0.0146	0.000	0.011
5.897	0.0318	0.023	0.634	0.0165	0.000	0.011
5.902	0.0434	0.016	0.670	0.0162	0.000	0.012
5.907	0.0484	0.016	0.630	0.0144	0.000	0.013
5.912	0.0474	0.020	0.629	0.0152	0.000	0.013
5.917	0.0400	0.025	0.642	0.0152	0.000	0.013
5.922	0.0346	0.020	0.662	0.0116	0.000	0.014
5.927	0.0343	0.025	0.619	0.0135	0.000	0.015
5.932	0.0340	0.030	0.617	0.0158	0.000	0.016
5.937	0.0362	0.023	0.590	0.0199	0.000	0.017
5.941	0.0358	0.018	0.599	0.0172	0.000	0.018
5.946	0.0325	0.016	0.626	0.0212	0.000	0.019
5.951	0.0242	0.011	0.615	0.0296	0.000	0.022
5.956	0.0259	0.007	0.484	0.0167	0.000	0.029
5.961	0.0343	0.011	0.465	0.0196	0.000	0.031
5.966	0.0292	0.009	0.301	0.0253	0.000	0.042
5.971	0.0093	0.007	0.323	0.0439	0.000	0.045
5.976	0.0066	0.007	0.422	0.0177	0.000	0.043
5.981	0.0078	0.007	0.320	0.0192	0.000	0.045
5.986	0.0043	0.016	0.423	0.0196	0.000	0.045
5.991	0.0035	0.020	0.456	0.0270	0.000	0.047
5.996	0.0023	0.018	0.496	0.0172	0.001	0.062
6.001	0.0038	0.016	0.398	0.0244	0.017	0.103
6.006	0.0053	0.025	0.242	0.0198	0.433	0.144
6.011	0.0028	0.016	0.195	0.0121	0.808	0.149
6.016	0.0035	0.134	0.202	0.0139	0.884	0.160
6.021	0.0071	0.168	0.223	0.0152	0.884	0.165
6.026	0.0072	0.161	0.228	0.0124	0.887	0.165
6.031	0.0101	0.139	0.213	0.0164	0.819	0.175
6.036	0.0060	0.145	0.192	0.0132	0.596	0.182
6.041	0.0065	0.111	0.261	0.0156	0.417	0.172
6.046	0.0044	0.114	0.121	0.0220	0.166	0.173
6.051	0.0031	0.070	0.155	0.0673	0.035	0.135
6.056	0.0026	0.066	0.445	0.0314	0.003	0.063
6.061	0.0045	0.036	0.484	0.0368	0.002	0.055
6.066	0.0230	0.009	0.583	0.0215	0.001	0.037
6.071	0.0139	0.011	0.612	0.0154	0.000	0.028
6.076	0.0113	0.009	0.541	0.0209	0.000	0.022
6.081	0.0244	0.011	0.514	0.0162	0.000	0.019
6.086	0.0346	0.016	0.463	0.0265	0.000	0.017
6.091	0.0396	0.027	0.587	0.0169	0.000	0.016
6.096	0.0206	0.023	0.608	0.0152	0.000	0.015
6.101	0.0262	0.032	0.560	0.0186	0.000	0.016
6.106	0.0377	0.039	0.612	0.0196	0.000	0.014
6.111	0.0187	0.018	0.634	0.0188	0.000	0.013
6.116	0.0226	0.027	0.668	0.0282	0.000	0.012
6.121	0.0332	0.030	0.656	0.0126	0.000	0.012
6.126	0.0506	0.023	0.647	0.0102	0.000	0.012
6.131	0.0197	0.018	0.630	0.0216	0.000	0.012
6.136	0.0236	0.025	0.614	0.0141	0.000	0.013
6.141	0.0500	0.027	0.632	0.0132	0.000	0.013
6.146	0.0185	0.023	0.624	0.0285	0.000	0.012
6.151	0.0100	0.014	0.567	0.0351	0.000	0.012
6.156	0.0354	0.016	0.595	0.0230	0.000	0.012
6.161	0.0342	0.011	0.624	0.0570	0.000	0.012
6.166	0.0105	0.011	0.548	0.0212	0.000	0.012
6.171	0.0372	0.011	0.621	0.0249	0.000	0.012
6.176	0.0276	0.009	0.502	0.0241	0.000	0.015
6.181	0.0111	0.011	0.384	0.0370	0.000	0.017
6.186	0.0255	0.016	0.531	0.0398	0.000	0.024
6.191	0.0076	0.014	0.355	0.0177	0.000	0.038
6.196	0.0107	0.009	0.281	0.0424	0.004	0.071
6.201	0.0132	0.018	0.395	0.0273	0.009	0.085
6.206	0.0037	0.018	0.261	0.0135	0.107	0.115
6.211	0.0126	0.041	0.191	0.0169	0.359	0.145
6.216	0.0041	0.098	0.129	0.0116	0.607	0.146
6.221	0.0042	0.111	0.148	0.0159	0.588	0.145
6.226	0.0041	0.093	0.265	0.0130	0.457	0.127
6.231	0.0034	0.105	0.236	0.0159	0.394	0.122
6.236	0.0044	0.086	0.146	0.0179	0.588	0.128
6.241	0.0043	0.148	0.174	0.0267	0.424	0.135
6.246	0.0032	0.095	0.383	0.0297	0.059	0.111
6.251	0.0019	0.100	0.355	0.0316	0.017	0.089
6.256	0.0077	0.034	0.567	0.0215	0.004	0.057
6.261	0.0028	0.023	0.523	0.0221	0.002	0.052
6.266	0.0052	0.025	0.493	0.0327	0.001	0.043
6.271	0.0170	0.007	0.649	0.0459	0.000	0.037
6.276	0.0037	0.027	0.502	0.0258	0.000	0.035
6.281	0.0197	0.005	0.588	0.0219	0.000	0.029
6.286	0.0110	0.007	0.617	0.0189	0.000	0.023
6.291	0.0089	0.005	0.655	0.0191	0.000	0.022
6.296	0.0222	0.005	0.628	0.0088	0.000	0.019
6.301	0.0110	0.007	0.664	0.0131	0.000	0.019
6.306	0.0151	0.009	0.588	0.0168	0.000	0.019
6.311	0.0202	0.007	0.570	0.0269	0.000	0.019
6.316	0.0084	0.009	0.594	0.0214	0.000	0.019
6.321	0.0206	0.011	0.634	0.0228	0.000	0.015
6.326	0.0082	0.014	0.588	0.0340	0.000	0.016
6.331	0.0097	0.007	0.566	0.0229	0.000	0.021
6.336	0.0206	0.014	0.589	0.0199	0.000	0.024
6.341	0.0106	0.005	0.441	0.0240	0.000	0.023
6.346	0.0236	0.016	0.504	0.0311	0.000	0.017
6.351	0.0090	0.016	0.527	0.0357	0.000	0.016
6.356	0.0104	0.014	0.542	0.0209	0.000	0.016
6.361	0.0248	0.009	0.571	0.0134	0.000	0.017
6.366	0.0218	0.011	0.583	0.0378	0.000	0.018
6.371	0.0246	0.009	0.588	0.0152	0.000	0.018
6.376	0.0198	0.011	0.580	0.0162	0.000	0.016
6.380	0.0154	0.016	0.560	0.0206	0.000	0.016
6.385	0.0266	0.016	0.571	0.0126	0.000	0.016
6.390	0.0269	0.011	0.612	0.0387	0.000	0.018
6.395	0.0269	0.009	0.630	0.0204	0.000	0.025
6.400	0.0163	0.011	0.555	0.0170	0.002	0.043
6.405	0.0098	0.011	0.416	0.0170	0.032	0.083
6.410	0.0076	0.009	0.218	0.0172	0.164	0.135
6.415	0.0020	0.061	0.316	0.0164	0.303	0.174
6.420	0.0045	0.025	0.251	0.0149	0.542	0.181
6.425	0.0040	0.100	0.146	0.0141	0.780	0.176
6.430	0.0056	0.159	0.162	0.0146	0.896	0.167
6.435	0.0050	0.143	0.146	0.0125	0.939	0.152
6.440	0.0083	0.173	0.160	0.0136	0.948	0.152
6.445	0.0089	0.189	0.191	0.0147	0.955	0.132
6.450	0.0064	0.170	0.153	0.0122	0.958	0.138
6.455	0.0096	0.186	0.213	0.0133	0.907	0.150
6.460	0.0069	0.164	0.197	0.0130	0.841	0.155
6.465	0.0054	0.159	0.173	0.0174	0.718	0.174
6.470	0.0035	0.177	0.181	0.0141	0.592	0.179
6.475	0.0032	0.114	0.190	0.0142	0.817	0.182
6.480	0.0022	0.157	0.182	0.0126	0.740	0.194
6.485	0.0021	0.150	0.171	0.0134	0.574	0.223
6.490	0.0015	0.120	0.116	0.0164	0.736	0.250
6.495	0.0006	0.173	0.171	0.0133	0.725	0.254
6.500	0.0006	0.150	0.143	0.0153	0.621	0.246
6.505	0.0006	0.150	0.238	0.0154	0.455	0.237
6.510	0.0004	0.089	0.169	0.0177	0.488	0.232
6.515	0.0006	0.102	0.225	0.0183	0.596	0.183
6.520	0.0006	0.093	0.164	0.0215	0.534	0.165
6.525	0.0011	0.091	0.207	0.0177	0.467	0.148
6.530	0.0011	0.116	0.272	0.0160	0.607	0.145
6.535	0.0024	0.116	0.244	0.0215	0.452	0.145
6.540	0.0028	0.109	0.244	0.0171	0.411	0.164
6.545	0.0023	0.089	0.221	0.0195	0.574	0.167
6.550	0.0022	0.141	0.174	0.0143	0.545	0.158
6.555	0.0043	0.109	0.178	0.0149	0.455	0.162
6.560	0.0035	0.105	0.269	0.0156	0.449	0.168
6.565	0.0038	0.109	0.385	0.0227	0.189	0.181
6.570	0.0025	0.098	0.437	0.0277	0.081	0.179
6.575	0.0027	0.041	0.461	0.0274	0.053	0.165
6.580	0.0015	0.043	0.162	0.0863	0.020	0.110
6.585	0.0013	0.043	0.342	0.0352	0.000	0.026
6.590	0.0008	0.032	0.469	0.0243	0.000	0.017
6.595	0.0167	0.014	0.304	0.0279	0.000	0.012
6.600	0.0113	0.011	0.446	0.0242	0.000	0.012
6.605	0.0313	0.011	0.508	0.0149	0.000	0.011
6.610	0.0386	0.011	0.615	0.0198	0.000	0.010
6.615	0.0144	0.018	0.558	0.0246	0.000	0.011
6.620	0.0325	0.011	0.539	0.0211	0.000	0.011
6.625	0.0528	0.011	0.556	0.0287	0.000	0.011
6.630	0.0131	0.016	0.455	0.0203	0.000	0.011
6.635	0.0358	0.020	0.541	0.0133	0.000	0.010
6.640	0.0388	0.027	0.589	0.0162	0.000	0.009
6.645	0.0175	0.027	0.495	0.0179	0.000	0.011
6.650	0.0469	0.020	0.616	0.0143	0.000	0.010
6.655	0.0149	0.027	0.576	0.0223	0.000	0.010
6.660	0.0349	0.027	0.545	0.0154	0.000	0.011
6.665	0.0531	0.025	0.617	0.0108	0.000	0.011
6.670	0.0217	0.014	0.485	0.0148	0.000	0.011
6.675	0.0350	0.023	0.471	0.0208	0.000	0.011
6.680	0.0453	0.018	0.583	0.0345	0.000	0.010
6.685	0.0180	0.023	0.466	0.0190	0.000	0.011
6.690	0.0494	0.020	0.613	0.0228	0.000	0.010
6.695	0.0108	0.016	0.544	0.0239	0.000	0.011
6.700	0.0427	0.030	0.565	0.0152	0.000	0.010
6.705	0.0563	0.016	0.598	0.0252	0.000	0.010
6.710	0.0234	0.020	0.521	0.0182	0.000	0.010
6.715	0.0563	0.016	0.554	0.0169	0.000	0.011
6.720	0.0199	0.016	0.611	0.0166	0.000	0.012
6.725	0.0479	0.009	0.644	0.0223	0.000	0.010
6.730	0.0602	0.011	0.650	0.0287	0.000	0.009
6.735	0.0377	0.011	0.673	0.0168	0.000	0.010
6.740	0.0634	0.020	0.636	0.0246	0.000	0.009
6.745	0.0374	0.016	0.609	0.0158	0.000	0.010
6.750	0.0569	0.011	0.584	0.0204	0.000	0.009
6.755	0.0622	0.018	0.541	0.0245	0.000	0.009
6.760	0.0507	0.020	0.521	0.0254	0.000	0.009
6.765	0.0435	0.014	0.540	0.0252	0.000	0.011
6.770	0.0221	0.020	0.545	0.0323	0.000	0.010
6.775	0.0241	0.020	0.446	0.0182	0.000	0.010
6.780	0.0382	0.020	0.372	0.0346	0.000	0.011
6.785	0.0210	0.016	0.383	0.0441	0.000	0.014
6.790	0.0199	0.009	0.439	0.0342	0.000	0.013
6.795	0.0067	0.009	0.522	0.0338	0.000	0.014
6.800	0.0101	0.005	0.479	0.0230	0.000	0.015
6.805	0.0165	0.007	0.347	0.0396	0.000	0.020
6.810	0.0080	0.009	0.353	0.0209	0.000	0.021
6.815	0.0061	0.018	0.396	0.0175	0.000	0.022
6.820	0.0064	0.009	0.417	0.0232	0.000	0.021
6.824	0.0062	0.009	0.303	0.0265	0.000	0.032
6.829	0.0045	0.025	0.146	0.0302	0.000	0.038
6.834	0.0026	0.050	0.479	0.0486	0.000	0.017
6.839	0.0039	0.018	0.384	0.0315	0.000	0.014
6.844	0.0045	0.016	0.503	0.0374	0.000	0.017
6.849	0.0128	0.011	0.560	0.0348	0.000	0.018
6.854	0.0130	0.009	0.520	0.0267	0.000	0.019
6.859	0.0136	0.011	0.520	0.0410	0.000	0.021
6.864	0.0152	0.011	0.379	0.0498	0.000	0.037
6.869	0.0073	0.009	0.384	0.0548	0.000	0.037
6.874	0.0023	0.009	0.633	0.0415	0.000	0.032
6.879	0.0046	0.011	0.605	0.0221	0.000	0.034
6.884	0.0057	0.009	0.581	0.0393	0.000	0.039
6.889	0.0033	0.011	0.659	0.0268	0.000	0.036
6.894	0.0036	0.011	0.711	0.0359	0.000	0.039
6.899	0.0034	0.009	0.677	0.0253	0.000	0.045
6.904	0.0037	0.011	0.468	0.0414	0.000	0.063
6.909	0.0019	0.011	0.457	0.0279	0.000	0.073
6.914	0.0015	0.011	0.518	0.0182	0.000	0.089
6.919	0.0016	0.011	0.555	0.0292	0.000	0.093
6.924	0.0006	0.011	0.665	0.0121	0.000	0.113
6.929	0.0008	0.011	0.631	0.0320	0.000	0.123
6.934	0.0010	0.009	0.563	0.0206	0.001	0.177
6.939	0.0007	0.011	0.492	0.0347	0.001	0.204
6.944	0.0004	0.009	0.571	0.0166	0.001	0.199
6.949	0.0002	0.007	0.439	0.0150	0.002	0.230
6.954	0.0002	0.025	0.424	0.0155	0.002	0.237
6.959	0.0003	0.018	0.451	0.0341	0.002	0.249
6.964	0.0001	0.018	0.672	0.0260	0.001	0.248
6.969	0.0003	0.011	0.455	0.0211	0.001	0.247
6.974	0.0003	0.009	0.442	0.0309	0.001	0.142
6.979	0.0002	0.011	0.211	0.0256	0.000	0.103
6.984	0.0003	0.011	0.187	0.0432	0.000	0.048
6.989	0.0011	0.009	0.245	0.0287	0.000	0.038
6.994	0.0014	0.009	0.270	0.0561	0.000	0.038
6.999	0.0027	0.030	0.490	0.0401	0.000	0.031
7.004	0.0037	0.005	0.507	0.0498	0.000	0.033
7.009	0.0100	0.002	0.555	0.0225	0.000	0.030
7.014	0.0060	0.002	0.549	0.0320	0.000	0.024
7.019	0.0039	0.002	0.509	0.0265	0.000	0.022
7.024	0.0175	0.009	0.551	0.0192	0.000	0.017
7.029	0.0134	0.005	0.610	0.0153	0.000	0.015
7.034	0.0064	0.007	0.621	0.0210	0.000	0.013
7.039	0.0234	0.011	0.649	0.0194	0.000	0.012
7.044	0.0453	0.009	0.680	0.0120	0.000	0.012
7.049	0.0344	0.007	0.670	0.0210	0.000	0.011
7.054	0.0210	0.007	0.673	0.0245	0.000	0.010
7.059	0.0344	0.007	0.687	0.0136	0.000	0.010
7.064	0.0484	0.011	0.690	0.0140	0.000	0.012
7.069	0.0552	0.011	0.661	0.0158	0.000	0.011
7.074	0.0415	0.007	0.655	0.0188	0.000	0.012
7.079	0.0290	0.007	0.656	0.0164	0.000	0.012
7.084	0.0290	0.007	0.537	0.0203	0.000	0.013
7.089	0.0401	0.007	0.487	0.0348	0.000	0.014
7.094	0.0302	0.007	0.411	0.0580	0.000	0.018
7.099	0.0130	0.007	0.546	0.0238	0.000	0.015
7.104	0.0217	0.002	0.662	0.0172	0.000	0.012
7.109	0.0093	0.005	0.576	0.0260	0.000	0.013
7.114	0.0100	0.007	0.472	0.0421	0.000	0.018
7.119	0.0178	0.007	0.484	0.0447	0.000	0.024
7.124	0.0112	0.007	0.536	0.0228	0.000	0.055
7.129	0.0058	0.007	0.535	0.0246	0.006	0.082
7.134	0.0058	0.007	0.174	0.0202	0.042	0.104
7.139	0.0047	0.039	0.340	0.0302	0.072	0.110
7.144	0.0033	0.064	0.381	0.0230	0.059	0.097
7.149	0.0044	0.043	0.374	0.0273	0.068	0.096
7.154	0.0063	0.034	0.563	0.0284	0.023	0.101
7.159	0.0036	0.039	0.521	0.0200	0.012	0.099
7.164	0.0043	0.020	0.184	0.0576	0.005	0.070
7.169	0.0040	0.007	0.328	0.0438	0.001	0.037
7.174	0.0048	0.014	0.389	0.0491	0.000	0.019
7.179	0.0142	0.009	0.579	0.0263	0.000	0.016
7.184	0.0325	0.011	0.654	0.0117	0.000	0.012
7.189	0.0678	0.009	0.650	0.0162	0.000	0.011
7.194	0.0424	0.011	0.611	0.0152	0.000	0.011
7.199	0.0390	0.009	0.579	0.0128	0.000	0.011
7.204	0.0390	0.016	0.565	0.0167	0.000	0.011
7.209	0.0594	0.014	0.561	0.0223	0.000	0.011
7.214	0.0207	0.023	0.469	0.0218	0.000	0.012
7.219	0.0453	0.016	0.494	0.0316	0.000	0.012
7.224	0.0287	0.036	0.578	0.0215	0.000	0.010
7.229	0.0416	0.027	0.587	0.0172	0.000	0.010
7.234	0.0348	0.023	0.569	0.0294	0.000	0.011
7.239	0.0345	0.018	0.532	0.0180	0.000	0.012
7.244	0.0416	0.032	0.618	0.0183	0.000	0.011
7.249	0.0237	0.018	0.528	0.0244	0.000	0.012
7.254	0.0419	0.009	0.385	0.0225	0.000	0.014
7.259	0.0354	0.009	0.381	0.0253	0.000	0.016
7.263	0.0082	0.014	0.438	0.0305	0.000	0.013
7.268	0.0187	0.014	0.446	0.0229	0.000	0.013
7.273	0.0290	0.007	0.499	0.0346	0.000	0.013
7.278	0.0064	0.009	0.370	0.0289	0.000	0.015
7.283	0.0255	0.007	0.285	0.0309	0.000	0.018
7.288	0.0080	0.005	0.252	0.0308	0.000	0.023
7.293	0.0133	0.016	0.157	0.0438	0.000	0.030
7.298	0.0048	0.011	0.534	0.0281	0.000	0.036
7.303	0.0045	0.011	0.444	0.0168	0.000	0.044
7.308	0.0057	0.014	0.434	0.0375	0.001	0.046
7.313	0.0040	0.023	0.391	0.0247	0.001	0.060
7.318	0.0034	0.009	0.254	0.0309	0.002	0.081
7.323	0.0017	0.007	0.284	0.0289	0.009	0.085
7.328	0.0017	0.032	0.176	0.0297	0.009	0.083
7.333	0.0014	0.048	0.382	0.0305	0.003	0.106
7.338	0.0016	0.025	0.357	0.0204	0.003	0.130
7.343	0.0017	0.025	0.394	0.0207	0.008	0.161
7.348	0.0011	0.030	0.413	0.0467	0.011	0.175
7.353	0.0007	0.016	0.695	0.0213	0.008	0.193
7.358	0.0010	0.020	0.660	0.0182	0.008	0.204
7.363	0.0010	0.005	0.459	0.0280	0.020	0.236
7.368	0.0008	0.043	0.399	0.0146	0.027	0.259
7.373	0.0005	0.050	0.612	0.0395	0.008	0.242
7.378	0.0003	0.005	0.055	0.0583	0.003	0.166
7.383	0.0008	0.007	0.228	0.0560	0.000	0.032
7.388	0.0012	0.007	0.397	0.0269	0.000	0.020
7.393	0.0012	0.014	0.482	0.0181	0.000	0.012
7.398	0.0123	0.011	0.556	0.0211	0.000	0.012
7.403	0.0335	0.011	0.560	0.0150	0.000	0.009
7.408	0.0128	0.011	0.530	0.0238	0.000	0.009
7.413	0.0303	0.014	0.493	0.0265	0.000	0.010
7.418	0.0501	0.011	0.576	0.0424	0.000	0.009
7.423	0.0117	0.030	0.498	0.0161	0.000	0.008
7.428	0.0353	0.018	0.602	0.0189	0.000	0.008
7.433	0.0185	0.023	0.542	0.0217	0.000	0.009
7.438	0.0416	0.020	0.550	0.0158	0.000	0.009
7.443	0.0567	0.009	0.596	0.0147	0.000	0.010
7.448	0.0209	0.016	0.529	0.0167	0.000	0.010
7.453	0.0466	0.011	0.571	0.0215	0.000	0.011
7.458	0.0241	0.014	0.498	0.0191	0.000	0.011
7.463	0.0361	0.014	0.540	0.0188	0.000	0.011
7.468	0.0315	0.011	0.512	0.0266	0.000	0.011
7.473	0.0243	0.016	0.500	0.0244	0.000	0.012
7.478	0.0436	0.016	0.546	0.0301	0.000	0.011
7.483	0.0181	0.018	0.486	0.0233	0.000	0.012
7.488	0.0371	0.014	0.587	0.0305	0.000	0.012
7.493	0.0129	0.016	0.457	0.0286	0.000	0.013
7.498	0.0372	0.011	0.500	0.0342	0.000	0.014
7.503	0.0291	0.009	0.554	0.0318	0.000	0.018
7.508	0.0287	0.011	0.372	0.0198	0.000	0.022
7.513	0.0193	0.009	0.186	0.0356	0.001	0.030
7.518	0.0109	0.011	0.458	0.0347	0.001	0.039
7.523	0.0067	0.016	0.515	0.0160	0.002	0.054
7.528	0.0088	0.014	0.516	0.0114	0.011	0.084
7.533	0.0089	0.011	0.469	0.0111	0.066	0.107
7.538	0.0064	0.023	0.418	0.0129	0.177	0.128
7.543	0.0091	0.057	0.245	0.0125	0.300	0.136
7.548	0.0043	0.064	0.250	0.0129	0.392	0.156
7.553	0.0059	0.084	0.210	0.0147	0.412	0.171
7.558	0.0031	0.118	0.281	0.0204	0.322	0.178
7.563	0.0028	0.118	0.508	0.0265	0.071	0.151
7.568	0.0025	0.084	0.516	0.0168	0.042	0.145
7.573	0.0038	0.018	0.375	0.0206	0.155	0.141
7.578	0.0015	0.034	0.347	0.0127	0.363	0.139
7.583	0.0024	0.080	0.237	0.0131	0.547	0.142
7.588	0.0018	0.105	0.202	0.0157	0.666	0.142
7.593	0.0024	0.102	0.232	0.0159	0.766	0.130
7.598	0.0027	0.125	0.239	0.0147	0.764	0.139
7.603	0.0034	0.098	0.294	0.0148	0.565	0.145
7.608	0.0026	0.116	0.256	0.0146	0.503	0.138
7.613	0.0028	0.118	0.158	0.0227	0.347	0.169
7.618	0.0017	0.107	0.265	0.0511	0.109	0.161
7.623	0.0009	0.089	0.202	0.0455	0.002	0.057
7.628	0.0008	0.039	0.203	0.0310	0.000	0.025
7.633	0.0045	0.007	0.452	0.0187	0.000	0.020
7.638	0.0292	0.009	0.603	0.0326	0.000	0.017
7.643	0.0109	0.007	0.542	0.0339	0.000	0.015
7.648	0.0231	0.009	0.570	0.0283	0.000	0.014
7.653	0.0192	0.009	0.543	0.0299	0.000	0.017
7.658	0.0158	0.007	0.469	0.0292	0.000	0.018
7.663	0.0284	0.009	0.576	0.0379	0.000	0.015
7.668	0.0103	0.007	0.411	0.0405	0.000	0.017
7.673	0.0271	0.016	0.236	0.0350	0.000	0.018
7.678	0.0055	0.009	0.416	0.0258	0.000	0.025
7.683	0.0153	0.005	0.334	0.0663	0.000	0.035
7.688	0.0034	0.007	0.334	0.0202	0.000	0.042
7.693	0.0076	0.014	0.261	0.0518	0.000	0.057
7.698	0.0011	0.020	0.450	0.0288	0.000	0.059
7.702	0.0031	0.009	0.350	0.0384	0.000	0.060
7.707	0.0018	0.007	0.376	0.0232	0.000	0.065
7.712	0.0025	0.011	0.348	0.0347	0.004	0.103
7.717	0.0009	0.014	0.349	0.0200	0.009	0.098
7.722	0.0015	0.030	0.346	0.0269	0.007	0.122
7.727	0.0031	0.030	0.369	0.0229	0.004	0.124
7.732	0.0018	0.030	0.385	0.0178	0.006	0.111
7.737	0.0020	0.041	0.282	0.0263	0.009	0.141
7.742	0.0012	0.036	0.436	0.0218	0.005	0.131
7.747	0.0013	0.034	0.152	0.0370	0.003	0.115
7.752	0.0010	0.045	0.139	0.0770	0.000	0.065
7.757	0.0010	0.016	0.239	0.0307	0.000	0.024
7.762	0.0027	0.018	0.414	0.0284	0.000	0.015
7.767	0.0024	0.011	0.414	0.0361	0.000	0.013
7.772	0.0074	0.011	0.450	0.0314	0.000	0.014
7.777	0.0325	0.011	0.503	0.0264	0.000	0.012
7.782	0.0061	0.016	0.456	0.0237	0.000	0.011
7.787	0.0303	0.009	0.595	0.0185	0.000	0.009
7.792	0.0088	0.014	0.478	0.0224	0.000	0.011
7.797	0.0158	0.018	0.520	0.0178	0.000	0.010
7.802	0.0220	0.014	0.617	0.0187	0.000	0.011
7.807	0.0191	0.011	0.583	0.0215	0.000	0.011
7.812	0.0308	0.014	0.587	0.0196	0.000	0.012
7.817	0.0206	0.009	0.621	0.0191	0.000	0.013
7.822	0.0298	0.011	0.467	0.0191	0.000	0.013
7.827	0.0144	0.009	0.511	0.0368	0.000	0.016
7.832	0.0209	0.009	0.425	0.0281	0.000	0.017
7.837	0.0043	0.014	0.381	0.0392	0.000	0.022
7.842	0.0095	0.016	0.346	0.0272	0.000	0.019
7.847	0.0032	0.011	0.375	0.0398	0.000	0.022
7.852	0.0072	0.020	0.334	0.0370	0.000	0.019
7.857	0.0054	0.011	0.263	0.0243	0.000	0.026
7.862	0.0076	0.009	0.341	0.0276	0.000	0.048
7.867	0.0034	0.016	0.529	0.0260	0.000	0.065
7.872	0.0047	0.009	0.561	0.0131	0.003	0.109
7.877	0.0032	0.018	0.359	0.0196	0.064	0.157
7.882	0.0022	0.034	0.225	0.0152	0.517	0.200
7.887	0.0025	0.093	0.160	0.0146	0.797	0.197
7.892	0.0027	0.141	0.254	0.0142	0.964	0.173
7.897	0.0033	0.168	0.221	0.0127	0.978	0.162
7.902	0.0041	0.173	0.190	0.0172	0.985	0.137
7.907	0.0042	0.168	0.176	0.0169	0.987	0.115
7.912	0.0046	0.173	0.199	0.0145	0.990	0.103
7.917	0.0066	0.152	0.164	0.0128	0.987	0.104
7.922	0.0069	0.161	0.215	0.0186	0.987	0.107
7.927	0.0059	0.166	0.191	0.0129	0.992	0.115
7.932	0.0071	0.155	0.167	0.0175	0.988	0.124
7.937	0.0041	0.164	0.158	0.0126	0.975	0.124
7.942	0.0048	0.141	0.161	0.0171	0.944	0.142
7.947	0.0024	0.152	0.168	0.0140	0.931	0.161
7.952	0.0024	0.141	0.276	0.0120	0.896	0.169
7.957	0.0019	0.134	0.246	0.0130	0.855	0.191
7.962	0.0014	0.127	0.112	0.0307	0.547	0.215
7.967	0.0007	0.125	0.075	0.0634	0.041	0.144
7.972	0.0006	0.114	0.381	0.0295	0.001	0.047
7.977	0.0022	0.039	0.370	0.0232	0.001	0.041
7.982	0.0171	0.020	0.392	0.0296	0.000	0.026
7.987	0.0160	0.016	0.437	0.0250	0.000	0.023
7.992	0.0271	0.018	0.416	0.0397	0.000	0.018
7.997	0.0154	0.025	0.297	0.0349	0.000	0.018
8.002	0.0294	0.011	0.465	0.0344	0.000	0.017
8.007	0.0151	0.020	0.380	0.0257	0.000	0.018
8.012	0.0273	0.014	0.421	0.0271	0.000	0.014
8.017	0.0120	0.014	0.365	0.0132	0.000	0.015
8.022	0.0296	0.011	0.264	0.0508	0.000	0.018
8.027	0.0069	0.023	0.369	0.0451	0.000	0.018
8.032	0.0218	0.011	0.486	0.0298	0.000	0.023
8.037	0.0158	0.011	0.310	0.0238	0.000	0.029
8.042	0.0069	0.009	0.228	0.0214	0.000	0.047
8.047	0.0059	0.014	0.211	0.0673	0.000	0.060
8.052	0.0014	0.011	0.279	0.0345	0.000	0.056
8.057	0.0018	0.011	0.344	0.0563	0.000	0.053
8.062	0.0018	0.027	0.421	0.0319	0.000	0.052
8.067	0.0031	0.016	0.345	0.0268	0.000	0.059
8.072	0.0022	0.014	0.279	0.0425	0.000	0.056
8.077	0.0017	0.011	0.237	0.0284	0.000	0.060
8.082	0.0031	0.011	0.443	0.0230	0.010	0.062
8.087	0.0014	0.014	0.457	0.0152	0.012	0.070
8.092	0.0035	0.050	0.434	0.0285	0.007	0.098
8.097	0.0017	0.027	0.135	0.0460	0.003	0.095
8.102	0.0012	0.030	0.480	0.0356	0.000	0.033
8.107	0.0014	0.014	0.344	0.0295	0.000	0.022
8.112	0.0028	0.016	0.394	0.0187	0.000	0.016
8.117	0.0088	0.009	0.363	0.0301	0.000	0.016
8.122	0.0209	0.018	0.453	0.0204	0.000	0.015
8.127	0.0074	0.014	0.418	0.0348	0.000	0.016
8.132	0.0191	0.014	0.380	0.0500	0.000	0.019
8.137	0.0110	0.009	0.435	0.0417	0.000	0.020
8.141	0.0108	0.009	0.451	0.0501	0.000	0.021
8.146	0.0068	0.009	0.408	0.0271	0.000	0.018
8.151	0.0082	0.005	0.473	0.0483	0.000	0.023
8.156	0.0062	0.007	0.396	0.0318	0.000	0.020
8.161	0.0049	0.007	0.486	0.0430	0.000	0.024
8.166	0.0068	0.007	0.343	0.0263	0.000	0.019
8.171	0.0012	0.005	0.380	0.0641	0.000	0.020
8.176	0.0081	0.007	0.324	0.0481	0.000	0.015
8.181	0.0015	0.014	0.473	0.0550	0.000	0.018
8.186	0.0051	0.009	0.425	0.0547	0.000	0.015
8.191	0.0030	0.014	0.465	0.0439	0.000	0.016
8.196	0.0051	0.009	0.433	0.0436	0.000	0.013
8.201	0.0034	0.016	0.452	0.0451	0.000	0.014
8.206	0.0101	0.011	0.422	0.0387	0.000	0.012
8.211	0.0067	0.007	0.372	0.0250	0.000	0.016
8.216	0.0192	0.009	0.336	0.0386	0.000	0.015
8.221	0.0058	0.011	0.213	0.0235	0.000	0.018
8.226	0.0150	0.018	0.305	0.0418	0.000	0.042
8.231	0.0026	0.023	0.394	0.0359	0.000	0.047
8.236	0.0020	0.007	0.390	0.0290	0.000	0.054
8.241	0.0025	0.007	0.282	0.0356	0.000	0.055
8.246	0.0022	0.011	0.389	0.0560	0.000	0.064
8.251	0.0013	0.009	0.439	0.0386	0.000	0.069
8.256	0.0011	0.009	0.477	0.0444	0.000	0.093
8.261	0.0008	0.011	0.240	0.0290	0.002	0.116
8.266	0.0004	0.016	0.318	0.0317	0.006	0.103
8.271	0.0007	0.018	0.370	0.0319	0.002	0.105
8.276	0.0011	0.050	0.433	0.0285	0.003	0.125
8.281	0.0018	0.030	0.521	0.0272	0.007	0.160
8.286	0.0009	0.014	0.590	0.0227	0.006	0.168
8.291	0.0011	0.016	0.387	0.0301	0.006	0.201
8.296	0.0006	0.016	0.210	0.0337	0.006	0.203
8.301	0.0004	0.014	0.050	0.0451	0.001	0.127
8.306	0.0003	0.023	0.155	0.0350	0.000	0.039
8.311	0.0009	0.027	0.278	0.0215	0.000	0.020
8.316	0.0007	0.011	0.462	0.0275	0.000	0.023
8.321	0.0073	0.009	0.324	0.0186	0.000	0.017
8.326	0.0025	0.018	0.419	0.0302	0.000	0.020
8.331	0.0102	0.009	0.361	0.0256	0.000	0.017
8.336	0.0026	0.011	0.394	0.0257	0.000	0.020
8.341	0.0138	0.009	0.483	0.0408	0.000	0.017
8.346	0.0042	0.014	0.422	0.0217	0.000	0.015
8.351	0.0093	0.011	0.469	0.0442	0.000	0.018
8.356	0.0053	0.011	0.383	0.0302	0.000	0.015
8.361	0.0024	0.009	0.252	0.0356	0.000	0.026
8.366	0.0073	0.011	0.157	0.0494	0.000	0.030
8.371	0.0024	0.009	0.275	0.0470	0.000	0.041
8.376	0.0034	0.007	0.279	0.0590	0.000	0.030
8.381	0.0014	0.014	0.454	0.0227	0.000	0.029
8.386	0.0043	0.009	0.477	0.0322	0.000	0.033
8.391	0.0012	0.016	0.378	0.0106	0.000	0.025
8.396	0.0013	0.016	0.465	0.0571	0.000	0.042
8.401	0.0012	0.018	0.230	0.0123	0.000	0.027
8.406	0.0006	0.011	0.470	0.0353	0.000	0.040
8.411	0.0043	0.009	0.349	0.0340	0.000	0.034
8.416	0.0008	0.011	0.385	0.0323	0.000	0.036
8.421	0.0049	0.009	0.325	0.0409	0.000	0.023
8.426	0.0010	0.011	0.292	0.0230	0.000	0.019
8.431	0.0054	0.014	0.473	0.0395	0.000	0.027
8.436	0.0033	0.011	0.315	0.0353	0.000	0.021
8.441	0.0005	0.011	0.461	0.0259	0.000	0.026
8.446	0.0046	0.009	0.395	0.0280	0.000	0.018
8.451	0.0013	0.016	0.379	0.0318	0.000	0.020
8.456	0.0085	0.009	0.433	0.0528	0.000	0.020
8.461	0.0041	0.011	0.316	0.0284	0.000	0.016
8.466	0.0022	0.016	0.307	0.0459	0.000	0.019
8.471	0.0047	0.020	0.276	0.0278	0.000	0.011
8.476	0.0021	0.018	0.388	0.0341	0.000	0.013
8.481	0.0118	0.023	0.342	0.0338	0.000	0.014
8.486	0.0054	0.025	0.249	0.0228	0.000	0.013
8.491	0.0099	0.020	0.480	0.0516	0.000	0.017
8.496	0.0047	0.023	0.290	0.0182	0.000	0.012
8.501	0.0012	0.020	0.472	0.0531	0.000	0.017
8.506	0.0074	0.023	0.404	0.0465	0.000	0.011
8.511	0.0026	0.020	0.438	0.0210	0.000	0.012
8.516	0.0159	0.020	0.486	0.0662	0.000	0.016
8.521	0.0030	0.030	0.180	0.0159	0.000	0.011
8.526	0.0034	0.018	0.472	0.0321	0.000	0.016
8.531	0.0074	0.027	0.268	0.0175	0.000	0.011
8.536	0.0024	0.023	0.409	0.0152	0.000	0.012
8.541	0.0166	0.023	0.487	0.0635	0.000	0.015
8.546	0.0023	0.025	0.155	0.0129	0.000	0.012
8.551	0.0016	0.016	0.485	0.0480	0.000	0.022
8.556	0.0050	0.023	0.215	0.0326	0.000	0.015
8.561	0.0012	0.014	0.412	0.0189	0.000	0.017
8.566	0.0136	0.018	0.442	0.0572	0.000	0.024
8.571	0.0032	0.018	0.280	0.0215	0.000	0.016
8.576	0.0013	0.018	0.269	0.0277	0.000	0.024
8.580	0.0040	0.018	0.370	0.0268	0.000	0.041
8.585	0.0015	0.020	0.352	0.0208	0.000	0.042
8.590	0.0031	0.020	0.279	0.0499	0.000	0.058
8.595	0.0012	0.018	0.386	0.0193	0.000	0.068
8.600	0.0017	0.023	0.294	0.0323	0.000	0.088
8.605	0.0010	0.020	0.284	0.0411	0.000	0.088
8.610	0.0008	0.016	0.224	0.0404	0.120	0.143
8.615	0.0009	0.020	0.295	0.0335	0.687	0.128
8.620	0.0004	0.034	0.166	0.0203	0.888	0.118
8.625	0.0013	0.111	0.177	0.0191	0.959	0.107
8.630	0.0017	0.125	0.187	0.0147	0.963	0.107
8.635	0.0021	0.132	0.185	0.0200	0.964	0.122
8.640	0.0022	0.145	0.164	0.0190	0.982	0.114
8.645	0.0014	0.148	0.232	0.0183	0.990	0.110
8.650	0.0020	0.152	0.165	0.0257	0.993	0.113
8.655	0.0024	0.139	0.214	0.0186	0.993	0.110
8.660	0.0023	0.136	0.279	0.0223	0.995	0.113
8.665	0.0025	0.150	0.209	0.0196	0.997	0.103
8.670	0.0030	0.136	0.237	0.0198	0.996	0.089
8.675	0.0027	0.143	0.178	0.0187	0.997	0.093
8.680	0.0019	0.145	0.212	0.0193	0.996	0.106
8.685	0.0026	0.143	0.176	0.0182	0.995	0.119
8.690	0.0013	0.136	0.158	0.0202	0.986	0.165
8.695	0.0009	0.136	0.244	0.0218	0.984	0.172
8.700	0.0005	0.134	0.242	0.0254	0.990	0.146
8.705	0.0006	0.127	0.236	0.0203	0.996	0.122
8.710	0.0005	0.139	0.246	0.0202	0.998	0.104
8.715	0.0016	0.132	0.181	0.0180	0.997	0.106
8.720	0.0019	0.139	0.192	0.0252	0.995	0.111
8.725	0.0018	0.139	0.310	0.0265	0.991	0.121
8.730	0.0018	0.120	0.289	0.0214	0.975	0.151
8.735	0.0015	0.136	0.316	0.0173	0.948	0.173
8.740	0.0007	0.127	0.205	0.0163	0.821	0.237
8.745	0.0006	0.102	0.185	0.0152	0.707	0.301
8.750	0.0003	0.114	0.218	0.0181	0.450	0.334
8.755	0.0002	0.105	0.261	0.0144	0.415	0.337
8.760	0.0002	0.075	0.268	0.0142	0.392	0.383
8.765	0.0001	0.093	0.185	0.0134	0.379	0.431
8.770	0.0001	0.086	0.162	0.0174	0.450	0.445
8.775	0.0001	0.084	0.225	0.0119	0.425	0.472
8.780	0.0001	0.080	0.232	0.0148	0.321	0.546
8.785	0.0000	0.061	0.240	0.0111	0.350	0.597
8.790	0.0000	0.059	0.237	0.0119	0.365	0.656
8.795	0.0000	0.080	0.184	0.0109	0.409	0.678
8.800	0.0000	0.075	0.162	0.0139	0.554	0.723
8.805	0.0000	0.032	0.186	0.0108	0.670	0.707
8.810	0.0000	0.086	0.169	0.0108	0.714	0.726
8.815	0.0000	0.086	0.186	0.0083	0.701	0.749
8.820	0.0000	0.068	0.140	0.0114	0.648	0.786
8.825	0.0000	0.027	0.170	0.0092	0.632	0.756
8.830	0.0000	0.030	0.126	0.0090	0.672	0.770
8.835	0.0000	0.030	0.125	0.0105	0.674	0.777
8.840	0.0000	0.018	0.130	0.0082	0.653	0.812
8.845	0.0000	0.005	0.067	0.0120	0.768	0.855
8.850	0.0000	0.009	0.121	0.0075	0.763	0.825
8.855	0.0000	0.000	0.161	0.0068	0.739	0.812
8.860	0.0000	0.032	0.162	0.0099	0.666	0.805
8.865	0.0000	0.009	0.131	0.0080	0.629	0.809
8.870	0.0000	0.014	0.111	0.0071	0.779	0.878
8.875	0.0000	0.000	0.000	0.0165	0.743	0.941
8.880	0.0000	0.000	0.000	0.0165	0.743	0.941
8.885	0.0000	0.000	0.000	0.0165	0.743	0.941
8.890	0.0000	0.000	0.000	0.0165	0.743	0.941


