PULSAR AUTO -- SIGNAL+BOUNDARY DATA, BATCH 2 OF 5
This batch contains clips: 2, 7, 13 (of 14 total clips, indices 0-13, split across 5 batches)
See accompanying prompt (llm_analysis_prompt.txt) for full task context and column definitions.
====================================================================================================

##### CLIP 2  (file=zencastr-en_6044eb9db82b030014de5da5-00004_35.wav, duration=27.868s, sr=44100) #####

trail_thresh=0.00705  speech_thresh=0.01018

--- GOLD TOKENS (idx, text, start_s, end_s) ---
0	(())	0.9517	1.3988
1	the	1.3998	1.4956
2	haggling	1.4966	1.9240
3	used	1.9260	2.0910
4	to	2.0960	2.1500
5	happen	2.1520	2.4450
6	even	2.4470	2.6920
7	with	2.6940	2.9100
8	like	2.9120	3.1910
9	um	3.2644	3.5100
10	it	3.5120	3.6276
11	is	3.6286	3.7610
12	like	3.7620	3.9308
13	it's	3.9318	4.0910
14	kinda	4.0920	4.3360
15	sad	4.3370	4.6650
16	cause	4.6860	4.8491
17	you	4.8501	4.9300
18	have	4.9320	5.0830
19	those	5.0850	5.3390
20	kids	5.3420	5.7609
21	um	5.7619	6.5520
22	in	6.6480	6.8110
23	those	6.8120	7.1239
24	uh	7.1249	7.3050
25	markets	7.3060	7.7630
26	and	7.7650	7.8385
27	stuff	7.8395	8.0720
28	like	8.0990	8.3400
29	that	8.3420	8.5130
30	that	8.5818	8.6730
31	come	8.6940	8.8510
32	from	8.8530	9.0030
33	like	9.0050	9.2250
34	you	9.2260	9.2990
35	know	9.3010	9.4590
36	really	9.4610	9.7130
37	poor	9.8060	10.0721
38	areas	10.0731	10.7323
39	yeah	11.3020	11.6790
40	and	11.6810	11.7642
41	like	11.7652	11.9939
42	you	11.9949	12.0730
43	know	12.0740	12.1598
44	i	12.1608	12.3230
45	we-	12.3240	12.4530
46	we'll	12.4550	12.6230
47	walk	12.6250	12.8272
48	into	12.8282	13.1870
49	that	13.1890	13.3540
50	area	13.3840	13.6756
51	sometimes	13.6766	14.0565
52	it	14.0575	14.1190
53	go	14.1210	14.2353
54	like	14.2363	14.3750
55	oh	14.3770	14.5153
56	this	14.5163	14.6657
57	kid	14.6960	14.9130
58	like	14.9270	15.0940
59	is	15.1220	15.2230
60	selling	15.2250	15.5580
61	gum	15.5600	15.8480
62	or	15.8500	15.9129
63	something	15.9139	16.2252
64	like	16.2262	16.4130
65	that	16.4150	16.5440
66	then	16.5791	16.6607
67	i	16.6617	16.7240
68	go	16.7260	16.8410
69	like	16.8430	16.9702
70	i'm	16.9712	17.1270
71	gonna	17.1290	17.3840
72	give	17.3860	17.5368
73	him	17.5378	17.6480
74	i	17.6510	17.7620
75	wanna	17.7630	17.9440
76	give	17.9460	18.0792
77	him	18.0802	18.2065
78	some	18.2075	18.4440
79	money	18.4460	18.6870
80	so	19.2004	19.3150
81	i	19.3170	19.4545
82	go	19.4555	19.7040
83	over	19.7060	20.0152
84	and	20.0162	20.1641
85	i	20.1651	20.2800
86	give	20.2820	20.5050
87	him	20.5070	20.7280
88	the	20.7300	20.8250
89	money	20.8270	21.1700
90	and	21.5040	21.6250
91	then	21.6270	21.7899
92	he	21.7909	21.9322
93	starts	21.9332	22.2589
94	haggling	22.2599	22.6720
95	i	23.1710	23.2560
96	go	23.2580	23.3812
97	like	23.3822	23.6060
98	what	23.8630	24.1090
99	five	24.5520	24.8100
100	bucks	24.8120	25.2359
101	can't	26.0480	26.2510
102	you	26.2530	26.3884
103	give	26.3894	26.5568
104	me	26.5578	26.7270
105	twenty	26.7290	27.1760
106	and	27.2730	27.4352
107	i	27.4362	27.5248
108	like	27.5258	27.7390

--- RAW CTC (wav2vec2 forced-align, PRE-heuristic-refinement; idx, ctc_word_text, word_start_s, word_end_s, word_score, pipe_start_s, pipe_end_s) ---
0	(())	1.3004	1.3204	5.860	1.3804	1.4004
1	the	1.4004	1.4804	8.023	1.5004	1.5204
2	haggling	1.5404	1.8805	8.361	1.9005	1.9206
3	used	1.9606	2.0806	2.740	2.0806	2.1006
4	to	2.1006	2.1406	5.778	2.1406	2.1606
5	happen	2.1606	2.4207	7.665	2.4407	2.4807
6	even	2.5007	2.6608	8.737	2.7408	2.7608
7	with	2.7808	2.9008	2.692	2.9008	2.9208
8	like	2.9609	3.1809	8.608	3.1809	3.2209
9	um	3.3810	3.4610	5.083	3.4810	3.5010
10	it	3.5410	3.5810	5.571	3.6010	3.6410
11	is	3.6611	3.7411	6.513	3.7411	3.7811
12	like	3.7811	3.8811	7.166	3.8811	3.9211
13	it's	3.9411	4.0812	5.152	4.0812	4.1012
14	kinda	4.1012	4.3412	3.837	4.3813	4.4213
15	sad	4.4213	4.6013	9.089	4.6213	4.6613
16	cause	4.6813	4.8214	8.674	4.8214	4.8414
17	you	4.8414	4.9014	4.103	4.9214	4.9414
18	have	4.9414	5.0615	5.506	5.0615	5.0815
19	those	5.1015	5.2815	7.738	5.3015	5.3215
20	kids	5.3415	5.6016	7.900	5.6016	5.6416
21	um	6.0217	6.1218	5.266	6.5619	6.5819
22	in	6.7019	6.7619	7.796	6.8020	6.8220
23	those	6.8220	7.0020	7.236	7.0420	7.0820
24	uh	7.2421	7.3021	0.913	7.3021	7.3221
25	markets	7.3421	7.7422	8.394	7.7422	7.7622
26	and	7.7822	7.8623	6.741	7.8623	7.9023
27	stuff	7.9023	8.0623	9.476	8.1223	8.1623
28	like	8.1623	8.2824	11.718	8.2824	8.3224
29	that	8.3424	8.5024	10.546	8.5024	8.5425
30	that	8.5625	8.6625	8.477	8.6825	8.7225
31	come	8.7225	8.8425	8.336	8.8425	8.8625
32	from	8.8625	8.9826	6.078	9.0226	9.0426
33	like	9.0426	9.1626	8.272	9.1626	9.2026
34	you	9.2026	9.2827	5.993	9.2827	9.3027
35	know	9.3027	9.4027	1.787	9.4427	9.4827
36	really	9.4827	9.7028	10.422	9.7028	9.7628
37	poor	9.7828	10.0029	9.835	10.0229	10.1029
38	areas	10.2229	10.6231	10.922	10.6231	10.6831
39	yeah	11.3032	11.5833	6.942	11.6233	11.6433
40	and	11.7034	11.7834	7.292	11.7834	11.8234
41	like	11.8234	11.9434	8.752	11.9434	11.9834
42	you	11.9834	12.0635	5.022	12.0635	12.0835
43	know	12.0835	12.1635	4.734	12.1635	12.1835
44	i	12.1835	12.2035	5.931	12.2635	12.3035
45	we-	12.3235	12.4036	5.981	12.4436	12.4636
46	we'll	12.4636	12.6036	5.215	12.6036	12.6436
47	walk	12.6436	12.7837	8.497	12.8237	12.8637
48	into	12.8837	13.1238	8.707	13.1838	13.2038
49	that	13.2038	13.3438	9.614	13.3638	13.4239
50	area	13.4839	13.6639	9.597	13.7039	13.7439
51	sometimes	13.7439	14.0440	6.921	14.0440	14.0840
52	it	14.0840	14.1241	2.977	14.1241	14.1441
53	go	14.1441	14.2041	6.692	14.2641	14.2841
54	like	14.2841	14.3641	4.030	14.3641	14.4041
55	oh	14.4241	14.5042	6.874	14.5242	14.5442
56	this	14.5442	14.6642	7.639	14.6642	14.6842
57	kid	14.7042	14.8643	9.180	14.9243	14.9643
58	like	14.9643	15.0843	10.629	15.1043	15.1443
59	is	15.1644	15.2044	4.625	15.2044	15.2444
60	selling	15.2444	15.5045	10.153	15.5245	15.5645
61	gum	15.5645	15.7445	11.180	15.7845	15.8245
62	or	15.8646	15.9246	10.098	15.9246	15.9646
63	something	15.9646	16.2447	10.308	16.2447	16.2847
64	like	16.2847	16.3847	11.936	16.3847	16.4247
65	that	16.4247	16.5247	10.197	16.5247	16.5648
66	then	16.5648	16.6448	6.066	16.6648	16.7048
67	i	16.7048	16.7248	2.894	16.7248	16.7448
68	go	16.7648	16.8048	6.689	16.8648	16.8848
69	like	16.8848	16.9649	3.760	17.0249	17.0449
70	i'm	17.0449	17.1049	2.378	17.1049	17.1449
71	gonna	17.1449	17.3450	5.521	17.3650	17.4050
72	give	17.4050	17.5050	9.364	17.5250	17.5650
73	him	17.5650	17.6451	8.439	17.6451	17.6651
74	i	17.6651	17.6851	2.049	17.6851	17.7051
75	wanna	17.7651	17.9251	3.881	17.9251	17.9652
76	give	17.9652	18.0852	8.929	18.0852	18.1252
77	him	18.1252	18.2052	9.728	18.2052	18.2652
78	some	18.2652	18.4253	11.079	18.4253	18.4653
79	money	18.4853	18.6654	11.897	18.6654	18.7254
80	so	19.2255	19.2855	6.652	19.3055	19.3256
81	i	19.3256	19.3456	6.447	19.4256	19.4656
82	go	19.4656	19.6056	9.874	19.6456	19.7057
83	over	19.7857	19.9857	10.231	19.9857	20.0458
84	and	20.0858	20.1658	8.188	20.1658	20.2058
85	i	20.2058	20.2258	6.311	20.2658	20.3258
86	give	20.3258	20.4659	9.524	20.4659	20.5459
87	him	20.5459	20.6459	9.747	20.6659	20.7460
88	the	20.7460	20.8060	9.222	20.8060	20.8460
89	money	20.8660	21.0861	11.812	21.0861	21.1861
90	and	21.5262	21.6062	9.367	21.6062	21.6462
91	then	21.6462	21.7663	9.377	21.7863	21.8263
92	he	21.8263	21.9063	8.883	21.9463	21.9663
93	starts	21.9663	22.2264	9.332	22.2264	22.2664
94	haggling	22.2664	22.6465	9.641	22.6465	22.6865
95	i	23.2067	23.2267	4.602	23.2467	23.2667
96	go	23.2667	23.3667	5.174	23.4067	23.4267
97	like	23.4267	23.5668	4.222	23.5868	23.6268
98	what	23.9069	24.0469	7.759	24.0669	24.1269
99	five	24.5671	24.7671	5.856	24.7871	24.8271
100	bucks	24.8471	25.0872	7.402	25.1072	25.1472
101	can't	26.0675	26.2475	9.135	26.2475	26.2876
102	you	26.2876	26.3676	6.559	26.3876	26.4276
103	give	26.4276	26.5476	9.494	26.5476	26.6076
104	me	26.6076	26.6677	9.800	26.6877	26.7477
105	twenty	26.7477	27.0678	9.358	27.0678	27.1478
106	and	27.3479	27.4279	7.058	27.4279	27.4679
107	i	27.4879	27.5079	5.051	27.5479	27.5879
108	like	27.5879	27.7480	8.251		

--- WHISPER (Groq) OUTPUT (word, start_s, end_s) [independent ASR pass, own word segmentation -- not index-aligned to gold/CTC] ---
The	0.000	1.360
haggling	1.360	1.820
used	1.820	2.060
to	2.060	2.160
happen	2.160	2.380
even	2.380	2.620
with	2.620	2.940
like,	2.940	3.480
it's	3.480	4.080
kind	4.080	4.220
of	4.220	4.360
sad	4.360	4.640
because	4.640	4.800
you	4.800	4.960
have	4.960	5.040
those	5.040	5.280
kids	5.280	5.660
in	6.240	6.820
those	6.820	7.080
markets	7.080	7.700
and	7.700	7.880
stuff	7.880	8.080
like	8.080	8.300
that.	8.300	8.940
They	8.100	8.700
come	8.700	8.900
from	8.900	9.100
like,	9.100	9.220
you	9.220	9.300
know,	9.300	9.420
really	9.420	9.660
poor	9.660	10.040
areas.	10.040	11.240
Yeah,	11.260	11.680
and	11.680	11.840
like,	11.840	12.040
you	12.040	12.080
know,	12.080	12.220
I	12.220	12.280
walk	12.280	12.820
into	12.820	13.120
that	13.120	13.360
area	13.360	13.680
sometimes	13.680	14.000
and	14.000	14.160
go	14.160	14.240
like,	14.240	14.480
oh,	14.480	14.500
this	14.500	14.640
kid	14.640	14.920
like	14.920	15.160
is	14.540	15.220
selling	15.220	15.480
gum	15.480	15.800
or	15.800	15.940
something	15.940	16.200
like	16.200	16.400
that.	16.400	16.980
And	16.020	16.680
I	16.680	16.780
go	16.780	16.840
like,	16.840	17.040
all	17.040	17.140
right,	17.140	17.160
I	17.160	17.260
want	17.260	17.320
to	17.320	17.360
give	17.360	17.540
him	17.540	18.180
some	18.180	18.340
money.	18.340	19.220
So	18.760	19.340
I	19.340	19.440
go	19.440	19.640
over	19.640	20.020
and	20.020	20.180
I	20.180	20.300
give	20.300	20.480
him	20.480	20.680
the	20.680	20.840
money.	20.840	22.080
And	21.100	21.640
then	21.640	21.800
he	21.800	21.920
starts	21.920	22.260
haggling.	22.260	23.080
I	23.080	23.280
go	23.280	23.380
like,	23.380	23.900
what?	23.900	25.080
Five	24.100	24.820
bucks?	24.820	26.080
Can't	25.100	26.260
you	26.260	26.360
give	26.360	26.540
me	26.540	26.740
20?	26.740	27.720

--- SIGNAL TRACE (hop=5ms; time_s, rms, zcr, voicing, spectral_flux, hf_ratio, spectral_flatness) ---
0.000	0.0044	0.002	0.722	0.0000	0.000	0.031
0.005	0.0037	0.005	0.718	0.0141	0.000	0.032
0.010	0.0027	0.007	0.690	0.0120	0.000	0.053
0.015	0.0024	0.002	0.707	0.0258	0.004	0.081
0.020	0.0028	0.007	0.673	0.0132	0.024	0.117
0.025	0.0019	0.016	0.621	0.0184	0.054	0.135
0.030	0.0018	0.009	0.634	0.0154	0.082	0.161
0.035	0.0017	0.045	0.620	0.0146	0.123	0.148
0.040	0.0027	0.027	0.544	0.0164	0.181	0.082
0.045	0.0022	0.036	0.549	0.0151	0.198	0.089
0.050	0.0033	0.059	0.439	0.0168	0.215	0.130
0.055	0.0027	0.048	0.390	0.0188	0.308	0.158
0.060	0.0026	0.086	0.389	0.0170	0.250	0.193
0.065	0.0021	0.073	0.446	0.0132	0.236	0.220
0.070	0.0021	0.045	0.470	0.0131	0.236	0.284
0.075	0.0022	0.064	0.419	0.0140	0.296	0.324
0.080	0.0018	0.073	0.324	0.0174	0.325	0.297
0.085	0.0020	0.095	0.267	0.0201	0.476	0.164
0.090	0.0016	0.084	0.228	0.0210	0.711	0.118
0.095	0.0014	0.116	0.268	0.0201	0.634	0.117
0.100	0.0012	0.107	0.323	0.0109	0.715	0.149
0.105	0.0012	0.114	0.185	0.0153	0.757	0.244
0.110	0.0002	0.061	0.061	0.0180	0.503	0.643
0.115	0.0000	0.095	0.124	0.0120	0.491	0.653
0.120	0.0000	0.105	0.193	0.0104	0.544	0.667
0.125	0.0000	0.091	0.117	0.0117	0.544	0.705
0.130	0.0000	0.073	0.098	0.0113	0.471	0.724
0.135	0.0000	0.059	0.446	0.0346	0.221	0.673
0.140	0.0000	0.055	0.241	0.0213	0.027	0.511
0.145	0.0000	0.048	0.129	0.0308	0.123	0.454
0.150	0.0001	0.041	0.242	0.0227	0.176	0.314
0.155	0.0000	0.077	0.285	0.0162	0.212	0.274
0.160	0.0002	0.055	0.278	0.0130	0.355	0.233
0.165	0.0004	0.086	0.217	0.0128	0.342	0.229
0.170	0.0004	0.084	0.269	0.0296	0.193	0.264
0.175	0.0003	0.102	0.371	0.0411	0.012	0.216
0.180	0.0002	0.045	0.339	0.0280	0.005	0.190
0.185	0.0003	0.057	0.363	0.0278	0.008	0.183
0.190	0.0003	0.057	0.397	0.0195	0.014	0.196
0.195	0.0004	0.050	0.430	0.0151	0.026	0.218
0.200	0.0003	0.068	0.355	0.0198	0.039	0.335
0.205	0.0003	0.052	0.252	0.0307	0.041	0.426
0.210	0.0001	0.059	0.337	0.0272	0.018	0.330
0.215	0.0001	0.055	0.499	0.0405	0.009	0.260
0.220	0.0001	0.048	0.515	0.0123	0.006	0.225
0.224	0.0002	0.032	0.596	0.0117	0.010	0.285
0.229	0.0002	0.039	0.387	0.0345	0.011	0.402
0.234	0.0001	0.039	0.615	0.0122	0.020	0.464
0.239	0.0001	0.032	0.303	0.0220	0.042	0.525
0.244	0.0000	0.032	0.218	0.0148	0.044	0.517
0.249	0.0001	0.041	0.203	0.0196	0.099	0.600
0.254	0.0000	0.034	0.142	0.0120	0.160	0.636
0.259	0.0000	0.027	0.352	0.0152	0.197	0.677
0.264	0.0000	0.027	0.390	0.0132	0.166	0.675
0.269	0.0000	0.041	0.280	0.0126	0.133	0.642
0.274	0.0000	0.041	0.307	0.0127	0.143	0.659
0.279	0.0000	0.041	0.264	0.0081	0.152	0.644
0.284	0.0000	0.027	0.231	0.0107	0.241	0.720
0.289	0.0000	0.027	0.198	0.0101	0.327	0.754
0.294	0.0000	0.000	0.127	0.0052	0.500	0.803
0.299	0.0000	0.018	0.000	0.0091	0.658	0.863
0.304	0.0000	0.000	0.000	0.0000	0.000	1.000
0.309	0.0000	0.000	0.000	0.0000	0.000	1.000
0.314	0.0000	0.000	0.000	0.0000	0.000	1.000
0.319	0.0000	0.000	0.000	0.0000	0.000	1.000
0.324	0.0000	0.000	0.000	0.0000	0.000	1.000
0.329	0.0000	0.000	0.000	0.0719	0.219	0.704
0.334	0.0000	0.000	0.052	0.0043	0.312	0.757
0.339	0.0000	0.000	0.142	0.0117	0.338	0.755
0.344	0.0000	0.009	0.175	0.0268	0.158	0.700
0.349	0.0000	0.009	0.272	0.0141	0.100	0.663
0.354	0.0000	0.025	0.330	0.0147	0.113	0.647
0.359	0.0000	0.020	0.328	0.0170	0.191	0.706
0.364	0.0000	0.082	0.335	0.0101	0.182	0.722
0.369	0.0000	0.057	0.240	0.0123	0.263	0.721
0.374	0.0000	0.034	0.191	0.0168	0.308	0.743
0.379	0.0000	0.000	0.062	0.0270	0.150	0.704
0.384	0.0000	0.050	0.121	0.0393	0.005	0.275
0.389	0.0000	0.045	0.230	0.0141	0.001	0.180
0.394	0.0000	0.032	0.228	0.0304	0.002	0.230
0.399	0.0003	0.014	0.336	0.0240	0.006	0.279
0.404	0.0002	0.014	0.182	0.0230	0.011	0.350
0.409	0.0001	0.016	0.261	0.0223	0.011	0.355
0.414	0.0001	0.020	0.139	0.0205	0.013	0.364
0.419	0.0001	0.020	0.280	0.0214	0.022	0.439
0.424	0.0001	0.016	0.305	0.0146	0.025	0.443
0.429	0.0000	0.016	0.240	0.0237	0.041	0.494
0.434	0.0000	0.018	0.198	0.0156	0.051	0.523
0.439	0.0000	0.023	0.200	0.0212	0.067	0.571
0.444	0.0000	0.030	0.199	0.0193	0.061	0.548
0.449	0.0000	0.020	0.293	0.0154	0.073	0.582
0.454	0.0000	0.034	0.319	0.0158	0.095	0.616
0.459	0.0000	0.032	0.206	0.0145	0.094	0.620
0.464	0.0000	0.018	0.217	0.0172	0.088	0.595
0.469	0.0000	0.055	0.316	0.0193	0.086	0.614
0.474	0.0000	0.039	0.303	0.0113	0.082	0.627
0.479	0.0000	0.045	0.236	0.0175	0.058	0.558
0.484	0.0000	0.014	0.246	0.0199	0.055	0.553
0.489	0.0000	0.025	0.283	0.0185	0.057	0.572
0.494	0.0000	0.027	0.244	0.0261	0.048	0.542
0.499	0.0000	0.039	0.222	0.0222	0.025	0.451
0.504	0.0001	0.043	0.168	0.0222	0.018	0.429
0.509	0.0001	0.030	0.225	0.0284	0.011	0.351
0.514	0.0001	0.030	0.187	0.0235	0.009	0.341
0.519	0.0001	0.027	0.287	0.0261	0.007	0.301
0.524	0.0001	0.030	0.253	0.0267	0.006	0.314
0.529	0.0001	0.032	0.425	0.0173	0.006	0.303
0.534	0.0001	0.020	0.432	0.0217	0.006	0.271
0.539	0.0001	0.027	0.217	0.0173	0.010	0.264
0.544	0.0002	0.034	0.260	0.0282	0.011	0.272
0.549	0.0002	0.039	0.342	0.0163	0.008	0.221
0.554	0.0003	0.025	0.274	0.0165	0.016	0.259
0.559	0.0004	0.027	0.151	0.0210	0.034	0.306
0.564	0.0002	0.039	0.167	0.0175	0.035	0.289
0.569	0.0003	0.057	0.150	0.0156	0.037	0.299
0.574	0.0004	0.045	0.160	0.0236	0.046	0.306
0.579	0.0003	0.050	0.203	0.0141	0.057	0.316
0.584	0.0003	0.052	0.230	0.0151	0.084	0.337
0.589	0.0003	0.050	0.190	0.0152	0.087	0.322
0.594	0.0003	0.045	0.161	0.0139	0.107	0.332
0.599	0.0003	0.055	0.193	0.0147	0.113	0.348
0.604	0.0003	0.082	0.143	0.0187	0.082	0.354
0.609	0.0003	0.070	0.135	0.0156	0.075	0.345
0.614	0.0003	0.068	0.171	0.0160	0.088	0.353
0.619	0.0003	0.064	0.144	0.0142	0.112	0.357
0.624	0.0002	0.057	0.162	0.0156	0.111	0.368
0.629	0.0002	0.075	0.169	0.0153	0.083	0.333
0.634	0.0002	0.080	0.162	0.0140	0.088	0.341
0.639	0.0003	0.057	0.187	0.0166	0.111	0.360
0.644	0.0002	0.080	0.148	0.0157	0.093	0.357
0.649	0.0002	0.064	0.135	0.0167	0.113	0.366
0.654	0.0003	0.061	0.141	0.0162	0.116	0.353
0.659	0.0003	0.068	0.182	0.0155	0.092	0.329
0.663	0.0003	0.070	0.190	0.0169	0.076	0.328
0.668	0.0003	0.075	0.136	0.0161	0.116	0.326
0.673	0.0004	0.061	0.177	0.0148	0.169	0.340
0.678	0.0003	0.075	0.156	0.0140	0.174	0.356
0.683	0.0003	0.066	0.163	0.0157	0.146	0.349
0.688	0.0002	0.073	0.165	0.0182	0.067	0.323
0.693	0.0002	0.059	0.193	0.0157	0.047	0.298
0.698	0.0003	0.050	0.266	0.0179	0.043	0.314
0.703	0.0003	0.059	0.222	0.0163	0.040	0.323
0.708	0.0003	0.052	0.183	0.0149	0.072	0.338
0.713	0.0003	0.059	0.159	0.0170	0.064	0.332
0.718	0.0002	0.050	0.209	0.0212	0.054	0.322
0.723	0.0002	0.045	0.225	0.0224	0.033	0.298
0.728	0.0002	0.052	0.253	0.0156	0.034	0.287
0.733	0.0003	0.043	0.341	0.0165	0.040	0.310
0.738	0.0002	0.036	0.333	0.0119	0.035	0.330
0.743	0.0002	0.048	0.287	0.0185	0.031	0.334
0.748	0.0002	0.048	0.269	0.0155	0.042	0.328
0.753	0.0001	0.020	0.254	0.0108	0.070	0.420
0.758	0.0002	0.050	0.108	0.0164	0.295	0.651
0.763	0.0000	0.066	0.134	0.0118	0.301	0.691
0.768	0.0000	0.064	0.156	0.0099	0.340	0.700
0.773	0.0000	0.030	0.107	0.0100	0.485	0.773
0.778	0.0000	0.009	0.204	0.0087	0.434	0.788
0.783	0.0000	0.005	0.269	0.0062	0.354	0.835
0.788	0.0000	0.000	0.000	0.0000	0.000	1.000
0.793	0.0000	0.000	0.000	0.0000	0.000	1.000
0.798	0.0000	0.000	0.000	0.0000	0.000	1.000
0.803	0.0000	0.000	0.000	0.0000	0.000	1.000
0.808	0.0000	0.000	0.000	0.0000	0.000	1.000
0.813	0.0000	0.000	0.000	0.0000	0.000	1.000
0.818	0.0000	0.000	0.000	0.0000	0.000	1.000
0.823	0.0000	0.000	0.000	0.0000	0.000	1.000
0.828	0.0000	0.000	0.000	0.0000	0.000	1.000
0.833	0.0000	0.000	0.000	0.0000	0.000	1.000
0.838	0.0000	0.000	0.000	0.0000	0.000	1.000
0.843	0.0000	0.000	0.000	0.0000	0.000	1.000
0.848	0.0000	0.000	0.000	0.0000	0.000	1.000
0.853	0.0000	0.000	0.000	0.3919	0.003	0.488
0.858	0.0000	0.000	0.000	0.0000	0.821	0.999
0.863	0.0000	0.000	0.001	0.0001	0.821	0.999
0.868	0.0000	0.005	0.000	0.0015	0.818	1.000
0.873	0.0000	0.000	0.000	0.0000	0.000	1.000
0.878	0.0000	0.000	0.000	0.0418	0.061	0.746
0.883	0.0000	0.000	0.108	0.0400	0.128	0.671
0.888	0.0000	0.000	0.158	0.0575	0.012	0.456
0.893	0.0000	0.014	0.367	0.0827	0.001	0.221
0.898	0.0000	0.011	0.624	0.0232	0.000	0.086
0.903	0.0001	0.005	0.637	0.0100	0.000	0.086
0.908	0.0011	0.005	0.440	0.0242	0.001	0.180
0.913	0.0006	0.007	0.321	0.0372	0.003	0.294
0.918	0.0002	0.005	0.213	0.0774	0.001	0.179
0.923	0.0000	0.014	0.350	0.0734	0.000	0.075
0.928	0.0000	0.007	0.535	0.0125	0.000	0.027
0.933	0.0008	0.005	0.448	0.0164	0.000	0.029
0.938	0.0042	0.007	0.287	0.0525	0.000	0.040
0.943	0.0011	0.005	0.389	0.0456	0.000	0.026
0.948	0.0010	0.005	0.455	0.0443	0.000	0.017
0.953	0.0025	0.005	0.562	0.0540	0.000	0.017
0.958	0.0045	0.005	0.517	0.0166	0.000	0.017
0.963	0.0081	0.005	0.468	0.0415	0.000	0.017
0.968	0.0103	0.005	0.617	0.0303	0.000	0.015
0.973	0.0123	0.005	0.696	0.0215	0.000	0.016
0.978	0.0143	0.011	0.705	0.0159	0.001	0.020
0.983	0.0202	0.009	0.726	0.0180	0.001	0.024
0.988	0.0224	0.011	0.752	0.0117	0.002	0.030
0.993	0.0352	0.016	0.763	0.0165	0.002	0.034
0.998	0.0517	0.018	0.757	0.0143	0.002	0.050
1.003	0.0611	0.014	0.763	0.0123	0.003	0.065
1.008	0.0596	0.016	0.777	0.0071	0.005	0.086
1.013	0.0404	0.018	0.796	0.0072	0.007	0.090
1.018	0.0448	0.020	0.780	0.0097	0.006	0.094
1.023	0.0701	0.018	0.776	0.0102	0.006	0.092
1.028	0.0681	0.020	0.792	0.0052	0.006	0.099
1.033	0.0418	0.018	0.786	0.0092	0.006	0.114
1.038	0.0411	0.016	0.795	0.0068	0.005	0.102
1.043	0.0605	0.032	0.792	0.0065	0.005	0.103
1.048	0.0590	0.016	0.787	0.0108	0.008	0.105
1.053	0.0380	0.020	0.751	0.0112	0.012	0.114
1.058	0.0427	0.032	0.767	0.0122	0.009	0.130
1.063	0.0506	0.018	0.783	0.0094	0.006	0.135
1.068	0.0479	0.016	0.742	0.0119	0.005	0.117
1.073	0.0390	0.025	0.713	0.0166	0.007	0.111
1.078	0.0208	0.030	0.702	0.0161	0.005	0.082
1.083	0.0283	0.041	0.703	0.0166	0.003	0.047
1.088	0.0313	0.034	0.704	0.0230	0.001	0.024
1.093	0.0326	0.030	0.724	0.0248	0.001	0.024
1.098	0.0294	0.032	0.697	0.0134	0.001	0.024
1.102	0.0303	0.030	0.633	0.0215	0.002	0.024
1.107	0.0235	0.032	0.604	0.0243	0.002	0.022
1.112	0.0230	0.020	0.710	0.0173	0.002	0.018
1.117	0.0155	0.014	0.725	0.0097	0.000	0.018
1.122	0.0175	0.018	0.714	0.0134	0.001	0.021
1.127	0.0185	0.016	0.741	0.0110	0.001	0.026
1.132	0.0187	0.020	0.755	0.0099	0.001	0.027
1.137	0.0273	0.020	0.770	0.0101	0.000	0.022
1.142	0.0298	0.018	0.736	0.0142	0.000	0.019
1.147	0.0271	0.020	0.766	0.0142	0.002	0.016
1.152	0.0298	0.014	0.774	0.0103	0.002	0.016
1.157	0.0250	0.016	0.754	0.0089	0.001	0.022
1.162	0.0230	0.014	0.764	0.0132	0.001	0.025
1.167	0.0253	0.016	0.742	0.0151	0.001	0.024
1.172	0.0278	0.009	0.737	0.0177	0.001	0.024
1.177	0.0283	0.011	0.761	0.0177	0.001	0.029
1.182	0.0366	0.009	0.746	0.0178	0.001	0.027
1.187	0.0472	0.009	0.618	0.0260	0.001	0.023
1.192	0.0487	0.009	0.409	0.0473	0.001	0.025
1.197	0.0242	0.005	0.512	0.0936	0.000	0.023
1.202	0.0093	0.005	0.770	0.0286	0.000	0.018
1.207	0.0129	0.005	0.757	0.0100	0.000	0.016
1.212	0.0130	0.005	0.762	0.0111	0.000	0.017
1.217	0.0125	0.005	0.747	0.0091	0.000	0.017
1.222	0.0116	0.005	0.754	0.0092	0.000	0.018
1.227	0.0114	0.005	0.734	0.0057	0.000	0.024
1.232	0.0114	0.007	0.733	0.0229	0.000	0.036
1.237	0.0119	0.005	0.671	0.0267	0.001	0.038
1.242	0.0128	0.005	0.601	0.0338	0.001	0.036
1.247	0.0151	0.005	0.659	0.0246	0.001	0.026
1.252	0.0144	0.014	0.732	0.0265	0.001	0.023
1.257	0.0164	0.011	0.745	0.0117	0.001	0.022
1.262	0.0227	0.009	0.749	0.0120	0.001	0.028
1.267	0.0283	0.009	0.738	0.0135	0.001	0.036
1.272	0.0386	0.009	0.745	0.0105	0.001	0.042
1.277	0.0543	0.011	0.771	0.0032	0.001	0.064
1.282	0.0637	0.009	0.773	0.0066	0.001	0.086
1.287	0.0752	0.011	0.762	0.0165	0.001	0.090
1.292	0.0900	0.009	0.751	0.0096	0.001	0.088
1.297	0.0816	0.009	0.768	0.0076	0.001	0.091
1.302	0.0730	0.011	0.764	0.0090	0.001	0.100
1.307	0.0708	0.009	0.734	0.0121	0.001	0.103
1.312	0.0640	0.009	0.693	0.0119	0.002	0.113
1.317	0.0530	0.014	0.582	0.0161	0.004	0.140
1.322	0.0430	0.009	0.507	0.0316	0.003	0.139
1.327	0.0312	0.009	0.615	0.0391	0.001	0.094
1.332	0.0189	0.005	0.723	0.0243	0.000	0.052
1.337	0.0194	0.002	0.742	0.0140	0.000	0.019
1.342	0.0214	0.005	0.705	0.0140	0.000	0.015
1.347	0.0208	0.005	0.651	0.0305	0.000	0.015
1.352	0.0158	0.005	0.689	0.0337	0.000	0.015
1.357	0.0104	0.005	0.716	0.0302	0.000	0.016
1.362	0.0117	0.005	0.683	0.0349	0.000	0.015
1.367	0.0124	0.005	0.694	0.0424	0.000	0.014
1.372	0.0105	0.002	0.669	0.0262	0.000	0.017
1.377	0.0087	0.005	0.631	0.0201	0.000	0.026
1.382	0.0109	0.005	0.632	0.0258	0.003	0.187
1.387	0.0114	0.002	0.608	0.0234	0.016	0.291
1.392	0.0092	0.014	0.385	0.0172	0.015	0.306
1.397	0.0082	0.005	0.337	0.0351	0.009	0.236
1.402	0.0092	0.023	0.472	0.0272	0.004	0.183
1.407	0.0219	0.032	0.625	0.0158	0.003	0.124
1.412	0.0483	0.016	0.706	0.0159	0.002	0.112
1.417	0.0837	0.011	0.669	0.0132	0.003	0.115
1.422	0.0938	0.009	0.677	0.0134	0.005	0.120
1.427	0.0839	0.018	0.686	0.0115	0.005	0.110
1.432	0.1001	0.020	0.666	0.0157	0.004	0.092
1.437	0.1257	0.020	0.701	0.0134	0.003	0.089
1.442	0.1592	0.018	0.731	0.0095	0.003	0.093
1.447	0.1914	0.023	0.738	0.0086	0.003	0.090
1.452	0.2116	0.023	0.730	0.0118	0.003	0.091
1.457	0.2236	0.023	0.696	0.0098	0.004	0.097
1.462	0.2276	0.023	0.674	0.0130	0.005	0.104
1.467	0.1793	0.023	0.716	0.0101	0.008	0.120
1.472	0.2163	0.023	0.730	0.0092	0.006	0.124
1.477	0.2141	0.032	0.735	0.0060	0.010	0.132
1.482	0.1956	0.023	0.700	0.0079	0.014	0.151
1.487	0.1563	0.023	0.723	0.0100	0.015	0.180
1.492	0.1354	0.025	0.709	0.0072	0.020	0.195
1.497	0.1201	0.014	0.703	0.0139	0.025	0.196
1.502	0.0895	0.023	0.679	0.0139	0.019	0.199
1.507	0.0662	0.018	0.726	0.0073	0.029	0.214
1.512	0.0658	0.014	0.732	0.0075	0.039	0.226
1.517	0.0605	0.030	0.632	0.0099	0.037	0.228
1.522	0.0592	0.020	0.652	0.0164	0.039	0.223
1.527	0.0493	0.014	0.697	0.0093	0.028	0.204
1.532	0.0526	0.023	0.695	0.0104	0.030	0.188
1.537	0.0551	0.016	0.651	0.0123	0.030	0.189
1.541	0.0677	0.014	0.679	0.0152	0.025	0.168
1.546	0.0928	0.018	0.694	0.0122	0.023	0.187
1.551	0.1120	0.014	0.697	0.0117	0.025	0.182
1.556	0.1155	0.025	0.716	0.0134	0.019	0.146
1.561	0.1043	0.023	0.729	0.0124	0.016	0.124
1.566	0.0757	0.023	0.738	0.0109	0.006	0.099
1.571	0.0553	0.016	0.747	0.0111	0.006	0.096
1.576	0.1442	0.027	0.623	0.0166	0.008	0.103
1.581	0.1898	0.023	0.585	0.0283	0.007	0.101
1.586	0.1503	0.020	0.727	0.0171	0.004	0.099
1.591	0.1077	0.023	0.782	0.0134	0.004	0.097
1.596	0.1161	0.025	0.716	0.0136	0.006	0.107
1.601	0.1257	0.020	0.686	0.0178	0.009	0.117
1.606	0.0900	0.018	0.723	0.0164	0.011	0.110
1.611	0.0677	0.020	0.754	0.0140	0.011	0.104
1.616	0.0827	0.020	0.798	0.0131	0.007	0.099
1.621	0.0752	0.016	0.809	0.0097	0.008	0.097
1.626	0.0992	0.014	0.743	0.0122	0.008	0.104
1.631	0.1165	0.020	0.681	0.0185	0.010	0.105
1.636	0.0732	0.034	0.579	0.0193	0.018	0.129
1.641	0.0434	0.034	0.610	0.0140	0.020	0.144
1.646	0.0338	0.027	0.584	0.0223	0.014	0.172
1.651	0.0175	0.034	0.602	0.0251	0.008	0.151
1.656	0.0155	0.018	0.735	0.0311	0.001	0.074
1.661	0.0138	0.007	0.780	0.0159	0.000	0.049
1.666	0.0105	0.005	0.750	0.0180	0.000	0.046
1.671	0.0174	0.007	0.731	0.0192	0.000	0.044
1.676	0.0191	0.009	0.754	0.0151	0.000	0.035
1.681	0.0154	0.007	0.749	0.0145	0.000	0.032
1.686	0.0135	0.005	0.610	0.0229	0.002	0.207
1.691	0.0109	0.005	0.644	0.0135	0.009	0.285
1.696	0.0115	0.007	0.634	0.0195	0.007	0.262
1.701	0.0259	0.018	0.605	0.0277	0.006	0.218
1.706	0.0225	0.009	0.696	0.0312	0.006	0.124
1.711	0.0224	0.009	0.778	0.0211	0.005	0.127
1.716	0.0283	0.007	0.770	0.0164	0.004	0.084
1.721	0.0222	0.007	0.785	0.0114	0.003	0.068
1.726	0.0246	0.005	0.797	0.0076	0.002	0.055
1.731	0.0360	0.007	0.794	0.0102	0.002	0.050
1.736	0.0376	0.009	0.784	0.0077	0.001	0.047
1.741	0.0222	0.016	0.789	0.0091	0.001	0.051
1.746	0.0295	0.018	0.790	0.0072	0.003	0.058
1.751	0.0464	0.020	0.764	0.0100	0.005	0.065
1.756	0.0442	0.014	0.730	0.0097	0.005	0.076
1.761	0.0238	0.025	0.682	0.0113	0.004	0.081
1.766	0.0324	0.027	0.674	0.0240	0.002	0.069
1.771	0.0562	0.032	0.722	0.0214	0.001	0.065
1.776	0.0617	0.030	0.780	0.0101	0.001	0.067
1.781	0.0570	0.025	0.780	0.0098	0.002	0.070
1.786	0.0936	0.011	0.757	0.0111	0.003	0.080
1.791	0.1108	0.011	0.723	0.0157	0.003	0.080
1.796	0.1085	0.034	0.699	0.0134	0.004	0.072
1.801	0.0947	0.023	0.739	0.0122	0.004	0.079
1.806	0.0662	0.025	0.729	0.0157	0.004	0.099
1.811	0.0797	0.025	0.699	0.0128	0.004	0.105
1.816	0.0894	0.030	0.694	0.0144	0.006	0.099
1.821	0.1013	0.014	0.695	0.0133	0.006	0.095
1.826	0.0762	0.025	0.644	0.0233	0.004	0.087
1.831	0.0535	0.018	0.653	0.0292	0.002	0.087
1.836	0.0301	0.005	0.770	0.0226	0.001	0.070
1.841	0.0276	0.005	0.771	0.0178	0.001	0.059
1.846	0.0164	0.005	0.728	0.0191	0.001	0.054
1.851	0.0255	0.009	0.745	0.0131	0.001	0.050
1.856	0.0280	0.007	0.729	0.0192	0.000	0.047
1.861	0.0307	0.005	0.747	0.0131	0.000	0.039
1.866	0.0304	0.005	0.767	0.0144	0.000	0.036
1.871	0.0327	0.005	0.740	0.0138	0.000	0.038
1.876	0.0333	0.005	0.709	0.0147	0.000	0.046
1.881	0.0273	0.005	0.654	0.0109	0.000	0.073
1.886	0.0209	0.005	0.664	0.0188	0.002	0.130
1.891	0.0192	0.009	0.737	0.0109	0.002	0.126
1.896	0.0235	0.009	0.736	0.0169	0.005	0.191
1.901	0.0272	0.009	0.690	0.0096	0.014	0.245
1.906	0.0222	0.009	0.662	0.0112	0.016	0.268
1.911	0.0206	0.014	0.662	0.0138	0.013	0.256
1.916	0.0202	0.009	0.678	0.0173	0.011	0.208
1.921	0.0203	0.009	0.700	0.0151	0.009	0.176
1.926	0.0257	0.014	0.729	0.0140	0.008	0.122
1.931	0.0279	0.005	0.745	0.0122	0.008	0.103
1.936	0.0330	0.005	0.743	0.0109	0.008	0.085
1.941	0.0499	0.005	0.741	0.0130	0.007	0.079
1.946	0.0565	0.020	0.762	0.0069	0.009	0.076
1.951	0.0578	0.023	0.758	0.0116	0.007	0.080
1.956	0.0596	0.027	0.746	0.0104	0.006	0.078
1.961	0.0434	0.030	0.765	0.0078	0.006	0.073
1.966	0.0360	0.032	0.745	0.0085	0.003	0.067
1.971	0.0499	0.023	0.686	0.0110	0.003	0.076
1.976	0.0465	0.027	0.582	0.0218	0.006	0.135
1.980	0.0514	0.023	0.598	0.0175	0.011	0.185
1.985	0.0493	0.014	0.645	0.0098	0.031	0.320
1.990	0.0302	0.009	0.677	0.0088	0.057	0.377
1.995	0.0285	0.014	0.550	0.0115	0.151	0.431
2.000	0.0236	0.041	0.476	0.0124	0.300	0.478
2.005	0.0185	0.077	0.421	0.0108	0.468	0.470
2.010	0.0220	0.100	0.348	0.0105	0.565	0.487
2.015	0.0240	0.111	0.246	0.0106	0.706	0.541
2.020	0.0193	0.145	0.188	0.0126	0.739	0.567
2.025	0.0148	0.175	0.216	0.0102	0.746	0.553
2.030	0.0165	0.132	0.182	0.0101	0.843	0.570
2.035	0.0150	0.182	0.138	0.0115	0.863	0.573
2.040	0.0157	0.189	0.149	0.0103	0.797	0.606
2.045	0.0134	0.157	0.169	0.0110	0.793	0.645
2.050	0.0087	0.205	0.111	0.0111	0.845	0.635
2.055	0.0074	0.214	0.131	0.0115	0.910	0.583
2.060	0.0062	0.177	0.182	0.0105	0.873	0.546
2.065	0.0086	0.170	0.169	0.0116	0.750	0.568
2.070	0.0061	0.145	0.138	0.0121	0.752	0.594
2.075	0.0048	0.170	0.124	0.0136	0.742	0.638
2.080	0.0031	0.168	0.188	0.0143	0.655	0.614
2.085	0.0029	0.145	0.313	0.0138	0.459	0.559
2.090	0.0033	0.116	0.307	0.0109	0.477	0.508
2.095	0.0025	0.091	0.320	0.0200	0.412	0.449
2.100	0.0047	0.127	0.318	0.0242	0.250	0.391
2.105	0.0056	0.086	0.428	0.0289	0.030	0.272
2.110	0.0096	0.048	0.555	0.0195	0.010	0.185
2.115	0.0234	0.023	0.699	0.0106	0.005	0.124
2.120	0.0502	0.014	0.698	0.0098	0.005	0.122
2.125	0.0684	0.009	0.708	0.0089	0.006	0.123
2.130	0.0739	0.018	0.734	0.0066	0.006	0.120
2.135	0.0898	0.014	0.719	0.0081	0.006	0.124
2.140	0.0961	0.014	0.682	0.0094	0.005	0.121
2.145	0.1010	0.023	0.682	0.0161	0.005	0.121
2.150	0.1001	0.020	0.723	0.0087	0.004	0.121
2.155	0.1019	0.027	0.735	0.0072	0.004	0.105
2.160	0.1089	0.020	0.733	0.0070	0.003	0.099
2.165	0.1088	0.018	0.736	0.0068	0.002	0.088
2.170	0.1092	0.014	0.726	0.0096	0.002	0.085
2.175	0.1099	0.014	0.691	0.0104	0.004	0.088
2.180	0.1065	0.014	0.699	0.0138	0.004	0.089
2.185	0.0953	0.014	0.727	0.0131	0.002	0.100
2.190	0.0976	0.023	0.733	0.0145	0.002	0.091
2.195	0.0980	0.018	0.718	0.0131	0.002	0.084
2.200	0.1032	0.018	0.705	0.0143	0.002	0.087
2.205	0.1097	0.018	0.721	0.0201	0.001	0.089
2.210	0.1122	0.016	0.765	0.0107	0.001	0.078
2.215	0.0968	0.016	0.786	0.0087	0.001	0.068
2.220	0.0811	0.014	0.786	0.0144	0.001	0.070
2.225	0.0880	0.016	0.765	0.0116	0.001	0.069
2.230	0.0881	0.014	0.735	0.0145	0.001	0.066
2.235	0.0651	0.016	0.602	0.0202	0.001	0.061
2.240	0.0639	0.014	0.473	0.0327	0.001	0.061
2.245	0.0502	0.009	0.213	0.0816	0.000	0.053
2.250	0.0073	0.005	0.662	0.0311	0.000	0.040
2.255	0.0129	0.005	0.643	0.0181	0.000	0.034
2.260	0.0110	0.005	0.605	0.0237	0.000	0.036
2.265	0.0102	0.005	0.526	0.0358	0.000	0.040
2.270	0.0082	0.005	0.555	0.0257	0.000	0.039
2.275	0.0076	0.011	0.470	0.0166	0.000	0.045
2.280	0.0084	0.014	0.414	0.0307	0.000	0.055
2.285	0.0041	0.011	0.439	0.0219	0.000	0.066
2.290	0.0015	0.005	0.345	0.0278	0.000	0.069
2.295	0.0027	0.014	0.308	0.0381	0.000	0.075
2.300	0.0021	0.023	0.350	0.0332	0.000	0.072
2.305	0.0021	0.020	0.546	0.0303	0.000	0.073
2.310	0.0015	0.009	0.663	0.0273	0.000	0.058
2.315	0.0017	0.016	0.708	0.0303	0.000	0.079
2.320	0.0025	0.016	0.646	0.0121	0.009	0.322
2.325	0.0028	0.014	0.387	0.0175	0.087	0.476
2.330	0.0027	0.043	0.251	0.0317	0.073	0.441
2.335	0.0025	0.030	0.395	0.0374	0.004	0.195
2.340	0.0033	0.045	0.517	0.0309	0.002	0.122
2.345	0.0151	0.016	0.596	0.0339	0.001	0.086
2.350	0.0244	0.018	0.660	0.0307	0.001	0.076
2.355	0.0409	0.009	0.758	0.0165	0.000	0.067
2.360	0.0774	0.009	0.766	0.0122	0.001	0.065
2.365	0.0983	0.009	0.769	0.0082	0.001	0.066
2.370	0.0992	0.009	0.745	0.0139	0.001	0.069
2.375	0.0918	0.009	0.663	0.0238	0.000	0.066
2.380	0.0834	0.009	0.534	0.0324	0.000	0.069
2.385	0.0648	0.023	0.226	0.1007	0.000	0.064
2.390	0.0113	0.005	0.640	0.0216	0.000	0.047
2.395	0.0188	0.005	0.718	0.0241	0.000	0.043
2.400	0.0207	0.005	0.752	0.0196	0.000	0.041
2.405	0.0301	0.005	0.741	0.0147	0.000	0.043
2.410	0.0307	0.005	0.729	0.0098	0.000	0.044
2.415	0.0298	0.005	0.744	0.0096	0.000	0.063
2.420	0.0304	0.005	0.736	0.0184	0.000	0.061
2.424	0.0312	0.007	0.741	0.0228	0.000	0.063
2.429	0.0311	0.005	0.767	0.0140	0.000	0.074
2.434	0.0270	0.009	0.772	0.0111	0.001	0.089
2.439	0.0211	0.009	0.763	0.0104	0.001	0.094
2.444	0.0183	0.011	0.744	0.0117	0.003	0.103
2.449	0.0290	0.009	0.762	0.0099	0.005	0.105
2.454	0.0373	0.016	0.761	0.0101	0.008	0.111
2.459	0.0437	0.025	0.743	0.0139	0.008	0.116
2.464	0.0461	0.020	0.750	0.0140	0.008	0.119
2.469	0.0432	0.014	0.760	0.0153	0.009	0.111
2.474	0.0252	0.020	0.772	0.0097	0.014	0.131
2.479	0.0279	0.027	0.753	0.0106	0.019	0.138
2.484	0.0347	0.005	0.739	0.0219	0.018	0.133
2.489	0.0325	0.007	0.777	0.0137	0.016	0.117
2.494	0.0235	0.016	0.822	0.0094	0.013	0.104
2.499	0.0314	0.014	0.809	0.0070	0.011	0.104
2.504	0.0417	0.007	0.794	0.0115	0.006	0.094
2.509	0.0372	0.007	0.760	0.0147	0.004	0.109
2.514	0.0310	0.009	0.708	0.0164	0.003	0.188
2.519	0.0311	0.007	0.711	0.0112	0.004	0.255
2.524	0.0211	0.005	0.712	0.0123	0.007	0.336
2.529	0.0129	0.009	0.720	0.0080	0.011	0.406
2.534	0.0161	0.023	0.779	0.0086	0.014	0.405
2.539	0.0189	0.016	0.755	0.0073	0.017	0.438
2.544	0.0211	0.009	0.668	0.0117	0.053	0.508
2.549	0.0181	0.014	0.638	0.0084	0.097	0.523
2.554	0.0128	0.041	0.666	0.0103	0.080	0.519
2.559	0.0118	0.045	0.681	0.0079	0.085	0.535
2.564	0.0133	0.032	0.640	0.0093	0.090	0.544
2.569	0.0134	0.036	0.667	0.0121	0.065	0.524
2.574	0.0148	0.034	0.695	0.0102	0.053	0.481
2.579	0.0159	0.032	0.701	0.0104	0.039	0.496
2.584	0.0151	0.027	0.710	0.0143	0.022	0.437
2.589	0.0122	0.014	0.707	0.0143	0.015	0.368
2.594	0.0117	0.014	0.683	0.0159	0.009	0.281
2.599	0.0213	0.020	0.688	0.0243	0.005	0.203
2.604	0.0242	0.032	0.728	0.0222	0.002	0.110
2.609	0.0375	0.025	0.764	0.0194	0.002	0.082
2.614	0.0386	0.014	0.781	0.0127	0.001	0.071
2.619	0.0300	0.011	0.788	0.0146	0.001	0.069
2.624	0.0581	0.011	0.787	0.0135	0.001	0.076
2.629	0.0840	0.016	0.775	0.0137	0.001	0.080
2.634	0.0804	0.020	0.774	0.0132	0.001	0.075
2.639	0.0726	0.020	0.784	0.0054	0.001	0.076
2.644	0.0530	0.011	0.775	0.0181	0.001	0.081
2.649	0.0734	0.009	0.774	0.0125	0.001	0.078
2.654	0.0809	0.011	0.796	0.0127	0.001	0.076
2.659	0.0887	0.011	0.793	0.0100	0.001	0.068
2.664	0.0706	0.009	0.729	0.0253	0.001	0.075
2.669	0.0450	0.011	0.688	0.0200	0.001	0.083
2.674	0.0228	0.009	0.651	0.0201	0.001	0.083
2.679	0.0276	0.016	0.702	0.0101	0.001	0.075
2.684	0.0268	0.016	0.751	0.0155	0.001	0.083
2.689	0.0308	0.023	0.769	0.0148	0.001	0.080
2.694	0.0396	0.014	0.794	0.0123	0.001	0.072
2.699	0.0349	0.016	0.783	0.0117	0.001	0.076
2.704	0.0360	0.009	0.769	0.0100	0.001	0.078
2.709	0.0231	0.009	0.759	0.0205	0.000	0.076
2.714	0.0152	0.011	0.719	0.0160	0.000	0.083
2.719	0.0180	0.009	0.737	0.0118	0.000	0.083
2.724	0.0222	0.009	0.757	0.0160	0.000	0.081
2.729	0.0293	0.011	0.728	0.0145	0.000	0.081
2.734	0.0378	0.009	0.702	0.0128	0.000	0.082
2.739	0.0370	0.009	0.734	0.0198	0.000	0.070
2.744	0.0402	0.009	0.773	0.0087	0.000	0.065
2.749	0.0506	0.011	0.746	0.0116	0.000	0.068
2.754	0.0620	0.009	0.748	0.0067	0.000	0.072
2.759	0.0647	0.009	0.760	0.0075	0.000	0.071
2.764	0.0661	0.009	0.760	0.0145	0.001	0.074
2.769	0.0660	0.009	0.741	0.0096	0.001	0.073
2.774	0.0619	0.009	0.759	0.0070	0.001	0.070
2.779	0.0624	0.009	0.757	0.0047	0.001	0.074
2.784	0.0637	0.009	0.741	0.0047	0.001	0.074
2.789	0.0609	0.009	0.751	0.0060	0.001	0.079
2.794	0.0607	0.009	0.748	0.0042	0.002	0.089
2.799	0.0619	0.009	0.748	0.0032	0.002	0.084
2.804	0.0606	0.009	0.751	0.0047	0.002	0.090
2.809	0.0619	0.009	0.746	0.0042	0.002	0.095
2.814	0.0628	0.011	0.742	0.0060	0.003	0.087
2.819	0.0631	0.009	0.753	0.0033	0.003	0.082
2.824	0.0640	0.009	0.750	0.0056	0.003	0.089
2.829	0.0652	0.009	0.739	0.0070	0.003	0.090
2.834	0.0635	0.009	0.746	0.0110	0.002	0.091
2.839	0.0630	0.007	0.743	0.0094	0.002	0.090
2.844	0.0607	0.009	0.699	0.0179	0.002	0.110
2.849	0.0549	0.009	0.620	0.0190	0.002	0.127
2.854	0.0439	0.009	0.523	0.0280	0.002	0.133
2.859	0.0298	0.014	0.586	0.0221	0.002	0.146
2.863	0.0119	0.005	0.728	0.0118	0.001	0.146
2.868	0.0091	0.005	0.680	0.0141	0.002	0.163
2.873	0.0070	0.005	0.674	0.0212	0.003	0.191
2.878	0.0068	0.002	0.606	0.0139	0.005	0.228
2.883	0.0074	0.005	0.668	0.0160	0.009	0.263
2.888	0.0122	0.007	0.687	0.0114	0.012	0.246
2.893	0.0150	0.005	0.696	0.0198	0.015	0.237
2.898	0.0125	0.005	0.589	0.0138	0.016	0.243
2.903	0.0102	0.009	0.556	0.0190	0.023	0.226
2.908	0.0083	0.009	0.553	0.0108	0.021	0.212
2.913	0.0085	0.016	0.607	0.0441	0.007	0.171
2.918	0.0087	0.018	0.687	0.0203	0.004	0.165
2.923	0.0146	0.014	0.700	0.0202	0.002	0.109
2.928	0.0176	0.011	0.741	0.0117	0.002	0.093
2.933	0.0209	0.014	0.728	0.0109	0.001	0.085
2.938	0.0231	0.009	0.730	0.0132	0.001	0.082
2.943	0.0205	0.011	0.739	0.0178	0.001	0.071
2.948	0.0167	0.018	0.720	0.0140	0.000	0.058
2.953	0.0163	0.007	0.708	0.0153	0.000	0.059
2.958	0.0169	0.009	0.658	0.0181	0.001	0.085
2.963	0.0131	0.009	0.615	0.0251	0.001	0.094
2.968	0.0187	0.009	0.528	0.0403	0.001	0.077
2.973	0.0182	0.009	0.555	0.0289	0.001	0.073
2.978	0.0158	0.011	0.661	0.0164	0.001	0.073
2.983	0.0282	0.014	0.682	0.0138	0.001	0.083
2.988	0.0617	0.011	0.661	0.0117	0.002	0.094
2.993	0.0659	0.014	0.619	0.0207	0.003	0.097
2.998	0.0544	0.011	0.669	0.0143	0.003	0.101
3.003	0.0371	0.011	0.693	0.0107	0.004	0.098
3.008	0.0323	0.011	0.666	0.0125	0.003	0.093
3.013	0.0333	0.011	0.655	0.0119	0.002	0.094
3.018	0.0414	0.011	0.671	0.0127	0.003	0.090
3.023	0.0501	0.011	0.685	0.0160	0.001	0.092
3.028	0.0511	0.011	0.655	0.0125	0.001	0.095
3.033	0.0277	0.011	0.650	0.0128	0.002	0.096
3.038	0.0323	0.009	0.657	0.0121	0.003	0.097
3.043	0.0388	0.011	0.646	0.0193	0.003	0.085
3.048	0.0455	0.020	0.677	0.0122	0.002	0.089
3.053	0.0536	0.011	0.659	0.0128	0.001	0.095
3.058	0.0398	0.011	0.664	0.0122	0.001	0.094
3.063	0.0381	0.009	0.666	0.0097	0.002	0.093
3.068	0.0406	0.011	0.675	0.0145	0.001	0.097
3.073	0.0547	0.011	0.688	0.0093	0.001	0.097
3.078	0.0679	0.011	0.665	0.0099	0.001	0.091
3.083	0.0550	0.009	0.651	0.0101	0.001	0.092
3.088	0.0449	0.011	0.642	0.0162	0.001	0.092
3.093	0.0467	0.011	0.614	0.0170	0.001	0.084
3.098	0.0678	0.011	0.613	0.0182	0.001	0.078
3.103	0.0534	0.014	0.614	0.0231	0.001	0.079
3.108	0.0185	0.011	0.589	0.0209	0.001	0.101
3.113	0.0145	0.007	0.546	0.0218	0.002	0.141
3.118	0.0197	0.011	0.518	0.0170	0.002	0.150
3.123	0.0249	0.030	0.404	0.0260	0.003	0.175
3.128	0.0107	0.005	0.333	0.0365	0.003	0.169
3.133	0.0069	0.007	0.470	0.0258	0.001	0.116
3.138	0.0106	0.005	0.472	0.0346	0.000	0.067
3.143	0.0056	0.007	0.424	0.0362	0.000	0.064
3.148	0.0053	0.011	0.403	0.0425	0.000	0.062
3.153	0.0020	0.011	0.540	0.0341	0.000	0.069
3.158	0.0029	0.009	0.630	0.0190	0.000	0.070
3.163	0.0027	0.011	0.708	0.0334	0.000	0.074
3.168	0.0024	0.011	0.739	0.0253	0.000	0.069
3.173	0.0023	0.009	0.766	0.0106	0.000	0.062
3.178	0.0025	0.011	0.764	0.0131	0.000	0.063
3.183	0.0023	0.011	0.730	0.0134	0.000	0.072
3.188	0.0021	0.011	0.754	0.0099	0.000	0.068
3.193	0.0018	0.009	0.756	0.0181	0.000	0.075
3.198	0.0020	0.011	0.369	0.0334	0.005	0.226
3.203	0.0017	0.011	0.350	0.0105	0.084	0.351
3.208	0.0018	0.011	0.261	0.0105	0.183	0.409
3.213	0.0055	0.059	0.316	0.0146	0.249	0.420
3.218	0.0057	0.102	0.233	0.0104	0.267	0.481
3.223	0.0061	0.093	0.210	0.0150	0.353	0.548
3.228	0.0030	0.150	0.252	0.0306	0.174	0.469
3.233	0.0052	0.109	0.511	0.0436	0.009	0.249
3.238	0.0044	0.036	0.533	0.0183	0.003	0.171
3.243	0.0058	0.023	0.601	0.0204	0.002	0.126
3.248	0.0151	0.007	0.566	0.0241	0.002	0.128
3.253	0.0184	0.014	0.551	0.0280	0.002	0.137
3.258	0.0268	0.011	0.636	0.0238	0.001	0.113
3.263	0.0308	0.011	0.552	0.0179	0.001	0.105
3.268	0.0396	0.016	0.452	0.0397	0.001	0.100
3.273	0.0226	0.011	0.534	0.0266	0.001	0.107
3.278	0.0155	0.016	0.561	0.0202	0.001	0.109
3.283	0.0176	0.014	0.588	0.0201	0.001	0.106
3.288	0.0286	0.014	0.607	0.0251	0.001	0.100
3.293	0.0279	0.014	0.602	0.0230	0.001	0.092
3.298	0.0153	0.014	0.561	0.0149	0.001	0.095
3.302	0.0299	0.014	0.602	0.0248	0.001	0.093
3.307	0.0322	0.014	0.610	0.0255	0.001	0.094
3.312	0.0146	0.018	0.650	0.0302	0.001	0.088
3.317	0.0179	0.016	0.637	0.0156	0.001	0.100
3.322	0.0278	0.016	0.616	0.0135	0.001	0.088
3.327	0.0319	0.016	0.644	0.0202	0.001	0.090
3.332	0.0174	0.027	0.646	0.0141	0.001	0.088
3.337	0.0300	0.020	0.603	0.0159	0.001	0.093
3.342	0.0366	0.016	0.646	0.0104	0.001	0.100
3.347	0.0167	0.016	0.639	0.0154	0.001	0.108
3.352	0.0205	0.014	0.603	0.0183	0.003	0.117
3.357	0.0321	0.014	0.632	0.0136	0.002	0.104
3.362	0.0350	0.014	0.629	0.0156	0.002	0.096
3.367	0.0284	0.016	0.601	0.0175	0.001	0.087
3.372	0.0328	0.016	0.613	0.0188	0.001	0.073
3.377	0.0456	0.016	0.648	0.0112	0.001	0.064
3.382	0.0301	0.016	0.639	0.0079	0.001	0.068
3.387	0.0343	0.016	0.602	0.0095	0.001	0.073
3.392	0.0497	0.016	0.630	0.0109	0.001	0.074
3.397	0.0300	0.016	0.638	0.0131	0.001	0.065
3.402	0.0351	0.011	0.610	0.0174	0.001	0.059
3.407	0.0417	0.014	0.612	0.0182	0.001	0.059
3.412	0.0439	0.011	0.589	0.0164	0.001	0.056
3.417	0.0231	0.011	0.547	0.0251	0.001	0.055
3.422	0.0294	0.014	0.346	0.0225	0.001	0.056
3.427	0.0381	0.011	0.368	0.0356	0.001	0.064
3.432	0.0084	0.007	0.526	0.0390	0.000	0.075
3.437	0.0057	0.005	0.506	0.0234	0.000	0.061
3.442	0.0154	0.005	0.598	0.0249	0.000	0.048
3.447	0.0031	0.011	0.645	0.0363	0.000	0.044
3.452	0.0105	0.016	0.569	0.0288	0.000	0.042
3.457	0.0202	0.009	0.660	0.0240	0.000	0.037
3.462	0.0077	0.014	0.655	0.0378	0.000	0.036
3.467	0.0111	0.007	0.593	0.0202	0.000	0.039
3.472	0.0191	0.005	0.638	0.0106	0.001	0.041
3.477	0.0111	0.007	0.632	0.0187	0.001	0.044
3.482	0.0056	0.007	0.619	0.0140	0.001	0.053
3.487	0.0085	0.016	0.548	0.0217	0.000	0.058
3.492	0.0153	0.011	0.521	0.0361	0.000	0.062
3.497	0.0127	0.011	0.547	0.0276	0.000	0.069
3.502	0.0085	0.009	0.633	0.0190	0.001	0.087
3.507	0.0099	0.016	0.677	0.0131	0.001	0.085
3.512	0.0316	0.014	0.701	0.0172	0.001	0.093
3.517	0.0365	0.014	0.659	0.0111	0.001	0.102
3.522	0.0156	0.014	0.629	0.0215	0.001	0.107
3.527	0.0139	0.016	0.650	0.0118	0.002	0.114
3.532	0.0204	0.014	0.666	0.0073	0.004	0.116
3.537	0.0325	0.016	0.698	0.0083	0.004	0.111
3.542	0.0396	0.014	0.645	0.0163	0.004	0.116
3.547	0.0229	0.025	0.636	0.0154	0.004	0.114
3.552	0.0151	0.011	0.660	0.0151	0.005	0.106
3.557	0.0218	0.011	0.652	0.0096	0.005	0.101
3.562	0.0247	0.016	0.630	0.0132	0.003	0.092
3.567	0.0327	0.016	0.689	0.0155	0.002	0.087
3.572	0.0503	0.018	0.595	0.0249	0.001	0.083
3.577	0.0556	0.009	0.467	0.0422	0.001	0.078
3.582	0.0350	0.014	0.522	0.0581	0.000	0.044
3.587	0.0150	0.005	0.684	0.0274	0.000	0.044
3.592	0.0136	0.005	0.666	0.0108	0.000	0.084
3.597	0.0144	0.005	0.708	0.0192	0.001	0.119
3.602	0.0157	0.009	0.660	0.0180	0.004	0.153
3.607	0.0174	0.009	0.637	0.0253	0.004	0.158
3.612	0.0123	0.009	0.699	0.0188	0.002	0.135
3.617	0.0133	0.009	0.723	0.0183	0.002	0.114
3.622	0.0145	0.011	0.747	0.0122	0.001	0.102
3.627	0.0199	0.009	0.760	0.0177	0.001	0.097
3.632	0.0285	0.011	0.775	0.0072	0.001	0.088
3.637	0.0382	0.009	0.760	0.0088	0.001	0.092
3.642	0.0332	0.011	0.765	0.0087	0.002	0.122
3.647	0.0306	0.009	0.723	0.0077	0.003	0.157
3.652	0.0239	0.009	0.701	0.0112	0.009	0.239
3.657	0.0141	0.009	0.702	0.0096	0.021	0.272
3.662	0.0099	0.009	0.710	0.0077	0.038	0.340
3.667	0.0090	0.014	0.684	0.0080	0.045	0.390
3.672	0.0093	0.014	0.645	0.0091	0.073	0.452
3.677	0.0090	0.023	0.634	0.0100	0.112	0.487
3.682	0.0083	0.045	0.527	0.0093	0.203	0.527
3.687	0.0082	0.064	0.457	0.0141	0.335	0.547
3.692	0.0087	0.077	0.318	0.0094	0.694	0.552
3.697	0.0076	0.136	0.147	0.0104	0.838	0.559
3.702	0.0085	0.209	0.151	0.0119	0.941	0.585
3.707	0.0082	0.216	0.134	0.0104	0.946	0.580
3.712	0.0096	0.227	0.120	0.0121	0.952	0.530
3.717	0.0096	0.207	0.120	0.0116	0.954	0.539
3.722	0.0138	0.186	0.127	0.0122	0.962	0.555
3.727	0.0085	0.220	0.143	0.0113	0.953	0.564
3.732	0.0093	0.209	0.220	0.0142	0.834	0.545
3.737	0.0082	0.202	0.321	0.0183	0.605	0.488
3.741	0.0079	0.159	0.587	0.0201	0.236	0.426
3.746	0.0079	0.084	0.658	0.0238	0.096	0.383
3.751	0.0081	0.043	0.669	0.0265	0.029	0.267
3.756	0.0080	0.014	0.693	0.0352	0.011	0.187
3.761	0.0120	0.034	0.750	0.0214	0.003	0.120
3.766	0.0193	0.020	0.781	0.0180	0.002	0.090
3.771	0.0209	0.011	0.779	0.0124	0.001	0.065
3.776	0.0202	0.011	0.758	0.0115	0.001	0.060
3.781	0.0327	0.011	0.775	0.0115	0.001	0.053
3.786	0.0407	0.011	0.789	0.0088	0.001	0.055
3.791	0.0419	0.011	0.801	0.0128	0.001	0.054
3.796	0.0472	0.011	0.805	0.0106	0.001	0.054
3.801	0.0661	0.011	0.801	0.0064	0.002	0.063
3.806	0.0740	0.011	0.776	0.0061	0.002	0.064
3.811	0.0622	0.016	0.739	0.0174	0.002	0.065
3.816	0.0525	0.011	0.748	0.0159	0.002	0.062
3.821	0.0534	0.011	0.765	0.0100	0.001	0.069
3.826	0.0617	0.011	0.742	0.0130	0.001	0.072
3.831	0.0586	0.009	0.745	0.0170	0.002	0.074
3.836	0.0466	0.011	0.771	0.0158	0.002	0.073
3.841	0.0458	0.016	0.722	0.0151	0.003	0.077
3.846	0.0546	0.009	0.654	0.0182	0.005	0.090
3.851	0.0483	0.011	0.535	0.0175	0.011	0.144
3.856	0.0423	0.016	0.458	0.0206	0.019	0.174
3.861	0.0208	0.036	0.513	0.0210	0.017	0.226
3.866	0.0148	0.027	0.571	0.0162	0.016	0.276
3.871	0.0124	0.036	0.498	0.0241	0.011	0.285
3.876	0.0075	0.027	0.480	0.0108	0.010	0.273
3.881	0.0084	0.027	0.494	0.0142	0.034	0.409
3.886	0.0055	0.036	0.488	0.0111	0.077	0.494
3.891	0.0038	0.036	0.477	0.0146	0.147	0.517
3.896	0.0033	0.041	0.464	0.0136	0.179	0.505
3.901	0.0033	0.077	0.422	0.0170	0.193	0.509
3.906	0.0028	0.093	0.480	0.0224	0.132	0.470
3.911	0.0036	0.080	0.575	0.0214	0.048	0.374
3.916	0.0061	0.050	0.620	0.0265	0.028	0.315
3.921	0.0090	0.020	0.683	0.0409	0.009	0.214
3.926	0.0129	0.011	0.714	0.0449	0.006	0.156
3.931	0.0238	0.011	0.795	0.0511	0.002	0.104
3.936	0.0281	0.009	0.842	0.0229	0.001	0.086
3.941	0.0419	0.007	0.865	0.0142	0.002	0.078
3.946	0.0407	0.014	0.853	0.0194	0.002	0.076
3.951	0.0513	0.009	0.830	0.0235	0.001	0.081
3.956	0.0562	0.009	0.809	0.0281	0.001	0.078
3.961	0.0483	0.009	0.770	0.0305	0.001	0.077
3.966	0.0472	0.009	0.755	0.0227	0.001	0.082
3.971	0.0526	0.009	0.757	0.0139	0.002	0.089
3.976	0.0477	0.011	0.744	0.0156	0.002	0.088
3.981	0.0524	0.009	0.776	0.0176	0.002	0.088
3.986	0.0528	0.009	0.779	0.0171	0.002	0.103
3.991	0.0465	0.009	0.716	0.0210	0.002	0.105
3.996	0.0352	0.016	0.662	0.0235	0.002	0.125
4.001	0.0434	0.009	0.335	0.0471	0.001	0.144
4.006	0.0235	0.007	0.377	0.0364	0.002	0.201
4.011	0.0080	0.009	0.751	0.0145	0.013	0.298
4.016	0.0127	0.016	0.706	0.0118	0.026	0.335
4.021	0.0093	0.009	0.729	0.0114	0.034	0.419
4.026	0.0084	0.027	0.714	0.0083	0.043	0.466
4.031	0.0055	0.027	0.609	0.0108	0.137	0.505
4.036	0.0059	0.027	0.573	0.0101	0.236	0.509
4.041	0.0077	0.059	0.491	0.0101	0.378	0.479
4.046	0.0095	0.084	0.487	0.0134	0.426	0.461
4.051	0.0109	0.125	0.444	0.0116	0.409	0.434
4.056	0.0109	0.098	0.434	0.0164	0.295	0.393
4.061	0.0074	0.059	0.405	0.0243	0.109	0.357
4.066	0.0036	0.027	0.384	0.0167	0.107	0.414
4.071	0.0010	0.066	0.486	0.0155	0.104	0.455
4.076	0.0010	0.068	0.446	0.0246	0.085	0.448
4.081	0.0011	0.057	0.231	0.0163	0.158	0.465
4.086	0.0014	0.036	0.170	0.0203	0.195	0.535
4.091	0.0007	0.068	0.191	0.0149	0.205	0.498
4.096	0.0008	0.093	0.211	0.0127	0.163	0.433
4.101	0.0023	0.091	0.233	0.0113	0.219	0.443
4.106	0.0076	0.068	0.448	0.0278	0.165	0.449
4.111	0.0054	0.107	0.649	0.0345	0.020	0.304
4.116	0.0044	0.016	0.737	0.0229	0.011	0.208
4.121	0.0115	0.007	0.761	0.0226	0.020	0.121
4.126	0.0161	0.018	0.771	0.0217	0.016	0.098
4.131	0.0233	0.020	0.786	0.0157	0.007	0.092
4.136	0.0175	0.025	0.791	0.0141	0.005	0.084
4.141	0.0305	0.020	0.798	0.0175	0.005	0.088
4.146	0.0375	0.018	0.808	0.0151	0.007	0.085
4.151	0.0380	0.016	0.830	0.0122	0.005	0.076
4.156	0.0630	0.016	0.835	0.0112	0.003	0.061
4.161	0.0678	0.014	0.842	0.0147	0.002	0.063
4.166	0.0623	0.016	0.852	0.0121	0.002	0.064
4.171	0.0930	0.016	0.854	0.0072	0.002	0.068
4.176	0.0915	0.016	0.850	0.0101	0.002	0.062
4.180	0.0952	0.014	0.852	0.0081	0.002	0.067
4.185	0.0985	0.016	0.852	0.0087	0.002	0.071
4.190	0.1001	0.016	0.842	0.0120	0.002	0.085
4.195	0.0948	0.016	0.838	0.0135	0.003	0.091
4.200	0.0862	0.016	0.849	0.0072	0.003	0.097
4.205	0.1055	0.014	0.850	0.0058	0.003	0.100
4.210	0.0844	0.016	0.828	0.0110	0.003	0.113
4.215	0.0740	0.016	0.821	0.0137	0.003	0.113
4.220	0.0786	0.014	0.816	0.0115	0.004	0.125
4.225	0.0490	0.016	0.793	0.0151	0.004	0.117
4.230	0.0432	0.018	0.705	0.0240	0.003	0.099
4.235	0.0407	0.020	0.614	0.0340	0.002	0.093
4.240	0.0149	0.014	0.748	0.0296	0.003	0.084
4.245	0.0159	0.011	0.799	0.0225	0.003	0.080
4.250	0.0213	0.014	0.779	0.0189	0.002	0.069
4.255	0.0186	0.025	0.809	0.0144	0.004	0.063
4.260	0.0290	0.025	0.802	0.0177	0.006	0.062
4.265	0.0254	0.036	0.781	0.0145	0.006	0.061
4.270	0.0403	0.023	0.794	0.0221	0.002	0.059
4.275	0.0240	0.027	0.816	0.0168	0.001	0.056
4.280	0.0524	0.014	0.835	0.0108	0.001	0.053
4.285	0.0342	0.014	0.806	0.0082	0.001	0.052
4.290	0.0596	0.018	0.799	0.0116	0.001	0.061
4.295	0.0451	0.011	0.793	0.0186	0.001	0.059
4.300	0.0401	0.023	0.814	0.0151	0.002	0.059
4.305	0.0527	0.014	0.785	0.0192	0.002	0.062
4.310	0.0410	0.014	0.657	0.0184	0.003	0.087
4.315	0.0535	0.016	0.587	0.0213	0.009	0.134
4.320	0.0340	0.005	0.627	0.0130	0.025	0.247
4.325	0.0192	0.016	0.677	0.0119	0.043	0.322
4.330	0.0173	0.014	0.633	0.0109	0.135	0.368
4.335	0.0242	0.041	0.594	0.0122	0.201	0.391
4.340	0.0182	0.052	0.529	0.0088	0.237	0.460
4.345	0.0153	0.059	0.422	0.0115	0.323	0.511
4.350	0.0142	0.077	0.300	0.0098	0.642	0.571
4.355	0.0106	0.143	0.167	0.0122	0.710	0.565
4.360	0.0088	0.170	0.179	0.0111	0.872	0.574
4.365	0.0097	0.191	0.167	0.0103	0.923	0.586
4.370	0.0114	0.216	0.148	0.0116	0.911	0.611
4.375	0.0127	0.177	0.134	0.0120	0.941	0.596
4.380	0.0119	0.205	0.127	0.0122	0.952	0.596
4.385	0.0110	0.202	0.117	0.0118	0.947	0.602
4.390	0.0100	0.225	0.146	0.0117	0.932	0.618
4.395	0.0150	0.209	0.167	0.0130	0.940	0.615
4.400	0.0087	0.225	0.195	0.0102	0.931	0.600
4.405	0.0137	0.207	0.183	0.0127	0.927	0.613
4.410	0.0114	0.193	0.152	0.0102	0.880	0.611
4.415	0.0098	0.202	0.102	0.0122	0.866	0.603
4.420	0.0090	0.205	0.168	0.0117	0.934	0.581
4.425	0.0065	0.189	0.159	0.0124	0.927	0.595
4.430	0.0099	0.184	0.159	0.0112	0.917	0.548
4.435	0.0102	0.186	0.137	0.0112	0.912	0.536
4.440	0.0085	0.182	0.223	0.0163	0.739	0.545
4.445	0.0081	0.168	0.393	0.0304	0.243	0.475
4.450	0.0058	0.139	0.500	0.0357	0.014	0.241
4.455	0.0071	0.025	0.509	0.0379	0.003	0.145
4.460	0.0129	0.027	0.622	0.0162	0.002	0.091
4.465	0.0322	0.016	0.726	0.0161	0.002	0.082
4.470	0.0610	0.011	0.602	0.0240	0.002	0.094
4.475	0.0944	0.009	0.570	0.0364	0.002	0.088
4.480	0.0728	0.014	0.722	0.0130	0.001	0.080
4.485	0.0865	0.014	0.708	0.0095	0.001	0.073
4.490	0.0925	0.014	0.719	0.0184	0.001	0.066
4.495	0.0996	0.016	0.719	0.0162	0.001	0.066
4.500	0.1193	0.014	0.760	0.0083	0.001	0.065
4.505	0.1288	0.014	0.750	0.0080	0.001	0.061
4.510	0.1323	0.018	0.704	0.0116	0.001	0.064
4.515	0.1234	0.018	0.717	0.0118	0.001	0.063
4.520	0.1127	0.018	0.727	0.0056	0.001	0.069
4.525	0.1153	0.018	0.719	0.0073	0.001	0.070
4.530	0.1088	0.016	0.706	0.0081	0.001	0.083
4.535	0.0984	0.018	0.715	0.0121	0.002	0.083
4.540	0.0915	0.018	0.735	0.0080	0.002	0.078
4.545	0.0876	0.014	0.739	0.0070	0.002	0.078
4.550	0.0864	0.018	0.715	0.0098	0.003	0.097
4.555	0.0780	0.018	0.708	0.0081	0.003	0.103
4.560	0.0767	0.020	0.733	0.0092	0.003	0.100
4.565	0.0837	0.014	0.723	0.0133	0.002	0.093
4.570	0.0891	0.014	0.703	0.0140	0.001	0.087
4.575	0.0716	0.011	0.708	0.0190	0.001	0.086
4.580	0.0726	0.014	0.652	0.0153	0.001	0.084
4.585	0.0695	0.011	0.554	0.0311	0.001	0.085
4.590	0.0533	0.014	0.356	0.0262	0.001	0.109
4.595	0.0518	0.009	0.326	0.0376	0.001	0.115
4.600	0.0287	0.007	0.287	0.0605	0.000	0.058
4.605	0.0089	0.007	0.600	0.0412	0.000	0.034
4.610	0.0142	0.005	0.710	0.0153	0.000	0.052
4.615	0.0182	0.005	0.688	0.0100	0.001	0.087
4.620	0.0193	0.002	0.635	0.0309	0.005	0.200
4.624	0.0161	0.009	0.640	0.0077	0.015	0.282
4.629	0.0089	0.009	0.650	0.0169	0.014	0.282
4.634	0.0100	0.018	0.617	0.0120	0.013	0.265
4.639	0.0093	0.009	0.565	0.0188	0.010	0.213
4.644	0.0104	0.007	0.473	0.0307	0.003	0.183
4.649	0.0133	0.014	0.499	0.0331	0.001	0.146
4.654	0.0126	0.002	0.497	0.0251	0.000	0.109
4.659	0.0075	0.005	0.303	0.0282	0.000	0.107
4.664	0.0053	0.009	0.218	0.0349	0.003	0.200
4.669	0.0033	0.011	0.322	0.0183	0.057	0.445
4.674	0.0011	0.034	0.228	0.0198	0.131	0.495
4.679	0.0023	0.018	0.367	0.0182	0.108	0.446
4.684	0.0022	0.093	0.254	0.0197	0.083	0.444
4.689	0.0059	0.070	0.255	0.0108	0.072	0.422
4.694	0.0098	0.057	0.279	0.0137	0.102	0.426
4.699	0.0138	0.091	0.233	0.0359	0.059	0.339
4.704	0.0039	0.059	0.358	0.0449	0.013	0.230
4.709	0.0073	0.045	0.570	0.0327	0.003	0.122
4.714	0.0131	0.009	0.637	0.0215	0.002	0.092
4.719	0.0184	0.016	0.708	0.0177	0.001	0.068
4.724	0.0405	0.014	0.763	0.0155	0.001	0.066
4.729	0.0639	0.009	0.744	0.0111	0.001	0.066
4.734	0.0743	0.014	0.704	0.0089	0.002	0.068
4.739	0.0713	0.009	0.706	0.0090	0.003	0.080
4.744	0.0564	0.014	0.724	0.0083	0.002	0.076
4.749	0.0490	0.009	0.739	0.0119	0.001	0.070
4.754	0.0496	0.009	0.714	0.0173	0.001	0.064
4.759	0.0466	0.009	0.619	0.0170	0.002	0.097
4.764	0.0421	0.014	0.496	0.0265	0.004	0.129
4.769	0.0293	0.007	0.529	0.0210	0.012	0.166
4.774	0.0184	0.009	0.599	0.0119	0.020	0.229
4.779	0.0107	0.009	0.618	0.0110	0.037	0.285
4.784	0.0136	0.014	0.655	0.0119	0.050	0.312
4.789	0.0160	0.032	0.675	0.0113	0.058	0.362
4.794	0.0187	0.014	0.667	0.0105	0.080	0.358
4.799	0.0186	0.020	0.649	0.0143	0.093	0.382
4.804	0.0185	0.027	0.632	0.0111	0.131	0.383
4.809	0.0111	0.045	0.617	0.0096	0.161	0.395
4.814	0.0137	0.050	0.542	0.0138	0.173	0.410
4.819	0.0146	0.048	0.574	0.0099	0.222	0.403
4.824	0.0129	0.034	0.563	0.0103	0.195	0.391
4.829	0.0122	0.057	0.583	0.0131	0.145	0.364
4.834	0.0110	0.059	0.650	0.0128	0.122	0.340
4.839	0.0138	0.041	0.651	0.0147	0.069	0.284
4.844	0.0180	0.032	0.676	0.0206	0.033	0.228
4.849	0.0202	0.023	0.735	0.0171	0.010	0.155
4.854	0.0214	0.009	0.722	0.0137	0.004	0.123
4.859	0.0196	0.009	0.751	0.0150	0.003	0.093
4.864	0.0211	0.005	0.752	0.0188	0.002	0.087
4.869	0.0206	0.005	0.741	0.0158	0.002	0.096
4.874	0.0164	0.007	0.747	0.0129	0.002	0.095
4.879	0.0184	0.005	0.735	0.0124	0.002	0.098
4.884	0.0213	0.014	0.743	0.0134	0.002	0.101
4.889	0.0247	0.020	0.746	0.0139	0.002	0.102
4.894	0.0401	0.016	0.738	0.0140	0.002	0.102
4.899	0.0494	0.014	0.756	0.0121	0.002	0.100
4.904	0.0478	0.011	0.756	0.0110	0.002	0.098
4.909	0.0583	0.009	0.767	0.0099	0.001	0.099
4.914	0.0556	0.011	0.766	0.0107	0.001	0.102
4.919	0.0583	0.009	0.762	0.0074	0.001	0.094
4.924	0.0624	0.009	0.761	0.0090	0.002	0.098
4.929	0.0709	0.011	0.752	0.0081	0.002	0.108
4.934	0.0696	0.009	0.743	0.0099	0.003	0.111
4.939	0.0658	0.011	0.748	0.0155	0.004	0.104
4.944	0.0740	0.009	0.743	0.0104	0.003	0.106
4.949	0.0660	0.009	0.760	0.0100	0.003	0.089
4.954	0.0652	0.011	0.760	0.0066	0.003	0.096
4.959	0.0653	0.009	0.739	0.0100	0.002	0.100
4.964	0.0631	0.011	0.735	0.0136	0.002	0.098
4.969	0.0575	0.009	0.758	0.0084	0.003	0.095
4.974	0.0512	0.011	0.767	0.0086	0.003	0.099
4.979	0.0503	0.011	0.763	0.0100	0.003	0.097
4.984	0.0642	0.009	0.765	0.0173	0.002	0.089
4.989	0.0681	0.009	0.683	0.0212	0.001	0.097
4.994	0.0701	0.011	0.551	0.0223	0.001	0.118
4.999	0.0462	0.009	0.221	0.0819	0.000	0.096
5.004	0.0107	0.005	0.666	0.0180	0.000	0.075
5.009	0.0135	0.005	0.665	0.0228	0.000	0.058
5.014	0.0083	0.009	0.632	0.0300	0.000	0.055
5.019	0.0059	0.005	0.695	0.0300	0.000	0.058
5.024	0.0032	0.011	0.709	0.0203	0.000	0.058
5.029	0.0036	0.009	0.675	0.0120	0.000	0.063
5.034	0.0046	0.016	0.587	0.0200	0.001	0.070
5.039	0.0034	0.009	0.541	0.0299	0.001	0.087
5.044	0.0023	0.020	0.583	0.0158	0.001	0.092
5.049	0.0016	0.014	0.729	0.0238	0.000	0.079
5.054	0.0010	0.020	0.748	0.0204	0.000	0.071
5.059	0.0016	0.011	0.763	0.0122	0.000	0.063
5.063	0.0015	0.014	0.726	0.0098	0.000	0.064
5.068	0.0021	0.009	0.671	0.0169	0.000	0.075
5.073	0.0016	0.014	0.216	0.0179	0.004	0.274
5.078	0.0012	0.016	0.245	0.0050	0.459	0.786
5.083	0.0010	0.025	0.284	0.0064	0.398	0.754
5.088	0.0010	0.098	0.309	0.0381	0.106	0.556
5.093	0.0038	0.089	0.470	0.0566	0.017	0.385
5.098	0.0028	0.075	0.438	0.0419	0.004	0.146
5.103	0.0080	0.007	0.572	0.0398	0.003	0.117
5.108	0.0174	0.011	0.708	0.0259	0.001	0.102
5.113	0.0286	0.009	0.755	0.0136	0.001	0.097
5.118	0.0356	0.009	0.774	0.0080	0.002	0.097
5.123	0.0462	0.011	0.784	0.0083	0.002	0.099
5.128	0.0497	0.009	0.746	0.0105	0.002	0.095
5.133	0.0582	0.011	0.745	0.0119	0.002	0.097
5.138	0.0632	0.009	0.762	0.0087	0.002	0.088
5.143	0.0552	0.011	0.754	0.0066	0.002	0.085
5.148	0.0648	0.009	0.739	0.0092	0.003	0.092
5.153	0.0685	0.009	0.734	0.0138	0.002	0.082
5.158	0.0667	0.009	0.758	0.0120	0.002	0.082
5.163	0.0670	0.009	0.752	0.0050	0.002	0.077
5.168	0.0665	0.009	0.745	0.0073	0.002	0.079
5.173	0.0650	0.009	0.748	0.0082	0.002	0.076
5.178	0.0673	0.009	0.750	0.0038	0.003	0.065
5.183	0.0694	0.009	0.748	0.0031	0.004	0.069
5.188	0.0699	0.009	0.745	0.0048	0.005	0.066
5.193	0.0700	0.014	0.739	0.0083	0.006	0.062
5.198	0.0699	0.009	0.738	0.0083	0.005	0.077
5.203	0.0686	0.009	0.731	0.0100	0.005	0.119
5.208	0.0639	0.009	0.690	0.0088	0.006	0.173
5.213	0.0541	0.009	0.691	0.0117	0.007	0.179
5.218	0.0439	0.009	0.666	0.0081	0.013	0.237
5.223	0.0320	0.009	0.635	0.0124	0.029	0.279
5.228	0.0222	0.014	0.596	0.0115	0.058	0.351
5.233	0.0154	0.023	0.602	0.0107	0.077	0.372
5.238	0.0114	0.045	0.618	0.0123	0.117	0.407
5.243	0.0131	0.023	0.553	0.0090	0.164	0.438
5.248	0.0113	0.034	0.496	0.0113	0.276	0.494
5.253	0.0098	0.064	0.408	0.0116	0.417	0.516
5.258	0.0117	0.118	0.252	0.0113	0.652	0.502
5.263	0.0110	0.127	0.186	0.0120	0.775	0.519
5.268	0.0119	0.186	0.183	0.0104	0.868	0.520
5.273	0.0126	0.182	0.160	0.0106	0.881	0.512
5.278	0.0148	0.189	0.155	0.0100	0.909	0.504
5.283	0.0131	0.184	0.135	0.0131	0.920	0.479
5.288	0.0091	0.177	0.124	0.0150	0.895	0.433
5.293	0.0068	0.145	0.112	0.0172	0.766	0.441
5.298	0.0026	0.148	0.421	0.0345	0.157	0.324
5.303	0.0012	0.064	0.644	0.0230	0.052	0.288
5.308	0.0009	0.036	0.675	0.0093	0.042	0.282
5.313	0.0011	0.032	0.632	0.0077	0.049	0.290
5.318	0.0013	0.045	0.557	0.0119	0.067	0.311
5.323	0.0013	0.032	0.499	0.0159	0.076	0.323
5.328	0.0009	0.014	0.059	0.0134	0.110	0.306
5.333	0.0007	0.043	0.246	0.0243	0.128	0.431
5.338	0.0006	0.073	0.222	0.0079	0.168	0.475
5.343	0.0005	0.068	0.276	0.0116	0.222	0.509
5.348	0.0034	0.109	0.268	0.0122	0.218	0.472
5.353	0.0033	0.105	0.224	0.0116	0.319	0.495
5.358	0.0047	0.114	0.281	0.0472	0.108	0.374
5.363	0.0066	0.084	0.378	0.0413	0.018	0.248
5.368	0.0036	0.032	0.607	0.0285	0.004	0.120
5.373	0.0179	0.018	0.664	0.0305	0.002	0.103
5.378	0.0379	0.011	0.699	0.0179	0.002	0.094
5.383	0.0433	0.009	0.697	0.0152	0.002	0.088
5.388	0.0513	0.014	0.737	0.0181	0.001	0.088
5.393	0.0558	0.009	0.743	0.0133	0.001	0.090
5.398	0.0589	0.009	0.751	0.0059	0.002	0.092
5.403	0.0601	0.009	0.750	0.0067	0.002	0.092
5.408	0.0601	0.009	0.739	0.0074	0.003	0.088
5.413	0.0602	0.009	0.732	0.0090	0.003	0.087
5.418	0.0585	0.009	0.724	0.0091	0.003	0.079
5.423	0.0615	0.009	0.739	0.0053	0.003	0.086
5.428	0.0680	0.009	0.741	0.0083	0.003	0.091
5.433	0.0729	0.009	0.738	0.0091	0.002	0.087
5.438	0.0749	0.009	0.740	0.0045	0.002	0.086
5.443	0.0767	0.009	0.737	0.0079	0.002	0.090
5.448	0.0797	0.014	0.743	0.0066	0.002	0.088
5.453	0.0812	0.011	0.737	0.0129	0.001	0.081
5.458	0.0811	0.009	0.742	0.0093	0.002	0.083
5.463	0.0769	0.009	0.750	0.0126	0.002	0.088
5.468	0.0737	0.009	0.720	0.0095	0.001	0.092
5.473	0.0741	0.009	0.638	0.0169	0.001	0.095
5.478	0.0715	0.009	0.403	0.0367	0.001	0.093
5.483	0.0478	0.005	0.269	0.1050	0.000	0.080
5.488	0.0070	0.005	0.732	0.0183	0.000	0.037
5.493	0.0148	0.005	0.729	0.0299	0.000	0.033
5.498	0.0169	0.005	0.735	0.0153	0.000	0.027
5.502	0.0169	0.005	0.699	0.0172	0.000	0.026
5.507	0.0149	0.002	0.712	0.0320	0.000	0.025
5.512	0.0114	0.005	0.720	0.0283	0.000	0.024
5.517	0.0097	0.005	0.703	0.0177	0.000	0.025
5.522	0.0112	0.005	0.717	0.0525	0.000	0.025
5.527	0.0144	0.005	0.717	0.0101	0.000	0.024
5.532	0.0148	0.002	0.718	0.0174	0.000	0.025
5.537	0.0126	0.005	0.704	0.0139	0.000	0.026
5.542	0.0097	0.005	0.671	0.0194	0.000	0.087
5.547	0.0086	0.005	0.666	0.0077	0.017	0.255
5.552	0.0090	0.002	0.656	0.0074	0.028	0.348
5.557	0.0084	0.009	0.655	0.0072	0.041	0.406
5.562	0.0054	0.018	0.662	0.0099	0.046	0.438
5.567	0.0099	0.036	0.675	0.0124	0.040	0.441
5.572	0.0121	0.007	0.629	0.0108	0.059	0.398
5.577	0.0126	0.014	0.675	0.0131	0.051	0.388
5.582	0.0063	0.018	0.659	0.0172	0.050	0.387
5.587	0.0110	0.014	0.618	0.0162	0.082	0.404
5.592	0.0112	0.016	0.603	0.0097	0.118	0.408
5.597	0.0084	0.064	0.586	0.0094	0.139	0.443
5.602	0.0133	0.034	0.622	0.0092	0.156	0.432
5.607	0.0134	0.039	0.534	0.0091	0.176	0.476
5.612	0.0080	0.043	0.484	0.0120	0.258	0.504
5.617	0.0087	0.052	0.470	0.0097	0.315	0.509
5.622	0.0069	0.132	0.502	0.0108	0.315	0.511
5.627	0.0103	0.089	0.477	0.0104	0.328	0.511
5.632	0.0080	0.114	0.480	0.0113	0.330	0.471
5.637	0.0092	0.077	0.476	0.0093	0.352	0.486
5.642	0.0090	0.130	0.448	0.0091	0.359	0.526
5.647	0.0098	0.095	0.417	0.0107	0.359	0.522
5.652	0.0086	0.084	0.419	0.0116	0.453	0.489
5.657	0.0083	0.116	0.444	0.0101	0.410	0.476
5.662	0.0091	0.145	0.386	0.0110	0.389	0.497
5.667	0.0103	0.077	0.456	0.0104	0.342	0.512
5.672	0.0073	0.089	0.454	0.0102	0.325	0.504
5.677	0.0086	0.123	0.454	0.0102	0.347	0.485
5.682	0.0077	0.116	0.429	0.0104	0.348	0.500
5.687	0.0113	0.061	0.489	0.0099	0.278	0.508
5.692	0.0090	0.086	0.481	0.0106	0.245	0.504
5.697	0.0076	0.098	0.466	0.0111	0.282	0.469
5.702	0.0076	0.098	0.466	0.0110	0.349	0.456
5.707	0.0118	0.057	0.449	0.0092	0.377	0.480
5.712	0.0091	0.114	0.445	0.0108	0.303	0.488
5.717	0.0078	0.109	0.525	0.0090	0.229	0.497
5.722	0.0108	0.066	0.538	0.0089	0.206	0.492
5.727	0.0071	0.059	0.527	0.0097	0.207	0.448
5.732	0.0062	0.080	0.531	0.0090	0.201	0.431
5.737	0.0078	0.111	0.549	0.0121	0.158	0.373
5.742	0.0128	0.055	0.556	0.0106	0.128	0.344
5.747	0.0080	0.055	0.590	0.0162	0.064	0.311
5.752	0.0064	0.061	0.604	0.0174	0.027	0.280
5.757	0.0102	0.025	0.621	0.0257	0.009	0.186
5.762	0.0235	0.014	0.627	0.0242	0.004	0.138
5.767	0.0184	0.011	0.641	0.0238	0.001	0.084
5.772	0.0142	0.007	0.631	0.0167	0.000	0.075
5.777	0.0133	0.011	0.605	0.0224	0.000	0.063
5.782	0.0278	0.007	0.639	0.0180	0.001	0.061
5.787	0.0526	0.011	0.653	0.0228	0.001	0.064
5.792	0.0536	0.011	0.649	0.0111	0.001	0.068
5.797	0.0410	0.011	0.664	0.0088	0.001	0.066
5.802	0.0532	0.009	0.651	0.0129	0.001	0.068
5.807	0.0610	0.011	0.639	0.0135	0.001	0.070
5.812	0.0729	0.016	0.644	0.0159	0.001	0.068
5.817	0.0510	0.016	0.660	0.0155	0.001	0.073
5.822	0.0505	0.009	0.667	0.0109	0.002	0.089
5.827	0.0513	0.020	0.646	0.0112	0.001	0.077
5.832	0.0652	0.011	0.640	0.0146	0.001	0.076
5.837	0.0580	0.023	0.646	0.0135	0.001	0.072
5.842	0.0430	0.016	0.654	0.0108	0.001	0.071
5.847	0.0506	0.018	0.652	0.0093	0.001	0.068
5.852	0.0551	0.025	0.650	0.0087	0.001	0.066
5.857	0.0599	0.011	0.642	0.0120	0.001	0.063
5.862	0.0353	0.018	0.648	0.0062	0.001	0.066
5.867	0.0554	0.018	0.647	0.0037	0.001	0.061
5.872	0.0617	0.018	0.640	0.0111	0.001	0.065
5.877	0.0710	0.014	0.651	0.0119	0.001	0.062
5.882	0.0370	0.018	0.652	0.0097	0.001	0.062
5.887	0.0577	0.018	0.638	0.0124	0.001	0.062
5.892	0.0815	0.018	0.631	0.0117	0.001	0.067
5.897	0.0575	0.018	0.650	0.0139	0.001	0.069
5.902	0.0416	0.016	0.638	0.0138	0.001	0.077
5.907	0.0577	0.014	0.638	0.0133	0.002	0.076
5.912	0.0612	0.018	0.622	0.0197	0.003	0.077
5.917	0.0415	0.020	0.655	0.0113	0.002	0.077
5.922	0.0409	0.014	0.628	0.0091	0.002	0.076
5.927	0.0483	0.023	0.634	0.0126	0.002	0.064
5.932	0.0434	0.023	0.637	0.0120	0.002	0.066
5.937	0.0376	0.016	0.643	0.0158	0.002	0.076
5.941	0.0455	0.014	0.641	0.0103	0.002	0.080
5.946	0.0471	0.014	0.625	0.0154	0.002	0.074
5.951	0.0387	0.011	0.615	0.0171	0.002	0.068
5.956	0.0321	0.014	0.643	0.0153	0.002	0.068
5.961	0.0525	0.018	0.634	0.0110	0.002	0.071
5.966	0.0409	0.016	0.643	0.0063	0.002	0.071
5.971	0.0299	0.011	0.616	0.0151	0.001	0.071
5.976	0.0342	0.020	0.613	0.0115	0.001	0.068
5.981	0.0463	0.016	0.653	0.0081	0.001	0.071
5.986	0.0366	0.016	0.627	0.0144	0.001	0.080
5.991	0.0405	0.014	0.624	0.0136	0.001	0.071
5.996	0.0430	0.018	0.628	0.0110	0.001	0.065
6.001	0.0356	0.011	0.628	0.0154	0.001	0.076
6.006	0.0381	0.011	0.620	0.0107	0.001	0.074
6.011	0.0442	0.023	0.631	0.0073	0.001	0.072
6.016	0.0398	0.025	0.645	0.0096	0.001	0.071
6.021	0.0329	0.018	0.617	0.0122	0.001	0.067
6.026	0.0470	0.014	0.637	0.0127	0.001	0.063
6.031	0.0360	0.016	0.631	0.0133	0.001	0.069
6.036	0.0269	0.011	0.629	0.0164	0.001	0.060
6.041	0.0329	0.016	0.619	0.0144	0.002	0.067
6.046	0.0333	0.009	0.640	0.0088	0.002	0.065
6.051	0.0297	0.014	0.631	0.0175	0.002	0.068
6.056	0.0365	0.014	0.597	0.0128	0.001	0.060
6.061	0.0438	0.011	0.645	0.0095	0.001	0.057
6.066	0.0270	0.011	0.633	0.0169	0.001	0.054
6.071	0.0357	0.014	0.580	0.0118	0.001	0.052
6.076	0.0465	0.014	0.641	0.0131	0.000	0.049
6.081	0.0212	0.011	0.615	0.0201	0.001	0.053
6.086	0.0343	0.011	0.550	0.0221	0.000	0.049
6.091	0.0505	0.014	0.626	0.0150	0.000	0.048
6.096	0.0141	0.011	0.608	0.0173	0.000	0.047
6.101	0.0221	0.009	0.564	0.0161	0.000	0.048
6.106	0.0369	0.009	0.631	0.0177	0.000	0.042
6.111	0.0176	0.011	0.642	0.0317	0.000	0.041
6.116	0.0139	0.007	0.632	0.0198	0.000	0.038
6.121	0.0210	0.011	0.632	0.0110	0.000	0.041
6.126	0.0157	0.005	0.633	0.0225	0.000	0.046
6.131	0.0094	0.007	0.512	0.0211	0.000	0.052
6.136	0.0159	0.007	0.574	0.0217	0.000	0.049
6.141	0.0129	0.005	0.637	0.0390	0.000	0.045
6.146	0.0044	0.007	0.593	0.0178	0.000	0.050
6.151	0.0156	0.009	0.643	0.0102	0.000	0.045
6.156	0.0101	0.007	0.648	0.0383	0.000	0.046
6.161	0.0048	0.011	0.541	0.0321	0.000	0.047
6.166	0.0154	0.007	0.628	0.0146	0.000	0.045
6.171	0.0062	0.005	0.604	0.0428	0.000	0.045
6.176	0.0071	0.007	0.548	0.0144	0.000	0.043
6.181	0.0154	0.011	0.568	0.0228	0.000	0.049
6.186	0.0054	0.005	0.637	0.0275	0.000	0.050
6.191	0.0050	0.007	0.539	0.0384	0.000	0.047
6.196	0.0182	0.007	0.629	0.0198	0.000	0.035
6.201	0.0100	0.009	0.626	0.0447	0.000	0.035
6.206	0.0096	0.011	0.609	0.0336	0.000	0.034
6.211	0.0212	0.005	0.653	0.0146	0.000	0.032
6.216	0.0124	0.011	0.662	0.0439	0.000	0.030
6.221	0.0094	0.007	0.576	0.0310	0.000	0.033
6.226	0.0210	0.007	0.626	0.0167	0.000	0.041
6.231	0.0143	0.005	0.645	0.0527	0.001	0.040
6.236	0.0073	0.007	0.629	0.0366	0.001	0.043
6.241	0.0179	0.011	0.642	0.0228	0.001	0.039
6.246	0.0166	0.005	0.661	0.0310	0.001	0.034
6.251	0.0061	0.011	0.588	0.0253	0.001	0.038
6.256	0.0154	0.011	0.583	0.0284	0.001	0.034
6.261	0.0185	0.005	0.650	0.0412	0.001	0.031
6.266	0.0055	0.011	0.633	0.0395	0.001	0.030
6.271	0.0142	0.011	0.637	0.0209	0.000	0.033
6.276	0.0200	0.007	0.658	0.0233	0.000	0.031
6.281	0.0061	0.009	0.617	0.0286	0.000	0.033
6.286	0.0144	0.011	0.579	0.0336	0.000	0.030
6.291	0.0210	0.007	0.658	0.0396	0.000	0.030
6.296	0.0075	0.007	0.631	0.0441	0.001	0.034
6.301	0.0143	0.009	0.615	0.0205	0.001	0.035
6.306	0.0209	0.007	0.646	0.0153	0.000	0.028
6.311	0.0092	0.007	0.626	0.0318	0.000	0.029
6.316	0.0143	0.005	0.583	0.0314	0.001	0.031
6.321	0.0208	0.007	0.657	0.0295	0.001	0.049
6.326	0.0105	0.007	0.620	0.0402	0.000	0.083
6.331	0.0142	0.005	0.523	0.0372	0.001	0.081
6.336	0.0211	0.007	0.436	0.0275	0.000	0.070
6.341	0.0114	0.007	0.449	0.0282	0.000	0.052
6.346	0.0060	0.011	0.566	0.0238	0.000	0.052
6.351	0.0177	0.016	0.607	0.0177	0.000	0.053
6.356	0.0174	0.009	0.649	0.0169	0.000	0.062
6.361	0.0113	0.011	0.564	0.0190	0.000	0.063
6.366	0.0149	0.020	0.565	0.0127	0.001	0.065
6.371	0.0197	0.009	0.614	0.0214	0.001	0.067
6.376	0.0112	0.016	0.612	0.0242	0.001	0.078
6.380	0.0143	0.014	0.619	0.0175	0.001	0.081
6.385	0.0159	0.011	0.639	0.0276	0.001	0.079
6.390	0.0120	0.011	0.580	0.0143	0.001	0.084
6.395	0.0173	0.018	0.592	0.0143	0.001	0.080
6.400	0.0162	0.011	0.641	0.0207	0.001	0.079
6.405	0.0139	0.011	0.618	0.0154	0.002	0.087
6.410	0.0208	0.018	0.621	0.0250	0.002	0.086
6.415	0.0187	0.016	0.635	0.0146	0.002	0.078
6.420	0.0146	0.011	0.589	0.0113	0.002	0.086
6.425	0.0222	0.014	0.613	0.0171	0.002	0.082
6.430	0.0202	0.011	0.633	0.0227	0.002	0.082
6.435	0.0153	0.011	0.606	0.0220	0.003	0.085
6.440	0.0209	0.014	0.613	0.0261	0.003	0.089
6.445	0.0222	0.011	0.627	0.0155	0.003	0.084
6.450	0.0157	0.011	0.576	0.0111	0.002	0.075
6.455	0.0241	0.014	0.587	0.0201	0.003	0.082
6.460	0.0204	0.011	0.609	0.0285	0.003	0.075
6.465	0.0157	0.011	0.600	0.0209	0.002	0.097
6.470	0.0276	0.016	0.648	0.0153	0.002	0.103
6.475	0.0153	0.014	0.605	0.0141	0.002	0.097
6.480	0.0192	0.007	0.572	0.0302	0.002	0.098
6.485	0.0184	0.011	0.595	0.0207	0.003	0.101
6.490	0.0231	0.009	0.641	0.0110	0.003	0.093
6.495	0.0162	0.014	0.656	0.0233	0.002	0.087
6.500	0.0111	0.009	0.616	0.0160	0.002	0.097
6.505	0.0242	0.011	0.600	0.0236	0.004	0.104
6.510	0.0203	0.007	0.608	0.0380	0.006	0.089
6.515	0.0078	0.011	0.515	0.0159	0.004	0.119
6.520	0.0178	0.011	0.567	0.0179	0.004	0.150
6.525	0.0088	0.005	0.611	0.0260	0.007	0.196
6.530	0.0036	0.011	0.572	0.0172	0.010	0.221
6.535	0.0075	0.016	0.522	0.0127	0.016	0.253
6.540	0.0088	0.005	0.603	0.0373	0.020	0.269
6.545	0.0035	0.020	0.532	0.0149	0.033	0.326
6.550	0.0060	0.034	0.566	0.0126	0.050	0.319
6.555	0.0056	0.009	0.607	0.0200	0.061	0.333
6.560	0.0018	0.070	0.507	0.0167	0.065	0.349
6.565	0.0042	0.061	0.550	0.0139	0.063	0.318
6.570	0.0048	0.014	0.604	0.0242	0.055	0.313
6.575	0.0020	0.057	0.400	0.0247	0.034	0.317
6.580	0.0027	0.034	0.471	0.0279	0.022	0.252
6.585	0.0040	0.016	0.428	0.0214	0.012	0.195
6.590	0.0028	0.023	0.517	0.0399	0.003	0.137
6.595	0.0012	0.016	0.641	0.0274	0.001	0.085
6.600	0.0017	0.009	0.442	0.0225	0.001	0.087
6.605	0.0033	0.009	0.273	0.0360	0.002	0.097
6.610	0.0020	0.009	0.346	0.0431	0.003	0.108
6.615	0.0013	0.018	0.534	0.0230	0.002	0.104
6.620	0.0015	0.011	0.521	0.0205	0.002	0.098
6.625	0.0026	0.011	0.557	0.0151	0.001	0.098
6.630	0.0031	0.011	0.596	0.0231	0.001	0.095
6.635	0.0036	0.011	0.646	0.0185	0.001	0.095
6.640	0.0046	0.016	0.614	0.0258	0.000	0.086
6.645	0.0049	0.020	0.655	0.0246	0.000	0.079
6.650	0.0054	0.014	0.664	0.0158	0.000	0.088
6.655	0.0063	0.011	0.659	0.0108	0.000	0.081
6.660	0.0091	0.011	0.693	0.0126	0.000	0.080
6.665	0.0129	0.014	0.678	0.0127	0.001	0.088
6.670	0.0173	0.011	0.687	0.0171	0.001	0.091
6.675	0.0210	0.011	0.706	0.0119	0.001	0.103
6.680	0.0168	0.018	0.675	0.0153	0.001	0.120
6.685	0.0124	0.011	0.655	0.0162	0.001	0.112
6.690	0.0118	0.011	0.625	0.0177	0.001	0.107
6.695	0.0154	0.011	0.640	0.0248	0.001	0.107
6.700	0.0294	0.011	0.704	0.0149	0.001	0.104
6.705	0.0373	0.011	0.675	0.0130	0.001	0.101
6.710	0.0220	0.009	0.654	0.0174	0.002	0.103
6.715	0.0119	0.011	0.652	0.0152	0.001	0.096
6.720	0.0169	0.011	0.640	0.0136	0.001	0.090
6.725	0.0429	0.016	0.582	0.0287	0.001	0.070
6.730	0.0216	0.005	0.591	0.0483	0.000	0.038
6.735	0.0056	0.007	0.669	0.0113	0.000	0.028
6.740	0.0208	0.009	0.710	0.0194	0.000	0.025
6.745	0.0373	0.007	0.700	0.0225	0.000	0.022
6.750	0.0259	0.005	0.668	0.0121	0.000	0.025
6.755	0.0122	0.009	0.666	0.0128	0.000	0.026
6.760	0.0227	0.007	0.684	0.0069	0.000	0.026
6.765	0.0343	0.007	0.703	0.0108	0.000	0.023
6.770	0.0397	0.007	0.680	0.0098	0.000	0.024
6.775	0.0197	0.007	0.678	0.0093	0.000	0.024
6.780	0.0100	0.009	0.688	0.0134	0.000	0.023
6.785	0.0249	0.007	0.693	0.0118	0.000	0.023
6.790	0.0326	0.007	0.705	0.0342	0.000	0.023
6.795	0.0338	0.007	0.652	0.0281	0.000	0.023
6.800	0.0174	0.007	0.539	0.0342	0.000	0.026
6.805	0.0066	0.009	0.561	0.0348	0.000	0.029
6.810	0.0150	0.007	0.544	0.0201	0.000	0.052
6.815	0.0096	0.005	0.468	0.0306	0.001	0.090
6.820	0.0127	0.007	0.454	0.0350	0.001	0.091
6.824	0.0071	0.020	0.581	0.0145	0.001	0.081
6.829	0.0102	0.016	0.584	0.0148	0.001	0.078
6.834	0.0180	0.009	0.638	0.0255	0.001	0.067
6.839	0.0276	0.011	0.706	0.0206	0.001	0.059
6.844	0.0525	0.014	0.704	0.0133	0.001	0.066
6.849	0.0511	0.011	0.663	0.0098	0.000	0.061
6.854	0.0334	0.011	0.659	0.0126	0.000	0.056
6.859	0.0330	0.011	0.668	0.0127	0.001	0.059
6.864	0.0428	0.011	0.663	0.0114	0.001	0.066
6.869	0.0634	0.016	0.659	0.0154	0.001	0.061
6.874	0.0668	0.009	0.660	0.0099	0.001	0.055
6.879	0.0416	0.011	0.674	0.0064	0.001	0.056
6.884	0.0403	0.009	0.672	0.0081	0.001	0.058
6.889	0.0478	0.011	0.696	0.0103	0.001	0.053
6.894	0.0660	0.011	0.660	0.0093	0.001	0.053
6.899	0.0447	0.009	0.662	0.0048	0.001	0.049
6.904	0.0387	0.011	0.652	0.0074	0.000	0.048
6.909	0.0450	0.009	0.680	0.0113	0.000	0.051
6.914	0.0694	0.011	0.667	0.0132	0.000	0.051
6.919	0.0474	0.011	0.665	0.0122	0.000	0.049
6.924	0.0341	0.009	0.657	0.0138	0.000	0.047
6.929	0.0388	0.011	0.682	0.0175	0.000	0.046
6.934	0.0637	0.011	0.671	0.0184	0.000	0.046
6.939	0.0590	0.009	0.615	0.0211	0.000	0.054
6.944	0.0212	0.007	0.581	0.0120	0.002	0.101
6.949	0.0198	0.009	0.593	0.0103	0.004	0.148
6.954	0.0218	0.009	0.626	0.0069	0.009	0.191
6.959	0.0287	0.011	0.639	0.0070	0.012	0.207
6.964	0.0101	0.005	0.651	0.0063	0.015	0.241
6.969	0.0061	0.011	0.630	0.0083	0.016	0.271
6.974	0.0154	0.027	0.627	0.0094	0.021	0.265
6.979	0.0180	0.007	0.641	0.0061	0.026	0.270
6.984	0.0054	0.014	0.627	0.0085	0.039	0.308
6.989	0.0048	0.025	0.617	0.0088	0.051	0.332
6.994	0.0091	0.039	0.504	0.0166	0.085	0.367
6.999	0.0145	0.016	0.567	0.0114	0.118	0.392
7.004	0.0061	0.061	0.529	0.0115	0.162	0.419
7.009	0.0086	0.089	0.456	0.0136	0.219	0.410
7.014	0.0116	0.027	0.484	0.0105	0.241	0.454
7.019	0.0062	0.089	0.411	0.0130	0.262	0.480
7.024	0.0070	0.116	0.379	0.0105	0.403	0.490
7.029	0.0087	0.095	0.380	0.0105	0.458	0.516
7.034	0.0068	0.116	0.266	0.0152	0.573	0.522
7.039	0.0061	0.161	0.217	0.0160	0.627	0.537
7.044	0.0066	0.125	0.238	0.0089	0.710	0.531
7.049	0.0060	0.159	0.213	0.0111	0.688	0.549
7.054	0.0065	0.175	0.221	0.0110	0.679	0.528
7.059	0.0066	0.148	0.249	0.0098	0.684	0.550
7.064	0.0075	0.143	0.255	0.0105	0.683	0.561
7.069	0.0074	0.173	0.224	0.0109	0.708	0.537
7.074	0.0082	0.152	0.285	0.0113	0.687	0.533
7.079	0.0074	0.173	0.284	0.0120	0.672	0.496
7.084	0.0062	0.148	0.281	0.0127	0.511	0.528
7.089	0.0072	0.118	0.360	0.0120	0.408	0.494
7.094	0.0053	0.130	0.459	0.0133	0.297	0.442
7.099	0.0056	0.102	0.494	0.0131	0.232	0.405
7.104	0.0073	0.075	0.602	0.0171	0.141	0.347
7.109	0.0094	0.048	0.592	0.0183	0.084	0.326
7.114	0.0074	0.039	0.615	0.0237	0.026	0.251
7.119	0.0045	0.032	0.627	0.0336	0.006	0.198
7.124	0.0067	0.011	0.652	0.0271	0.002	0.137
7.129	0.0131	0.011	0.693	0.0152	0.001	0.104
7.134	0.0178	0.009	0.707	0.0164	0.000	0.077
7.139	0.0229	0.007	0.700	0.0151	0.000	0.058
7.144	0.0180	0.009	0.710	0.0122	0.000	0.051
7.149	0.0158	0.007	0.691	0.0101	0.000	0.048
7.154	0.0146	0.007	0.678	0.0135	0.000	0.055
7.159	0.0184	0.009	0.709	0.0098	0.000	0.052
7.164	0.0267	0.007	0.712	0.0125	0.000	0.064
7.169	0.0254	0.009	0.698	0.0179	0.000	0.068
7.174	0.0214	0.007	0.676	0.0167	0.000	0.078
7.179	0.0129	0.007	0.664	0.0106	0.001	0.079
7.184	0.0115	0.009	0.658	0.0136	0.000	0.082
7.189	0.0199	0.007	0.698	0.0147	0.000	0.077
7.194	0.0343	0.011	0.703	0.0170	0.000	0.071
7.199	0.0373	0.009	0.666	0.0085	0.000	0.076
7.204	0.0180	0.011	0.664	0.0146	0.000	0.069
7.209	0.0170	0.016	0.672	0.0214	0.000	0.064
7.214	0.0264	0.011	0.674	0.0113	0.000	0.070
7.219	0.0449	0.011	0.679	0.0092	0.000	0.077
7.224	0.0461	0.009	0.685	0.0122	0.000	0.061
7.229	0.0242	0.011	0.676	0.0168	0.000	0.060
7.234	0.0272	0.009	0.667	0.0191	0.000	0.066
7.239	0.0353	0.011	0.662	0.0174	0.000	0.054
7.244	0.0485	0.011	0.494	0.0262	0.000	0.045
7.249	0.0226	0.009	0.285	0.0554	0.000	0.038
7.254	0.0041	0.009	0.495	0.0503	0.000	0.024
7.259	0.0086	0.009	0.576	0.0178	0.000	0.017
7.263	0.0109	0.002	0.646	0.0112	0.000	0.016
7.268	0.0025	0.009	0.660	0.0053	0.000	0.014
7.273	0.0091	0.007	0.645	0.0116	0.000	0.014
7.278	0.0085	0.007	0.652	0.0109	0.000	0.014
7.283	0.0105	0.005	0.646	0.0118	0.000	0.016
7.288	0.0027	0.005	0.524	0.0214	0.000	0.018
7.293	0.0108	0.007	0.589	0.0293	0.000	0.018
7.298	0.0132	0.005	0.617	0.0243	0.000	0.020
7.303	0.0099	0.007	0.643	0.0131	0.000	0.023
7.308	0.0092	0.007	0.662	0.0065	0.000	0.024
7.313	0.0193	0.009	0.665	0.0082	0.000	0.024
7.318	0.0271	0.005	0.599	0.0250	0.000	0.047
7.323	0.0149	0.007	0.312	0.0455	0.000	0.050
7.328	0.0086	0.009	0.451	0.0324	0.000	0.038
7.333	0.0222	0.007	0.625	0.0265	0.000	0.041
7.338	0.0176	0.016	0.700	0.0219	0.000	0.045
7.343	0.0667	0.016	0.670	0.0181	0.000	0.055
7.348	0.0283	0.011	0.641	0.0107	0.000	0.065
7.353	0.0098	0.014	0.663	0.0077	0.000	0.069
7.358	0.0339	0.011	0.659	0.0120	0.000	0.068
7.363	0.0406	0.016	0.691	0.0118	0.000	0.072
7.368	0.0669	0.014	0.673	0.0103	0.000	0.064
7.373	0.0373	0.014	0.679	0.0083	0.000	0.065
7.378	0.0260	0.016	0.677	0.0094	0.001	0.070
7.383	0.0380	0.016	0.674	0.0115	0.001	0.074
7.388	0.0471	0.011	0.713	0.0095	0.001	0.075
7.393	0.0706	0.011	0.714	0.0079	0.001	0.076
7.398	0.0635	0.014	0.661	0.0109	0.001	0.083
7.403	0.0286	0.009	0.662	0.0117	0.001	0.072
7.408	0.0244	0.016	0.660	0.0102	0.001	0.070
7.413	0.0311	0.016	0.654	0.0105	0.001	0.073
7.418	0.0449	0.016	0.690	0.0097	0.001	0.070
7.423	0.0652	0.016	0.685	0.0124	0.000	0.065
7.428	0.0599	0.011	0.649	0.0107	0.000	0.061
7.433	0.0295	0.009	0.632	0.0146	0.000	0.060
7.438	0.0260	0.011	0.619	0.0171	0.000	0.060
7.443	0.0279	0.016	0.618	0.0194	0.000	0.062
7.448	0.0332	0.009	0.633	0.0226	0.000	0.060
7.453	0.0457	0.007	0.568	0.0217	0.001	0.079
7.458	0.0319	0.007	0.478	0.0206	0.001	0.090
7.463	0.0159	0.020	0.469	0.0137	0.001	0.109
7.468	0.0130	0.025	0.393	0.0221	0.002	0.124
7.473	0.0151	0.011	0.341	0.0252	0.004	0.145
7.478	0.0076	0.005	0.331	0.0207	0.002	0.133
7.483	0.0049	0.007	0.450	0.0244	0.000	0.081
7.488	0.0027	0.011	0.375	0.0309	0.000	0.065
7.493	0.0019	0.016	0.550	0.0236	0.000	0.041
7.498	0.0025	0.011	0.578	0.0228	0.000	0.042
7.503	0.0022	0.016	0.621	0.0168	0.000	0.046
7.508	0.0016	0.009	0.610	0.0193	0.000	0.050
7.513	0.0015	0.011	0.606	0.0212	0.000	0.055
7.518	0.0009	0.011	0.640	0.0140	0.000	0.051
7.523	0.0011	0.016	0.653	0.0126	0.000	0.050
7.528	0.0013	0.011	0.664	0.0131	0.000	0.052
7.533	0.0014	0.011	0.621	0.0179	0.000	0.058
7.538	0.0013	0.011	0.591	0.0189	0.000	0.068
7.543	0.0011	0.011	0.038	0.0674	0.017	0.214
7.548	0.0008	0.016	0.228	0.0110	0.028	0.258
7.553	0.0010	0.018	0.198	0.0105	0.072	0.388
7.558	0.0009	0.048	0.214	0.0120	0.164	0.440
7.563	0.0073	0.086	0.184	0.0188	0.205	0.479
7.568	0.0061	0.120	0.206	0.0147	0.176	0.442
7.573	0.0063	0.089	0.086	0.0250	0.167	0.443
7.578	0.0063	0.077	0.268	0.0540	0.033	0.347
7.583	0.0038	0.084	0.386	0.0339	0.006	0.167
7.588	0.0112	0.016	0.553	0.0298	0.003	0.139
7.593	0.0378	0.018	0.693	0.0156	0.001	0.115
7.598	0.0448	0.014	0.671	0.0153	0.002	0.107
7.603	0.0314	0.007	0.613	0.0165	0.004	0.121
7.608	0.0360	0.007	0.613	0.0259	0.004	0.119
7.613	0.0220	0.007	0.651	0.0238	0.003	0.100
7.618	0.0360	0.007	0.694	0.0269	0.001	0.086
7.623	0.0499	0.009	0.714	0.0118	0.001	0.075
7.628	0.0267	0.016	0.679	0.0212	0.001	0.078
7.633	0.0259	0.016	0.665	0.0240	0.001	0.080
7.638	0.0332	0.016	0.607	0.0160	0.001	0.080
7.643	0.0427	0.016	0.428	0.0231	0.001	0.089
7.648	0.0458	0.009	0.225	0.0533	0.001	0.111
7.653	0.0096	0.009	0.548	0.0399	0.000	0.035
7.658	0.0097	0.002	0.541	0.0216	0.000	0.032
7.663	0.0086	0.005	0.418	0.0347	0.000	0.042
7.668	0.0068	0.002	0.354	0.0272	0.000	0.054
7.673	0.0055	0.007	0.420	0.0409	0.000	0.054
7.678	0.0046	0.009	0.371	0.0416	0.000	0.055
7.683	0.0025	0.007	0.396	0.0410	0.000	0.068
7.688	0.0030	0.011	0.442	0.0253	0.000	0.085
7.693	0.0024	0.007	0.324	0.0107	0.144	0.452
7.698	0.0014	0.009	0.221	0.0095	0.351	0.517
7.702	0.0008	0.045	0.157	0.0124	0.773	0.635
7.707	0.0020	0.136	0.105	0.0110	0.907	0.617
7.712	0.0027	0.152	0.143	0.0124	0.969	0.524
7.717	0.0063	0.216	0.138	0.0086	0.969	0.490
7.722	0.0122	0.200	0.143	0.0130	0.970	0.527
7.727	0.0122	0.205	0.120	0.0126	0.980	0.518
7.732	0.0103	0.193	0.174	0.0125	0.982	0.489
7.737	0.0100	0.202	0.123	0.0125	0.967	0.485
7.742	0.0087	0.195	0.117	0.0155	0.920	0.467
7.747	0.0068	0.180	0.183	0.0125	0.929	0.434
7.752	0.0068	0.159	0.138	0.0175	0.794	0.414
7.757	0.0072	0.145	0.119	0.0462	0.198	0.327
7.762	0.0042	0.139	0.450	0.0363	0.021	0.193
7.767	0.0073	0.041	0.595	0.0277	0.005	0.131
7.772	0.0113	0.011	0.683	0.0236	0.001	0.083
7.777	0.0287	0.007	0.722	0.0184	0.001	0.070
7.782	0.0421	0.009	0.707	0.0127	0.001	0.058
7.787	0.0221	0.007	0.649	0.0130	0.001	0.063
7.792	0.0169	0.007	0.654	0.0216	0.001	0.060
7.797	0.0119	0.007	0.661	0.0105	0.000	0.055
7.802	0.0306	0.007	0.691	0.0084	0.000	0.058
7.807	0.0418	0.009	0.660	0.0083	0.000	0.064
7.812	0.0159	0.005	0.632	0.0143	0.001	0.081
7.817	0.0100	0.007	0.626	0.0119	0.002	0.106
7.822	0.0159	0.007	0.543	0.0161	0.009	0.176
7.827	0.0285	0.005	0.550	0.0100	0.029	0.261
7.832	0.0087	0.023	0.430	0.0125	0.119	0.362
7.837	0.0103	0.066	0.376	0.0137	0.275	0.396
7.842	0.0117	0.048	0.338	0.0132	0.474	0.463
7.847	0.0079	0.100	0.183	0.0148	0.647	0.501
7.852	0.0075	0.114	0.156	0.0137	0.851	0.473
7.857	0.0075	0.134	0.151	0.0113	0.903	0.475
7.862	0.0079	0.164	0.122	0.0124	0.933	0.520
7.867	0.0063	0.159	0.101	0.0115	0.943	0.504
7.872	0.0086	0.189	0.145	0.0123	0.948	0.505
7.877	0.0073	0.186	0.140	0.0114	0.919	0.512
7.882	0.0061	0.193	0.171	0.0114	0.904	0.529
7.887	0.0050	0.193	0.143	0.0103	0.870	0.567
7.892	0.0034	0.205	0.136	0.0139	0.553	0.607
7.897	0.0014	0.145	0.169	0.0126	0.447	0.573
7.902	0.0008	0.127	0.140	0.0169	0.452	0.467
7.907	0.0003	0.107	0.188	0.0151	0.555	0.654
7.912	0.0002	0.070	0.270	0.0082	0.598	0.699
7.917	0.0003	0.095	0.218	0.0222	0.294	0.616
7.922	0.0003	0.048	0.137	0.0109	0.603	0.709
7.927	0.0003	0.089	0.102	0.0115	0.672	0.670
7.932	0.0006	0.186	0.129	0.0104	0.623	0.573
7.937	0.0011	0.175	0.151	0.0235	0.340	0.512
7.942	0.0027	0.166	0.295	0.0489	0.005	0.185
7.947	0.0024	0.086	0.401	0.0430	0.001	0.104
7.952	0.0058	0.009	0.622	0.0166	0.001	0.097
7.957	0.0205	0.011	0.685	0.0104	0.001	0.093
7.962	0.0391	0.016	0.629	0.0107	0.001	0.110
7.967	0.0532	0.016	0.630	0.0222	0.002	0.112
7.972	0.0429	0.011	0.649	0.0165	0.001	0.089
7.977	0.0295	0.011	0.668	0.0106	0.001	0.079
7.982	0.0263	0.011	0.669	0.0110	0.001	0.082
7.987	0.0285	0.009	0.683	0.0144	0.001	0.069
7.992	0.0414	0.014	0.654	0.0179	0.001	0.070
7.997	0.0412	0.009	0.646	0.0226	0.000	0.072
8.002	0.0262	0.011	0.613	0.0145	0.001	0.086
8.007	0.0309	0.009	0.505	0.0150	0.001	0.087
8.012	0.0226	0.011	0.306	0.0286	0.001	0.135
8.017	0.0254	0.009	0.449	0.0271	0.005	0.207
8.022	0.0070	0.009	0.471	0.0232	0.021	0.330
8.027	0.0071	0.027	0.397	0.0119	0.026	0.361
8.032	0.0125	0.023	0.507	0.0121	0.063	0.495
8.037	0.0026	0.075	0.371	0.0100	0.142	0.583
8.042	0.0056	0.111	0.353	0.0098	0.180	0.607
8.047	0.0045	0.086	0.268	0.0106	0.250	0.651
8.052	0.0047	0.116	0.280	0.0094	0.295	0.644
8.057	0.0052	0.093	0.252	0.0106	0.364	0.676
8.062	0.0042	0.148	0.237	0.0095	0.402	0.650
8.067	0.0041	0.159	0.297	0.0104	0.384	0.667
8.072	0.0043	0.100	0.275	0.0111	0.358	0.683
8.077	0.0039	0.173	0.276	0.0139	0.273	0.640
8.082	0.0034	0.095	0.433	0.0110	0.180	0.565
8.087	0.0026	0.116	0.404	0.0199	0.095	0.481
8.092	0.0047	0.102	0.535	0.0347	0.011	0.322
8.097	0.0050	0.007	0.561	0.0244	0.004	0.236
8.102	0.0031	0.027	0.539	0.0312	0.001	0.122
8.107	0.0034	0.011	0.615	0.0213	0.000	0.075
8.112	0.0093	0.007	0.630	0.0142	0.000	0.046
8.117	0.0188	0.007	0.634	0.0191	0.000	0.037
8.122	0.0110	0.007	0.668	0.0117	0.000	0.031
8.127	0.0089	0.007	0.677	0.0124	0.000	0.027
8.132	0.0194	0.007	0.657	0.0078	0.000	0.033
8.137	0.0299	0.009	0.665	0.0040	0.000	0.032
8.141	0.0162	0.005	0.508	0.0247	0.000	0.042
8.146	0.0090	0.007	0.537	0.0316	0.000	0.052
8.151	0.0191	0.011	0.437	0.0212	0.000	0.064
8.156	0.0356	0.011	0.517	0.0331	0.000	0.067
8.161	0.0235	0.011	0.639	0.0082	0.001	0.080
8.166	0.0198	0.009	0.630	0.0075	0.001	0.099
8.171	0.0368	0.014	0.620	0.0155	0.001	0.088
8.176	0.0427	0.014	0.633	0.0090	0.001	0.093
8.181	0.0219	0.014	0.634	0.0197	0.001	0.103
8.186	0.0265	0.011	0.613	0.0140	0.001	0.103
8.191	0.0247	0.020	0.557	0.0170	0.002	0.122
8.196	0.0372	0.011	0.598	0.0288	0.003	0.141
8.201	0.0151	0.014	0.552	0.0140	0.005	0.155
8.206	0.0215	0.009	0.482	0.0140	0.007	0.159
8.211	0.0303	0.018	0.525	0.0244	0.010	0.183
8.216	0.0204	0.011	0.520	0.0335	0.010	0.185
8.221	0.0120	0.020	0.403	0.0316	0.009	0.189
8.226	0.0116	0.025	0.480	0.0247	0.007	0.204
8.231	0.0133	0.018	0.388	0.0610	0.006	0.222
8.236	0.0027	0.030	0.431	0.0439	0.001	0.152
8.241	0.0048	0.005	0.294	0.0263	0.000	0.061
8.246	0.0021	0.007	0.186	0.0403	0.000	0.068
8.251	0.0028	0.011	0.160	0.0328	0.000	0.104
8.256	0.0021	0.011	0.487	0.0345	0.001	0.147
8.261	0.0013	0.007	0.507	0.0311	0.000	0.110
8.266	0.0008	0.014	0.412	0.0295	0.000	0.086
8.271	0.0010	0.016	0.398	0.0287	0.000	0.102
8.276	0.0009	0.005	0.353	0.0346	0.001	0.114
8.281	0.0006	0.011	0.427	0.0336	0.001	0.135
8.286	0.0004	0.011	0.403	0.0362	0.001	0.133
8.291	0.0005	0.011	0.456	0.0295	0.000	0.141
8.296	0.0006	0.023	0.538	0.0280	0.000	0.144
8.301	0.0004	0.011	0.499	0.0344	0.001	0.160
8.306	0.0002	0.016	0.518	0.0253	0.001	0.174
8.311	0.0003	0.014	0.643	0.0176	0.001	0.212
8.316	0.0003	0.014	0.562	0.0342	0.002	0.216
8.321	0.0003	0.016	0.398	0.0189	0.006	0.286
8.326	0.0002	0.016	0.256	0.0191	0.016	0.326
8.331	0.0002	0.007	0.163	0.0235	0.055	0.488
8.336	0.0002	0.007	0.137	0.0143	0.081	0.485
8.341	0.0000	0.030	0.186	0.0541	0.028	0.377
8.346	0.0005	0.052	0.263	0.0518	0.002	0.200
8.351	0.0010	0.052	0.394	0.0332	0.000	0.086
8.356	0.0055	0.007	0.495	0.0263	0.000	0.066
8.361	0.0207	0.011	0.572	0.0241	0.000	0.069
8.366	0.0261	0.009	0.595	0.0181	0.001	0.074
8.371	0.0170	0.009	0.599	0.0184	0.000	0.068
8.376	0.0227	0.014	0.603	0.0171	0.000	0.068
8.381	0.0357	0.011	0.653	0.0136	0.000	0.072
8.386	0.0184	0.014	0.600	0.0173	0.001	0.081
8.391	0.0231	0.014	0.594	0.0181	0.003	0.110
8.396	0.0274	0.014	0.603	0.0134	0.003	0.113
8.401	0.0200	0.016	0.614	0.0114	0.002	0.099
8.406	0.0148	0.011	0.605	0.0148	0.003	0.101
8.411	0.0170	0.016	0.598	0.0110	0.002	0.102
8.416	0.0219	0.016	0.634	0.0112	0.003	0.104
8.421	0.0207	0.016	0.625	0.0140	0.005	0.120
8.426	0.0208	0.014	0.628	0.0100	0.007	0.121
8.431	0.0246	0.016	0.599	0.0138	0.007	0.122
8.436	0.0240	0.016	0.594	0.0148	0.007	0.138
8.441	0.0198	0.014	0.589	0.0109	0.006	0.134
8.446	0.0234	0.018	0.626	0.0166	0.006	0.125
8.451	0.0232	0.020	0.602	0.0163	0.007	0.129
8.456	0.0207	0.016	0.578	0.0144	0.005	0.111
8.461	0.0265	0.018	0.596	0.0230	0.004	0.105
8.466	0.0230	0.016	0.585	0.0198	0.004	0.106
8.471	0.0204	0.011	0.488	0.0164	0.004	0.104
8.476	0.0222	0.014	0.437	0.0254	0.004	0.101
8.481	0.0177	0.014	0.226	0.0312	0.004	0.115
8.486	0.0103	0.018	0.254	0.0472	0.002	0.109
8.491	0.0086	0.009	0.409	0.0375	0.000	0.052
8.496	0.0037	0.016	0.240	0.0283	0.000	0.047
8.501	0.0060	0.007	0.161	0.0404	0.000	0.069
8.506	0.0024	0.011	0.202	0.0409	0.000	0.077
8.511	0.0006	0.011	0.378	0.0270	0.000	0.083
8.516	0.0005	0.014	0.341	0.0272	0.000	0.094
8.521	0.0009	0.011	0.533	0.0262	0.000	0.080
8.526	0.0006	0.014	0.534	0.0206	0.000	0.080
8.531	0.0007	0.011	0.480	0.0364	0.000	0.090
8.536	0.0007	0.016	0.504	0.0192	0.000	0.096
8.541	0.0006	0.014	0.476	0.0294	0.001	0.135
8.546	0.0004	0.016	0.485	0.0253	0.001	0.139
8.551	0.0005	0.016	0.582	0.0199	0.000	0.133
8.556	0.0003	0.016	0.614	0.0195	0.000	0.129
8.561	0.0005	0.014	0.580	0.0132	0.000	0.144
8.566	0.0007	0.016	0.395	0.0195	0.008	0.293
8.571	0.0002	0.016	0.081	0.0183	0.154	0.569
8.576	0.0002	0.032	0.253	0.0259	0.082	0.515
8.580	0.0004	0.120	0.339	0.0565	0.012	0.309
8.585	0.0016	0.036	0.309	0.0424	0.002	0.124
8.590	0.0019	0.020	0.513	0.0198	0.001	0.088
8.595	0.0075	0.007	0.601	0.0186	0.001	0.079
8.600	0.0139	0.007	0.652	0.0158	0.000	0.081
8.605	0.0149	0.009	0.671	0.0105	0.000	0.072
8.610	0.0199	0.007	0.669	0.0121	0.000	0.080
8.615	0.0239	0.009	0.715	0.0148	0.001	0.082
8.620	0.0300	0.007	0.713	0.0157	0.002	0.084
8.625	0.0287	0.009	0.645	0.0119	0.002	0.097
8.630	0.0189	0.007	0.555	0.0260	0.003	0.145
8.635	0.0113	0.007	0.494	0.0307	0.003	0.184
8.640	0.0084	0.011	0.611	0.0225	0.001	0.155
8.645	0.0066	0.014	0.640	0.0290	0.000	0.102
8.650	0.0072	0.007	0.562	0.0257	0.000	0.058
8.655	0.0039	0.009	0.343	0.0328	0.000	0.073
8.660	0.0008	0.005	0.205	0.0538	0.000	0.098
8.665	0.0014	0.005	0.178	0.0307	0.000	0.119
8.670	0.0008	0.014	0.574	0.0497	0.000	0.109
8.675	0.0005	0.007	0.575	0.0336	0.000	0.108
8.680	0.0007	0.005	0.464	0.0407	0.000	0.142
8.685	0.0005	0.005	0.630	0.0612	0.000	0.131
8.690	0.0005	0.009	0.681	0.0299	0.000	0.128
8.695	0.0007	0.007	0.645	0.0324	0.000	0.145
8.700	0.0005	0.007	0.041	0.0327	0.009	0.265
8.705	0.0003	0.009	0.256	0.0235	0.193	0.338
8.710	0.0004	0.007	0.237	0.0092	0.118	0.349
8.715	0.0005	0.045	0.222	0.0254	0.084	0.356
8.720	0.0088	0.041	0.474	0.0424	0.012	0.219
8.725	0.0039	0.036	0.607	0.0311	0.008	0.168
8.730	0.0120	0.018	0.675	0.0155	0.004	0.134
8.735	0.0181	0.009	0.655	0.0180	0.004	0.100
8.740	0.0201	0.009	0.723	0.0130	0.004	0.080
8.745	0.0250	0.009	0.728	0.0138	0.003	0.076
8.750	0.0288	0.009	0.722	0.0171	0.001	0.064
8.755	0.0277	0.009	0.718	0.0194	0.001	0.059
8.760	0.0288	0.011	0.755	0.0109	0.001	0.048
8.765	0.0290	0.009	0.765	0.0063	0.001	0.047
8.770	0.0274	0.009	0.749	0.0102	0.001	0.046
8.775	0.0266	0.009	0.773	0.0104	0.001	0.045
8.780	0.0255	0.014	0.731	0.0117	0.001	0.048
8.785	0.0251	0.016	0.742	0.0114	0.001	0.052
8.790	0.0252	0.014	0.744	0.0134	0.001	0.047
8.795	0.0221	0.009	0.754	0.0131	0.001	0.043
8.800	0.0253	0.009	0.698	0.0144	0.001	0.049
8.805	0.0252	0.009	0.667	0.0231	0.001	0.055
8.810	0.0172	0.011	0.736	0.0249	0.001	0.053
8.815	0.0176	0.009	0.747	0.0186	0.001	0.053
8.820	0.0202	0.011	0.754	0.0139	0.001	0.056
8.825	0.0211	0.009	0.756	0.0115	0.001	0.059
8.830	0.0223	0.009	0.773	0.0122	0.001	0.071
8.835	0.0248	0.009	0.724	0.0198	0.001	0.102
8.840	0.0245	0.009	0.642	0.0098	0.002	0.248
8.845	0.0166	0.005	0.662	0.0092	0.007	0.358
8.850	0.0110	0.005	0.625	0.0105	0.029	0.497
8.855	0.0097	0.005	0.503	0.0115	0.115	0.586
8.860	0.0064	0.027	0.231	0.0109	0.370	0.646
8.865	0.0052	0.125	0.139	0.0103	0.443	0.680
8.870	0.0062	0.164	0.158	0.0113	0.388	0.661
8.875	0.0063	0.173	0.177	0.0103	0.368	0.655
8.880	0.0068	0.123	0.131	0.0095	0.484	0.675
8.885	0.0064	0.148	0.145	0.0115	0.522	0.643
8.890	0.0051	0.168	0.146	0.0107	0.438	0.639
8.895	0.0052	0.152	0.181	0.0139	0.365	0.646
8.900	0.0039	0.166	0.324	0.0134	0.189	0.563
8.905	0.0044	0.089	0.322	0.0238	0.110	0.514
8.910	0.0046	0.073	0.509	0.0383	0.011	0.317
8.915	0.0034	0.036	0.637	0.0404	0.003	0.196
8.920	0.0099	0.009	0.725	0.0231	0.000	0.092
8.925	0.0139	0.009	0.763	0.0179	0.000	0.064
8.930	0.0213	0.009	0.776	0.0171	0.000	0.053
8.935	0.0303	0.011	0.758	0.0172	0.000	0.051
8.940	0.0349	0.009	0.763	0.0146	0.000	0.049
8.945	0.0302	0.009	0.726	0.0196	0.000	0.060
8.950	0.0230	0.009	0.665	0.0225	0.000	0.061
8.955	0.0174	0.011	0.666	0.0282	0.000	0.056
8.960	0.0136	0.005	0.696	0.0184	0.000	0.044
8.965	0.0110	0.005	0.727	0.0119	0.000	0.036
8.970	0.0096	0.005	0.736	0.0233	0.000	0.028
8.975	0.0100	0.005	0.728	0.0170	0.000	0.027
8.980	0.0106	0.005	0.744	0.0140	0.000	0.025
8.985	0.0114	0.002	0.736	0.0107	0.000	0.029
8.990	0.0116	0.005	0.727	0.0279	0.000	0.037
8.995	0.0116	0.005	0.688	0.0209	0.000	0.043
9.000	0.0091	0.005	0.637	0.0180	0.000	0.053
9.005	0.0053	0.005	0.613	0.0200	0.000	0.071
9.010	0.0053	0.005	0.712	0.0206	0.000	0.050
9.015	0.0057	0.005	0.674	0.0168	0.000	0.028
9.020	0.0092	0.007	0.690	0.0167	0.000	0.027
9.024	0.0114	0.009	0.724	0.0126	0.000	0.028
9.029	0.0183	0.009	0.409	0.0370	0.000	0.041
9.034	0.0182	0.007	0.420	0.0458	0.000	0.040
9.039	0.0200	0.009	0.562	0.0428	0.000	0.037
9.044	0.0331	0.009	0.623	0.0159	0.000	0.041
9.049	0.0232	0.011	0.635	0.0178	0.000	0.043
9.054	0.0182	0.014	0.594	0.0185	0.000	0.052
9.059	0.0339	0.009	0.656	0.0107	0.000	0.063
9.064	0.0273	0.011	0.704	0.0135	0.001	0.066
9.069	0.0432	0.014	0.667	0.0218	0.000	0.066
9.074	0.0380	0.009	0.609	0.0198	0.000	0.071
9.079	0.0185	0.011	0.601	0.0180	0.000	0.080
9.084	0.0235	0.009	0.609	0.0201	0.000	0.078
9.089	0.0239	0.011	0.649	0.0160	0.000	0.083
9.094	0.0406	0.011	0.640	0.0127	0.000	0.081
9.099	0.0292	0.009	0.608	0.0179	0.000	0.078
9.104	0.0207	0.011	0.532	0.0245	0.000	0.085
9.109	0.0227	0.007	0.451	0.0213	0.001	0.108
9.114	0.0302	0.007	0.430	0.0237	0.001	0.139
9.119	0.0192	0.007	0.384	0.0411	0.001	0.154
9.124	0.0040	0.016	0.351	0.0465	0.000	0.104
9.129	0.0067	0.011	0.432	0.0416	0.000	0.046
9.134	0.0052	0.005	0.356	0.0446	0.000	0.053
9.139	0.0013	0.009	0.335	0.0376	0.000	0.065
9.144	0.0006	0.016	0.349	0.0425	0.000	0.073
9.149	0.0006	0.011	0.525	0.0368	0.000	0.065
9.154	0.0008	0.009	0.596	0.0323	0.000	0.073
9.159	0.0014	0.011	0.660	0.0229	0.000	0.073
9.164	0.0013	0.011	0.637	0.0185	0.000	0.085
9.169	0.0009	0.011	0.616	0.0224	0.000	0.104
9.174	0.0006	0.011	0.647	0.0169	0.001	0.230
9.179	0.0005	0.009	0.286	0.0161	0.148	0.599
9.184	0.0007	0.011	0.242	0.0175	0.201	0.557
9.189	0.0005	0.036	0.259	0.0101	0.118	0.415
9.194	0.0019	0.102	0.293	0.0121	0.119	0.447
9.199	0.0049	0.070	0.187	0.0225	0.106	0.495
9.204	0.0014	0.089	0.230	0.0268	0.048	0.365
9.209	0.0011	0.091	0.355	0.0260	0.017	0.236
9.214	0.0020	0.057	0.381	0.0558	0.004	0.182
9.219	0.0094	0.014	0.542	0.0297	0.001	0.134
9.224	0.0084	0.005	0.610	0.0163	0.000	0.109
9.229	0.0084	0.009	0.667	0.0189	0.000	0.097
9.234	0.0187	0.007	0.680	0.0103	0.000	0.108
9.239	0.0336	0.011	0.636	0.0241	0.000	0.092
9.244	0.0246	0.007	0.645	0.0073	0.000	0.102
9.249	0.0120	0.007	0.539	0.0272	0.001	0.099
9.254	0.0225	0.005	0.399	0.0318	0.000	0.076
9.259	0.0303	0.014	0.278	0.0680	0.000	0.062
9.264	0.0090	0.005	0.402	0.0729	0.000	0.033
9.269	0.0096	0.007	0.585	0.0519	0.000	0.021
9.274	0.0114	0.005	0.644	0.0699	0.000	0.019
9.279	0.0038	0.007	0.559	0.0227	0.000	0.025
9.284	0.0115	0.005	0.576	0.0323	0.000	0.039
9.289	0.0119	0.007	0.611	0.0189	0.000	0.061
9.294	0.0047	0.011	0.550	0.0176	0.000	0.077
9.299	0.0125	0.005	0.511	0.0429	0.000	0.066
9.304	0.0188	0.018	0.594	0.0210	0.000	0.057
9.309	0.0072	0.014	0.614	0.0384	0.000	0.051
9.314	0.0144	0.014	0.542	0.0123	0.000	0.053
9.319	0.0331	0.009	0.633	0.0087	0.000	0.053
9.324	0.0154	0.009	0.619	0.0172	0.000	0.057
9.329	0.0117	0.009	0.559	0.0161	0.000	0.059
9.334	0.0329	0.014	0.636	0.0174	0.000	0.056
9.339	0.0159	0.014	0.629	0.0231	0.000	0.054
9.344	0.0144	0.009	0.592	0.0180	0.000	0.057
9.349	0.0319	0.009	0.630	0.0091	0.000	0.054
9.354	0.0171	0.009	0.594	0.0137	0.000	0.055
9.359	0.0156	0.009	0.571	0.0204	0.000	0.047
9.364	0.0331	0.009	0.640	0.0187	0.000	0.040
9.369	0.0178	0.009	0.646	0.0265	0.000	0.028
9.374	0.0156	0.009	0.619	0.0165	0.000	0.026
9.379	0.0315	0.009	0.641	0.0126	0.000	0.024
9.384	0.0171	0.007	0.558	0.0131	0.000	0.025
9.389	0.0164	0.011	0.539	0.0223	0.000	0.025
9.394	0.0251	0.007	0.637	0.0326	0.000	0.024
9.399	0.0113	0.009	0.554	0.0232	0.000	0.026
9.404	0.0180	0.011	0.619	0.0251	0.000	0.026
9.409	0.0125	0.007	0.643	0.0323	0.000	0.026
9.414	0.0039	0.005	0.523	0.0321	0.000	0.028
9.419	0.0169	0.011	0.598	0.0177	0.000	0.026
9.424	0.0074	0.005	0.606	0.0414	0.000	0.027
9.429	0.0030	0.007	0.576	0.0355	0.000	0.031
9.434	0.0142	0.007	0.653	0.0121	0.000	0.027
9.439	0.0049	0.005	0.652	0.0562	0.000	0.030
9.444	0.0037	0.007	0.562	0.0422	0.000	0.035
9.449	0.0112	0.007	0.632	0.0212	0.000	0.038
9.454	0.0072	0.005	0.642	0.0227	0.000	0.043
9.459	0.0025	0.002	0.599	0.0187	0.000	0.051
9.463	0.0062	0.005	0.608	0.0324	0.000	0.050
9.468	0.0107	0.002	0.615	0.0257	0.000	0.040
9.473	0.0069	0.007	0.604	0.0172	0.000	0.030
9.478	0.0056	0.011	0.619	0.0246	0.000	0.021
9.483	0.0120	0.007	0.691	0.0334	0.000	0.018
9.488	0.0217	0.009	0.716	0.0177	0.000	0.020
9.493	0.0325	0.007	0.730	0.0164	0.000	0.020
9.498	0.0357	0.007	0.724	0.0122	0.000	0.021
9.503	0.0228	0.009	0.685	0.0182	0.000	0.024
9.508	0.0195	0.007	0.711	0.0059	0.000	0.028
9.513	0.0134	0.009	0.694	0.0234	0.000	0.031
9.518	0.0225	0.007	0.693	0.0243	0.000	0.037
9.523	0.0227	0.009	0.729	0.0122	0.000	0.039
9.528	0.0283	0.009	0.704	0.0120	0.000	0.043
9.533	0.0319	0.007	0.719	0.0191	0.000	0.046
9.538	0.0304	0.009	0.725	0.0204	0.000	0.051
9.543	0.0303	0.007	0.703	0.0129	0.000	0.056
9.548	0.0177	0.009	0.708	0.0133	0.000	0.058
9.553	0.0175	0.007	0.685	0.0160	0.000	0.062
9.558	0.0204	0.007	0.684	0.0209	0.000	0.065
9.563	0.0275	0.009	0.730	0.0110	0.000	0.060
9.568	0.0390	0.007	0.726	0.0126	0.000	0.055
9.573	0.0358	0.009	0.675	0.0082	0.000	0.056
9.578	0.0266	0.007	0.574	0.0284	0.000	0.065
9.583	0.0159	0.007	0.401	0.0358	0.000	0.084
9.588	0.0145	0.007	0.604	0.0341	0.000	0.064
9.593	0.0078	0.009	0.705	0.0434	0.000	0.063
9.598	0.0139	0.002	0.691	0.0375	0.000	0.052
9.603	0.0106	0.005	0.659	0.0138	0.000	0.047
9.608	0.0031	0.005	0.672	0.0153	0.000	0.043
9.613	0.0106	0.011	0.685	0.0130	0.000	0.035
9.618	0.0116	0.009	0.632	0.0123	0.000	0.034
9.623	0.0141	0.002	0.614	0.0382	0.000	0.045
9.628	0.0166	0.005	0.617	0.0322	0.000	0.044
9.633	0.0108	0.005	0.617	0.0246	0.000	0.048
9.638	0.0105	0.014	0.683	0.0170	0.000	0.055
9.643	0.0170	0.007	0.706	0.0106	0.000	0.056
9.648	0.0300	0.009	0.698	0.0072	0.000	0.068
9.653	0.0431	0.007	0.711	0.0328	0.000	0.066
9.658	0.0396	0.009	0.709	0.0326	0.000	0.058
9.663	0.0251	0.007	0.678	0.0188	0.000	0.072
9.668	0.0201	0.007	0.676	0.0228	0.000	0.074
9.673	0.0231	0.007	0.698	0.0090	0.000	0.061
9.678	0.0272	0.009	0.673	0.0113	0.000	0.050
9.683	0.0351	0.007	0.612	0.0150	0.000	0.045
9.688	0.0297	0.007	0.383	0.0477	0.000	0.041
9.693	0.0086	0.007	0.506	0.0542	0.000	0.029
9.698	0.0060	0.002	0.633	0.0273	0.000	0.021
9.703	0.0075	0.005	0.617	0.0210	0.000	0.020
9.708	0.0075	0.002	0.505	0.0282	0.000	0.028
9.713	0.0014	0.005	0.441	0.0345	0.000	0.035
9.718	0.0040	0.002	0.307	0.0680	0.000	0.040
9.723	0.0016	0.005	0.420	0.0588	0.000	0.050
9.728	0.0015	0.007	0.750	0.0298	0.000	0.060
9.733	0.0016	0.007	0.763	0.0269	0.000	0.066
9.738	0.0011	0.007	0.769	0.0200	0.000	0.085
9.743	0.0009	0.009	0.750	0.0307	0.000	0.088
9.748	0.0011	0.007	0.723	0.0220	0.000	0.091
9.753	0.0010	0.007	0.715	0.0298	0.000	0.092
9.758	0.0006	0.007	0.666	0.0149	0.005	0.322
9.763	0.0006	0.009	0.576	0.0111	0.072	0.547
9.768	0.0007	0.007	0.320	0.0109	0.325	0.513
9.773	0.0007	0.041	0.130	0.0137	0.379	0.531
9.778	0.0006	0.075	0.148	0.0099	0.598	0.595
9.783	0.0003	0.089	0.134	0.0138	0.478	0.556
9.788	0.0013	0.114	0.100	0.0134	0.164	0.455
9.793	0.0027	0.095	0.132	0.0296	0.067	0.418
9.798	0.0018	0.055	0.264	0.0455	0.014	0.308
9.803	0.0012	0.011	0.288	0.0585	0.003	0.177
9.808	0.0023	0.014	0.504	0.0372	0.001	0.080
9.813	0.0041	0.014	0.617	0.0304	0.000	0.051
9.818	0.0103	0.005	0.688	0.0165	0.000	0.037
9.823	0.0184	0.007	0.673	0.0124	0.000	0.032
9.828	0.0091	0.007	0.650	0.0177	0.000	0.034
9.833	0.0117	0.007	0.679	0.0171	0.000	0.033
9.838	0.0130	0.007	0.680	0.0223	0.000	0.028
9.843	0.0158	0.009	0.702	0.0172	0.000	0.027
9.848	0.0256	0.007	0.714	0.0147	0.000	0.023
9.853	0.0234	0.007	0.683	0.0099	0.000	0.022
9.858	0.0147	0.007	0.682	0.0086	0.000	0.025
9.863	0.0160	0.009	0.692	0.0143	0.000	0.024
9.868	0.0210	0.007	0.687	0.0128	0.000	0.024
9.873	0.0281	0.007	0.710	0.0236	0.000	0.022
9.878	0.0278	0.009	0.714	0.0200	0.000	0.021
9.883	0.0171	0.007	0.682	0.0098	0.000	0.023
9.888	0.0171	0.007	0.687	0.0089	0.000	0.021
9.893	0.0165	0.007	0.684	0.0138	0.000	0.021
9.898	0.0186	0.009	0.685	0.0112	0.000	0.018
9.902	0.0309	0.007	0.712	0.0138	0.000	0.018
9.907	0.0292	0.009	0.701	0.0121	0.000	0.017
9.912	0.0162	0.007	0.676	0.0149	0.000	0.017
9.917	0.0165	0.007	0.675	0.0173	0.000	0.019
9.922	0.0207	0.007	0.702	0.0173	0.000	0.019
9.927	0.0307	0.007	0.708	0.0129	0.000	0.020
9.932	0.0316	0.009	0.665	0.0118	0.000	0.020
9.937	0.0142	0.011	0.667	0.0143	0.000	0.021
9.942	0.0154	0.011	0.672	0.0184	0.000	0.021
9.947	0.0216	0.011	0.673	0.0120	0.000	0.019
9.952	0.0366	0.011	0.680	0.0140	0.000	0.019
9.957	0.0384	0.009	0.668	0.0095	0.000	0.022
9.962	0.0186	0.011	0.667	0.0152	0.000	0.020
9.967	0.0194	0.011	0.667	0.0157	0.000	0.019
9.972	0.0334	0.009	0.700	0.0205	0.000	0.018
9.977	0.0508	0.011	0.675	0.0108	0.000	0.019
9.982	0.0311	0.009	0.661	0.0096	0.000	0.019
9.987	0.0176	0.011	0.656	0.0119	0.000	0.021
9.992	0.0279	0.011	0.665	0.0105	0.000	0.023
9.997	0.0491	0.011	0.682	0.0172	0.000	0.024
10.002	0.0433	0.009	0.650	0.0135	0.000	0.024
10.007	0.0215	0.009	0.666	0.0103	0.000	0.025
10.012	0.0266	0.011	0.670	0.0085	0.000	0.029
10.017	0.0396	0.011	0.669	0.0127	0.000	0.032
10.022	0.0500	0.011	0.664	0.0110	0.000	0.034
10.027	0.0319	0.009	0.675	0.0133	0.000	0.038
10.032	0.0312	0.011	0.687	0.0153	0.000	0.044
10.037	0.0378	0.011	0.607	0.0175	0.000	0.052
10.042	0.0502	0.009	0.454	0.0356	0.000	0.056
10.047	0.0335	0.011	0.363	0.0234	0.000	0.070
10.052	0.0252	0.011	0.357	0.0318	0.001	0.078
10.057	0.0134	0.014	0.604	0.0454	0.001	0.074
10.062	0.0223	0.016	0.620	0.0323	0.000	0.063
10.067	0.0159	0.011	0.660	0.0242	0.000	0.066
10.072	0.0266	0.011	0.511	0.0327	0.000	0.069
10.077	0.0161	0.016	0.433	0.0237	0.002	0.088
10.082	0.0180	0.011	0.426	0.0218	0.002	0.086
10.087	0.0096	0.025	0.444	0.0193	0.003	0.108
10.092	0.0098	0.014	0.463	0.0207	0.004	0.096
10.097	0.0103	0.025	0.333	0.0404	0.003	0.078
10.102	0.0052	0.020	0.464	0.0411	0.002	0.079
10.107	0.0143	0.009	0.547	0.0257	0.001	0.080
10.112	0.0090	0.011	0.657	0.0204	0.002	0.090
10.117	0.0180	0.011	0.605	0.0247	0.001	0.086
10.122	0.0222	0.011	0.372	0.0166	0.001	0.098
10.127	0.0194	0.016	0.436	0.0279	0.002	0.105
10.132	0.0242	0.011	0.577	0.0253	0.003	0.110
10.137	0.0139	0.009	0.626	0.0108	0.004	0.120
10.142	0.0136	0.011	0.579	0.0176	0.007	0.144
10.147	0.0146	0.011	0.592	0.0209	0.005	0.130
10.152	0.0234	0.009	0.628	0.0206	0.005	0.120
10.157	0.0140	0.009	0.629	0.0224	0.005	0.124
10.162	0.0156	0.014	0.621	0.0101	0.005	0.126
10.167	0.0254	0.016	0.633	0.0199	0.005	0.115
10.172	0.0195	0.014	0.636	0.0273	0.005	0.107
10.177	0.0163	0.014	0.587	0.0194	0.003	0.103
10.182	0.0301	0.009	0.620	0.0130	0.003	0.106
10.187	0.0177	0.009	0.644	0.0134	0.003	0.096
10.192	0.0167	0.014	0.595	0.0157	0.002	0.087
10.197	0.0268	0.016	0.634	0.0130	0.002	0.081
10.202	0.0190	0.014	0.640	0.0143	0.002	0.084
10.207	0.0196	0.007	0.654	0.0284	0.002	0.081
10.212	0.0175	0.016	0.643	0.0188	0.002	0.071
10.217	0.0292	0.009	0.648	0.0224	0.001	0.066
10.222	0.0194	0.009	0.638	0.0295	0.001	0.081
10.227	0.0199	0.009	0.624	0.0215	0.001	0.080
10.232	0.0298	0.016	0.647	0.0305	0.001	0.077
10.237	0.0188	0.009	0.647	0.0155	0.001	0.070
10.242	0.0193	0.009	0.619	0.0168	0.001	0.066
10.247	0.0257	0.011	0.636	0.0113	0.001	0.059
10.252	0.0232	0.009	0.641	0.0094	0.001	0.057
10.257	0.0193	0.009	0.654	0.0285	0.000	0.052
10.262	0.0173	0.009	0.640	0.0192	0.000	0.052
10.267	0.0276	0.011	0.637	0.0272	0.000	0.040
10.272	0.0208	0.009	0.653	0.0356	0.000	0.033
10.277	0.0159	0.009	0.641	0.0283	0.000	0.029
10.282	0.0299	0.009	0.637	0.0258	0.000	0.029
10.287	0.0178	0.009	0.641	0.0156	0.000	0.023
10.292	0.0171	0.009	0.617	0.0196	0.000	0.022
10.297	0.0198	0.011	0.610	0.0196	0.000	0.021
10.302	0.0278	0.009	0.655	0.0162	0.000	0.022
10.307	0.0176	0.009	0.652	0.0395	0.000	0.021
10.312	0.0180	0.009	0.624	0.0192	0.000	0.020
10.317	0.0301	0.009	0.650	0.0144	0.000	0.018
10.322	0.0163	0.009	0.634	0.0325	0.000	0.018
10.327	0.0147	0.009	0.613	0.0240	0.000	0.017
10.332	0.0323	0.011	0.658	0.0117	0.000	0.017
10.337	0.0171	0.009	0.654	0.0346	0.000	0.019
10.341	0.0144	0.009	0.623	0.0178	0.000	0.023
10.346	0.0307	0.016	0.636	0.0188	0.000	0.020
10.351	0.0253	0.007	0.653	0.0351	0.000	0.019
10.356	0.0109	0.011	0.652	0.0411	0.000	0.027
10.361	0.0237	0.009	0.633	0.0198	0.000	0.031
10.366	0.0303	0.009	0.649	0.0122	0.000	0.036
10.371	0.0107	0.009	0.645	0.0332	0.000	0.037
10.376	0.0121	0.011	0.616	0.0271	0.000	0.049
10.381	0.0295	0.011	0.655	0.0145	0.001	0.048
10.386	0.0128	0.011	0.660	0.0344	0.001	0.051
10.391	0.0107	0.014	0.615	0.0158	0.001	0.059
10.396	0.0203	0.011	0.583	0.0303	0.001	0.052
10.401	0.0235	0.007	0.656	0.0434	0.001	0.049
10.406	0.0070	0.011	0.642	0.0435	0.000	0.045
10.411	0.0200	0.009	0.611	0.0230	0.000	0.042
10.416	0.0252	0.009	0.643	0.0121	0.000	0.037
10.421	0.0088	0.014	0.621	0.0345	0.000	0.041
10.426	0.0132	0.011	0.611	0.0153	0.001	0.049
10.431	0.0312	0.014	0.652	0.0107	0.001	0.047
10.436	0.0170	0.009	0.637	0.0177	0.001	0.050
10.441	0.0184	0.009	0.577	0.0143	0.001	0.053
10.446	0.0281	0.009	0.568	0.0211	0.001	0.060
10.451	0.0188	0.009	0.613	0.0221	0.002	0.064
10.456	0.0143	0.014	0.611	0.0137	0.007	0.079
10.461	0.0187	0.014	0.619	0.0074	0.008	0.087
10.466	0.0157	0.014	0.638	0.0122	0.008	0.089
10.471	0.0125	0.032	0.566	0.0099	0.008	0.091
10.476	0.0198	0.020	0.601	0.0114	0.006	0.083
10.481	0.0149	0.018	0.647	0.0189	0.004	0.080
10.486	0.0139	0.016	0.637	0.0168	0.002	0.071
10.491	0.0194	0.016	0.626	0.0099	0.003	0.075
10.496	0.0170	0.014	0.641	0.0118	0.003	0.080
10.501	0.0152	0.007	0.573	0.0094	0.003	0.093
10.506	0.0172	0.011	0.591	0.0104	0.003	0.084
10.511	0.0182	0.009	0.647	0.0199	0.003	0.083
10.516	0.0149	0.011	0.644	0.0174	0.005	0.094
10.521	0.0147	0.016	0.628	0.0107	0.004	0.098
10.526	0.0193	0.009	0.634	0.0140	0.004	0.098
10.531	0.0146	0.011	0.575	0.0145	0.002	0.082
10.536	0.0130	0.011	0.574	0.0118	0.001	0.068
10.541	0.0187	0.009	0.651	0.0207	0.001	0.064
10.546	0.0133	0.007	0.646	0.0214	0.003	0.081
10.551	0.0129	0.011	0.628	0.0131	0.003	0.081
10.556	0.0185	0.009	0.632	0.0197	0.002	0.076
10.561	0.0114	0.007	0.521	0.0255	0.001	0.065
10.566	0.0130	0.011	0.543	0.0190	0.001	0.069
10.571	0.0120	0.007	0.604	0.0395	0.001	0.076
10.576	0.0048	0.009	0.516	0.0226	0.001	0.093
10.581	0.0138	0.011	0.646	0.0132	0.001	0.097
10.586	0.0054	0.005	0.633	0.0394	0.002	0.114
10.591	0.0019	0.016	0.546	0.0414	0.002	0.122
10.596	0.0122	0.011	0.630	0.0146	0.003	0.142
10.601	0.0034	0.009	0.586	0.0188	0.007	0.173
10.606	0.0045	0.011	0.525	0.0195	0.011	0.232
10.611	0.0089	0.002	0.614	0.0230	0.013	0.237
10.616	0.0026	0.036	0.595	0.0439	0.019	0.269
10.621	0.0045	0.016	0.541	0.0159	0.027	0.291
10.626	0.0068	0.007	0.557	0.0113	0.064	0.388
10.631	0.0029	0.016	0.556	0.0100	0.113	0.442
10.636	0.0026	0.045	0.467	0.0165	0.190	0.417
10.641	0.0047	0.039	0.427	0.0186	0.278	0.398
10.646	0.0039	0.052	0.391	0.0130	0.389	0.438
10.651	0.0025	0.086	0.320	0.0128	0.521	0.438
10.656	0.0034	0.109	0.248	0.0156	0.655	0.438
10.661	0.0036	0.114	0.233	0.0134	0.717	0.460
10.666	0.0028	0.166	0.193	0.0129	0.803	0.456
10.671	0.0033	0.164	0.170	0.0118	0.864	0.454
10.676	0.0026	0.157	0.141	0.0119	0.880	0.454
10.681	0.0028	0.155	0.139	0.0142	0.890	0.430
10.686	0.0016	0.164	0.163	0.0118	0.898	0.419
10.691	0.0023	0.182	0.170	0.0163	0.912	0.395
10.696	0.0014	0.170	0.186	0.0117	0.910	0.356
10.701	0.0018	0.155	0.172	0.0130	0.883	0.347
10.706	0.0015	0.150	0.227	0.0137	0.864	0.335
10.711	0.0010	0.141	0.103	0.0116	0.792	0.365
10.716	0.0007	0.114	0.083	0.0629	0.097	0.494
10.721	0.0002	0.007	0.097	0.0443	0.056	0.516
10.726	0.0001	0.041	0.071	0.0123	0.305	0.685
10.731	0.0000	0.000	0.054	0.0095	0.568	0.724
10.736	0.0000	0.018	0.170	0.0052	0.681	0.742
10.741	0.0000	0.000	0.001	0.0009	0.674	0.743
10.746	0.0000	0.018	0.000	0.0238	0.498	0.733
10.751	0.0000	0.000	0.000	0.0000	0.000	1.000
10.756	0.0000	0.000	0.000	0.0000	0.000	1.000
10.761	0.0000	0.000	0.000	0.0000	0.000	1.000
10.766	0.0000	0.000	0.000	0.0016	0.803	0.998
10.771	0.0000	0.000	0.065	0.0112	0.739	0.902
10.776	0.0000	0.000	0.333	0.0145	0.356	0.718
10.780	0.0000	0.002	0.364	0.0257	0.159	0.658
10.785	0.0000	0.034	0.528	0.0349	0.038	0.566
10.790	0.0000	0.039	0.537	0.0419	0.015	0.459
10.795	0.0001	0.041	0.711	0.0095	0.052	0.466
10.800	0.0001	0.041	0.696	0.0095	0.070	0.444
10.805	0.0002	0.039	0.373	0.0147	0.205	0.461
10.810	0.0003	0.050	0.318	0.0249	0.318	0.413
10.815	0.0001	0.095	0.296	0.0140	0.193	0.321
10.820	0.0002	0.073	0.282	0.0132	0.159	0.297
10.825	0.0007	0.059	0.319	0.0328	0.085	0.322
10.830	0.0004	0.041	0.406	0.0647	0.008	0.254
10.835	0.0001	0.036	0.461	0.0214	0.002	0.219
10.840	0.0004	0.039	0.455	0.0168	0.003	0.238
10.845	0.0002	0.039	0.338	0.0211	0.002	0.247
10.850	0.0002	0.039	0.392	0.0314	0.007	0.266
10.855	0.0001	0.039	0.401	0.0173	0.107	0.279
10.860	0.0001	0.025	0.334	0.0161	0.170	0.302
10.865	0.0002	0.070	0.258	0.0174	0.301	0.282
10.870	0.0001	0.055	0.258	0.0156	0.474	0.268
10.875	0.0002	0.075	0.188	0.0147	0.652	0.272
10.880	0.0002	0.120	0.197	0.0105	0.669	0.306
10.885	0.0002	0.114	0.110	0.0185	0.504	0.534
10.890	0.0001	0.077	0.115	0.0106	0.531	0.661
10.895	0.0000	0.068	0.059	0.0120	0.630	0.784
10.900	0.0000	0.009	0.091	0.0074	0.641	0.731
10.905	0.0000	0.000	0.000	0.0940	0.104	0.681
10.910	0.0000	0.000	0.000	0.0000	0.000	1.000
10.915	0.0000	0.000	0.000	0.0000	0.000	1.000
10.920	0.0000	0.000	0.000	0.0000	0.000	1.000
10.925	0.0000	0.000	0.000	0.0000	0.000	1.000
10.930	0.0000	0.000	0.000	0.0000	0.000	1.000
10.935	0.0000	0.000	0.000	0.0000	0.000	1.000
10.940	0.0000	0.000	0.000	0.0000	0.000	1.000
10.945	0.0000	0.000	0.000	0.0000	0.000	1.000
10.950	0.0000	0.000	0.000	0.0000	0.000	1.000
10.955	0.0000	0.000	0.000	0.0003	0.820	0.997
10.960	0.0000	0.000	0.000	0.0003	0.821	0.999
10.965	0.0000	0.000	0.000	0.0005	0.821	0.997
10.970	0.0000	0.005	0.000	0.0209	0.640	0.979
10.975	0.0000	0.000	0.000	0.0000	0.000	1.000
10.980	0.0000	0.000	0.000	0.0000	0.000	1.000
10.985	0.0000	0.000	0.000	0.0000	0.000	1.000
10.990	0.0000	0.000	0.000	0.0000	0.000	1.000
10.995	0.0000	0.000	0.000	0.0793	0.243	0.744
11.000	0.0000	0.000	0.001	0.0089	0.601	0.780
11.005	0.0000	0.000	0.210	0.0160	0.292	0.700
11.010	0.0000	0.005	0.371	0.0138	0.176	0.653
11.015	0.0000	0.005	0.227	0.0146	0.101	0.623
11.020	0.0000	0.036	0.219	0.0189	0.097	0.609
11.025	0.0000	0.041	0.333	0.0211	0.036	0.522
11.030	0.0000	0.036	0.358	0.0325	0.018	0.435
11.035	0.0001	0.036	0.396	0.0309	0.003	0.260
11.040	0.0001	0.025	0.443	0.0251	0.002	0.239
11.045	0.0002	0.034	0.532	0.0351	0.002	0.260
11.050	0.0002	0.039	0.580	0.0517	0.001	0.240
11.055	0.0002	0.034	0.788	0.0365	0.001	0.239
11.060	0.0003	0.034	0.693	0.0440	0.001	0.238
11.065	0.0002	0.034	0.573	0.0403	0.003	0.279
11.070	0.0003	0.041	0.548	0.0679	0.002	0.229
11.075	0.0002	0.034	0.617	0.0140	0.051	0.292
11.080	0.0004	0.036	0.406	0.0112	0.135	0.338
11.085	0.0005	0.043	0.145	0.0175	0.450	0.400
11.090	0.0004	0.073	0.164	0.0126	0.618	0.386
11.095	0.0004	0.091	0.169	0.0133	0.646	0.415
11.100	0.0009	0.120	0.176	0.0117	0.684	0.422
11.105	0.0009	0.114	0.205	0.0150	0.690	0.385
11.110	0.0010	0.125	0.199	0.0149	0.776	0.383
11.115	0.0010	0.120	0.164	0.0145	0.916	0.344
11.120	0.0013	0.143	0.253	0.0174	0.932	0.304
11.125	0.0006	0.111	0.030	0.0221	0.576	0.601
11.130	0.0000	0.089	0.245	0.0110	0.679	0.679
11.135	0.0000	0.095	0.128	0.0100	0.761	0.749
11.140	0.0000	0.082	0.348	0.0234	0.393	0.732
11.145	0.0000	0.027	0.579	0.0196	0.092	0.632
11.150	0.0000	0.023	0.559	0.0129	0.071	0.614
11.155	0.0000	0.023	0.404	0.0158	0.128	0.668
11.160	0.0000	0.027	0.179	0.0096	0.195	0.706
11.165	0.0000	0.045	0.180	0.0180	0.200	0.677
11.170	0.0000	0.032	0.208	0.0119	0.201	0.694
11.175	0.0000	0.036	0.281	0.0125	0.183	0.688
11.180	0.0000	0.045	0.274	0.0105	0.184	0.660
11.185	0.0000	0.018	0.175	0.0131	0.175	0.695
11.190	0.0000	0.000	0.087	0.0214	0.140	0.589
11.195	0.0000	0.000	0.282	0.0047	0.210	0.663
11.200	0.0000	0.005	0.264	0.0103	0.445	0.767
11.205	0.0000	0.005	0.243	0.0060	0.608	0.810
11.210	0.0000	0.011	0.002	0.0018	0.608	0.813
11.215	0.0000	0.007	0.000	0.6684	0.000	0.058
11.220	0.0000	0.000	0.000	0.0000	0.000	1.000
11.224	0.0000	0.000	0.000	0.0000	0.000	1.000
11.229	0.0000	0.000	0.000	0.0000	0.000	1.000
11.234	0.0000	0.000	0.000	0.0000	0.000	1.000
11.239	0.0000	0.000	0.000	0.0000	0.000	1.000
11.244	0.0000	0.000	0.000	0.0000	0.000	1.000
11.249	0.0000	0.000	0.000	0.0000	0.000	1.000
11.254	0.0000	0.000	0.000	0.0000	0.000	1.000
11.259	0.0000	0.000	0.000	0.0000	0.000	1.000
11.264	0.0000	0.000	0.000	0.5899	0.000	0.137
11.269	0.0000	0.000	0.076	0.0974	0.004	0.293
11.274	0.0000	0.000	0.344	0.0388	0.002	0.223
11.279	0.0000	0.000	0.269	0.0462	0.001	0.186
11.284	0.0002	0.007	0.519	0.0329	0.000	0.079
11.289	0.0002	0.007	0.550	0.0251	0.000	0.052
11.294	0.0010	0.007	0.651	0.0216	0.000	0.030
11.299	0.0025	0.005	0.656	0.0171	0.000	0.022
11.304	0.0055	0.009	0.715	0.0167	0.000	0.015
11.309	0.0093	0.011	0.733	0.0136	0.000	0.014
11.314	0.0075	0.020	0.767	0.0093	0.001	0.013
11.319	0.0142	0.014	0.766	0.0101	0.001	0.015
11.324	0.0221	0.016	0.761	0.0086	0.002	0.025
11.329	0.0196	0.007	0.765	0.0111	0.003	0.033
11.334	0.0193	0.009	0.768	0.0147	0.005	0.034
11.339	0.0392	0.020	0.756	0.0146	0.006	0.031
11.344	0.0436	0.016	0.756	0.0161	0.005	0.023
11.349	0.0378	0.030	0.782	0.0167	0.004	0.026
11.354	0.0531	0.036	0.786	0.0134	0.004	0.023
11.359	0.0577	0.025	0.791	0.0148	0.003	0.020
11.364	0.0504	0.018	0.789	0.0171	0.002	0.016
11.369	0.0813	0.016	0.789	0.0127	0.002	0.015
11.374	0.0618	0.018	0.796	0.0160	0.001	0.013
11.379	0.0999	0.016	0.809	0.0098	0.001	0.012
11.384	0.1000	0.014	0.803	0.0134	0.001	0.013
11.389	0.0878	0.011	0.778	0.0131	0.001	0.014
11.394	0.1056	0.014	0.746	0.0210	0.001	0.013
11.399	0.0911	0.016	0.745	0.0150	0.001	0.013
11.404	0.0668	0.020	0.752	0.0130	0.001	0.014
11.409	0.0698	0.016	0.716	0.0162	0.002	0.015
11.414	0.0650	0.016	0.666	0.0238	0.002	0.015
11.419	0.0484	0.014	0.711	0.0203	0.002	0.016
11.424	0.0462	0.016	0.742	0.0157	0.002	0.016
11.429	0.0604	0.018	0.693	0.0212	0.002	0.015
11.434	0.0791	0.016	0.693	0.0233	0.001	0.014
11.439	0.0736	0.014	0.690	0.0186	0.001	0.014
11.444	0.0699	0.016	0.693	0.0214	0.001	0.016
11.449	0.0676	0.016	0.630	0.0204	0.001	0.020
11.454	0.0759	0.014	0.597	0.0270	0.001	0.021
11.459	0.0804	0.014	0.656	0.0170	0.001	0.027
11.464	0.0645	0.016	0.697	0.0086	0.001	0.033
11.469	0.0618	0.014	0.679	0.0154	0.001	0.057
11.474	0.0702	0.014	0.687	0.0143	0.002	0.080
11.479	0.0743	0.011	0.701	0.0103	0.003	0.087
11.484	0.0801	0.014	0.705	0.0113	0.003	0.087
11.489	0.0777	0.014	0.679	0.0146	0.003	0.098
11.494	0.0753	0.018	0.704	0.0119	0.002	0.088
11.499	0.0757	0.025	0.718	0.0049	0.002	0.089
11.504	0.0701	0.027	0.706	0.0070	0.002	0.087
11.509	0.0902	0.016	0.725	0.0059	0.003	0.092
11.514	0.0909	0.023	0.705	0.0102	0.002	0.100
11.519	0.0794	0.023	0.730	0.0048	0.002	0.097
11.524	0.1068	0.020	0.728	0.0090	0.003	0.091
11.529	0.1101	0.027	0.735	0.0057	0.002	0.089
11.534	0.1078	0.023	0.723	0.0060	0.002	0.081
11.539	0.0908	0.018	0.724	0.0055	0.002	0.082
11.544	0.0890	0.025	0.722	0.0103	0.003	0.088
11.549	0.0931	0.023	0.720	0.0063	0.002	0.085
11.554	0.0648	0.018	0.723	0.0096	0.002	0.070
11.559	0.0493	0.016	0.726	0.0057	0.002	0.064
11.564	0.0515	0.016	0.728	0.0095	0.001	0.038
11.569	0.0656	0.018	0.712	0.0066	0.001	0.022
11.574	0.0693	0.014	0.729	0.0079	0.001	0.018
11.579	0.0656	0.016	0.706	0.0089	0.001	0.020
11.584	0.0620	0.011	0.693	0.0119	0.001	0.036
11.589	0.0681	0.014	0.719	0.0084	0.001	0.052
11.594	0.0618	0.014	0.714	0.0070	0.003	0.070
11.599	0.0502	0.014	0.705	0.0104	0.005	0.060
11.604	0.0619	0.011	0.643	0.0185	0.003	0.026
11.609	0.0552	0.014	0.683	0.0207	0.002	0.021
11.614	0.0454	0.014	0.713	0.0157	0.001	0.019
11.619	0.0435	0.014	0.705	0.0186	0.001	0.023
11.624	0.0451	0.018	0.715	0.0175	0.001	0.029
11.629	0.0502	0.014	0.727	0.0161	0.001	0.032
11.634	0.0483	0.020	0.745	0.0146	0.001	0.026
11.639	0.0416	0.018	0.730	0.0126	0.001	0.025
11.644	0.0344	0.014	0.691	0.0227	0.000	0.029
11.649	0.0225	0.018	0.727	0.0148	0.001	0.026
11.654	0.0266	0.025	0.668	0.0139	0.001	0.024
11.659	0.0217	0.023	0.615	0.0223	0.001	0.026
11.663	0.0198	0.020	0.708	0.0301	0.001	0.025
11.668	0.0149	0.016	0.766	0.0178	0.000	0.018
11.673	0.0322	0.014	0.762	0.0120	0.000	0.011
11.678	0.0417	0.016	0.754	0.0120	0.000	0.013
11.683	0.0425	0.016	0.771	0.0139	0.000	0.014
11.688	0.0455	0.016	0.750	0.0169	0.001	0.016
11.693	0.0296	0.016	0.715	0.0149	0.001	0.025
11.698	0.0293	0.020	0.746	0.0134	0.002	0.030
11.703	0.0344	0.030	0.727	0.0113	0.002	0.029
11.708	0.0601	0.020	0.699	0.0159	0.002	0.027
11.713	0.0803	0.016	0.761	0.0114	0.004	0.027
11.718	0.0841	0.014	0.732	0.0098	0.003	0.029
11.723	0.0906	0.030	0.754	0.0184	0.001	0.040
11.728	0.0931	0.018	0.761	0.0127	0.001	0.041
11.733	0.0637	0.016	0.736	0.0140	0.001	0.030
11.738	0.0663	0.016	0.684	0.0189	0.001	0.032
11.743	0.0524	0.014	0.560	0.0322	0.001	0.058
11.748	0.0500	0.023	0.556	0.0337	0.001	0.056
11.753	0.0372	0.011	0.734	0.0201	0.000	0.038
11.758	0.0398	0.023	0.771	0.0127	0.000	0.021
11.763	0.0559	0.018	0.791	0.0095	0.000	0.019
11.768	0.0475	0.016	0.785	0.0056	0.000	0.026
11.773	0.0472	0.014	0.761	0.0122	0.000	0.034
11.778	0.0328	0.009	0.770	0.0116	0.001	0.041
11.783	0.0194	0.011	0.757	0.0140	0.000	0.049
11.788	0.0253	0.014	0.767	0.0082	0.000	0.048
11.793	0.0363	0.011	0.767	0.0077	0.001	0.039
11.798	0.0385	0.009	0.756	0.0129	0.001	0.037
11.803	0.0467	0.011	0.685	0.0093	0.001	0.054
11.808	0.0540	0.009	0.646	0.0287	0.001	0.070
11.813	0.0475	0.009	0.683	0.0252	0.001	0.069
11.818	0.0465	0.011	0.707	0.0239	0.000	0.071
11.823	0.0443	0.009	0.729	0.0193	0.001	0.073
11.828	0.0531	0.011	0.760	0.0097	0.001	0.080
11.833	0.0532	0.016	0.762	0.0086	0.001	0.079
11.838	0.0477	0.014	0.776	0.0068	0.001	0.083
11.843	0.0631	0.020	0.754	0.0097	0.002	0.091
11.848	0.0760	0.014	0.750	0.0081	0.002	0.092
11.853	0.0905	0.018	0.742	0.0105	0.002	0.096
11.858	0.1002	0.014	0.727	0.0112	0.002	0.099
11.863	0.0910	0.020	0.717	0.0103	0.003	0.105
11.868	0.0936	0.014	0.661	0.0132	0.005	0.123
11.873	0.0797	0.030	0.641	0.0149	0.006	0.131
11.878	0.0719	0.025	0.659	0.0149	0.004	0.125
11.883	0.0596	0.027	0.555	0.0167	0.004	0.122
11.888	0.0608	0.018	0.434	0.0191	0.003	0.148
11.893	0.0397	0.020	0.378	0.0334	0.006	0.209
11.898	0.0156	0.014	0.550	0.0218	0.003	0.195
11.903	0.0101	0.018	0.486	0.0152	0.003	0.223
11.908	0.0122	0.009	0.394	0.0159	0.003	0.225
11.913	0.0080	0.016	0.261	0.0258	0.002	0.177
11.918	0.0027	0.018	0.390	0.0201	0.002	0.121
11.923	0.0032	0.020	0.524	0.0226	0.001	0.088
11.928	0.0034	0.023	0.622	0.0257	0.000	0.077
11.933	0.0018	0.018	0.733	0.0120	0.000	0.056
11.938	0.0029	0.020	0.715	0.0166	0.000	0.061
11.943	0.0033	0.018	0.714	0.0104	0.000	0.059
11.948	0.0032	0.014	0.392	0.0150	0.007	0.322
11.953	0.0025	0.011	0.219	0.0137	0.365	0.641
11.958	0.0020	0.016	0.167	0.0129	0.257	0.584
11.963	0.0027	0.109	0.198	0.0163	0.184	0.481
11.968	0.0103	0.082	0.194	0.0111	0.200	0.513
11.973	0.0098	0.114	0.252	0.0118	0.249	0.564
11.978	0.0065	0.093	0.199	0.0168	0.274	0.549
11.983	0.0054	0.116	0.384	0.0461	0.078	0.373
11.988	0.0061	0.082	0.587	0.0300	0.017	0.256
11.993	0.0046	0.050	0.688	0.0185	0.008	0.146
11.998	0.0259	0.018	0.736	0.0160	0.010	0.129
12.003	0.0244	0.020	0.738	0.0154	0.008	0.119
12.008	0.0393	0.023	0.689	0.0200	0.007	0.117
12.013	0.0549	0.023	0.717	0.0313	0.004	0.099
12.018	0.0597	0.025	0.787	0.0328	0.001	0.085
12.023	0.0690	0.018	0.721	0.0213	0.001	0.072
12.028	0.0556	0.016	0.623	0.0385	0.001	0.071
12.033	0.0310	0.007	0.683	0.0222	0.001	0.052
12.038	0.0308	0.007	0.754	0.0112	0.001	0.045
12.043	0.0341	0.005	0.760	0.0134	0.000	0.037
12.048	0.0339	0.005	0.769	0.0099	0.000	0.035
12.053	0.0436	0.005	0.781	0.0094	0.000	0.034
12.058	0.0439	0.005	0.728	0.0202	0.000	0.047
12.063	0.0399	0.007	0.632	0.0236	0.000	0.065
12.068	0.0348	0.005	0.686	0.0292	0.000	0.057
12.073	0.0222	0.016	0.743	0.0095	0.000	0.058
12.078	0.0281	0.009	0.784	0.0089	0.000	0.060
12.083	0.0429	0.009	0.752	0.0110	0.001	0.066
12.088	0.0613	0.011	0.742	0.0106	0.001	0.072
12.093	0.0647	0.009	0.730	0.0127	0.001	0.073
12.098	0.0558	0.011	0.740	0.0137	0.001	0.077
12.102	0.0736	0.014	0.742	0.0100	0.001	0.077
12.107	0.0779	0.014	0.741	0.0084	0.001	0.077
12.112	0.0813	0.014	0.732	0.0146	0.001	0.083
12.117	0.0849	0.014	0.737	0.0100	0.001	0.079
12.122	0.0944	0.014	0.770	0.0094	0.001	0.081
12.127	0.0943	0.014	0.750	0.0079	0.001	0.074
12.132	0.1019	0.016	0.760	0.0171	0.001	0.075
12.137	0.1047	0.014	0.753	0.0118	0.001	0.071
12.142	0.0849	0.014	0.754	0.0079	0.001	0.069
12.147	0.0791	0.016	0.750	0.0043	0.001	0.076
12.152	0.0804	0.014	0.736	0.0115	0.001	0.083
12.157	0.0821	0.014	0.748	0.0091	0.001	0.081
12.162	0.0833	0.014	0.748	0.0070	0.001	0.076
12.167	0.0860	0.014	0.760	0.0113	0.001	0.076
12.172	0.0854	0.014	0.750	0.0080	0.001	0.079
12.177	0.0804	0.014	0.760	0.0104	0.001	0.076
12.182	0.0797	0.014	0.735	0.0155	0.001	0.076
12.187	0.0799	0.014	0.756	0.0106	0.001	0.073
12.192	0.0833	0.016	0.760	0.0063	0.001	0.071
12.197	0.0900	0.014	0.748	0.0104	0.001	0.068
12.202	0.0864	0.014	0.725	0.0209	0.000	0.065
12.207	0.0764	0.014	0.701	0.0183	0.001	0.066
12.212	0.0708	0.014	0.683	0.0168	0.001	0.084
12.217	0.0738	0.016	0.699	0.0138	0.001	0.087
12.222	0.0645	0.018	0.766	0.0111	0.001	0.083
12.227	0.0787	0.018	0.752	0.0122	0.002	0.086
12.232	0.0987	0.016	0.744	0.0139	0.002	0.080
12.237	0.0784	0.009	0.761	0.0114	0.002	0.083
12.242	0.0676	0.011	0.750	0.0175	0.001	0.076
12.247	0.0549	0.011	0.761	0.0223	0.001	0.068
12.252	0.0604	0.011	0.782	0.0121	0.000	0.059
12.257	0.0734	0.009	0.784	0.0099	0.000	0.053
12.262	0.0780	0.011	0.787	0.0103	0.000	0.052
12.267	0.0726	0.011	0.795	0.0112	0.000	0.049
12.272	0.0739	0.011	0.793	0.0175	0.000	0.049
12.277	0.0764	0.011	0.788	0.0156	0.000	0.040
12.282	0.0987	0.009	0.800	0.0108	0.000	0.036
12.287	0.0971	0.011	0.795	0.0091	0.000	0.037
12.292	0.0804	0.011	0.776	0.0117	0.000	0.039
12.297	0.0679	0.009	0.775	0.0155	0.000	0.034
12.302	0.0736	0.011	0.775	0.0127	0.000	0.033
12.307	0.0705	0.011	0.775	0.0123	0.000	0.036
12.312	0.0619	0.011	0.767	0.0128	0.000	0.037
12.317	0.0512	0.009	0.779	0.0117	0.000	0.038
12.322	0.0443	0.011	0.783	0.0053	0.000	0.047
12.327	0.0462	0.011	0.771	0.0121	0.000	0.046
12.332	0.0489	0.009	0.780	0.0122	0.000	0.058
12.337	0.0486	0.011	0.775	0.0101	0.000	0.056
12.342	0.0429	0.011	0.775	0.0087	0.000	0.059
12.347	0.0393	0.009	0.773	0.0092	0.000	0.056
12.352	0.0314	0.011	0.738	0.0103	0.000	0.063
12.357	0.0285	0.009	0.738	0.0130	0.000	0.064
12.362	0.0290	0.011	0.753	0.0155	0.000	0.063
12.367	0.0362	0.009	0.777	0.0139	0.000	0.059
12.372	0.0523	0.011	0.802	0.0095	0.000	0.063
12.377	0.0549	0.011	0.801	0.0090	0.000	0.064
12.382	0.0608	0.009	0.782	0.0084	0.000	0.067
12.387	0.0488	0.011	0.768	0.0090	0.000	0.064
12.392	0.0457	0.009	0.762	0.0260	0.000	0.061
12.397	0.0399	0.011	0.766	0.0259	0.000	0.052
12.402	0.0424	0.011	0.773	0.0166	0.000	0.054
12.407	0.0463	0.011	0.780	0.0128	0.000	0.055
12.412	0.0435	0.009	0.780	0.0094	0.000	0.053
12.417	0.0266	0.011	0.779	0.0138	0.000	0.052
12.422	0.0268	0.011	0.769	0.0115	0.000	0.051
12.427	0.0267	0.011	0.769	0.0113	0.000	0.053
12.432	0.0392	0.009	0.796	0.0088	0.000	0.056
12.437	0.0324	0.011	0.797	0.0104	0.000	0.055
12.442	0.0262	0.011	0.781	0.0108	0.000	0.057
12.447	0.0263	0.011	0.783	0.0122	0.000	0.059
12.452	0.0299	0.011	0.769	0.0125	0.001	0.060
12.457	0.0359	0.011	0.770	0.0158	0.001	0.057
12.462	0.0332	0.011	0.775	0.0129	0.000	0.056
12.467	0.0368	0.011	0.774	0.0109	0.000	0.061
12.472	0.0485	0.011	0.777	0.0172	0.000	0.069
12.477	0.0589	0.011	0.793	0.0090	0.000	0.072
12.482	0.0640	0.011	0.824	0.0101	0.001	0.077
12.487	0.0727	0.011	0.824	0.0093	0.001	0.073
12.492	0.0957	0.011	0.781	0.0091	0.001	0.077
12.497	0.0896	0.011	0.718	0.0124	0.002	0.084
12.502	0.0614	0.011	0.650	0.0165	0.002	0.105
12.507	0.0442	0.014	0.685	0.0163	0.002	0.109
12.512	0.0331	0.014	0.763	0.0147	0.002	0.116
12.517	0.0357	0.025	0.768	0.0124	0.002	0.111
12.522	0.0341	0.025	0.764	0.0090	0.003	0.116
12.527	0.0280	0.020	0.779	0.0121	0.002	0.108
12.532	0.0290	0.027	0.764	0.0164	0.001	0.095
12.537	0.0457	0.025	0.771	0.0124	0.001	0.091
12.541	0.0452	0.027	0.785	0.0107	0.001	0.081
12.546	0.0518	0.020	0.764	0.0113	0.001	0.097
12.551	0.0398	0.020	0.729	0.0206	0.002	0.097
12.556	0.0480	0.016	0.746	0.0179	0.001	0.086
12.561	0.0489	0.014	0.770	0.0135	0.001	0.065
12.566	0.0499	0.011	0.756	0.0107	0.001	0.062
12.571	0.0762	0.009	0.788	0.0103	0.000	0.054
12.576	0.0756	0.009	0.781	0.0160	0.000	0.046
12.581	0.0783	0.011	0.769	0.0166	0.000	0.050
12.586	0.0744	0.009	0.751	0.0112	0.000	0.055
12.591	0.0445	0.009	0.734	0.0104	0.000	0.053
12.596	0.0183	0.011	0.745	0.0135	0.000	0.050
12.601	0.0150	0.009	0.703	0.0147	0.000	0.058
12.606	0.0191	0.009	0.716	0.0203	0.000	0.054
12.611	0.0292	0.011	0.746	0.0165	0.000	0.043
12.616	0.0411	0.011	0.735	0.0134	0.000	0.042
12.621	0.0603	0.009	0.759	0.0240	0.000	0.038
12.626	0.0598	0.011	0.765	0.0250	0.000	0.039
12.631	0.0541	0.011	0.791	0.0144	0.000	0.041
12.636	0.0439	0.011	0.798	0.0094	0.000	0.039
12.641	0.0779	0.011	0.798	0.0132	0.000	0.042
12.646	0.1108	0.009	0.798	0.0138	0.000	0.039
12.651	0.1079	0.011	0.798	0.0096	0.000	0.043
12.656	0.0822	0.011	0.791	0.0099	0.000	0.046
12.661	0.0776	0.011	0.780	0.0136	0.000	0.052
12.666	0.1057	0.011	0.784	0.0134	0.000	0.054
12.671	0.1126	0.011	0.793	0.0120	0.001	0.046
12.676	0.0857	0.016	0.806	0.0090	0.001	0.047
12.681	0.0905	0.018	0.783	0.0078	0.001	0.052
12.686	0.1310	0.018	0.750	0.0127	0.001	0.058
12.691	0.1080	0.016	0.733	0.0107	0.002	0.068
12.696	0.0732	0.014	0.780	0.0147	0.003	0.066
12.701	0.0726	0.011	0.772	0.0160	0.002	0.066
12.706	0.0893	0.009	0.741	0.0132	0.002	0.071
12.711	0.0837	0.020	0.650	0.0133	0.003	0.095
12.716	0.0646	0.020	0.500	0.0191	0.008	0.126
12.721	0.0322	0.016	0.496	0.0171	0.025	0.204
12.726	0.0192	0.034	0.544	0.0382	0.013	0.198
12.731	0.0144	0.018	0.730	0.0396	0.001	0.105
12.736	0.0111	0.007	0.664	0.0199	0.001	0.070
12.741	0.0082	0.005	0.463	0.0301	0.000	0.051
12.746	0.0043	0.009	0.432	0.0340	0.001	0.050
12.751	0.0040	0.014	0.586	0.0265	0.000	0.045
12.756	0.0028	0.023	0.680	0.0204	0.000	0.040
12.761	0.0032	0.023	0.720	0.0218	0.000	0.035
12.766	0.0028	0.020	0.733	0.0230	0.000	0.036
12.771	0.0032	0.014	0.733	0.0176	0.000	0.032
12.776	0.0030	0.011	0.773	0.0097	0.000	0.032
12.781	0.0030	0.016	0.765	0.0096	0.000	0.032
12.786	0.0025	0.018	0.769	0.0150	0.000	0.030
12.791	0.0025	0.018	0.468	0.0100	0.000	0.063
12.796	0.0031	0.016	0.238	0.0258	0.103	0.282
12.801	0.0030	0.011	0.252	0.0066	0.260	0.389
12.806	0.0022	0.032	0.219	0.0111	0.296	0.463
12.811	0.0092	0.114	0.265	0.0177	0.205	0.485
12.816	0.0060	0.095	0.493	0.0546	0.038	0.392
12.821	0.0057	0.070	0.602	0.0236	0.009	0.203
12.826	0.0132	0.016	0.658	0.0185	0.011	0.149
12.831	0.0374	0.018	0.677	0.0267	0.011	0.138
12.836	0.0390	0.011	0.690	0.0249	0.007	0.122
12.841	0.0254	0.016	0.732	0.0175	0.003	0.115
12.846	0.0354	0.011	0.742	0.0180	0.003	0.118
12.851	0.0675	0.011	0.768	0.0196	0.001	0.096
12.856	0.0762	0.011	0.788	0.0124	0.001	0.082
12.861	0.0762	0.016	0.786	0.0073	0.001	0.072
12.866	0.0757	0.016	0.797	0.0072	0.001	0.076
12.871	0.1002	0.009	0.797	0.0082	0.001	0.074
12.876	0.1238	0.011	0.777	0.0112	0.001	0.070
12.881	0.1089	0.011	0.761	0.0121	0.001	0.067
12.886	0.0842	0.009	0.774	0.0113	0.001	0.065
12.891	0.0513	0.011	0.665	0.0398	0.001	0.046
12.896	0.0543	0.016	0.624	0.0538	0.001	0.037
12.901	0.0353	0.011	0.803	0.0098	0.000	0.033
12.906	0.0467	0.009	0.784	0.0128	0.000	0.032
12.911	0.0319	0.016	0.767	0.0172	0.001	0.031
12.916	0.0248	0.014	0.772	0.0069	0.001	0.030
12.921	0.0168	0.011	0.770	0.0158	0.001	0.030
12.926	0.0290	0.014	0.781	0.0117	0.001	0.028
12.931	0.0308	0.005	0.800	0.0108	0.000	0.027
12.936	0.0353	0.005	0.802	0.0067	0.000	0.024
12.941	0.0309	0.007	0.781	0.0163	0.000	0.025
12.946	0.0258	0.005	0.782	0.0059	0.000	0.023
12.951	0.0163	0.007	0.772	0.0122	0.000	0.024
12.956	0.0279	0.005	0.778	0.0109	0.000	0.022
12.961	0.0307	0.005	0.795	0.0069	0.000	0.024
12.966	0.0306	0.005	0.788	0.0075	0.000	0.048
12.971	0.0263	0.007	0.772	0.0146	0.000	0.062
12.976	0.0226	0.005	0.758	0.0227	0.000	0.038
12.980	0.0159	0.005	0.673	0.0246	0.000	0.033
12.985	0.0144	0.007	0.647	0.0211	0.000	0.039
12.990	0.0130	0.005	0.681	0.0224	0.000	0.034
12.995	0.0106	0.002	0.733	0.0243	0.000	0.018
13.000	0.0097	0.005	0.704	0.0128	0.000	0.016
13.005	0.0113	0.005	0.558	0.0273	0.000	0.017
13.010	0.0091	0.005	0.407	0.0348	0.000	0.024
13.015	0.0051	0.009	0.291	0.0788	0.000	0.025
13.020	0.0033	0.002	0.434	0.0431	0.000	0.027
13.025	0.0062	0.007	0.509	0.0519	0.000	0.036
13.030	0.0023	0.005	0.769	0.0420	0.000	0.036
13.035	0.0025	0.007	0.808	0.0193	0.000	0.037
13.040	0.0032	0.005	0.784	0.0141	0.000	0.040
13.045	0.0028	0.005	0.768	0.0101	0.000	0.054
13.050	0.0028	0.005	0.543	0.0145	0.051	0.449
13.055	0.0023	0.007	0.330	0.0115	0.323	0.604
13.060	0.0019	0.027	0.194	0.0102	0.539	0.599
13.065	0.0017	0.159	0.164	0.0155	0.487	0.596
13.070	0.0037	0.166	0.349	0.0395	0.070	0.469
13.075	0.0022	0.134	0.488	0.0311	0.019	0.323
13.080	0.0072	0.016	0.646	0.0259	0.006	0.199
13.085	0.0190	0.023	0.709	0.0254	0.005	0.149
13.090	0.0375	0.018	0.777	0.0148	0.002	0.103
13.095	0.0535	0.014	0.780	0.0125	0.001	0.094
13.100	0.0583	0.009	0.780	0.0143	0.002	0.094
13.105	0.0533	0.011	0.764	0.0105	0.002	0.091
13.110	0.0555	0.014	0.765	0.0216	0.001	0.091
13.115	0.0508	0.009	0.737	0.0110	0.001	0.091
13.120	0.0380	0.009	0.684	0.0128	0.002	0.108
13.125	0.0267	0.009	0.646	0.0224	0.004	0.128
13.130	0.0172	0.014	0.674	0.0200	0.005	0.151
13.135	0.0134	0.005	0.706	0.0212	0.004	0.143
13.140	0.0115	0.005	0.712	0.0182	0.002	0.149
13.145	0.0129	0.005	0.736	0.0101	0.001	0.154
13.150	0.0144	0.005	0.716	0.0093	0.001	0.159
13.155	0.0159	0.005	0.715	0.0281	0.001	0.165
13.160	0.0171	0.005	0.684	0.0109	0.002	0.215
13.165	0.0150	0.011	0.687	0.0162	0.001	0.196
13.170	0.0130	0.005	0.689	0.0211	0.002	0.196
13.175	0.0137	0.005	0.608	0.0153	0.004	0.194
13.180	0.0145	0.014	0.535	0.0249	0.004	0.140
13.185	0.0136	0.009	0.580	0.0274	0.002	0.105
13.190	0.0209	0.011	0.701	0.0136	0.002	0.084
13.195	0.0285	0.009	0.760	0.0100	0.002	0.088
13.200	0.0490	0.011	0.736	0.0146	0.002	0.088
13.205	0.0585	0.009	0.727	0.0121	0.002	0.093
13.210	0.0558	0.009	0.724	0.0126	0.002	0.091
13.215	0.0524	0.009	0.723	0.0160	0.002	0.083
13.220	0.0563	0.009	0.729	0.0141	0.002	0.093
13.225	0.0611	0.009	0.733	0.0109	0.002	0.089
13.230	0.0683	0.016	0.732	0.0142	0.001	0.079
13.235	0.0772	0.014	0.742	0.0114	0.001	0.073
13.240	0.0862	0.014	0.751	0.0056	0.001	0.071
13.245	0.0932	0.014	0.748	0.0026	0.001	0.067
13.250	0.0979	0.014	0.743	0.0095	0.001	0.065
13.255	0.1006	0.014	0.747	0.0065	0.001	0.062
13.260	0.1021	0.014	0.746	0.0057	0.001	0.070
13.265	0.1002	0.014	0.746	0.0063	0.001	0.065
13.270	0.0990	0.014	0.743	0.0096	0.001	0.063
13.275	0.0956	0.014	0.744	0.0059	0.001	0.064
13.280	0.0906	0.011	0.743	0.0088	0.001	0.070
13.285	0.0807	0.014	0.730	0.0097	0.001	0.072
13.290	0.0689	0.014	0.704	0.0107	0.001	0.077
13.295	0.0605	0.014	0.684	0.0138	0.001	0.077
13.300	0.0483	0.014	0.647	0.0147	0.001	0.084
13.305	0.0392	0.007	0.544	0.0199	0.001	0.107
13.310	0.0335	0.009	0.362	0.0402	0.002	0.127
13.315	0.0184	0.007	0.345	0.0474	0.001	0.073
13.320	0.0075	0.002	0.533	0.0123	0.000	0.031
13.325	0.0103	0.009	0.536	0.0182	0.000	0.030
13.330	0.0110	0.005	0.424	0.0194	0.000	0.032
13.335	0.0070	0.002	0.411	0.0217	0.000	0.038
13.340	0.0029	0.014	0.387	0.0273	0.001	0.055
13.345	0.0018	0.020	0.505	0.0221	0.001	0.056
13.350	0.0016	0.018	0.662	0.0345	0.000	0.050
13.355	0.0017	0.014	0.723	0.0196	0.000	0.087
13.360	0.0021	0.011	0.717	0.0084	0.004	0.320
13.365	0.0023	0.014	0.647	0.0080	0.020	0.482
13.370	0.0024	0.014	0.506	0.0118	0.115	0.597
13.375	0.0019	0.036	0.467	0.0121	0.203	0.596
13.380	0.0021	0.064	0.357	0.0381	0.072	0.457
13.385	0.0026	0.095	0.547	0.0485	0.013	0.245
13.390	0.0034	0.023	0.674	0.0227	0.002	0.127
13.395	0.0119	0.018	0.697	0.0188	0.002	0.116
13.400	0.0256	0.009	0.653	0.0208	0.002	0.107
13.405	0.0279	0.009	0.654	0.0309	0.003	0.104
13.410	0.0214	0.014	0.714	0.0112	0.002	0.105
13.415	0.0183	0.023	0.715	0.0098	0.003	0.114
13.420	0.0155	0.011	0.732	0.0093	0.002	0.107
13.424	0.0151	0.014	0.714	0.0109	0.001	0.106
13.429	0.0128	0.014	0.719	0.0101	0.001	0.092
13.434	0.0140	0.011	0.697	0.0157	0.001	0.085
13.439	0.0156	0.009	0.718	0.0083	0.001	0.088
13.444	0.0171	0.009	0.690	0.0073	0.001	0.087
13.449	0.0232	0.007	0.688	0.0146	0.001	0.075
13.454	0.0259	0.009	0.726	0.0080	0.001	0.064
13.459	0.0322	0.018	0.704	0.0088	0.001	0.063
13.464	0.0492	0.018	0.745	0.0076	0.001	0.062
13.469	0.0568	0.007	0.728	0.0083	0.001	0.078
13.474	0.0597	0.009	0.737	0.0111	0.001	0.072
13.479	0.0589	0.009	0.739	0.0074	0.001	0.067
13.484	0.0618	0.009	0.738	0.0094	0.001	0.066
13.489	0.0431	0.009	0.745	0.0077	0.000	0.061
13.494	0.0372	0.009	0.733	0.0109	0.000	0.061
13.499	0.0353	0.011	0.731	0.0126	0.000	0.064
13.504	0.0258	0.014	0.722	0.0114	0.000	0.063
13.509	0.0320	0.009	0.735	0.0121	0.000	0.056
13.514	0.0319	0.007	0.710	0.0119	0.000	0.049
13.519	0.0307	0.014	0.735	0.0086	0.000	0.050
13.524	0.0342	0.014	0.732	0.0078	0.000	0.050
13.529	0.0376	0.011	0.710	0.0106	0.000	0.049
13.534	0.0360	0.014	0.734	0.0075	0.000	0.045
13.539	0.0364	0.009	0.712	0.0141	0.000	0.049
13.544	0.0484	0.009	0.735	0.0153	0.000	0.046
13.549	0.0517	0.009	0.730	0.0082	0.000	0.051
13.554	0.0508	0.007	0.736	0.0123	0.000	0.045
13.559	0.0488	0.009	0.732	0.0177	0.000	0.044
13.564	0.0472	0.009	0.738	0.0089	0.000	0.043
13.569	0.0483	0.009	0.728	0.0107	0.000	0.045
13.574	0.0406	0.009	0.725	0.0142	0.000	0.043
13.579	0.0316	0.007	0.738	0.0086	0.000	0.043
13.584	0.0300	0.009	0.717	0.0094	0.001	0.043
13.589	0.0246	0.009	0.732	0.0098	0.001	0.044
13.594	0.0272	0.007	0.704	0.0105	0.001	0.039
13.599	0.0270	0.009	0.695	0.0075	0.002	0.050
13.604	0.0346	0.007	0.729	0.0067	0.001	0.047
13.609	0.0355	0.009	0.693	0.0106	0.002	0.046
13.614	0.0476	0.009	0.735	0.0129	0.001	0.045
13.619	0.0589	0.007	0.732	0.0094	0.001	0.040
13.624	0.0602	0.009	0.739	0.0057	0.001	0.041
13.629	0.0601	0.009	0.737	0.0058	0.001	0.040
13.634	0.0603	0.014	0.728	0.0147	0.001	0.038
13.639	0.0418	0.009	0.744	0.0102	0.001	0.042
13.644	0.0334	0.007	0.676	0.0114	0.001	0.045
13.649	0.0257	0.014	0.648	0.0166	0.002	0.073
13.654	0.0250	0.011	0.589	0.0099	0.007	0.119
13.659	0.0234	0.007	0.505	0.0198	0.019	0.221
13.664	0.0177	0.014	0.565	0.0151	0.038	0.285
13.669	0.0283	0.016	0.516	0.0137	0.185	0.370
13.674	0.0179	0.027	0.455	0.0127	0.305	0.409
13.679	0.0112	0.084	0.291	0.0120	0.502	0.499
13.684	0.0127	0.086	0.189	0.0109	0.715	0.523
13.689	0.0076	0.145	0.119	0.0121	0.913	0.528
13.694	0.0080	0.175	0.120	0.0124	0.926	0.515
13.699	0.0076	0.214	0.106	0.0104	0.953	0.519
13.704	0.0072	0.189	0.119	0.0108	0.954	0.551
13.709	0.0083	0.198	0.109	0.0132	0.956	0.555
13.714	0.0068	0.193	0.129	0.0119	0.968	0.519
13.719	0.0063	0.225	0.136	0.0115	0.972	0.530
13.724	0.0116	0.216	0.126	0.0135	0.982	0.497
13.729	0.0095	0.195	0.147	0.0116	0.983	0.540
13.734	0.0134	0.189	0.144	0.0117	0.980	0.504
13.739	0.0111	0.202	0.100	0.0123	0.974	0.512
13.744	0.0102	0.207	0.135	0.0113	0.975	0.489
13.749	0.0104	0.195	0.081	0.0163	0.942	0.468
13.754	0.0069	0.195	0.108	0.0350	0.548	0.402
13.759	0.0059	0.139	0.417	0.0438	0.024	0.187
13.764	0.0043	0.075	0.592	0.0288	0.005	0.120
13.769	0.0266	0.009	0.740	0.0113	0.002	0.084
13.774	0.0471	0.009	0.702	0.0172	0.001	0.082
13.779	0.0599	0.009	0.690	0.0173	0.001	0.073
13.784	0.0520	0.014	0.747	0.0099	0.000	0.060
13.789	0.0616	0.014	0.720	0.0125	0.000	0.059
13.794	0.0647	0.014	0.708	0.0229	0.000	0.057
13.799	0.0604	0.011	0.738	0.0084	0.000	0.054
13.804	0.0499	0.011	0.737	0.0113	0.000	0.050
13.809	0.0353	0.018	0.739	0.0136	0.000	0.045
13.814	0.0326	0.016	0.727	0.0113	0.000	0.043
13.819	0.0208	0.014	0.726	0.0122	0.000	0.037
13.824	0.0149	0.016	0.651	0.0158	0.000	0.034
13.829	0.0114	0.014	0.621	0.0251	0.000	0.034
13.834	0.0125	0.007	0.581	0.0272	0.000	0.032
13.839	0.0195	0.009	0.539	0.0254	0.000	0.027
13.844	0.0296	0.011	0.584	0.0363	0.000	0.023
13.849	0.0192	0.005	0.561	0.0252	0.000	0.043
13.854	0.0070	0.005	0.517	0.0239	0.000	0.052
13.859	0.0083	0.005	0.508	0.0205	0.000	0.035
13.863	0.0067	0.007	0.489	0.0257	0.000	0.041
13.868	0.0066	0.005	0.264	0.0383	0.000	0.047
13.873	0.0025	0.002	0.310	0.0318	0.000	0.048
13.878	0.0024	0.011	0.414	0.0451	0.000	0.057
13.883	0.0009	0.007	0.643	0.0322	0.000	0.050
13.888	0.0008	0.009	0.574	0.0144	0.003	0.176
13.893	0.0018	0.007	0.373	0.0197	0.148	0.440
13.898	0.0013	0.007	0.211	0.0136	0.446	0.522
13.903	0.0011	0.064	0.377	0.0199	0.293	0.464
13.908	0.0031	0.148	0.388	0.0370	0.064	0.312
13.913	0.0064	0.057	0.570	0.0362	0.009	0.174
13.918	0.0101	0.011	0.614	0.0174	0.003	0.107
13.923	0.0182	0.009	0.621	0.0265	0.003	0.086
13.928	0.0252	0.014	0.673	0.0204	0.002	0.070
13.933	0.0196	0.011	0.676	0.0180	0.001	0.065
13.938	0.0326	0.014	0.704	0.0150	0.001	0.069
13.943	0.0416	0.014	0.711	0.0098	0.001	0.065
13.948	0.0539	0.011	0.695	0.0115	0.001	0.064
13.953	0.0624	0.014	0.724	0.0111	0.001	0.061
13.958	0.0779	0.011	0.734	0.0082	0.001	0.057
13.963	0.0843	0.014	0.737	0.0111	0.001	0.054
13.968	0.0809	0.011	0.722	0.0113	0.001	0.058
13.973	0.0589	0.011	0.678	0.0121	0.001	0.062
13.978	0.0382	0.016	0.692	0.0106	0.001	0.065
13.983	0.0201	0.007	0.631	0.0140	0.001	0.069
13.988	0.0285	0.009	0.581	0.0148	0.003	0.099
13.993	0.0228	0.007	0.595	0.0169	0.006	0.136
13.998	0.0305	0.011	0.634	0.0126	0.016	0.192
14.003	0.0283	0.014	0.629	0.0093	0.027	0.249
14.008	0.0133	0.009	0.623	0.0090	0.037	0.290
14.013	0.0098	0.018	0.632	0.0135	0.045	0.293
14.018	0.0108	0.011	0.608	0.0130	0.084	0.314
14.023	0.0098	0.032	0.643	0.0148	0.107	0.312
14.028	0.0204	0.025	0.648	0.0139	0.104	0.334
14.033	0.0198	0.041	0.606	0.0112	0.074	0.333
14.038	0.0119	0.041	0.619	0.0130	0.058	0.288
14.043	0.0119	0.023	0.606	0.0168	0.046	0.267
14.048	0.0104	0.025	0.655	0.0158	0.024	0.214
14.053	0.0108	0.027	0.689	0.0134	0.015	0.189
14.058	0.0216	0.014	0.671	0.0134	0.008	0.155
14.063	0.0299	0.007	0.710	0.0141	0.006	0.128
14.068	0.0336	0.009	0.716	0.0149	0.003	0.090
14.073	0.0395	0.009	0.742	0.0249	0.002	0.068
14.078	0.0459	0.009	0.760	0.0129	0.001	0.057
14.083	0.0423	0.007	0.748	0.0138	0.001	0.050
14.088	0.0338	0.009	0.698	0.0201	0.001	0.051
14.093	0.0319	0.007	0.606	0.0125	0.001	0.062
14.098	0.0220	0.009	0.560	0.0143	0.001	0.081
14.103	0.0144	0.009	0.628	0.0144	0.001	0.081
14.108	0.0143	0.007	0.675	0.0124	0.001	0.082
14.113	0.0138	0.009	0.710	0.0183	0.002	0.086
14.118	0.0170	0.011	0.686	0.0090	0.002	0.086
14.123	0.0148	0.018	0.671	0.0126	0.002	0.085
14.128	0.0131	0.014	0.663	0.0094	0.004	0.081
14.133	0.0095	0.007	0.634	0.0213	0.004	0.072
14.138	0.0118	0.011	0.661	0.0181	0.003	0.060
14.143	0.0135	0.007	0.688	0.0113	0.002	0.058
14.148	0.0200	0.009	0.703	0.0113	0.002	0.066
14.153	0.0326	0.009	0.717	0.0160	0.002	0.073
14.158	0.0467	0.007	0.685	0.0220	0.002	0.073
14.163	0.0432	0.009	0.699	0.0185	0.002	0.069
14.168	0.0493	0.009	0.696	0.0184	0.001	0.068
14.173	0.0393	0.009	0.699	0.0147	0.001	0.062
14.178	0.0375	0.014	0.723	0.0087	0.001	0.057
14.183	0.0313	0.011	0.684	0.0121	0.001	0.064
14.188	0.0423	0.011	0.651	0.0141	0.002	0.076
14.193	0.0464	0.011	0.666	0.0140	0.003	0.081
14.198	0.0411	0.011	0.690	0.0091	0.004	0.085
14.203	0.0575	0.014	0.704	0.0072	0.004	0.088
14.208	0.0570	0.016	0.674	0.0172	0.003	0.080
14.213	0.0333	0.016	0.601	0.0204	0.002	0.073
14.218	0.0389	0.011	0.515	0.0282	0.001	0.057
14.223	0.0373	0.014	0.402	0.0312	0.001	0.054
14.228	0.0257	0.011	0.525	0.0421	0.001	0.044
14.233	0.0287	0.014	0.708	0.0160	0.001	0.058
14.238	0.0319	0.007	0.715	0.0117	0.001	0.066
14.243	0.0251	0.007	0.701	0.0183	0.001	0.057
14.248	0.0187	0.009	0.632	0.0190	0.001	0.062
14.253	0.0217	0.009	0.579	0.0260	0.001	0.073
14.258	0.0211	0.007	0.508	0.0334	0.001	0.065
14.263	0.0264	0.009	0.666	0.0204	0.001	0.056
14.268	0.0453	0.011	0.731	0.0109	0.001	0.062
14.273	0.0681	0.018	0.715	0.0157	0.001	0.072
14.278	0.0659	0.011	0.703	0.0107	0.002	0.070
14.283	0.0365	0.011	0.698	0.0117	0.002	0.069
14.288	0.0335	0.014	0.698	0.0132	0.002	0.067
14.293	0.0330	0.016	0.668	0.0144	0.002	0.070
14.298	0.0305	0.011	0.649	0.0173	0.003	0.072
14.302	0.0312	0.014	0.598	0.0167	0.006	0.081
14.307	0.0325	0.016	0.439	0.0220	0.005	0.077
14.312	0.0162	0.009	0.441	0.0267	0.005	0.099
14.317	0.0168	0.018	0.328	0.0252	0.011	0.158
14.322	0.0174	0.034	0.356	0.0359	0.007	0.180
14.327	0.0077	0.030	0.297	0.0278	0.006	0.225
14.332	0.0042	0.005	0.395	0.0277	0.008	0.241
14.337	0.0027	0.009	0.364	0.0169	0.046	0.343
14.342	0.0023	0.016	0.115	0.0169	0.170	0.417
14.347	0.0011	0.052	0.330	0.0181	0.115	0.337
14.352	0.0008	0.100	0.318	0.0120	0.088	0.331
14.357	0.0022	0.052	0.322	0.0153	0.108	0.373
14.362	0.0036	0.045	0.257	0.0163	0.113	0.374
14.367	0.0018	0.070	0.210	0.0268	0.159	0.358
14.372	0.0024	0.061	0.394	0.0309	0.053	0.304
14.377	0.0022	0.059	0.489	0.0268	0.016	0.239
14.382	0.0053	0.025	0.545	0.0278	0.008	0.185
14.387	0.0071	0.018	0.682	0.0180	0.003	0.108
14.392	0.0124	0.009	0.697	0.0175	0.002	0.082
14.397	0.0189	0.020	0.717	0.0149	0.002	0.071
14.402	0.0282	0.016	0.721	0.0134	0.002	0.065
14.407	0.0373	0.020	0.749	0.0176	0.001	0.062
14.412	0.0419	0.014	0.755	0.0149	0.001	0.054
14.417	0.0494	0.016	0.767	0.0103	0.001	0.053
14.422	0.0606	0.016	0.774	0.0092	0.001	0.054
14.427	0.0440	0.014	0.768	0.0111	0.001	0.052
14.432	0.0496	0.016	0.782	0.0079	0.001	0.051
14.437	0.0508	0.014	0.764	0.0084	0.000	0.058
14.442	0.0369	0.016	0.768	0.0071	0.000	0.060
14.447	0.0484	0.014	0.745	0.0158	0.001	0.070
14.452	0.0626	0.020	0.727	0.0141	0.001	0.082
14.457	0.0575	0.016	0.762	0.0144	0.001	0.083
14.462	0.0577	0.009	0.698	0.0155	0.001	0.081
14.467	0.0514	0.011	0.515	0.0298	0.001	0.077
14.472	0.0392	0.009	0.345	0.0585	0.001	0.068
14.477	0.0127	0.002	0.713	0.0322	0.000	0.036
14.482	0.0158	0.011	0.747	0.0167	0.000	0.030
14.487	0.0152	0.005	0.730	0.0061	0.000	0.035
14.492	0.0152	0.005	0.729	0.0149	0.000	0.038
14.497	0.0139	0.005	0.737	0.0139	0.000	0.082
14.502	0.0155	0.005	0.724	0.0102	0.001	0.121
14.507	0.0155	0.005	0.653	0.0128	0.002	0.180
14.512	0.0168	0.005	0.675	0.0203	0.003	0.180
14.517	0.0182	0.014	0.715	0.0209	0.002	0.144
14.522	0.0257	0.018	0.724	0.0132	0.002	0.147
14.527	0.0319	0.009	0.776	0.0078	0.003	0.116
14.532	0.0265	0.014	0.789	0.0171	0.003	0.106
14.537	0.0248	0.009	0.760	0.0062	0.003	0.123
14.542	0.0236	0.011	0.780	0.0087	0.003	0.126
14.547	0.0262	0.009	0.753	0.0110	0.004	0.138
14.552	0.0346	0.011	0.758	0.0072	0.006	0.143
14.557	0.0385	0.011	0.755	0.0068	0.008	0.150
14.562	0.0396	0.009	0.721	0.0089	0.014	0.190
14.567	0.0470	0.014	0.686	0.0102	0.026	0.286
14.572	0.0416	0.005	0.655	0.0109	0.059	0.319
14.577	0.0328	0.014	0.615	0.0120	0.136	0.339
14.582	0.0266	0.034	0.562	0.0106	0.219	0.381
14.587	0.0221	0.043	0.431	0.0122	0.392	0.425
14.592	0.0186	0.100	0.301	0.0133	0.627	0.425
14.597	0.0109	0.130	0.168	0.0132	0.851	0.433
14.602	0.0153	0.175	0.147	0.0137	0.947	0.458
14.607	0.0156	0.189	0.120	0.0112	0.977	0.446
14.612	0.0167	0.195	0.168	0.0116	0.977	0.458
14.617	0.0190	0.195	0.119	0.0125	0.986	0.494
14.622	0.0148	0.189	0.109	0.0142	0.988	0.481
14.627	0.0129	0.214	0.149	0.0119	0.990	0.451
14.632	0.0149	0.195	0.157	0.0100	0.987	0.433
14.637	0.0179	0.211	0.149	0.0146	0.965	0.459
14.642	0.0084	0.148	0.106	0.0168	0.919	0.442
14.647	0.0025	0.132	0.169	0.0152	0.797	0.393
14.652	0.0015	0.136	0.193	0.0151	0.761	0.338
14.657	0.0010	0.141	0.222	0.0114	0.756	0.381
14.662	0.0008	0.148	0.159	0.0183	0.778	0.414
14.667	0.0003	0.143	0.276	0.0129	0.706	0.385
14.672	0.0003	0.150	0.317	0.0150	0.575	0.380
14.677	0.0003	0.145	0.360	0.0133	0.479	0.390
14.682	0.0002	0.102	0.373	0.0115	0.451	0.414
14.687	0.0002	0.125	0.007	0.0388	0.869	0.614
14.692	0.0002	0.107	0.085	0.0038	0.976	0.597
14.697	0.0001	0.130	0.090	0.0073	0.922	0.616
14.702	0.0003	0.173	0.183	0.0264	0.413	0.607
14.707	0.0015	0.191	0.234	0.0088	0.309	0.531
14.712	0.0034	0.141	0.217	0.0113	0.420	0.544
14.717	0.0049	0.123	0.218	0.0111	0.502	0.559
14.722	0.0061	0.123	0.124	0.0138	0.526	0.537
14.727	0.0046	0.141	0.167	0.0119	0.564	0.512
14.732	0.0056	0.120	0.108	0.0224	0.395	0.469
14.737	0.0048	0.109	0.369	0.0347	0.043	0.283
14.741	0.0044	0.084	0.495	0.0242	0.012	0.177
14.746	0.0169	0.027	0.658	0.0215	0.004	0.126
14.751	0.0366	0.016	0.687	0.0215	0.003	0.120
14.756	0.0577	0.023	0.749	0.0231	0.002	0.098
14.761	0.0705	0.023	0.751	0.0135	0.002	0.090
14.766	0.0804	0.009	0.750	0.0125	0.001	0.078
14.771	0.0744	0.009	0.744	0.0121	0.001	0.076
14.776	0.0692	0.011	0.711	0.0083	0.001	0.087
14.781	0.0643	0.009	0.719	0.0166	0.002	0.087
14.786	0.0528	0.009	0.734	0.0128	0.002	0.086
14.791	0.0470	0.009	0.742	0.0093	0.003	0.093
14.796	0.0528	0.014	0.744	0.0084	0.002	0.099
14.801	0.0526	0.009	0.754	0.0095	0.002	0.103
14.806	0.0559	0.011	0.748	0.0095	0.002	0.101
14.811	0.0609	0.009	0.747	0.0113	0.002	0.089
14.816	0.0628	0.018	0.755	0.0083	0.002	0.086
14.821	0.0604	0.009	0.756	0.0094	0.001	0.079
14.826	0.0586	0.009	0.709	0.0152	0.001	0.080
14.831	0.0592	0.014	0.619	0.0171	0.001	0.088
14.836	0.0540	0.011	0.461	0.0357	0.001	0.108
14.841	0.0326	0.005	0.399	0.0471	0.000	0.088
14.846	0.0098	0.009	0.744	0.0420	0.000	0.034
14.851	0.0136	0.005	0.735	0.0217	0.000	0.027
14.856	0.0137	0.005	0.693	0.0204	0.000	0.020
14.861	0.0132	0.005	0.622	0.0234	0.000	0.018
14.866	0.0111	0.002	0.674	0.0290	0.000	0.019
14.871	0.0095	0.005	0.729	0.0214	0.000	0.017
14.876	0.0082	0.005	0.695	0.0176	0.000	0.015
14.881	0.0086	0.005	0.726	0.0238	0.000	0.015
14.886	0.0107	0.005	0.730	0.0181	0.000	0.016
14.891	0.0122	0.002	0.714	0.0184	0.000	0.016
14.896	0.0110	0.005	0.669	0.0235	0.000	0.018
14.901	0.0088	0.005	0.638	0.0156	0.000	0.022
14.906	0.0056	0.005	0.660	0.0135	0.000	0.026
14.911	0.0058	0.005	0.644	0.0170	0.000	0.061
14.916	0.0047	0.002	0.653	0.0164	0.002	0.176
14.921	0.0046	0.005	0.644	0.0235	0.005	0.233
14.926	0.0083	0.002	0.578	0.0166	0.012	0.276
14.931	0.0077	0.005	0.543	0.0287	0.008	0.247
14.936	0.0081	0.009	0.628	0.0299	0.002	0.167
14.941	0.0112	0.007	0.698	0.0161	0.001	0.135
14.946	0.0170	0.016	0.733	0.0173	0.001	0.094
14.951	0.0191	0.009	0.694	0.0129	0.001	0.077
14.956	0.0155	0.009	0.693	0.0084	0.000	0.061
14.961	0.0162	0.007	0.676	0.0138	0.000	0.060
14.966	0.0221	0.009	0.649	0.0155	0.000	0.061
14.971	0.0267	0.009	0.679	0.0184	0.000	0.060
14.976	0.0466	0.007	0.699	0.0143	0.000	0.063
14.981	0.0584	0.014	0.728	0.0145	0.000	0.058
14.986	0.0689	0.011	0.718	0.0127	0.001	0.060
14.991	0.0723	0.014	0.678	0.0143	0.001	0.069
14.996	0.0454	0.011	0.683	0.0141	0.002	0.080
15.001	0.0435	0.011	0.663	0.0136	0.001	0.088
15.006	0.0442	0.016	0.655	0.0088	0.002	0.091
15.011	0.0461	0.011	0.679	0.0123	0.002	0.091
15.016	0.0518	0.011	0.646	0.0118	0.002	0.099
15.021	0.0622	0.018	0.629	0.0169	0.004	0.103
15.026	0.0566	0.009	0.607	0.0155	0.005	0.111
15.031	0.0261	0.007	0.560	0.0152	0.004	0.120
15.036	0.0244	0.011	0.518	0.0185	0.007	0.161
15.041	0.0203	0.007	0.476	0.0133	0.008	0.223
15.046	0.0190	0.032	0.355	0.0162	0.018	0.294
15.051	0.0200	0.007	0.383	0.0290	0.030	0.344
15.056	0.0037	0.014	0.464	0.0239	0.049	0.366
15.061	0.0043	0.030	0.449	0.0245	0.037	0.331
15.066	0.0044	0.025	0.272	0.0257	0.020	0.266
15.071	0.0029	0.009	0.317	0.0329	0.020	0.257
15.076	0.0021	0.041	0.302	0.0308	0.009	0.232
15.081	0.0011	0.020	0.559	0.0164	0.006	0.221
15.086	0.0014	0.016	0.392	0.0260	0.020	0.284
15.091	0.0009	0.043	0.312	0.0177	0.106	0.423
15.096	0.0004	0.018	0.159	0.0186	0.375	0.610
15.101	0.0005	0.102	0.184	0.0104	0.644	0.640
15.106	0.0004	0.155	0.110	0.0120	0.798	0.643
15.111	0.0017	0.173	0.116	0.0106	0.707	0.659
15.116	0.0020	0.202	0.106	0.0125	0.566	0.636
15.121	0.0041	0.191	0.334	0.0346	0.187	0.550
15.126	0.0050	0.166	0.553	0.0189	0.055	0.374
15.131	0.0057	0.050	0.604	0.0184	0.039	0.328
15.136	0.0105	0.032	0.664	0.0140	0.027	0.248
15.141	0.0093	0.020	0.698	0.0091	0.026	0.240
15.146	0.0189	0.023	0.628	0.0103	0.034	0.254
15.151	0.0282	0.007	0.646	0.0152	0.048	0.235
15.156	0.0258	0.014	0.627	0.0102	0.098	0.313
15.161	0.0125	0.023	0.533	0.0170	0.157	0.369
15.166	0.0154	0.045	0.414	0.0140	0.326	0.418
15.171	0.0130	0.070	0.359	0.0116	0.508	0.437
15.176	0.0150	0.091	0.253	0.0133	0.746	0.429
15.180	0.0136	0.107	0.176	0.0107	0.835	0.468
15.185	0.0221	0.120	0.175	0.0122	0.901	0.496
15.190	0.0161	0.161	0.195	0.0118	0.917	0.491
15.195	0.0192	0.143	0.176	0.0130	0.963	0.514
15.200	0.0147	0.177	0.161	0.0099	0.966	0.548
15.205	0.0212	0.195	0.162	0.0126	0.958	0.598
15.210	0.0159	0.195	0.130	0.0106	0.938	0.621
15.215	0.0138	0.193	0.112	0.0106	0.941	0.604
15.220	0.0136	0.186	0.133	0.0126	0.968	0.586
15.225	0.0147	0.202	0.114	0.0126	0.980	0.537
15.230	0.0143	0.195	0.156	0.0111	0.975	0.548
15.235	0.0161	0.195	0.178	0.0120	0.948	0.605
15.240	0.0124	0.182	0.176	0.0137	0.956	0.609
15.245	0.0064	0.175	0.131	0.0102	0.982	0.584
15.250	0.0127	0.207	0.167	0.0116	0.982	0.562
15.255	0.0152	0.202	0.141	0.0106	0.976	0.553
15.260	0.0106	0.214	0.144	0.0125	0.980	0.534
15.265	0.0124	0.207	0.152	0.0108	0.970	0.526
15.270	0.0139	0.202	0.155	0.0116	0.955	0.518
15.275	0.0135	0.195	0.124	0.0248	0.727	0.511
15.280	0.0098	0.189	0.236	0.0405	0.194	0.417
15.285	0.0065	0.132	0.570	0.0203	0.011	0.168
15.290	0.0099	0.025	0.667	0.0125	0.007	0.130
15.295	0.0391	0.014	0.651	0.0178	0.005	0.110
15.300	0.0520	0.014	0.694	0.0164	0.004	0.089
15.305	0.0560	0.018	0.710	0.0107	0.002	0.084
15.310	0.0591	0.016	0.688	0.0122	0.005	0.087
15.315	0.0559	0.011	0.685	0.0140	0.006	0.089
15.320	0.0430	0.014	0.681	0.0139	0.004	0.083
15.325	0.0365	0.018	0.653	0.0193	0.002	0.096
15.330	0.0318	0.016	0.621	0.0186	0.001	0.097
15.335	0.0307	0.018	0.643	0.0166	0.001	0.087
15.340	0.0291	0.014	0.609	0.0199	0.000	0.079
15.345	0.0473	0.011	0.479	0.0298	0.000	0.076
15.350	0.0415	0.011	0.442	0.0560	0.000	0.065
15.355	0.0135	0.009	0.706	0.0153	0.000	0.044
15.360	0.0107	0.007	0.675	0.0215	0.000	0.050
15.365	0.0140	0.007	0.672	0.0224	0.001	0.058
15.370	0.0170	0.009	0.713	0.0150	0.001	0.063
15.375	0.0282	0.007	0.702	0.0148	0.001	0.073
15.380	0.0298	0.007	0.674	0.0147	0.001	0.092
15.385	0.0174	0.007	0.654	0.0154	0.003	0.127
15.390	0.0116	0.009	0.550	0.0190	0.005	0.164
15.395	0.0152	0.011	0.601	0.0216	0.002	0.125
15.400	0.0212	0.009	0.672	0.0184	0.001	0.089
15.405	0.0379	0.007	0.720	0.0130	0.000	0.065
15.410	0.0465	0.009	0.690	0.0133	0.000	0.063
15.415	0.0327	0.011	0.691	0.0122	0.000	0.068
15.420	0.0310	0.007	0.640	0.0214	0.000	0.079
15.425	0.0235	0.007	0.597	0.0250	0.001	0.092
15.430	0.0258	0.009	0.603	0.0202	0.001	0.088
15.435	0.0391	0.016	0.678	0.0257	0.001	0.069
15.440	0.0377	0.007	0.668	0.0193	0.001	0.056
15.445	0.0238	0.007	0.694	0.0174	0.001	0.042
15.450	0.0199	0.009	0.682	0.0116	0.001	0.041
15.455	0.0212	0.007	0.683	0.0097	0.001	0.034
15.460	0.0282	0.009	0.734	0.0066	0.001	0.031
15.465	0.0523	0.007	0.724	0.0065	0.001	0.030
15.470	0.0589	0.009	0.735	0.0102	0.001	0.031
15.475	0.0582	0.009	0.735	0.0116	0.001	0.032
15.480	0.0337	0.005	0.684	0.0120	0.001	0.033
15.485	0.0257	0.009	0.672	0.0094	0.000	0.033
15.490	0.0243	0.007	0.673	0.0219	0.000	0.033
15.495	0.0314	0.009	0.655	0.0155	0.000	0.036
15.500	0.0437	0.007	0.678	0.0400	0.000	0.035
15.505	0.0384	0.005	0.680	0.0360	0.000	0.029
15.510	0.0174	0.005	0.604	0.0360	0.000	0.028
15.515	0.0042	0.014	0.641	0.0439	0.000	0.019
15.520	0.0167	0.002	0.657	0.0237	0.000	0.014
15.525	0.0133	0.005	0.625	0.0270	0.000	0.012
15.530	0.0152	0.002	0.638	0.0288	0.000	0.012
15.535	0.0101	0.005	0.652	0.0083	0.000	0.014
15.540	0.0048	0.005	0.654	0.0153	0.000	0.015
15.545	0.0104	0.002	0.625	0.0351	0.000	0.026
15.550	0.0101	0.005	0.596	0.0261	0.000	0.043
15.555	0.0038	0.007	0.288	0.0256	0.093	0.380
15.560	0.0059	0.002	0.144	0.0147	0.224	0.421
15.565	0.0052	0.027	0.193	0.0157	0.112	0.381
15.570	0.0087	0.100	0.308	0.0232	0.062	0.343
15.575	0.0253	0.036	0.408	0.0354	0.010	0.236
15.580	0.0213	0.045	0.530	0.0309	0.004	0.153
15.585	0.0344	0.020	0.634	0.0228	0.002	0.101
15.590	0.0437	0.009	0.604	0.0152	0.002	0.084
15.595	0.0246	0.005	0.624	0.0125	0.003	0.080
15.600	0.0324	0.014	0.633	0.0114	0.003	0.082
15.605	0.0505	0.009	0.599	0.0111	0.003	0.077
15.610	0.0907	0.014	0.623	0.0111	0.003	0.079
15.615	0.0725	0.009	0.642	0.0145	0.005	0.084
15.620	0.0401	0.011	0.656	0.0101	0.005	0.088
15.624	0.0480	0.009	0.650	0.0109	0.004	0.074
15.629	0.0599	0.011	0.660	0.0111	0.004	0.064
15.634	0.0808	0.011	0.648	0.0115	0.003	0.061
15.639	0.0343	0.009	0.659	0.0138	0.002	0.057
15.644	0.0571	0.016	0.653	0.0140	0.002	0.054
15.649	0.0754	0.014	0.684	0.0126	0.002	0.049
15.654	0.0978	0.018	0.671	0.0062	0.002	0.044
15.659	0.0425	0.014	0.654	0.0116	0.001	0.050
15.664	0.0603	0.009	0.646	0.0119	0.002	0.053
15.669	0.0696	0.009	0.672	0.0167	0.001	0.051
15.674	0.0866	0.014	0.672	0.0111	0.001	0.046
15.679	0.0628	0.009	0.653	0.0142	0.001	0.045
15.684	0.0272	0.016	0.657	0.0169	0.001	0.043
15.689	0.0459	0.014	0.652	0.0152	0.001	0.043
15.694	0.0681	0.011	0.680	0.0133	0.001	0.042
15.699	0.0841	0.011	0.650	0.0159	0.001	0.043
15.704	0.0258	0.009	0.653	0.0234	0.000	0.035
15.709	0.0269	0.011	0.627	0.0203	0.000	0.036
15.714	0.0346	0.009	0.530	0.0198	0.000	0.034
15.719	0.0624	0.018	0.506	0.0296	0.001	0.034
15.724	0.0345	0.009	0.632	0.0301	0.000	0.026
15.729	0.0134	0.014	0.684	0.0139	0.000	0.025
15.734	0.0239	0.007	0.680	0.0129	0.000	0.027
15.739	0.0333	0.007	0.678	0.0130	0.000	0.027
15.744	0.0346	0.007	0.677	0.0060	0.000	0.026
15.749	0.0202	0.007	0.664	0.0108	0.000	0.025
15.754	0.0191	0.007	0.676	0.0068	0.000	0.022
15.759	0.0240	0.009	0.696	0.0210	0.000	0.022
15.764	0.0323	0.007	0.686	0.0154	0.000	0.022
15.769	0.0263	0.007	0.664	0.0147	0.000	0.021
15.774	0.0154	0.007	0.669	0.0055	0.000	0.019
15.779	0.0217	0.007	0.680	0.0134	0.000	0.019
15.784	0.0296	0.007	0.692	0.0087	0.000	0.019
15.789	0.0313	0.007	0.665	0.0107	0.000	0.020
15.794	0.0184	0.007	0.667	0.0054	0.000	0.020
15.799	0.0185	0.007	0.667	0.0090	0.000	0.019
15.804	0.0268	0.007	0.681	0.0072	0.000	0.018
15.809	0.0319	0.007	0.664	0.0084	0.000	0.019
15.814	0.0184	0.007	0.667	0.0047	0.000	0.018
15.819	0.0145	0.007	0.616	0.0111	0.000	0.024
15.824	0.0235	0.007	0.609	0.0320	0.000	0.037
15.829	0.0317	0.007	0.570	0.0289	0.000	0.031
15.834	0.0273	0.011	0.601	0.0177	0.000	0.027
15.839	0.0084	0.009	0.636	0.0257	0.000	0.027
15.844	0.0134	0.011	0.640	0.0130	0.000	0.023
15.849	0.0497	0.011	0.656	0.0099	0.000	0.024
15.854	0.0485	0.009	0.659	0.0049	0.000	0.026
15.859	0.0284	0.009	0.643	0.0081	0.000	0.029
15.864	0.0220	0.011	0.644	0.0085	0.000	0.030
15.869	0.0439	0.011	0.624	0.0116	0.000	0.031
15.874	0.0431	0.009	0.634	0.0111	0.000	0.031
15.879	0.0178	0.009	0.539	0.0222	0.000	0.042
15.884	0.0156	0.011	0.554	0.0142	0.001	0.086
15.889	0.0339	0.011	0.540	0.0189	0.001	0.110
15.894	0.0160	0.005	0.345	0.0259	0.007	0.245
15.899	0.0083	0.011	0.412	0.0283	0.042	0.374
15.904	0.0077	0.020	0.338	0.0105	0.268	0.519
15.909	0.0062	0.045	0.214	0.0118	0.443	0.523
15.914	0.0084	0.107	0.152	0.0115	0.616	0.495
15.919	0.0076	0.145	0.143	0.0110	0.759	0.506
15.924	0.0144	0.148	0.096	0.0137	0.886	0.533
15.929	0.0096	0.175	0.132	0.0122	0.933	0.510
15.934	0.0103	0.186	0.125	0.0121	0.963	0.501
15.939	0.0138	0.184	0.143	0.0127	0.975	0.498
15.944	0.0112	0.195	0.152	0.0122	0.978	0.496
15.949	0.0125	0.168	0.150	0.0146	0.980	0.477
15.954	0.0119	0.195	0.141	0.0122	0.983	0.460
15.959	0.0145	0.161	0.143	0.0127	0.961	0.503
15.964	0.0100	0.152	0.141	0.0113	0.949	0.516
15.969	0.0112	0.191	0.171	0.0126	0.955	0.516
15.974	0.0111	0.186	0.169	0.0126	0.918	0.504
15.979	0.0075	0.161	0.202	0.0145	0.932	0.483
15.984	0.0057	0.152	0.146	0.0161	0.812	0.522
15.989	0.0045	0.148	0.142	0.0348	0.195	0.403
15.994	0.0023	0.116	0.496	0.0242	0.004	0.121
15.999	0.0043	0.036	0.522	0.0214	0.001	0.091
16.004	0.0090	0.007	0.661	0.0140	0.001	0.071
16.009	0.0082	0.018	0.556	0.0210	0.001	0.064
16.014	0.0167	0.020	0.611	0.0119	0.000	0.045
16.019	0.0364	0.016	0.654	0.0154	0.000	0.041
16.024	0.0183	0.011	0.658	0.0076	0.000	0.041
16.029	0.0110	0.014	0.652	0.0098	0.000	0.041
16.034	0.0205	0.009	0.637	0.0167	0.000	0.035
16.039	0.0407	0.014	0.662	0.0164	0.000	0.034
16.044	0.0139	0.011	0.616	0.0237	0.000	0.031
16.049	0.0121	0.009	0.547	0.0208	0.000	0.031
16.054	0.0191	0.011	0.506	0.0350	0.000	0.028
16.059	0.0240	0.009	0.631	0.0350	0.000	0.025
16.063	0.0046	0.014	0.614	0.0485	0.000	0.023
16.068	0.0116	0.005	0.575	0.0194	0.000	0.023
16.073	0.0226	0.007	0.529	0.0412	0.000	0.023
16.078	0.0073	0.007	0.470	0.0488	0.000	0.024
16.083	0.0104	0.007	0.541	0.0483	0.000	0.022
16.088	0.0089	0.005	0.473	0.0410	0.000	0.025
16.093	0.0025	0.007	0.323	0.0356	0.000	0.031
16.098	0.0062	0.007	0.328	0.0816	0.000	0.040
16.103	0.0014	0.007	0.286	0.0293	0.000	0.058
16.108	0.0029	0.002	0.320	0.0783	0.000	0.073
16.113	0.0006	0.007	0.418	0.0207	0.000	0.100
16.118	0.0010	0.005	0.401	0.0337	0.001	0.140
16.123	0.0005	0.002	0.450	0.0126	0.002	0.220
16.128	0.0003	0.005	0.300	0.0201	0.043	0.418
16.133	0.0003	0.011	0.116	0.0140	0.747	0.695
16.138	0.0002	0.020	0.239	0.0097	0.805	0.668
16.143	0.0005	0.177	0.173	0.0135	0.609	0.591
16.148	0.0017	0.170	0.140	0.0346	0.202	0.487
16.153	0.0018	0.134	0.278	0.0419	0.008	0.193
16.158	0.0028	0.048	0.315	0.0374	0.003	0.122
16.163	0.0094	0.014	0.557	0.0346	0.001	0.077
16.168	0.0265	0.011	0.668	0.0175	0.001	0.068
16.173	0.0312	0.011	0.642	0.0155	0.001	0.072
16.178	0.0311	0.011	0.636	0.0201	0.001	0.079
16.183	0.0243	0.009	0.644	0.0177	0.001	0.074
16.188	0.0329	0.011	0.647	0.0164	0.001	0.073
16.193	0.0445	0.011	0.574	0.0154	0.001	0.070
16.198	0.0299	0.009	0.510	0.0324	0.001	0.056
16.203	0.0185	0.009	0.427	0.0342	0.001	0.049
16.208	0.0169	0.007	0.532	0.0295	0.001	0.032
16.213	0.0200	0.007	0.670	0.0174	0.000	0.022
16.218	0.0073	0.016	0.659	0.0072	0.000	0.025
16.223	0.0112	0.011	0.643	0.0052	0.000	0.024
16.228	0.0307	0.011	0.647	0.0123	0.000	0.024
16.233	0.0212	0.007	0.668	0.0042	0.000	0.024
16.238	0.0031	0.011	0.657	0.0091	0.000	0.024
16.243	0.0155	0.009	0.632	0.0089	0.000	0.032
16.248	0.0293	0.011	0.558	0.0214	0.000	0.041
16.253	0.0135	0.009	0.575	0.0240	0.000	0.044
16.258	0.0070	0.009	0.514	0.0251	0.000	0.039
16.263	0.0183	0.011	0.545	0.0254	0.000	0.041
16.268	0.0356	0.011	0.616	0.0195	0.000	0.038
16.273	0.0138	0.014	0.636	0.0147	0.001	0.049
16.278	0.0257	0.014	0.574	0.0180	0.001	0.053
16.283	0.0364	0.014	0.623	0.0115	0.001	0.058
16.288	0.0209	0.011	0.604	0.0184	0.001	0.071
16.293	0.0168	0.014	0.584	0.0210	0.002	0.080
16.298	0.0259	0.014	0.580	0.0156	0.002	0.082
16.303	0.0393	0.011	0.534	0.0168	0.002	0.093
16.308	0.0208	0.007	0.526	0.0317	0.003	0.118
16.313	0.0150	0.018	0.375	0.0225	0.003	0.125
16.318	0.0292	0.016	0.434	0.0272	0.004	0.139
16.323	0.0142	0.020	0.314	0.0321	0.010	0.227
16.328	0.0049	0.057	0.397	0.0264	0.010	0.233
16.333	0.0095	0.023	0.464	0.0241	0.007	0.225
16.338	0.0021	0.043	0.341	0.0292	0.006	0.231
16.343	0.0045	0.032	0.357	0.0479	0.003	0.161
16.348	0.0032	0.009	0.354	0.0345	0.001	0.133
16.353	0.0023	0.007	0.408	0.0369	0.000	0.107
16.358	0.0011	0.007	0.394	0.0265	0.000	0.121
16.363	0.0007	0.014	0.542	0.0308	0.000	0.131
16.368	0.0005	0.007	0.510	0.0187	0.001	0.164
16.373	0.0004	0.014	0.566	0.0166	0.001	0.202
16.378	0.0004	0.014	0.419	0.0143	0.003	0.272
16.383	0.0003	0.014	0.323	0.0298	0.011	0.373
16.388	0.0001	0.020	0.393	0.0282	0.010	0.383
16.393	0.0001	0.016	0.570	0.0152	0.008	0.357
16.398	0.0001	0.023	0.431	0.0189	0.012	0.394
16.403	0.0001	0.020	0.234	0.0149	0.174	0.658
16.408	0.0001	0.016	0.145	0.0111	0.238	0.707
16.413	0.0000	0.082	0.192	0.0124	0.420	0.690
16.418	0.0001	0.123	0.151	0.0130	0.480	0.689
16.423	0.0002	0.134	0.293	0.0693	0.038	0.413
16.428	0.0002	0.139	0.193	0.0879	0.003	0.189
16.433	0.0002	0.061	0.286	0.0189	0.000	0.061
16.438	0.0037	0.011	0.466	0.0237	0.000	0.050
16.443	0.0150	0.009	0.528	0.0145	0.001	0.058
16.448	0.0195	0.009	0.491	0.0284	0.001	0.059
16.453	0.0219	0.011	0.560	0.0230	0.001	0.070
16.458	0.0293	0.011	0.615	0.0288	0.001	0.075
16.463	0.0167	0.014	0.564	0.0186	0.002	0.079
16.468	0.0251	0.016	0.557	0.0182	0.003	0.086
16.473	0.0277	0.014	0.604	0.0191	0.002	0.084
16.478	0.0251	0.011	0.622	0.0175	0.001	0.076
16.483	0.0184	0.016	0.618	0.0161	0.001	0.068
16.488	0.0248	0.014	0.611	0.0122	0.002	0.078
16.493	0.0258	0.011	0.606	0.0210	0.004	0.099
16.498	0.0172	0.020	0.517	0.0187	0.003	0.104
16.502	0.0244	0.014	0.569	0.0216	0.004	0.102
16.507	0.0163	0.011	0.484	0.0306	0.005	0.113
16.512	0.0126	0.014	0.338	0.0265	0.003	0.113
16.517	0.0218	0.009	0.366	0.0423	0.002	0.118
16.522	0.0074	0.007	0.409	0.0480	0.001	0.080
16.527	0.0041	0.016	0.173	0.0190	0.000	0.048
16.532	0.0074	0.005	0.224	0.0596	0.000	0.056
16.537	0.0005	0.009	0.209	0.0570	0.000	0.051
16.542	0.0010	0.002	0.279	0.0204	0.001	0.138
16.547	0.0016	0.002	0.280	0.0288	0.004	0.279
16.552	0.0006	0.023	0.462	0.0354	0.004	0.259
16.557	0.0003	0.007	0.261	0.0148	0.094	0.548
16.562	0.0003	0.011	0.123	0.0110	0.451	0.668
16.567	0.0002	0.095	0.145	0.0110	0.529	0.647
16.572	0.0002	0.123	0.127	0.0396	0.322	0.576
16.577	0.0004	0.166	0.113	0.0768	0.032	0.344
16.582	0.0003	0.139	0.375	0.0420	0.002	0.115
16.587	0.0008	0.011	0.459	0.0226	0.001	0.081
16.592	0.0100	0.011	0.643	0.0356	0.000	0.057
16.597	0.0138	0.011	0.659	0.0123	0.000	0.048
16.602	0.0145	0.011	0.661	0.0113	0.000	0.042
16.607	0.0181	0.009	0.662	0.0270	0.000	0.038
16.612	0.0203	0.011	0.672	0.0174	0.000	0.041
16.617	0.0396	0.011	0.669	0.0187	0.000	0.040
16.622	0.0267	0.011	0.612	0.0161	0.000	0.036
16.627	0.0144	0.009	0.569	0.0220	0.000	0.036
16.632	0.0079	0.011	0.637	0.0270	0.000	0.043
16.637	0.0228	0.011	0.666	0.0169	0.000	0.041
16.642	0.0289	0.009	0.676	0.0169	0.000	0.034
16.647	0.0163	0.011	0.661	0.0096	0.000	0.034
16.652	0.0082	0.011	0.667	0.0148	0.000	0.039
16.657	0.0158	0.011	0.705	0.0104	0.000	0.039
16.662	0.0422	0.011	0.708	0.0257	0.000	0.041
16.667	0.0427	0.014	0.660	0.0081	0.000	0.044
16.672	0.0197	0.011	0.659	0.0072	0.000	0.044
16.677	0.0130	0.009	0.675	0.0163	0.000	0.045
16.682	0.0232	0.011	0.681	0.0097	0.000	0.041
16.687	0.0462	0.011	0.658	0.0117	0.000	0.041
16.692	0.0290	0.011	0.590	0.0241	0.000	0.039
16.697	0.0103	0.009	0.482	0.0347	0.000	0.046
16.702	0.0107	0.011	0.533	0.0240	0.000	0.043
16.707	0.0177	0.007	0.563	0.0249	0.000	0.030
16.712	0.0133	0.007	0.577	0.0197	0.000	0.021
16.717	0.0054	0.007	0.595	0.0163	0.000	0.022
16.722	0.0089	0.007	0.615	0.0124	0.000	0.058
16.727	0.0090	0.005	0.606	0.0133	0.001	0.093
16.732	0.0045	0.007	0.587	0.0141	0.002	0.124
16.737	0.0036	0.011	0.527	0.0142	0.005	0.126
16.742	0.0059	0.009	0.532	0.0308	0.003	0.105
16.747	0.0080	0.014	0.542	0.0263	0.003	0.095
16.752	0.0072	0.009	0.521	0.0267	0.002	0.065
16.757	0.0074	0.007	0.577	0.0209	0.001	0.053
16.762	0.0129	0.007	0.625	0.0246	0.001	0.049
16.767	0.0234	0.011	0.682	0.0224	0.001	0.047
16.772	0.0402	0.011	0.693	0.0176	0.001	0.055
16.777	0.0371	0.011	0.668	0.0148	0.001	0.058
16.782	0.0278	0.011	0.609	0.0121	0.002	0.067
16.787	0.0345	0.009	0.609	0.0224	0.002	0.072
16.792	0.0298	0.011	0.659	0.0139	0.002	0.069
16.797	0.0418	0.011	0.663	0.0132	0.002	0.067
16.802	0.0219	0.011	0.653	0.0188	0.002	0.063
16.807	0.0271	0.009	0.648	0.0153	0.001	0.065
16.812	0.0327	0.011	0.623	0.0149	0.001	0.058
16.817	0.0451	0.016	0.520	0.0184	0.001	0.051
16.822	0.0309	0.009	0.401	0.0428	0.001	0.051
16.827	0.0211	0.009	0.507	0.0313	0.001	0.041
16.832	0.0085	0.007	0.682	0.0212	0.000	0.028
16.837	0.0276	0.007	0.681	0.0162	0.000	0.028
16.842	0.0261	0.007	0.673	0.0215	0.000	0.025
16.847	0.0157	0.007	0.687	0.0124	0.000	0.025
16.852	0.0146	0.007	0.567	0.0190	0.000	0.046
16.857	0.0208	0.009	0.544	0.0325	0.000	0.056
16.862	0.0279	0.007	0.622	0.0351	0.000	0.038
16.867	0.0333	0.011	0.699	0.0154	0.000	0.036
16.872	0.0224	0.011	0.674	0.0150	0.001	0.035
16.877	0.0232	0.011	0.639	0.0186	0.000	0.036
16.882	0.0192	0.011	0.655	0.0232	0.000	0.038
16.887	0.0225	0.014	0.639	0.0176	0.000	0.035
16.892	0.0284	0.011	0.566	0.0188	0.001	0.035
16.897	0.0240	0.009	0.569	0.0219	0.001	0.051
16.902	0.0199	0.009	0.375	0.0268	0.003	0.104
16.907	0.0130	0.018	0.415	0.0265	0.003	0.124
16.912	0.0099	0.009	0.409	0.0548	0.003	0.168
16.917	0.0049	0.002	0.384	0.0331	0.004	0.182
16.922	0.0015	0.014	0.179	0.0159	0.016	0.297
16.927	0.0014	0.018	0.158	0.0367	0.241	0.329
16.932	0.0008	0.059	0.346	0.0124	0.231	0.283
16.937	0.0005	0.061	0.241	0.0175	0.155	0.321
16.941	0.0077	0.050	0.389	0.0219	0.055	0.361
16.946	0.0027	0.050	0.499	0.0166	0.051	0.349
16.951	0.0036	0.052	0.509	0.0213	0.029	0.287
16.956	0.0053	0.043	0.414	0.0229	0.030	0.280
16.961	0.0054	0.043	0.604	0.0443	0.013	0.221
16.966	0.0012	0.061	0.261	0.0259	0.005	0.150
16.971	0.0030	0.007	0.302	0.0353	0.003	0.077
16.976	0.0093	0.007	0.465	0.0358	0.003	0.057
16.981	0.0058	0.014	0.686	0.0336	0.002	0.047
16.986	0.0252	0.014	0.790	0.0235	0.001	0.044
16.991	0.0421	0.014	0.841	0.0107	0.001	0.036
16.996	0.0606	0.014	0.825	0.0099	0.002	0.038
17.001	0.0612	0.016	0.733	0.0244	0.002	0.038
17.006	0.0640	0.014	0.679	0.0307	0.003	0.040
17.011	0.0502	0.018	0.729	0.0266	0.003	0.037
17.016	0.0598	0.025	0.723	0.0175	0.002	0.037
17.021	0.0541	0.032	0.568	0.0219	0.003	0.044
17.026	0.0571	0.025	0.544	0.0302	0.004	0.052
17.031	0.0402	0.016	0.693	0.0186	0.003	0.051
17.036	0.0441	0.020	0.676	0.0183	0.002	0.051
17.041	0.0388	0.016	0.672	0.0195	0.002	0.064
17.046	0.0401	0.016	0.681	0.0167	0.002	0.076
17.051	0.0367	0.009	0.694	0.0199	0.002	0.079
17.056	0.0481	0.009	0.718	0.0155	0.002	0.085
17.061	0.0521	0.011	0.727	0.0160	0.001	0.085
17.066	0.0476	0.009	0.694	0.0163	0.002	0.087
17.071	0.0423	0.009	0.595	0.0198	0.002	0.102
17.076	0.0295	0.016	0.474	0.0257	0.002	0.121
17.081	0.0202	0.018	0.253	0.0305	0.002	0.147
17.086	0.0054	0.016	0.388	0.0261	0.001	0.133
17.091	0.0095	0.009	0.245	0.0351	0.000	0.086
17.096	0.0063	0.011	0.286	0.0279	0.000	0.057
17.101	0.0038	0.011	0.269	0.0237	0.000	0.063
17.106	0.0020	0.016	0.420	0.0283	0.000	0.071
17.111	0.0013	0.023	0.316	0.0261	0.001	0.123
17.116	0.0011	0.023	0.298	0.0216	0.005	0.223
17.121	0.0004	0.025	0.169	0.0136	0.039	0.432
17.126	0.0007	0.039	0.201	0.0155	0.185	0.598
17.131	0.0004	0.050	0.172	0.0430	0.088	0.505
17.136	0.0005	0.109	0.379	0.0610	0.009	0.268
17.141	0.0014	0.095	0.683	0.0186	0.002	0.085
17.146	0.0085	0.011	0.792	0.0131	0.002	0.067
17.151	0.0292	0.020	0.788	0.0142	0.002	0.061
17.156	0.0473	0.011	0.755	0.0067	0.002	0.056
17.161	0.0343	0.011	0.778	0.0157	0.002	0.045
17.166	0.0418	0.011	0.777	0.0096	0.002	0.039
17.171	0.0385	0.011	0.782	0.0107	0.001	0.038
17.176	0.0366	0.011	0.788	0.0145	0.001	0.034
17.181	0.0465	0.011	0.806	0.0156	0.001	0.032
17.186	0.0575	0.011	0.820	0.0063	0.001	0.036
17.191	0.0529	0.016	0.797	0.0080	0.002	0.043
17.196	0.0582	0.018	0.777	0.0182	0.002	0.042
17.201	0.0608	0.011	0.790	0.0125	0.002	0.044
17.206	0.0543	0.016	0.792	0.0096	0.002	0.045
17.211	0.0412	0.014	0.798	0.0053	0.002	0.046
17.216	0.0504	0.011	0.799	0.0068	0.002	0.045
17.221	0.0407	0.011	0.809	0.0086	0.002	0.052
17.226	0.0408	0.014	0.802	0.0095	0.002	0.055
17.231	0.0530	0.011	0.810	0.0111	0.003	0.059
17.236	0.0346	0.014	0.814	0.0078	0.004	0.061
17.241	0.0430	0.011	0.788	0.0121	0.002	0.062
17.246	0.0615	0.016	0.788	0.0168	0.002	0.066
17.251	0.0385	0.014	0.755	0.0185	0.002	0.061
17.256	0.0451	0.020	0.687	0.0232	0.002	0.057
17.261	0.0498	0.009	0.691	0.0328	0.001	0.057
17.266	0.0220	0.011	0.781	0.0099	0.001	0.056
17.271	0.0174	0.007	0.747	0.0148	0.001	0.056
17.276	0.0239	0.005	0.722	0.0168	0.001	0.056
17.281	0.0358	0.011	0.754	0.0168	0.001	0.052
17.286	0.0294	0.014	0.789	0.0149	0.001	0.060
17.291	0.0256	0.018	0.785	0.0101	0.001	0.072
17.296	0.0574	0.016	0.765	0.0128	0.001	0.062
17.301	0.0684	0.020	0.725	0.0157	0.001	0.033
17.306	0.0468	0.016	0.701	0.0145	0.002	0.039
17.311	0.0334	0.018	0.534	0.0321	0.003	0.045
17.316	0.0236	0.023	0.585	0.0347	0.002	0.040
17.321	0.0249	0.023	0.707	0.0417	0.001	0.030
17.326	0.0198	0.016	0.770	0.0301	0.000	0.020
17.331	0.0198	0.009	0.723	0.0217	0.000	0.014
17.336	0.0143	0.009	0.697	0.0297	0.000	0.014
17.341	0.0096	0.005	0.747	0.0181	0.000	0.011
17.346	0.0111	0.005	0.741	0.0166	0.000	0.011
17.351	0.0080	0.005	0.733	0.0252	0.000	0.013
17.356	0.0115	0.005	0.739	0.0144	0.000	0.013
17.361	0.0090	0.005	0.729	0.0258	0.000	0.012
17.366	0.0089	0.005	0.742	0.0145	0.000	0.012
17.371	0.0085	0.005	0.730	0.0139	0.000	0.033
17.376	0.0075	0.005	0.685	0.0162	0.000	0.049
17.380	0.0068	0.005	0.616	0.0210	0.001	0.074
17.385	0.0055	0.005	0.648	0.0123	0.003	0.088
17.390	0.0064	0.005	0.647	0.0214	0.006	0.103
17.395	0.0119	0.007	0.711	0.0165	0.009	0.106
17.400	0.0178	0.005	0.739	0.0216	0.006	0.138
17.405	0.0263	0.005	0.754	0.0162	0.007	0.140
17.410	0.0312	0.011	0.767	0.0175	0.013	0.132
17.415	0.0393	0.020	0.766	0.0176	0.012	0.119
17.420	0.0431	0.018	0.758	0.0153	0.007	0.107
17.425	0.0504	0.030	0.777	0.0121	0.005	0.102
17.430	0.0447	0.016	0.800	0.0140	0.005	0.100
17.435	0.0446	0.014	0.800	0.0103	0.004	0.092
17.440	0.0420	0.020	0.821	0.0098	0.003	0.092
17.445	0.0301	0.011	0.785	0.0126	0.002	0.114
17.450	0.0411	0.007	0.729	0.0200	0.003	0.174
17.455	0.0391	0.005	0.724	0.0130	0.004	0.225
17.460	0.0204	0.016	0.727	0.0140	0.009	0.326
17.465	0.0229	0.014	0.690	0.0112	0.015	0.370
17.470	0.0307	0.011	0.657	0.0121	0.033	0.461
17.475	0.0214	0.014	0.670	0.0099	0.041	0.499
17.480	0.0150	0.014	0.679	0.0091	0.046	0.528
17.485	0.0128	0.023	0.691	0.0102	0.050	0.537
17.490	0.0178	0.039	0.608	0.0105	0.082	0.555
17.495	0.0183	0.036	0.566	0.0096	0.108	0.560
17.500	0.0144	0.050	0.609	0.0115	0.094	0.553
17.505	0.0149	0.066	0.658	0.0111	0.078	0.555
17.510	0.0151	0.039	0.653	0.0147	0.053	0.511
17.515	0.0191	0.023	0.683	0.0127	0.042	0.446
17.520	0.0198	0.018	0.705	0.0185	0.021	0.360
17.525	0.0248	0.016	0.744	0.0190	0.008	0.274
17.530	0.0265	0.009	0.743	0.0174	0.003	0.178
17.535	0.0272	0.005	0.775	0.0165	0.002	0.135
17.540	0.0213	0.007	0.761	0.0132	0.002	0.127
17.545	0.0407	0.009	0.766	0.0145	0.002	0.118
17.550	0.0580	0.014	0.802	0.0100	0.002	0.102
17.555	0.0721	0.016	0.790	0.0090	0.002	0.097
17.560	0.0633	0.016	0.780	0.0095	0.001	0.103
17.565	0.0238	0.014	0.782	0.0143	0.001	0.086
17.570	0.0507	0.014	0.801	0.0086	0.001	0.071
17.575	0.0843	0.009	0.797	0.0111	0.001	0.066
17.580	0.0848	0.011	0.782	0.0124	0.001	0.063
17.585	0.0587	0.011	0.789	0.0098	0.001	0.056
17.590	0.0273	0.018	0.755	0.0186	0.001	0.047
17.595	0.0508	0.011	0.742	0.0170	0.001	0.043
17.600	0.0512	0.011	0.742	0.0139	0.001	0.039
17.605	0.0442	0.011	0.752	0.0093	0.001	0.037
17.610	0.0251	0.009	0.759	0.0286	0.001	0.036
17.615	0.0138	0.011	0.756	0.0249	0.002	0.030
17.620	0.0169	0.011	0.764	0.0074	0.001	0.025
17.625	0.0196	0.011	0.745	0.0166	0.000	0.026
17.630	0.0202	0.014	0.728	0.0154	0.000	0.028
17.635	0.0114	0.011	0.721	0.0189	0.000	0.034
17.640	0.0090	0.005	0.592	0.0238	0.000	0.032
17.645	0.0064	0.005	0.517	0.0382	0.000	0.031
17.650	0.0049	0.009	0.541	0.0278	0.001	0.045
17.655	0.0133	0.011	0.307	0.0275	0.001	0.043
17.660	0.0085	0.009	0.323	0.0391	0.000	0.046
17.665	0.0132	0.014	0.537	0.0200	0.001	0.053
17.670	0.0068	0.016	0.588	0.0203	0.002	0.058
17.675	0.0079	0.014	0.612	0.0243	0.002	0.059
17.680	0.0113	0.014	0.577	0.0198	0.002	0.066
17.685	0.0159	0.016	0.512	0.0340	0.001	0.070
17.690	0.0141	0.014	0.452	0.0238	0.001	0.067
17.695	0.0076	0.016	0.510	0.0344	0.001	0.056
17.700	0.0083	0.016	0.434	0.0369	0.001	0.052
17.705	0.0155	0.011	0.571	0.0349	0.000	0.043
17.710	0.0148	0.014	0.696	0.0168	0.000	0.036
17.715	0.0217	0.014	0.728	0.0131	0.000	0.037
17.720	0.0357	0.014	0.722	0.0139	0.000	0.036
17.725	0.0459	0.014	0.723	0.0155	0.000	0.037
17.730	0.0472	0.014	0.728	0.0088	0.000	0.035
17.735	0.0481	0.014	0.730	0.0095	0.000	0.033
17.740	0.0508	0.014	0.732	0.0127	0.000	0.035
17.745	0.0568	0.014	0.737	0.0086	0.000	0.037
17.750	0.0613	0.014	0.746	0.0132	0.000	0.037
17.755	0.0679	0.014	0.744	0.0109	0.000	0.039
17.760	0.0729	0.014	0.762	0.0174	0.000	0.046
17.765	0.0771	0.014	0.746	0.0130	0.000	0.045
17.770	0.0756	0.014	0.760	0.0103	0.001	0.044
17.775	0.0606	0.009	0.746	0.0124	0.001	0.046
17.780	0.0505	0.009	0.722	0.0170	0.001	0.047
17.785	0.0536	0.011	0.753	0.0092	0.001	0.048
17.790	0.0508	0.009	0.754	0.0083	0.001	0.051
17.795	0.0446	0.011	0.762	0.0083	0.001	0.055
17.800	0.0396	0.011	0.759	0.0121	0.001	0.068
17.805	0.0520	0.009	0.755	0.0075	0.001	0.067
17.810	0.0671	0.009	0.761	0.0122	0.002	0.065
17.815	0.0742	0.009	0.758	0.0108	0.002	0.061
17.820	0.0738	0.009	0.783	0.0088	0.003	0.061
17.824	0.0713	0.016	0.776	0.0119	0.002	0.067
17.829	0.0597	0.018	0.657	0.0170	0.001	0.065
17.834	0.0443	0.020	0.594	0.0268	0.001	0.058
17.839	0.0316	0.018	0.486	0.0540	0.001	0.045
17.844	0.0076	0.007	0.684	0.0263	0.001	0.041
17.849	0.0158	0.007	0.747	0.0116	0.001	0.034
17.854	0.0194	0.005	0.762	0.0080	0.001	0.029
17.859	0.0239	0.005	0.754	0.0156	0.000	0.027
17.864	0.0241	0.005	0.757	0.0091	0.000	0.026
17.869	0.0233	0.005	0.729	0.0067	0.000	0.039
17.874	0.0266	0.005	0.708	0.0215	0.000	0.041
17.879	0.0306	0.005	0.739	0.0199	0.000	0.045
17.884	0.0414	0.009	0.735	0.0149	0.000	0.049
17.889	0.0448	0.009	0.704	0.0182	0.000	0.047
17.894	0.0484	0.018	0.636	0.0252	0.000	0.052
17.899	0.0394	0.005	0.600	0.0238	0.000	0.069
17.904	0.0284	0.011	0.654	0.0284	0.000	0.088
17.909	0.0215	0.007	0.711	0.0243	0.000	0.088
17.914	0.0180	0.005	0.727	0.0165	0.000	0.061
17.919	0.0179	0.005	0.720	0.0207	0.000	0.048
17.924	0.0153	0.005	0.710	0.0184	0.000	0.035
17.929	0.0144	0.005	0.642	0.0297	0.000	0.029
17.934	0.0104	0.005	0.622	0.0575	0.000	0.040
17.939	0.0069	0.005	0.672	0.0336	0.000	0.072
17.944	0.0046	0.005	0.692	0.0472	0.000	0.098
17.949	0.0059	0.005	0.689	0.0232	0.001	0.173
17.954	0.0065	0.002	0.690	0.0131	0.003	0.211
17.959	0.0057	0.009	0.577	0.0201	0.012	0.262
17.964	0.0076	0.009	0.574	0.0248	0.015	0.229
17.969	0.0097	0.018	0.538	0.0305	0.005	0.143
17.974	0.0143	0.009	0.628	0.0240	0.003	0.113
17.979	0.0210	0.011	0.697	0.0182	0.002	0.097
17.984	0.0370	0.011	0.717	0.0148	0.002	0.093
17.989	0.0467	0.009	0.731	0.0149	0.001	0.091
17.994	0.0562	0.009	0.745	0.0111	0.001	0.083
17.999	0.0623	0.009	0.771	0.0120	0.001	0.075
18.004	0.0622	0.009	0.747	0.0099	0.000	0.072
18.009	0.0580	0.009	0.692	0.0120	0.001	0.081
18.014	0.0466	0.009	0.663	0.0149	0.001	0.101
18.019	0.0388	0.009	0.604	0.0204	0.001	0.152
18.024	0.0309	0.009	0.695	0.0135	0.001	0.157
18.029	0.0317	0.018	0.721	0.0080	0.002	0.202
18.034	0.0305	0.023	0.713	0.0082	0.004	0.238
18.039	0.0267	0.009	0.690	0.0076	0.008	0.294
18.044	0.0227	0.002	0.694	0.0110	0.008	0.301
18.049	0.0200	0.005	0.717	0.0094	0.009	0.289
18.054	0.0206	0.005	0.738	0.0105	0.007	0.300
18.059	0.0201	0.005	0.728	0.0098	0.006	0.271
18.064	0.0166	0.005	0.714	0.0095	0.005	0.250
18.069	0.0170	0.005	0.693	0.0121	0.006	0.236
18.074	0.0172	0.005	0.680	0.0126	0.004	0.205
18.079	0.0190	0.005	0.690	0.0173	0.002	0.162
18.084	0.0173	0.009	0.707	0.0107	0.001	0.140
18.089	0.0181	0.009	0.736	0.0088	0.001	0.112
18.094	0.0221	0.014	0.715	0.0096	0.001	0.107
18.099	0.0264	0.014	0.748	0.0070	0.001	0.100
18.104	0.0317	0.009	0.722	0.0088	0.001	0.091
18.109	0.0308	0.014	0.708	0.0097	0.001	0.097
18.114	0.0274	0.011	0.729	0.0087	0.001	0.101
18.119	0.0304	0.014	0.687	0.0162	0.001	0.095
18.124	0.0451	0.014	0.720	0.0109	0.001	0.088
18.129	0.0474	0.014	0.727	0.0103	0.001	0.075
18.134	0.0505	0.016	0.719	0.0132	0.001	0.077
18.139	0.0488	0.005	0.729	0.0102	0.001	0.066
18.144	0.0492	0.005	0.749	0.0057	0.001	0.055
18.149	0.0491	0.005	0.750	0.0065	0.000	0.053
18.154	0.0492	0.005	0.746	0.0095	0.000	0.053
18.159	0.0473	0.005	0.727	0.0102	0.000	0.068
18.164	0.0418	0.005	0.708	0.0159	0.000	0.079
18.169	0.0350	0.005	0.674	0.0190	0.000	0.119
18.174	0.0262	0.005	0.686	0.0214	0.001	0.162
18.179	0.0206	0.009	0.671	0.0124	0.002	0.264
18.184	0.0147	0.005	0.706	0.0130	0.006	0.327
18.189	0.0136	0.014	0.700	0.0082	0.018	0.425
18.194	0.0147	0.018	0.664	0.0090	0.030	0.445
18.199	0.0143	0.016	0.588	0.0105	0.099	0.500
18.204	0.0114	0.027	0.502	0.0104	0.229	0.535
18.209	0.0106	0.055	0.251	0.0126	0.642	0.527
18.214	0.0095	0.107	0.153	0.0123	0.895	0.498
18.219	0.0084	0.170	0.128	0.0117	0.969	0.518
18.224	0.0101	0.173	0.147	0.0120	0.971	0.533
18.229	0.0101	0.189	0.151	0.0109	0.985	0.526
18.234	0.0100	0.198	0.192	0.0109	0.987	0.521
18.239	0.0117	0.180	0.149	0.0138	0.982	0.531
18.244	0.0084	0.193	0.149	0.0125	0.987	0.496
18.249	0.0084	0.198	0.118	0.0128	0.989	0.477
18.254	0.0107	0.195	0.125	0.0129	0.987	0.459
18.259	0.0117	0.180	0.154	0.0118	0.988	0.446
18.263	0.0117	0.168	0.162	0.0120	0.989	0.439
18.268	0.0153	0.180	0.149	0.0134	0.967	0.445
18.273	0.0109	0.168	0.102	0.0132	0.931	0.453
18.278	0.0090	0.168	0.121	0.0122	0.870	0.476
18.283	0.0067	0.150	0.157	0.0265	0.501	0.457
18.288	0.0037	0.127	0.291	0.0449	0.017	0.197
18.293	0.0038	0.061	0.585	0.0202	0.004	0.104
18.298	0.0060	0.009	0.690	0.0143	0.001	0.086
18.303	0.0236	0.011	0.612	0.0226	0.001	0.084
18.308	0.0222	0.011	0.528	0.0282	0.001	0.073
18.313	0.0160	0.011	0.596	0.0189	0.001	0.070
18.318	0.0247	0.016	0.661	0.0103	0.001	0.071
18.323	0.0342	0.016	0.694	0.0106	0.001	0.073
18.328	0.0570	0.023	0.669	0.0093	0.001	0.060
18.333	0.0607	0.016	0.656	0.0210	0.001	0.052
18.338	0.0320	0.011	0.670	0.0101	0.000	0.046
18.343	0.0171	0.009	0.669	0.0173	0.000	0.044
18.348	0.0199	0.016	0.647	0.0239	0.000	0.039
18.353	0.0272	0.011	0.699	0.0171	0.000	0.037
18.358	0.0542	0.011	0.650	0.0102	0.000	0.037
18.363	0.0303	0.011	0.573	0.0194	0.000	0.039
18.368	0.0135	0.009	0.587	0.0241	0.000	0.046
18.373	0.0126	0.011	0.646	0.0193	0.000	0.036
18.378	0.0262	0.007	0.664	0.0236	0.000	0.022
18.383	0.0239	0.005	0.664	0.0208	0.000	0.023
18.388	0.0121	0.009	0.661	0.0151	0.000	0.022
18.393	0.0190	0.007	0.686	0.0197	0.000	0.020
18.398	0.0229	0.007	0.704	0.0195	0.000	0.020
18.403	0.0252	0.007	0.672	0.0142	0.000	0.019
18.408	0.0137	0.007	0.676	0.0154	0.000	0.021
18.413	0.0085	0.009	0.689	0.0159	0.000	0.021
18.418	0.0148	0.007	0.687	0.0146	0.000	0.021
18.423	0.0191	0.007	0.705	0.0309	0.000	0.019
18.428	0.0219	0.007	0.687	0.0217	0.000	0.021
18.433	0.0124	0.007	0.669	0.0185	0.000	0.022
18.438	0.0069	0.009	0.660	0.0136	0.000	0.022
18.443	0.0147	0.007	0.675	0.0197	0.000	0.020
18.448	0.0187	0.007	0.671	0.0228	0.000	0.020
18.453	0.0216	0.007	0.659	0.0229	0.000	0.019
18.458	0.0130	0.007	0.644	0.0169	0.000	0.059
18.463	0.0126	0.007	0.598	0.0242	0.000	0.073
18.468	0.0141	0.007	0.440	0.0453	0.000	0.042
18.473	0.0229	0.011	0.451	0.0331	0.000	0.039
18.478	0.0281	0.011	0.577	0.0241	0.000	0.039
18.483	0.0129	0.009	0.582	0.0186	0.001	0.046
18.488	0.0206	0.014	0.527	0.0096	0.001	0.051
18.493	0.0392	0.011	0.622	0.0137	0.001	0.051
18.498	0.0165	0.011	0.626	0.0233	0.001	0.051
18.503	0.0158	0.014	0.566	0.0105	0.001	0.050
18.508	0.0370	0.027	0.618	0.0148	0.001	0.063
18.513	0.0139	0.018	0.568	0.0237	0.003	0.078
18.518	0.0163	0.018	0.530	0.0172	0.001	0.067
18.523	0.0375	0.009	0.635	0.0197	0.001	0.061
18.528	0.0148	0.018	0.596	0.0309	0.001	0.064
18.533	0.0190	0.030	0.564	0.0186	0.001	0.064
18.538	0.0345	0.016	0.621	0.0152	0.001	0.064
18.543	0.0060	0.016	0.484	0.0180	0.001	0.065
18.548	0.0200	0.023	0.233	0.0186	0.000	0.059
18.553	0.0213	0.009	0.234	0.0575	0.001	0.063
18.558	0.0088	0.016	0.480	0.0431	0.000	0.038
18.563	0.0159	0.007	0.659	0.0304	0.000	0.021
18.568	0.0042	0.007	0.574	0.0144	0.000	0.023
18.573	0.0141	0.005	0.630	0.0122	0.000	0.021
18.578	0.0139	0.005	0.565	0.0224	0.000	0.027
18.583	0.0047	0.007	0.480	0.0344	0.000	0.031
18.588	0.0120	0.005	0.461	0.0357	0.000	0.033
18.593	0.0098	0.009	0.614	0.0371	0.000	0.034
18.598	0.0037	0.009	0.515	0.0262	0.000	0.051
18.603	0.0246	0.009	0.631	0.0258	0.000	0.049
18.608	0.0089	0.007	0.555	0.0466	0.000	0.056
18.613	0.0101	0.009	0.529	0.0236	0.001	0.065
18.618	0.0185	0.009	0.570	0.0367	0.000	0.064
18.623	0.0057	0.009	0.522	0.0166	0.000	0.064
18.628	0.0099	0.009	0.519	0.0346	0.000	0.059
18.633	0.0126	0.007	0.602	0.0509	0.000	0.055
18.638	0.0058	0.009	0.515	0.0220	0.000	0.053
18.643	0.0168	0.009	0.635	0.0222	0.000	0.044
18.648	0.0058	0.007	0.518	0.0564	0.000	0.042
18.653	0.0106	0.009	0.581	0.0193	0.000	0.036
18.658	0.0083	0.007	0.577	0.0484	0.000	0.044
18.663	0.0033	0.007	0.510	0.0279	0.000	0.044
18.668	0.0125	0.014	0.596	0.0410	0.000	0.045
18.673	0.0020	0.011	0.402	0.0381	0.000	0.050
18.678	0.0087	0.011	0.469	0.0256	0.000	0.052
18.683	0.0004	0.018	0.383	0.0311	0.000	0.061
18.688	0.0044	0.005	0.340	0.0670	0.000	0.064
18.693	0.0031	0.005	0.375	0.0542	0.000	0.077
18.698	0.0015	0.002	0.508	0.0734	0.000	0.093
18.702	0.0010	0.002	0.580	0.0489	0.000	0.100
18.707	0.0012	0.005	0.475	0.0301	0.000	0.106
18.712	0.0014	0.002	0.384	0.0701	0.000	0.107
18.717	0.0011	0.002	0.219	0.0370	0.001	0.188
18.722	0.0004	0.002	0.224	0.0834	0.002	0.265
18.727	0.0001	0.005	0.398	0.0233	0.007	0.384
18.732	0.0001	0.005	0.512	0.0309	0.008	0.408
18.737	0.0001	0.007	0.603	0.0347	0.009	0.442
18.742	0.0001	0.005	0.682	0.0140	0.009	0.434
18.747	0.0001	0.005	0.711	0.0129	0.008	0.431
18.752	0.0001	0.007	0.722	0.0149	0.009	0.444
18.757	0.0001	0.005	0.592	0.0107	0.017	0.506
18.762	0.0001	0.009	0.527	0.0165	0.020	0.522
18.767	0.0001	0.007	0.478	0.0111	0.026	0.537
18.772	0.0001	0.005	0.487	0.0223	0.032	0.546
18.777	0.0000	0.016	0.281	0.0153	0.082	0.611
18.782	0.0000	0.014	0.339	0.0148	0.079	0.582
18.787	0.0000	0.032	0.285	0.0135	0.071	0.575
18.792	0.0000	0.023	0.279	0.0170	0.073	0.561
18.797	0.0000	0.036	0.212	0.0173	0.041	0.508
18.802	0.0000	0.020	0.242	0.0181	0.048	0.519
18.807	0.0001	0.032	0.202	0.0142	0.047	0.502
18.812	0.0000	0.048	0.171	0.0171	0.049	0.472
18.817	0.0000	0.036	0.265	0.0159	0.066	0.466
18.822	0.0000	0.036	0.258	0.0164	0.062	0.479
18.827	0.0000	0.050	0.302	0.0263	0.047	0.422
18.832	0.0001	0.032	0.320	0.0188	0.039	0.386
18.837	0.0001	0.045	0.289	0.0170	0.086	0.406
18.842	0.0001	0.043	0.401	0.0156	0.101	0.396
18.847	0.0001	0.082	0.508	0.0121	0.048	0.383
18.852	0.0002	0.045	0.582	0.0135	0.065	0.346
18.857	0.0002	0.039	0.618	0.0134	0.089	0.330
18.862	0.0003	0.050	0.591	0.0123	0.126	0.339
18.867	0.0003	0.050	0.369	0.0132	0.324	0.401
18.872	0.0002	0.066	0.337	0.0160	0.367	0.398
18.877	0.0002	0.102	0.308	0.0142	0.300	0.370
18.882	0.0003	0.059	0.218	0.0125	0.322	0.371
18.887	0.0003	0.082	0.219	0.0134	0.363	0.396
18.892	0.0003	0.095	0.168	0.0146	0.328	0.375
18.897	0.0003	0.093	0.189	0.0125	0.269	0.353
18.902	0.0004	0.075	0.214	0.0140	0.275	0.373
18.907	0.0004	0.102	0.164	0.0146	0.319	0.377
18.912	0.0005	0.082	0.167	0.0131	0.363	0.357
18.917	0.0004	0.098	0.230	0.0172	0.354	0.383
18.922	0.0005	0.080	0.208	0.0129	0.379	0.381
18.927	0.0004	0.107	0.257	0.0177	0.325	0.364
18.932	0.0007	0.093	0.271	0.0159	0.231	0.353
18.937	0.0006	0.098	0.253	0.0148	0.209	0.334
18.942	0.0008	0.077	0.182	0.0147	0.241	0.329
18.947	0.0008	0.073	0.198	0.0157	0.242	0.380
18.952	0.0008	0.084	0.175	0.0106	0.236	0.387
18.957	0.0007	0.091	0.171	0.0140	0.312	0.380
18.962	0.0008	0.102	0.195	0.0134	0.400	0.383
18.967	0.0008	0.118	0.147	0.0125	0.388	0.379
18.972	0.0010	0.116	0.184	0.0124	0.386	0.397
18.977	0.0010	0.098	0.152	0.0116	0.440	0.440
18.982	0.0008	0.093	0.183	0.0126	0.466	0.421
18.987	0.0010	0.114	0.137	0.0146	0.404	0.430
18.992	0.0010	0.098	0.171	0.0144	0.358	0.401
18.997	0.0007	0.116	0.193	0.0111	0.387	0.394
19.002	0.0011	0.109	0.200	0.0141	0.411	0.392
19.007	0.0011	0.107	0.179	0.0146	0.319	0.372
19.012	0.0009	0.084	0.210	0.0173	0.392	0.354
19.017	0.0014	0.093	0.156	0.0172	0.329	0.338
19.022	0.0013	0.082	0.229	0.0124	0.292	0.358
19.027	0.0015	0.095	0.193	0.0125	0.246	0.361
19.032	0.0012	0.086	0.227	0.0116	0.247	0.341
19.037	0.0015	0.084	0.211	0.0128	0.289	0.352
19.042	0.0013	0.111	0.155	0.0166	0.293	0.346
19.047	0.0013	0.093	0.210	0.0126	0.335	0.390
19.052	0.0013	0.091	0.180	0.0141	0.347	0.379
19.057	0.0010	0.095	0.212	0.0148	0.308	0.379
19.062	0.0011	0.095	0.172	0.0123	0.290	0.388
19.067	0.0008	0.073	0.180	0.0125	0.277	0.382
19.072	0.0011	0.095	0.224	0.0129	0.324	0.367
19.077	0.0013	0.082	0.213	0.0170	0.385	0.361
19.082	0.0008	0.118	0.220	0.0139	0.397	0.371
19.087	0.0011	0.095	0.162	0.0149	0.422	0.384
19.092	0.0009	0.111	0.266	0.0137	0.294	0.362
19.097	0.0008	0.105	0.189	0.0131	0.249	0.377
19.102	0.0010	0.073	0.209	0.0156	0.314	0.391
19.107	0.0007	0.095	0.180	0.0127	0.366	0.416
19.112	0.0007	0.098	0.180	0.0121	0.430	0.432
19.117	0.0005	0.105	0.148	0.0145	0.463	0.435
19.122	0.0003	0.127	0.162	0.0146	0.419	0.404
19.127	0.0003	0.102	0.245	0.0138	0.424	0.423
19.132	0.0003	0.095	0.240	0.0166	0.265	0.426
19.137	0.0002	0.080	0.324	0.0128	0.280	0.441
19.141	0.0002	0.084	0.264	0.0155	0.344	0.398
19.146	0.0001	0.080	0.171	0.0144	0.411	0.419
19.151	0.0001	0.082	0.170	0.0143	0.491	0.478
19.156	0.0001	0.120	0.211	0.0116	0.444	0.513
19.161	0.0001	0.082	0.233	0.0072	0.453	0.505
19.166	0.0001	0.084	0.229	0.0182	0.340	0.628
19.171	0.0001	0.080	0.123	0.0136	0.226	0.679
19.176	0.0000	0.036	0.030	0.0177	0.470	0.763
19.181	0.0000	0.059	0.163	0.0154	0.725	0.617
19.186	0.0000	0.016	0.178	0.0149	0.882	0.528
19.191	0.0000	0.127	0.174	0.0198	0.964	0.453
19.196	0.0001	0.143	0.237	0.0151	0.990	0.408
19.201	0.0003	0.132	0.286	0.0131	0.990	0.424
19.206	0.0010	0.150	0.230	0.0131	0.991	0.406
19.211	0.0021	0.159	0.177	0.0110	0.993	0.452
19.216	0.0031	0.145	0.180	0.0156	0.985	0.511
19.221	0.0038	0.170	0.120	0.0132	0.983	0.499
19.226	0.0026	0.168	0.168	0.0131	0.964	0.513
19.231	0.0056	0.157	0.123	0.0122	0.956	0.531
19.236	0.0049	0.159	0.113	0.0135	0.965	0.519
19.241	0.0048	0.186	0.192	0.0117	0.965	0.521
19.246	0.0062	0.182	0.130	0.0129	0.951	0.485
19.251	0.0038	0.164	0.150	0.0233	0.672	0.473
19.256	0.0054	0.157	0.354	0.0385	0.093	0.366
19.261	0.0035	0.061	0.553	0.0403	0.015	0.238
19.266	0.0029	0.041	0.586	0.0279	0.001	0.097
19.271	0.0047	0.016	0.638	0.0328	0.000	0.063
19.276	0.0140	0.009	0.751	0.0185	0.000	0.046
19.281	0.0370	0.011	0.792	0.0145	0.000	0.047
19.286	0.0558	0.011	0.746	0.0158	0.000	0.050
19.291	0.0675	0.009	0.722	0.0220	0.000	0.052
19.296	0.0565	0.011	0.738	0.0114	0.000	0.054
19.301	0.0608	0.014	0.734	0.0189	0.000	0.059
19.306	0.0532	0.016	0.747	0.0120	0.000	0.057
19.311	0.0621	0.014	0.775	0.0123	0.001	0.055
19.316	0.0616	0.016	0.769	0.0058	0.001	0.055
19.321	0.0579	0.018	0.770	0.0063	0.001	0.059
19.326	0.0681	0.016	0.734	0.0135	0.000	0.058
19.331	0.0764	0.016	0.747	0.0137	0.000	0.057
19.336	0.0871	0.014	0.763	0.0101	0.000	0.053
19.341	0.0887	0.016	0.746	0.0108	0.000	0.052
19.346	0.1033	0.014	0.718	0.0127	0.001	0.059
19.351	0.0957	0.016	0.670	0.0145	0.001	0.064
19.356	0.0863	0.023	0.661	0.0145	0.002	0.065
19.361	0.0797	0.018	0.660	0.0161	0.003	0.065
19.366	0.0783	0.014	0.648	0.0154	0.005	0.055
19.371	0.0697	0.032	0.624	0.0133	0.008	0.053
19.376	0.0667	0.030	0.534	0.0211	0.008	0.070
19.381	0.0627	0.020	0.541	0.0289	0.004	0.087
19.386	0.0477	0.009	0.475	0.0349	0.002	0.090
19.391	0.0321	0.009	0.595	0.0354	0.001	0.081
19.396	0.0245	0.005	0.759	0.0218	0.000	0.072
19.401	0.0254	0.005	0.750	0.0162	0.000	0.044
19.406	0.0262	0.005	0.726	0.0155	0.000	0.022
19.411	0.0244	0.005	0.722	0.0178	0.000	0.019
19.416	0.0238	0.005	0.716	0.0118	0.000	0.015
19.421	0.0231	0.005	0.706	0.0182	0.000	0.015
19.426	0.0216	0.005	0.708	0.0151	0.000	0.015
19.431	0.0195	0.005	0.705	0.0124	0.000	0.013
19.436	0.0174	0.002	0.719	0.0182	0.000	0.015
19.441	0.0170	0.005	0.716	0.0125	0.000	0.020
19.446	0.0151	0.005	0.402	0.0233	0.016	0.221
19.451	0.0144	0.005	0.390	0.0231	0.036	0.242
19.456	0.0144	0.014	0.414	0.0153	0.023	0.245
19.461	0.0163	0.032	0.407	0.0321	0.013	0.239
19.466	0.0194	0.014	0.613	0.0269	0.004	0.133
19.471	0.0240	0.025	0.598	0.0215	0.003	0.094
19.476	0.0389	0.018	0.610	0.0231	0.004	0.079
19.481	0.0399	0.020	0.615	0.0228	0.005	0.079
19.486	0.0695	0.011	0.694	0.0200	0.008	0.081
19.491	0.0882	0.025	0.730	0.0203	0.007	0.074
19.496	0.0898	0.018	0.766	0.0211	0.005	0.072
19.501	0.0981	0.020	0.789	0.0215	0.003	0.065
19.506	0.1317	0.018	0.808	0.0124	0.001	0.055
19.511	0.1381	0.011	0.815	0.0144	0.001	0.053
19.516	0.1587	0.014	0.814	0.0124	0.001	0.060
19.521	0.1597	0.014	0.826	0.0125	0.001	0.064
19.526	0.1668	0.014	0.825	0.0081	0.001	0.066
19.531	0.2048	0.011	0.822	0.0097	0.001	0.064
19.536	0.1600	0.014	0.819	0.0094	0.001	0.069
19.541	0.2022	0.014	0.829	0.0109	0.001	0.068
19.546	0.1638	0.014	0.820	0.0144	0.001	0.063
19.551	0.2298	0.014	0.831	0.0119	0.001	0.055
19.556	0.2151	0.014	0.829	0.0124	0.000	0.035
19.561	0.2316	0.014	0.825	0.0058	0.000	0.036
19.566	0.2148	0.011	0.814	0.0120	0.001	0.040
19.571	0.1830	0.014	0.799	0.0156	0.001	0.051
19.576	0.2102	0.014	0.812	0.0154	0.001	0.065
19.580	0.1836	0.014	0.816	0.0118	0.001	0.061
19.585	0.2182	0.011	0.809	0.0125	0.002	0.060
19.590	0.1656	0.014	0.801	0.0150	0.001	0.059
19.595	0.1964	0.011	0.807	0.0110	0.001	0.057
19.600	0.1968	0.014	0.800	0.0155	0.001	0.060
19.605	0.1618	0.011	0.770	0.0197	0.001	0.056
19.610	0.2144	0.011	0.748	0.0241	0.001	0.054
19.615	0.1974	0.014	0.784	0.0125	0.001	0.058
19.620	0.1466	0.009	0.797	0.0086	0.001	0.056
19.625	0.1670	0.014	0.761	0.0131	0.002	0.057
19.630	0.1965	0.009	0.774	0.0127	0.002	0.053
19.635	0.1722	0.011	0.786	0.0111	0.001	0.049
19.640	0.1424	0.011	0.778	0.0071	0.001	0.050
19.645	0.1309	0.011	0.765	0.0101	0.001	0.058
19.650	0.1339	0.011	0.755	0.0157	0.001	0.062
19.655	0.1639	0.009	0.790	0.0070	0.001	0.051
19.660	0.1560	0.011	0.779	0.0081	0.001	0.053
19.665	0.1582	0.011	0.778	0.0141	0.001	0.048
19.670	0.1145	0.009	0.794	0.0112	0.002	0.048
19.675	0.1255	0.011	0.761	0.0092	0.003	0.053
19.680	0.1219	0.011	0.765	0.0113	0.003	0.051
19.685	0.1362	0.009	0.780	0.0047	0.003	0.050
19.690	0.1435	0.009	0.777	0.0063	0.002	0.050
19.695	0.1398	0.011	0.776	0.0095	0.002	0.056
19.700	0.1272	0.011	0.770	0.0109	0.002	0.059
19.705	0.1197	0.009	0.776	0.0086	0.002	0.057
19.710	0.1264	0.011	0.770	0.0064	0.002	0.053
19.715	0.1394	0.011	0.757	0.0126	0.002	0.056
19.720	0.1759	0.009	0.765	0.0148	0.002	0.054
19.725	0.1858	0.011	0.779	0.0119	0.001	0.058
19.730	0.1544	0.011	0.787	0.0102	0.001	0.052
19.735	0.1586	0.011	0.778	0.0135	0.001	0.053
19.740	0.1809	0.011	0.784	0.0166	0.001	0.053
19.745	0.2323	0.011	0.793	0.0111	0.001	0.047
19.750	0.2168	0.011	0.777	0.0116	0.001	0.047
19.755	0.1639	0.011	0.771	0.0226	0.001	0.055
19.760	0.1655	0.011	0.799	0.0224	0.001	0.057
19.765	0.1990	0.011	0.809	0.0169	0.001	0.057
19.770	0.1730	0.011	0.791	0.0185	0.000	0.057
19.775	0.1594	0.014	0.804	0.0118	0.000	0.053
19.780	0.1725	0.011	0.822	0.0088	0.000	0.056
19.785	0.1252	0.014	0.792	0.0100	0.001	0.065
19.790	0.1529	0.011	0.783	0.0127	0.001	0.065
19.795	0.1233	0.014	0.797	0.0180	0.001	0.066
19.800	0.0975	0.011	0.800	0.0122	0.001	0.074
19.805	0.1304	0.014	0.775	0.0131	0.002	0.091
19.810	0.0965	0.011	0.747	0.0188	0.002	0.093
19.815	0.0605	0.011	0.748	0.0122	0.004	0.097
19.820	0.0884	0.011	0.715	0.0146	0.004	0.111
19.825	0.0790	0.016	0.598	0.0194	0.004	0.146
19.830	0.0349	0.027	0.556	0.0254	0.004	0.173
19.835	0.0227	0.020	0.683	0.0188	0.003	0.212
19.840	0.0193	0.020	0.710	0.0152	0.004	0.270
19.845	0.0367	0.020	0.627	0.0173	0.006	0.312
19.850	0.0325	0.009	0.601	0.0098	0.010	0.360
19.855	0.0272	0.009	0.673	0.0091	0.014	0.397
19.860	0.0247	0.009	0.705	0.0080	0.012	0.399
19.865	0.0250	0.027	0.648	0.0137	0.018	0.428
19.870	0.0239	0.005	0.678	0.0087	0.022	0.456
19.875	0.0241	0.018	0.725	0.0071	0.019	0.438
19.880	0.0248	0.014	0.725	0.0070	0.019	0.440
19.885	0.0239	0.018	0.706	0.0073	0.020	0.433
19.890	0.0212	0.014	0.702	0.0096	0.025	0.438
19.895	0.0200	0.009	0.715	0.0154	0.021	0.420
19.900	0.0194	0.009	0.711	0.0101	0.016	0.384
19.905	0.0165	0.014	0.688	0.0119	0.010	0.327
19.910	0.0146	0.009	0.655	0.0139	0.006	0.269
19.915	0.0090	0.011	0.694	0.0146	0.002	0.186
19.920	0.0064	0.011	0.680	0.0155	0.001	0.142
19.925	0.0070	0.011	0.681	0.0130	0.000	0.081
19.930	0.0146	0.009	0.672	0.0147	0.000	0.069
19.935	0.0251	0.009	0.683	0.0123	0.000	0.049
19.940	0.0364	0.014	0.729	0.0093	0.000	0.044
19.945	0.0569	0.007	0.708	0.0125	0.000	0.039
19.950	0.0706	0.009	0.704	0.0155	0.000	0.033
19.955	0.0753	0.014	0.700	0.0125	0.000	0.035
19.960	0.0826	0.014	0.648	0.0153	0.000	0.047
19.965	0.0695	0.023	0.608	0.0211	0.000	0.045
19.970	0.0557	0.014	0.622	0.0238	0.000	0.036
19.975	0.0363	0.011	0.664	0.0166	0.000	0.034
19.980	0.0640	0.011	0.645	0.0140	0.000	0.037
19.985	0.0795	0.011	0.615	0.0173	0.000	0.036
19.990	0.1131	0.011	0.650	0.0139	0.000	0.041
19.995	0.1334	0.018	0.666	0.0177	0.001	0.049
20.000	0.1023	0.014	0.647	0.0135	0.001	0.053
20.005	0.0588	0.016	0.649	0.0130	0.001	0.049
20.010	0.0538	0.011	0.664	0.0125	0.001	0.049
20.015	0.0578	0.011	0.668	0.0144	0.001	0.055
20.020	0.0731	0.011	0.690	0.0111	0.000	0.057
20.024	0.0752	0.016	0.699	0.0055	0.000	0.053
20.029	0.0467	0.020	0.672	0.0048	0.000	0.055
20.034	0.0464	0.020	0.651	0.0117	0.000	0.063
20.039	0.0602	0.023	0.631	0.0137	0.001	0.065
20.044	0.0703	0.025	0.677	0.0105	0.001	0.062
20.049	0.0847	0.018	0.704	0.0062	0.001	0.058
20.054	0.0821	0.016	0.653	0.0096	0.001	0.062
20.059	0.0495	0.016	0.631	0.0193	0.001	0.065
20.064	0.0533	0.016	0.677	0.0074	0.002	0.068
20.069	0.0675	0.016	0.674	0.0075	0.002	0.074
20.074	0.0743	0.020	0.586	0.0151	0.002	0.087
20.079	0.0825	0.020	0.599	0.0150	0.002	0.084
20.084	0.1112	0.027	0.703	0.0100	0.003	0.081
20.089	0.1012	0.020	0.731	0.0076	0.003	0.078
20.094	0.0956	0.023	0.680	0.0095	0.001	0.067
20.099	0.0684	0.025	0.674	0.0161	0.002	0.075
20.104	0.0451	0.023	0.727	0.0068	0.003	0.086
20.109	0.0417	0.025	0.683	0.0085	0.003	0.089
20.114	0.0479	0.027	0.696	0.0100	0.002	0.089
20.119	0.0485	0.020	0.664	0.0136	0.002	0.082
20.124	0.0379	0.027	0.673	0.0096	0.001	0.074
20.129	0.0458	0.025	0.632	0.0153	0.001	0.075
20.134	0.0492	0.027	0.487	0.0289	0.001	0.070
20.139	0.0408	0.018	0.542	0.0278	0.001	0.069
20.144	0.0323	0.009	0.683	0.0140	0.001	0.060
20.149	0.0334	0.011	0.692	0.0079	0.001	0.062
20.154	0.0358	0.014	0.644	0.0172	0.001	0.061
20.159	0.0471	0.018	0.682	0.0139	0.000	0.063
20.164	0.0588	0.023	0.701	0.0137	0.001	0.066
20.169	0.0756	0.016	0.727	0.0110	0.001	0.065
20.174	0.0800	0.018	0.732	0.0078	0.001	0.066
20.179	0.0796	0.020	0.710	0.0121	0.001	0.074
20.184	0.0735	0.023	0.699	0.0117	0.001	0.077
20.189	0.0615	0.023	0.707	0.0125	0.001	0.076
20.194	0.0607	0.020	0.690	0.0120	0.001	0.074
20.199	0.0418	0.023	0.641	0.0155	0.001	0.081
20.204	0.0381	0.023	0.541	0.0214	0.002	0.095
20.209	0.0356	0.016	0.542	0.0250	0.002	0.097
20.214	0.0271	0.023	0.548	0.0228	0.002	0.105
20.219	0.0427	0.011	0.515	0.0206	0.002	0.128
20.224	0.0409	0.018	0.445	0.0488	0.002	0.134
20.229	0.0277	0.005	0.659	0.0347	0.000	0.082
20.234	0.0229	0.002	0.753	0.0259	0.000	0.029
20.239	0.0255	0.005	0.713	0.0128	0.000	0.022
20.244	0.0236	0.005	0.714	0.0273	0.000	0.015
20.249	0.0192	0.005	0.697	0.0240	0.000	0.015
20.254	0.0120	0.005	0.691	0.0186	0.000	0.014
20.259	0.0098	0.005	0.662	0.0354	0.000	0.014
20.264	0.0122	0.002	0.667	0.0405	0.000	0.014
20.269	0.0108	0.005	0.688	0.0264	0.000	0.015
20.274	0.0095	0.005	0.677	0.0324	0.000	0.015
20.279	0.0123	0.002	0.686	0.0255	0.000	0.017
20.284	0.0121	0.005	0.674	0.0232	0.001	0.116
20.289	0.0083	0.005	0.638	0.0140	0.004	0.194
20.294	0.0083	0.009	0.623	0.0099	0.011	0.258
20.299	0.0113	0.018	0.603	0.0219	0.011	0.276
20.304	0.0106	0.016	0.583	0.0179	0.010	0.259
20.309	0.0090	0.009	0.610	0.0212	0.007	0.215
20.314	0.0158	0.018	0.667	0.0164	0.004	0.148
20.319	0.0283	0.005	0.645	0.0201	0.004	0.132
20.324	0.0424	0.009	0.728	0.0159	0.004	0.122
20.329	0.0456	0.014	0.734	0.0101	0.004	0.116
20.334	0.0404	0.025	0.707	0.0126	0.004	0.116
20.339	0.0408	0.018	0.718	0.0157	0.004	0.115
20.344	0.0602	0.025	0.741	0.0158	0.002	0.092
20.349	0.0682	0.018	0.759	0.0156	0.001	0.088
20.354	0.0983	0.016	0.776	0.0123	0.001	0.083
20.359	0.1020	0.016	0.780	0.0121	0.002	0.085
20.364	0.1161	0.014	0.785	0.0058	0.002	0.074
20.369	0.0947	0.016	0.785	0.0076	0.002	0.071
20.374	0.0838	0.011	0.781	0.0083	0.002	0.064
20.379	0.0942	0.009	0.779	0.0176	0.002	0.060
20.384	0.1204	0.016	0.740	0.0118	0.002	0.072
20.389	0.0989	0.016	0.656	0.0174	0.002	0.105
20.394	0.0760	0.009	0.539	0.0361	0.003	0.184
20.399	0.0181	0.009	0.591	0.0343	0.003	0.230
20.404	0.0155	0.014	0.689	0.0238	0.002	0.238
20.409	0.0187	0.007	0.708	0.0080	0.002	0.228
20.414	0.0186	0.009	0.647	0.0170	0.003	0.254
20.419	0.0234	0.018	0.675	0.0196	0.002	0.239
20.424	0.0219	0.005	0.697	0.0066	0.002	0.268
20.429	0.0199	0.009	0.687	0.0094	0.003	0.289
20.434	0.0225	0.005	0.707	0.0174	0.004	0.307
20.439	0.0210	0.005	0.674	0.0077	0.006	0.339
20.444	0.0174	0.005	0.693	0.0148	0.006	0.331
20.449	0.0165	0.005	0.738	0.0165	0.005	0.306
20.454	0.0182	0.009	0.731	0.0075	0.006	0.314
20.459	0.0187	0.005	0.672	0.0176	0.007	0.343
20.463	0.0170	0.005	0.602	0.0185	0.012	0.386
20.468	0.0152	0.014	0.555	0.0219	0.016	0.384
20.473	0.0087	0.007	0.679	0.0122	0.011	0.357
20.478	0.0092	0.009	0.704	0.0152	0.009	0.334
20.483	0.0128	0.014	0.625	0.0123	0.010	0.296
20.488	0.0197	0.005	0.639	0.0156	0.009	0.261
20.493	0.0241	0.009	0.627	0.0151	0.005	0.190
20.498	0.0348	0.009	0.653	0.0138	0.003	0.146
20.503	0.0478	0.009	0.685	0.0168	0.002	0.121
20.508	0.0719	0.009	0.724	0.0112	0.003	0.107
20.513	0.0908	0.009	0.735	0.0147	0.006	0.106
20.518	0.1020	0.009	0.700	0.0121	0.009	0.118
20.523	0.1014	0.009	0.766	0.0093	0.010	0.115
20.528	0.1007	0.009	0.772	0.0104	0.009	0.122
20.533	0.0665	0.014	0.742	0.0101	0.008	0.136
20.538	0.0500	0.011	0.758	0.0095	0.008	0.138
20.543	0.0482	0.009	0.735	0.0118	0.006	0.131
20.548	0.0566	0.005	0.755	0.0090	0.005	0.111
20.553	0.0739	0.014	0.728	0.0111	0.003	0.113
20.558	0.0964	0.009	0.724	0.0120	0.004	0.128
20.563	0.1393	0.009	0.772	0.0122	0.005	0.113
20.568	0.1357	0.020	0.784	0.0098	0.003	0.096
20.573	0.1247	0.018	0.789	0.0130	0.001	0.082
20.578	0.0707	0.016	0.793	0.0151	0.002	0.082
20.583	0.0832	0.016	0.773	0.0126	0.001	0.077
20.588	0.1185	0.009	0.766	0.0174	0.001	0.072
20.593	0.1289	0.011	0.739	0.0112	0.001	0.067
20.598	0.1176	0.011	0.690	0.0155	0.001	0.070
20.603	0.0709	0.009	0.611	0.0443	0.001	0.089
20.608	0.0263	0.009	0.693	0.0324	0.001	0.093
20.613	0.0157	0.023	0.764	0.0205	0.001	0.059
20.618	0.0299	0.011	0.782	0.0104	0.000	0.045
20.623	0.0306	0.005	0.792	0.0086	0.000	0.035
20.628	0.0334	0.005	0.777	0.0125	0.000	0.032
20.633	0.0314	0.007	0.777	0.0131	0.000	0.030
20.638	0.0318	0.005	0.789	0.0089	0.000	0.030
20.643	0.0243	0.005	0.763	0.0119	0.000	0.032
20.648	0.0161	0.007	0.753	0.0109	0.000	0.032
20.653	0.0265	0.009	0.742	0.0276	0.000	0.030
20.658	0.0292	0.005	0.728	0.0252	0.000	0.030
20.663	0.0276	0.005	0.764	0.0141	0.000	0.033
20.668	0.0291	0.005	0.751	0.0150	0.000	0.032
20.673	0.0268	0.005	0.753	0.0185	0.000	0.032
20.678	0.0292	0.005	0.738	0.0166	0.000	0.036
20.683	0.0244	0.005	0.700	0.0193	0.000	0.033
20.688	0.0218	0.005	0.674	0.0255	0.000	0.046
20.693	0.0172	0.005	0.714	0.0303	0.000	0.069
20.698	0.0125	0.005	0.695	0.0312	0.000	0.063
20.703	0.0148	0.005	0.610	0.0282	0.001	0.104
20.708	0.0132	0.005	0.539	0.0249	0.001	0.129
20.713	0.0106	0.002	0.493	0.0170	0.001	0.108
20.718	0.0078	0.009	0.455	0.0265	0.001	0.104
20.723	0.0262	0.011	0.621	0.0144	0.001	0.103
20.728	0.0406	0.018	0.707	0.0155	0.001	0.098
20.733	0.0739	0.009	0.726	0.0112	0.002	0.091
20.738	0.0703	0.009	0.697	0.0095	0.002	0.097
20.743	0.0476	0.007	0.719	0.0124	0.002	0.088
20.748	0.0307	0.014	0.644	0.0154	0.001	0.077
20.753	0.0293	0.016	0.653	0.0118	0.001	0.060
20.758	0.0386	0.011	0.645	0.0107	0.000	0.056
20.763	0.0552	0.011	0.556	0.0180	0.001	0.095
20.768	0.0616	0.018	0.560	0.0214	0.001	0.099
20.773	0.0381	0.005	0.647	0.0163	0.001	0.083
20.778	0.0160	0.005	0.661	0.0211	0.000	0.087
20.783	0.0142	0.011	0.671	0.0196	0.000	0.063
20.788	0.0242	0.009	0.704	0.0308	0.000	0.043
20.793	0.0335	0.007	0.707	0.0268	0.000	0.029
20.798	0.0273	0.005	0.670	0.0142	0.000	0.029
20.803	0.0169	0.009	0.682	0.0156	0.000	0.025
20.808	0.0178	0.007	0.690	0.0130	0.000	0.024
20.813	0.0217	0.009	0.686	0.0116	0.000	0.024
20.818	0.0301	0.007	0.716	0.0288	0.000	0.024
20.823	0.0324	0.009	0.718	0.0257	0.000	0.023
20.828	0.0247	0.005	0.680	0.0130	0.000	0.026
20.833	0.0173	0.009	0.679	0.0157	0.000	0.028
20.838	0.0168	0.007	0.680	0.0151	0.000	0.032
20.843	0.0191	0.009	0.662	0.0166	0.000	0.046
20.848	0.0300	0.007	0.677	0.0090	0.000	0.052
20.853	0.0319	0.009	0.676	0.0124	0.000	0.070
20.858	0.0331	0.007	0.622	0.0155	0.000	0.061
20.863	0.0324	0.007	0.629	0.0227	0.000	0.050
20.868	0.0200	0.014	0.611	0.0197	0.000	0.053
20.873	0.0106	0.018	0.662	0.0116	0.000	0.057
20.878	0.0320	0.016	0.704	0.0148	0.000	0.060
20.883	0.0780	0.016	0.699	0.0124	0.001	0.064
20.888	0.0998	0.016	0.719	0.0102	0.001	0.063
20.893	0.1053	0.018	0.718	0.0068	0.001	0.064
20.898	0.0550	0.014	0.663	0.0080	0.001	0.074
20.902	0.0434	0.016	0.657	0.0092	0.001	0.077
20.907	0.0358	0.016	0.670	0.0112	0.001	0.072
20.912	0.0534	0.011	0.679	0.0082	0.001	0.066
20.917	0.1006	0.014	0.715	0.0080	0.001	0.066
20.922	0.1017	0.016	0.703	0.0066	0.001	0.075
20.927	0.0548	0.016	0.629	0.0095	0.001	0.081
20.932	0.0331	0.023	0.659	0.0103	0.002	0.081
20.937	0.0380	0.025	0.674	0.0117	0.001	0.076
20.942	0.0627	0.030	0.651	0.0174	0.001	0.068
20.947	0.0962	0.016	0.621	0.0178	0.000	0.067
20.952	0.0809	0.016	0.488	0.0240	0.001	0.065
20.957	0.0398	0.009	0.333	0.0459	0.000	0.056
20.962	0.0190	0.016	0.607	0.0277	0.000	0.030
20.967	0.0245	0.007	0.672	0.0149	0.000	0.025
20.972	0.0421	0.007	0.667	0.0183	0.000	0.020
20.977	0.0306	0.007	0.654	0.0112	0.000	0.020
20.982	0.0252	0.007	0.650	0.0078	0.000	0.023
20.987	0.0300	0.007	0.645	0.0145	0.000	0.040
20.992	0.0367	0.007	0.606	0.0165	0.000	0.048
20.997	0.0192	0.007	0.617	0.0213	0.000	0.051
21.002	0.0154	0.011	0.625	0.0160	0.000	0.055
21.007	0.0385	0.011	0.636	0.0165	0.000	0.061
21.012	0.0477	0.007	0.662	0.0104	0.000	0.057
21.017	0.0087	0.020	0.619	0.0170	0.000	0.064
21.022	0.0279	0.014	0.575	0.0198	0.000	0.074
21.027	0.0455	0.009	0.648	0.0167	0.000	0.066
21.032	0.0195	0.014	0.646	0.0405	0.000	0.063
21.037	0.0112	0.016	0.568	0.0268	0.000	0.069
21.042	0.0452	0.009	0.638	0.0174	0.000	0.064
21.047	0.0199	0.007	0.638	0.0397	0.000	0.069
21.052	0.0081	0.011	0.567	0.0089	0.001	0.068
21.057	0.0401	0.009	0.645	0.0082	0.001	0.065
21.062	0.0162	0.007	0.664	0.0278	0.001	0.070
21.067	0.0088	0.011	0.553	0.0222	0.001	0.070
21.072	0.0390	0.018	0.639	0.0151	0.001	0.062
21.077	0.0150	0.011	0.635	0.0303	0.001	0.057
21.082	0.0076	0.011	0.536	0.0122	0.001	0.074
21.087	0.0402	0.007	0.647	0.0115	0.000	0.067
21.092	0.0105	0.014	0.667	0.0312	0.000	0.057
21.097	0.0073	0.011	0.553	0.0300	0.001	0.058
21.102	0.0370	0.007	0.653	0.0113	0.001	0.056
21.107	0.0088	0.005	0.630	0.0443	0.001	0.056
21.112	0.0057	0.011	0.546	0.0178	0.001	0.061
21.117	0.0311	0.011	0.644	0.0159	0.000	0.054
21.122	0.0068	0.005	0.665	0.0463	0.000	0.045
21.127	0.0054	0.007	0.548	0.0429	0.000	0.048
21.132	0.0249	0.007	0.627	0.0180	0.000	0.045
21.137	0.0104	0.007	0.635	0.0519	0.000	0.043
21.142	0.0062	0.005	0.600	0.0322	0.000	0.046
21.147	0.0126	0.007	0.617	0.0201	0.000	0.047
21.152	0.0130	0.005	0.555	0.0357	0.000	0.054
21.157	0.0056	0.005	0.544	0.0342	0.000	0.063
21.162	0.0049	0.002	0.468	0.0469	0.000	0.058
21.167	0.0080	0.002	0.524	0.0408	0.000	0.068
21.172	0.0026	0.002	0.655	0.0220	0.000	0.062
21.177	0.0026	0.009	0.642	0.0269	0.000	0.060
21.182	0.0039	0.002	0.649	0.0117	0.000	0.050
21.187	0.0025	0.005	0.632	0.0169	0.000	0.049
21.192	0.0039	0.002	0.660	0.0284	0.000	0.050
21.197	0.0021	0.005	0.617	0.0301	0.000	0.055
21.202	0.0029	0.002	0.539	0.0561	0.000	0.073
21.207	0.0020	0.002	0.446	0.0376	0.000	0.097
21.212	0.0010	0.005	0.340	0.0317	0.000	0.140
21.217	0.0010	0.002	0.186	0.1196	0.001	0.202
21.222	0.0004	0.002	0.320	0.0295	0.009	0.405
21.227	0.0001	0.005	0.454	0.0187	0.017	0.467
21.232	0.0001	0.007	0.578	0.0314	0.019	0.481
21.237	0.0000	0.007	0.515	0.0073	0.027	0.519
21.242	0.0001	0.025	0.564	0.0178	0.032	0.537
21.247	0.0000	0.030	0.556	0.0121	0.025	0.514
21.252	0.0000	0.020	0.509	0.0169	0.026	0.518
21.257	0.0001	0.016	0.560	0.0146	0.033	0.551
21.262	0.0000	0.009	0.544	0.0264	0.039	0.560
21.267	0.0000	0.020	0.493	0.0119	0.040	0.547
21.272	0.0001	0.007	0.548	0.0131	0.040	0.534
21.277	0.0000	0.023	0.429	0.0130	0.046	0.579
21.282	0.0000	0.011	0.429	0.0194	0.062	0.583
21.287	0.0000	0.018	0.468	0.0160	0.060	0.568
21.292	0.0000	0.041	0.310	0.0142	0.070	0.550
21.297	0.0000	0.025	0.380	0.0150	0.063	0.538
21.302	0.0000	0.014	0.343	0.0160	0.070	0.575
21.307	0.0000	0.045	0.224	0.0184	0.078	0.581
21.312	0.0000	0.036	0.216	0.0138	0.114	0.628
21.317	0.0000	0.039	0.140	0.0148	0.146	0.638
21.322	0.0000	0.043	0.161	0.0152	0.094	0.593
21.327	0.0000	0.036	0.130	0.0134	0.100	0.599
21.332	0.0000	0.030	0.223	0.0128	0.147	0.649
21.337	0.0000	0.066	0.178	0.0174	0.136	0.629
21.341	0.0000	0.048	0.217	0.0142	0.098	0.581
21.346	0.0000	0.032	0.308	0.0159	0.095	0.584
21.351	0.0000	0.048	0.401	0.0178	0.075	0.579
21.356	0.0000	0.041	0.350	0.0120	0.069	0.552
21.361	0.0000	0.041	0.228	0.0178	0.068	0.541
21.366	0.0000	0.036	0.163	0.0120	0.064	0.541
21.371	0.0000	0.027	0.165	0.0171	0.113	0.571
21.376	0.0000	0.068	0.216	0.0135	0.104	0.584
21.381	0.0000	0.034	0.162	0.0211	0.078	0.563
21.386	0.0000	0.045	0.192	0.0142	0.066	0.546
21.391	0.0000	0.034	0.231	0.0175	0.052	0.519
21.396	0.0000	0.045	0.212	0.0167	0.035	0.460
21.401	0.0000	0.036	0.259	0.0166	0.039	0.483
21.406	0.0001	0.041	0.247	0.0209	0.027	0.480
21.411	0.0000	0.030	0.355	0.0116	0.049	0.531
21.416	0.0001	0.048	0.293	0.0117	0.141	0.651
21.421	0.0000	0.023	0.176	0.0084	0.185	0.688
21.426	0.0000	0.036	0.130	0.0188	0.270	0.743
21.431	0.0000	0.000	0.179	0.0217	0.072	0.602
21.436	0.0000	0.009	0.220	0.0092	0.080	0.639
21.441	0.0000	0.007	0.191	0.0071	0.201	0.738
21.446	0.0000	0.030	0.039	0.0150	0.226	0.737
21.451	0.0000	0.014	0.056	0.0075	0.557	0.864
21.456	0.0000	0.005	0.123	0.0136	0.776	0.842
21.461	0.0000	0.000	0.000	0.0015	0.821	0.999
21.466	0.0000	0.005	0.000	0.0005	0.821	0.997
21.471	0.0000	0.000	0.000	0.0000	0.000	1.000
21.476	0.0000	0.000	0.000	0.0189	0.654	0.853
21.481	0.0000	0.000	0.044	0.0115	0.800	0.843
21.486	0.0000	0.000	0.258	0.0182	0.598	0.755
21.491	0.0000	0.005	0.156	0.0538	0.031	0.405
21.496	0.0000	0.070	0.190	0.0336	0.007	0.207
21.501	0.0000	0.061	0.506	0.0277	0.001	0.082
21.506	0.0005	0.039	0.645	0.0254	0.000	0.071
21.511	0.0039	0.014	0.656	0.0183	0.000	0.074
21.516	0.0161	0.016	0.681	0.0222	0.000	0.075
21.521	0.0281	0.014	0.642	0.0156	0.001	0.103
21.526	0.0271	0.018	0.622	0.0197	0.001	0.114
21.531	0.0294	0.018	0.688	0.0140	0.002	0.135
21.536	0.0320	0.018	0.722	0.0097	0.002	0.129
21.541	0.0369	0.014	0.711	0.0100	0.005	0.131
21.546	0.0479	0.018	0.713	0.0067	0.007	0.132
21.551	0.0538	0.023	0.651	0.0148	0.003	0.112
21.556	0.0673	0.023	0.622	0.0171	0.002	0.098
21.561	0.0781	0.023	0.635	0.0221	0.003	0.098
21.566	0.0857	0.023	0.690	0.0192	0.002	0.091
21.571	0.0811	0.025	0.683	0.0161	0.001	0.085
21.576	0.0756	0.023	0.654	0.0202	0.001	0.091
21.581	0.0702	0.018	0.704	0.0188	0.001	0.091
21.586	0.0680	0.011	0.748	0.0148	0.001	0.083
21.591	0.0863	0.009	0.764	0.0141	0.001	0.070
21.596	0.0958	0.011	0.736	0.0183	0.001	0.068
21.601	0.0980	0.011	0.744	0.0173	0.001	0.080
21.606	0.0707	0.009	0.738	0.0127	0.001	0.079
21.611	0.0389	0.016	0.757	0.0094	0.001	0.084
21.616	0.0470	0.011	0.748	0.0135	0.001	0.084
21.621	0.0519	0.025	0.725	0.0182	0.002	0.090
21.626	0.0465	0.030	0.736	0.0106	0.003	0.093
21.631	0.0337	0.020	0.743	0.0143	0.003	0.084
21.636	0.0452	0.027	0.740	0.0183	0.002	0.084
21.641	0.0737	0.016	0.761	0.0176	0.002	0.082
21.646	0.0729	0.020	0.808	0.0122	0.002	0.075
21.651	0.0897	0.018	0.811	0.0078	0.001	0.071
21.656	0.1453	0.011	0.811	0.0078	0.001	0.086
21.661	0.1265	0.011	0.815	0.0079	0.001	0.082
21.666	0.1458	0.014	0.808	0.0050	0.001	0.083
21.671	0.1712	0.014	0.822	0.0050	0.001	0.083
21.676	0.1193	0.011	0.813	0.0069	0.001	0.089
21.681	0.1937	0.014	0.825	0.0077	0.001	0.092
21.686	0.1767	0.011	0.829	0.0041	0.001	0.089
21.691	0.1794	0.014	0.818	0.0040	0.002	0.088
21.696	0.2046	0.011	0.818	0.0083	0.003	0.101
21.701	0.1273	0.014	0.806	0.0118	0.004	0.108
21.706	0.1828	0.018	0.804	0.0066	0.004	0.104
21.711	0.1469	0.011	0.804	0.0122	0.004	0.105
21.716	0.1433	0.014	0.802	0.0059	0.003	0.104
21.721	0.1517	0.018	0.814	0.0066	0.004	0.109
21.726	0.0951	0.030	0.797	0.0092	0.005	0.115
21.731	0.1511	0.027	0.807	0.0117	0.005	0.108
21.736	0.1232	0.032	0.814	0.0073	0.005	0.093
21.741	0.1201	0.034	0.805	0.0042	0.006	0.097
21.746	0.1577	0.048	0.786	0.0117	0.007	0.095
21.751	0.0836	0.041	0.762	0.0126	0.011	0.092
21.756	0.1483	0.032	0.756	0.0122	0.014	0.097
21.761	0.1185	0.032	0.660	0.0189	0.015	0.098
21.766	0.0614	0.045	0.616	0.0354	0.009	0.108
21.771	0.0643	0.030	0.726	0.0187	0.003	0.094
21.776	0.0514	0.011	0.745	0.0151	0.003	0.095
21.780	0.0421	0.018	0.732	0.0129	0.017	0.121
21.785	0.0647	0.020	0.759	0.0123	0.028	0.128
21.790	0.0967	0.025	0.761	0.0132	0.014	0.119
21.795	0.0679	0.034	0.718	0.0145	0.017	0.127
21.800	0.1031	0.032	0.708	0.0152	0.023	0.136
21.805	0.1572	0.030	0.754	0.0111	0.028	0.127
21.810	0.0981	0.025	0.711	0.0123	0.041	0.135
21.815	0.1128	0.009	0.646	0.0168	0.048	0.137
21.820	0.1279	0.025	0.694	0.0159	0.050	0.140
21.825	0.0726	0.030	0.747	0.0131	0.055	0.136
21.830	0.1297	0.039	0.735	0.0157	0.029	0.123
21.835	0.0935	0.025	0.722	0.0140	0.022	0.124
21.840	0.1284	0.025	0.727	0.0185	0.014	0.112
21.845	0.0958	0.034	0.785	0.0172	0.013	0.090
21.850	0.1308	0.025	0.819	0.0076	0.016	0.080
21.855	0.1100	0.030	0.789	0.0154	0.013	0.083
21.860	0.1509	0.034	0.817	0.0165	0.008	0.070
21.865	0.1120	0.036	0.831	0.0144	0.005	0.065
21.870	0.1264	0.039	0.764	0.0206	0.003	0.069
21.875	0.1134	0.030	0.558	0.0402	0.004	0.065
21.880	0.1097	0.007	0.565	0.0458	0.003	0.077
21.885	0.1222	0.014	0.609	0.0288	0.003	0.080
21.890	0.0719	0.009	0.722	0.0201	0.002	0.078
21.895	0.1085	0.011	0.698	0.0158	0.002	0.088
21.900	0.0992	0.009	0.725	0.0100	0.003	0.118
21.905	0.0920	0.009	0.696	0.0103	0.005	0.179
21.910	0.0725	0.011	0.630	0.0145	0.028	0.300
21.915	0.0564	0.009	0.704	0.0115	0.055	0.351
21.920	0.0364	0.023	0.679	0.0126	0.153	0.426
21.925	0.0305	0.036	0.603	0.0110	0.268	0.474
21.930	0.0241	0.045	0.433	0.0129	0.495	0.519
21.935	0.0252	0.091	0.284	0.0104	0.773	0.516
21.940	0.0203	0.143	0.153	0.0126	0.903	0.547
21.945	0.0241	0.164	0.141	0.0113	0.935	0.551
21.950	0.0194	0.189	0.108	0.0119	0.960	0.528
21.955	0.0241	0.184	0.115	0.0121	0.968	0.548
21.960	0.0189	0.195	0.126	0.0100	0.970	0.597
21.965	0.0187	0.205	0.132	0.0116	0.966	0.580
21.970	0.0180	0.200	0.125	0.0115	0.977	0.563
21.975	0.0184	0.200	0.148	0.0114	0.978	0.562
21.980	0.0201	0.211	0.104	0.0108	0.973	0.575
21.985	0.0154	0.216	0.134	0.0123	0.970	0.598
21.990	0.0124	0.211	0.149	0.0118	0.968	0.595
21.995	0.0100	0.227	0.122	0.0112	0.962	0.581
22.000	0.0096	0.216	0.114	0.0117	0.957	0.586
22.005	0.0096	0.193	0.102	0.0134	0.946	0.575
22.010	0.0073	0.216	0.142	0.0117	0.927	0.523
22.015	0.0059	0.182	0.182	0.0100	0.931	0.522
22.020	0.0101	0.166	0.157	0.0135	0.902	0.539
22.025	0.0108	0.161	0.186	0.0257	0.523	0.492
22.030	0.0063	0.175	0.512	0.0439	0.019	0.214
22.035	0.0076	0.082	0.659	0.0338	0.004	0.101
22.040	0.0338	0.036	0.760	0.0140	0.001	0.067
22.045	0.1107	0.011	0.766	0.0196	0.001	0.066
22.050	0.1181	0.014	0.739	0.0186	0.002	0.057
22.055	0.1417	0.016	0.753	0.0149	0.002	0.056
22.060	0.1566	0.016	0.763	0.0083	0.004	0.071
22.065	0.1528	0.020	0.755	0.0117	0.004	0.083
22.070	0.1128	0.016	0.754	0.0119	0.005	0.092
22.075	0.1016	0.020	0.772	0.0109	0.005	0.082
22.080	0.1401	0.023	0.774	0.0097	0.004	0.069
22.085	0.1531	0.020	0.755	0.0139	0.004	0.078
22.090	0.1142	0.025	0.737	0.0146	0.002	0.086
22.095	0.0995	0.025	0.769	0.0084	0.001	0.074
22.100	0.0697	0.020	0.779	0.0100	0.001	0.072
22.105	0.1517	0.023	0.770	0.0084	0.001	0.070
22.110	0.1467	0.018	0.780	0.0118	0.001	0.068
22.115	0.1572	0.020	0.788	0.0088	0.001	0.065
22.120	0.1213	0.030	0.765	0.0058	0.001	0.061
22.125	0.1236	0.016	0.744	0.0129	0.000	0.055
22.130	0.0954	0.014	0.690	0.0170	0.001	0.057
22.135	0.0879	0.016	0.712	0.0147	0.001	0.057
22.140	0.1002	0.014	0.764	0.0113	0.000	0.056
22.145	0.1035	0.014	0.732	0.0180	0.000	0.052
22.150	0.1116	0.011	0.632	0.0188	0.000	0.053
22.155	0.1022	0.009	0.558	0.0204	0.001	0.069
22.160	0.0638	0.018	0.494	0.0211	0.002	0.115
22.165	0.0470	0.018	0.588	0.0108	0.005	0.143
22.170	0.0436	0.009	0.596	0.0156	0.022	0.222
22.175	0.0388	0.018	0.574	0.0116	0.054	0.294
22.180	0.0435	0.020	0.503	0.0179	0.158	0.411
22.185	0.0307	0.045	0.478	0.0101	0.231	0.453
22.190	0.0224	0.041	0.351	0.0111	0.362	0.496
22.195	0.0203	0.084	0.259	0.0116	0.474	0.560
22.200	0.0199	0.123	0.228	0.0101	0.715	0.559
22.205	0.0118	0.150	0.159	0.0096	0.832	0.581
22.210	0.0200	0.184	0.142	0.0117	0.834	0.610
22.215	0.0177	0.186	0.124	0.0115	0.893	0.604
22.220	0.0154	0.184	0.124	0.0123	0.930	0.601
22.224	0.0145	0.189	0.154	0.0122	0.947	0.628
22.229	0.0153	0.198	0.122	0.0107	0.920	0.568
22.234	0.0152	0.191	0.132	0.0107	0.884	0.559
22.239	0.0167	0.180	0.140	0.0131	0.746	0.549
22.244	0.0131	0.173	0.206	0.0177	0.417	0.501
22.249	0.0106	0.123	0.440	0.0297	0.067	0.329
22.254	0.0133	0.082	0.530	0.0199	0.024	0.231
22.259	0.0193	0.018	0.678	0.0144	0.009	0.193
22.264	0.0366	0.032	0.644	0.0106	0.010	0.179
22.269	0.0299	0.023	0.451	0.0232	0.007	0.157
22.274	0.0327	0.034	0.549	0.0190	0.004	0.123
22.279	0.0438	0.018	0.472	0.0256	0.003	0.123
22.284	0.0853	0.009	0.484	0.0141	0.003	0.116
22.289	0.0879	0.014	0.440	0.0185	0.004	0.122
22.294	0.1201	0.030	0.456	0.0174	0.002	0.091
22.299	0.0718	0.014	0.551	0.0198	0.002	0.100
22.304	0.1676	0.027	0.555	0.0225	0.002	0.081
22.309	0.1005	0.018	0.644	0.0138	0.004	0.081
22.314	0.1728	0.023	0.647	0.0130	0.004	0.082
22.319	0.1181	0.023	0.677	0.0122	0.001	0.071
22.324	0.1384	0.025	0.607	0.0116	0.002	0.071
22.329	0.1058	0.027	0.639	0.0185	0.002	0.085
22.334	0.0647	0.020	0.682	0.0076	0.002	0.080
22.339	0.0619	0.023	0.699	0.0117	0.002	0.077
22.344	0.0755	0.025	0.690	0.0066	0.002	0.073
22.349	0.0804	0.018	0.670	0.0122	0.002	0.075
22.354	0.0761	0.020	0.686	0.0100	0.002	0.069
22.359	0.0809	0.018	0.679	0.0089	0.001	0.048
22.364	0.0889	0.018	0.685	0.0088	0.001	0.028
22.369	0.1093	0.027	0.659	0.0120	0.001	0.034
22.374	0.1098	0.032	0.687	0.0113	0.001	0.045
22.379	0.1024	0.025	0.693	0.0138	0.002	0.050
22.384	0.0540	0.030	0.651	0.0123	0.002	0.043
22.389	0.0460	0.020	0.550	0.0238	0.001	0.029
22.394	0.0406	0.039	0.410	0.0261	0.002	0.020
22.399	0.0317	0.020	0.449	0.0343	0.002	0.019
22.404	0.0264	0.014	0.465	0.0246	0.001	0.017
22.409	0.0328	0.030	0.387	0.0363	0.000	0.018
22.414	0.0259	0.032	0.452	0.0366	0.000	0.017
22.419	0.0149	0.032	0.514	0.0238	0.000	0.016
22.424	0.0180	0.011	0.527	0.0338	0.000	0.016
22.429	0.0135	0.018	0.556	0.0222	0.000	0.020
22.434	0.0088	0.011	0.508	0.0353	0.000	0.022
22.439	0.0051	0.016	0.551	0.0289	0.000	0.024
22.444	0.0118	0.007	0.613	0.0179	0.000	0.023
22.449	0.0074	0.005	0.621	0.0333	0.000	0.024
22.454	0.0058	0.011	0.551	0.0126	0.000	0.025
22.459	0.0119	0.007	0.515	0.0368	0.000	0.026
22.464	0.0130	0.005	0.597	0.0235	0.003	0.031
22.469	0.0101	0.009	0.646	0.0154	0.005	0.035
22.474	0.0154	0.007	0.697	0.0174	0.002	0.031
22.479	0.0273	0.007	0.719	0.0100	0.002	0.023
22.484	0.0342	0.009	0.684	0.0171	0.001	0.019
22.489	0.0248	0.007	0.676	0.0275	0.001	0.014
22.494	0.0183	0.011	0.676	0.0138	0.001	0.012
22.499	0.0112	0.016	0.649	0.0209	0.000	0.013
22.504	0.0242	0.009	0.684	0.0161	0.000	0.012
22.509	0.0414	0.011	0.694	0.0245	0.000	0.012
22.514	0.0395	0.011	0.665	0.0157	0.000	0.012
22.519	0.0212	0.011	0.637	0.0131	0.001	0.014
22.524	0.0094	0.007	0.628	0.0194	0.001	0.024
22.529	0.0218	0.007	0.563	0.0347	0.001	0.042
22.534	0.0386	0.018	0.573	0.0294	0.000	0.045
22.539	0.0374	0.009	0.636	0.0163	0.000	0.045
22.544	0.0239	0.009	0.593	0.0132	0.000	0.046
22.549	0.0278	0.011	0.513	0.0170	0.000	0.038
22.554	0.0562	0.009	0.543	0.0181	0.000	0.032
22.559	0.0259	0.009	0.621	0.0182	0.000	0.029
22.564	0.0170	0.014	0.519	0.0182	0.000	0.035
22.569	0.0255	0.020	0.521	0.0287	0.000	0.038
22.574	0.0312	0.007	0.617	0.0291	0.000	0.030
22.579	0.0084	0.018	0.572	0.0340	0.000	0.039
22.584	0.0207	0.020	0.609	0.0275	0.000	0.039
22.589	0.0256	0.011	0.615	0.0376	0.001	0.044
22.594	0.0082	0.005	0.545	0.0339	0.001	0.068
22.599	0.0161	0.007	0.528	0.0454	0.001	0.076
22.604	0.0171	0.007	0.649	0.0393	0.000	0.059
22.609	0.0056	0.018	0.570	0.0560	0.000	0.043
22.614	0.0182	0.016	0.606	0.0191	0.000	0.033
22.619	0.0206	0.005	0.649	0.0265	0.000	0.023
22.624	0.0043	0.005	0.643	0.0171	0.000	0.021
22.629	0.0166	0.002	0.660	0.0065	0.000	0.018
22.634	0.0225	0.002	0.664	0.0184	0.000	0.018
22.639	0.0129	0.005	0.616	0.0204	0.000	0.021
22.644	0.0086	0.005	0.662	0.0294	0.000	0.020
22.649	0.0137	0.002	0.656	0.0340	0.000	0.021
22.654	0.0116	0.005	0.614	0.0440	0.000	0.021
22.659	0.0111	0.005	0.591	0.0326	0.000	0.028
22.663	0.0077	0.002	0.631	0.0244	0.000	0.033
22.668	0.0059	0.005	0.540	0.0337	0.000	0.053
22.673	0.0031	0.005	0.535	0.0271	0.000	0.071
22.678	0.0021	0.005	0.227	0.0634	0.000	0.151
22.683	0.0007	0.005	0.112	0.1201	0.003	0.281
22.688	0.0001	0.018	0.280	0.0230	0.061	0.564
22.693	0.0001	0.007	0.249	0.0175	0.095	0.608
22.698	0.0001	0.009	0.309	0.0150	0.122	0.623
22.703	0.0001	0.030	0.463	0.0134	0.119	0.612
22.708	0.0001	0.039	0.360	0.0295	0.033	0.505
22.713	0.0001	0.032	0.331	0.0532	0.014	0.444
22.718	0.0001	0.011	0.463	0.0213	0.008	0.402
22.723	0.0001	0.007	0.446	0.0283	0.008	0.403
22.728	0.0001	0.005	0.299	0.0246	0.046	0.529
22.733	0.0001	0.045	0.292	0.0189	0.143	0.568
22.738	0.0000	0.005	0.447	0.0206	0.111	0.574
22.743	0.0001	0.059	0.334	0.0102	0.102	0.569
22.748	0.0001	0.057	0.165	0.0272	0.060	0.545
22.753	0.0001	0.030	0.169	0.0381	0.030	0.523
22.758	0.0000	0.009	0.378	0.0234	0.019	0.494
22.763	0.0000	0.002	0.286	0.0183	0.025	0.502
22.768	0.0000	0.016	0.218	0.0185	0.058	0.612
22.773	0.0000	0.059	0.366	0.0234	0.042	0.556
22.778	0.0000	0.007	0.210	0.0130	0.042	0.544
22.783	0.0000	0.011	0.231	0.0177	0.083	0.623
22.788	0.0000	0.018	0.274	0.0181	0.052	0.568
22.793	0.0000	0.018	0.487	0.0214	0.030	0.535
22.798	0.0000	0.018	0.312	0.0096	0.049	0.575
22.803	0.0000	0.018	0.316	0.0168	0.054	0.584
22.808	0.0000	0.034	0.326	0.0115	0.107	0.635
22.813	0.0000	0.027	0.188	0.0119	0.177	0.683
22.818	0.0000	0.043	0.116	0.0166	0.140	0.659
22.823	0.0000	0.027	0.202	0.0144	0.126	0.628
22.828	0.0000	0.030	0.244	0.0138	0.132	0.628
22.833	0.0000	0.034	0.245	0.0158	0.122	0.596
22.838	0.0000	0.036	0.353	0.0189	0.076	0.544
22.843	0.0000	0.036	0.377	0.0183	0.048	0.466
22.848	0.0000	0.050	0.320	0.0158	0.048	0.413
22.853	0.0001	0.034	0.268	0.0148	0.071	0.405
22.858	0.0001	0.057	0.325	0.0157	0.088	0.356
22.863	0.0001	0.045	0.332	0.0162	0.144	0.337
22.868	0.0001	0.066	0.252	0.0170	0.190	0.324
22.873	0.0002	0.073	0.276	0.0168	0.247	0.328
22.878	0.0002	0.073	0.226	0.0149	0.250	0.319
22.883	0.0002	0.089	0.174	0.0123	0.185	0.298
22.888	0.0003	0.093	0.157	0.0174	0.228	0.296
22.893	0.0006	0.059	0.277	0.0210	0.224	0.292
22.898	0.0005	0.075	0.257	0.0186	0.102	0.285
22.903	0.0007	0.073	0.287	0.0162	0.148	0.283
22.908	0.0009	0.066	0.266	0.0220	0.191	0.301
22.913	0.0010	0.059	0.265	0.0169	0.157	0.289
22.918	0.0009	0.080	0.261	0.0106	0.217	0.350
22.923	0.0013	0.055	0.267	0.0127	0.249	0.373
22.928	0.0014	0.086	0.166	0.0141	0.299	0.341
22.933	0.0012	0.082	0.153	0.0139	0.322	0.347
22.938	0.0010	0.105	0.138	0.0133	0.327	0.379
22.943	0.0011	0.093	0.139	0.0165	0.289	0.388
22.948	0.0008	0.118	0.195	0.0129	0.284	0.353
22.953	0.0011	0.091	0.164	0.0150	0.320	0.356
22.958	0.0010	0.111	0.243	0.0165	0.298	0.351
22.963	0.0012	0.084	0.229	0.0130	0.257	0.342
22.968	0.0011	0.084	0.239	0.0125	0.276	0.361
22.973	0.0018	0.080	0.214	0.0158	0.271	0.357
22.978	0.0013	0.086	0.193	0.0121	0.308	0.370
22.983	0.0013	0.082	0.172	0.0120	0.345	0.373
22.988	0.0012	0.105	0.144	0.0111	0.471	0.396
22.993	0.0015	0.102	0.132	0.0139	0.497	0.426
22.998	0.0015	0.120	0.142	0.0147	0.437	0.421
23.003	0.0010	0.114	0.173	0.0127	0.407	0.388
23.008	0.0012	0.100	0.150	0.0150	0.358	0.384
23.013	0.0017	0.093	0.177	0.0152	0.301	0.360
23.018	0.0015	0.084	0.194	0.0173	0.259	0.352
23.023	0.0015	0.080	0.193	0.0153	0.239	0.361
23.028	0.0012	0.084	0.183	0.0133	0.342	0.376
23.033	0.0020	0.077	0.113	0.0162	0.496	0.386
23.038	0.0012	0.086	0.180	0.0132	0.475	0.373
23.043	0.0009	0.132	0.231	0.0146	0.434	0.374
23.048	0.0015	0.105	0.236	0.0119	0.370	0.347
23.053	0.0014	0.098	0.224	0.0114	0.355	0.363
23.058	0.0014	0.114	0.198	0.0142	0.397	0.341
23.063	0.0012	0.098	0.176	0.0149	0.436	0.302
23.068	0.0011	0.102	0.197	0.0137	0.390	0.332
23.073	0.0010	0.098	0.170	0.0163	0.367	0.331
23.078	0.0008	0.091	0.254	0.0140	0.459	0.304
23.083	0.0008	0.111	0.234	0.0159	0.348	0.296
23.088	0.0007	0.098	0.163	0.0203	0.220	0.292
23.093	0.0009	0.070	0.177	0.0177	0.199	0.260
23.098	0.0009	0.059	0.249	0.0188	0.085	0.215
23.102	0.0012	0.043	0.323	0.0246	0.058	0.193
23.107	0.0013	0.039	0.383	0.0288	0.031	0.156
23.112	0.0016	0.016	0.499	0.0266	0.015	0.128
23.117	0.0020	0.018	0.608	0.0222	0.005	0.106
23.122	0.0021	0.016	0.626	0.0197	0.004	0.108
23.127	0.0033	0.014	0.508	0.0426	0.004	0.105
23.132	0.0016	0.018	0.401	0.0243	0.004	0.126
23.137	0.0018	0.002	0.170	0.1295	0.004	0.238
23.142	0.0006	0.002	0.166	0.1067	0.007	0.356
23.147	0.0002	0.011	0.414	0.0503	0.003	0.324
23.152	0.0001	0.011	0.402	0.0370	0.003	0.316
23.157	0.0002	0.005	0.093	0.0863	0.008	0.299
23.162	0.0001	0.000	0.279	0.0528	0.002	0.175
23.167	0.0001	0.005	0.277	0.0690	0.000	0.067
23.172	0.0008	0.016	0.294	0.0281	0.000	0.046
23.177	0.0027	0.007	0.383	0.0149	0.000	0.051
23.182	0.0119	0.009	0.562	0.0529	0.001	0.052
23.187	0.0075	0.009	0.737	0.0279	0.001	0.050
23.192	0.0301	0.009	0.789	0.0096	0.001	0.055
23.197	0.0545	0.011	0.776	0.0138	0.001	0.068
23.202	0.0618	0.011	0.715	0.0150	0.003	0.080
23.207	0.0534	0.011	0.735	0.0172	0.008	0.105
23.212	0.0341	0.018	0.771	0.0146	0.008	0.096
23.217	0.0379	0.027	0.777	0.0129	0.006	0.090
23.222	0.0418	0.030	0.791	0.0100	0.009	0.089
23.227	0.0244	0.025	0.769	0.0122	0.021	0.096
23.232	0.0303	0.018	0.765	0.0157	0.028	0.084
23.237	0.0509	0.034	0.781	0.0079	0.031	0.088
23.242	0.0420	0.025	0.784	0.0098	0.020	0.080
23.247	0.0365	0.020	0.789	0.0071	0.009	0.076
23.252	0.0565	0.023	0.774	0.0077	0.009	0.071
23.257	0.0676	0.032	0.724	0.0171	0.008	0.073
23.262	0.0389	0.034	0.751	0.0183	0.006	0.069
23.267	0.0490	0.036	0.772	0.0111	0.002	0.070
23.272	0.0902	0.030	0.776	0.0078	0.002	0.068
23.277	0.0716	0.020	0.778	0.0119	0.002	0.065
23.282	0.0769	0.018	0.770	0.0172	0.002	0.058
23.287	0.1259	0.020	0.790	0.0124	0.002	0.057
23.292	0.0975	0.018	0.791	0.0164	0.001	0.056
23.297	0.1224	0.011	0.795	0.0091	0.001	0.061
23.302	0.1773	0.011	0.791	0.0116	0.001	0.065
23.307	0.1610	0.014	0.767	0.0123	0.004	0.076
23.312	0.1873	0.016	0.786	0.0095	0.007	0.074
23.317	0.1991	0.011	0.786	0.0088	0.005	0.081
23.322	0.1568	0.011	0.793	0.0066	0.004	0.083
23.327	0.1283	0.011	0.778	0.0098	0.004	0.091
23.332	0.1535	0.011	0.784	0.0094	0.005	0.090
23.337	0.1707	0.011	0.796	0.0073	0.005	0.089
23.342	0.1344	0.018	0.795	0.0059	0.005	0.085
23.347	0.1164	0.016	0.781	0.0101	0.004	0.090
23.352	0.1607	0.014	0.787	0.0130	0.004	0.082
23.357	0.1710	0.020	0.795	0.0071	0.004	0.079
23.362	0.1302	0.018	0.780	0.0122	0.004	0.083
23.367	0.1178	0.016	0.676	0.0248	0.002	0.077
23.372	0.1441	0.014	0.621	0.0233	0.001	0.084
23.377	0.1138	0.016	0.497	0.0296	0.002	0.071
23.382	0.0545	0.011	0.753	0.0098	0.005	0.065
23.387	0.0366	0.018	0.767	0.0110	0.006	0.062
23.392	0.0457	0.027	0.773	0.0140	0.003	0.062
23.397	0.0650	0.030	0.622	0.0121	0.003	0.092
23.402	0.0510	0.011	0.502	0.0241	0.003	0.103
23.407	0.0306	0.027	0.682	0.0192	0.002	0.085
23.412	0.0715	0.018	0.750	0.0107	0.003	0.080
23.417	0.1446	0.011	0.782	0.0098	0.004	0.088
23.422	0.1529	0.018	0.782	0.0087	0.004	0.091
23.427	0.1295	0.018	0.762	0.0098	0.005	0.098
23.432	0.1044	0.016	0.770	0.0091	0.005	0.087
23.437	0.1407	0.018	0.784	0.0088	0.004	0.095
23.442	0.1630	0.016	0.784	0.0084	0.003	0.090
23.447	0.1333	0.011	0.766	0.0100	0.003	0.093
23.452	0.0991	0.011	0.767	0.0092	0.003	0.097
23.457	0.1186	0.011	0.793	0.0053	0.004	0.105
23.462	0.1508	0.014	0.781	0.0058	0.004	0.101
23.467	0.1704	0.016	0.762	0.0105	0.004	0.108
23.472	0.1374	0.020	0.773	0.0114	0.003	0.093
23.477	0.0908	0.020	0.770	0.0097	0.003	0.106
23.482	0.0955	0.016	0.765	0.0146	0.002	0.100
23.487	0.1339	0.009	0.789	0.0119	0.002	0.090
23.492	0.1363	0.011	0.789	0.0100	0.002	0.082
23.497	0.1243	0.011	0.784	0.0100	0.001	0.077
23.502	0.1069	0.011	0.789	0.0134	0.001	0.068
23.507	0.1127	0.009	0.786	0.0102	0.001	0.064
23.512	0.1245	0.011	0.774	0.0098	0.001	0.062
23.517	0.1346	0.011	0.751	0.0129	0.001	0.057
23.522	0.1241	0.014	0.707	0.0180	0.001	0.062
23.527	0.0740	0.016	0.376	0.0470	0.002	0.074
23.532	0.0500	0.016	0.340	0.0721	0.001	0.073
23.537	0.0325	0.009	0.681	0.0287	0.001	0.080
23.541	0.0561	0.014	0.688	0.0170	0.001	0.077
23.546	0.0404	0.009	0.718	0.0194	0.001	0.086
23.551	0.0371	0.011	0.690	0.0180	0.000	0.085
23.556	0.0348	0.009	0.650	0.0257	0.000	0.071
23.561	0.0158	0.007	0.794	0.0246	0.000	0.066
23.566	0.0271	0.009	0.684	0.0104	0.000	0.048
23.571	0.0192	0.007	0.801	0.0084	0.000	0.041
23.576	0.0188	0.009	0.740	0.0179	0.000	0.028
23.581	0.0246	0.007	0.753	0.0264	0.000	0.021
23.586	0.0147	0.009	0.659	0.0287	0.000	0.012
23.591	0.0180	0.009	0.549	0.0486	0.000	0.014
23.596	0.0083	0.007	0.468	0.0648	0.000	0.017
23.601	0.0050	0.011	0.734	0.0208	0.000	0.018
23.606	0.0052	0.011	0.680	0.0128	0.000	0.026
23.611	0.0038	0.011	0.736	0.0319	0.000	0.027
23.616	0.0045	0.009	0.747	0.0232	0.000	0.032
23.621	0.0029	0.011	0.776	0.0170	0.000	0.037
23.626	0.0026	0.011	0.770	0.0295	0.000	0.039
23.631	0.0018	0.009	0.781	0.0235	0.000	0.042
23.636	0.0025	0.011	0.756	0.0214	0.000	0.055
23.641	0.0018	0.011	0.776	0.0174	0.000	0.062
23.646	0.0017	0.011	0.762	0.0254	0.000	0.076
23.651	0.0014	0.009	0.776	0.0138	0.000	0.079
23.656	0.0014	0.011	0.720	0.0172	0.000	0.103
23.661	0.0009	0.011	0.742	0.0136	0.000	0.123
23.666	0.0008	0.011	0.649	0.0174	0.000	0.169
23.671	0.0005	0.009	0.629	0.0269	0.001	0.201
23.676	0.0004	0.011	0.339	0.0153	0.006	0.365
23.681	0.0002	0.011	0.125	0.0148	0.100	0.637
23.686	0.0000	0.023	0.093	0.0123	0.522	0.764
23.691	0.0000	0.018	0.000	0.0090	0.494	0.782
23.696	0.0000	0.000	0.000	0.0441	0.624	0.960
23.701	0.0000	0.000	0.000	0.0045	0.617	0.878
23.706	0.0000	0.000	0.001	0.0017	0.562	0.830
23.711	0.0000	0.005	0.000	0.0026	0.532	0.799
23.716	0.0000	0.000	0.000	0.0000	0.000	1.000
23.721	0.0000	0.000	0.000	0.0000	0.000	1.000
23.726	0.0000	0.000	0.000	0.0000	0.000	1.000
23.731	0.0000	0.000	0.000	0.0000	0.000	1.000
23.736	0.0000	0.000	0.000	0.0014	0.612	0.839
23.741	0.0000	0.000	0.003	0.0009	0.619	0.838
23.746	0.0000	0.000	0.000	0.0102	0.580	0.837
23.751	0.0000	0.018	0.101	0.0099	0.491	0.719
23.756	0.0000	0.000	0.249	0.0088	0.656	0.894
23.761	0.0000	0.000	0.248	0.0070	0.820	0.999
23.766	0.0000	0.000	0.000	0.0051	0.805	0.998
23.771	0.0000	0.000	0.000	0.0000	0.000	1.000
23.776	0.0000	0.000	0.000	0.0915	0.176	0.907
23.781	0.0000	0.000	0.000	0.0003	0.820	0.996
23.786	0.0000	0.000	0.000	0.0000	0.821	0.999
23.791	0.0000	0.005	0.000	0.0005	0.821	0.996
23.796	0.0000	0.000	0.000	0.0000	0.000	1.000
23.801	0.0000	0.000	0.000	0.0000	0.000	1.000
23.806	0.0000	0.000	0.000	0.3719	0.003	0.429
23.811	0.0000	0.000	0.000	0.0008	0.648	0.785
23.816	0.0000	0.000	0.001	0.0001	0.651	0.779
23.821	0.0000	0.000	0.500	0.0074	0.648	0.761
23.826	0.0000	0.000	0.175	0.0361	0.142	0.676
23.831	0.0000	0.000	0.391	0.0352	0.039	0.554
23.836	0.0000	0.014	0.503	0.0536	0.007	0.395
23.841	0.0000	0.009	0.648	0.0336	0.001	0.236
23.846	0.0001	0.011	0.495	0.0503	0.000	0.117
23.851	0.0003	0.009	0.626	0.0419	0.000	0.054
23.856	0.0004	0.009	0.541	0.0230	0.000	0.027
23.861	0.0015	0.011	0.599	0.0257	0.000	0.017
23.866	0.0033	0.009	0.765	0.0230	0.000	0.011
23.871	0.0051	0.011	0.745	0.0366	0.000	0.011
23.876	0.0124	0.009	0.749	0.0208	0.000	0.012
23.881	0.0138	0.009	0.783	0.0192	0.000	0.009
23.886	0.0178	0.020	0.842	0.0066	0.000	0.010
23.891	0.0318	0.018	0.863	0.0076	0.001	0.012
23.896	0.0489	0.018	0.832	0.0156	0.003	0.025
23.901	0.0635	0.018	0.784	0.0149	0.007	0.038
23.906	0.0725	0.023	0.741	0.0133	0.018	0.054
23.911	0.0708	0.030	0.726	0.0067	0.024	0.070
23.916	0.0678	0.027	0.725	0.0149	0.020	0.100
23.921	0.0621	0.034	0.715	0.0170	0.017	0.103
23.926	0.0661	0.027	0.733	0.0128	0.012	0.053
23.931	0.0578	0.030	0.736	0.0112	0.012	0.034
23.936	0.0859	0.034	0.703	0.0146	0.010	0.046
23.941	0.1006	0.030	0.712	0.0182	0.009	0.049
23.946	0.1186	0.032	0.726	0.0098	0.007	0.058
23.951	0.1372	0.030	0.732	0.0103	0.007	0.067
23.956	0.1640	0.030	0.727	0.0174	0.007	0.084
23.961	0.2121	0.030	0.750	0.0174	0.007	0.090
23.966	0.2682	0.032	0.779	0.0084	0.006	0.091
23.971	0.3035	0.030	0.779	0.0117	0.006	0.088
23.976	0.3319	0.030	0.756	0.0085	0.007	0.096
23.980	0.3204	0.032	0.748	0.0134	0.008	0.105
23.985	0.3130	0.030	0.761	0.0063	0.010	0.122
23.990	0.2816	0.030	0.579	0.0166	0.011	0.131
23.995	0.2471	0.030	0.296	0.0347	0.008	0.126
24.000	0.1890	0.032	0.465	0.0342	0.009	0.130
24.005	0.2913	0.025	0.633	0.0335	0.006	0.139
24.010	0.2950	0.018	0.704	0.0284	0.006	0.137
24.015	0.2382	0.011	0.797	0.0221	0.005	0.113
24.020	0.2146	0.014	0.801	0.0159	0.004	0.112
24.025	0.2358	0.011	0.699	0.0272	0.004	0.126
24.030	0.2363	0.014	0.565	0.0260	0.005	0.141
24.035	0.1720	0.016	0.357	0.0231	0.006	0.190
24.040	0.0567	0.016	0.229	0.0289	0.009	0.219
24.045	0.0106	0.027	0.306	0.0394	0.002	0.100
24.050	0.0114	0.018	0.417	0.0311	0.001	0.029
24.055	0.0119	0.025	0.586	0.0494	0.000	0.016
24.060	0.0096	0.018	0.625	0.0219	0.000	0.013
24.065	0.0155	0.014	0.546	0.0241	0.000	0.011
24.070	0.0132	0.018	0.517	0.0246	0.000	0.010
24.075	0.0095	0.011	0.600	0.0236	0.000	0.011
24.080	0.0126	0.014	0.613	0.0629	0.000	0.011
24.085	0.0072	0.018	0.706	0.0253	0.000	0.010
24.090	0.0089	0.011	0.696	0.0234	0.000	0.010
24.095	0.0112	0.014	0.549	0.0319	0.000	0.014
24.100	0.0078	0.025	0.526	0.0249	0.000	0.015
24.105	0.0055	0.025	0.538	0.0178	0.000	0.016
24.110	0.0051	0.023	0.653	0.0227	0.000	0.019
24.115	0.0037	0.030	0.728	0.0188	0.000	0.030
24.120	0.0038	0.030	0.690	0.0259	0.000	0.040
24.125	0.0035	0.032	0.647	0.0232	0.000	0.048
24.130	0.0028	0.032	0.628	0.0159	0.001	0.052
24.135	0.0026	0.030	0.582	0.0276	0.001	0.079
24.140	0.0017	0.030	0.675	0.0209	0.001	0.081
24.145	0.0013	0.032	0.774	0.0269	0.000	0.068
24.150	0.0013	0.030	0.799	0.0196	0.000	0.060
24.155	0.0017	0.032	0.750	0.0178	0.000	0.060
24.160	0.0020	0.030	0.644	0.0230	0.000	0.066
24.165	0.0015	0.030	0.637	0.0192	0.000	0.067
24.170	0.0012	0.030	0.606	0.0209	0.000	0.065
24.175	0.0013	0.032	0.590	0.0247	0.000	0.082
24.180	0.0013	0.027	0.573	0.0271	0.003	0.119
24.185	0.0008	0.025	0.579	0.0207	0.022	0.147
24.190	0.0006	0.027	0.544	0.0222	0.038	0.151
24.195	0.0006	0.030	0.576	0.0179	0.055	0.130
24.200	0.0006	0.043	0.516	0.0134	0.084	0.122
24.205	0.0008	0.034	0.377	0.0130	0.204	0.144
24.210	0.0007	0.059	0.284	0.0198	0.237	0.162
24.215	0.0006	0.057	0.272	0.0310	0.187	0.167
24.220	0.0007	0.089	0.306	0.0312	0.134	0.160
24.225	0.0004	0.061	0.408	0.0356	0.106	0.163
24.230	0.0007	0.043	0.361	0.0505	0.044	0.193
24.235	0.0003	0.052	0.417	0.0538	0.004	0.217
24.240	0.0004	0.034	0.630	0.0674	0.004	0.173
24.245	0.0004	0.032	0.803	0.0311	0.003	0.122
24.250	0.0004	0.034	0.814	0.0134	0.005	0.138
24.255	0.0010	0.036	0.712	0.0210	0.055	0.176
24.260	0.0009	0.043	0.496	0.0419	0.081	0.199
24.265	0.0002	0.061	0.565	0.0159	0.142	0.216
24.270	0.0004	0.034	0.474	0.0193	0.343	0.269
24.275	0.0002	0.082	0.259	0.0219	0.616	0.330
24.280	0.0002	0.077	0.239	0.0219	0.898	0.386
24.285	0.0001	0.114	0.272	0.0110	0.881	0.564
24.290	0.0001	0.111	0.175	0.0115	0.744	0.708
24.295	0.0000	0.059	0.132	0.0109	0.752	0.769
24.300	0.0000	0.005	0.000	0.0246	0.395	0.708
24.305	0.0000	0.000	0.045	0.0078	0.432	0.773
24.310	0.0000	0.000	0.040	0.0066	0.447	0.771
24.315	0.0000	0.018	0.037	0.0065	0.500	0.789
24.320	0.0000	0.000	0.102	0.0116	0.635	0.860
24.325	0.0000	0.000	0.331	0.0089	0.650	0.791
24.330	0.0000	0.000	0.248	0.0050	0.670	0.863
24.335	0.0000	0.005	0.250	0.0076	0.791	0.845
24.340	0.0000	0.005	0.250	0.0045	0.813	0.909
24.345	0.0000	0.000	0.000	0.0236	0.620	0.977
24.350	0.0000	0.000	0.000	0.0134	0.797	0.997
24.355	0.0000	0.000	0.000	0.0004	0.821	0.999
24.360	0.0000	0.000	0.000	0.0001	0.821	0.999
24.365	0.0000	0.005	0.000	0.0155	0.706	0.986
24.370	0.0000	0.000	0.000	0.0113	0.518	0.770
24.375	0.0000	0.000	0.002	0.0007	0.557	0.761
24.380	0.0000	0.000	0.002	0.0004	0.558	0.764
24.385	0.0000	0.014	0.000	0.0192	0.663	0.961
24.390	0.0000	0.000	0.000	0.0007	0.821	0.999
24.395	0.0000	0.000	0.000	0.0003	0.821	0.999
24.400	0.0000	0.005	0.000	0.0138	0.758	0.908
24.405	0.0000	0.000	0.155	0.0259	0.396	0.737
24.410	0.0000	0.000	0.323	0.0172	0.174	0.658
24.415	0.0000	0.000	0.321	0.0058	0.147	0.650
24.420	0.0000	0.032	0.251	0.0068	0.201	0.667
24.424	0.0000	0.009	0.194	0.0171	0.179	0.658
24.429	0.0000	0.005	0.195	0.0070	0.198	0.652
24.434	0.0000	0.023	0.209	0.0109	0.277	0.708
24.439	0.0000	0.027	0.361	0.0230	0.195	0.702
24.444	0.0000	0.018	0.339	0.0142	0.057	0.586
24.449	0.0000	0.027	0.397	0.0117	0.093	0.608
24.454	0.0001	0.027	0.363	0.0144	0.113	0.622
24.459	0.0001	0.091	0.350	0.0110	0.156	0.615
24.464	0.0001	0.059	0.470	0.0286	0.100	0.581
24.469	0.0001	0.152	0.575	0.0562	0.019	0.427
24.474	0.0002	0.034	0.403	0.0257	0.003	0.277
24.479	0.0003	0.027	0.413	0.0562	0.003	0.260
24.484	0.0003	0.030	0.569	0.0405	0.001	0.169
24.489	0.0001	0.036	0.651	0.0196	0.001	0.175
24.494	0.0005	0.041	0.656	0.0270	0.003	0.279
24.499	0.0003	0.039	0.585	0.0332	0.004	0.306
24.504	0.0003	0.041	0.584	0.0116	0.020	0.487
24.509	0.0002	0.059	0.227	0.0154	0.356	0.721
24.514	0.0000	0.082	0.111	0.0088	0.742	0.809
24.519	0.0000	0.105	0.115	0.0097	0.755	0.816
24.524	0.0000	0.050	0.358	0.0233	0.459	0.803
24.529	0.0000	0.068	0.667	0.0505	0.062	0.638
24.534	0.0000	0.066	0.231	0.1008	0.004	0.322
24.539	0.0000	0.032	0.507	0.1100	0.000	0.114
24.544	0.0001	0.009	0.619	0.0687	0.000	0.041
24.549	0.0003	0.007	0.642	0.0191	0.000	0.027
24.554	0.0030	0.009	0.719	0.0259	0.000	0.020
24.559	0.0061	0.007	0.744	0.0207	0.001	0.028
24.564	0.0166	0.007	0.782	0.0216	0.003	0.038
24.569	0.0180	0.023	0.749	0.0270	0.004	0.056
24.574	0.0276	0.018	0.761	0.0103	0.006	0.089
24.579	0.0465	0.014	0.758	0.0116	0.008	0.119
24.584	0.0517	0.016	0.808	0.0133	0.006	0.129
24.589	0.0857	0.016	0.837	0.0140	0.004	0.109
24.594	0.1175	0.014	0.842	0.0116	0.003	0.107
24.599	0.1458	0.014	0.836	0.0120	0.002	0.117
24.604	0.1947	0.016	0.839	0.0082	0.002	0.100
24.609	0.1583	0.014	0.844	0.0093	0.001	0.102
24.614	0.2084	0.016	0.842	0.0099	0.001	0.098
24.619	0.2514	0.016	0.835	0.0140	0.001	0.090
24.624	0.2014	0.014	0.839	0.0073	0.001	0.073
24.629	0.2653	0.016	0.852	0.0106	0.001	0.078
24.634	0.3152	0.016	0.858	0.0044	0.001	0.074
24.639	0.2377	0.014	0.853	0.0075	0.001	0.076
24.644	0.3159	0.016	0.839	0.0084	0.001	0.073
24.649	0.3509	0.014	0.823	0.0162	0.001	0.081
24.654	0.2343	0.016	0.836	0.0117	0.001	0.069
24.659	0.3262	0.014	0.841	0.0075	0.001	0.073
24.664	0.2859	0.016	0.842	0.0086	0.001	0.076
24.669	0.3081	0.014	0.849	0.0131	0.001	0.075
24.674	0.2942	0.014	0.819	0.0118	0.001	0.086
24.679	0.2646	0.016	0.773	0.0234	0.002	0.093
24.684	0.2557	0.014	0.790	0.0201	0.002	0.082
24.689	0.1961	0.016	0.833	0.0134	0.001	0.079
24.694	0.1832	0.016	0.841	0.0070	0.002	0.080
24.699	0.1745	0.014	0.834	0.0120	0.002	0.081
24.704	0.1708	0.025	0.834	0.0092	0.003	0.080
24.709	0.1434	0.030	0.825	0.0145	0.004	0.085
24.714	0.1297	0.032	0.835	0.0077	0.006	0.083
24.719	0.1520	0.030	0.804	0.0078	0.008	0.088
24.724	0.1122	0.034	0.713	0.0152	0.010	0.111
24.729	0.0896	0.032	0.638	0.0194	0.009	0.143
24.734	0.0568	0.027	0.696	0.0222	0.006	0.165
24.739	0.0424	0.036	0.754	0.0184	0.003	0.187
24.744	0.0360	0.016	0.786	0.0136	0.002	0.187
24.749	0.0343	0.025	0.776	0.0159	0.001	0.162
24.754	0.0265	0.007	0.768	0.0328	0.001	0.104
24.759	0.0289	0.011	0.804	0.0164	0.001	0.054
24.764	0.0256	0.007	0.752	0.0206	0.000	0.029
24.769	0.0188	0.007	0.686	0.0255	0.000	0.031
24.774	0.0166	0.005	0.737	0.0231	0.000	0.021
24.779	0.0131	0.007	0.792	0.0189	0.000	0.019
24.784	0.0173	0.007	0.754	0.0169	0.000	0.018
24.789	0.0179	0.007	0.726	0.0170	0.000	0.020
24.794	0.0163	0.007	0.750	0.0244	0.000	0.023
24.799	0.0123	0.007	0.785	0.0185	0.000	0.025
24.804	0.0116	0.005	0.774	0.0094	0.000	0.029
24.809	0.0134	0.007	0.752	0.0157	0.000	0.037
24.814	0.0120	0.007	0.794	0.0219	0.000	0.045
24.819	0.0122	0.007	0.805	0.0102	0.001	0.049
24.824	0.0132	0.005	0.786	0.0111	0.002	0.081
24.829	0.0133	0.007	0.718	0.0165	0.002	0.104
24.834	0.0142	0.011	0.696	0.0249	0.004	0.125
24.839	0.0136	0.007	0.689	0.0210	0.004	0.126
24.844	0.0228	0.007	0.711	0.0208	0.003	0.120
24.849	0.0357	0.020	0.736	0.0202	0.003	0.107
24.854	0.0442	0.020	0.786	0.0168	0.003	0.098
24.859	0.0707	0.016	0.808	0.0192	0.003	0.101
24.863	0.0984	0.016	0.814	0.0192	0.004	0.086
24.868	0.1042	0.014	0.833	0.0118	0.003	0.076
24.873	0.1222	0.016	0.831	0.0116	0.003	0.086
24.878	0.1189	0.014	0.825	0.0189	0.003	0.090
24.883	0.1461	0.016	0.842	0.0163	0.002	0.068
24.888	0.1687	0.016	0.850	0.0154	0.001	0.064
24.893	0.1730	0.014	0.848	0.0091	0.001	0.070
24.898	0.2038	0.016	0.846	0.0143	0.001	0.079
24.903	0.2154	0.014	0.845	0.0134	0.001	0.092
24.908	0.1946	0.016	0.851	0.0069	0.001	0.091
24.913	0.2132	0.016	0.852	0.0071	0.001	0.097
24.918	0.2129	0.016	0.846	0.0125	0.002	0.099
24.923	0.2179	0.016	0.851	0.0123	0.001	0.100
24.928	0.2405	0.014	0.853	0.0109	0.002	0.092
24.933	0.2173	0.016	0.837	0.0134	0.002	0.083
24.938	0.2120	0.027	0.829	0.0170	0.003	0.085
24.943	0.1866	0.016	0.832	0.0131	0.003	0.077
24.948	0.1859	0.020	0.845	0.0124	0.003	0.073
24.953	0.1855	0.020	0.848	0.0150	0.003	0.073
24.958	0.1740	0.034	0.853	0.0200	0.002	0.077
24.963	0.2237	0.032	0.863	0.0098	0.001	0.068
24.968	0.2076	0.034	0.838	0.0118	0.002	0.075
24.973	0.1910	0.034	0.772	0.0125	0.004	0.087
24.978	0.1573	0.025	0.786	0.0103	0.007	0.095
24.983	0.1119	0.025	0.781	0.0159	0.016	0.108
24.988	0.0746	0.034	0.667	0.0261	0.013	0.116
24.993	0.0743	0.027	0.499	0.0300	0.008	0.153
24.998	0.0740	0.009	0.383	0.0354	0.009	0.162
25.003	0.0354	0.016	0.520	0.0281	0.015	0.164
25.008	0.0447	0.014	0.387	0.0201	0.017	0.169
25.013	0.0268	0.039	0.593	0.0357	0.010	0.154
25.018	0.0250	0.039	0.686	0.0269	0.004	0.126
25.023	0.0186	0.018	0.773	0.0249	0.003	0.059
25.028	0.0217	0.011	0.758	0.0415	0.003	0.028
25.033	0.0141	0.014	0.791	0.0269	0.003	0.033
25.038	0.0169	0.014	0.732	0.0136	0.005	0.039
25.043	0.0108	0.016	0.617	0.0207	0.077	0.079
25.048	0.0066	0.016	0.535	0.0196	0.293	0.138
25.053	0.0038	0.068	0.501	0.0148	0.320	0.202
25.058	0.0049	0.057	0.387	0.0165	0.450	0.224
25.063	0.0082	0.052	0.242	0.0140	0.819	0.265
25.068	0.0107	0.123	0.149	0.0142	0.948	0.312
25.073	0.0127	0.161	0.131	0.0138	0.993	0.330
25.078	0.0087	0.180	0.195	0.0152	0.996	0.326
25.083	0.0186	0.198	0.190	0.0130	0.996	0.335
25.088	0.0197	0.186	0.229	0.0154	0.995	0.353
25.093	0.0156	0.186	0.183	0.0126	0.995	0.328
25.098	0.0208	0.182	0.171	0.0122	0.991	0.354
25.103	0.0204	0.168	0.136	0.0114	0.984	0.358
25.108	0.0187	0.184	0.151	0.0143	0.984	0.353
25.113	0.0147	0.182	0.186	0.0125	0.992	0.312
25.118	0.0176	0.168	0.206	0.0126	0.989	0.368
25.123	0.0203	0.173	0.170	0.0163	0.986	0.408
25.128	0.0172	0.168	0.185	0.0125	0.987	0.386
25.133	0.0217	0.180	0.144	0.0130	0.988	0.377
25.138	0.0195	0.173	0.161	0.0191	0.987	0.393
25.143	0.0189	0.168	0.163	0.0136	0.988	0.422
25.148	0.0150	0.150	0.174	0.0134	0.986	0.403
25.153	0.0120	0.161	0.154	0.0097	0.985	0.409
25.158	0.0154	0.168	0.157	0.0137	0.981	0.442
25.163	0.0116	0.168	0.124	0.0129	0.984	0.469
25.168	0.0106	0.177	0.119	0.0126	0.987	0.468
25.173	0.0107	0.175	0.205	0.0133	0.985	0.442
25.178	0.0079	0.168	0.170	0.0180	0.982	0.453
25.183	0.0078	0.164	0.142	0.0126	0.984	0.451
25.188	0.0109	0.175	0.188	0.0144	0.978	0.464
25.193	0.0076	0.164	0.211	0.0107	0.983	0.439
25.198	0.0075	0.193	0.170	0.0140	0.984	0.408
25.203	0.0051	0.161	0.214	0.0120	0.982	0.377
25.208	0.0048	0.152	0.172	0.0185	0.982	0.390
25.213	0.0030	0.157	0.223	0.0155	0.993	0.307
25.218	0.0023	0.145	0.188	0.0092	0.995	0.310
25.223	0.0025	0.166	0.164	0.0174	0.991	0.426
25.228	0.0001	0.125	0.075	0.0261	0.955	0.532
25.233	0.0001	0.130	0.195	0.0117	0.856	0.739
25.238	0.0000	0.068	0.147	0.0086	0.788	0.793
25.243	0.0000	0.005	0.000	0.0190	0.834	0.839
25.248	0.0000	0.000	0.249	0.0040	0.854	0.833
25.253	0.0000	0.000	0.120	0.0090	0.689	0.857
25.258	0.0000	0.000	0.075	0.0069	0.537	0.810
25.263	0.0000	0.000	0.083	0.0115	0.660	0.838
25.268	0.0000	0.000	0.099	0.0041	0.691	0.832
25.273	0.0000	0.014	0.164	0.0088	0.796	0.955
25.278	0.0000	0.005	0.000	0.0015	0.821	0.998
25.283	0.0000	0.000	0.000	0.7328	0.000	0.000
25.288	0.0000	0.000	0.000	0.0026	0.794	0.832
25.293	0.0000	0.000	0.197	0.0037	0.804	0.829
25.298	0.0000	0.000	0.199	0.0098	0.770	0.853
25.302	0.0000	0.000	0.111	0.0061	0.683	0.872
25.307	0.0000	0.000	0.057	0.0170	0.405	0.746
25.312	0.0000	0.000	0.072	0.0076	0.514	0.786
25.317	0.0000	0.005	0.068	0.0055	0.599	0.835
25.322	0.0000	0.000	0.048	0.0113	0.685	0.828
25.327	0.0000	0.005	0.234	0.0117	0.660	0.843
25.332	0.0000	0.000	0.138	0.0088	0.487	0.783
25.337	0.0000	0.027	0.129	0.0106	0.415	0.731
25.342	0.0000	0.014	0.210	0.0093	0.414	0.754
25.347	0.0000	0.005	0.238	0.0120	0.325	0.742
25.352	0.0000	0.018	0.251	0.0095	0.350	0.738
25.357	0.0000	0.027	0.114	0.0096	0.498	0.780
25.362	0.0000	0.009	0.198	0.0113	0.696	0.852
25.367	0.0000	0.000	0.243	0.0061	0.745	0.854
25.372	0.0000	0.000	0.125	0.0096	0.791	0.903
25.377	0.0000	0.000	0.200	0.0090	0.702	0.876
25.382	0.0000	0.000	0.199	0.0048	0.612	0.857
25.387	0.0000	0.009	0.000	0.0025	0.674	0.851
25.392	0.0000	0.000	0.000	0.0141	0.649	0.980
25.397	0.0000	0.000	0.000	0.0000	0.000	1.000
25.402	0.0000	0.000	0.000	0.0158	0.761	0.875
25.407	0.0000	0.000	0.200	0.0041	0.789	0.864
25.412	0.0000	0.000	0.167	0.0037	0.797	0.860
25.417	0.0000	0.005	0.166	0.0087	0.812	0.892
25.422	0.0000	0.005	0.333	0.0064	0.821	0.995
25.427	0.0000	0.000	0.333	0.0029	0.821	0.894
25.432	0.0000	0.000	0.000	0.0054	0.820	0.861
25.437	0.0000	0.000	0.249	0.0071	0.822	0.973
25.442	0.0000	0.005	0.250	0.0126	0.673	0.852
25.447	0.0000	0.000	0.001	0.0036	0.699	0.876
25.452	0.0000	0.005	0.000	0.0053	0.791	0.953
25.457	0.0000	0.000	0.000	0.0043	0.799	0.997
25.462	0.0000	0.000	0.000	0.0028	0.845	0.813
25.467	0.0000	0.000	0.001	0.0010	0.856	0.791
25.472	0.0000	0.000	0.001	0.0004	0.855	0.794
25.477	0.0000	0.000	0.000	0.0082	0.820	0.820
25.482	0.0000	0.000	0.000	0.0000	0.000	1.000
25.487	0.0000	0.000	0.000	0.0000	0.000	1.000
25.492	0.0000	0.000	0.000	0.0000	0.000	1.000
25.497	0.0000	0.000	0.000	0.0000	0.000	1.000
25.502	0.0000	0.000	0.000	0.0486	0.762	0.992
25.507	0.0000	0.000	0.000	0.0001	0.821	0.998
25.512	0.0000	0.000	0.000	0.0127	0.544	0.847
25.517	0.0000	0.000	0.003	0.0053	0.436	0.806
25.522	0.0000	0.002	0.000	0.0018	0.448	0.807
25.527	0.0000	0.011	0.000	0.0975	0.081	0.724
25.532	0.0000	0.000	0.000	0.0000	0.000	1.000
25.537	0.0000	0.000	0.000	0.0000	0.000	1.000
25.542	0.0000	0.000	0.000	0.0002	0.821	0.997
25.547	0.0000	0.000	0.000	0.0002	0.821	0.999
25.552	0.0000	0.000	0.000	0.0007	0.820	0.997
25.557	0.0000	0.000	0.000	0.1016	0.102	0.872
25.562	0.0000	0.000	0.000	0.0000	0.000	1.000
25.567	0.0000	0.000	0.000	0.0000	0.000	1.000
25.572	0.0000	0.000	0.399	0.0007	0.533	0.917
25.577	0.0000	0.000	0.248	0.0062	0.569	0.871
25.582	0.0000	0.000	0.245	0.0068	0.692	0.812
25.587	0.0000	0.014	0.142	0.0078	0.751	0.859
25.592	0.0000	0.005	0.091	0.0066	0.784	0.838
25.597	0.0000	0.000	0.141	0.0036	0.793	0.870
25.602	0.0000	0.009	0.142	0.0086	0.804	0.937
25.607	0.0000	0.000	0.000	0.0872	0.129	0.888
25.612	0.0000	0.000	0.000	0.0000	0.000	1.000
25.617	0.0000	0.000	0.000	0.0000	0.000	1.000
25.622	0.0000	0.000	0.000	0.0000	0.000	1.000
25.627	0.0000	0.000	0.000	0.0000	0.000	1.000
25.632	0.0000	0.000	0.000	0.0000	0.000	1.000
25.637	0.0000	0.000	0.000	0.0000	0.000	1.000
25.642	0.0000	0.000	0.000	0.0000	0.000	1.000
25.647	0.0000	0.000	0.000	0.0000	0.000	1.000
25.652	0.0000	0.000	0.000	0.0000	0.000	1.000
25.657	0.0000	0.000	0.000	0.0000	0.000	1.000
25.662	0.0000	0.000	0.000	0.0000	0.000	1.000
25.667	0.0000	0.000	0.000	0.0000	0.000	1.000
25.672	0.0000	0.000	0.000	0.0000	0.000	1.000
25.677	0.0000	0.000	0.000	0.0000	0.000	1.000
25.682	0.0000	0.000	0.000	0.0000	0.000	1.000
25.687	0.0000	0.000	0.000	0.0000	0.000	1.000
25.692	0.0000	0.000	0.000	0.0000	0.000	1.000
25.697	0.0000	0.000	0.000	0.0000	0.000	1.000
25.702	0.0000	0.000	0.000	0.0000	0.000	1.000
25.707	0.0000	0.000	0.000	0.0000	0.000	1.000
25.712	0.0000	0.000	0.000	0.0000	0.000	1.000
25.717	0.0000	0.000	0.000	0.0000	0.000	1.000
25.722	0.0000	0.000	0.000	0.0000	0.000	1.000
25.727	0.0000	0.000	0.000	0.5476	0.000	0.229
25.732	0.0000	0.000	0.187	0.0080	0.533	0.745
25.737	0.0000	0.000	0.099	0.0122	0.487	0.741
25.741	0.0000	0.014	0.259	0.0165	0.411	0.608
25.746	0.0000	0.055	0.228	0.0226	0.378	0.487
25.751	0.0000	0.091	0.375	0.0142	0.348	0.263
25.756	0.0001	0.077	0.349	0.0081	0.358	0.223
25.761	0.0003	0.077	0.223	0.0212	0.569	0.297
25.766	0.0002	0.086	0.258	0.0259	0.304	0.277
25.771	0.0003	0.123	0.368	0.0191	0.095	0.240
25.776	0.0005	0.068	0.276	0.0181	0.070	0.239
25.781	0.0008	0.057	0.235	0.0204	0.057	0.238
25.786	0.0012	0.061	0.303	0.0250	0.041	0.228
25.791	0.0015	0.052	0.392	0.0218	0.031	0.220
25.796	0.0021	0.041	0.410	0.0170	0.035	0.245
25.801	0.0014	0.050	0.282	0.0185	0.057	0.293
25.806	0.0021	0.041	0.228	0.0152	0.104	0.330
25.811	0.0028	0.061	0.190	0.0158	0.215	0.387
25.816	0.0015	0.095	0.172	0.0153	0.210	0.406
25.821	0.0013	0.095	0.197	0.0147	0.300	0.385
25.826	0.0010	0.089	0.226	0.0125	0.334	0.366
25.831	0.0014	0.075	0.165	0.0117	0.357	0.389
25.836	0.0014	0.091	0.148	0.0156	0.303	0.370
25.841	0.0009	0.098	0.214	0.0159	0.273	0.335
25.846	0.0012	0.093	0.145	0.0186	0.162	0.322
25.851	0.0011	0.070	0.172	0.0146	0.096	0.286
25.856	0.0014	0.066	0.183	0.0168	0.095	0.267
25.861	0.0015	0.055	0.282	0.0175	0.147	0.256
25.866	0.0006	0.073	0.247	0.0144	0.132	0.245
25.871	0.0010	0.070	0.177	0.0233	0.093	0.244
25.876	0.0006	0.061	0.256	0.0216	0.064	0.234
25.881	0.0005	0.052	0.236	0.0176	0.068	0.257
25.886	0.0004	0.050	0.273	0.0142	0.071	0.284
25.891	0.0004	0.061	0.266	0.0188	0.064	0.317
25.896	0.0003	0.048	0.283	0.0201	0.094	0.341
25.901	0.0002	0.052	0.272	0.0234	0.049	0.356
25.906	0.0002	0.052	0.169	0.0165	0.032	0.454
25.911	0.0001	0.039	0.249	0.0163	0.154	0.634
25.916	0.0000	0.041	0.185	0.0109	0.173	0.665
25.921	0.0000	0.032	0.114	0.0201	0.258	0.716
25.926	0.0000	0.000	0.000	0.0217	0.335	0.770
25.931	0.0000	0.000	0.000	0.0174	0.336	0.768
25.936	0.0000	0.000	0.045	0.0208	0.134	0.642
25.941	0.0000	0.014	0.051	0.0074	0.090	0.620
25.946	0.0000	0.000	0.009	0.0167	0.105	0.605
25.951	0.0000	0.014	0.000	0.2486	0.007	0.412
25.956	0.0000	0.000	0.000	0.0000	0.000	1.000
25.961	0.0000	0.000	0.000	0.0000	0.000	1.000
25.966	0.0000	0.000	0.000	0.0000	0.000	1.000
25.971	0.0000	0.000	0.000	0.0000	0.000	1.000
25.976	0.0000	0.000	0.000	0.0000	0.000	1.000
25.981	0.0000	0.000	0.000	0.0000	0.000	1.000
25.986	0.0000	0.000	0.000	0.0000	0.000	1.000
25.991	0.0000	0.000	0.000	0.0000	0.000	1.000
25.996	0.0000	0.000	0.000	0.0000	0.000	1.000
26.001	0.0000	0.000	0.000	0.0000	0.000	1.000
26.006	0.0000	0.000	0.000	0.0000	0.000	1.000
26.011	0.0000	0.000	0.000	0.0000	0.000	1.000
26.016	0.0000	0.000	0.000	0.0000	0.000	1.000
26.021	0.0000	0.000	0.000	0.1688	0.041	0.610
26.026	0.0000	0.000	0.270	0.0264	0.205	0.667
26.031	0.0000	0.000	0.038	0.0350	0.147	0.522
26.036	0.0000	0.005	0.074	0.0220	0.409	0.426
26.041	0.0000	0.055	0.217	0.0096	0.265	0.381
26.046	0.0001	0.064	0.155	0.0139	0.375	0.383
26.051	0.0035	0.091	0.205	0.0167	0.408	0.362
26.056	0.0036	0.102	0.162	0.0120	0.361	0.368
26.061	0.0049	0.089	0.206	0.0293	0.266	0.402
26.066	0.0095	0.093	0.449	0.0351	0.055	0.309
26.071	0.0078	0.080	0.704	0.0193	0.017	0.226
26.076	0.0279	0.034	0.771	0.0163	0.014	0.177
26.081	0.0918	0.034	0.796	0.0167	0.009	0.147
26.086	0.1081	0.016	0.786	0.0124	0.006	0.126
26.091	0.1475	0.018	0.771	0.0110	0.007	0.121
26.096	0.1361	0.018	0.795	0.0160	0.007	0.123
26.101	0.2128	0.027	0.812	0.0062	0.008	0.118
26.106	0.1942	0.018	0.820	0.0159	0.006	0.104
26.111	0.3041	0.027	0.828	0.0098	0.001	0.082
26.116	0.2494	0.027	0.817	0.0125	0.001	0.069
26.121	0.2938	0.027	0.808	0.0102	0.001	0.073
26.126	0.2520	0.027	0.803	0.0109	0.002	0.080
26.131	0.2764	0.027	0.798	0.0113	0.002	0.088
26.136	0.2199	0.018	0.815	0.0097	0.003	0.094
26.141	0.2254	0.023	0.797	0.0090	0.005	0.103
26.146	0.1644	0.030	0.788	0.0153	0.007	0.103
26.151	0.1681	0.027	0.792	0.0139	0.007	0.080
26.156	0.1358	0.030	0.828	0.0073	0.007	0.073
26.161	0.1494	0.025	0.758	0.0128	0.006	0.083
26.166	0.1131	0.030	0.637	0.0220	0.005	0.085
26.171	0.0983	0.025	0.420	0.0475	0.002	0.086
26.176	0.0333	0.016	0.681	0.0252	0.001	0.067
26.180	0.0392	0.007	0.593	0.0285	0.000	0.021
26.185	0.0274	0.005	0.595	0.0205	0.001	0.020
26.190	0.0256	0.020	0.588	0.0430	0.002	0.028
26.195	0.0174	0.025	0.553	0.0368	0.001	0.026
26.200	0.0106	0.025	0.457	0.0177	0.000	0.025
26.205	0.0141	0.009	0.431	0.0217	0.000	0.022
26.210	0.0103	0.011	0.614	0.0207	0.000	0.023
26.215	0.0096	0.023	0.698	0.0226	0.000	0.025
26.220	0.0060	0.032	0.776	0.0335	0.000	0.027
26.225	0.0071	0.014	0.783	0.0156	0.001	0.032
26.230	0.0051	0.014	0.773	0.0146	0.004	0.046
26.235	0.0053	0.016	0.531	0.0194	0.038	0.066
26.240	0.0043	0.020	0.162	0.0216	0.377	0.143
26.245	0.0052	0.041	0.200	0.0168	0.682	0.162
26.250	0.0055	0.082	0.220	0.0181	0.791	0.204
26.255	0.0104	0.107	0.173	0.0152	0.730	0.236
26.260	0.0186	0.118	0.162	0.0125	0.826	0.292
26.265	0.0300	0.107	0.190	0.0133	0.894	0.330
26.270	0.0275	0.136	0.173	0.0138	0.755	0.393
26.275	0.0363	0.120	0.191	0.0149	0.715	0.428
26.280	0.0220	0.139	0.382	0.0227	0.397	0.356
26.285	0.0187	0.116	0.534	0.0250	0.120	0.260
26.290	0.0332	0.080	0.713	0.0163	0.018	0.172
26.295	0.0413	0.075	0.722	0.0163	0.010	0.144
26.300	0.0635	0.052	0.682	0.0234	0.006	0.156
26.305	0.0584	0.039	0.687	0.0237	0.005	0.143
26.310	0.0494	0.023	0.725	0.0206	0.004	0.161
26.315	0.0696	0.016	0.739	0.0124	0.004	0.162
26.320	0.0611	0.014	0.701	0.0162	0.004	0.156
26.325	0.0634	0.025	0.700	0.0176	0.005	0.160
26.330	0.0547	0.014	0.683	0.0183	0.004	0.173
26.335	0.0483	0.016	0.653	0.0239	0.003	0.177
26.340	0.0398	0.009	0.624	0.0281	0.004	0.185
26.345	0.0313	0.016	0.517	0.0256	0.003	0.177
26.350	0.0304	0.014	0.311	0.0584	0.002	0.151
26.355	0.0049	0.025	0.591	0.0504	0.000	0.069
26.360	0.0125	0.007	0.755	0.0316	0.000	0.045
26.365	0.0204	0.005	0.775	0.0199	0.000	0.034
26.370	0.0241	0.005	0.766	0.0151	0.000	0.026
26.375	0.0263	0.005	0.696	0.0182	0.000	0.024
26.380	0.0221	0.005	0.532	0.0275	0.008	0.177
26.385	0.0180	0.005	0.550	0.0127	0.048	0.271
26.390	0.0173	0.009	0.465	0.0088	0.062	0.289
26.395	0.0215	0.059	0.427	0.0186	0.052	0.315
26.400	0.0173	0.045	0.548	0.0113	0.087	0.388
26.405	0.0153	0.032	0.566	0.0116	0.087	0.406
26.410	0.0221	0.050	0.598	0.0240	0.044	0.354
26.415	0.0246	0.018	0.630	0.0261	0.018	0.294
26.420	0.0304	0.014	0.666	0.0197	0.011	0.212
26.425	0.0404	0.011	0.647	0.0200	0.014	0.161
26.430	0.0457	0.014	0.651	0.0202	0.008	0.103
26.435	0.0803	0.011	0.597	0.0200	0.006	0.089
26.440	0.1218	0.034	0.649	0.0192	0.011	0.091
26.445	0.1066	0.039	0.772	0.0150	0.011	0.082
26.450	0.1496	0.039	0.803	0.0098	0.009	0.072
26.455	0.1379	0.050	0.771	0.0121	0.009	0.070
26.460	0.1183	0.045	0.721	0.0190	0.009	0.050
26.465	0.1558	0.048	0.762	0.0139	0.010	0.027
26.470	0.1115	0.050	0.811	0.0119	0.006	0.027
26.475	0.1423	0.043	0.813	0.0111	0.003	0.039
26.480	0.1036	0.048	0.765	0.0121	0.002	0.067
26.485	0.1219	0.034	0.716	0.0152	0.002	0.085
26.490	0.0559	0.034	0.645	0.0186	0.003	0.133
26.495	0.0673	0.039	0.723	0.0150	0.005	0.207
26.500	0.0376	0.030	0.773	0.0098	0.008	0.347
26.505	0.0334	0.018	0.794	0.0120	0.010	0.402
26.510	0.0300	0.016	0.791	0.0104	0.010	0.403
26.515	0.0333	0.030	0.773	0.0085	0.010	0.402
26.520	0.0265	0.018	0.778	0.0211	0.005	0.313
26.525	0.0215	0.011	0.806	0.0205	0.002	0.237
26.530	0.0213	0.020	0.809	0.0140	0.001	0.166
26.535	0.0247	0.011	0.801	0.0107	0.001	0.112
26.540	0.0214	0.005	0.774	0.0144	0.000	0.079
26.545	0.0223	0.007	0.778	0.0237	0.001	0.083
26.550	0.0185	0.007	0.780	0.0126	0.001	0.063
26.555	0.0276	0.007	0.811	0.0129	0.001	0.058
26.560	0.0301	0.007	0.813	0.0107	0.001	0.056
26.565	0.0395	0.007	0.795	0.0121	0.000	0.054
26.570	0.0449	0.007	0.825	0.0223	0.000	0.052
26.575	0.0435	0.005	0.808	0.0104	0.001	0.052
26.580	0.0534	0.007	0.798	0.0117	0.001	0.092
26.585	0.0465	0.007	0.793	0.0147	0.001	0.133
26.590	0.0524	0.007	0.779	0.0175	0.002	0.137
26.595	0.0686	0.007	0.761	0.0149	0.001	0.118
26.600	0.0516	0.018	0.772	0.0154	0.001	0.089
26.605	0.0673	0.016	0.781	0.0105	0.002	0.093
26.610	0.0872	0.034	0.759	0.0153	0.002	0.097
26.615	0.0668	0.032	0.766	0.0131	0.003	0.094
26.620	0.1193	0.032	0.777	0.0093	0.003	0.097
26.624	0.1009	0.030	0.774	0.0142	0.002	0.097
26.629	0.1015	0.032	0.749	0.0150	0.002	0.099
26.634	0.1252	0.030	0.774	0.0150	0.002	0.098
26.639	0.1118	0.023	0.778	0.0094	0.003	0.111
26.644	0.1004	0.030	0.738	0.0154	0.004	0.117
26.649	0.1184	0.025	0.690	0.0206	0.003	0.121
26.654	0.0967	0.016	0.652	0.0181	0.003	0.125
26.659	0.0812	0.018	0.559	0.0188	0.008	0.207
26.664	0.0730	0.018	0.506	0.0230	0.010	0.253
26.669	0.0557	0.009	0.605	0.0550	0.002	0.209
26.674	0.0267	0.005	0.741	0.0395	0.000	0.124
26.679	0.0428	0.007	0.598	0.0356	0.000	0.046
26.684	0.0366	0.002	0.538	0.0400	0.000	0.041
26.689	0.0206	0.009	0.415	0.0215	0.000	0.029
26.694	0.0160	0.005	0.190	0.0195	0.000	0.032
26.699	0.0043	0.025	0.269	0.0323	0.000	0.040
26.704	0.0054	0.009	0.414	0.0449	0.001	0.046
26.709	0.0031	0.027	0.621	0.0168	0.004	0.066
26.714	0.0038	0.018	0.495	0.0193	0.005	0.077
26.719	0.0032	0.009	0.314	0.0227	0.223	0.158
26.724	0.0021	0.043	0.210	0.0153	0.393	0.249
26.729	0.0020	0.052	0.204	0.0101	0.501	0.387
26.734	0.0047	0.075	0.143	0.0103	0.542	0.467
26.739	0.0089	0.107	0.107	0.0120	0.733	0.606
26.744	0.0128	0.130	0.147	0.0101	0.743	0.642
26.749	0.0143	0.166	0.168	0.0184	0.423	0.547
26.754	0.0209	0.168	0.264	0.0192	0.187	0.490
26.759	0.0296	0.086	0.245	0.0272	0.095	0.411
26.764	0.0377	0.032	0.197	0.0318	0.053	0.372
26.769	0.0176	0.075	0.582	0.0267	0.008	0.247
26.774	0.0232	0.030	0.597	0.0211	0.007	0.254
26.779	0.0788	0.020	0.677	0.0274	0.004	0.215
26.784	0.0559	0.014	0.701	0.0163	0.002	0.164
26.789	0.0531	0.005	0.627	0.0268	0.002	0.158
26.794	0.0519	0.005	0.630	0.0268	0.002	0.135
26.799	0.0769	0.005	0.742	0.0256	0.002	0.100
26.804	0.1365	0.016	0.782	0.0225	0.001	0.087
26.809	0.1548	0.014	0.789	0.0135	0.000	0.056
26.814	0.1058	0.018	0.783	0.0089	0.000	0.053
26.819	0.1315	0.016	0.774	0.0108	0.000	0.051
26.824	0.1973	0.011	0.785	0.0150	0.000	0.048
26.829	0.1957	0.011	0.798	0.0085	0.000	0.047
26.834	0.1878	0.011	0.799	0.0086	0.000	0.049
26.839	0.2407	0.011	0.792	0.0078	0.000	0.056
26.844	0.2826	0.011	0.782	0.0140	0.000	0.059
26.849	0.2602	0.009	0.765	0.0146	0.000	0.051
26.854	0.1869	0.014	0.770	0.0159	0.000	0.050
26.859	0.1815	0.009	0.774	0.0108	0.000	0.061
26.864	0.2333	0.011	0.746	0.0077	0.001	0.069
26.869	0.2587	0.011	0.712	0.0162	0.001	0.081
26.874	0.1776	0.016	0.748	0.0131	0.001	0.078
26.879	0.1250	0.014	0.756	0.0154	0.001	0.079
26.884	0.1259	0.020	0.760	0.0090	0.001	0.086
26.889	0.1770	0.011	0.759	0.0114	0.001	0.080
26.894	0.2160	0.016	0.766	0.0093	0.002	0.082
26.899	0.1735	0.009	0.774	0.0121	0.002	0.098
26.904	0.1196	0.016	0.780	0.0084	0.003	0.103
26.909	0.1003	0.025	0.768	0.0134	0.001	0.092
26.914	0.1325	0.036	0.751	0.0071	0.001	0.083
26.919	0.1534	0.030	0.760	0.0098	0.001	0.100
26.924	0.1775	0.023	0.779	0.0089	0.002	0.100
26.929	0.1480	0.030	0.735	0.0150	0.002	0.100
26.934	0.1174	0.018	0.677	0.0172	0.001	0.091
26.939	0.0716	0.020	0.535	0.0559	0.001	0.076
26.944	0.0408	0.014	0.738	0.0238	0.000	0.063
26.949	0.0544	0.014	0.779	0.0094	0.000	0.059
26.954	0.0556	0.005	0.777	0.0116	0.000	0.059
26.959	0.0456	0.007	0.723	0.0161	0.000	0.088
26.964	0.0393	0.009	0.712	0.0181	0.001	0.104
26.969	0.0333	0.011	0.714	0.0200	0.002	0.116
26.974	0.0584	0.023	0.685	0.0181	0.004	0.132
26.979	0.0740	0.020	0.677	0.0183	0.004	0.155
26.984	0.0623	0.034	0.711	0.0176	0.003	0.141
26.989	0.0663	0.023	0.719	0.0151	0.004	0.118
26.994	0.0808	0.030	0.704	0.0193	0.005	0.121
26.999	0.0541	0.027	0.694	0.0182	0.006	0.129
27.004	0.0834	0.023	0.758	0.0175	0.006	0.134
27.009	0.0621	0.020	0.814	0.0082	0.006	0.124
27.014	0.0785	0.030	0.775	0.0125	0.005	0.126
27.019	0.0639	0.030	0.779	0.0198	0.004	0.122
27.024	0.0738	0.020	0.811	0.0156	0.004	0.125
27.029	0.0681	0.020	0.818	0.0115	0.008	0.131
27.034	0.0806	0.020	0.817	0.0123	0.009	0.129
27.039	0.0599	0.011	0.818	0.0142	0.013	0.148
27.044	0.0735	0.011	0.828	0.0134	0.015	0.145
27.049	0.0577	0.014	0.838	0.0079	0.015	0.121
27.054	0.0556	0.011	0.832	0.0069	0.015	0.124
27.059	0.0661	0.011	0.833	0.0091	0.009	0.137
27.063	0.0584	0.011	0.834	0.0108	0.006	0.144
27.068	0.0589	0.025	0.829	0.0201	0.004	0.136
27.073	0.0541	0.018	0.814	0.0167	0.003	0.124
27.078	0.0487	0.007	0.776	0.0227	0.002	0.129
27.083	0.0572	0.011	0.791	0.0278	0.003	0.125
27.088	0.0602	0.011	0.812	0.0156	0.003	0.132
27.093	0.0425	0.014	0.816	0.0188	0.002	0.128
27.098	0.0463	0.007	0.846	0.0124	0.002	0.129
27.103	0.0418	0.009	0.854	0.0224	0.002	0.131
27.108	0.0439	0.009	0.853	0.0162	0.001	0.118
27.113	0.0411	0.007	0.842	0.0133	0.001	0.109
27.118	0.0291	0.009	0.867	0.0144	0.001	0.094
27.123	0.0350	0.009	0.865	0.0188	0.001	0.088
27.128	0.0317	0.007	0.834	0.0145	0.001	0.091
27.133	0.0242	0.009	0.812	0.0237	0.001	0.094
27.138	0.0205	0.009	0.837	0.0226	0.001	0.094
27.143	0.0164	0.009	0.873	0.0134	0.001	0.084
27.148	0.0171	0.009	0.863	0.0140	0.000	0.080
27.153	0.0161	0.009	0.854	0.0257	0.000	0.078
27.158	0.0133	0.009	0.851	0.0137	0.000	0.075
27.163	0.0117	0.007	0.796	0.0221	0.000	0.089
27.168	0.0077	0.009	0.645	0.0183	0.002	0.147
27.173	0.0033	0.009	0.627	0.0334	0.002	0.144
27.178	0.0022	0.009	0.712	0.0523	0.001	0.108
27.183	0.0017	0.009	0.681	0.0318	0.000	0.115
27.188	0.0020	0.009	0.551	0.0532	0.001	0.143
27.193	0.0010	0.005	0.631	0.0597	0.000	0.122
27.198	0.0008	0.007	0.784	0.0481	0.000	0.090
27.203	0.0009	0.009	0.877	0.0420	0.000	0.070
27.208	0.0014	0.007	0.848	0.0193	0.000	0.057
27.213	0.0022	0.007	0.732	0.0382	0.000	0.065
27.218	0.0019	0.009	0.630	0.1266	0.000	0.087
27.223	0.0008	0.005	0.802	0.0592	0.000	0.076
27.228	0.0009	0.009	0.880	0.0105	0.000	0.069
27.233	0.0017	0.007	0.814	0.0252	0.000	0.083
27.238	0.0015	0.007	0.687	0.0473	0.000	0.132
27.243	0.0007	0.007	0.762	0.0152	0.001	0.162
27.248	0.0005	0.009	0.758	0.0339	0.001	0.200
27.253	0.0004	0.007	0.491	0.0442	0.002	0.207
27.258	0.0004	0.007	0.435	0.0664	0.002	0.135
27.263	0.0003	0.011	0.603	0.0449	0.001	0.099
27.268	0.0005	0.007	0.625	0.0453	0.000	0.086
27.273	0.0044	0.011	0.774	0.0200	0.001	0.086
27.278	0.0048	0.014	0.655	0.0163	0.001	0.092
27.283	0.0099	0.014	0.646	0.0218	0.002	0.106
27.288	0.0115	0.014	0.332	0.0230	0.004	0.114
27.293	0.0171	0.014	0.356	0.0264	0.005	0.113
27.298	0.0226	0.020	0.522	0.0260	0.004	0.119
27.303	0.0161	0.025	0.571	0.0252	0.004	0.121
27.308	0.0257	0.034	0.493	0.0171	0.004	0.139
27.313	0.0353	0.030	0.497	0.0288	0.003	0.126
27.318	0.0263	0.034	0.632	0.0312	0.002	0.124
27.323	0.0213	0.023	0.732	0.0264	0.002	0.121
27.328	0.0451	0.030	0.786	0.0070	0.002	0.127
27.333	0.0476	0.032	0.780	0.0109	0.002	0.125
27.338	0.0759	0.034	0.808	0.0144	0.002	0.111
27.343	0.1055	0.032	0.794	0.0099	0.002	0.111
27.348	0.0880	0.032	0.742	0.0174	0.002	0.111
27.353	0.1323	0.032	0.743	0.0141	0.003	0.104
27.358	0.1141	0.030	0.768	0.0117	0.003	0.106
27.363	0.1395	0.020	0.775	0.0103	0.005	0.099
27.368	0.1718	0.023	0.801	0.0096	0.005	0.091
27.373	0.1560	0.020	0.786	0.0105	0.004	0.088
27.378	0.2264	0.027	0.780	0.0189	0.003	0.095
27.383	0.2281	0.027	0.812	0.0152	0.003	0.091
27.388	0.2484	0.025	0.820	0.0112	0.003	0.091
27.393	0.3477	0.027	0.797	0.0167	0.003	0.090
27.398	0.2745	0.018	0.783	0.0188	0.002	0.099
27.403	0.2642	0.016	0.770	0.0177	0.001	0.096
27.408	0.1820	0.018	0.707	0.0198	0.001	0.096
27.413	0.2043	0.014	0.699	0.0197	0.001	0.092
27.418	0.1087	0.018	0.773	0.0175	0.001	0.094
27.423	0.1123	0.014	0.795	0.0171	0.001	0.098
27.428	0.0950	0.016	0.830	0.0175	0.001	0.098
27.433	0.1360	0.018	0.845	0.0086	0.001	0.091
27.438	0.1436	0.018	0.818	0.0128	0.001	0.099
27.443	0.1525	0.014	0.820	0.0168	0.001	0.095
27.448	0.1404	0.016	0.840	0.0151	0.001	0.101
27.453	0.1652	0.014	0.844	0.0110	0.001	0.092
27.458	0.2030	0.014	0.832	0.0103	0.001	0.083
27.463	0.1614	0.016	0.844	0.0101	0.001	0.083
27.468	0.1946	0.014	0.848	0.0087	0.001	0.087
27.473	0.1957	0.014	0.843	0.0125	0.001	0.081
27.478	0.2044	0.014	0.834	0.0116	0.001	0.082
27.483	0.1715	0.014	0.837	0.0105	0.001	0.080
27.488	0.1654	0.016	0.830	0.0137	0.001	0.089
27.493	0.1685	0.018	0.830	0.0091	0.001	0.078
27.498	0.1425	0.014	0.838	0.0102	0.001	0.088
27.502	0.1454	0.014	0.824	0.0099	0.001	0.087
27.507	0.1202	0.016	0.796	0.0133	0.001	0.093
27.512	0.1015	0.014	0.747	0.0181	0.001	0.087
27.517	0.0731	0.016	0.692	0.0328	0.001	0.089
27.522	0.0521	0.041	0.766	0.0391	0.001	0.071
27.527	0.0395	0.023	0.840	0.0143	0.001	0.069
27.532	0.0552	0.007	0.844	0.0080	0.001	0.072
27.537	0.0665	0.007	0.834	0.0092	0.001	0.074
27.542	0.0584	0.011	0.831	0.0076	0.001	0.070
27.547	0.0706	0.016	0.833	0.0092	0.001	0.067
27.552	0.0616	0.020	0.825	0.0097	0.001	0.060
27.557	0.0678	0.011	0.810	0.0094	0.001	0.067
27.562	0.0555	0.016	0.743	0.0123	0.002	0.098
27.567	0.0668	0.007	0.676	0.0308	0.002	0.117
27.572	0.0563	0.020	0.730	0.0363	0.002	0.105
27.577	0.0673	0.014	0.777	0.0192	0.001	0.102
27.582	0.1396	0.014	0.813	0.0209	0.001	0.102
27.587	0.1853	0.014	0.840	0.0170	0.001	0.093
27.592	0.2623	0.016	0.844	0.0060	0.001	0.091
27.597	0.3327	0.014	0.837	0.0116	0.001	0.103
27.602	0.3679	0.014	0.823	0.0085	0.001	0.101
27.607	0.3232	0.023	0.829	0.0127	0.001	0.111
27.612	0.3234	0.018	0.829	0.0134	0.001	0.107
27.617	0.2653	0.023	0.834	0.0094	0.001	0.096
27.622	0.3177	0.014	0.839	0.0081	0.001	0.086
27.627	0.2752	0.014	0.822	0.0160	0.001	0.081
27.632	0.3214	0.014	0.821	0.0153	0.001	0.081
27.637	0.2847	0.018	0.824	0.0098	0.001	0.084
27.642	0.2872	0.014	0.814	0.0085	0.001	0.087
27.647	0.2708	0.014	0.775	0.0095	0.002	0.115
27.652	0.2327	0.023	0.749	0.0118	0.004	0.123
27.657	0.1608	0.018	0.792	0.0089	0.008	0.132
27.662	0.1386	0.018	0.818	0.0058	0.009	0.131
27.667	0.1153	0.018	0.801	0.0108	0.010	0.160
27.672	0.1079	0.027	0.800	0.0115	0.010	0.146
27.677	0.0844	0.027	0.808	0.0074	0.012	0.152
27.682	0.0782	0.032	0.803	0.0112	0.015	0.154
27.687	0.0726	0.030	0.806	0.0091	0.022	0.161
27.692	0.0573	0.034	0.790	0.0128	0.025	0.148
27.697	0.0595	0.025	0.744	0.0167	0.017	0.145
27.702	0.0386	0.025	0.628	0.0323	0.009	0.139
27.707	0.0414	0.020	0.478	0.0195	0.008	0.215
27.712	0.0295	0.009	0.493	0.0479	0.013	0.237
27.717	0.0130	0.011	0.652	0.0170	0.006	0.208
27.722	0.0140	0.011	0.592	0.0230	0.004	0.194
27.727	0.0074	0.016	0.551	0.0371	0.001	0.125
27.732	0.0058	0.011	0.688	0.0252	0.001	0.075
27.737	0.0059	0.016	0.793	0.0180	0.000	0.060
27.742	0.0064	0.011	0.786	0.0069	0.001	0.099
27.747	0.0055	0.016	0.774	0.0104	0.029	0.350
27.752	0.0043	0.011	0.719	0.0068	0.047	0.394
27.757	0.0040	0.025	0.677	0.0155	0.039	0.404
27.762	0.0035	0.011	0.700	0.0088	0.059	0.417
27.767	0.0038	0.036	0.569	0.0170	0.091	0.401
27.772	0.0036	0.036	0.593	0.0118	0.118	0.397
27.777	0.0036	0.064	0.619	0.0216	0.067	0.368
27.782	0.0049	0.050	0.652	0.0167	0.051	0.351
27.787	0.0036	0.050	0.745	0.0133	0.043	0.294
27.792	0.0029	0.027	0.753	0.0207	0.017	0.213
27.797	0.0025	0.023	0.771	0.0164	0.002	0.130
27.802	0.0020	0.018	0.795	0.0146	0.001	0.117
27.807	0.0015	0.023	0.772	0.0178	0.001	0.113
27.812	0.0014	0.018	0.794	0.0151	0.001	0.116
27.817	0.0012	0.014	0.748	0.0176	0.001	0.120
27.822	0.0009	0.014	0.785	0.0164	0.000	0.112
27.827	0.0010	0.014	0.775	0.0176	0.000	0.097
27.832	0.0008	0.014	0.798	0.0171	0.000	0.083
27.837	0.0012	0.014	0.816	0.0124	0.000	0.063
27.842	0.0012	0.014	0.832	0.0131	0.000	0.060
27.847	0.0017	0.014	0.838	0.0105	0.000	0.053
27.852	0.0016	0.014	0.838	0.0105	0.000	0.053
27.857	0.0020	0.014	0.838	0.0105	0.000	0.053
27.862	0.0016	0.014	0.838	0.0105	0.000	0.053
27.867	0.0016	0.002	0.838	0.0105	0.000	0.053


##### CLIP 7  (file=zencastr-en_6049f1bff79637001585bcfa-00000_29.wav, duration=15.612s, sr=44100) #####

trail_thresh=0.00980  speech_thresh=0.01422

--- GOLD TOKENS (idx, text, start_s, end_s) ---
0	yes	0.0150	0.5482
1	yeah	0.7040	1.0441
2	indeed	1.0825	1.5861
3	yeah	2.0650	2.4359
4	y-	2.4369	2.6082
5	this	4.8165	5.0517
6	pe-	5.0527	5.3201
7	uh	5.3211	5.6346
8	pe-	5.6356	5.9046
9	perfect	5.9056	6.4484
10	perfect	6.4750	7.0858
11	yeah	7.0868	7.3440
12	uh	7.3460	7.5469
13	i	7.8025	7.9943
14	read	7.9953	8.1770
15	when	8.2390	8.4060
16	when	8.4070	8.5110
17	he	8.5120	8.5646
18	signed	8.5656	8.8410
19	for	8.8420	8.9920
20	borough	8.9940	9.2860
21	the	9.2880	9.4771
22	uh	9.4781	9.7736
23	coach	9.9070	10.3570
24	loads	10.3590	10.6525
25	of	10.6535	10.7670
26	falkirk	10.7690	11.2190
27	fans	11.2301	11.5590
28	came	11.5610	11.7730
29	to	11.7750	11.8328
30	see	11.8338	12.0565
31	his	12.0575	12.2145
32	debut	12.2290	12.6820
33	which	12.7530	12.9430
34	is	12.9450	13.0563
35	a	13.0573	13.0892
36	fine	13.0902	13.4270
37	thing	13.4290	13.6100
38	travelling	13.8490	14.2010
39	to	14.2060	14.2579
40	watch	14.2589	14.4740
41	a	14.4760	14.5340
42	goalkeeper	14.5360	15.0710
43	in	15.0730	15.1140
44	action	15.1147	15.4500

--- RAW CTC (wav2vec2 forced-align, PRE-heuristic-refinement; idx, ctc_word_text, word_start_s, word_end_s, word_score, pipe_start_s, pipe_end_s) ---
0	yes	0.0400	0.3002	10.280	0.3202	0.3803
1	yeah	0.7206	0.9607	6.668	0.9808	1.0208
2	indeed	1.1609	1.5012	12.334	1.5012	1.5812
3	yeah	2.1416	2.3818	5.468	2.4419	2.4619
4	y-	2.4619	2.4819	1.367	2.4819	2.5420
5	this	4.8037	4.9638	9.112	4.9638	4.9838
6	pe-	5.1840	5.3641	6.696	5.4642	5.4842
7	uh	5.4842	5.6043	0.849	5.6443	5.6644
8	pe-	5.7044	5.8045	9.074	5.9045	5.9246
9	perfect	5.9446	6.4049	11.126	6.4249	6.4650
10	perfect	6.4850	6.9854	11.323	7.0454	7.0854
11	yeah	7.0854	7.3256	4.305	7.3256	7.3857
12	uh	7.4457	7.5058	2.498	7.5258	7.5458
13	i	7.8861	7.9061	8.915	7.9861	8.0262
14	read	8.0262	8.1463	8.506	8.1663	8.2263
15	when	8.2463	8.3464	6.244	8.3864	8.4265
16	when	8.4265	8.5065	8.256	8.5065	8.5466
17	he	8.5466	8.5866	7.706	8.5866	8.6266
18	signed	8.6266	8.8468	9.609	8.8468	8.8868
19	for	8.8868	8.9669	9.813	8.9669	9.0069
20	borough	9.0069	9.2871	9.287	9.2871	9.3072
21	the	9.3272	9.4272	10.109	9.4473	9.4673
22	uh	9.5674	9.6074	1.047	9.7475	9.7675
23	coach	9.9677	10.3079	8.258	10.3480	10.3680
24	loads	10.3880	10.6282	7.551	10.6282	10.6682
25	of	10.7082	10.7483	7.148	10.7483	10.7883
26	falkirk	10.7883	11.2086	9.772	11.2486	11.2687
27	fans	11.2687	11.5088	10.301	11.5088	11.5689
28	came	11.5689	11.7490	11.503	11.7490	11.7891
29	to	11.8091	11.8691	10.257	11.8691	11.8891
30	see	11.9092	12.0292	8.933	12.0493	12.0893
31	his	12.0893	12.2094	9.140	12.2094	12.2294
32	debut	12.2494	12.6297	6.957	12.6697	12.7098
33	which	12.7698	12.9099	12.985	12.9299	12.9500
34	is	12.9900	13.0500	11.617	13.0500	13.1101
35	a	13.1101	13.1301	12.030	13.1301	13.1701
36	fine	13.1701	13.3903	12.859	13.3903	13.4303
37	thing	13.4503	13.5904	12.319	13.6105	13.6705
38	travelling	13.8707	14.1909	11.815	14.1909	14.2109
39	to	14.2109	14.2710	11.286	14.2710	14.3110
40	watch	14.3110	14.4511	12.726	14.4711	14.4911
41	a	14.5111	14.5312	9.346	14.5512	14.5712
42	goalkeeper	14.5712	15.0115	9.676	15.0115	15.0716
43	in	15.0716	15.1116	10.297	15.1116	15.1516
44	action	15.1917	15.4519	10.718		

--- WHISPER (Groq) OUTPUT (word, start_s, end_s) [independent ASR pass, own word segmentation -- not index-aligned to gold/CTC] ---
Yes,	0.000	0.780
yeah,	0.780	1.100
indeed.	1.100	1.980
Yeah,	2.160	4.860
perfect,	4.860	6.480
perfect.	6.480	7.280
Yeah,	7.100	7.360
I	7.360	7.940
read	7.940	8.160
when	8.160	8.480
he	8.480	8.580
signed	8.580	8.800
for	8.800	9.000
Borough	9.000	9.180
that	8.740	9.600
coach	9.600	10.360
loads	10.360	10.600
of	10.600	10.760
Falkirk	10.760	11.140
fans	11.140	11.460
came	11.460	11.700
to	11.700	11.880
see	11.880	12.020
his	12.020	12.180
debut,	12.180	13.020
which	12.800	12.920
is	12.920	13.080
a	13.080	13.240
fine	13.240	13.380
thing,	13.380	14.060
travelling	14.060	14.080
to	14.080	14.280
watch	14.280	14.460
a	14.460	14.560
goalkeeper	14.560	14.920
in	14.920	15.120
action.	15.120	15.420

--- SIGNAL TRACE (hop=5ms; time_s, rms, zcr, voicing, spectral_flux, hf_ratio, spectral_flatness) ---
0.000	0.0002	0.002	0.140	0.0000	0.002	0.173
0.005	0.0004	0.048	0.188	0.0349	0.001	0.106
0.010	0.0004	0.020	0.377	0.0474	0.001	0.081
0.015	0.0061	0.002	0.452	0.0488	0.000	0.061
0.020	0.0029	0.016	0.481	0.0282	0.001	0.056
0.025	0.0140	0.011	0.637	0.0308	0.001	0.049
0.030	0.0034	0.005	0.523	0.0309	0.001	0.052
0.035	0.0230	0.007	0.604	0.0296	0.001	0.048
0.040	0.0165	0.005	0.539	0.0594	0.001	0.046
0.045	0.0107	0.009	0.512	0.0207	0.001	0.050
0.050	0.0282	0.007	0.579	0.0272	0.001	0.053
0.055	0.0141	0.009	0.448	0.0158	0.002	0.054
0.060	0.0405	0.011	0.526	0.0237	0.005	0.058
0.065	0.0197	0.011	0.473	0.0325	0.010	0.074
0.070	0.0141	0.030	0.301	0.0246	0.012	0.089
0.075	0.0236	0.020	0.407	0.0335	0.005	0.073
0.080	0.0101	0.036	0.473	0.0243	0.002	0.054
0.085	0.0405	0.014	0.493	0.0191	0.002	0.048
0.090	0.0341	0.016	0.438	0.0236	0.002	0.047
0.095	0.0451	0.014	0.510	0.0264	0.001	0.044
0.100	0.0391	0.023	0.486	0.0285	0.001	0.039
0.105	0.0446	0.020	0.430	0.0165	0.001	0.040
0.110	0.0695	0.020	0.499	0.0173	0.001	0.039
0.115	0.0512	0.014	0.505	0.0203	0.001	0.033
0.120	0.0412	0.023	0.474	0.0185	0.001	0.036
0.125	0.1036	0.023	0.527	0.0242	0.001	0.041
0.130	0.1142	0.016	0.420	0.0198	0.001	0.034
0.135	0.0714	0.014	0.412	0.0204	0.001	0.037
0.140	0.0983	0.018	0.423	0.0253	0.000	0.040
0.145	0.0826	0.025	0.383	0.0190	0.001	0.041
0.150	0.1019	0.027	0.440	0.0324	0.002	0.051
0.155	0.0825	0.025	0.591	0.0181	0.002	0.055
0.160	0.0421	0.018	0.603	0.0147	0.005	0.065
0.165	0.0640	0.020	0.656	0.0210	0.003	0.059
0.170	0.0603	0.016	0.568	0.0192	0.002	0.070
0.175	0.0988	0.016	0.563	0.0210	0.002	0.075
0.180	0.0643	0.018	0.594	0.0186	0.003	0.080
0.185	0.0425	0.018	0.572	0.0173	0.003	0.077
0.190	0.0449	0.007	0.551	0.0267	0.003	0.103
0.195	0.0369	0.014	0.532	0.0212	0.004	0.112
0.200	0.0357	0.005	0.453	0.0190	0.006	0.125
0.205	0.0264	0.025	0.235	0.0207	0.011	0.127
0.210	0.0196	0.025	0.199	0.0345	0.011	0.127
0.215	0.0172	0.023	0.286	0.0293	0.008	0.129
0.220	0.0157	0.027	0.434	0.0232	0.014	0.131
0.224	0.0131	0.014	0.437	0.0169	0.017	0.132
0.229	0.0166	0.025	0.351	0.0152	0.031	0.147
0.234	0.0112	0.027	0.299	0.0129	0.049	0.161
0.239	0.0099	0.048	0.237	0.0169	0.091	0.171
0.244	0.0063	0.039	0.185	0.0162	0.104	0.194
0.249	0.0038	0.059	0.200	0.0123	0.179	0.244
0.254	0.0041	0.066	0.219	0.0140	0.274	0.281
0.259	0.0055	0.068	0.236	0.0138	0.466	0.329
0.264	0.0061	0.093	0.252	0.0134	0.438	0.342
0.269	0.0080	0.102	0.247	0.0128	0.522	0.352
0.274	0.0095	0.089	0.252	0.0116	0.508	0.350
0.279	0.0120	0.100	0.226	0.0111	0.503	0.344
0.284	0.0170	0.098	0.233	0.0121	0.582	0.346
0.289	0.0203	0.111	0.263	0.0153	0.738	0.348
0.294	0.0148	0.118	0.222	0.0114	0.847	0.358
0.299	0.0207	0.152	0.172	0.0142	0.898	0.353
0.304	0.0230	0.155	0.212	0.0115	0.896	0.347
0.309	0.0220	0.143	0.225	0.0122	0.876	0.355
0.314	0.0254	0.139	0.215	0.0130	0.905	0.373
0.319	0.0254	0.155	0.162	0.0141	0.912	0.361
0.324	0.0270	0.155	0.132	0.0124	0.924	0.366
0.329	0.0260	0.139	0.135	0.0138	0.961	0.366
0.334	0.0190	0.173	0.145	0.0127	0.961	0.358
0.339	0.0326	0.161	0.190	0.0131	0.958	0.344
0.344	0.0266	0.148	0.198	0.0139	0.959	0.318
0.349	0.0305	0.136	0.174	0.0144	0.953	0.347
0.354	0.0325	0.143	0.203	0.0122	0.962	0.341
0.359	0.0200	0.155	0.135	0.0157	0.969	0.328
0.364	0.0348	0.164	0.182	0.0182	0.970	0.309
0.369	0.0368	0.132	0.234	0.0132	0.974	0.305
0.374	0.0386	0.145	0.263	0.0136	0.959	0.305
0.379	0.0297	0.143	0.246	0.0138	0.974	0.311
0.384	0.0358	0.139	0.209	0.0132	0.977	0.299
0.389	0.0337	0.148	0.194	0.0131	0.971	0.314
0.394	0.0312	0.145	0.167	0.0158	0.965	0.343
0.399	0.0292	0.143	0.146	0.0137	0.954	0.334
0.404	0.0289	0.150	0.155	0.0131	0.959	0.315
0.409	0.0237	0.152	0.168	0.0154	0.970	0.323
0.414	0.0249	0.141	0.149	0.0152	0.980	0.323
0.419	0.0223	0.143	0.278	0.0132	0.983	0.325
0.424	0.0225	0.155	0.208	0.0111	0.979	0.322
0.429	0.0226	0.150	0.159	0.0162	0.981	0.315
0.434	0.0161	0.148	0.163	0.0130	0.979	0.322
0.439	0.0228	0.148	0.163	0.0122	0.967	0.344
0.444	0.0175	0.159	0.178	0.0150	0.959	0.329
0.449	0.0214	0.170	0.155	0.0135	0.963	0.339
0.454	0.0197	0.152	0.162	0.0154	0.966	0.333
0.459	0.0147	0.173	0.191	0.0125	0.943	0.336
0.464	0.0181	0.164	0.180	0.0136	0.911	0.347
0.469	0.0178	0.159	0.170	0.0150	0.904	0.350
0.474	0.0119	0.164	0.161	0.0120	0.899	0.328
0.479	0.0114	0.157	0.183	0.0163	0.891	0.327
0.484	0.0113	0.136	0.179	0.0131	0.884	0.312
0.489	0.0093	0.123	0.222	0.0127	0.844	0.321
0.494	0.0084	0.130	0.112	0.0147	0.744	0.331
0.499	0.0056	0.127	0.154	0.0148	0.754	0.309
0.504	0.0041	0.105	0.176	0.0119	0.811	0.291
0.509	0.0047	0.116	0.169	0.0129	0.710	0.327
0.514	0.0037	0.125	0.153	0.0159	0.659	0.303
0.519	0.0017	0.120	0.193	0.0127	0.507	0.285
0.524	0.0031	0.095	0.168	0.0149	0.402	0.294
0.529	0.0020	0.086	0.178	0.0151	0.414	0.303
0.534	0.0016	0.080	0.198	0.0117	0.363	0.293
0.539	0.0013	0.102	0.171	0.0174	0.193	0.281
0.544	0.0012	0.068	0.150	0.0170	0.151	0.263
0.549	0.0014	0.055	0.265	0.0136	0.165	0.308
0.554	0.0012	0.068	0.164	0.0133	0.173	0.319
0.559	0.0007	0.061	0.241	0.0241	0.093	0.299
0.564	0.0006	0.082	0.271	0.0142	0.065	0.282
0.569	0.0009	0.041	0.314	0.0236	0.101	0.320
0.574	0.0007	0.059	0.238	0.0143	0.099	0.332
0.579	0.0006	0.052	0.235	0.0188	0.114	0.369
0.584	0.0003	0.048	0.237	0.0148	0.080	0.379
0.589	0.0003	0.057	0.190	0.0189	0.062	0.396
0.594	0.0003	0.039	0.352	0.0149	0.048	0.379
0.599	0.0002	0.025	0.302	0.0235	0.049	0.399
0.604	0.0003	0.043	0.259	0.0155	0.050	0.402
0.609	0.0003	0.043	0.429	0.0334	0.042	0.402
0.614	0.0002	0.039	0.522	0.0202	0.019	0.366
0.619	0.0002	0.043	0.517	0.0140	0.017	0.351
0.624	0.0003	0.036	0.557	0.0198	0.029	0.372
0.629	0.0003	0.041	0.533	0.0267	0.018	0.374
0.634	0.0001	0.036	0.624	0.0232	0.010	0.353
0.639	0.0002	0.027	0.725	0.0185	0.007	0.303
0.644	0.0004	0.014	0.642	0.0145	0.009	0.300
0.649	0.0004	0.020	0.405	0.0311	0.008	0.274
0.654	0.0005	0.011	0.354	0.0298	0.007	0.274
0.659	0.0005	0.020	0.259	0.0503	0.005	0.246
0.663	0.0002	0.032	0.299	0.0638	0.002	0.196
0.668	0.0007	0.002	0.492	0.0208	0.000	0.107
0.673	0.0009	0.005	0.482	0.0150	0.000	0.116
0.678	0.0034	0.005	0.267	0.0485	0.001	0.123
0.683	0.0011	0.005	0.342	0.0539	0.000	0.086
0.688	0.0019	0.007	0.211	0.0303	0.000	0.058
0.693	0.0018	0.005	0.333	0.0373	0.000	0.064
0.698	0.0081	0.009	0.254	0.0371	0.000	0.054
0.703	0.0038	0.014	0.457	0.0407	0.000	0.047
0.708	0.0093	0.007	0.577	0.0175	0.000	0.048
0.713	0.0096	0.005	0.579	0.0192	0.000	0.053
0.718	0.0039	0.011	0.493	0.0281	0.000	0.052
0.723	0.0157	0.007	0.592	0.0216	0.000	0.047
0.728	0.0088	0.009	0.586	0.0270	0.000	0.044
0.733	0.0118	0.009	0.551	0.0340	0.000	0.045
0.738	0.0275	0.009	0.613	0.0306	0.001	0.043
0.743	0.0138	0.009	0.592	0.0212	0.000	0.040
0.748	0.0279	0.009	0.639	0.0224	0.001	0.035
0.753	0.0395	0.009	0.620	0.0222	0.001	0.035
0.758	0.0254	0.009	0.630	0.0193	0.000	0.032
0.763	0.0450	0.009	0.634	0.0172	0.000	0.032
0.768	0.0557	0.009	0.567	0.0207	0.000	0.046
0.773	0.0301	0.011	0.604	0.0194	0.000	0.051
0.778	0.0327	0.009	0.646	0.0104	0.000	0.048
0.783	0.0383	0.011	0.619	0.0114	0.000	0.057
0.788	0.0470	0.009	0.566	0.0182	0.001	0.061
0.793	0.0219	0.011	0.602	0.0191	0.001	0.062
0.798	0.0164	0.016	0.673	0.0167	0.000	0.049
0.803	0.0331	0.016	0.667	0.0164	0.001	0.049
0.808	0.0465	0.011	0.600	0.0137	0.001	0.049
0.813	0.0434	0.020	0.602	0.0172	0.000	0.050
0.818	0.0292	0.011	0.631	0.0258	0.001	0.048
0.823	0.0272	0.011	0.655	0.0117	0.001	0.046
0.828	0.0272	0.011	0.668	0.0133	0.001	0.049
0.833	0.0376	0.009	0.675	0.0092	0.001	0.050
0.838	0.0580	0.014	0.568	0.0233	0.001	0.051
0.843	0.0555	0.011	0.572	0.0213	0.001	0.056
0.848	0.0262	0.014	0.606	0.0210	0.001	0.057
0.853	0.0343	0.014	0.586	0.0158	0.000	0.040
0.858	0.0550	0.016	0.563	0.0226	0.000	0.035
0.863	0.0914	0.014	0.483	0.0299	0.000	0.041
0.868	0.0515	0.011	0.515	0.0283	0.000	0.045
0.873	0.0379	0.016	0.692	0.0237	0.000	0.051
0.878	0.0778	0.014	0.451	0.0269	0.000	0.065
0.883	0.0573	0.018	0.284	0.0346	0.001	0.072
0.888	0.0333	0.014	0.404	0.0276	0.001	0.079
0.893	0.0399	0.014	0.454	0.0245	0.001	0.079
0.898	0.0395	0.011	0.479	0.0241	0.001	0.077
0.903	0.0451	0.014	0.491	0.0167	0.002	0.078
0.908	0.0312	0.027	0.382	0.0327	0.003	0.089
0.913	0.0232	0.018	0.353	0.0244	0.002	0.095
0.918	0.0195	0.016	0.314	0.0282	0.005	0.124
0.923	0.0114	0.025	0.433	0.0231	0.003	0.114
0.928	0.0161	0.014	0.392	0.0158	0.005	0.127
0.933	0.0179	0.020	0.316	0.0187	0.008	0.147
0.938	0.0109	0.014	0.250	0.0289	0.010	0.144
0.943	0.0095	0.020	0.248	0.0268	0.007	0.134
0.948	0.0073	0.020	0.230	0.0270	0.010	0.135
0.953	0.0086	0.027	0.322	0.0271	0.007	0.120
0.958	0.0102	0.027	0.282	0.0181	0.007	0.118
0.963	0.0131	0.025	0.255	0.0230	0.007	0.133
0.968	0.0050	0.030	0.263	0.0203	0.004	0.110
0.973	0.0078	0.034	0.277	0.0165	0.006	0.139
0.978	0.0118	0.014	0.196	0.0255	0.012	0.162
0.983	0.0052	0.039	0.227	0.0273	0.011	0.161
0.988	0.0070	0.023	0.331	0.0241	0.008	0.176
0.993	0.0082	0.018	0.359	0.0211	0.009	0.156
0.998	0.0049	0.020	0.377	0.0178	0.010	0.179
1.003	0.0095	0.020	0.313	0.0208	0.011	0.197
1.008	0.0073	0.016	0.216	0.0175	0.030	0.251
1.013	0.0049	0.030	0.222	0.0200	0.050	0.279
1.018	0.0024	0.034	0.208	0.0198	0.047	0.285
1.023	0.0023	0.036	0.261	0.0259	0.036	0.276
1.028	0.0019	0.055	0.424	0.0374	0.015	0.245
1.033	0.0018	0.041	0.405	0.0334	0.007	0.226
1.038	0.0023	0.014	0.382	0.0162	0.011	0.237
1.043	0.0027	0.011	0.208	0.0324	0.020	0.264
1.048	0.0011	0.027	0.353	0.0186	0.033	0.318
1.053	0.0008	0.036	0.416	0.0208	0.038	0.357
1.058	0.0008	0.023	0.370	0.0158	0.065	0.390
1.063	0.0005	0.034	0.303	0.0245	0.097	0.412
1.068	0.0003	0.048	0.310	0.0149	0.195	0.425
1.073	0.0005	0.070	0.236	0.0137	0.274	0.442
1.078	0.0005	0.066	0.252	0.0457	0.062	0.341
1.083	0.0005	0.068	0.191	0.0389	0.013	0.237
1.088	0.0004	0.041	0.350	0.0267	0.005	0.149
1.093	0.0022	0.011	0.438	0.0265	0.004	0.134
1.098	0.0031	0.016	0.444	0.0319	0.002	0.134
1.102	0.0041	0.009	0.478	0.0252	0.001	0.103
1.107	0.0059	0.007	0.437	0.0291	0.001	0.115
1.112	0.0077	0.002	0.496	0.0461	0.001	0.121
1.117	0.0039	0.005	0.501	0.0272	0.001	0.128
1.122	0.0074	0.011	0.509	0.0356	0.001	0.125
1.127	0.0047	0.007	0.492	0.0386	0.001	0.123
1.132	0.0069	0.007	0.519	0.0247	0.001	0.120
1.137	0.0033	0.002	0.463	0.0253	0.001	0.112
1.142	0.0029	0.002	0.530	0.0625	0.001	0.088
1.147	0.0049	0.002	0.511	0.0280	0.000	0.077
1.152	0.0017	0.011	0.551	0.0155	0.001	0.079
1.157	0.0053	0.002	0.544	0.0411	0.001	0.078
1.162	0.0045	0.016	0.484	0.0426	0.001	0.079
1.167	0.0090	0.018	0.573	0.0272	0.001	0.061
1.172	0.0073	0.002	0.510	0.0066	0.001	0.066
1.177	0.0105	0.007	0.563	0.0488	0.001	0.071
1.182	0.0104	0.002	0.584	0.0700	0.001	0.068
1.187	0.0053	0.002	0.512	0.0349	0.001	0.074
1.192	0.0076	0.002	0.566	0.0265	0.001	0.068
1.197	0.0032	0.005	0.518	0.0269	0.001	0.074
1.202	0.0086	0.000	0.546	0.0471	0.000	0.071
1.207	0.0081	0.005	0.594	0.0540	0.000	0.059
1.212	0.0096	0.002	0.525	0.0284	0.000	0.066
1.217	0.0140	0.002	0.585	0.0529	0.000	0.055
1.222	0.0074	0.002	0.514	0.0222	0.000	0.059
1.227	0.0078	0.002	0.506	0.0381	0.000	0.062
1.232	0.0042	0.005	0.481	0.0101	0.001	0.090
1.237	0.0045	0.000	0.346	0.0284	0.001	0.106
1.242	0.0053	0.005	0.379	0.0220	0.001	0.131
1.247	0.0014	0.002	0.403	0.0411	0.001	0.125
1.252	0.0026	0.000	0.390	0.0126	0.001	0.137
1.257	0.0034	0.005	0.424	0.0236	0.001	0.177
1.262	0.0018	0.002	0.145	0.0266	0.025	0.244
1.267	0.0023	0.002	0.318	0.0174	0.402	0.319
1.272	0.0015	0.016	0.360	0.0117	0.397	0.349
1.277	0.0035	0.084	0.219	0.0116	0.506	0.314
1.282	0.0068	0.089	0.417	0.0371	0.295	0.274
1.287	0.0054	0.116	0.423	0.0422	0.021	0.186
1.292	0.0042	0.048	0.433	0.0298	0.007	0.137
1.297	0.0099	0.011	0.471	0.0381	0.003	0.108
1.302	0.0223	0.007	0.586	0.0306	0.002	0.085
1.307	0.0180	0.009	0.581	0.0212	0.001	0.079
1.312	0.0276	0.005	0.590	0.0204	0.001	0.075
1.317	0.0376	0.009	0.627	0.0188	0.001	0.071
1.322	0.0249	0.009	0.604	0.0132	0.002	0.064
1.327	0.0418	0.009	0.588	0.0304	0.001	0.061
1.332	0.0404	0.009	0.580	0.0340	0.001	0.057
1.337	0.0355	0.009	0.574	0.0194	0.000	0.055
1.342	0.0478	0.016	0.604	0.0262	0.000	0.055
1.347	0.0438	0.007	0.604	0.0413	0.000	0.055
1.352	0.0340	0.011	0.610	0.0272	0.000	0.054
1.357	0.0596	0.007	0.688	0.0268	0.000	0.046
1.362	0.0408	0.007	0.688	0.0149	0.000	0.048
1.367	0.0508	0.007	0.714	0.0350	0.000	0.047
1.372	0.0462	0.009	0.732	0.0300	0.000	0.041
1.377	0.0618	0.007	0.733	0.0117	0.000	0.039
1.382	0.0748	0.007	0.665	0.0346	0.000	0.039
1.387	0.0458	0.009	0.542	0.0330	0.001	0.048
1.392	0.0431	0.007	0.637	0.0234	0.001	0.048
1.397	0.0151	0.014	0.731	0.0124	0.000	0.051
1.402	0.0294	0.009	0.717	0.0102	0.000	0.049
1.407	0.0249	0.009	0.715	0.0199	0.000	0.048
1.412	0.0305	0.009	0.710	0.0117	0.000	0.050
1.417	0.0378	0.014	0.660	0.0220	0.001	0.050
1.422	0.0352	0.014	0.695	0.0246	0.000	0.047
1.427	0.0332	0.009	0.755	0.0099	0.000	0.045
1.432	0.0430	0.009	0.737	0.0100	0.001	0.044
1.437	0.0436	0.009	0.723	0.0088	0.001	0.046
1.442	0.0395	0.011	0.734	0.0105	0.001	0.048
1.447	0.0386	0.014	0.740	0.0095	0.001	0.046
1.452	0.0415	0.014	0.746	0.0052	0.002	0.046
1.457	0.0433	0.014	0.705	0.0129	0.001	0.049
1.462	0.0442	0.014	0.723	0.0184	0.001	0.048
1.467	0.0461	0.014	0.724	0.0100	0.002	0.048
1.472	0.0455	0.009	0.721	0.0157	0.002	0.052
1.477	0.0385	0.011	0.689	0.0270	0.002	0.057
1.482	0.0313	0.014	0.664	0.0183	0.003	0.058
1.487	0.0270	0.007	0.676	0.0212	0.004	0.070
1.492	0.0128	0.011	0.604	0.0180	0.005	0.077
1.497	0.0156	0.009	0.550	0.0140	0.006	0.104
1.502	0.0269	0.002	0.575	0.0212	0.009	0.133
1.507	0.0207	0.009	0.531	0.0275	0.011	0.159
1.512	0.0114	0.009	0.574	0.0268	0.010	0.187
1.517	0.0094	0.009	0.586	0.0252	0.010	0.217
1.522	0.0026	0.020	0.525	0.0156	0.021	0.265
1.527	0.0036	0.018	0.585	0.0208	0.051	0.256
1.532	0.0057	0.014	0.531	0.0134	0.095	0.277
1.537	0.0059	0.034	0.425	0.0149	0.264	0.285
1.541	0.0060	0.073	0.368	0.0165	0.333	0.290
1.546	0.0043	0.059	0.302	0.0159	0.257	0.257
1.551	0.0031	0.052	0.259	0.0149	0.240	0.240
1.556	0.0028	0.064	0.207	0.0177	0.223	0.277
1.561	0.0015	0.093	0.236	0.0185	0.168	0.289
1.566	0.0013	0.055	0.376	0.0173	0.126	0.281
1.571	0.0009	0.043	0.468	0.0135	0.100	0.265
1.576	0.0008	0.045	0.484	0.0162	0.091	0.276
1.581	0.0011	0.016	0.465	0.0196	0.109	0.288
1.586	0.0007	0.027	0.531	0.0226	0.089	0.295
1.591	0.0008	0.027	0.604	0.0178	0.070	0.285
1.596	0.0006	0.045	0.392	0.0183	0.067	0.263
1.601	0.0011	0.027	0.360	0.0247	0.091	0.245
1.606	0.0015	0.045	0.292	0.0135	0.073	0.246
1.611	0.0018	0.059	0.189	0.0209	0.076	0.263
1.616	0.0024	0.055	0.169	0.0199	0.071	0.232
1.621	0.0021	0.048	0.178	0.0161	0.072	0.222
1.626	0.0030	0.057	0.232	0.0172	0.139	0.258
1.631	0.0029	0.066	0.168	0.0159	0.149	0.266
1.636	0.0030	0.075	0.337	0.0264	0.060	0.235
1.641	0.0031	0.059	0.333	0.0170	0.038	0.203
1.646	0.0035	0.052	0.344	0.0151	0.088	0.234
1.651	0.0050	0.043	0.198	0.0191	0.150	0.229
1.656	0.0034	0.057	0.268	0.0213	0.118	0.215
1.661	0.0039	0.055	0.215	0.0165	0.098	0.222
1.666	0.0036	0.059	0.204	0.0167	0.099	0.216
1.671	0.0028	0.052	0.227	0.0188	0.108	0.214
1.676	0.0030	0.059	0.273	0.0171	0.076	0.217
1.681	0.0031	0.068	0.279	0.0162	0.062	0.224
1.686	0.0047	0.057	0.339	0.0193	0.084	0.230
1.691	0.0019	0.059	0.339	0.0137	0.060	0.227
1.696	0.0033	0.050	0.437	0.0194	0.066	0.232
1.701	0.0035	0.061	0.413	0.0187	0.052	0.218
1.706	0.0030	0.045	0.392	0.0142	0.063	0.221
1.711	0.0052	0.041	0.393	0.0170	0.108	0.224
1.716	0.0033	0.057	0.271	0.0125	0.108	0.226
1.721	0.0041	0.057	0.230	0.0204	0.129	0.234
1.726	0.0033	0.055	0.200	0.0147	0.113	0.223
1.731	0.0027	0.061	0.207	0.0184	0.111	0.236
1.736	0.0037	0.055	0.197	0.0180	0.107	0.213
1.741	0.0023	0.068	0.215	0.0177	0.093	0.205
1.746	0.0031	0.057	0.295	0.0184	0.067	0.208
1.751	0.0027	0.059	0.337	0.0119	0.116	0.230
1.756	0.0045	0.068	0.221	0.0213	0.120	0.241
1.761	0.0026	0.059	0.216	0.0167	0.130	0.243
1.766	0.0032	0.070	0.210	0.0191	0.175	0.247
1.771	0.0022	0.077	0.249	0.0175	0.131	0.226
1.776	0.0028	0.070	0.193	0.0179	0.089	0.219
1.781	0.0030	0.059	0.328	0.0205	0.100	0.230
1.786	0.0024	0.057	0.402	0.0177	0.061	0.222
1.791	0.0025	0.048	0.448	0.0152	0.071	0.218
1.796	0.0037	0.055	0.373	0.0231	0.081	0.216
1.801	0.0030	0.061	0.330	0.0166	0.063	0.217
1.806	0.0023	0.057	0.337	0.0162	0.074	0.222
1.811	0.0038	0.048	0.289	0.0147	0.084	0.236
1.816	0.0027	0.073	0.287	0.0169	0.073	0.244
1.821	0.0025	0.048	0.236	0.0210	0.073	0.233
1.826	0.0030	0.055	0.239	0.0210	0.060	0.217
1.831	0.0029	0.041	0.265	0.0182	0.046	0.212
1.836	0.0034	0.045	0.255	0.0136	0.049	0.220
1.841	0.0034	0.034	0.254	0.0190	0.068	0.230
1.846	0.0036	0.050	0.258	0.0136	0.075	0.210
1.851	0.0029	0.039	0.256	0.0185	0.111	0.228
1.856	0.0031	0.061	0.235	0.0161	0.099	0.213
1.861	0.0027	0.061	0.278	0.0213	0.082	0.210
1.866	0.0030	0.057	0.261	0.0132	0.064	0.202
1.871	0.0034	0.057	0.271	0.0209	0.067	0.213
1.876	0.0029	0.045	0.241	0.0220	0.069	0.210
1.881	0.0030	0.055	0.225	0.0166	0.054	0.196
1.886	0.0018	0.050	0.305	0.0175	0.068	0.201
1.891	0.0040	0.045	0.317	0.0260	0.060	0.215
1.896	0.0020	0.050	0.327	0.0166	0.061	0.213
1.901	0.0036	0.043	0.300	0.0133	0.085	0.232
1.906	0.0031	0.041	0.228	0.0155	0.092	0.222
1.911	0.0024	0.061	0.279	0.0180	0.064	0.222
1.916	0.0031	0.057	0.300	0.0132	0.073	0.255
1.921	0.0028	0.041	0.259	0.0174	0.061	0.259
1.926	0.0019	0.059	0.179	0.0182	0.076	0.224
1.931	0.0034	0.064	0.139	0.0178	0.093	0.203
1.936	0.0032	0.055	0.174	0.0196	0.079	0.193
1.941	0.0021	0.052	0.144	0.0223	0.077	0.192
1.946	0.0024	0.057	0.225	0.0169	0.059	0.189
1.951	0.0023	0.050	0.249	0.0169	0.069	0.199
1.956	0.0022	0.045	0.239	0.0175	0.054	0.196
1.961	0.0024	0.041	0.238	0.0182	0.058	0.198
1.966	0.0014	0.043	0.218	0.0183	0.049	0.221
1.971	0.0015	0.045	0.222	0.0207	0.043	0.220
1.976	0.0011	0.066	0.226	0.0180	0.038	0.240
1.980	0.0018	0.039	0.255	0.0225	0.049	0.259
1.985	0.0015	0.059	0.226	0.0173	0.045	0.271
1.990	0.0013	0.027	0.188	0.0172	0.064	0.299
1.995	0.0009	0.032	0.214	0.0169	0.073	0.334
2.000	0.0011	0.045	0.268	0.0207	0.062	0.352
2.005	0.0007	0.059	0.225	0.0134	0.051	0.353
2.010	0.0006	0.052	0.309	0.0149	0.088	0.420
2.015	0.0004	0.070	0.235	0.0131	0.118	0.460
2.020	0.0003	0.052	0.297	0.0116	0.174	0.494
2.025	0.0006	0.023	0.132	0.0164	0.272	0.522
2.030	0.0005	0.000	0.210	0.0168	0.243	0.534
2.035	0.0006	0.000	0.057	0.0155	0.257	0.544
2.040	0.0005	0.014	0.240	0.0205	0.256	0.382
2.045	0.0003	0.009	0.303	0.0081	0.220	0.337
2.050	0.0004	0.070	0.236	0.0102	0.209	0.393
2.055	0.0009	0.077	0.242	0.0462	0.141	0.457
2.060	0.0004	0.041	0.563	0.0752	0.009	0.259
2.065	0.0004	0.048	0.764	0.0606	0.000	0.109
2.070	0.0011	0.014	0.842	0.0313	0.000	0.084
2.075	0.0062	0.009	0.892	0.0092	0.000	0.073
2.080	0.0101	0.009	0.846	0.0179	0.000	0.074
2.085	0.0120	0.009	0.749	0.0183	0.000	0.083
2.090	0.0102	0.009	0.536	0.0534	0.001	0.078
2.095	0.0057	0.009	0.304	0.0466	0.003	0.098
2.100	0.0069	0.007	0.443	0.0543	0.001	0.086
2.105	0.0064	0.009	0.642	0.0265	0.001	0.072
2.110	0.0105	0.005	0.659	0.0202	0.001	0.058
2.115	0.0081	0.011	0.334	0.0787	0.001	0.076
2.120	0.0152	0.007	0.292	0.0612	0.001	0.075
2.125	0.0124	0.009	0.627	0.0149	0.001	0.076
2.130	0.0107	0.014	0.573	0.0266	0.001	0.082
2.135	0.0059	0.007	0.657	0.0204	0.001	0.079
2.140	0.0055	0.009	0.688	0.0223	0.001	0.076
2.145	0.0195	0.009	0.683	0.0252	0.001	0.071
2.150	0.0263	0.007	0.646	0.0121	0.001	0.072
2.155	0.0326	0.007	0.577	0.0249	0.001	0.062
2.160	0.0273	0.009	0.639	0.0311	0.001	0.058
2.165	0.0393	0.007	0.748	0.0121	0.000	0.052
2.170	0.0392	0.009	0.821	0.0133	0.000	0.050
2.175	0.0847	0.007	0.819	0.0170	0.000	0.056
2.180	0.1206	0.009	0.677	0.0146	0.001	0.061
2.185	0.1533	0.007	0.480	0.0204	0.003	0.084
2.190	0.0652	0.025	0.507	0.0258	0.002	0.083
2.195	0.0657	0.014	0.639	0.0136	0.003	0.099
2.200	0.0845	0.009	0.642	0.0182	0.003	0.095
2.205	0.0706	0.007	0.650	0.0188	0.002	0.092
2.210	0.0801	0.011	0.593	0.0181	0.002	0.102
2.215	0.0851	0.009	0.647	0.0223	0.002	0.077
2.220	0.0702	0.009	0.642	0.0178	0.003	0.079
2.225	0.1011	0.007	0.664	0.0175	0.003	0.067
2.230	0.0953	0.014	0.694	0.0197	0.002	0.068
2.235	0.1327	0.009	0.706	0.0107	0.003	0.071
2.240	0.1357	0.009	0.730	0.0097	0.003	0.069
2.245	0.1283	0.009	0.748	0.0105	0.002	0.069
2.250	0.1416	0.009	0.746	0.0118	0.002	0.067
2.255	0.1482	0.011	0.734	0.0073	0.002	0.074
2.260	0.1616	0.009	0.730	0.0115	0.002	0.067
2.265	0.1640	0.009	0.687	0.0145	0.002	0.059
2.270	0.1728	0.009	0.689	0.0152	0.002	0.056
2.275	0.1810	0.009	0.655	0.0169	0.003	0.068
2.280	0.1816	0.020	0.556	0.0154	0.004	0.074
2.285	0.1819	0.023	0.545	0.0180	0.005	0.080
2.290	0.1688	0.027	0.643	0.0175	0.004	0.069
2.295	0.1619	0.011	0.560	0.0210	0.004	0.071
2.300	0.1356	0.016	0.522	0.0295	0.003	0.073
2.305	0.0791	0.016	0.611	0.0160	0.005	0.063
2.310	0.1142	0.016	0.589	0.0213	0.005	0.058
2.315	0.0989	0.016	0.640	0.0142	0.007	0.052
2.320	0.1324	0.011	0.638	0.0143	0.008	0.050
2.325	0.1440	0.011	0.608	0.0163	0.010	0.049
2.330	0.0898	0.009	0.560	0.0162	0.010	0.053
2.335	0.0682	0.011	0.567	0.0145	0.008	0.056
2.340	0.0786	0.014	0.549	0.0180	0.008	0.052
2.345	0.1229	0.020	0.465	0.0180	0.014	0.055
2.350	0.0646	0.009	0.256	0.0161	0.020	0.066
2.355	0.0526	0.020	0.257	0.0520	0.007	0.054
2.360	0.0371	0.034	0.318	0.0295	0.004	0.049
2.365	0.0813	0.016	0.243	0.0369	0.005	0.028
2.370	0.0451	0.014	0.278	0.0222	0.004	0.022
2.375	0.0712	0.011	0.361	0.0315	0.005	0.018
2.380	0.0692	0.018	0.617	0.0313	0.004	0.018
2.385	0.0165	0.025	0.548	0.0122	0.008	0.018
2.390	0.0499	0.014	0.525	0.0192	0.009	0.017
2.395	0.0603	0.016	0.555	0.0170	0.005	0.015
2.400	0.0283	0.016	0.593	0.0248	0.003	0.015
2.405	0.0288	0.016	0.525	0.0213	0.005	0.016
2.410	0.0519	0.023	0.495	0.0198	0.010	0.018
2.415	0.0317	0.027	0.505	0.0199	0.015	0.020
2.420	0.0280	0.023	0.524	0.0247	0.008	0.023
2.424	0.0280	0.030	0.634	0.0267	0.003	0.040
2.429	0.0329	0.009	0.658	0.0335	0.002	0.039
2.434	0.0264	0.011	0.586	0.0173	0.004	0.049
2.439	0.0441	0.025	0.459	0.0163	0.020	0.064
2.444	0.0164	0.030	0.506	0.0330	0.010	0.061
2.449	0.0190	0.020	0.530	0.0205	0.006	0.061
2.454	0.0316	0.011	0.528	0.0234	0.003	0.073
2.459	0.0248	0.032	0.564	0.0462	0.001	0.068
2.464	0.0111	0.011	0.704	0.0129	0.005	0.064
2.469	0.0239	0.011	0.656	0.0123	0.005	0.064
2.474	0.0167	0.025	0.585	0.0124	0.005	0.070
2.479	0.0249	0.023	0.574	0.0228	0.010	0.078
2.484	0.0203	0.020	0.597	0.0248	0.003	0.065
2.489	0.0163	0.011	0.601	0.0200	0.004	0.069
2.494	0.0219	0.011	0.481	0.0386	0.003	0.064
2.499	0.0137	0.011	0.434	0.0200	0.004	0.061
2.504	0.0223	0.023	0.476	0.0171	0.014	0.052
2.509	0.0169	0.030	0.348	0.0326	0.008	0.041
2.514	0.0106	0.025	0.601	0.0467	0.002	0.054
2.519	0.0098	0.023	0.744	0.0550	0.001	0.053
2.524	0.0107	0.023	0.837	0.0427	0.000	0.049
2.529	0.0223	0.009	0.829	0.0164	0.001	0.056
2.534	0.0161	0.009	0.816	0.0306	0.001	0.077
2.539	0.0190	0.009	0.761	0.0246	0.002	0.098
2.544	0.0137	0.011	0.801	0.0259	0.002	0.065
2.549	0.0153	0.009	0.825	0.0157	0.002	0.031
2.554	0.0111	0.009	0.809	0.0153	0.001	0.026
2.559	0.0113	0.009	0.733	0.0173	0.000	0.031
2.564	0.0068	0.009	0.625	0.0253	0.000	0.042
2.569	0.0049	0.011	0.540	0.0394	0.000	0.053
2.574	0.0024	0.009	0.545	0.0532	0.000	0.062
2.579	0.0019	0.011	0.685	0.0436	0.000	0.066
2.584	0.0014	0.009	0.789	0.0242	0.000	0.086
2.589	0.0017	0.011	0.737	0.0263	0.000	0.095
2.594	0.0011	0.009	0.837	0.0282	0.000	0.106
2.599	0.0012	0.009	0.817	0.0448	0.000	0.114
2.604	0.0009	0.009	0.807	0.0184	0.000	0.155
2.609	0.0008	0.009	0.717	0.0148	0.001	0.224
2.614	0.0003	0.009	0.807	0.0214	0.002	0.285
2.619	0.0003	0.009	0.803	0.0167	0.002	0.314
2.624	0.0002	0.009	0.774	0.0108	0.004	0.368
2.629	0.0002	0.011	0.717	0.0129	0.010	0.442
2.634	0.0001	0.014	0.651	0.0150	0.025	0.479
2.639	0.0001	0.014	0.489	0.0167	0.057	0.575
2.644	0.0000	0.036	0.246	0.0146	0.103	0.599
2.649	0.0000	0.045	0.218	0.0109	0.118	0.616
2.654	0.0000	0.048	0.190	0.0138	0.127	0.635
2.659	0.0000	0.052	0.202	0.0123	0.153	0.651
2.664	0.0000	0.050	0.173	0.0185	0.138	0.650
2.669	0.0000	0.041	0.201	0.0156	0.085	0.597
2.674	0.0000	0.039	0.214	0.0094	0.112	0.593
2.679	0.0000	0.034	0.174	0.0165	0.119	0.609
2.684	0.0000	0.055	0.195	0.0177	0.066	0.556
2.689	0.0000	0.027	0.269	0.0133	0.063	0.546
2.694	0.0000	0.018	0.231	0.0187	0.064	0.530
2.699	0.0000	0.027	0.276	0.0147	0.066	0.543
2.704	0.0000	0.027	0.221	0.0110	0.097	0.596
2.709	0.0000	0.023	0.115	0.0176	0.112	0.629
2.714	0.0000	0.023	0.115	0.0121	0.120	0.597
2.719	0.0000	0.050	0.165	0.0146	0.174	0.654
2.724	0.0000	0.066	0.109	0.0114	0.290	0.710
2.729	0.0000	0.034	0.185	0.0106	0.255	0.677
2.734	0.0000	0.064	0.103	0.0194	0.145	0.637
2.739	0.0000	0.034	0.222	0.0160	0.101	0.592
2.744	0.0000	0.082	0.268	0.0114	0.145	0.664
2.749	0.0000	0.016	0.147	0.0132	0.125	0.633
2.754	0.0000	0.068	0.211	0.0143	0.098	0.601
2.759	0.0000	0.025	0.327	0.0186	0.085	0.577
2.764	0.0000	0.027	0.329	0.0177	0.089	0.596
2.769	0.0000	0.061	0.359	0.0148	0.081	0.595
2.774	0.0000	0.039	0.220	0.0182	0.091	0.574
2.779	0.0000	0.034	0.188	0.0149	0.093	0.583
2.784	0.0000	0.027	0.126	0.0198	0.101	0.635
2.789	0.0000	0.023	0.167	0.0162	0.102	0.612
2.794	0.0000	0.032	0.199	0.0148	0.116	0.605
2.799	0.0000	0.023	0.209	0.0140	0.129	0.616
2.804	0.0000	0.045	0.182	0.0149	0.090	0.599
2.809	0.0000	0.016	0.151	0.0120	0.102	0.599
2.814	0.0000	0.014	0.160	0.0162	0.126	0.624
2.819	0.0000	0.050	0.177	0.0125	0.123	0.606
2.824	0.0000	0.025	0.198	0.0161	0.148	0.621
2.829	0.0000	0.064	0.179	0.0224	0.095	0.589
2.834	0.0000	0.036	0.159	0.0152	0.072	0.569
2.839	0.0000	0.027	0.217	0.0168	0.076	0.561
2.844	0.0000	0.016	0.123	0.0139	0.096	0.601
2.849	0.0000	0.039	0.126	0.0182	0.119	0.612
2.854	0.0000	0.018	0.075	0.0124	0.122	0.615
2.859	0.0000	0.045	0.185	0.0152	0.127	0.629
2.863	0.0000	0.014	0.202	0.0143	0.117	0.606
2.868	0.0000	0.018	0.164	0.0191	0.089	0.580
2.873	0.0000	0.018	0.133	0.0152	0.075	0.582
2.878	0.0000	0.018	0.081	0.0160	0.112	0.625
2.883	0.0000	0.000	0.164	0.0157	0.184	0.662
2.888	0.0000	0.005	0.246	0.0173	0.202	0.638
2.893	0.0000	0.016	0.306	0.0107	0.373	0.680
2.898	0.0000	0.061	0.140	0.0147	0.410	0.688
2.903	0.0000	0.134	0.146	0.0169	0.217	0.635
2.908	0.0000	0.091	0.126	0.0128	0.244	0.608
2.913	0.0001	0.068	0.123	0.0130	0.312	0.638
2.918	0.0001	0.055	0.143	0.0126	0.326	0.642
2.923	0.0001	0.050	0.133	0.0146	0.359	0.653
2.928	0.0001	0.032	0.258	0.0147	0.272	0.648
2.933	0.0001	0.014	0.364	0.0251	0.126	0.610
2.938	0.0000	0.045	0.236	0.0167	0.103	0.602
2.943	0.0000	0.030	0.225	0.0144	0.105	0.605
2.948	0.0000	0.023	0.279	0.0163	0.090	0.606
2.953	0.0000	0.014	0.294	0.0100	0.072	0.580
2.958	0.0000	0.018	0.286	0.0234	0.089	0.579
2.963	0.0000	0.014	0.201	0.0239	0.097	0.615
2.968	0.0000	0.018	0.181	0.0165	0.080	0.586
2.973	0.0000	0.027	0.168	0.0113	0.084	0.556
2.978	0.0000	0.039	0.269	0.0373	0.032	0.490
2.983	0.0000	0.023	0.436	0.0158	0.024	0.439
2.988	0.0000	0.023	0.518	0.0453	0.017	0.457
2.993	0.0001	0.000	0.635	0.0614	0.008	0.423
2.998	0.0002	0.000	0.317	0.0163	0.016	0.449
3.003	0.0003	0.000	0.335	0.0398	0.013	0.429
3.008	0.0003	0.000	0.445	0.0299	0.009	0.389
3.013	0.0004	0.000	0.419	0.0484	0.007	0.356
3.018	0.0002	0.000	0.507	0.0398	0.004	0.310
3.023	0.0001	0.011	0.313	0.0287	0.005	0.332
3.028	0.0002	0.005	0.287	0.0267	0.008	0.363
3.033	0.0002	0.000	0.425	0.0422	0.005	0.336
3.038	0.0003	0.000	0.318	0.0430	0.005	0.333
3.043	0.0005	0.000	0.565	0.0332	0.006	0.360
3.048	0.0005	0.000	0.574	0.0209	0.006	0.377
3.053	0.0004	0.000	0.588	0.0156	0.008	0.406
3.058	0.0002	0.000	0.648	0.0270	0.005	0.384
3.063	0.0001	0.007	0.542	0.0196	0.009	0.432
3.068	0.0001	0.000	0.582	0.0260	0.015	0.458
3.073	0.0003	0.000	0.447	0.0180	0.006	0.362
3.078	0.0004	0.000	0.512	0.0174	0.007	0.378
3.083	0.0005	0.000	0.578	0.0400	0.012	0.448
3.088	0.0003	0.000	0.584	0.0117	0.010	0.422
3.093	0.0003	0.000	0.383	0.0151	0.027	0.474
3.098	0.0001	0.000	0.385	0.0113	0.029	0.500
3.103	0.0001	0.016	0.187	0.0150	0.080	0.591
3.108	0.0000	0.027	0.272	0.0152	0.099	0.601
3.113	0.0000	0.032	0.175	0.0138	0.086	0.601
3.118	0.0000	0.014	0.280	0.0174	0.085	0.597
3.123	0.0000	0.036	0.134	0.0137	0.080	0.566
3.128	0.0000	0.005	0.188	0.0160	0.086	0.582
3.133	0.0000	0.018	0.245	0.0168	0.083	0.588
3.138	0.0000	0.014	0.217	0.0193	0.071	0.558
3.143	0.0000	0.043	0.310	0.0311	0.049	0.516
3.148	0.0000	0.039	0.478	0.0466	0.016	0.459
3.153	0.0000	0.030	0.592	0.0190	0.006	0.366
3.158	0.0001	0.000	0.538	0.0419	0.010	0.386
3.163	0.0003	0.000	0.319	0.0360	0.009	0.394
3.168	0.0003	0.000	0.453	0.0329	0.005	0.349
3.173	0.0004	0.000	0.633	0.0726	0.002	0.324
3.178	0.0002	0.000	0.659	0.0381	0.003	0.343
3.183	0.0001	0.002	0.482	0.0394	0.006	0.364
3.188	0.0003	0.000	0.509	0.0285	0.015	0.399
3.193	0.0005	0.000	0.113	0.0253	0.008	0.345
3.198	0.0005	0.000	0.133	0.0392	0.006	0.324
3.203	0.0007	0.000	0.571	0.0663	0.004	0.324
3.208	0.0006	0.000	0.594	0.0284	0.003	0.319
3.213	0.0005	0.000	0.374	0.0334	0.005	0.343
3.218	0.0002	0.011	0.271	0.0153	0.016	0.463
3.223	0.0001	0.020	0.190	0.0148	0.077	0.586
3.228	0.0001	0.011	0.128	0.0164	0.108	0.612
3.233	0.0000	0.023	0.214	0.0162	0.111	0.599
3.238	0.0000	0.039	0.231	0.0137	0.089	0.586
3.243	0.0000	0.034	0.189	0.0232	0.081	0.589
3.248	0.0000	0.048	0.189	0.0157	0.079	0.571
3.253	0.0000	0.039	0.201	0.0128	0.087	0.560
3.258	0.0000	0.039	0.134	0.0199	0.089	0.587
3.263	0.0000	0.043	0.146	0.0172	0.070	0.582
3.268	0.0000	0.034	0.140	0.0226	0.068	0.593
3.273	0.0000	0.011	0.193	0.0137	0.098	0.601
3.278	0.0000	0.020	0.229	0.0228	0.084	0.561
3.283	0.0000	0.027	0.112	0.0112	0.098	0.587
3.288	0.0000	0.027	0.133	0.0172	0.106	0.607
3.293	0.0000	0.036	0.154	0.0118	0.114	0.628
3.298	0.0000	0.036	0.124	0.0137	0.115	0.609
3.302	0.0000	0.032	0.166	0.0181	0.100	0.585
3.307	0.0000	0.034	0.188	0.0150	0.104	0.602
3.312	0.0000	0.030	0.166	0.0182	0.083	0.546
3.317	0.0000	0.030	0.117	0.0149	0.076	0.546
3.322	0.0001	0.027	0.079	0.0256	0.075	0.552
3.327	0.0000	0.023	0.182	0.0193	0.062	0.567
3.332	0.0000	0.034	0.210	0.0187	0.092	0.576
3.337	0.0000	0.016	0.208	0.0178	0.082	0.565
3.342	0.0000	0.023	0.155	0.0162	0.094	0.594
3.347	0.0000	0.020	0.229	0.0150	0.111	0.603
3.352	0.0000	0.041	0.200	0.0139	0.104	0.618
3.357	0.0000	0.036	0.107	0.0156	0.103	0.599
3.362	0.0000	0.020	0.097	0.0182	0.117	0.635
3.367	0.0000	0.016	0.228	0.0142	0.124	0.629
3.372	0.0000	0.027	0.278	0.0146	0.101	0.608
3.377	0.0000	0.068	0.181	0.0333	0.051	0.549
3.382	0.0000	0.050	0.385	0.0331	0.019	0.483
3.387	0.0001	0.030	0.200	0.0327	0.022	0.471
3.392	0.0001	0.005	0.245	0.0214	0.046	0.508
3.397	0.0001	0.000	0.272	0.0114	0.046	0.521
3.402	0.0002	0.000	0.258	0.0221	0.050	0.532
3.407	0.0001	0.000	0.299	0.0142	0.042	0.514
3.412	0.0001	0.016	0.276	0.0279	0.068	0.574
3.417	0.0000	0.041	0.223	0.0156	0.077	0.582
3.422	0.0000	0.009	0.172	0.0233	0.105	0.603
3.427	0.0000	0.005	0.218	0.0161	0.086	0.575
3.432	0.0000	0.009	0.134	0.0131	0.085	0.583
3.437	0.0000	0.023	0.121	0.0144	0.111	0.631
3.442	0.0000	0.036	0.178	0.0127	0.131	0.616
3.447	0.0000	0.032	0.169	0.0224	0.133	0.620
3.452	0.0000	0.036	0.255	0.0124	0.117	0.624
3.457	0.0000	0.039	0.168	0.0148	0.124	0.614
3.462	0.0000	0.025	0.145	0.0149	0.094	0.576
3.467	0.0000	0.023	0.161	0.0149	0.113	0.599
3.472	0.0000	0.041	0.129	0.0151	0.118	0.602
3.477	0.0000	0.043	0.155	0.0157	0.117	0.591
3.482	0.0000	0.048	0.210	0.0175	0.070	0.548
3.487	0.0000	0.030	0.135	0.0161	0.053	0.520
3.492	0.0001	0.032	0.300	0.0255	0.021	0.413
3.497	0.0000	0.027	0.417	0.0199	0.012	0.359
3.502	0.0001	0.020	0.560	0.0228	0.007	0.327
3.507	0.0001	0.016	0.469	0.0164	0.007	0.303
3.512	0.0002	0.002	0.301	0.0209	0.009	0.306
3.517	0.0004	0.000	0.203	0.0261	0.006	0.275
3.522	0.0003	0.000	0.542	0.0299	0.005	0.275
3.527	0.0005	0.000	0.513	0.0194	0.006	0.332
3.532	0.0003	0.005	0.339	0.0379	0.009	0.371
3.537	0.0001	0.032	0.395	0.0198	0.014	0.397
3.542	0.0001	0.005	0.555	0.0218	0.010	0.366
3.547	0.0001	0.030	0.496	0.0358	0.014	0.363
3.552	0.0003	0.000	0.246	0.0198	0.017	0.377
3.557	0.0004	0.000	0.125	0.0186	0.021	0.384
3.562	0.0005	0.000	0.482	0.0452	0.009	0.339
3.567	0.0004	0.000	0.486	0.0157	0.006	0.304
3.572	0.0004	0.018	0.309	0.0148	0.025	0.354
3.577	0.0001	0.030	0.304	0.0210	0.017	0.328
3.582	0.0001	0.036	0.274	0.0158	0.013	0.347
3.587	0.0002	0.014	0.093	0.0133	0.016	0.363
3.592	0.0002	0.005	0.363	0.0310	0.061	0.304
3.597	0.0002	0.002	0.237	0.0185	0.093	0.248
3.602	0.0002	0.034	0.240	0.0253	0.098	0.208
3.607	0.0005	0.064	0.319	0.0185	0.085	0.193
3.612	0.0008	0.050	0.266	0.0199	0.053	0.144
3.617	0.0010	0.048	0.291	0.0220	0.073	0.104
3.622	0.0012	0.050	0.370	0.0183	0.112	0.111
3.627	0.0006	0.057	0.388	0.0243	0.061	0.107
3.632	0.0007	0.041	0.359	0.0201	0.054	0.120
3.637	0.0006	0.048	0.298	0.0233	0.072	0.157
3.642	0.0005	0.057	0.264	0.0260	0.018	0.158
3.647	0.0003	0.030	0.427	0.0186	0.020	0.163
3.652	0.0003	0.023	0.459	0.0221	0.013	0.179
3.657	0.0003	0.027	0.370	0.0181	0.005	0.194
3.662	0.0003	0.025	0.245	0.0188	0.007	0.236
3.667	0.0002	0.030	0.211	0.0274	0.009	0.223
3.672	0.0002	0.027	0.206	0.0183	0.027	0.259
3.677	0.0002	0.027	0.205	0.0248	0.029	0.283
3.682	0.0001	0.050	0.294	0.0184	0.016	0.319
3.687	0.0001	0.050	0.273	0.0225	0.025	0.346
3.692	0.0001	0.020	0.231	0.0169	0.042	0.338
3.697	0.0001	0.027	0.246	0.0178	0.024	0.348
3.702	0.0001	0.032	0.287	0.0135	0.030	0.356
3.707	0.0001	0.030	0.289	0.0192	0.029	0.366
3.712	0.0001	0.034	0.309	0.0192	0.019	0.397
3.717	0.0001	0.036	0.271	0.0122	0.023	0.422
3.722	0.0001	0.027	0.180	0.0256	0.036	0.473
3.727	0.0001	0.045	0.330	0.0289	0.025	0.450
3.732	0.0000	0.023	0.256	0.0232	0.012	0.343
3.737	0.0001	0.007	0.185	0.0140	0.009	0.299
3.741	0.0000	0.034	0.197	0.0289	0.008	0.317
3.746	0.0002	0.009	0.265	0.0247	0.005	0.267
3.751	0.0001	0.032	0.333	0.0298	0.005	0.271
3.756	0.0002	0.023	0.353	0.0343	0.003	0.253
3.761	0.0002	0.018	0.322	0.0360	0.003	0.266
3.766	0.0003	0.016	0.231	0.0331	0.005	0.306
3.771	0.0001	0.020	0.251	0.0434	0.005	0.318
3.776	0.0001	0.009	0.243	0.0121	0.006	0.326
3.781	0.0001	0.020	0.244	0.0530	0.002	0.276
3.786	0.0001	0.009	0.347	0.0241	0.003	0.303
3.791	0.0003	0.000	0.258	0.0274	0.002	0.242
3.796	0.0000	0.011	0.130	0.0633	0.002	0.261
3.801	0.0002	0.002	0.374	0.0193	0.008	0.371
3.806	0.0002	0.005	0.352	0.0623	0.004	0.335
3.811	0.0002	0.002	0.272	0.0192	0.005	0.308
3.816	0.0001	0.000	0.150	0.0593	0.005	0.286
3.821	0.0001	0.007	0.112	0.0233	0.013	0.389
3.826	0.0001	0.002	0.057	0.0290	0.011	0.375
3.831	0.0001	0.005	0.155	0.0214	0.010	0.389
3.836	0.0001	0.002	0.201	0.0115	0.017	0.417
3.841	0.0001	0.011	0.233	0.0446	0.016	0.415
3.846	0.0001	0.000	0.377	0.0235	0.013	0.415
3.851	0.0001	0.011	0.270	0.0318	0.020	0.435
3.856	0.0000	0.030	0.142	0.0204	0.057	0.528
3.861	0.0000	0.032	0.113	0.0256	0.073	0.523
3.866	0.0000	0.041	0.277	0.0171	0.074	0.559
3.871	0.0000	0.034	0.121	0.0255	0.037	0.486
3.876	0.0000	0.018	0.165	0.0149	0.026	0.471
3.881	0.0001	0.050	0.222	0.0172	0.033	0.485
3.886	0.0001	0.027	0.207	0.0225	0.027	0.473
3.891	0.0001	0.036	0.250	0.0168	0.032	0.473
3.896	0.0001	0.020	0.295	0.0175	0.059	0.571
3.901	0.0000	0.014	0.124	0.0236	0.074	0.563
3.906	0.0000	0.036	0.159	0.0251	0.073	0.560
3.911	0.0000	0.011	0.196	0.0188	0.087	0.582
3.916	0.0000	0.034	0.225	0.0144	0.097	0.580
3.921	0.0000	0.014	0.164	0.0169	0.086	0.573
3.926	0.0000	0.034	0.167	0.0144	0.078	0.604
3.931	0.0000	0.016	0.198	0.0132	0.080	0.571
3.936	0.0000	0.030	0.179	0.0153	0.075	0.547
3.941	0.0000	0.016	0.121	0.0131	0.080	0.564
3.946	0.0000	0.020	0.091	0.0142	0.144	0.639
3.951	0.0000	0.048	0.247	0.0160	0.135	0.633
3.956	0.0000	0.045	0.241	0.0152	0.123	0.597
3.961	0.0000	0.043	0.193	0.0128	0.138	0.620
3.966	0.0000	0.041	0.175	0.0133	0.172	0.631
3.971	0.0000	0.068	0.183	0.0155	0.168	0.641
3.976	0.0000	0.084	0.252	0.0167	0.131	0.619
3.981	0.0000	0.055	0.196	0.0141	0.129	0.619
3.986	0.0000	0.055	0.192	0.0113	0.133	0.618
3.991	0.0000	0.050	0.120	0.0160	0.158	0.633
3.996	0.0000	0.036	0.200	0.0136	0.148	0.638
4.001	0.0000	0.045	0.108	0.0178	0.167	0.638
4.006	0.0000	0.045	0.189	0.0139	0.237	0.662
4.011	0.0000	0.009	0.104	0.0128	0.404	0.648
4.016	0.0000	0.098	0.123	0.0143	0.359	0.667
4.021	0.0000	0.107	0.164	0.0147	0.279	0.626
4.026	0.0000	0.082	0.220	0.0116	0.235	0.609
4.031	0.0000	0.111	0.221	0.0114	0.260	0.621
4.036	0.0000	0.061	0.186	0.0143	0.260	0.631
4.041	0.0000	0.080	0.175	0.0152	0.135	0.592
4.046	0.0000	0.080	0.175	0.0142	0.123	0.582
4.051	0.0001	0.045	0.195	0.0139	0.141	0.596
4.056	0.0000	0.082	0.203	0.0140	0.145	0.605
4.061	0.0000	0.055	0.225	0.0134	0.115	0.601
4.066	0.0000	0.055	0.151	0.0174	0.107	0.583
4.071	0.0000	0.025	0.254	0.0204	0.082	0.558
4.076	0.0000	0.057	0.164	0.0119	0.108	0.583
4.081	0.0000	0.055	0.144	0.0109	0.144	0.616
4.086	0.0001	0.023	0.141	0.0154	0.139	0.621
4.091	0.0000	0.066	0.208	0.0144	0.127	0.610
4.096	0.0000	0.059	0.179	0.0130	0.119	0.608
4.101	0.0000	0.048	0.224	0.0129	0.131	0.617
4.106	0.0000	0.066	0.217	0.0128	0.114	0.596
4.111	0.0000	0.041	0.145	0.0163	0.144	0.588
4.116	0.0000	0.064	0.159	0.0125	0.154	0.607
4.121	0.0000	0.036	0.177	0.0124	0.137	0.583
4.126	0.0000	0.061	0.187	0.0115	0.152	0.573
4.131	0.0000	0.064	0.132	0.0149	0.163	0.575
4.136	0.0000	0.055	0.165	0.0160	0.148	0.541
4.141	0.0000	0.039	0.153	0.0127	0.163	0.578
4.146	0.0000	0.027	0.166	0.0134	0.202	0.616
4.151	0.0000	0.064	0.143	0.0144	0.133	0.597
4.156	0.0000	0.052	0.157	0.0163	0.128	0.612
4.161	0.0000	0.052	0.116	0.0153	0.139	0.619
4.166	0.0000	0.061	0.066	0.0145	0.126	0.617
4.171	0.0000	0.045	0.159	0.0220	0.121	0.598
4.176	0.0000	0.041	0.139	0.0138	0.100	0.562
4.180	0.0000	0.077	0.128	0.0122	0.116	0.618
4.185	0.0000	0.027	0.119	0.0147	0.183	0.634
4.190	0.0000	0.075	0.151	0.0135	0.172	0.628
4.195	0.0000	0.064	0.105	0.0145	0.141	0.611
4.200	0.0000	0.050	0.156	0.0166	0.143	0.607
4.205	0.0000	0.030	0.160	0.0128	0.128	0.593
4.210	0.0000	0.036	0.187	0.0160	0.129	0.573
4.215	0.0000	0.043	0.259	0.0139	0.102	0.576
4.220	0.0000	0.070	0.250	0.0154	0.131	0.603
4.225	0.0000	0.048	0.171	0.0129	0.132	0.602
4.230	0.0000	0.068	0.226	0.0151	0.117	0.596
4.235	0.0000	0.043	0.124	0.0131	0.099	0.570
4.240	0.0000	0.027	0.178	0.0150	0.101	0.591
4.245	0.0000	0.032	0.277	0.0114	0.118	0.605
4.250	0.0000	0.036	0.192	0.0139	0.140	0.633
4.255	0.0000	0.057	0.213	0.0134	0.143	0.631
4.260	0.0000	0.050	0.194	0.0172	0.109	0.604
4.265	0.0000	0.070	0.144	0.0171	0.075	0.564
4.270	0.0000	0.020	0.154	0.0252	0.087	0.582
4.275	0.0000	0.052	0.310	0.0168	0.101	0.604
4.280	0.0000	0.043	0.178	0.0138	0.090	0.585
4.285	0.0000	0.030	0.144	0.0178	0.094	0.606
4.290	0.0000	0.018	0.244	0.0123	0.107	0.607
4.295	0.0000	0.023	0.124	0.0173	0.100	0.604
4.300	0.0000	0.055	0.223	0.0140	0.101	0.617
4.305	0.0000	0.043	0.194	0.0155	0.092	0.593
4.310	0.0000	0.048	0.129	0.0141	0.125	0.626
4.315	0.0000	0.018	0.104	0.0270	0.111	0.594
4.320	0.0000	0.036	0.161	0.0226	0.094	0.593
4.325	0.0000	0.030	0.140	0.0137	0.087	0.605
4.330	0.0000	0.048	0.241	0.0173	0.093	0.582
4.335	0.0000	0.036	0.239	0.0127	0.116	0.616
4.340	0.0000	0.039	0.154	0.0231	0.131	0.635
4.345	0.0000	0.052	0.174	0.0157	0.103	0.602
4.350	0.0000	0.045	0.241	0.0152	0.081	0.586
4.355	0.0000	0.036	0.267	0.0111	0.075	0.578
4.360	0.0000	0.039	0.166	0.0125	0.118	0.600
4.365	0.0000	0.030	0.154	0.0121	0.181	0.651
4.370	0.0000	0.045	0.198	0.0156	0.184	0.662
4.375	0.0000	0.045	0.316	0.0186	0.111	0.598
4.380	0.0000	0.073	0.246	0.0185	0.091	0.568
4.385	0.0000	0.027	0.236	0.0124	0.096	0.588
4.390	0.0000	0.041	0.134	0.0184	0.120	0.593
4.395	0.0000	0.050	0.129	0.0179	0.103	0.586
4.400	0.0000	0.050	0.244	0.0125	0.071	0.576
4.405	0.0000	0.005	0.181	0.0113	0.090	0.598
4.410	0.0000	0.023	0.193	0.0162	0.106	0.589
4.415	0.0000	0.023	0.136	0.0268	0.078	0.574
4.420	0.0000	0.036	0.362	0.0152	0.066	0.556
4.425	0.0000	0.034	0.394	0.0143	0.057	0.551
4.430	0.0000	0.018	0.325	0.0145	0.068	0.552
4.435	0.0000	0.034	0.190	0.0157	0.078	0.558
4.440	0.0000	0.018	0.163	0.0151	0.108	0.591
4.445	0.0000	0.032	0.125	0.0170	0.103	0.605
4.450	0.0000	0.041	0.145	0.0131	0.145	0.620
4.455	0.0000	0.032	0.138	0.0146	0.145	0.625
4.460	0.0000	0.034	0.171	0.0160	0.141	0.622
4.465	0.0000	0.066	0.167	0.0170	0.132	0.627
4.470	0.0000	0.030	0.144	0.0150	0.117	0.639
4.475	0.0000	0.011	0.214	0.0112	0.127	0.639
4.480	0.0000	0.027	0.184	0.0191	0.111	0.615
4.485	0.0000	0.039	0.188	0.0163	0.096	0.594
4.490	0.0000	0.039	0.175	0.0118	0.084	0.584
4.495	0.0000	0.039	0.272	0.0132	0.097	0.614
4.500	0.0000	0.043	0.262	0.0137	0.055	0.554
4.505	0.0000	0.064	0.173	0.0151	0.049	0.551
4.510	0.0001	0.039	0.133	0.0156	0.083	0.605
4.515	0.0000	0.018	0.205	0.0158	0.133	0.668
4.520	0.0000	0.073	0.152	0.0144	0.128	0.640
4.525	0.0000	0.057	0.221	0.0170	0.111	0.607
4.530	0.0000	0.039	0.170	0.0127	0.122	0.631
4.535	0.0000	0.025	0.167	0.0124	0.150	0.660
4.540	0.0000	0.036	0.144	0.0227	0.099	0.578
4.545	0.0000	0.032	0.193	0.0158	0.065	0.533
4.550	0.0000	0.014	0.237	0.0140	0.086	0.564
4.555	0.0000	0.016	0.177	0.0140	0.100	0.594
4.560	0.0000	0.052	0.160	0.0220	0.085	0.583
4.565	0.0000	0.016	0.213	0.0169	0.064	0.554
4.570	0.0000	0.030	0.238	0.0183	0.067	0.556
4.575	0.0000	0.025	0.122	0.0192	0.072	0.555
4.580	0.0000	0.039	0.269	0.0305	0.023	0.430
4.585	0.0000	0.032	0.328	0.0218	0.013	0.397
4.590	0.0000	0.032	0.239	0.0529	0.005	0.261
4.595	0.0001	0.025	0.347	0.0411	0.002	0.190
4.600	0.0001	0.018	0.308	0.0683	0.000	0.080
4.605	0.0004	0.005	0.488	0.0335	0.000	0.043
4.610	0.0007	0.005	0.559	0.0308	0.000	0.028
4.615	0.0033	0.005	0.626	0.0195	0.000	0.021
4.620	0.0057	0.005	0.739	0.0217	0.000	0.014
4.624	0.0088	0.009	0.760	0.0243	0.000	0.013
4.629	0.0131	0.005	0.724	0.0153	0.000	0.015
4.634	0.0108	0.005	0.737	0.0139	0.000	0.018
4.639	0.0113	0.005	0.718	0.0266	0.000	0.030
4.644	0.0109	0.005	0.700	0.0165	0.000	0.039
4.649	0.0100	0.002	0.731	0.0429	0.000	0.039
4.654	0.0091	0.005	0.721	0.0303	0.000	0.038
4.659	0.0066	0.005	0.710	0.0222	0.000	0.040
4.664	0.0059	0.005	0.705	0.0274	0.000	0.037
4.669	0.0087	0.005	0.717	0.0393	0.000	0.035
4.674	0.0087	0.002	0.705	0.0323	0.000	0.029
4.679	0.0061	0.005	0.697	0.0284	0.000	0.025
4.684	0.0069	0.005	0.699	0.0375	0.000	0.021
4.689	0.0102	0.002	0.709	0.0445	0.000	0.018
4.694	0.0089	0.005	0.708	0.0238	0.000	0.019
4.699	0.0065	0.005	0.673	0.0309	0.000	0.025
4.704	0.0081	0.002	0.701	0.0221	0.000	0.021
4.709	0.0077	0.005	0.700	0.0120	0.000	0.022
4.714	0.0061	0.005	0.701	0.0494	0.000	0.023
4.719	0.0100	0.005	0.708	0.0617	0.000	0.019
4.724	0.0107	0.002	0.684	0.0296	0.000	0.018
4.729	0.0065	0.005	0.685	0.0301	0.000	0.020
4.734	0.0086	0.005	0.701	0.0124	0.000	0.021
4.739	0.0096	0.002	0.685	0.0162	0.000	0.022
4.744	0.0065	0.005	0.693	0.0410	0.000	0.023
4.749	0.0113	0.002	0.713	0.0468	0.000	0.022
4.754	0.0101	0.005	0.672	0.0104	0.000	0.022
4.759	0.0069	0.005	0.677	0.0200	0.000	0.021
4.764	0.0105	0.002	0.664	0.0247	0.000	0.022
4.769	0.0080	0.005	0.688	0.0293	0.000	0.022
4.774	0.0115	0.002	0.663	0.0175	0.000	0.024
4.779	0.0084	0.005	0.642	0.0241	0.000	0.027
4.784	0.0061	0.005	0.635	0.0115	0.000	0.030
4.789	0.0087	0.002	0.616	0.0309	0.000	0.035
4.794	0.0061	0.005	0.549	0.0458	0.000	0.041
4.799	0.0050	0.002	0.589	0.0425	0.000	0.093
4.804	0.0040	0.002	0.631	0.0163	0.000	0.125
4.809	0.0048	0.014	0.596	0.0269	0.000	0.100
4.814	0.0060	0.002	0.593	0.0154	0.003	0.189
4.819	0.0035	0.002	0.307	0.0203	0.019	0.288
4.824	0.0073	0.023	0.364	0.0270	0.030	0.277
4.829	0.0092	0.007	0.508	0.0224	0.024	0.225
4.834	0.0088	0.023	0.559	0.0256	0.011	0.222
4.839	0.0123	0.043	0.503	0.0229	0.004	0.165
4.844	0.0189	0.032	0.563	0.0277	0.002	0.128
4.849	0.0342	0.007	0.682	0.0139	0.001	0.098
4.854	0.0471	0.011	0.643	0.0155	0.001	0.092
4.859	0.0486	0.009	0.524	0.0153	0.003	0.125
4.864	0.0502	0.007	0.534	0.0150	0.010	0.191
4.869	0.0234	0.011	0.189	0.0186	0.121	0.342
4.874	0.0170	0.030	0.259	0.0131	0.270	0.386
4.879	0.0092	0.089	0.141	0.0112	0.424	0.417
4.884	0.0102	0.091	0.160	0.0115	0.666	0.442
4.889	0.0122	0.134	0.174	0.0116	0.773	0.450
4.894	0.0127	0.164	0.201	0.0107	0.747	0.478
4.899	0.0158	0.148	0.160	0.0113	0.827	0.465
4.904	0.0146	0.159	0.164	0.0132	0.903	0.460
4.909	0.0177	0.161	0.154	0.0121	0.952	0.456
4.914	0.0168	0.157	0.141	0.0093	0.956	0.463
4.919	0.0207	0.173	0.132	0.0134	0.966	0.469
4.924	0.0204	0.186	0.136	0.0108	0.965	0.479
4.929	0.0207	0.191	0.159	0.0136	0.933	0.486
4.934	0.0189	0.180	0.197	0.0122	0.936	0.505
4.939	0.0160	0.164	0.165	0.0111	0.840	0.522
4.944	0.0184	0.191	0.123	0.0100	0.710	0.525
4.949	0.0147	0.180	0.095	0.0098	0.755	0.552
4.954	0.0176	0.205	0.089	0.0116	0.793	0.574
4.959	0.0124	0.209	0.129	0.0101	0.781	0.561
4.964	0.0123	0.211	0.139	0.0098	0.765	0.564
4.969	0.0115	0.202	0.120	0.0116	0.702	0.577
4.974	0.0080	0.195	0.149	0.0094	0.760	0.573
4.979	0.0074	0.211	0.143	0.0110	0.738	0.574
4.984	0.0055	0.216	0.078	0.0120	0.630	0.524
4.989	0.0038	0.157	0.129	0.0102	0.629	0.484
4.994	0.0020	0.148	0.162	0.0108	0.679	0.489
4.999	0.0024	0.159	0.134	0.0102	0.683	0.488
5.004	0.0017	0.157	0.120	0.0120	0.665	0.483
5.009	0.0012	0.184	0.137	0.0108	0.551	0.476
5.014	0.0012	0.132	0.151	0.0114	0.530	0.487
5.019	0.0009	0.145	0.125	0.0119	0.541	0.506
5.024	0.0006	0.132	0.142	0.0107	0.485	0.510
5.029	0.0005	0.114	0.161	0.0121	0.555	0.511
5.034	0.0004	0.148	0.160	0.0098	0.556	0.519
5.039	0.0004	0.130	0.129	0.0127	0.635	0.561
5.044	0.0002	0.127	0.144	0.0101	0.605	0.555
5.049	0.0002	0.148	0.090	0.0133	0.539	0.586
5.054	0.0002	0.114	0.128	0.0105	0.477	0.582
5.059	0.0002	0.118	0.256	0.0398	0.209	0.546
5.063	0.0001	0.118	0.512	0.0483	0.023	0.377
5.068	0.0001	0.093	0.291	0.0198	0.007	0.267
5.073	0.0006	0.011	0.303	0.0351	0.003	0.193
5.078	0.0007	0.018	0.352	0.0191	0.001	0.144
5.083	0.0009	0.020	0.353	0.0230	0.001	0.145
5.088	0.0015	0.023	0.443	0.0204	0.001	0.127
5.093	0.0017	0.014	0.506	0.0244	0.001	0.124
5.098	0.0022	0.011	0.422	0.0435	0.001	0.145
5.103	0.0012	0.014	0.371	0.0226	0.001	0.136
5.108	0.0018	0.011	0.154	0.0365	0.003	0.182
5.113	0.0007	0.014	0.127	0.0209	0.124	0.353
5.118	0.0009	0.011	0.223	0.0179	0.108	0.303
5.123	0.0006	0.045	0.182	0.0179	0.089	0.280
5.128	0.0047	0.032	0.243	0.0136	0.104	0.309
5.133	0.0074	0.050	0.299	0.0122	0.135	0.348
5.138	0.0080	0.045	0.222	0.0125	0.125	0.374
5.143	0.0074	0.052	0.198	0.0147	0.140	0.356
5.148	0.0044	0.073	0.246	0.0121	0.211	0.424
5.153	0.0044	0.086	0.210	0.0172	0.182	0.416
5.158	0.0035	0.091	0.168	0.0146	0.171	0.388
5.163	0.0061	0.075	0.247	0.0289	0.092	0.321
5.168	0.0032	0.084	0.289	0.0202	0.036	0.211
5.173	0.0052	0.050	0.251	0.0212	0.029	0.189
5.178	0.0071	0.050	0.156	0.0198	0.022	0.167
5.183	0.0098	0.039	0.141	0.0244	0.029	0.154
5.188	0.0093	0.041	0.380	0.0298	0.016	0.126
5.193	0.0137	0.034	0.395	0.0227	0.009	0.119
5.198	0.0136	0.039	0.482	0.0213	0.010	0.129
5.203	0.0303	0.014	0.503	0.0174	0.007	0.114
5.208	0.0298	0.023	0.540	0.0216	0.003	0.095
5.213	0.0523	0.016	0.568	0.0242	0.002	0.077
5.218	0.0739	0.014	0.619	0.0140	0.001	0.063
5.223	0.0994	0.018	0.652	0.0181	0.001	0.051
5.228	0.1089	0.020	0.684	0.0225	0.000	0.038
5.233	0.0971	0.011	0.696	0.0229	0.000	0.038
5.238	0.1209	0.011	0.676	0.0170	0.000	0.033
5.243	0.1117	0.014	0.632	0.0128	0.000	0.033
5.248	0.1324	0.011	0.627	0.0151	0.000	0.038
5.253	0.0938	0.018	0.576	0.0158	0.000	0.048
5.258	0.0861	0.016	0.515	0.0291	0.001	0.054
5.263	0.0511	0.023	0.474	0.0154	0.001	0.055
5.268	0.0561	0.011	0.361	0.0215	0.005	0.060
5.273	0.0386	0.020	0.334	0.0265	0.009	0.065
5.278	0.0267	0.025	0.348	0.0359	0.005	0.058
5.283	0.0164	0.020	0.350	0.0218	0.003	0.062
5.288	0.0342	0.014	0.387	0.0389	0.002	0.073
5.293	0.0328	0.018	0.514	0.0419	0.001	0.064
5.298	0.0335	0.014	0.558	0.0242	0.000	0.063
5.303	0.0393	0.011	0.417	0.0230	0.002	0.070
5.308	0.0389	0.018	0.319	0.0423	0.002	0.071
5.313	0.0179	0.032	0.432	0.0173	0.001	0.071
5.318	0.0479	0.011	0.368	0.0255	0.002	0.078
5.323	0.0506	0.014	0.401	0.0249	0.003	0.098
5.328	0.0400	0.014	0.611	0.0134	0.003	0.088
5.333	0.0163	0.011	0.625	0.0118	0.002	0.085
5.338	0.0365	0.011	0.627	0.0080	0.002	0.081
5.343	0.0349	0.014	0.686	0.0192	0.002	0.087
5.348	0.0510	0.011	0.691	0.0097	0.002	0.086
5.353	0.0650	0.011	0.671	0.0119	0.002	0.081
5.358	0.0574	0.011	0.703	0.0104	0.002	0.071
5.363	0.0465	0.011	0.679	0.0156	0.001	0.063
5.368	0.0531	0.011	0.674	0.0144	0.001	0.030
5.373	0.0639	0.011	0.697	0.0137	0.001	0.022
5.378	0.0835	0.011	0.694	0.0128	0.001	0.021
5.383	0.0988	0.011	0.704	0.0152	0.002	0.020
5.388	0.0995	0.011	0.723	0.0124	0.002	0.020
5.393	0.0846	0.011	0.727	0.0076	0.002	0.021
5.398	0.0813	0.011	0.724	0.0119	0.001	0.026
5.403	0.0931	0.011	0.724	0.0139	0.001	0.032
5.408	0.1088	0.011	0.735	0.0128	0.001	0.032
5.413	0.1128	0.011	0.732	0.0084	0.001	0.028
5.418	0.0865	0.009	0.732	0.0161	0.001	0.049
5.423	0.0668	0.011	0.745	0.0081	0.001	0.062
5.428	0.0725	0.016	0.728	0.0162	0.001	0.070
5.433	0.0702	0.011	0.725	0.0195	0.001	0.079
5.438	0.0730	0.011	0.751	0.0076	0.001	0.082
5.443	0.0593	0.011	0.747	0.0116	0.000	0.078
5.448	0.0538	0.011	0.702	0.0145	0.001	0.094
5.453	0.0634	0.011	0.583	0.0147	0.002	0.113
5.458	0.0524	0.016	0.359	0.0148	0.003	0.128
5.463	0.0233	0.009	0.517	0.0501	0.002	0.118
5.468	0.0179	0.011	0.767	0.0283	0.001	0.096
5.473	0.0401	0.011	0.753	0.0127	0.001	0.099
5.478	0.0394	0.011	0.707	0.0146	0.002	0.109
5.483	0.0364	0.011	0.645	0.0195	0.003	0.112
5.488	0.0300	0.011	0.593	0.0235	0.004	0.119
5.493	0.0212	0.020	0.645	0.0206	0.005	0.128
5.498	0.0245	0.020	0.562	0.0189	0.009	0.142
5.502	0.0267	0.027	0.449	0.0181	0.023	0.196
5.507	0.0144	0.043	0.500	0.0241	0.019	0.178
5.512	0.0058	0.032	0.507	0.0179	0.020	0.178
5.517	0.0127	0.032	0.446	0.0212	0.019	0.192
5.522	0.0094	0.011	0.357	0.0198	0.020	0.174
5.527	0.0060	0.039	0.446	0.0200	0.007	0.142
5.532	0.0047	0.025	0.494	0.0281	0.004	0.123
5.537	0.0077	0.030	0.462	0.0221	0.002	0.106
5.542	0.0094	0.014	0.263	0.0241	0.002	0.121
5.547	0.0051	0.032	0.304	0.0241	0.002	0.114
5.552	0.0042	0.023	0.286	0.0306	0.003	0.126
5.557	0.0090	0.034	0.405	0.0258	0.006	0.148
5.562	0.0044	0.020	0.553	0.0147	0.007	0.140
5.567	0.0060	0.016	0.390	0.0145	0.031	0.206
5.572	0.0102	0.030	0.302	0.0215	0.068	0.225
5.577	0.0064	0.050	0.297	0.0434	0.045	0.211
5.582	0.0061	0.057	0.432	0.0352	0.008	0.154
5.587	0.0084	0.039	0.544	0.0312	0.002	0.125
5.592	0.0263	0.027	0.515	0.0310	0.001	0.100
5.597	0.0259	0.009	0.396	0.0451	0.000	0.071
5.602	0.0278	0.011	0.220	0.0414	0.000	0.056
5.607	0.0223	0.014	0.215	0.0413	0.000	0.076
5.612	0.0054	0.002	0.314	0.0292	0.000	0.066
5.617	0.0066	0.007	0.292	0.0299	0.000	0.079
5.622	0.0048	0.011	0.337	0.0414	0.000	0.089
5.627	0.0054	0.011	0.508	0.0277	0.000	0.095
5.632	0.0032	0.009	0.513	0.0296	0.000	0.095
5.637	0.0035	0.011	0.386	0.0259	0.001	0.110
5.642	0.0030	0.016	0.305	0.0334	0.001	0.120
5.647	0.0017	0.009	0.299	0.0284	0.001	0.129
5.652	0.0016	0.011	0.291	0.0284	0.001	0.129
5.657	0.0021	0.009	0.187	0.0323	0.002	0.145
5.662	0.0008	0.025	0.094	0.0270	0.073	0.400
5.667	0.0008	0.005	0.171	0.0083	0.176	0.380
5.672	0.0007	0.016	0.204	0.0072	0.182	0.386
5.677	0.0078	0.082	0.183	0.0192	0.147	0.401
5.682	0.0071	0.102	0.158	0.0141	0.112	0.348
5.687	0.0105	0.052	0.313	0.0321	0.042	0.263
5.692	0.0054	0.055	0.293	0.0261	0.014	0.183
5.697	0.0036	0.064	0.268	0.0199	0.011	0.141
5.702	0.0224	0.039	0.173	0.0188	0.014	0.149
5.707	0.0338	0.039	0.227	0.0236	0.028	0.187
5.712	0.0328	0.036	0.208	0.0199	0.035	0.194
5.717	0.0238	0.036	0.282	0.0226	0.054	0.179
5.722	0.0333	0.045	0.362	0.0240	0.027	0.177
5.727	0.0548	0.030	0.524	0.0169	0.016	0.160
5.732	0.0637	0.018	0.586	0.0167	0.014	0.146
5.737	0.0812	0.011	0.607	0.0227	0.005	0.116
5.742	0.0753	0.027	0.575	0.0206	0.002	0.080
5.747	0.0517	0.007	0.582	0.0215	0.001	0.060
5.752	0.0926	0.014	0.587	0.0193	0.001	0.058
5.757	0.2197	0.025	0.635	0.0153	0.001	0.053
5.762	0.3099	0.027	0.638	0.0175	0.001	0.048
5.767	0.3829	0.023	0.628	0.0195	0.001	0.042
5.772	0.3649	0.018	0.661	0.0169	0.001	0.040
5.777	0.3681	0.018	0.637	0.0256	0.001	0.042
5.782	0.2897	0.018	0.639	0.0239	0.001	0.042
5.787	0.2698	0.018	0.711	0.0162	0.000	0.039
5.792	0.2601	0.018	0.743	0.0106	0.000	0.039
5.797	0.2809	0.018	0.698	0.0142	0.000	0.047
5.802	0.2503	0.014	0.688	0.0215	0.001	0.052
5.807	0.2188	0.014	0.637	0.0192	0.001	0.057
5.812	0.1925	0.011	0.607	0.0379	0.001	0.060
5.817	0.1546	0.014	0.727	0.0221	0.001	0.049
5.822	0.1609	0.011	0.721	0.0191	0.001	0.051
5.827	0.1982	0.014	0.534	0.0266	0.001	0.065
5.832	0.1529	0.016	0.422	0.0273	0.001	0.083
5.837	0.0639	0.030	0.318	0.0282	0.002	0.101
5.842	0.0385	0.023	0.208	0.0375	0.003	0.124
5.847	0.0182	0.014	0.333	0.0282	0.014	0.164
5.852	0.0130	0.023	0.291	0.0279	0.012	0.186
5.857	0.0101	0.032	0.439	0.0405	0.002	0.121
5.862	0.0128	0.018	0.514	0.0318	0.001	0.088
5.867	0.0237	0.018	0.436	0.0395	0.000	0.063
5.872	0.0193	0.011	0.321	0.0255	0.000	0.069
5.877	0.0119	0.011	0.330	0.0232	0.000	0.065
5.882	0.0104	0.011	0.299	0.0247	0.000	0.076
5.887	0.0120	0.016	0.294	0.0506	0.000	0.076
5.892	0.0045	0.011	0.477	0.0232	0.000	0.077
5.897	0.0089	0.011	0.365	0.0216	0.000	0.079
5.902	0.0090	0.011	0.310	0.0533	0.001	0.086
5.907	0.0044	0.018	0.166	0.0131	0.028	0.303
5.912	0.0041	0.016	0.161	0.0144	0.123	0.396
5.917	0.0107	0.025	0.153	0.0131	0.079	0.342
5.922	0.0090	0.050	0.176	0.0115	0.062	0.312
5.927	0.0202	0.032	0.172	0.0240	0.082	0.327
5.932	0.0072	0.061	0.248	0.0240	0.042	0.271
5.937	0.0089	0.059	0.240	0.0250	0.018	0.189
5.941	0.0106	0.041	0.296	0.0237	0.016	0.163
5.946	0.0173	0.030	0.342	0.0206	0.025	0.162
5.951	0.0132	0.030	0.268	0.0190	0.033	0.175
5.956	0.0282	0.030	0.409	0.0284	0.026	0.181
5.961	0.0434	0.036	0.449	0.0234	0.017	0.166
5.966	0.0361	0.023	0.484	0.0220	0.011	0.151
5.971	0.0510	0.016	0.514	0.0259	0.009	0.127
5.976	0.0513	0.009	0.611	0.0171	0.010	0.087
5.981	0.0744	0.009	0.634	0.0157	0.010	0.074
5.986	0.1812	0.014	0.628	0.0125	0.004	0.059
5.991	0.2111	0.014	0.624	0.0126	0.005	0.069
5.996	0.2725	0.014	0.700	0.0144	0.008	0.069
6.001	0.2996	0.014	0.738	0.0114	0.005	0.059
6.006	0.3604	0.014	0.603	0.0223	0.002	0.042
6.011	0.3963	0.009	0.633	0.0269	0.002	0.046
6.016	0.3822	0.014	0.746	0.0173	0.001	0.062
6.021	0.3226	0.025	0.771	0.0131	0.001	0.060
6.026	0.3154	0.027	0.706	0.0148	0.001	0.046
6.031	0.2988	0.025	0.668	0.0185	0.001	0.044
6.036	0.3034	0.020	0.552	0.0233	0.004	0.057
6.041	0.2177	0.023	0.613	0.0240	0.006	0.064
6.046	0.2407	0.014	0.711	0.0188	0.005	0.058
6.051	0.1734	0.016	0.741	0.0168	0.005	0.054
6.056	0.2084	0.020	0.734	0.0133	0.003	0.060
6.061	0.1966	0.011	0.745	0.0194	0.002	0.052
6.066	0.2199	0.020	0.775	0.0143	0.003	0.052
6.071	0.2680	0.020	0.805	0.0137	0.004	0.051
6.076	0.2882	0.030	0.772	0.0089	0.003	0.064
6.081	0.2364	0.025	0.692	0.0109	0.007	0.080
6.086	0.1909	0.030	0.572	0.0190	0.032	0.109
6.091	0.2074	0.036	0.531	0.0220	0.044	0.121
6.096	0.1190	0.025	0.529	0.0168	0.059	0.131
6.101	0.0707	0.032	0.490	0.0188	0.035	0.139
6.106	0.0911	0.034	0.442	0.0200	0.019	0.110
6.111	0.0689	0.023	0.370	0.0182	0.013	0.114
6.116	0.0780	0.027	0.296	0.0219	0.012	0.125
6.121	0.0746	0.014	0.320	0.0195	0.022	0.147
6.126	0.0504	0.014	0.311	0.0174	0.047	0.254
6.131	0.0369	0.025	0.224	0.0156	0.110	0.372
6.136	0.0330	0.075	0.215	0.0131	0.270	0.459
6.141	0.0246	0.077	0.217	0.0107	0.425	0.468
6.146	0.0247	0.134	0.158	0.0109	0.698	0.474
6.151	0.0276	0.166	0.160	0.0102	0.758	0.483
6.156	0.0329	0.216	0.195	0.0110	0.694	0.475
6.161	0.0303	0.209	0.200	0.0111	0.691	0.491
6.166	0.0333	0.191	0.175	0.0115	0.757	0.512
6.171	0.0297	0.200	0.132	0.0113	0.809	0.502
6.176	0.0243	0.214	0.151	0.0111	0.792	0.485
6.181	0.0251	0.223	0.102	0.0124	0.736	0.487
6.186	0.0200	0.225	0.143	0.0119	0.579	0.471
6.191	0.0201	0.209	0.134	0.0128	0.500	0.489
6.196	0.0271	0.152	0.148	0.0110	0.467	0.459
6.201	0.0235	0.145	0.151	0.0116	0.620	0.468
6.206	0.0255	0.164	0.140	0.0109	0.635	0.466
6.211	0.0192	0.216	0.112	0.0120	0.543	0.522
6.216	0.0126	0.164	0.147	0.0140	0.285	0.450
6.221	0.0110	0.177	0.183	0.0172	0.167	0.371
6.226	0.0156	0.073	0.284	0.0339	0.023	0.203
6.231	0.0066	0.075	0.428	0.0243	0.008	0.145
6.236	0.0171	0.014	0.412	0.0211	0.004	0.098
6.241	0.0568	0.011	0.220	0.0128	0.007	0.089
6.246	0.1110	0.018	0.251	0.0215	0.008	0.074
6.251	0.1027	0.011	0.434	0.0216	0.006	0.068
6.256	0.0709	0.014	0.421	0.0225	0.002	0.056
6.261	0.0712	0.018	0.419	0.0240	0.001	0.055
6.266	0.1509	0.016	0.382	0.0464	0.001	0.057
6.271	0.1073	0.025	0.401	0.0207	0.001	0.056
6.276	0.0895	0.014	0.572	0.0166	0.001	0.054
6.281	0.1104	0.016	0.473	0.0188	0.002	0.062
6.286	0.0760	0.020	0.481	0.0248	0.002	0.063
6.291	0.0478	0.014	0.329	0.0210	0.002	0.064
6.296	0.0813	0.018	0.243	0.0333	0.002	0.065
6.301	0.0326	0.020	0.288	0.0503	0.002	0.067
6.306	0.0196	0.025	0.545	0.0227	0.001	0.060
6.311	0.0389	0.014	0.498	0.0193	0.002	0.065
6.316	0.0279	0.014	0.336	0.0359	0.008	0.087
6.321	0.0134	0.023	0.286	0.0257	0.008	0.087
6.326	0.0127	0.011	0.332	0.0187	0.017	0.096
6.331	0.0117	0.043	0.229	0.0535	0.013	0.097
6.336	0.0058	0.014	0.588	0.0360	0.005	0.085
6.341	0.0072	0.018	0.621	0.0183	0.002	0.073
6.346	0.0093	0.014	0.456	0.0262	0.003	0.092
6.351	0.0072	0.018	0.302	0.0385	0.003	0.084
6.356	0.0026	0.020	0.496	0.0294	0.002	0.056
6.361	0.0045	0.014	0.428	0.0301	0.003	0.049
6.366	0.0051	0.014	0.281	0.0244	0.009	0.043
6.371	0.0046	0.025	0.211	0.0257	0.007	0.044
6.376	0.0056	0.030	0.311	0.0439	0.002	0.047
6.380	0.0030	0.034	0.255	0.0295	0.001	0.051
6.385	0.0061	0.009	0.263	0.0244	0.003	0.075
6.390	0.0050	0.014	0.299	0.0332	0.011	0.102
6.395	0.0029	0.027	0.162	0.0264	0.032	0.188
6.400	0.0027	0.014	0.187	0.0239	0.070	0.231
6.405	0.0020	0.011	0.280	0.0316	0.012	0.205
6.410	0.0048	0.045	0.319	0.0217	0.006	0.206
6.415	0.0103	0.032	0.376	0.0286	0.008	0.199
6.420	0.0077	0.030	0.334	0.0166	0.013	0.251
6.425	0.0052	0.032	0.284	0.0144	0.057	0.386
6.430	0.0033	0.055	0.191	0.0285	0.032	0.347
6.435	0.0019	0.032	0.270	0.0202	0.019	0.289
6.440	0.0025	0.020	0.180	0.0219	0.033	0.328
6.445	0.0010	0.061	0.146	0.0179	0.028	0.310
6.450	0.0009	0.043	0.219	0.0242	0.024	0.332
6.455	0.0008	0.036	0.123	0.0274	0.010	0.218
6.460	0.0010	0.011	0.163	0.0235	0.085	0.241
6.465	0.0011	0.016	0.211	0.0122	0.117	0.285
6.470	0.0010	0.036	0.219	0.0132	0.140	0.381
6.475	0.0034	0.039	0.209	0.0124	0.199	0.339
6.480	0.0069	0.075	0.185	0.0109	0.175	0.325
6.485	0.0135	0.086	0.159	0.0257	0.080	0.313
6.490	0.0061	0.057	0.201	0.0238	0.055	0.268
6.495	0.0052	0.036	0.201	0.0284	0.032	0.187
6.500	0.0046	0.050	0.347	0.0354	0.018	0.153
6.505	0.0081	0.030	0.479	0.0180	0.015	0.130
6.510	0.0159	0.023	0.592	0.0257	0.013	0.119
6.515	0.0506	0.011	0.603	0.0174	0.005	0.097
6.520	0.0642	0.018	0.607	0.0219	0.005	0.082
6.525	0.0703	0.009	0.657	0.0116	0.003	0.063
6.530	0.0857	0.007	0.672	0.0129	0.002	0.058
6.535	0.1401	0.007	0.691	0.0122	0.001	0.052
6.540	0.1771	0.011	0.721	0.0110	0.002	0.045
6.545	0.1926	0.023	0.691	0.0137	0.001	0.036
6.550	0.2120	0.025	0.678	0.0208	0.001	0.032
6.555	0.1909	0.023	0.716	0.0121	0.000	0.034
6.560	0.1657	0.020	0.698	0.0125	0.000	0.036
6.565	0.1476	0.016	0.710	0.0157	0.000	0.033
6.570	0.1426	0.014	0.689	0.0187	0.000	0.032
6.575	0.0998	0.018	0.599	0.0218	0.000	0.032
6.580	0.1920	0.018	0.592	0.0245	0.000	0.038
6.585	0.2087	0.014	0.663	0.0154	0.000	0.039
6.590	0.1658	0.009	0.730	0.0162	0.001	0.037
6.595	0.1533	0.009	0.762	0.0096	0.001	0.038
6.600	0.1819	0.009	0.763	0.0079	0.001	0.039
6.605	0.1572	0.009	0.712	0.0140	0.001	0.049
6.610	0.1545	0.014	0.671	0.0115	0.003	0.068
6.615	0.1550	0.009	0.662	0.0212	0.006	0.080
6.620	0.1180	0.009	0.636	0.0121	0.007	0.081
6.625	0.0954	0.009	0.605	0.0197	0.007	0.085
6.630	0.0866	0.014	0.503	0.0179	0.007	0.093
6.635	0.0728	0.018	0.425	0.0257	0.019	0.103
6.640	0.0607	0.018	0.469	0.0247	0.017	0.109
6.645	0.0394	0.014	0.478	0.0181	0.013	0.132
6.650	0.0279	0.014	0.446	0.0233	0.014	0.134
6.655	0.0373	0.016	0.499	0.0243	0.010	0.120
6.660	0.0362	0.027	0.505	0.0183	0.008	0.154
6.665	0.0338	0.032	0.477	0.0121	0.018	0.233
6.670	0.0281	0.009	0.445	0.0123	0.061	0.340
6.675	0.0194	0.032	0.252	0.0110	0.351	0.434
6.680	0.0165	0.093	0.204	0.0123	0.556	0.482
6.685	0.0155	0.159	0.203	0.0114	0.598	0.455
6.690	0.0166	0.148	0.182	0.0118	0.643	0.453
6.695	0.0212	0.216	0.127	0.0142	0.706	0.457
6.700	0.0165	0.161	0.167	0.0117	0.739	0.450
6.705	0.0193	0.227	0.161	0.0154	0.831	0.421
6.710	0.0138	0.220	0.143	0.0112	0.895	0.413
6.715	0.0186	0.234	0.158	0.0114	0.880	0.441
6.720	0.0215	0.250	0.143	0.0132	0.860	0.455
6.725	0.0132	0.211	0.190	0.0103	0.884	0.430
6.730	0.0169	0.239	0.146	0.0123	0.819	0.452
6.735	0.0163	0.236	0.129	0.0120	0.785	0.466
6.740	0.0152	0.186	0.120	0.0102	0.792	0.459
6.745	0.0159	0.214	0.139	0.0114	0.591	0.435
6.750	0.0138	0.175	0.134	0.0116	0.523	0.446
6.755	0.0151	0.166	0.122	0.0217	0.230	0.392
6.760	0.0104	0.148	0.271	0.0404	0.025	0.231
6.765	0.0116	0.055	0.196	0.0219	0.002	0.075
6.770	0.0074	0.025	0.321	0.0338	0.001	0.053
6.775	0.0341	0.009	0.324	0.0406	0.001	0.042
6.780	0.1092	0.014	0.447	0.0235	0.001	0.044
6.785	0.1531	0.014	0.613	0.0163	0.001	0.042
6.790	0.1746	0.018	0.569	0.0232	0.001	0.044
6.795	0.1057	0.014	0.516	0.0227	0.003	0.057
6.800	0.1579	0.011	0.493	0.0554	0.002	0.056
6.805	0.0503	0.016	0.739	0.0264	0.001	0.051
6.810	0.0932	0.014	0.741	0.0151	0.002	0.052
6.815	0.1042	0.016	0.637	0.0189	0.001	0.051
6.820	0.1273	0.014	0.474	0.0268	0.002	0.049
6.824	0.0445	0.014	0.561	0.0235	0.001	0.050
6.829	0.0547	0.016	0.642	0.0284	0.001	0.045
6.834	0.0775	0.014	0.707	0.0216	0.001	0.042
6.839	0.0646	0.014	0.752	0.0229	0.001	0.048
6.844	0.0907	0.014	0.622	0.0190	0.001	0.054
6.849	0.0651	0.014	0.577	0.0193	0.001	0.064
6.854	0.0372	0.014	0.342	0.0242	0.007	0.093
6.859	0.0125	0.032	0.177	0.0416	0.010	0.122
6.864	0.0078	0.023	0.592	0.0468	0.004	0.117
6.869	0.0066	0.025	0.656	0.0238	0.004	0.122
6.874	0.0104	0.014	0.741	0.0213	0.004	0.110
6.879	0.0134	0.016	0.692	0.0136	0.005	0.100
6.884	0.0161	0.018	0.623	0.0264	0.007	0.116
6.889	0.0142	0.014	0.639	0.0197	0.004	0.124
6.894	0.0091	0.014	0.660	0.0231	0.007	0.136
6.899	0.0097	0.014	0.710	0.0254	0.008	0.127
6.904	0.0105	0.020	0.613	0.0220	0.007	0.132
6.909	0.0100	0.014	0.605	0.0370	0.005	0.149
6.914	0.0085	0.018	0.714	0.0305	0.001	0.143
6.919	0.0069	0.014	0.775	0.0188	0.001	0.136
6.924	0.0055	0.014	0.680	0.0266	0.001	0.140
6.929	0.0037	0.020	0.699	0.0229	0.001	0.122
6.934	0.0038	0.014	0.611	0.0242	0.001	0.137
6.939	0.0026	0.014	0.499	0.0301	0.002	0.177
6.944	0.0012	0.023	0.433	0.0201	0.031	0.225
6.949	0.0012	0.014	0.500	0.0073	0.050	0.229
6.954	0.0019	0.030	0.211	0.0250	0.059	0.315
6.959	0.0022	0.027	0.174	0.0236	0.052	0.267
6.964	0.0014	0.045	0.238	0.0133	0.034	0.233
6.969	0.0064	0.061	0.207	0.0116	0.042	0.258
6.974	0.0153	0.052	0.188	0.0146	0.238	0.363
6.979	0.0071	0.066	0.170	0.0118	0.502	0.426
6.984	0.0056	0.111	0.136	0.0107	0.659	0.502
6.989	0.0039	0.123	0.123	0.0132	0.668	0.507
6.994	0.0025	0.127	0.167	0.0123	0.697	0.509
6.999	0.0031	0.145	0.204	0.0128	0.719	0.482
7.004	0.0028	0.143	0.169	0.0160	0.914	0.462
7.009	0.0037	0.193	0.152	0.0128	0.919	0.445
7.014	0.0050	0.164	0.125	0.0113	0.914	0.435
7.019	0.0058	0.145	0.158	0.0130	0.951	0.434
7.024	0.0092	0.177	0.143	0.0123	0.967	0.410
7.029	0.0118	0.168	0.148	0.0117	0.964	0.420
7.034	0.0115	0.173	0.135	0.0134	0.972	0.430
7.039	0.0122	0.177	0.166	0.0150	0.979	0.395
7.044	0.0151	0.184	0.174	0.0133	0.989	0.360
7.049	0.0175	0.150	0.206	0.0132	0.984	0.361
7.054	0.0198	0.166	0.210	0.0124	0.962	0.371
7.059	0.0213	0.132	0.241	0.0161	0.914	0.357
7.064	0.0143	0.130	0.321	0.0323	0.295	0.293
7.069	0.0121	0.116	0.476	0.0373	0.076	0.248
7.074	0.0149	0.043	0.635	0.0273	0.015	0.173
7.079	0.0101	0.034	0.614	0.0258	0.006	0.136
7.084	0.0073	0.018	0.637	0.0165	0.003	0.102
7.089	0.0208	0.014	0.670	0.0198	0.003	0.089
7.094	0.0394	0.007	0.637	0.0145	0.003	0.084
7.099	0.0537	0.009	0.645	0.0288	0.002	0.075
7.104	0.0730	0.018	0.623	0.0242	0.001	0.065
7.109	0.0771	0.007	0.684	0.0150	0.001	0.059
7.114	0.1015	0.011	0.738	0.0120	0.001	0.049
7.119	0.1117	0.009	0.727	0.0135	0.001	0.048
7.124	0.1503	0.009	0.674	0.0178	0.001	0.051
7.129	0.1790	0.007	0.655	0.0215	0.001	0.055
7.134	0.1504	0.009	0.633	0.0208	0.001	0.053
7.139	0.1504	0.014	0.655	0.0200	0.001	0.052
7.144	0.1851	0.009	0.686	0.0133	0.001	0.056
7.149	0.2086	0.009	0.660	0.0185	0.001	0.051
7.154	0.2302	0.014	0.587	0.0237	0.002	0.052
7.159	0.2299	0.016	0.585	0.0192	0.003	0.063
7.164	0.1249	0.018	0.664	0.0166	0.003	0.063
7.169	0.1050	0.025	0.562	0.0213	0.006	0.067
7.174	0.1115	0.025	0.636	0.0172	0.009	0.072
7.179	0.1299	0.032	0.665	0.0212	0.008	0.070
7.184	0.1065	0.030	0.743	0.0150	0.006	0.066
7.189	0.1558	0.020	0.735	0.0135	0.005	0.068
7.194	0.1283	0.020	0.650	0.0160	0.005	0.061
7.199	0.0970	0.020	0.631	0.0258	0.003	0.052
7.204	0.1184	0.025	0.644	0.0242	0.001	0.041
7.209	0.1758	0.020	0.694	0.0171	0.001	0.039
7.214	0.2305	0.018	0.602	0.0230	0.001	0.035
7.219	0.3100	0.020	0.463	0.0268	0.001	0.038
7.224	0.2664	0.014	0.609	0.0218	0.001	0.036
7.229	0.2260	0.014	0.540	0.0205	0.000	0.034
7.234	0.3152	0.011	0.445	0.0322	0.001	0.046
7.239	0.2725	0.014	0.234	0.0221	0.002	0.053
7.244	0.1025	0.020	0.346	0.0281	0.001	0.056
7.249	0.1023	0.023	0.568	0.0293	0.001	0.059
7.254	0.0711	0.014	0.465	0.0349	0.001	0.065
7.259	0.0821	0.011	0.501	0.0267	0.001	0.060
7.263	0.0736	0.009	0.576	0.0242	0.001	0.055
7.268	0.1184	0.014	0.540	0.0437	0.001	0.056
7.273	0.0781	0.014	0.563	0.0300	0.001	0.062
7.278	0.0939	0.016	0.635	0.0359	0.001	0.050
7.283	0.0821	0.014	0.678	0.0239	0.000	0.045
7.288	0.1319	0.014	0.603	0.0216	0.000	0.049
7.293	0.1179	0.014	0.410	0.0319	0.001	0.058
7.298	0.0629	0.011	0.397	0.0295	0.001	0.049
7.303	0.0521	0.014	0.317	0.0331	0.001	0.053
7.308	0.0360	0.027	0.344	0.0277	0.001	0.054
7.313	0.0502	0.025	0.455	0.0263	0.001	0.063
7.318	0.0325	0.027	0.463	0.0362	0.001	0.061
7.323	0.0275	0.027	0.519	0.0199	0.002	0.067
7.328	0.0325	0.030	0.392	0.0275	0.001	0.072
7.333	0.0163	0.020	0.499	0.0361	0.001	0.067
7.338	0.0282	0.030	0.444	0.0235	0.001	0.072
7.343	0.0256	0.027	0.484	0.0274	0.001	0.056
7.348	0.0266	0.030	0.403	0.0214	0.002	0.051
7.353	0.0544	0.030	0.244	0.0310	0.003	0.055
7.358	0.0500	0.039	0.443	0.0217	0.002	0.051
7.363	0.0354	0.030	0.398	0.0194	0.004	0.050
7.368	0.0522	0.020	0.374	0.0360	0.003	0.049
7.373	0.0257	0.020	0.477	0.0261	0.001	0.040
7.378	0.0528	0.030	0.520	0.0233	0.001	0.033
7.383	0.0848	0.030	0.583	0.0170	0.001	0.031
7.388	0.1042	0.027	0.531	0.0240	0.001	0.032
7.393	0.0962	0.025	0.558	0.0153	0.001	0.034
7.398	0.1297	0.027	0.548	0.0156	0.001	0.034
7.403	0.1493	0.020	0.459	0.0253	0.001	0.036
7.408	0.1111	0.018	0.405	0.0209	0.001	0.043
7.413	0.0676	0.030	0.300	0.0231	0.002	0.054
7.418	0.0792	0.023	0.417	0.0196	0.004	0.057
7.423	0.0669	0.027	0.593	0.0236	0.003	0.051
7.428	0.0837	0.025	0.626	0.0162	0.002	0.050
7.433	0.0821	0.030	0.587	0.0214	0.002	0.050
7.438	0.0560	0.025	0.551	0.0168	0.001	0.056
7.443	0.0567	0.030	0.416	0.0207	0.002	0.060
7.448	0.0651	0.027	0.299	0.0260	0.004	0.076
7.453	0.0564	0.030	0.322	0.0163	0.003	0.078
7.458	0.0346	0.016	0.373	0.0224	0.002	0.079
7.463	0.0321	0.027	0.331	0.0306	0.004	0.081
7.468	0.0293	0.020	0.285	0.0224	0.007	0.093
7.473	0.0320	0.018	0.210	0.0369	0.018	0.116
7.478	0.0130	0.027	0.180	0.0287	0.011	0.094
7.483	0.0109	0.016	0.276	0.0272	0.008	0.117
7.488	0.0272	0.023	0.401	0.0250	0.012	0.143
7.493	0.0138	0.016	0.324	0.0261	0.018	0.142
7.498	0.0069	0.027	0.285	0.0247	0.023	0.115
7.503	0.0082	0.023	0.359	0.0164	0.022	0.111
7.508	0.0087	0.018	0.453	0.0406	0.005	0.097
7.513	0.0068	0.014	0.424	0.0291	0.003	0.099
7.518	0.0083	0.023	0.351	0.0438	0.002	0.095
7.523	0.0064	0.014	0.519	0.0343	0.006	0.101
7.528	0.0052	0.027	0.257	0.0411	0.007	0.108
7.533	0.0024	0.023	0.447	0.0281	0.003	0.117
7.538	0.0027	0.027	0.513	0.0166	0.005	0.197
7.543	0.0030	0.023	0.399	0.0215	0.013	0.237
7.548	0.0011	0.034	0.335	0.0184	0.024	0.231
7.553	0.0017	0.034	0.389	0.0232	0.032	0.177
7.558	0.0024	0.032	0.362	0.0152	0.033	0.148
7.563	0.0032	0.039	0.281	0.0170	0.075	0.182
7.568	0.0040	0.050	0.280	0.0190	0.097	0.205
7.573	0.0027	0.052	0.252	0.0133	0.114	0.220
7.578	0.0029	0.045	0.283	0.0170	0.139	0.222
7.583	0.0025	0.068	0.240	0.0135	0.126	0.237
7.588	0.0042	0.057	0.188	0.0206	0.159	0.230
7.593	0.0037	0.048	0.227	0.0149	0.166	0.222
7.598	0.0056	0.057	0.255	0.0187	0.151	0.225
7.603	0.0034	0.068	0.251	0.0154	0.165	0.237
7.608	0.0048	0.057	0.191	0.0135	0.184	0.252
7.613	0.0053	0.066	0.154	0.0149	0.263	0.273
7.618	0.0042	0.077	0.158	0.0159	0.251	0.264
7.623	0.0046	0.073	0.156	0.0163	0.190	0.251
7.628	0.0053	0.064	0.182	0.0182	0.211	0.253
7.633	0.0058	0.080	0.270	0.0178	0.247	0.260
7.638	0.0056	0.059	0.360	0.0180	0.202	0.260
7.643	0.0057	0.073	0.362	0.0139	0.181	0.280
7.648	0.0101	0.055	0.292	0.0163	0.217	0.296
7.653	0.0061	0.068	0.215	0.0154	0.256	0.301
7.658	0.0052	0.070	0.191	0.0162	0.279	0.288
7.663	0.0064	0.093	0.249	0.0134	0.217	0.295
7.668	0.0075	0.077	0.247	0.0234	0.172	0.292
7.673	0.0056	0.064	0.223	0.0166	0.185	0.284
7.678	0.0086	0.055	0.183	0.0166	0.170	0.270
7.683	0.0055	0.075	0.238	0.0158	0.125	0.260
7.688	0.0100	0.055	0.272	0.0187	0.145	0.284
7.693	0.0082	0.070	0.235	0.0180	0.223	0.299
7.698	0.0077	0.068	0.280	0.0204	0.163	0.277
7.702	0.0054	0.073	0.341	0.0196	0.110	0.229
7.707	0.0075	0.043	0.362	0.0176	0.122	0.231
7.712	0.0089	0.064	0.359	0.0168	0.135	0.243
7.717	0.0075	0.055	0.241	0.0179	0.173	0.253
7.722	0.0051	0.064	0.293	0.0213	0.101	0.239
7.727	0.0053	0.064	0.332	0.0147	0.078	0.223
7.732	0.0072	0.068	0.241	0.0173	0.137	0.246
7.737	0.0058	0.059	0.225	0.0167	0.139	0.245
7.742	0.0045	0.061	0.199	0.0151	0.120	0.223
7.747	0.0057	0.043	0.128	0.0208	0.071	0.216
7.752	0.0063	0.041	0.270	0.0225	0.044	0.189
7.757	0.0084	0.050	0.355	0.0185	0.037	0.173
7.762	0.0094	0.032	0.379	0.0200	0.028	0.165
7.767	0.0110	0.034	0.282	0.0179	0.019	0.156
7.772	0.0082	0.020	0.298	0.0279	0.013	0.117
7.777	0.0111	0.027	0.241	0.0248	0.009	0.101
7.782	0.0121	0.032	0.242	0.0393	0.006	0.092
7.787	0.0044	0.034	0.150	0.0236	0.004	0.094
7.792	0.0047	0.030	0.219	0.0300	0.006	0.136
7.797	0.0029	0.025	0.286	0.0221	0.008	0.132
7.802	0.0021	0.032	0.250	0.0657	0.005	0.099
7.807	0.0025	0.020	0.210	0.0404	0.003	0.082
7.812	0.0031	0.023	0.321	0.0236	0.002	0.048
7.817	0.0053	0.014	0.390	0.0233	0.003	0.040
7.822	0.0198	0.016	0.440	0.0216	0.003	0.034
7.827	0.0299	0.014	0.497	0.0279	0.002	0.030
7.832	0.0559	0.018	0.581	0.0228	0.001	0.030
7.837	0.0539	0.025	0.602	0.0139	0.000	0.028
7.842	0.0592	0.020	0.622	0.0137	0.000	0.026
7.847	0.0996	0.020	0.566	0.0207	0.000	0.030
7.852	0.1706	0.018	0.620	0.0217	0.001	0.039
7.857	0.1754	0.020	0.719	0.0090	0.000	0.035
7.862	0.2288	0.027	0.692	0.0094	0.000	0.035
7.867	0.3331	0.025	0.661	0.0185	0.000	0.032
7.872	0.4091	0.025	0.576	0.0224	0.000	0.037
7.877	0.4554	0.027	0.638	0.0186	0.000	0.046
7.882	0.4060	0.032	0.673	0.0162	0.000	0.040
7.887	0.4215	0.032	0.607	0.0217	0.000	0.039
7.892	0.4676	0.027	0.615	0.0231	0.001	0.046
7.897	0.4342	0.032	0.611	0.0208	0.001	0.053
7.902	0.4420	0.025	0.606	0.0147	0.001	0.058
7.907	0.2738	0.020	0.642	0.0185	0.001	0.053
7.912	0.2634	0.025	0.649	0.0189	0.001	0.052
7.917	0.2693	0.020	0.688	0.0158	0.001	0.057
7.922	0.2006	0.020	0.638	0.0154	0.002	0.065
7.927	0.1471	0.014	0.680	0.0128	0.003	0.066
7.932	0.1257	0.025	0.703	0.0139	0.001	0.064
7.937	0.1934	0.016	0.688	0.0125	0.001	0.066
7.942	0.2290	0.016	0.711	0.0209	0.001	0.060
7.947	0.2592	0.014	0.705	0.0164	0.001	0.051
7.952	0.2564	0.009	0.743	0.0152	0.001	0.050
7.957	0.2581	0.016	0.713	0.0201	0.000	0.041
7.962	0.2615	0.014	0.724	0.0220	0.000	0.034
7.967	0.2735	0.009	0.726	0.0156	0.000	0.030
7.972	0.2517	0.009	0.726	0.0148	0.000	0.029
7.977	0.2358	0.014	0.683	0.0138	0.000	0.030
7.982	0.1751	0.014	0.651	0.0136	0.000	0.032
7.987	0.1406	0.018	0.676	0.0137	0.000	0.037
7.992	0.1233	0.009	0.696	0.0105	0.001	0.047
7.997	0.1174	0.018	0.669	0.0121	0.001	0.054
8.002	0.0908	0.018	0.646	0.0183	0.001	0.049
8.007	0.0854	0.018	0.651	0.0204	0.001	0.049
8.012	0.0933	0.016	0.693	0.0154	0.001	0.045
8.017	0.1149	0.016	0.649	0.0142	0.001	0.042
8.022	0.1492	0.020	0.666	0.0113	0.001	0.040
8.027	0.1563	0.014	0.688	0.0134	0.001	0.045
8.032	0.2190	0.014	0.677	0.0196	0.001	0.046
8.037	0.2185	0.009	0.574	0.0147	0.001	0.050
8.042	0.1832	0.023	0.505	0.0209	0.001	0.052
8.047	0.1579	0.025	0.551	0.0160	0.002	0.050
8.052	0.1237	0.023	0.614	0.0204	0.001	0.045
8.057	0.1191	0.020	0.515	0.0109	0.001	0.052
8.062	0.2394	0.025	0.364	0.0177	0.002	0.058
8.067	0.2216	0.025	0.499	0.0198	0.004	0.062
8.072	0.1872	0.014	0.658	0.0120	0.004	0.063
8.077	0.2026	0.016	0.574	0.0112	0.004	0.068
8.082	0.1053	0.009	0.560	0.0223	0.002	0.071
8.087	0.0831	0.016	0.449	0.0155	0.002	0.065
8.092	0.1385	0.007	0.467	0.0228	0.001	0.064
8.097	0.1557	0.007	0.415	0.0208	0.001	0.065
8.102	0.0531	0.032	0.328	0.0211	0.001	0.077
8.107	0.0927	0.007	0.269	0.0389	0.001	0.083
8.112	0.0357	0.011	0.309	0.0336	0.001	0.073
8.117	0.0346	0.007	0.451	0.0390	0.000	0.053
8.122	0.0220	0.011	0.490	0.0174	0.000	0.041
8.127	0.0312	0.011	0.464	0.0210	0.000	0.035
8.132	0.0412	0.007	0.443	0.0203	0.000	0.029
8.137	0.0296	0.009	0.445	0.0228	0.000	0.033
8.141	0.0282	0.016	0.358	0.0335	0.000	0.044
8.146	0.0260	0.002	0.294	0.0472	0.000	0.059
8.151	0.0146	0.007	0.287	0.0222	0.031	0.256
8.156	0.0074	0.002	0.348	0.0087	0.104	0.330
8.161	0.0068	0.027	0.236	0.0124	0.290	0.424
8.166	0.0155	0.098	0.206	0.0151	0.375	0.450
8.171	0.0107	0.111	0.218	0.0111	0.472	0.441
8.176	0.0093	0.136	0.178	0.0138	0.568	0.428
8.181	0.0105	0.180	0.160	0.0138	0.758	0.411
8.186	0.0097	0.232	0.159	0.0140	0.682	0.408
8.191	0.0106	0.216	0.177	0.0139	0.773	0.418
8.196	0.0120	0.209	0.142	0.0110	0.802	0.442
8.201	0.0128	0.239	0.137	0.0153	0.524	0.458
8.206	0.0073	0.164	0.221	0.0135	0.408	0.468
8.211	0.0071	0.148	0.411	0.0169	0.232	0.453
8.216	0.0054	0.105	0.497	0.0222	0.108	0.429
8.221	0.0086	0.020	0.617	0.0216	0.031	0.380
8.226	0.0081	0.032	0.619	0.0086	0.024	0.355
8.231	0.0089	0.030	0.575	0.0121	0.024	0.376
8.236	0.0091	0.025	0.570	0.0116	0.023	0.374
8.241	0.0080	0.027	0.533	0.0190	0.016	0.300
8.246	0.0130	0.020	0.476	0.0244	0.011	0.231
8.251	0.0153	0.014	0.440	0.0400	0.002	0.119
8.256	0.0280	0.007	0.507	0.0343	0.000	0.070
8.261	0.0476	0.014	0.581	0.0245	0.000	0.036
8.266	0.0619	0.007	0.628	0.0200	0.000	0.036
8.271	0.0986	0.009	0.670	0.0287	0.000	0.041
8.276	0.1697	0.009	0.602	0.0284	0.000	0.045
8.281	0.2250	0.011	0.553	0.0278	0.000	0.043
8.286	0.2559	0.018	0.554	0.0223	0.000	0.042
8.291	0.2910	0.025	0.597	0.0214	0.000	0.046
8.296	0.2699	0.018	0.702	0.0145	0.000	0.044
8.301	0.3225	0.023	0.673	0.0175	0.000	0.041
8.306	0.3247	0.025	0.657	0.0226	0.000	0.041
8.311	0.2534	0.011	0.667	0.0243	0.000	0.036
8.316	0.2428	0.018	0.690	0.0209	0.000	0.034
8.321	0.2405	0.011	0.718	0.0139	0.000	0.030
8.326	0.2039	0.014	0.693	0.0088	0.000	0.031
8.331	0.1784	0.018	0.663	0.0115	0.000	0.036
8.336	0.1745	0.016	0.620	0.0162	0.000	0.039
8.341	0.1498	0.014	0.478	0.0328	0.000	0.043
8.346	0.1124	0.011	0.517	0.0263	0.000	0.042
8.351	0.0903	0.018	0.636	0.0163	0.000	0.042
8.356	0.1041	0.014	0.582	0.0187	0.000	0.045
8.361	0.1139	0.011	0.420	0.0171	0.001	0.051
8.366	0.0612	0.025	0.372	0.0428	0.001	0.056
8.371	0.0388	0.030	0.495	0.0180	0.001	0.051
8.376	0.0540	0.014	0.495	0.0239	0.000	0.045
8.381	0.0669	0.011	0.539	0.0264	0.000	0.043
8.386	0.0643	0.011	0.573	0.0234	0.000	0.040
8.391	0.0409	0.009	0.665	0.0265	0.000	0.036
8.396	0.0511	0.007	0.659	0.0120	0.000	0.032
8.401	0.0659	0.009	0.690	0.0141	0.000	0.034
8.406	0.0863	0.007	0.681	0.0088	0.000	0.040
8.411	0.0757	0.007	0.683	0.0143	0.000	0.041
8.416	0.0921	0.009	0.701	0.0219	0.000	0.040
8.421	0.0951	0.007	0.641	0.0210	0.000	0.041
8.426	0.1298	0.009	0.623	0.0252	0.000	0.037
8.431	0.1277	0.009	0.608	0.0083	0.000	0.039
8.436	0.1272	0.011	0.557	0.0178	0.001	0.041
8.441	0.1409	0.018	0.620	0.0180	0.001	0.044
8.446	0.1288	0.007	0.676	0.0120	0.001	0.049
8.451	0.1274	0.009	0.616	0.0148	0.001	0.050
8.456	0.1368	0.016	0.623	0.0112	0.001	0.043
8.461	0.1398	0.020	0.518	0.0155	0.001	0.043
8.466	0.1322	0.027	0.508	0.0276	0.001	0.048
8.471	0.0934	0.030	0.647	0.0287	0.000	0.043
8.476	0.0803	0.016	0.695	0.0192	0.001	0.036
8.481	0.0548	0.009	0.696	0.0223	0.000	0.032
8.486	0.0182	0.011	0.661	0.0122	0.000	0.033
8.491	0.0255	0.009	0.673	0.0121	0.000	0.034
8.496	0.0767	0.007	0.711	0.0063	0.000	0.035
8.501	0.0949	0.014	0.685	0.0095	0.000	0.059
8.506	0.1133	0.014	0.664	0.0198	0.001	0.061
8.511	0.0934	0.007	0.611	0.0205	0.002	0.066
8.516	0.0837	0.018	0.609	0.0191	0.003	0.073
8.521	0.0391	0.005	0.596	0.0169	0.004	0.086
8.526	0.0457	0.023	0.589	0.0188	0.008	0.095
8.531	0.0748	0.007	0.669	0.0189	0.005	0.092
8.536	0.1053	0.009	0.639	0.0237	0.003	0.088
8.541	0.0887	0.007	0.546	0.0196	0.002	0.096
8.546	0.0496	0.009	0.418	0.0171	0.004	0.118
8.551	0.0488	0.014	0.314	0.0131	0.050	0.212
8.556	0.0441	0.020	0.150	0.0178	0.188	0.302
8.561	0.0226	0.075	0.219	0.0125	0.457	0.355
8.566	0.0167	0.084	0.193	0.0120	0.598	0.359
8.571	0.0279	0.107	0.139	0.0114	0.777	0.412
8.576	0.0330	0.132	0.200	0.0099	0.836	0.450
8.580	0.0350	0.189	0.167	0.0125	0.829	0.416
8.585	0.0228	0.159	0.133	0.0120	0.848	0.414
8.590	0.0261	0.166	0.122	0.0123	0.852	0.420
8.595	0.0203	0.159	0.147	0.0129	0.875	0.417
8.600	0.0290	0.173	0.167	0.0115	0.914	0.413
8.605	0.0315	0.157	0.157	0.0145	0.923	0.398
8.610	0.0304	0.175	0.160	0.0119	0.915	0.396
8.615	0.0383	0.164	0.155	0.0126	0.902	0.397
8.620	0.0342	0.168	0.150	0.0104	0.789	0.385
8.625	0.0353	0.150	0.189	0.0113	0.689	0.390
8.630	0.0279	0.143	0.149	0.0152	0.504	0.382
8.635	0.0190	0.150	0.142	0.0198	0.364	0.340
8.640	0.0205	0.073	0.388	0.0388	0.039	0.220
8.645	0.0102	0.080	0.477	0.0290	0.009	0.147
8.650	0.0245	0.018	0.556	0.0200	0.004	0.107
8.655	0.0210	0.014	0.558	0.0189	0.003	0.095
8.660	0.0634	0.014	0.590	0.0182	0.003	0.067
8.665	0.1281	0.018	0.658	0.0120	0.003	0.058
8.670	0.1773	0.020	0.652	0.0110	0.003	0.057
8.675	0.2473	0.014	0.682	0.0165	0.002	0.051
8.680	0.2069	0.014	0.705	0.0105	0.001	0.041
8.685	0.2067	0.020	0.658	0.0105	0.001	0.043
8.690	0.1180	0.020	0.692	0.0143	0.001	0.047
8.695	0.1723	0.020	0.693	0.0063	0.001	0.048
8.700	0.2290	0.025	0.663	0.0092	0.001	0.052
8.705	0.2665	0.020	0.653	0.0102	0.001	0.057
8.710	0.2582	0.025	0.629	0.0153	0.001	0.058
8.715	0.2567	0.023	0.690	0.0144	0.001	0.058
8.720	0.2671	0.027	0.682	0.0095	0.001	0.060
8.725	0.2072	0.020	0.626	0.0120	0.003	0.067
8.730	0.1582	0.014	0.585	0.0152	0.004	0.072
8.735	0.1066	0.009	0.595	0.0165	0.002	0.072
8.740	0.0707	0.023	0.658	0.0136	0.002	0.063
8.745	0.0931	0.020	0.644	0.0132	0.002	0.056
8.750	0.1031	0.018	0.648	0.0175	0.001	0.063
8.755	0.0823	0.018	0.621	0.0190	0.000	0.059
8.760	0.0710	0.020	0.527	0.0480	0.000	0.046
8.765	0.0543	0.018	0.597	0.0259	0.000	0.031
8.770	0.0639	0.005	0.731	0.0114	0.001	0.030
8.775	0.0964	0.014	0.726	0.0107	0.001	0.031
8.780	0.1087	0.009	0.723	0.0104	0.002	0.038
8.785	0.1155	0.009	0.702	0.0141	0.003	0.046
8.790	0.1125	0.011	0.720	0.0226	0.002	0.056
8.795	0.1074	0.009	0.707	0.0185	0.002	0.051
8.800	0.0986	0.005	0.691	0.0169	0.001	0.059
8.805	0.0771	0.005	0.673	0.0174	0.001	0.066
8.810	0.0530	0.005	0.654	0.0143	0.001	0.074
8.815	0.0526	0.005	0.599	0.0098	0.001	0.078
8.820	0.0573	0.002	0.510	0.0153	0.001	0.108
8.825	0.0490	0.005	0.466	0.0190	0.004	0.130
8.830	0.0359	0.005	0.329	0.0317	0.011	0.182
8.835	0.0107	0.007	0.175	0.0141	0.065	0.323
8.840	0.0081	0.048	0.187	0.0129	0.185	0.423
8.845	0.0064	0.107	0.276	0.0132	0.248	0.442
8.850	0.0100	0.086	0.305	0.0112	0.258	0.473
8.855	0.0121	0.089	0.291	0.0153	0.333	0.485
8.860	0.0101	0.107	0.225	0.0100	0.489	0.474
8.865	0.0171	0.150	0.145	0.0114	0.689	0.461
8.870	0.0127	0.193	0.111	0.0102	0.813	0.481
8.875	0.0127	0.200	0.139	0.0130	0.825	0.475
8.880	0.0148	0.225	0.136	0.0099	0.794	0.462
8.885	0.0174	0.218	0.168	0.0104	0.726	0.450
8.890	0.0189	0.209	0.154	0.0139	0.529	0.441
8.895	0.0137	0.182	0.187	0.0179	0.368	0.450
8.900	0.0112	0.139	0.145	0.0246	0.149	0.368
8.905	0.0083	0.114	0.324	0.0445	0.055	0.319
8.910	0.0102	0.095	0.533	0.0265	0.009	0.203
8.915	0.0208	0.007	0.614	0.0191	0.005	0.172
8.920	0.0391	0.027	0.586	0.0184	0.003	0.128
8.925	0.0431	0.009	0.587	0.0194	0.003	0.132
8.930	0.0380	0.011	0.546	0.0159	0.005	0.178
8.935	0.0155	0.014	0.574	0.0176	0.006	0.199
8.940	0.0226	0.020	0.634	0.0291	0.002	0.155
8.945	0.0183	0.005	0.608	0.0212	0.001	0.109
8.950	0.0187	0.002	0.591	0.0232	0.000	0.084
8.955	0.0120	0.002	0.595	0.0255	0.000	0.084
8.960	0.0157	0.005	0.576	0.0455	0.000	0.074
8.965	0.0150	0.002	0.572	0.0348	0.000	0.073
8.970	0.0096	0.002	0.497	0.0351	0.000	0.080
8.975	0.0098	0.005	0.280	0.0387	0.000	0.100
8.980	0.0073	0.002	0.335	0.0387	0.001	0.145
8.985	0.0020	0.007	0.366	0.0336	0.001	0.137
8.990	0.0020	0.005	0.101	0.1121	0.001	0.136
8.995	0.0009	0.002	0.254	0.0299	0.022	0.259
9.000	0.0022	0.002	0.234	0.0102	0.015	0.228
9.005	0.0025	0.014	0.221	0.0315	0.008	0.192
9.010	0.0199	0.032	0.315	0.0424	0.001	0.078
9.015	0.0115	0.009	0.465	0.0268	0.001	0.054
9.020	0.0360	0.018	0.468	0.0296	0.000	0.041
9.024	0.0639	0.011	0.549	0.0280	0.000	0.034
9.029	0.0598	0.007	0.583	0.0216	0.000	0.030
9.034	0.1133	0.016	0.590	0.0176	0.000	0.027
9.039	0.1911	0.018	0.590	0.0240	0.000	0.025
9.044	0.1576	0.014	0.558	0.0219	0.000	0.027
9.049	0.1357	0.011	0.579	0.0258	0.000	0.034
9.054	0.1739	0.009	0.577	0.0202	0.000	0.038
9.059	0.1764	0.009	0.617	0.0224	0.000	0.029
9.064	0.1009	0.011	0.607	0.0314	0.000	0.031
9.069	0.1397	0.011	0.564	0.0223	0.000	0.035
9.074	0.2197	0.020	0.571	0.0303	0.000	0.033
9.079	0.1181	0.014	0.601	0.0229	0.000	0.035
9.084	0.1406	0.018	0.583	0.0181	0.000	0.032
9.089	0.1817	0.014	0.611	0.0188	0.000	0.031
9.094	0.1167	0.009	0.616	0.0182	0.000	0.028
9.099	0.0936	0.014	0.596	0.0149	0.000	0.029
9.104	0.1603	0.011	0.620	0.0101	0.000	0.026
9.109	0.1093	0.007	0.631	0.0208	0.000	0.025
9.114	0.0922	0.018	0.670	0.0186	0.000	0.024
9.119	0.2047	0.020	0.670	0.0125	0.000	0.025
9.124	0.1685	0.025	0.639	0.0139	0.000	0.028
9.129	0.1811	0.018	0.569	0.0218	0.000	0.028
9.134	0.1946	0.018	0.574	0.0155	0.000	0.031
9.139	0.1408	0.009	0.591	0.0226	0.000	0.031
9.144	0.1201	0.018	0.579	0.0237	0.000	0.031
9.149	0.1746	0.023	0.598	0.0186	0.000	0.034
9.154	0.1191	0.018	0.591	0.0140	0.000	0.035
9.159	0.1539	0.023	0.569	0.0202	0.000	0.034
9.164	0.1516	0.027	0.619	0.0279	0.000	0.033
9.169	0.1175	0.025	0.602	0.0184	0.000	0.036
9.174	0.1802	0.025	0.598	0.0117	0.000	0.037
9.179	0.1650	0.032	0.595	0.0256	0.000	0.040
9.184	0.1051	0.018	0.569	0.0166	0.000	0.042
9.189	0.1209	0.027	0.537	0.0209	0.000	0.049
9.194	0.1295	0.018	0.549	0.0281	0.000	0.047
9.199	0.0898	0.018	0.548	0.0158	0.000	0.044
9.204	0.1076	0.020	0.497	0.0273	0.001	0.044
9.209	0.1106	0.011	0.596	0.0315	0.001	0.043
9.214	0.0885	0.011	0.559	0.0274	0.001	0.046
9.219	0.0995	0.018	0.501	0.0193	0.001	0.051
9.224	0.1009	0.018	0.598	0.0260	0.001	0.050
9.229	0.0482	0.014	0.493	0.0293	0.002	0.061
9.234	0.0800	0.018	0.536	0.0275	0.001	0.058
9.239	0.0576	0.016	0.442	0.0286	0.001	0.060
9.244	0.0529	0.018	0.396	0.0283	0.001	0.078
9.249	0.0586	0.016	0.550	0.0248	0.001	0.078
9.254	0.0161	0.018	0.455	0.0219	0.001	0.100
9.259	0.0204	0.032	0.427	0.0272	0.001	0.096
9.264	0.0259	0.018	0.468	0.0268	0.001	0.117
9.269	0.0189	0.025	0.437	0.0150	0.003	0.189
9.274	0.0311	0.025	0.508	0.0171	0.004	0.192
9.279	0.0107	0.011	0.501	0.0181	0.006	0.208
9.284	0.0158	0.016	0.531	0.0271	0.006	0.199
9.289	0.0216	0.014	0.492	0.0277	0.007	0.213
9.294	0.0121	0.036	0.410	0.0205	0.006	0.189
9.299	0.0274	0.025	0.453	0.0248	0.005	0.160
9.304	0.0125	0.023	0.402	0.0273	0.004	0.140
9.309	0.0221	0.034	0.346	0.0299	0.001	0.089
9.314	0.0351	0.023	0.395	0.0295	0.001	0.055
9.319	0.0150	0.016	0.430	0.0184	0.001	0.047
9.324	0.1004	0.030	0.522	0.0251	0.001	0.040
9.329	0.0804	0.007	0.627	0.0151	0.001	0.041
9.334	0.1119	0.018	0.609	0.0123	0.001	0.043
9.339	0.1505	0.016	0.613	0.0118	0.002	0.053
9.344	0.1138	0.009	0.636	0.0122	0.003	0.054
9.349	0.0925	0.020	0.609	0.0138	0.003	0.069
9.354	0.1064	0.020	0.605	0.0174	0.003	0.067
9.359	0.0956	0.014	0.618	0.0147	0.002	0.060
9.364	0.0496	0.018	0.530	0.0158	0.002	0.061
9.369	0.0893	0.014	0.555	0.0183	0.007	0.069
9.374	0.0802	0.014	0.496	0.0339	0.007	0.067
9.379	0.0360	0.032	0.514	0.0266	0.004	0.073
9.384	0.0879	0.027	0.556	0.0283	0.002	0.058
9.389	0.0716	0.032	0.574	0.0209	0.003	0.066
9.394	0.0762	0.023	0.542	0.0232	0.003	0.079
9.399	0.0516	0.018	0.544	0.0244	0.003	0.077
9.404	0.0320	0.020	0.480	0.0199	0.003	0.082
9.409	0.0258	0.027	0.371	0.0208	0.004	0.080
9.414	0.0302	0.025	0.248	0.0226	0.008	0.097
9.419	0.0176	0.014	0.246	0.0377	0.007	0.110
9.424	0.0054	0.030	0.330	0.0166	0.007	0.113
9.429	0.0220	0.027	0.494	0.0350	0.008	0.114
9.434	0.0121	0.020	0.628	0.0167	0.010	0.118
9.439	0.0102	0.009	0.704	0.0263	0.006	0.111
9.444	0.0127	0.009	0.673	0.0222	0.003	0.100
9.449	0.0180	0.014	0.595	0.0277	0.003	0.088
9.454	0.0102	0.009	0.528	0.0194	0.004	0.100
9.459	0.0146	0.009	0.264	0.0374	0.010	0.152
9.463	0.0050	0.018	0.363	0.0438	0.010	0.144
9.468	0.0037	0.018	0.418	0.0132	0.013	0.142
9.473	0.0030	0.014	0.402	0.0289	0.022	0.141
9.478	0.0033	0.018	0.516	0.0121	0.028	0.120
9.483	0.0049	0.025	0.464	0.0220	0.032	0.123
9.488	0.0054	0.030	0.505	0.0295	0.022	0.159
9.493	0.0056	0.034	0.571	0.0256	0.034	0.139
9.498	0.0046	0.030	0.578	0.0164	0.020	0.137
9.503	0.0068	0.032	0.478	0.0205	0.019	0.153
9.508	0.0072	0.030	0.569	0.0246	0.019	0.140
9.513	0.0051	0.050	0.630	0.0186	0.015	0.120
9.518	0.0058	0.027	0.621	0.0171	0.017	0.126
9.523	0.0079	0.030	0.579	0.0142	0.024	0.146
9.528	0.0078	0.043	0.627	0.0152	0.023	0.134
9.533	0.0055	0.032	0.624	0.0148	0.026	0.138
9.538	0.0057	0.030	0.631	0.0177	0.030	0.156
9.543	0.0049	0.036	0.617	0.0179	0.023	0.153
9.548	0.0061	0.030	0.595	0.0261	0.007	0.140
9.553	0.0067	0.020	0.584	0.0188	0.005	0.134
9.558	0.0071	0.020	0.590	0.0172	0.007	0.134
9.563	0.0081	0.020	0.635	0.0226	0.005	0.109
9.568	0.0145	0.020	0.655	0.0195	0.003	0.095
9.573	0.0194	0.011	0.664	0.0139	0.003	0.083
9.578	0.0172	0.011	0.650	0.0197	0.002	0.078
9.583	0.0178	0.011	0.660	0.0134	0.002	0.074
9.588	0.0269	0.011	0.691	0.0143	0.002	0.074
9.593	0.0339	0.011	0.704	0.0116	0.003	0.082
9.598	0.0403	0.011	0.640	0.0165	0.005	0.083
9.603	0.0319	0.011	0.575	0.0194	0.010	0.081
9.608	0.0198	0.009	0.516	0.0252	0.020	0.088
9.613	0.0200	0.011	0.532	0.0228	0.011	0.102
9.618	0.0225	0.016	0.524	0.0173	0.010	0.111
9.623	0.0152	0.027	0.512	0.0263	0.013	0.110
9.628	0.0109	0.018	0.459	0.0248	0.011	0.120
9.633	0.0161	0.014	0.417	0.0214	0.010	0.111
9.638	0.0137	0.023	0.470	0.0272	0.008	0.093
9.643	0.0087	0.027	0.534	0.0146	0.011	0.090
9.648	0.0165	0.025	0.488	0.0124	0.008	0.112
9.653	0.0202	0.025	0.417	0.0158	0.015	0.130
9.658	0.0121	0.014	0.595	0.0153	0.019	0.131
9.663	0.0059	0.050	0.581	0.0168	0.026	0.138
9.668	0.0122	0.032	0.516	0.0194	0.016	0.133
9.673	0.0131	0.018	0.576	0.0245	0.013	0.119
9.678	0.0055	0.030	0.551	0.0139	0.011	0.108
9.683	0.0105	0.027	0.586	0.0308	0.004	0.096
9.688	0.0164	0.009	0.684	0.0264	0.002	0.092
9.693	0.0149	0.009	0.653	0.0412	0.002	0.079
9.698	0.0149	0.016	0.540	0.0348	0.001	0.072
9.703	0.0262	0.018	0.266	0.0395	0.001	0.084
9.708	0.0122	0.018	0.424	0.0466	0.000	0.063
9.713	0.0062	0.007	0.611	0.0254	0.000	0.045
9.718	0.0039	0.005	0.644	0.0190	0.000	0.035
9.723	0.0155	0.002	0.610	0.0333	0.000	0.031
9.728	0.0166	0.005	0.546	0.0522	0.000	0.031
9.733	0.0088	0.002	0.510	0.0615	0.000	0.033
9.738	0.0095	0.002	0.594	0.0553	0.000	0.032
9.743	0.0077	0.005	0.495	0.0515	0.000	0.040
9.748	0.0094	0.002	0.406	0.1033	0.000	0.050
9.753	0.0084	0.002	0.395	0.1012	0.000	0.062
9.758	0.0027	0.002	0.473	0.0420	0.000	0.076
9.763	0.0029	0.005	0.337	0.0289	0.000	0.099
9.768	0.0016	0.002	0.531	0.0438	0.000	0.094
9.773	0.0017	0.002	0.582	0.0275	0.000	0.100
9.778	0.0012	0.005	0.533	0.0677	0.000	0.100
9.783	0.0022	0.002	0.506	0.0239	0.000	0.108
9.788	0.0007	0.002	0.471	0.0343	0.000	0.130
9.793	0.0010	0.002	0.442	0.0590	0.000	0.143
9.798	0.0010	0.009	0.103	0.0823	0.002	0.224
9.803	0.0010	0.005	0.099	0.0971	0.007	0.316
9.808	0.0002	0.009	0.302	0.0228	0.030	0.455
9.813	0.0002	0.009	0.183	0.0241	0.037	0.507
9.818	0.0002	0.005	0.215	0.0576	0.027	0.511
9.823	0.0002	0.000	0.094	0.0339	0.225	0.485
9.828	0.0001	0.027	0.346	0.0134	0.146	0.402
9.833	0.0002	0.036	0.294	0.0128	0.115	0.386
9.838	0.0021	0.086	0.277	0.0162	0.070	0.350
9.843	0.0068	0.059	0.280	0.0206	0.065	0.336
9.848	0.0033	0.048	0.234	0.0272	0.017	0.235
9.853	0.0025	0.032	0.309	0.0238	0.016	0.230
9.858	0.0010	0.041	0.321	0.0160	0.013	0.228
9.863	0.0010	0.025	0.262	0.0145	0.030	0.288
9.868	0.0008	0.032	0.258	0.0322	0.017	0.253
9.873	0.0005	0.030	0.272	0.0187	0.012	0.237
9.878	0.0008	0.030	0.241	0.0201	0.019	0.298
9.883	0.0005	0.025	0.426	0.0208	0.020	0.332
9.888	0.0003	0.034	0.510	0.0235	0.017	0.367
9.893	0.0002	0.032	0.550	0.0152	0.021	0.383
9.898	0.0003	0.023	0.231	0.0406	0.029	0.316
9.902	0.0002	0.032	0.069	0.0256	0.411	0.417
9.907	0.0001	0.032	0.238	0.0320	0.113	0.309
9.912	0.0009	0.041	0.319	0.0288	0.048	0.242
9.917	0.0148	0.055	0.238	0.0246	0.026	0.192
9.922	0.0858	0.036	0.265	0.0278	0.027	0.181
9.927	0.0718	0.039	0.340	0.0159	0.028	0.205
9.932	0.1200	0.048	0.372	0.0201	0.032	0.247
9.937	0.1096	0.048	0.351	0.0165	0.039	0.229
9.942	0.0530	0.045	0.372	0.0278	0.040	0.204
9.947	0.1107	0.039	0.325	0.0156	0.031	0.190
9.952	0.1470	0.041	0.384	0.0212	0.030	0.200
9.957	0.0683	0.048	0.356	0.0190	0.040	0.217
9.962	0.0940	0.032	0.326	0.0286	0.049	0.227
9.967	0.0384	0.034	0.302	0.0193	0.055	0.223
9.972	0.0627	0.039	0.349	0.0224	0.053	0.243
9.977	0.0340	0.068	0.228	0.0222	0.031	0.204
9.982	0.0492	0.036	0.300	0.0291	0.022	0.172
9.987	0.0262	0.041	0.291	0.0180	0.028	0.152
9.992	0.0437	0.030	0.345	0.0298	0.023	0.148
9.997	0.0359	0.041	0.208	0.0213	0.017	0.149
10.002	0.0864	0.030	0.165	0.0273	0.021	0.164
10.007	0.0508	0.030	0.300	0.0393	0.012	0.127
10.012	0.0479	0.023	0.471	0.0288	0.007	0.101
10.017	0.0701	0.027	0.574	0.0384	0.003	0.075
10.022	0.1985	0.018	0.667	0.0318	0.002	0.069
10.027	0.2979	0.025	0.582	0.0276	0.002	0.057
10.032	0.3609	0.027	0.499	0.0363	0.003	0.064
10.037	0.3505	0.023	0.645	0.0281	0.002	0.083
10.042	0.3624	0.020	0.719	0.0233	0.002	0.090
10.047	0.4831	0.020	0.728	0.0203	0.002	0.102
10.052	0.6362	0.025	0.761	0.0214	0.002	0.107
10.057	0.6319	0.025	0.783	0.0144	0.002	0.119
10.062	0.6607	0.023	0.791	0.0162	0.002	0.122
10.067	0.6495	0.027	0.740	0.0207	0.001	0.106
10.072	0.6888	0.025	0.669	0.0293	0.001	0.080
10.077	0.6908	0.023	0.489	0.0383	0.001	0.043
10.082	0.2886	0.014	0.607	0.0302	0.001	0.039
10.087	0.3648	0.014	0.646	0.0225	0.001	0.037
10.092	0.2287	0.018	0.696	0.0259	0.000	0.037
10.097	0.2712	0.018	0.723	0.0180	0.001	0.048
10.102	0.2207	0.011	0.704	0.0261	0.001	0.047
10.107	0.2117	0.018	0.762	0.0137	0.002	0.050
10.112	0.1842	0.016	0.661	0.0222	0.002	0.053
10.117	0.1317	0.014	0.587	0.0418	0.001	0.041
10.122	0.1764	0.011	0.503	0.0266	0.001	0.037
10.127	0.1820	0.025	0.445	0.0396	0.001	0.042
10.132	0.1344	0.011	0.651	0.0268	0.001	0.040
10.137	0.1158	0.009	0.646	0.0292	0.001	0.036
10.142	0.1260	0.011	0.593	0.0330	0.000	0.041
10.147	0.1015	0.014	0.662	0.0207	0.000	0.043
10.152	0.1400	0.011	0.605	0.0179	0.000	0.041
10.157	0.1315	0.009	0.586	0.0400	0.000	0.055
10.162	0.0929	0.009	0.707	0.0302	0.000	0.059
10.167	0.0822	0.009	0.647	0.0394	0.000	0.046
10.172	0.0815	0.009	0.501	0.0240	0.000	0.046
10.177	0.0269	0.011	0.310	0.0460	0.000	0.057
10.182	0.0365	0.011	0.318	0.0356	0.000	0.068
10.187	0.0290	0.011	0.287	0.0377	0.001	0.092
10.192	0.0069	0.018	0.343	0.0377	0.001	0.096
10.197	0.0096	0.011	0.320	0.0293	0.001	0.118
10.202	0.0101	0.016	0.285	0.0270	0.001	0.122
10.207	0.0037	0.018	0.353	0.0232	0.002	0.130
10.212	0.0097	0.014	0.405	0.0247	0.002	0.127
10.217	0.0036	0.016	0.352	0.0244	0.002	0.132
10.222	0.0069	0.020	0.434	0.0209	0.004	0.157
10.227	0.0059	0.027	0.219	0.0201	0.015	0.183
10.232	0.0094	0.007	0.193	0.0180	0.044	0.229
10.237	0.0043	0.025	0.123	0.0135	0.089	0.256
10.242	0.0107	0.034	0.122	0.0162	0.164	0.312
10.247	0.0101	0.070	0.185	0.0134	0.344	0.327
10.252	0.0109	0.073	0.211	0.0120	0.527	0.362
10.257	0.0194	0.095	0.140	0.0123	0.606	0.354
10.262	0.0253	0.123	0.173	0.0128	0.540	0.346
10.267	0.0295	0.125	0.129	0.0144	0.507	0.344
10.272	0.0327	0.139	0.167	0.0130	0.530	0.337
10.277	0.0384	0.107	0.181	0.0137	0.657	0.330
10.282	0.0388	0.118	0.246	0.0115	0.645	0.322
10.287	0.0391	0.123	0.148	0.0144	0.428	0.332
10.292	0.0325	0.111	0.160	0.0141	0.443	0.309
10.297	0.0409	0.091	0.155	0.0139	0.406	0.311
10.302	0.0495	0.107	0.193	0.0133	0.373	0.299
10.307	0.0488	0.080	0.189	0.0154	0.439	0.287
10.312	0.0417	0.091	0.212	0.0162	0.407	0.263
10.317	0.0287	0.100	0.326	0.0118	0.391	0.244
10.322	0.0522	0.093	0.280	0.0151	0.397	0.254
10.327	0.0335	0.107	0.295	0.0179	0.236	0.264
10.332	0.0365	0.082	0.295	0.0179	0.130	0.244
10.337	0.0172	0.086	0.270	0.0096	0.181	0.278
10.341	0.0434	0.066	0.193	0.0145	0.326	0.317
10.346	0.0180	0.086	0.235	0.0397	0.117	0.247
10.351	0.0098	0.102	0.446	0.0343	0.016	0.151
10.356	0.0122	0.052	0.506	0.0393	0.002	0.077
10.361	0.0444	0.016	0.596	0.0322	0.001	0.046
10.366	0.0698	0.018	0.644	0.0224	0.000	0.037
10.371	0.0964	0.009	0.659	0.0214	0.000	0.037
10.376	0.0979	0.009	0.599	0.0211	0.001	0.042
10.381	0.1354	0.009	0.505	0.0214	0.001	0.042
10.386	0.1152	0.007	0.567	0.0201	0.002	0.044
10.391	0.1054	0.011	0.502	0.0198	0.002	0.049
10.396	0.1220	0.018	0.432	0.0327	0.003	0.047
10.401	0.1095	0.016	0.496	0.0261	0.003	0.040
10.406	0.1330	0.020	0.424	0.0138	0.002	0.036
10.411	0.2089	0.027	0.460	0.0350	0.002	0.039
10.416	0.2133	0.023	0.612	0.0131	0.001	0.039
10.421	0.1079	0.023	0.403	0.0196	0.001	0.036
10.426	0.1038	0.020	0.505	0.0240	0.001	0.038
10.431	0.2000	0.030	0.599	0.0170	0.001	0.037
10.436	0.2504	0.030	0.569	0.0244	0.000	0.036
10.441	0.1822	0.027	0.561	0.0224	0.001	0.040
10.446	0.2338	0.030	0.579	0.0148	0.001	0.041
10.451	0.3205	0.027	0.564	0.0102	0.001	0.046
10.456	0.1710	0.023	0.519	0.0207	0.002	0.043
10.461	0.1738	0.027	0.526	0.0223	0.002	0.044
10.466	0.2149	0.020	0.628	0.0240	0.001	0.041
10.471	0.0998	0.025	0.600	0.0137	0.001	0.042
10.476	0.2034	0.027	0.519	0.0224	0.001	0.047
10.481	0.2413	0.027	0.516	0.0387	0.001	0.048
10.486	0.1319	0.023	0.499	0.0217	0.001	0.052
10.491	0.1527	0.016	0.506	0.0372	0.002	0.058
10.496	0.1086	0.016	0.601	0.0281	0.002	0.057
10.501	0.1203	0.018	0.556	0.0238	0.002	0.061
10.506	0.1507	0.023	0.484	0.0241	0.002	0.074
10.511	0.1080	0.025	0.430	0.0232	0.004	0.085
10.516	0.0941	0.023	0.430	0.0376	0.003	0.089
10.521	0.0605	0.011	0.504	0.0293	0.004	0.086
10.526	0.0730	0.011	0.501	0.0210	0.003	0.084
10.531	0.0426	0.020	0.447	0.0353	0.001	0.072
10.536	0.0856	0.014	0.512	0.0203	0.001	0.067
10.541	0.0522	0.018	0.394	0.0333	0.001	0.063
10.546	0.0649	0.014	0.306	0.0285	0.002	0.062
10.551	0.0615	0.018	0.316	0.0316	0.002	0.070
10.556	0.0345	0.020	0.430	0.0199	0.001	0.052
10.561	0.0352	0.014	0.375	0.0371	0.001	0.049
10.566	0.0224	0.023	0.263	0.0184	0.003	0.087
10.571	0.0199	0.016	0.301	0.0316	0.004	0.107
10.576	0.0066	0.027	0.337	0.0206	0.010	0.205
10.581	0.0124	0.023	0.245	0.0160	0.029	0.255
10.586	0.0067	0.030	0.211	0.0104	0.154	0.343
10.591	0.0108	0.027	0.147	0.0117	0.345	0.421
10.596	0.0115	0.082	0.127	0.0131	0.595	0.458
10.601	0.0137	0.157	0.144	0.0111	0.671	0.440
10.606	0.0176	0.148	0.202	0.0135	0.883	0.437
10.611	0.0154	0.166	0.182	0.0103	0.905	0.448
10.616	0.0225	0.148	0.185	0.0120	0.812	0.411
10.621	0.0237	0.168	0.199	0.0122	0.816	0.414
10.626	0.0344	0.170	0.170	0.0121	0.892	0.391
10.631	0.0249	0.141	0.147	0.0170	0.875	0.366
10.636	0.0178	0.152	0.192	0.0222	0.579	0.313
10.641	0.0224	0.132	0.304	0.0255	0.277	0.249
10.646	0.0220	0.075	0.443	0.0307	0.022	0.160
10.651	0.0403	0.023	0.532	0.0220	0.005	0.127
10.656	0.0438	0.014	0.522	0.0253	0.002	0.081
10.661	0.0448	0.007	0.481	0.0271	0.001	0.070
10.666	0.1024	0.007	0.513	0.0229	0.001	0.059
10.671	0.0828	0.016	0.530	0.0270	0.000	0.056
10.676	0.0869	0.018	0.421	0.0248	0.001	0.062
10.681	0.1416	0.020	0.378	0.0307	0.001	0.067
10.686	0.0962	0.020	0.258	0.0319	0.002	0.096
10.691	0.0838	0.020	0.296	0.0324	0.003	0.130
10.696	0.0575	0.014	0.269	0.0185	0.012	0.196
10.701	0.0275	0.032	0.205	0.0145	0.046	0.288
10.706	0.0302	0.027	0.187	0.0140	0.317	0.402
10.711	0.0082	0.125	0.151	0.0154	0.579	0.440
10.716	0.0097	0.184	0.192	0.0099	0.611	0.428
10.721	0.0170	0.184	0.203	0.0106	0.579	0.423
10.726	0.0212	0.168	0.164	0.0134	0.578	0.420
10.731	0.0246	0.155	0.167	0.0104	0.641	0.422
10.736	0.0274	0.195	0.135	0.0119	0.750	0.416
10.741	0.0329	0.189	0.127	0.0123	0.782	0.414
10.746	0.0229	0.264	0.169	0.0122	0.737	0.423
10.751	0.0283	0.177	0.133	0.0112	0.780	0.437
10.756	0.0266	0.225	0.157	0.0132	0.852	0.447
10.761	0.0250	0.243	0.216	0.0154	0.886	0.424
10.766	0.0228	0.264	0.207	0.0142	0.899	0.426
10.771	0.0233	0.248	0.216	0.0139	0.910	0.438
10.776	0.0204	0.257	0.273	0.0110	0.908	0.465
10.780	0.0216	0.261	0.255	0.0120	0.910	0.440
10.785	0.0290	0.261	0.209	0.0118	0.926	0.428
10.790	0.0285	0.248	0.160	0.0122	0.892	0.448
10.795	0.0217	0.243	0.172	0.0133	0.716	0.456
10.800	0.0252	0.241	0.176	0.0160	0.445	0.438
10.805	0.0230	0.170	0.219	0.0302	0.121	0.312
10.810	0.0272	0.089	0.123	0.0522	0.010	0.158
10.815	0.0170	0.034	0.437	0.0301	0.001	0.070
10.820	0.0382	0.009	0.511	0.0281	0.001	0.055
10.825	0.1127	0.009	0.538	0.0287	0.001	0.049
10.830	0.1887	0.016	0.588	0.0219	0.002	0.058
10.835	0.2347	0.018	0.621	0.0169	0.003	0.064
10.840	0.1573	0.009	0.625	0.0164	0.002	0.057
10.845	0.0877	0.011	0.613	0.0237	0.002	0.052
10.850	0.1265	0.009	0.645	0.0182	0.002	0.048
10.855	0.1533	0.011	0.659	0.0142	0.001	0.047
10.860	0.2095	0.018	0.654	0.0206	0.001	0.045
10.865	0.1784	0.009	0.650	0.0213	0.001	0.042
10.870	0.0987	0.011	0.670	0.0137	0.001	0.042
10.875	0.1199	0.011	0.690	0.0086	0.001	0.037
10.880	0.1832	0.011	0.720	0.0128	0.000	0.033
10.885	0.2527	0.011	0.719	0.0120	0.000	0.032
10.890	0.2670	0.011	0.680	0.0113	0.000	0.034
10.895	0.1466	0.011	0.671	0.0077	0.001	0.036
10.900	0.0831	0.011	0.682	0.0120	0.001	0.033
10.905	0.1621	0.011	0.650	0.0093	0.002	0.040
10.910	0.1975	0.009	0.658	0.0178	0.005	0.048
10.915	0.1920	0.016	0.646	0.0170	0.004	0.052
10.920	0.1877	0.011	0.539	0.0288	0.001	0.053
10.925	0.1173	0.011	0.448	0.0264	0.004	0.061
10.930	0.1399	0.009	0.359	0.0253	0.004	0.072
10.935	0.0970	0.007	0.253	0.0279	0.009	0.113
10.940	0.0436	0.011	0.393	0.0239	0.021	0.150
10.945	0.0641	0.018	0.507	0.0093	0.050	0.202
10.950	0.0457	0.023	0.507	0.0156	0.048	0.238
10.955	0.0225	0.052	0.558	0.0137	0.047	0.247
10.960	0.0287	0.025	0.579	0.0152	0.043	0.211
10.965	0.0425	0.027	0.514	0.0131	0.039	0.196
10.970	0.0368	0.020	0.547	0.0164	0.031	0.218
10.975	0.0231	0.016	0.441	0.0197	0.020	0.227
10.980	0.0131	0.016	0.414	0.0222	0.014	0.183
10.985	0.0093	0.025	0.504	0.0210	0.012	0.144
10.990	0.0095	0.011	0.533	0.0177	0.009	0.132
10.995	0.0102	0.014	0.539	0.0166	0.006	0.140
11.000	0.0090	0.014	0.474	0.0143	0.007	0.151
11.005	0.0043	0.020	0.473	0.0196	0.007	0.142
11.010	0.0051	0.009	0.183	0.0730	0.032	0.257
11.015	0.0035	0.016	0.344	0.0233	0.008	0.197
11.020	0.0035	0.030	0.352	0.0126	0.005	0.186
11.025	0.0523	0.032	0.324	0.0389	0.013	0.218
11.030	0.0250	0.036	0.317	0.0194	0.015	0.210
11.035	0.0167	0.050	0.249	0.0200	0.027	0.263
11.040	0.0476	0.052	0.232	0.0227	0.023	0.258
11.045	0.0266	0.036	0.285	0.0192	0.051	0.240
11.050	0.0220	0.045	0.306	0.0202	0.075	0.270
11.055	0.0205	0.052	0.144	0.0295	0.047	0.222
11.060	0.0154	0.025	0.269	0.0354	0.038	0.179
11.065	0.0118	0.030	0.351	0.0224	0.026	0.170
11.070	0.0215	0.027	0.385	0.0283	0.011	0.134
11.075	0.0488	0.011	0.504	0.0169	0.006	0.101
11.080	0.0883	0.014	0.487	0.0180	0.004	0.087
11.085	0.0852	0.025	0.333	0.0280	0.002	0.056
11.090	0.0794	0.011	0.360	0.0215	0.002	0.052
11.095	0.1574	0.018	0.423	0.0239	0.002	0.047
11.100	0.1592	0.011	0.637	0.0199	0.001	0.045
11.105	0.0898	0.011	0.582	0.0158	0.001	0.045
11.110	0.1595	0.014	0.570	0.0174	0.001	0.054
11.115	0.1572	0.011	0.590	0.0183	0.002	0.056
11.120	0.0950	0.009	0.552	0.0165	0.004	0.059
11.125	0.1089	0.007	0.566	0.0161	0.002	0.064
11.130	0.1145	0.011	0.591	0.0142	0.002	0.064
11.135	0.0486	0.014	0.406	0.0160	0.004	0.074
11.140	0.0606	0.011	0.390	0.0187	0.003	0.070
11.145	0.0627	0.020	0.339	0.0323	0.002	0.067
11.150	0.0343	0.016	0.288	0.0198	0.001	0.065
11.155	0.0399	0.014	0.235	0.0292	0.003	0.084
11.160	0.0099	0.027	0.295	0.0321	0.003	0.090
11.165	0.0115	0.011	0.449	0.0210	0.013	0.124
11.170	0.0079	0.018	0.317	0.0201	0.037	0.155
11.175	0.0141	0.032	0.258	0.0259	0.042	0.170
11.180	0.0086	0.032	0.278	0.0281	0.018	0.160
11.185	0.0045	0.052	0.248	0.0213	0.007	0.137
11.190	0.0084	0.030	0.338	0.0354	0.005	0.147
11.195	0.0035	0.016	0.310	0.0310	0.004	0.176
11.200	0.0033	0.009	0.318	0.0281	0.009	0.228
11.205	0.0046	0.025	0.392	0.0148	0.026	0.296
11.210	0.0022	0.023	0.377	0.0180	0.036	0.316
11.215	0.0018	0.016	0.302	0.0335	0.027	0.252
11.220	0.0015	0.036	0.365	0.0224	0.023	0.226
11.224	0.0039	0.030	0.220	0.0128	0.136	0.305
11.229	0.0036	0.036	0.156	0.0139	0.335	0.372
11.234	0.0051	0.089	0.133	0.0119	0.640	0.395
11.239	0.0107	0.150	0.119	0.0117	0.767	0.400
11.244	0.0108	0.164	0.141	0.0119	0.865	0.402
11.249	0.0162	0.227	0.144	0.0108	0.889	0.414
11.254	0.0160	0.220	0.119	0.0124	0.896	0.412
11.259	0.0221	0.227	0.136	0.0145	0.889	0.422
11.264	0.0170	0.245	0.124	0.0135	0.848	0.411
11.269	0.0152	0.218	0.116	0.0130	0.813	0.440
11.274	0.0158	0.214	0.155	0.0120	0.701	0.399
11.279	0.0184	0.186	0.186	0.0119	0.611	0.380
11.284	0.0226	0.159	0.121	0.0173	0.391	0.337
11.289	0.0146	0.127	0.139	0.0328	0.103	0.234
11.294	0.0094	0.082	0.323	0.0335	0.001	0.069
11.299	0.0132	0.020	0.428	0.0302	0.001	0.051
11.304	0.0231	0.014	0.461	0.0251	0.001	0.043
11.309	0.1131	0.025	0.569	0.0275	0.001	0.039
11.314	0.2787	0.027	0.431	0.0296	0.000	0.034
11.319	0.1572	0.030	0.473	0.0225	0.000	0.038
11.324	0.1930	0.025	0.502	0.0363	0.001	0.041
11.329	0.2505	0.027	0.509	0.0270	0.001	0.038
11.334	0.1202	0.030	0.467	0.0237	0.001	0.037
11.339	0.1574	0.030	0.378	0.0405	0.002	0.037
11.344	0.1337	0.027	0.411	0.0159	0.002	0.038
11.349	0.1165	0.030	0.414	0.0176	0.002	0.040
11.354	0.1487	0.036	0.472	0.0240	0.000	0.036
11.359	0.0624	0.025	0.330	0.0214	0.000	0.039
11.364	0.1255	0.025	0.378	0.0200	0.001	0.039
11.369	0.0906	0.020	0.451	0.0226	0.001	0.040
11.374	0.0290	0.014	0.399	0.0362	0.001	0.038
11.379	0.0364	0.023	0.483	0.0280	0.001	0.035
11.384	0.0423	0.011	0.583	0.0241	0.001	0.030
11.389	0.0321	0.009	0.506	0.0281	0.000	0.028
11.394	0.0621	0.007	0.579	0.0233	0.000	0.025
11.399	0.0274	0.009	0.529	0.0183	0.000	0.024
11.404	0.0467	0.007	0.560	0.0234	0.000	0.020
11.409	0.0484	0.005	0.542	0.0232	0.000	0.022
11.414	0.0377	0.005	0.610	0.0198	0.001	0.022
11.419	0.0597	0.007	0.623	0.0210	0.000	0.022
11.424	0.0189	0.005	0.602	0.0107	0.000	0.022
11.429	0.0444	0.007	0.611	0.0294	0.000	0.023
11.434	0.0420	0.005	0.591	0.0274	0.001	0.022
11.439	0.0354	0.005	0.528	0.0283	0.001	0.024
11.444	0.0559	0.007	0.552	0.0385	0.000	0.023
11.449	0.0134	0.005	0.442	0.0262	0.000	0.035
11.454	0.0441	0.005	0.531	0.0219	0.003	0.099
11.459	0.0134	0.005	0.385	0.0123	0.013	0.152
11.464	0.0207	0.020	0.324	0.0168	0.159	0.207
11.469	0.0123	0.018	0.182	0.0129	0.451	0.247
11.474	0.0075	0.082	0.173	0.0153	0.790	0.268
11.479	0.0090	0.120	0.163	0.0130	0.883	0.252
11.484	0.0171	0.132	0.204	0.0157	0.925	0.246
11.489	0.0297	0.130	0.219	0.0214	0.951	0.242
11.494	0.0311	0.118	0.207	0.0149	0.945	0.254
11.499	0.0383	0.114	0.209	0.0154	0.921	0.284
11.504	0.0250	0.125	0.272	0.0132	0.731	0.266
11.509	0.0265	0.116	0.130	0.0150	0.460	0.260
11.514	0.0193	0.073	0.134	0.0209	0.367	0.245
11.519	0.0068	0.073	0.149	0.0150	0.498	0.231
11.524	0.0042	0.093	0.201	0.0175	0.638	0.232
11.529	0.0039	0.102	0.234	0.0160	0.677	0.236
11.534	0.0028	0.084	0.260	0.0139	0.718	0.246
11.539	0.0024	0.100	0.280	0.0206	0.726	0.267
11.544	0.0018	0.086	0.303	0.0150	0.803	0.232
11.549	0.0023	0.111	0.109	0.0624	0.159	0.281
11.554	0.0020	0.093	0.117	0.0069	0.033	0.240
11.559	0.0012	0.102	0.150	0.0082	0.044	0.271
11.564	0.0322	0.066	0.140	0.0200	0.133	0.362
11.569	0.0146	0.082	0.281	0.0146	0.140	0.348
11.574	0.0164	0.057	0.275	0.0131	0.108	0.337
11.579	0.0121	0.041	0.242	0.0145	0.101	0.326
11.584	0.0126	0.089	0.159	0.0249	0.137	0.253
11.589	0.0083	0.077	0.266	0.0314	0.077	0.233
11.594	0.0095	0.064	0.310	0.0249	0.027	0.190
11.599	0.0180	0.027	0.512	0.0250	0.011	0.142
11.604	0.0264	0.007	0.535	0.0190	0.007	0.126
11.609	0.0745	0.027	0.582	0.0149	0.006	0.123
11.614	0.0530	0.016	0.543	0.0128	0.006	0.114
11.619	0.0560	0.014	0.485	0.0144	0.007	0.115
11.624	0.0989	0.025	0.508	0.0204	0.004	0.095
11.629	0.1172	0.011	0.596	0.0144	0.001	0.069
11.634	0.0553	0.014	0.556	0.0217	0.001	0.063
11.639	0.0966	0.011	0.558	0.0237	0.001	0.065
11.644	0.1056	0.007	0.541	0.0167	0.002	0.061
11.649	0.0417	0.009	0.503	0.0186	0.003	0.067
11.654	0.0684	0.020	0.543	0.0178	0.002	0.063
11.659	0.0741	0.016	0.615	0.0221	0.001	0.064
11.663	0.0355	0.014	0.515	0.0279	0.001	0.058
11.668	0.0899	0.018	0.565	0.0205	0.002	0.054
11.673	0.0664	0.011	0.579	0.0295	0.001	0.058
11.678	0.0268	0.018	0.342	0.0297	0.001	0.051
11.683	0.0812	0.014	0.443	0.0445	0.000	0.038
11.688	0.0371	0.002	0.495	0.0419	0.001	0.039
11.693	0.0570	0.002	0.639	0.0286	0.002	0.035
11.698	0.0185	0.009	0.548	0.0294	0.002	0.042
11.703	0.0360	0.016	0.488	0.0577	0.001	0.041
11.708	0.0588	0.002	0.466	0.0552	0.002	0.049
11.713	0.0220	0.002	0.385	0.0341	0.001	0.054
11.718	0.0309	0.005	0.357	0.0341	0.001	0.067
11.723	0.0134	0.000	0.275	0.0218	0.002	0.095
11.728	0.0237	0.007	0.302	0.0380	0.007	0.150
11.733	0.0058	0.020	0.405	0.0267	0.004	0.166
11.738	0.0043	0.016	0.475	0.0219	0.004	0.171
11.743	0.0063	0.007	0.424	0.0228	0.004	0.177
11.748	0.0038	0.023	0.490	0.0321	0.005	0.191
11.753	0.0035	0.007	0.315	0.0342	0.008	0.204
11.758	0.0068	0.011	0.253	0.0152	0.022	0.244
11.763	0.0049	0.011	0.179	0.0205	0.039	0.280
11.768	0.0036	0.052	0.215	0.0356	0.011	0.232
11.773	0.0016	0.034	0.237	0.0175	0.053	0.263
11.778	0.0021	0.025	0.187	0.0105	0.162	0.330
11.783	0.0020	0.027	0.199	0.0143	0.678	0.422
11.788	0.0039	0.114	0.138	0.0095	0.774	0.432
11.793	0.0072	0.161	0.167	0.0134	0.854	0.430
11.798	0.0173	0.175	0.185	0.0129	0.897	0.410
11.803	0.0228	0.164	0.173	0.0141	0.892	0.341
11.808	0.0185	0.143	0.184	0.0138	0.914	0.315
11.813	0.0215	0.136	0.190	0.0136	0.912	0.330
11.818	0.0238	0.145	0.141	0.0141	0.906	0.358
11.823	0.0197	0.145	0.197	0.0153	0.926	0.350
11.828	0.0120	0.150	0.203	0.0124	0.913	0.361
11.833	0.0208	0.141	0.167	0.0178	0.905	0.341
11.838	0.0134	0.148	0.151	0.0109	0.882	0.332
11.843	0.0230	0.120	0.145	0.0145	0.739	0.328
11.848	0.0156	0.127	0.207	0.0146	0.796	0.321
11.853	0.0158	0.120	0.169	0.0161	0.847	0.350
11.858	0.0320	0.132	0.174	0.0154	0.889	0.350
11.863	0.0229	0.130	0.222	0.0112	0.901	0.338
11.868	0.0247	0.136	0.209	0.0159	0.902	0.366
11.873	0.0229	0.123	0.197	0.0134	0.927	0.376
11.878	0.0272	0.123	0.234	0.0130	0.930	0.376
11.883	0.0265	0.170	0.235	0.0122	0.943	0.363
11.888	0.0231	0.180	0.207	0.0131	0.948	0.362
11.893	0.0294	0.145	0.162	0.0127	0.955	0.370
11.898	0.0296	0.157	0.159	0.0136	0.962	0.380
11.903	0.0237	0.175	0.189	0.0134	0.964	0.349
11.908	0.0230	0.164	0.179	0.0099	0.958	0.360
11.913	0.0278	0.141	0.237	0.0118	0.941	0.359
11.918	0.0196	0.170	0.269	0.0122	0.943	0.360
11.923	0.0220	0.143	0.251	0.0130	0.904	0.324
11.928	0.0257	0.141	0.227	0.0114	0.873	0.330
11.933	0.0227	0.141	0.156	0.0163	0.636	0.327
11.938	0.0147	0.127	0.253	0.0246	0.377	0.271
11.943	0.0113	0.093	0.249	0.0425	0.038	0.179
11.948	0.0099	0.052	0.365	0.0291	0.011	0.126
11.953	0.0235	0.014	0.552	0.0224	0.003	0.083
11.958	0.0338	0.011	0.575	0.0216	0.002	0.070
11.963	0.0610	0.011	0.563	0.0181	0.002	0.065
11.968	0.0665	0.011	0.579	0.0303	0.002	0.058
11.973	0.0671	0.011	0.579	0.0170	0.002	0.061
11.978	0.0586	0.005	0.597	0.0142	0.002	0.060
11.983	0.0936	0.011	0.551	0.0311	0.001	0.051
11.988	0.0635	0.011	0.561	0.0289	0.001	0.049
11.993	0.0589	0.005	0.553	0.0136	0.001	0.055
11.998	0.0530	0.011	0.547	0.0169	0.001	0.054
12.003	0.0513	0.009	0.539	0.0222	0.001	0.054
12.008	0.0489	0.011	0.588	0.0202	0.001	0.052
12.013	0.0365	0.014	0.588	0.0152	0.001	0.045
12.018	0.0357	0.020	0.531	0.0191	0.001	0.053
12.023	0.0652	0.020	0.621	0.0210	0.001	0.052
12.028	0.0328	0.005	0.515	0.0261	0.002	0.060
12.033	0.0400	0.014	0.532	0.0222	0.001	0.058
12.038	0.0528	0.011	0.580	0.0444	0.001	0.058
12.043	0.0254	0.009	0.501	0.0146	0.001	0.050
12.048	0.0724	0.011	0.617	0.0160	0.001	0.045
12.053	0.0313	0.014	0.583	0.0464	0.001	0.044
12.058	0.0530	0.009	0.623	0.0248	0.000	0.043
12.063	0.0889	0.007	0.624	0.0275	0.001	0.046
12.068	0.0366	0.009	0.696	0.0252	0.000	0.047
12.073	0.0928	0.009	0.630	0.0192	0.000	0.043
12.078	0.0527	0.007	0.676	0.0308	0.000	0.046
12.083	0.0593	0.009	0.635	0.0202	0.000	0.049
12.088	0.0954	0.011	0.616	0.0385	0.001	0.049
12.093	0.0349	0.009	0.566	0.0132	0.001	0.066
12.098	0.0866	0.009	0.564	0.0231	0.002	0.067
12.102	0.0431	0.016	0.545	0.0508	0.001	0.057
12.107	0.0318	0.014	0.537	0.0213	0.001	0.062
12.112	0.0742	0.011	0.609	0.0325	0.002	0.078
12.117	0.0289	0.009	0.445	0.0207	0.002	0.083
12.122	0.0699	0.007	0.466	0.0352	0.004	0.098
12.127	0.0195	0.007	0.390	0.0261	0.010	0.126
12.132	0.0216	0.016	0.404	0.0135	0.030	0.187
12.137	0.0186	0.005	0.374	0.0163	0.105	0.237
12.142	0.0126	0.020	0.323	0.0141	0.186	0.263
12.147	0.0103	0.066	0.243	0.0111	0.282	0.292
12.152	0.0103	0.084	0.208	0.0129	0.634	0.288
12.157	0.0101	0.064	0.198	0.0110	0.750	0.286
12.162	0.0260	0.141	0.201	0.0110	0.795	0.315
12.167	0.0233	0.130	0.178	0.0098	0.794	0.320
12.172	0.0286	0.157	0.157	0.0151	0.529	0.361
12.177	0.0149	0.116	0.224	0.0126	0.470	0.354
12.182	0.0124	0.120	0.248	0.0195	0.225	0.301
12.187	0.0065	0.043	0.338	0.0176	0.232	0.280
12.192	0.0049	0.080	0.401	0.0127	0.198	0.273
12.197	0.0039	0.061	0.439	0.0126	0.169	0.270
12.202	0.0036	0.016	0.418	0.0127	0.166	0.281
12.207	0.0023	0.057	0.448	0.0236	0.136	0.254
12.212	0.0024	0.034	0.403	0.0145	0.141	0.360
12.217	0.0015	0.025	0.269	0.0127	0.270	0.385
12.222	0.0015	0.043	0.150	0.0145	0.649	0.432
12.227	0.0013	0.116	0.131	0.0109	0.781	0.430
12.232	0.0022	0.152	0.161	0.0110	0.786	0.397
12.237	0.0089	0.173	0.098	0.0180	0.649	0.382
12.242	0.0112	0.132	0.282	0.0487	0.063	0.224
12.247	0.0065	0.093	0.314	0.0311	0.005	0.116
12.252	0.0274	0.009	0.401	0.0355	0.001	0.078
12.257	0.0423	0.011	0.514	0.0289	0.001	0.067
12.262	0.0554	0.014	0.618	0.0169	0.000	0.058
12.267	0.1113	0.009	0.631	0.0183	0.001	0.058
12.272	0.0931	0.009	0.505	0.0186	0.001	0.078
12.277	0.1072	0.018	0.445	0.0188	0.002	0.083
12.282	0.0825	0.014	0.590	0.0231	0.002	0.071
12.287	0.0530	0.020	0.575	0.0243	0.002	0.079
12.292	0.0615	0.018	0.562	0.0151	0.001	0.086
12.297	0.0865	0.027	0.572	0.0130	0.002	0.097
12.302	0.0488	0.020	0.544	0.0248	0.006	0.105
12.307	0.0527	0.034	0.596	0.0244	0.004	0.093
12.312	0.0596	0.020	0.614	0.0114	0.004	0.096
12.317	0.0475	0.032	0.574	0.0129	0.004	0.098
12.322	0.0699	0.018	0.553	0.0296	0.003	0.090
12.327	0.0516	0.030	0.538	0.0275	0.002	0.085
12.332	0.0515	0.014	0.560	0.0117	0.002	0.082
12.337	0.0731	0.027	0.492	0.0136	0.002	0.077
12.342	0.0433	0.018	0.486	0.0285	0.002	0.071
12.347	0.0468	0.014	0.495	0.0234	0.003	0.073
12.352	0.0557	0.020	0.604	0.0171	0.003	0.076
12.357	0.0454	0.009	0.538	0.0189	0.001	0.071
12.362	0.0808	0.018	0.568	0.0239	0.002	0.064
12.367	0.0515	0.020	0.533	0.0388	0.002	0.077
12.372	0.0438	0.014	0.564	0.0182	0.001	0.077
12.377	0.0729	0.014	0.598	0.0226	0.001	0.074
12.382	0.0496	0.011	0.524	0.0261	0.002	0.078
12.387	0.0571	0.023	0.558	0.0157	0.004	0.082
12.392	0.0520	0.007	0.594	0.0342	0.002	0.075
12.397	0.0367	0.009	0.546	0.0266	0.001	0.061
12.402	0.0860	0.014	0.598	0.0208	0.001	0.050
12.407	0.0431	0.011	0.560	0.0180	0.001	0.051
12.412	0.0612	0.009	0.463	0.0204	0.000	0.059
12.417	0.0538	0.007	0.387	0.0267	0.001	0.074
12.422	0.0332	0.009	0.158	0.0517	0.000	0.056
12.427	0.0306	0.009	0.450	0.0613	0.000	0.042
12.432	0.0168	0.007	0.284	0.0323	0.000	0.042
12.437	0.0230	0.005	0.311	0.0675	0.000	0.043
12.442	0.0054	0.014	0.412	0.0317	0.000	0.054
12.447	0.0122	0.007	0.410	0.0435	0.000	0.048
12.452	0.0054	0.007	0.465	0.0187	0.000	0.047
12.457	0.0107	0.007	0.397	0.0406	0.000	0.048
12.462	0.0090	0.002	0.388	0.0193	0.000	0.047
12.467	0.0073	0.007	0.347	0.0389	0.000	0.048
12.472	0.0052	0.011	0.090	0.0342	0.056	0.283
12.477	0.0019	0.011	0.120	0.0135	0.070	0.283
12.482	0.0031	0.014	0.203	0.0180	0.042	0.238
12.487	0.0112	0.064	0.220	0.0308	0.043	0.237
12.492	0.0054	0.043	0.394	0.0282	0.021	0.169
12.497	0.0046	0.041	0.363	0.0405	0.007	0.123
12.502	0.0172	0.020	0.489	0.0246	0.002	0.077
12.507	0.0198	0.009	0.513	0.0334	0.001	0.059
12.512	0.0157	0.005	0.512	0.0260	0.000	0.055
12.517	0.0356	0.011	0.529	0.0542	0.001	0.047
12.522	0.0148	0.014	0.495	0.0158	0.001	0.050
12.527	0.0546	0.009	0.596	0.0332	0.001	0.049
12.532	0.0150	0.014	0.497	0.0307	0.001	0.059
12.537	0.0410	0.016	0.581	0.0275	0.001	0.046
12.541	0.0347	0.009	0.514	0.0299	0.001	0.049
12.546	0.0356	0.018	0.534	0.0231	0.001	0.048
12.551	0.0370	0.011	0.523	0.0153	0.001	0.054
12.556	0.0279	0.016	0.529	0.0245	0.000	0.049
12.561	0.0535	0.016	0.570	0.0231	0.001	0.052
12.566	0.0153	0.014	0.523	0.0193	0.001	0.050
12.571	0.0526	0.016	0.570	0.0427	0.000	0.044
12.576	0.0181	0.011	0.502	0.0166	0.000	0.047
12.581	0.0344	0.014	0.534	0.0350	0.000	0.044
12.586	0.0338	0.007	0.497	0.0286	0.000	0.046
12.591	0.0334	0.014	0.522	0.0320	0.000	0.047
12.596	0.0344	0.014	0.539	0.0296	0.000	0.051
12.601	0.0224	0.018	0.508	0.0230	0.000	0.047
12.606	0.0358	0.011	0.537	0.0297	0.000	0.046
12.611	0.0179	0.007	0.493	0.0148	0.000	0.048
12.616	0.0497	0.014	0.533	0.0216	0.000	0.049
12.621	0.0152	0.011	0.490	0.0212	0.000	0.047
12.626	0.0404	0.014	0.552	0.0183	0.001	0.049
12.631	0.0308	0.009	0.505	0.0290	0.001	0.058
12.636	0.0203	0.016	0.473	0.0168	0.001	0.062
12.641	0.0289	0.009	0.460	0.0370	0.000	0.057
12.646	0.0131	0.009	0.456	0.0305	0.000	0.057
12.651	0.0175	0.007	0.458	0.0379	0.000	0.053
12.656	0.0151	0.018	0.410	0.0334	0.000	0.056
12.661	0.0167	0.011	0.443	0.0217	0.000	0.059
12.666	0.0128	0.002	0.408	0.0200	0.000	0.066
12.671	0.0151	0.011	0.480	0.0316	0.001	0.087
12.676	0.0140	0.007	0.437	0.0260	0.002	0.118
12.681	0.0125	0.016	0.523	0.0224	0.003	0.134
12.686	0.0089	0.016	0.413	0.0193	0.006	0.167
12.691	0.0087	0.020	0.423	0.0168	0.007	0.169
12.696	0.0067	0.016	0.438	0.0141	0.009	0.182
12.701	0.0041	0.041	0.423	0.0175	0.010	0.194
12.706	0.0045	0.018	0.411	0.0290	0.011	0.183
12.711	0.0021	0.020	0.356	0.0250	0.007	0.147
12.716	0.0048	0.034	0.317	0.0314	0.009	0.156
12.721	0.0030	0.032	0.429	0.0338	0.008	0.163
12.726	0.0039	0.007	0.422	0.0316	0.002	0.123
12.731	0.0033	0.023	0.378	0.0418	0.001	0.090
12.736	0.0062	0.002	0.404	0.0409	0.000	0.072
12.741	0.0037	0.011	0.481	0.0324	0.000	0.066
12.746	0.0114	0.009	0.471	0.0407	0.000	0.054
12.751	0.0042	0.007	0.434	0.0423	0.000	0.049
12.756	0.0120	0.007	0.417	0.0416	0.000	0.039
12.761	0.0061	0.009	0.513	0.0445	0.000	0.029
12.766	0.0083	0.009	0.541	0.0330	0.000	0.023
12.771	0.0198	0.009	0.570	0.0191	0.000	0.020
12.776	0.0140	0.009	0.610	0.0119	0.000	0.018
12.781	0.0243	0.007	0.628	0.0280	0.000	0.019
12.786	0.0417	0.007	0.670	0.0186	0.000	0.019
12.791	0.0216	0.011	0.632	0.0252	0.000	0.021
12.796	0.0338	0.011	0.617	0.0325	0.000	0.025
12.801	0.0366	0.009	0.605	0.0238	0.000	0.027
12.806	0.0401	0.009	0.642	0.0395	0.000	0.029
12.811	0.0222	0.009	0.563	0.0218	0.000	0.030
12.816	0.0281	0.009	0.487	0.0297	0.000	0.034
12.821	0.0196	0.009	0.485	0.0530	0.000	0.045
12.826	0.0069	0.018	0.324	0.0238	0.000	0.048
12.831	0.0083	0.014	0.305	0.0308	0.000	0.050
12.836	0.0098	0.011	0.360	0.0292	0.000	0.047
12.841	0.0057	0.016	0.256	0.0625	0.000	0.048
12.846	0.0021	0.018	0.380	0.0318	0.000	0.051
12.851	0.0031	0.005	0.474	0.0189	0.001	0.110
12.856	0.0029	0.007	0.336	0.0199	0.002	0.133
12.861	0.0056	0.007	0.171	0.0311	0.013	0.119
12.866	0.0012	0.039	0.323	0.0198	0.015	0.138
12.871	0.0018	0.041	0.220	0.0160	0.076	0.213
12.876	0.0020	0.066	0.246	0.0162	0.137	0.238
12.881	0.0043	0.084	0.265	0.0192	0.206	0.275
12.886	0.0031	0.080	0.200	0.0182	0.241	0.257
12.891	0.0073	0.089	0.169	0.0186	0.457	0.268
12.896	0.0132	0.089	0.169	0.0181	0.557	0.256
12.901	0.0107	0.107	0.187	0.0123	0.553	0.242
12.906	0.0161	0.091	0.158	0.0125	0.605	0.256
12.911	0.0282	0.107	0.131	0.0160	0.465	0.298
12.916	0.0214	0.105	0.155	0.0165	0.457	0.311
12.921	0.0186	0.127	0.216	0.0189	0.246	0.269
12.926	0.0118	0.098	0.249	0.0154	0.175	0.254
12.931	0.0204	0.077	0.173	0.0192	0.227	0.287
12.936	0.0114	0.084	0.170	0.0299	0.157	0.264
12.941	0.0065	0.082	0.292	0.0304	0.038	0.176
12.946	0.0094	0.034	0.405	0.0328	0.018	0.154
12.951	0.0149	0.034	0.536	0.0141	0.014	0.161
12.956	0.0233	0.007	0.555	0.0207	0.018	0.171
12.961	0.0276	0.027	0.478	0.0169	0.034	0.179
12.966	0.0344	0.007	0.559	0.0214	0.041	0.188
12.971	0.0178	0.018	0.501	0.0298	0.062	0.219
12.976	0.0089	0.036	0.387	0.0168	0.123	0.254
12.980	0.0320	0.018	0.436	0.0154	0.305	0.280
12.985	0.0164	0.070	0.306	0.0153	0.504	0.291
12.990	0.0229	0.086	0.281	0.0139	0.558	0.336
12.995	0.0161	0.082	0.215	0.0126	0.758	0.358
13.000	0.0102	0.132	0.164	0.0146	0.774	0.332
13.005	0.0168	0.118	0.212	0.0115	0.796	0.360
13.010	0.0089	0.157	0.191	0.0182	0.797	0.371
13.015	0.0101	0.134	0.201	0.0105	0.858	0.368
13.020	0.0144	0.155	0.162	0.0144	0.824	0.328
13.025	0.0163	0.123	0.164	0.0128	0.772	0.328
13.030	0.0146	0.141	0.214	0.0171	0.537	0.327
13.035	0.0132	0.105	0.332	0.0202	0.305	0.280
13.040	0.0157	0.105	0.386	0.0237	0.119	0.226
13.045	0.0221	0.043	0.474	0.0269	0.056	0.185
13.050	0.0153	0.036	0.536	0.0308	0.012	0.131
13.055	0.0160	0.018	0.537	0.0179	0.007	0.117
13.060	0.0319	0.009	0.523	0.0291	0.003	0.094
13.065	0.0185	0.011	0.423	0.0196	0.003	0.092
13.070	0.0365	0.014	0.453	0.0267	0.004	0.102
13.075	0.0159	0.018	0.425	0.0246	0.005	0.112
13.080	0.0074	0.011	0.278	0.0188	0.013	0.178
13.085	0.0091	0.020	0.222	0.0149	0.047	0.248
13.090	0.0137	0.027	0.243	0.0119	0.223	0.378
13.095	0.0110	0.066	0.197	0.0111	0.293	0.409
13.100	0.0084	0.107	0.194	0.0131	0.384	0.440
13.105	0.0093	0.114	0.185	0.0135	0.338	0.433
13.110	0.0059	0.166	0.180	0.0110	0.428	0.491
13.115	0.0101	0.134	0.194	0.0121	0.567	0.483
13.120	0.0073	0.195	0.142	0.0116	0.756	0.477
13.125	0.0075	0.220	0.141	0.0112	0.782	0.449
13.130	0.0080	0.230	0.116	0.0131	0.891	0.472
13.135	0.0092	0.248	0.134	0.0125	0.923	0.460
13.140	0.0081	0.268	0.131	0.0106	0.930	0.435
13.145	0.0084	0.268	0.138	0.0125	0.926	0.449
13.150	0.0082	0.259	0.110	0.0125	0.893	0.460
13.155	0.0081	0.252	0.116	0.0093	0.903	0.474
13.160	0.0084	0.270	0.114	0.0107	0.865	0.493
13.165	0.0070	0.250	0.085	0.0117	0.801	0.490
13.170	0.0047	0.198	0.069	0.0368	0.300	0.433
13.175	0.0036	0.195	0.142	0.0479	0.026	0.242
13.180	0.0040	0.161	0.358	0.0317	0.001	0.063
13.185	0.0225	0.018	0.330	0.0180	0.000	0.037
13.190	0.0788	0.020	0.311	0.0282	0.000	0.027
13.195	0.0815	0.020	0.445	0.0232	0.000	0.026
13.200	0.1424	0.025	0.359	0.0276	0.001	0.026
13.205	0.1881	0.025	0.393	0.0295	0.001	0.024
13.210	0.1445	0.023	0.585	0.0207	0.000	0.024
13.215	0.0638	0.025	0.432	0.0214	0.000	0.024
13.220	0.1564	0.025	0.506	0.0276	0.000	0.021
13.225	0.2589	0.030	0.564	0.0250	0.000	0.019
13.230	0.1247	0.027	0.479	0.0230	0.000	0.022
13.235	0.2074	0.027	0.485	0.0206	0.000	0.022
13.240	0.1796	0.030	0.515	0.0168	0.000	0.024
13.245	0.0802	0.027	0.452	0.0214	0.000	0.025
13.250	0.1301	0.030	0.392	0.0220	0.000	0.023
13.255	0.2198	0.032	0.478	0.0216	0.000	0.019
13.260	0.0740	0.034	0.419	0.0168	0.000	0.021
13.265	0.1468	0.027	0.440	0.0221	0.000	0.023
13.270	0.1734	0.030	0.313	0.0230	0.000	0.023
13.275	0.0559	0.023	0.299	0.0263	0.000	0.028
13.280	0.0809	0.025	0.344	0.0191	0.000	0.028
13.285	0.0834	0.011	0.414	0.0207	0.000	0.027
13.290	0.0556	0.018	0.345	0.0280	0.000	0.027
13.295	0.0716	0.018	0.519	0.0199	0.000	0.025
13.300	0.0630	0.018	0.501	0.0169	0.000	0.024
13.305	0.0576	0.018	0.448	0.0198	0.000	0.023
13.310	0.0721	0.014	0.475	0.0225	0.000	0.025
13.315	0.0279	0.016	0.402	0.0303	0.000	0.026
13.320	0.0326	0.023	0.265	0.0277	0.000	0.027
13.325	0.0570	0.018	0.426	0.0496	0.000	0.024
13.330	0.0234	0.007	0.501	0.0246	0.000	0.021
13.335	0.0424	0.005	0.603	0.0286	0.000	0.019
13.340	0.0309	0.007	0.591	0.0173	0.000	0.020
13.345	0.0307	0.005	0.538	0.0204	0.000	0.019
13.350	0.0566	0.005	0.595	0.0302	0.000	0.021
13.355	0.0192	0.007	0.498	0.0261	0.000	0.023
13.360	0.0424	0.007	0.533	0.0239	0.000	0.022
13.365	0.0175	0.005	0.426	0.0258	0.000	0.028
13.370	0.0240	0.009	0.440	0.0089	0.000	0.051
13.375	0.0240	0.005	0.362	0.0229	0.001	0.070
13.380	0.0102	0.007	0.311	0.0338	0.001	0.088
13.385	0.0173	0.007	0.290	0.0229	0.001	0.102
13.390	0.0078	0.011	0.313	0.0189	0.008	0.199
13.395	0.0043	0.011	0.258	0.0177	0.012	0.213
13.400	0.0097	0.041	0.358	0.0128	0.019	0.257
13.405	0.0077	0.032	0.336	0.0251	0.027	0.324
13.410	0.0031	0.016	0.322	0.0119	0.055	0.389
13.415	0.0047	0.043	0.289	0.0127	0.118	0.460
13.420	0.0024	0.034	0.175	0.0114	0.528	0.538
13.424	0.0015	0.186	0.103	0.0126	0.718	0.542
13.429	0.0016	0.170	0.109	0.0099	0.860	0.534
13.434	0.0014	0.236	0.095	0.0097	0.874	0.553
13.439	0.0021	0.236	0.118	0.0112	0.918	0.575
13.444	0.0015	0.248	0.104	0.0100	0.921	0.565
13.449	0.0015	0.259	0.102	0.0123	0.844	0.581
13.454	0.0015	0.259	0.151	0.0109	0.763	0.594
13.459	0.0010	0.234	0.160	0.0129	0.701	0.579
13.464	0.0013	0.182	0.240	0.0257	0.434	0.460
13.469	0.0014	0.155	0.181	0.0625	0.024	0.239
13.474	0.0020	0.080	0.276	0.0303	0.004	0.112
13.479	0.0033	0.023	0.276	0.0326	0.003	0.077
13.484	0.0174	0.014	0.384	0.0235	0.001	0.064
13.489	0.0566	0.018	0.324	0.0232	0.001	0.051
13.494	0.0467	0.018	0.327	0.0263	0.001	0.051
13.499	0.0552	0.011	0.450	0.0140	0.001	0.050
13.504	0.0580	0.023	0.392	0.0218	0.001	0.047
13.509	0.0350	0.016	0.462	0.0284	0.001	0.048
13.514	0.0279	0.034	0.443	0.0224	0.000	0.042
13.519	0.0362	0.018	0.405	0.0530	0.000	0.054
13.524	0.0183	0.018	0.594	0.0335	0.000	0.046
13.529	0.0219	0.009	0.620	0.0429	0.000	0.028
13.534	0.0222	0.005	0.667	0.0275	0.000	0.026
13.539	0.0410	0.007	0.594	0.0324	0.000	0.021
13.544	0.0307	0.005	0.665	0.0266	0.000	0.018
13.549	0.0276	0.007	0.600	0.0405	0.000	0.016
13.554	0.0316	0.005	0.620	0.0510	0.000	0.016
13.559	0.0284	0.005	0.587	0.0417	0.000	0.015
13.564	0.0289	0.005	0.539	0.0676	0.000	0.014
13.569	0.0252	0.005	0.531	0.0318	0.000	0.016
13.574	0.0361	0.007	0.512	0.0527	0.000	0.015
13.579	0.0239	0.005	0.498	0.0204	0.000	0.019
13.584	0.0334	0.005	0.481	0.0368	0.000	0.020
13.589	0.0288	0.005	0.366	0.0451	0.000	0.029
13.594	0.0206	0.007	0.325	0.0641	0.000	0.036
13.599	0.0221	0.002	0.399	0.0562	0.001	0.051
13.604	0.0100	0.002	0.375	0.0218	0.001	0.052
13.609	0.0088	0.002	0.352	0.0328	0.000	0.055
13.614	0.0056	0.002	0.403	0.0386	0.000	0.056
13.619	0.0026	0.002	0.472	0.0418	0.000	0.058
13.624	0.0013	0.007	0.454	0.0410	0.000	0.067
13.629	0.0029	0.005	0.473	0.0278	0.000	0.062
13.634	0.0010	0.005	0.415	0.0491	0.000	0.086
13.639	0.0031	0.002	0.392	0.0318	0.000	0.102
13.644	0.0011	0.009	0.293	0.0229	0.001	0.168
13.649	0.0020	0.005	0.320	0.0416	0.005	0.221
13.654	0.0012	0.005	0.317	0.0285	0.006	0.227
13.659	0.0011	0.018	0.214	0.0144	0.044	0.250
13.664	0.0012	0.009	0.175	0.0137	0.128	0.287
13.669	0.0008	0.057	0.220	0.0243	0.370	0.273
13.674	0.0012	0.068	0.299	0.0209	0.248	0.247
13.679	0.0014	0.089	0.296	0.0209	0.071	0.213
13.684	0.0021	0.059	0.276	0.0227	0.062	0.192
13.689	0.0036	0.057	0.370	0.0222	0.071	0.208
13.694	0.0051	0.064	0.370	0.0249	0.077	0.228
13.699	0.0047	0.055	0.357	0.0144	0.078	0.226
13.704	0.0062	0.052	0.361	0.0123	0.130	0.267
13.709	0.0096	0.064	0.225	0.0165	0.244	0.291
13.714	0.0044	0.066	0.419	0.0170	0.241	0.267
13.719	0.0067	0.077	0.314	0.0173	0.182	0.246
13.724	0.0067	0.080	0.258	0.0211	0.160	0.243
13.729	0.0081	0.064	0.245	0.0152	0.158	0.251
13.734	0.0084	0.059	0.314	0.0144	0.190	0.268
13.739	0.0065	0.107	0.448	0.0247	0.139	0.255
13.744	0.0069	0.073	0.574	0.0257	0.076	0.259
13.749	0.0079	0.061	0.466	0.0121	0.113	0.255
13.754	0.0136	0.043	0.457	0.0193	0.157	0.261
13.759	0.0110	0.084	0.320	0.0269	0.086	0.250
13.764	0.0073	0.041	0.256	0.0142	0.101	0.259
13.769	0.0071	0.039	0.347	0.0173	0.146	0.262
13.774	0.0051	0.061	0.222	0.0151	0.154	0.265
13.779	0.0062	0.070	0.185	0.0180	0.148	0.229
13.784	0.0053	0.059	0.199	0.0159	0.143	0.251
13.789	0.0038	0.084	0.196	0.0166	0.139	0.319
13.794	0.0035	0.075	0.240	0.0155	0.128	0.311
13.799	0.0031	0.082	0.215	0.0185	0.137	0.274
13.804	0.0026	0.050	0.236	0.0180	0.156	0.261
13.809	0.0018	0.061	0.326	0.0187	0.141	0.272
13.814	0.0011	0.064	0.296	0.0205	0.070	0.244
13.819	0.0008	0.034	0.253	0.0140	0.057	0.264
13.824	0.0007	0.043	0.211	0.0245	0.057	0.274
13.829	0.0003	0.039	0.161	0.0427	0.014	0.246
13.834	0.0002	0.039	0.249	0.0112	0.012	0.211
13.839	0.0004	0.041	0.143	0.0175	0.184	0.297
13.844	0.0042	0.034	0.215	0.0184	0.471	0.341
13.849	0.0020	0.075	0.175	0.0108	0.737	0.322
13.854	0.0056	0.093	0.166	0.0100	0.747	0.359
13.859	0.0139	0.114	0.149	0.0109	0.733	0.400
13.863	0.0151	0.132	0.211	0.0121	0.773	0.386
13.868	0.0144	0.118	0.206	0.0132	0.648	0.397
13.873	0.0201	0.159	0.186	0.0139	0.517	0.398
13.878	0.0163	0.118	0.267	0.0188	0.274	0.378
13.883	0.0217	0.120	0.357	0.0205	0.123	0.334
13.888	0.0234	0.080	0.342	0.0227	0.066	0.314
13.893	0.0282	0.070	0.202	0.0254	0.044	0.268
13.898	0.0289	0.039	0.183	0.0454	0.008	0.130
13.903	0.0088	0.034	0.284	0.0308	0.002	0.077
13.908	0.0124	0.011	0.385	0.0263	0.000	0.044
13.913	0.0607	0.007	0.280	0.0193	0.000	0.037
13.918	0.1552	0.020	0.330	0.0354	0.000	0.032
13.923	0.1695	0.025	0.480	0.0240	0.000	0.029
13.928	0.0832	0.014	0.580	0.0223	0.000	0.025
13.933	0.1823	0.020	0.570	0.0174	0.000	0.025
13.938	0.2629	0.023	0.340	0.0348	0.000	0.025
13.943	0.1382	0.023	0.470	0.0269	0.000	0.029
13.948	0.1646	0.016	0.465	0.0257	0.000	0.029
13.953	0.2185	0.027	0.362	0.0299	0.000	0.034
13.958	0.1189	0.027	0.274	0.0267	0.002	0.088
13.963	0.0766	0.030	0.176	0.0329	0.009	0.146
13.968	0.0477	0.016	0.264	0.0243	0.019	0.200
13.973	0.0479	0.032	0.402	0.0175	0.032	0.233
13.978	0.0371	0.027	0.308	0.0109	0.052	0.254
13.983	0.0393	0.041	0.308	0.0122	0.109	0.305
13.988	0.0283	0.091	0.240	0.0111	0.201	0.365
13.993	0.0203	0.057	0.249	0.0150	0.233	0.372
13.998	0.0154	0.136	0.214	0.0129	0.294	0.365
14.003	0.0191	0.118	0.191	0.0144	0.285	0.356
14.008	0.0205	0.107	0.394	0.0181	0.145	0.322
14.013	0.0093	0.198	0.410	0.0171	0.086	0.293
14.018	0.0314	0.050	0.526	0.0188	0.037	0.247
14.023	0.0156	0.052	0.453	0.0336	0.016	0.179
14.028	0.0148	0.020	0.475	0.0270	0.003	0.102
14.033	0.0318	0.007	0.581	0.0245	0.001	0.070
14.038	0.0245	0.018	0.547	0.0263	0.000	0.038
14.043	0.0687	0.014	0.623	0.0259	0.000	0.030
14.048	0.0559	0.009	0.626	0.0172	0.000	0.026
14.053	0.0631	0.009	0.578	0.0138	0.000	0.027
14.058	0.0969	0.007	0.614	0.0225	0.000	0.025
14.063	0.0507	0.009	0.595	0.0235	0.000	0.023
14.068	0.0722	0.009	0.528	0.0215	0.000	0.021
14.073	0.0996	0.009	0.608	0.0310	0.000	0.019
14.078	0.0329	0.009	0.529	0.0367	0.000	0.020
14.083	0.0643	0.018	0.433	0.0320	0.000	0.047
14.088	0.0730	0.016	0.460	0.0194	0.001	0.054
14.093	0.0312	0.014	0.358	0.0162	0.001	0.042
14.098	0.1142	0.023	0.248	0.0274	0.000	0.039
14.103	0.0432	0.018	0.338	0.0444	0.000	0.042
14.108	0.0266	0.011	0.402	0.0279	0.000	0.044
14.113	0.0660	0.023	0.550	0.0486	0.000	0.043
14.118	0.0158	0.016	0.491	0.0247	0.000	0.038
14.123	0.0367	0.007	0.604	0.0453	0.000	0.032
14.128	0.0204	0.005	0.503	0.0318	0.000	0.031
14.133	0.0177	0.005	0.440	0.0285	0.000	0.032
14.138	0.0340	0.005	0.476	0.0378	0.000	0.040
14.143	0.0136	0.011	0.408	0.0243	0.000	0.040
14.148	0.0274	0.002	0.339	0.0340	0.001	0.074
14.153	0.0046	0.011	0.336	0.0336	0.001	0.093
14.158	0.0087	0.002	0.275	0.0215	0.001	0.084
14.163	0.0051	0.009	0.239	0.0240	0.001	0.086
14.168	0.0046	0.014	0.264	0.0194	0.001	0.071
14.173	0.0046	0.016	0.301	0.0205	0.001	0.090
14.178	0.0098	0.025	0.167	0.0329	0.002	0.135
14.183	0.0049	0.002	0.221	0.0301	0.002	0.122
14.188	0.0038	0.016	0.221	0.0191	0.015	0.203
14.193	0.0035	0.014	0.106	0.0131	0.134	0.322
14.198	0.0021	0.027	0.130	0.0165	0.777	0.389
14.203	0.0015	0.130	0.169	0.0114	0.763	0.368
14.208	0.0028	0.182	0.165	0.0139	0.834	0.346
14.213	0.0097	0.123	0.213	0.0174	0.901	0.335
14.218	0.0100	0.152	0.198	0.0127	0.876	0.322
14.223	0.0143	0.125	0.221	0.0129	0.772	0.322
14.228	0.0154	0.125	0.228	0.0166	0.622	0.332
14.233	0.0093	0.120	0.308	0.0337	0.292	0.279
14.238	0.0086	0.095	0.230	0.0188	0.070	0.199
14.243	0.0106	0.032	0.153	0.0447	0.041	0.186
14.248	0.0128	0.043	0.334	0.0346	0.006	0.118
14.253	0.0071	0.025	0.436	0.0308	0.002	0.076
14.258	0.0287	0.011	0.479	0.0315	0.000	0.046
14.263	0.0257	0.011	0.524	0.0343	0.000	0.036
14.268	0.0443	0.009	0.441	0.0206	0.000	0.038
14.273	0.0712	0.009	0.558	0.0240	0.000	0.035
14.278	0.0223	0.007	0.517	0.0324	0.000	0.033
14.283	0.0241	0.009	0.502	0.0254	0.000	0.029
14.288	0.0568	0.007	0.542	0.0259	0.000	0.024
14.293	0.0206	0.009	0.491	0.0337	0.000	0.021
14.298	0.0661	0.009	0.559	0.0288	0.000	0.016
14.302	0.0404	0.007	0.522	0.0389	0.000	0.015
14.307	0.0571	0.011	0.563	0.0251	0.000	0.014
14.312	0.0626	0.011	0.552	0.0276	0.000	0.014
14.317	0.0643	0.011	0.548	0.0267	0.000	0.019
14.322	0.0973	0.011	0.560	0.0222	0.000	0.020
14.327	0.0285	0.016	0.367	0.0356	0.000	0.021
14.332	0.0649	0.016	0.274	0.0360	0.000	0.020
14.337	0.0360	0.025	0.324	0.0437	0.000	0.021
14.342	0.0322	0.023	0.211	0.0303	0.001	0.025
14.347	0.0331	0.011	0.330	0.0252	0.000	0.026
14.352	0.0124	0.020	0.459	0.0254	0.000	0.024
14.357	0.0270	0.014	0.396	0.0356	0.000	0.031
14.362	0.0190	0.023	0.393	0.0301	0.000	0.037
14.367	0.0095	0.023	0.206	0.0327	0.002	0.071
14.372	0.0132	0.020	0.197	0.0462	0.002	0.081
14.377	0.0095	0.034	0.368	0.0331	0.001	0.068
14.382	0.0095	0.011	0.349	0.0336	0.000	0.077
14.387	0.0106	0.011	0.259	0.0315	0.001	0.088
14.392	0.0098	0.009	0.231	0.0351	0.001	0.094
14.397	0.0051	0.030	0.337	0.0181	0.005	0.175
14.402	0.0053	0.016	0.307	0.0167	0.047	0.264
14.407	0.0036	0.011	0.137	0.0136	0.241	0.323
14.412	0.0046	0.070	0.185	0.0150	0.453	0.360
14.417	0.0069	0.080	0.216	0.0149	0.500	0.318
14.422	0.0058	0.132	0.212	0.0109	0.438	0.312
14.427	0.0111	0.102	0.198	0.0147	0.485	0.293
14.432	0.0116	0.114	0.315	0.0180	0.348	0.295
14.437	0.0157	0.116	0.270	0.0174	0.238	0.249
14.442	0.0259	0.100	0.235	0.0163	0.222	0.244
14.447	0.0316	0.077	0.231	0.0150	0.199	0.282
14.452	0.0198	0.089	0.317	0.0175	0.199	0.289
14.457	0.0089	0.105	0.252	0.0170	0.129	0.272
14.462	0.0101	0.077	0.153	0.0207	0.108	0.272
14.467	0.0094	0.057	0.206	0.0414	0.012	0.166
14.472	0.0046	0.059	0.282	0.0447	0.003	0.114
14.477	0.0117	0.016	0.469	0.0324	0.001	0.073
14.482	0.0251	0.009	0.476	0.0356	0.000	0.054
14.487	0.0392	0.011	0.528	0.0181	0.000	0.047
14.492	0.0687	0.016	0.567	0.0259	0.000	0.045
14.497	0.0447	0.009	0.465	0.0301	0.000	0.051
14.502	0.0741	0.011	0.397	0.0451	0.000	0.048
14.507	0.0392	0.009	0.238	0.0371	0.001	0.064
14.512	0.0179	0.014	0.214	0.0541	0.000	0.063
14.517	0.0199	0.009	0.411	0.0433	0.000	0.056
14.522	0.0084	0.011	0.295	0.0259	0.000	0.050
14.527	0.0194	0.009	0.211	0.0524	0.001	0.090
14.532	0.0041	0.018	0.296	0.0288	0.001	0.124
14.537	0.0071	0.018	0.253	0.0437	0.002	0.133
14.542	0.0047	0.005	0.270	0.0227	0.002	0.127
14.547	0.0065	0.018	0.327	0.0292	0.003	0.144
14.552	0.0113	0.027	0.314	0.0443	0.009	0.218
14.557	0.0070	0.025	0.458	0.0222	0.003	0.123
14.562	0.0049	0.027	0.447	0.0361	0.002	0.086
14.567	0.0339	0.032	0.267	0.0542	0.001	0.052
14.572	0.0212	0.011	0.268	0.0323	0.000	0.034
14.577	0.0235	0.009	0.336	0.0222	0.000	0.028
14.582	0.0755	0.009	0.294	0.0252	0.000	0.030
14.587	0.0543	0.016	0.409	0.0282	0.000	0.033
14.592	0.0565	0.009	0.528	0.0194	0.000	0.031
14.597	0.0547	0.011	0.448	0.0236	0.001	0.037
14.602	0.0734	0.025	0.453	0.0210	0.001	0.036
14.607	0.0845	0.016	0.552	0.0247	0.001	0.035
14.612	0.0315	0.014	0.510	0.0258	0.000	0.036
14.617	0.0617	0.011	0.553	0.0196	0.000	0.034
14.622	0.0283	0.014	0.540	0.0212	0.001	0.040
14.627	0.0595	0.025	0.510	0.0220	0.001	0.040
14.632	0.0740	0.016	0.488	0.0173	0.001	0.037
14.637	0.0572	0.025	0.549	0.0220	0.000	0.028
14.642	0.0800	0.009	0.507	0.0246	0.000	0.027
14.647	0.0621	0.020	0.427	0.0218	0.001	0.028
14.652	0.0591	0.014	0.484	0.0282	0.002	0.028
14.657	0.0382	0.014	0.445	0.0348	0.001	0.030
14.662	0.0421	0.011	0.433	0.0424	0.001	0.028
14.667	0.0300	0.018	0.414	0.0256	0.006	0.038
14.672	0.0259	0.014	0.422	0.0319	0.004	0.036
14.677	0.0273	0.011	0.364	0.0212	0.002	0.038
14.682	0.0224	0.009	0.364	0.0248	0.002	0.043
14.687	0.0144	0.009	0.357	0.0246	0.003	0.073
14.692	0.0101	0.016	0.243	0.0265	0.005	0.098
14.697	0.0089	0.016	0.421	0.0191	0.008	0.120
14.702	0.0059	0.016	0.423	0.0190	0.013	0.112
14.707	0.0056	0.025	0.456	0.0211	0.025	0.128
14.712	0.0049	0.020	0.400	0.0239	0.017	0.119
14.717	0.0033	0.025	0.198	0.0277	0.015	0.135
14.722	0.0024	0.020	0.239	0.0160	0.020	0.213
14.727	0.0011	0.018	0.193	0.0355	0.044	0.278
14.732	0.0006	0.041	0.320	0.0124	0.053	0.272
14.737	0.0008	0.059	0.189	0.0136	0.102	0.340
14.741	0.0025	0.057	0.203	0.0174	0.158	0.354
14.746	0.0016	0.048	0.206	0.0104	0.189	0.342
14.751	0.0017	0.080	0.174	0.0135	0.199	0.346
14.756	0.0028	0.091	0.146	0.0181	0.174	0.304
14.761	0.0034	0.084	0.157	0.0164	0.233	0.266
14.766	0.0034	0.066	0.114	0.0279	0.204	0.239
14.771	0.0024	0.082	0.313	0.0690	0.022	0.156
14.776	0.0024	0.059	0.327	0.0342	0.005	0.098
14.781	0.0047	0.025	0.495	0.0268	0.002	0.080
14.786	0.0260	0.009	0.585	0.0219	0.001	0.061
14.791	0.0206	0.014	0.580	0.0237	0.001	0.053
14.796	0.0514	0.009	0.531	0.0211	0.002	0.055
14.801	0.0783	0.007	0.546	0.0355	0.003	0.048
14.806	0.0299	0.018	0.507	0.0265	0.002	0.045
14.811	0.0331	0.009	0.505	0.0206	0.001	0.049
14.816	0.0590	0.011	0.568	0.0229	0.002	0.054
14.821	0.0258	0.014	0.413	0.0233	0.001	0.051
14.826	0.0525	0.007	0.416	0.0363	0.004	0.057
14.831	0.0192	0.007	0.262	0.0482	0.004	0.065
14.836	0.0233	0.011	0.347	0.0460	0.005	0.065
14.841	0.0090	0.023	0.348	0.0316	0.002	0.071
14.846	0.0186	0.009	0.366	0.0273	0.005	0.144
14.851	0.0101	0.002	0.339	0.0253	0.006	0.159
14.856	0.0084	0.011	0.500	0.0373	0.001	0.093
14.861	0.0066	0.005	0.409	0.0198	0.001	0.084
14.866	0.0034	0.005	0.385	0.0468	0.000	0.090
14.871	0.0033	0.005	0.413	0.0465	0.000	0.100
14.876	0.0033	0.005	0.367	0.0256	0.001	0.154
14.881	0.0017	0.007	0.362	0.0276	0.003	0.208
14.886	0.0016	0.005	0.337	0.0393	0.008	0.265
14.891	0.0011	0.018	0.428	0.0232	0.013	0.298
14.896	0.0013	0.020	0.391	0.0106	0.029	0.390
14.901	0.0010	0.032	0.445	0.0178	0.063	0.414
14.906	0.0004	0.041	0.412	0.0121	0.159	0.412
14.911	0.0006	0.075	0.344	0.0151	0.175	0.400
14.916	0.0006	0.075	0.230	0.0147	0.180	0.393
14.921	0.0005	0.075	0.310	0.0191	0.128	0.352
14.926	0.0005	0.084	0.455	0.0206	0.037	0.273
14.931	0.0005	0.055	0.441	0.0208	0.020	0.249
14.936	0.0006	0.057	0.184	0.0400	0.003	0.172
14.941	0.0008	0.050	0.200	0.0552	0.001	0.099
14.946	0.0005	0.030	0.476	0.0644	0.000	0.037
14.951	0.0020	0.014	0.423	0.0467	0.000	0.027
14.956	0.0039	0.009	0.228	0.0222	0.000	0.014
14.961	0.0095	0.009	0.371	0.0308	0.000	0.012
14.966	0.0373	0.009	0.546	0.0362	0.000	0.009
14.971	0.0181	0.025	0.502	0.0163	0.000	0.010
14.976	0.0428	0.020	0.388	0.0365	0.000	0.012
14.981	0.0284	0.018	0.495	0.0189	0.000	0.011
14.986	0.0294	0.014	0.541	0.0247	0.000	0.008
14.991	0.0362	0.016	0.568	0.0251	0.000	0.010
14.996	0.0413	0.011	0.565	0.0171	0.000	0.009
15.001	0.0646	0.009	0.489	0.0160	0.000	0.010
15.006	0.0363	0.016	0.521	0.0224	0.000	0.011
15.011	0.0610	0.009	0.488	0.0280	0.000	0.015
15.016	0.0261	0.014	0.557	0.0294	0.000	0.015
15.021	0.0348	0.009	0.554	0.0338	0.000	0.015
15.026	0.0203	0.011	0.466	0.0345	0.000	0.025
15.031	0.0247	0.009	0.521	0.0354	0.000	0.026
15.036	0.0140	0.005	0.478	0.0438	0.000	0.031
15.041	0.0151	0.009	0.479	0.0232	0.000	0.027
15.046	0.0137	0.011	0.479	0.0445	0.000	0.031
15.051	0.0145	0.007	0.460	0.0298	0.000	0.028
15.056	0.0104	0.007	0.424	0.0496	0.000	0.026
15.061	0.0131	0.007	0.410	0.0416	0.000	0.025
15.066	0.0068	0.016	0.455	0.0457	0.000	0.027
15.071	0.0057	0.007	0.480	0.0310	0.000	0.026
15.076	0.0061	0.005	0.479	0.0328	0.000	0.023
15.081	0.0052	0.009	0.442	0.0239	0.000	0.022
15.086	0.0127	0.014	0.360	0.0264	0.000	0.028
15.091	0.0031	0.009	0.433	0.0246	0.000	0.038
15.096	0.0194	0.020	0.445	0.0369	0.001	0.035
15.101	0.0090	0.016	0.446	0.0203	0.001	0.034
15.106	0.0208	0.023	0.431	0.0223	0.000	0.031
15.111	0.0106	0.014	0.424	0.0250	0.001	0.032
15.116	0.0216	0.014	0.386	0.0310	0.000	0.022
15.121	0.0089	0.020	0.403	0.0252	0.000	0.022
15.126	0.0300	0.016	0.400	0.0292	0.000	0.015
15.131	0.0133	0.016	0.433	0.0271	0.000	0.019
15.136	0.0279	0.016	0.429	0.0172	0.000	0.019
15.141	0.0138	0.023	0.398	0.0279	0.000	0.022
15.146	0.0194	0.014	0.332	0.0216	0.000	0.021
15.151	0.0216	0.025	0.344	0.0232	0.000	0.025
15.156	0.0135	0.016	0.333	0.0199	0.001	0.032
15.161	0.0112	0.023	0.311	0.0260	0.001	0.040
15.166	0.0063	0.023	0.291	0.0369	0.000	0.055
15.171	0.0047	0.020	0.309	0.0462	0.000	0.050
15.176	0.0023	0.023	0.314	0.0345	0.000	0.052
15.180	0.0055	0.016	0.272	0.0320	0.000	0.068
15.185	0.0020	0.016	0.327	0.0339	0.000	0.086
15.190	0.0016	0.014	0.344	0.0407	0.000	0.103
15.195	0.0012	0.016	0.283	0.0176	0.001	0.132
15.200	0.0015	0.016	0.430	0.0219	0.002	0.197
15.205	0.0004	0.025	0.520	0.0288	0.001	0.173
15.210	0.0005	0.016	0.489	0.0218	0.003	0.211
15.215	0.0007	0.016	0.379	0.0363	0.014	0.260
15.220	0.0005	0.016	0.334	0.0311	0.010	0.260
15.225	0.0003	0.025	0.342	0.0226	0.005	0.271
15.230	0.0004	0.014	0.380	0.0286	0.009	0.289
15.235	0.0003	0.023	0.264	0.0370	0.004	0.256
15.240	0.0002	0.016	0.258	0.0741	0.001	0.204
15.245	0.0002	0.027	0.459	0.0257	0.000	0.142
15.250	0.0006	0.002	0.387	0.0261	0.001	0.207
15.255	0.0009	0.005	0.306	0.0179	0.060	0.323
15.260	0.0005	0.007	0.220	0.0125	0.062	0.282
15.265	0.0004	0.018	0.239	0.0231	0.024	0.258
15.270	0.0007	0.036	0.245	0.0263	0.038	0.283
15.275	0.0005	0.043	0.393	0.0236	0.033	0.244
15.280	0.0010	0.048	0.117	0.0199	0.071	0.235
15.285	0.0012	0.043	0.407	0.0176	0.086	0.180
15.290	0.0024	0.052	0.388	0.0167	0.092	0.179
15.295	0.0041	0.082	0.336	0.0135	0.169	0.205
15.300	0.0085	0.080	0.330	0.0182	0.142	0.200
15.305	0.0075	0.095	0.283	0.0135	0.181	0.202
15.310	0.0095	0.066	0.261	0.0181	0.258	0.220
15.315	0.0070	0.091	0.186	0.0158	0.253	0.223
15.320	0.0066	0.089	0.170	0.0161	0.281	0.220
15.325	0.0075	0.084	0.217	0.0168	0.252	0.217
15.330	0.0082	0.089	0.239	0.0184	0.202	0.232
15.335	0.0073	0.105	0.286	0.0131	0.217	0.232
15.340	0.0077	0.095	0.238	0.0181	0.200	0.207
15.345	0.0071	0.084	0.178	0.0140	0.187	0.206
15.350	0.0093	0.075	0.237	0.0133	0.276	0.233
15.355	0.0059	0.082	0.188	0.0196	0.235	0.215
15.360	0.0029	0.098	0.226	0.0151	0.152	0.204
15.365	0.0034	0.068	0.151	0.0209	0.134	0.210
15.370	0.0023	0.068	0.268	0.0378	0.053	0.199
15.375	0.0016	0.059	0.299	0.0364	0.007	0.142
15.380	0.0011	0.050	0.425	0.0368	0.002	0.103
15.385	0.0034	0.011	0.548	0.0383	0.000	0.056
15.390	0.0053	0.007	0.654	0.0239	0.000	0.040
15.395	0.0142	0.011	0.543	0.0327	0.000	0.044
15.400	0.0254	0.009	0.521	0.0303	0.000	0.040
15.405	0.0097	0.007	0.567	0.0324	0.000	0.035
15.410	0.0232	0.009	0.465	0.0392	0.000	0.030
15.415	0.0145	0.009	0.431	0.0300	0.000	0.032
15.420	0.0145	0.009	0.425	0.0390	0.000	0.024
15.425	0.0095	0.005	0.439	0.0320	0.000	0.025
15.430	0.0166	0.005	0.472	0.0378	0.000	0.023
15.435	0.0121	0.005	0.478	0.0436	0.000	0.025
15.440	0.0123	0.002	0.493	0.0457	0.000	0.029
15.445	0.0131	0.002	0.490	0.0579	0.000	0.037
15.450	0.0070	0.002	0.509	0.0268	0.000	0.067
15.455	0.0074	0.002	0.502	0.0245	0.000	0.076
15.460	0.0061	0.002	0.508	0.0316	0.000	0.058
15.465	0.0050	0.002	0.481	0.0283	0.000	0.041
15.470	0.0042	0.002	0.503	0.0333	0.000	0.049
15.475	0.0039	0.002	0.463	0.0201	0.000	0.046
15.480	0.0039	0.005	0.482	0.0344	0.000	0.056
15.485	0.0035	0.000	0.466	0.0379	0.000	0.060
15.490	0.0033	0.005	0.465	0.0348	0.000	0.067
15.495	0.0032	0.002	0.441	0.0824	0.000	0.071
15.500	0.0032	0.002	0.449	0.0198	0.000	0.094
15.505	0.0020	0.002	0.472	0.0395	0.000	0.134
15.510	0.0022	0.002	0.436	0.0570	0.000	0.152
15.515	0.0013	0.002	0.425	0.0084	0.000	0.177
15.520	0.0014	0.002	0.402	0.0673	0.001	0.212
15.525	0.0007	0.002	0.476	0.0080	0.002	0.280
15.530	0.0006	0.002	0.451	0.0230	0.005	0.344
15.535	0.0003	0.002	0.434	0.0124	0.007	0.384
15.540	0.0003	0.020	0.373	0.0137	0.009	0.426
15.545	0.0002	0.020	0.203	0.0164	0.018	0.473
15.550	0.0001	0.020	0.225	0.0143	0.048	0.536
15.555	0.0001	0.023	0.228	0.0165	0.077	0.592
15.560	0.0001	0.009	0.224	0.0139	0.075	0.598
15.565	0.0001	0.023	0.184	0.0219	0.053	0.561
15.570	0.0001	0.000	0.393	0.0130	0.104	0.609
15.575	0.0000	0.089	0.117	0.0158	0.163	0.647
15.580	0.0000	0.068	0.189	0.0230	0.145	0.662
15.585	0.0001	0.009	0.110	0.0180	0.091	0.609
15.590	0.0000	0.041	0.175	0.0154	0.098	0.606
15.595	0.0001	0.014	0.122	0.0344	0.062	0.564
15.600	0.0001	0.032	0.122	0.0344	0.062	0.564
15.605	0.0001	0.025	0.122	0.0344	0.062	0.564
15.610	0.0000	0.025	0.122	0.0344	0.062	0.564


##### CLIP 13  (file=zencastr-en_606b213bf79637001587fcad-00003_50.wav, duration=14.140s, sr=48000) #####

trail_thresh=0.00244  speech_thresh=0.00351

--- GOLD TOKENS (idx, text, start_s, end_s) ---
0	so	0.0000	0.1980
1	you	0.2000	0.3870
2	beat	0.6840	0.8910
3	something	0.9290	1.4600
4	that	1.4620	1.6990
5	that	2.0310	2.2830
6	felt	2.4140	2.6960
7	like	2.6980	2.9175
8	it	2.9185	3.0030
9	was	3.0050	3.1160
10	consuming	3.1550	3.8640
11	your	3.8670	4.1628
12	life	4.1638	4.5530
13	and	4.5550	4.7527
14	it	4.7527	4.8700
15	was	4.8720	5.1660
16	and	5.3250	5.4412
17	it	5.4412	5.5670
18	was	5.5690	5.8400
19	still	5.8420	6.5710
20	you	7.7390	7.8700
21	didn't	7.8720	8.0238
22	even	8.0248	8.2710
23	get	8.2730	8.4020
24	to	8.4090	8.5243
25	share	8.5253	8.8740
26	the	8.8760	9.0230
27	joy	9.0250	9.4870
28	of	9.4890	9.6240
29	like	9.6470	9.8640
30	beating	9.9540	10.3850
31	something	10.3870	10.9530
32	with	10.9550	11.1520
33	someone	11.1540	11.5950
34	like	11.5970	11.7870
35	it	11.8010	11.9192
36	was	11.9202	12.1088
37	shou-	12.1098	12.3569
38	it	12.3579	12.4209
39	was	12.4219	12.5873
40	all	12.5883	12.8781
41	just	12.8791	13.1430
42	still	13.1450	13.3755
43	internal	13.3765	14.0350

--- RAW CTC (wav2vec2 forced-align, PRE-heuristic-refinement; idx, ctc_word_text, word_start_s, word_end_s, word_score, pipe_start_s, pipe_end_s) ---
0	so	0.0000	0.1001	10.247	0.1402	0.1803
1	you	0.2003	0.3205	12.094	0.3805	0.4206
2	beat	0.6609	0.8812	12.055	0.9213	0.9614
3	something	1.0014	1.3820	12.329	1.4020	1.4420
4	that	1.4621	1.6023	10.324	1.6223	1.6824
5	that	2.0829	2.2632	10.549	2.3033	2.3233
6	felt	2.5035	2.6838	12.752	2.7038	2.7439
7	like	2.7639	2.8841	12.683	2.8841	2.9241
8	it	2.9241	2.9842	12.190	2.9842	3.0243
9	was	3.0243	3.1044	11.412	3.1044	3.1444
10	consuming	3.1845	3.8254	12.944	3.8454	3.8855
11	your	3.8855	4.1258	11.296	4.1459	4.2059
12	life	4.2260	4.4863	13.904	4.5064	4.5464
13	and	4.6666	4.7267	9.617	4.7667	4.7868
14	it	4.8068	4.8669	9.902	4.8669	4.9069
15	was	4.9270	5.0471	11.814	5.0471	5.1072
16	and	5.3676	5.4477	9.580	5.4677	5.4878
17	it	5.4878	5.5478	10.079	5.5478	5.5879
18	was	5.6079	5.7281	12.288	5.7281	5.7882
19	still	5.8683	6.3690	14.031	6.3890	6.5493
20	you	7.7510	7.8511	9.972	7.8511	7.8912
21	didn't	7.8912	8.0514	12.996	8.0514	8.0914
22	even	8.0914	8.2316	11.784	8.2517	8.2917
23	get	8.2917	8.3919	11.627	8.3919	8.4319
24	to	8.4319	8.5321	11.503	8.5321	8.5721
25	share	8.5922	8.8125	13.127	8.8125	8.8926
26	the	8.8926	8.9727	11.427	8.9927	9.0328
27	joy	9.0929	9.3933	14.643	9.4333	9.4934
28	of	9.5735	9.6136	11.540	9.6336	9.6737
29	like	9.6937	9.8539	12.260	9.8539	9.9140
30	beating	9.9541	10.3346	12.321	10.3546	10.4348
31	something	10.4748	10.9154	12.398	10.9355	10.9755
32	with	10.9755	11.0957	12.055	11.0957	11.1358
33	someone	11.1558	11.5563	12.189	11.5764	11.6164
34	like	11.6164	11.7767	12.214	11.7967	11.8367
35	it	11.8968	11.9369	10.709	11.9569	11.9769
36	was	11.9970	12.1171	11.945	12.1572	12.2173
37	shou-	12.2173	12.3174	0.938	12.3575	12.3775
38	it	12.3975	12.4376	9.851	12.4576	12.4776
39	was	12.4776	12.5978	11.648	12.6178	12.6579
40	all	12.6980	12.8181	12.401	12.8382	12.8982
41	just	12.9183	13.0785	12.150	13.0785	13.1186
42	still	13.1386	13.3789	13.282	13.3990	13.4390
43	internal	13.4590	14.0399	11.184		

--- WHISPER (Groq) OUTPUT (word, start_s, end_s) [independent ASR pass, own word segmentation -- not index-aligned to gold/CTC] ---
So	0.000	0.120
you	0.120	0.340
beat	0.340	0.900
something	0.900	1.300
that	1.300	1.640
felt	1.640	2.640
like	2.640	2.880
it	2.880	3.000
was	3.000	3.100
consuming	3.100	3.640
your	3.640	4.040
life	4.040	4.520
and	4.520	4.720
it	4.720	4.860
was	4.860	5.680
still	5.680	6.100
–	6.100	6.600
you	6.600	7.800
didn't	7.800	7.980
even	7.980	8.220
get	8.220	8.360
to	8.360	8.520
share	8.520	8.780
the	8.780	8.940
joy	8.940	9.340
of,	9.340	9.660
like,	9.660	9.840
beating	9.840	10.240
something	10.240	10.820
with	10.820	11.100
someone.	11.100	11.660
Like,	11.640	11.840
it	11.840	11.960
was	11.960	12.620
all	12.620	12.780
just	12.780	13.080
still	13.080	13.360
internal?	13.360	13.860
Yeah.	13.320	14.620

--- SIGNAL TRACE (hop=5ms; time_s, rms, zcr, voicing, spectral_flux, hf_ratio, spectral_flatness) ---
0.000	0.0053	0.175	0.124	0.0000	0.927	0.234
0.005	0.0066	0.152	0.127	0.0121	0.924	0.245
0.010	0.0064	0.171	0.197	0.0144	0.891	0.245
0.015	0.0049	0.133	0.170	0.0123	0.871	0.240
0.020	0.0050	0.129	0.172	0.0171	0.730	0.237
0.025	0.0055	0.150	0.406	0.0267	0.540	0.208
0.030	0.0044	0.100	0.603	0.0443	0.051	0.146
0.035	0.0036	0.062	0.716	0.0311	0.010	0.117
0.040	0.0080	0.010	0.793	0.0189	0.004	0.067
0.045	0.0103	0.006	0.797	0.0139	0.005	0.057
0.050	0.0138	0.023	0.750	0.0173	0.005	0.049
0.055	0.0193	0.023	0.778	0.0149	0.009	0.045
0.060	0.0137	0.031	0.807	0.0091	0.018	0.039
0.065	0.0200	0.027	0.828	0.0075	0.017	0.032
0.070	0.0137	0.027	0.821	0.0081	0.013	0.032
0.075	0.0221	0.031	0.815	0.0083	0.015	0.034
0.080	0.0133	0.040	0.811	0.0099	0.019	0.038
0.085	0.0213	0.031	0.814	0.0100	0.024	0.036
0.090	0.0156	0.040	0.824	0.0084	0.027	0.036
0.095	0.0206	0.031	0.816	0.0085	0.029	0.037
0.100	0.0158	0.040	0.829	0.0071	0.034	0.037
0.105	0.0186	0.035	0.826	0.0061	0.038	0.036
0.110	0.0167	0.037	0.829	0.0082	0.040	0.037
0.115	0.0158	0.035	0.827	0.0054	0.038	0.038
0.120	0.0185	0.037	0.827	0.0066	0.035	0.038
0.125	0.0157	0.040	0.813	0.0070	0.031	0.037
0.130	0.0184	0.035	0.811	0.0137	0.026	0.042
0.135	0.0145	0.029	0.818	0.0084	0.022	0.039
0.140	0.0196	0.040	0.795	0.0209	0.013	0.044
0.145	0.0160	0.031	0.778	0.0178	0.008	0.044
0.150	0.0205	0.037	0.680	0.0228	0.007	0.046
0.155	0.0177	0.035	0.583	0.0321	0.007	0.050
0.160	0.0142	0.015	0.735	0.0309	0.004	0.047
0.165	0.0134	0.023	0.754	0.0227	0.005	0.047
0.170	0.0147	0.027	0.764	0.0148	0.008	0.051
0.175	0.0137	0.027	0.734	0.0162	0.008	0.055
0.180	0.0104	0.013	0.737	0.0191	0.005	0.069
0.185	0.0093	0.006	0.769	0.0112	0.006	0.077
0.190	0.0075	0.015	0.785	0.0141	0.007	0.079
0.195	0.0059	0.013	0.792	0.0133	0.006	0.084
0.200	0.0075	0.015	0.782	0.0133	0.007	0.085
0.205	0.0068	0.015	0.765	0.0154	0.011	0.087
0.210	0.0066	0.008	0.740	0.0215	0.016	0.086
0.215	0.0069	0.006	0.757	0.0202	0.017	0.082
0.220	0.0073	0.006	0.725	0.0188	0.019	0.072
0.225	0.0087	0.015	0.687	0.0181	0.018	0.070
0.230	0.0107	0.019	0.690	0.0246	0.015	0.065
0.235	0.0107	0.015	0.707	0.0232	0.015	0.060
0.240	0.0128	0.019	0.701	0.0269	0.008	0.051
0.245	0.0147	0.021	0.702	0.0243	0.006	0.050
0.250	0.0163	0.029	0.739	0.0296	0.008	0.056
0.255	0.0202	0.008	0.785	0.0262	0.004	0.053
0.260	0.0239	0.015	0.770	0.0233	0.001	0.051
0.265	0.0239	0.017	0.749	0.0255	0.001	0.054
0.270	0.0252	0.017	0.824	0.0252	0.001	0.055
0.275	0.0306	0.008	0.839	0.0205	0.001	0.054
0.280	0.0365	0.008	0.828	0.0204	0.001	0.048
0.285	0.0379	0.008	0.807	0.0233	0.001	0.045
0.290	0.0399	0.008	0.729	0.0235	0.000	0.043
0.295	0.0360	0.008	0.739	0.0229	0.000	0.041
0.300	0.0350	0.015	0.749	0.0147	0.000	0.045
0.305	0.0394	0.008	0.774	0.0155	0.000	0.044
0.310	0.0421	0.008	0.765	0.0100	0.000	0.039
0.315	0.0441	0.010	0.766	0.0140	0.000	0.036
0.320	0.0455	0.008	0.788	0.0111	0.000	0.033
0.325	0.0472	0.010	0.768	0.0144	0.000	0.032
0.330	0.0467	0.010	0.773	0.0146	0.000	0.030
0.335	0.0435	0.008	0.795	0.0123	0.000	0.029
0.340	0.0449	0.010	0.765	0.0115	0.000	0.032
0.345	0.0461	0.008	0.735	0.0140	0.000	0.035
0.350	0.0393	0.010	0.627	0.0145	0.000	0.047
0.355	0.0305	0.008	0.530	0.0162	0.000	0.068
0.360	0.0161	0.010	0.403	0.0269	0.001	0.113
0.365	0.0057	0.013	0.607	0.0325	0.001	0.120
0.370	0.0029	0.010	0.658	0.0291	0.000	0.099
0.375	0.0038	0.008	0.583	0.0237	0.000	0.101
0.380	0.0020	0.008	0.569	0.0526	0.000	0.148
0.385	0.0008	0.010	0.642	0.0274	0.001	0.186
0.390	0.0007	0.008	0.628	0.0558	0.002	0.275
0.395	0.0002	0.008	0.787	0.0404	0.001	0.263
0.400	0.0003	0.008	0.793	0.0220	0.001	0.263
0.405	0.0003	0.008	0.717	0.0189	0.002	0.282
0.410	0.0003	0.008	0.579	0.0252	0.004	0.345
0.415	0.0003	0.008	0.714	0.0645	0.001	0.240
0.420	0.0001	0.013	0.670	0.0228	0.000	0.185
0.425	0.0004	0.008	0.659	0.0346	0.000	0.182
0.430	0.0006	0.008	0.734	0.0160	0.000	0.179
0.435	0.0005	0.010	0.788	0.0294	0.000	0.171
0.440	0.0006	0.010	0.792	0.0073	0.000	0.160
0.445	0.0008	0.008	0.727	0.0079	0.000	0.182
0.450	0.0006	0.010	0.619	0.0210	0.001	0.263
0.455	0.0004	0.008	0.635	0.0111	0.003	0.341
0.460	0.0003	0.010	0.596	0.0264	0.005	0.396
0.465	0.0002	0.008	0.645	0.0229	0.007	0.406
0.470	0.0001	0.010	0.484	0.0502	0.011	0.431
0.475	0.0001	0.008	0.548	0.0171	0.013	0.438
0.480	0.0001	0.015	0.583	0.0142	0.064	0.605
0.485	0.0001	0.021	0.296	0.0168	0.142	0.644
0.490	0.0000	0.029	0.200	0.0132	0.185	0.671
0.495	0.0000	0.025	0.137	0.0126	0.261	0.711
0.500	0.0000	0.033	0.232	0.0138	0.260	0.728
0.505	0.0000	0.040	0.258	0.0129	0.162	0.669
0.510	0.0000	0.019	0.267	0.0173	0.153	0.667
0.515	0.0000	0.029	0.233	0.0122	0.159	0.650
0.520	0.0000	0.013	0.263	0.0133	0.155	0.655
0.525	0.0000	0.035	0.163	0.0098	0.218	0.702
0.530	0.0000	0.040	0.179	0.0119	0.311	0.731
0.535	0.0000	0.042	0.178	0.0098	0.281	0.730
0.540	0.0000	0.048	0.178	0.0106	0.260	0.737
0.545	0.0000	0.023	0.163	0.0103	0.301	0.741
0.550	0.0000	0.033	0.204	0.0111	0.295	0.761
0.555	0.0000	0.054	0.186	0.0107	0.263	0.735
0.560	0.0000	0.004	0.197	0.0114	0.331	0.744
0.565	0.0000	0.052	0.279	0.0101	0.341	0.758
0.570	0.0000	0.065	0.105	0.0191	0.313	0.725
0.575	0.0000	0.092	0.225	0.0141	0.199	0.682
0.580	0.0000	0.046	0.210	0.0095	0.216	0.712
0.585	0.0000	0.050	0.159	0.0166	0.272	0.733
0.590	0.0000	0.040	0.199	0.0123	0.227	0.715
0.595	0.0000	0.052	0.163	0.0196	0.212	0.706
0.600	0.0000	0.050	0.210	0.0156	0.154	0.672
0.605	0.0000	0.037	0.216	0.0133	0.151	0.686
0.610	0.0000	0.058	0.152	0.0131	0.218	0.706
0.615	0.0000	0.015	0.177	0.0260	0.200	0.700
0.620	0.0000	0.096	0.144	0.0117	0.134	0.673
0.625	0.0000	0.031	0.202	0.0104	0.199	0.714
0.630	0.0000	0.027	0.145	0.0118	0.230	0.713
0.635	0.0000	0.065	0.232	0.0120	0.305	0.745
0.640	0.0000	0.104	0.220	0.0109	0.249	0.733
0.645	0.0000	0.060	0.283	0.0120	0.250	0.736
0.650	0.0000	0.104	0.207	0.0104	0.297	0.711
0.655	0.0000	0.035	0.167	0.0119	0.296	0.709
0.660	0.0000	0.098	0.259	0.0130	0.186	0.675
0.665	0.0000	0.031	0.193	0.0180	0.154	0.679
0.670	0.0000	0.075	0.302	0.0448	0.057	0.559
0.675	0.0000	0.054	0.178	0.0310	0.019	0.431
0.680	0.0000	0.027	0.240	0.0506	0.000	0.061
0.685	0.0001	0.017	0.578	0.0266	0.000	0.031
0.690	0.0001	0.008	0.558	0.0173	0.000	0.020
0.695	0.0075	0.006	0.642	0.0250	0.002	0.031
0.700	0.0338	0.029	0.729	0.0226	0.004	0.041
0.705	0.0272	0.031	0.802	0.0176	0.006	0.043
0.710	0.0431	0.035	0.839	0.0120	0.012	0.041
0.715	0.0397	0.027	0.840	0.0098	0.017	0.040
0.720	0.0434	0.040	0.841	0.0085	0.030	0.043
0.725	0.0451	0.042	0.824	0.0087	0.039	0.045
0.730	0.0366	0.040	0.818	0.0154	0.040	0.042
0.735	0.0499	0.048	0.804	0.0168	0.033	0.041
0.740	0.0362	0.046	0.806	0.0167	0.018	0.043
0.745	0.0468	0.050	0.802	0.0151	0.014	0.044
0.750	0.0414	0.046	0.765	0.0166	0.015	0.046
0.755	0.0301	0.040	0.742	0.0191	0.021	0.050
0.760	0.0379	0.040	0.699	0.0225	0.037	0.050
0.765	0.0300	0.035	0.733	0.0230	0.042	0.055
0.770	0.0238	0.037	0.731	0.0234	0.036	0.052
0.775	0.0306	0.035	0.729	0.0284	0.022	0.052
0.780	0.0247	0.046	0.719	0.0241	0.013	0.050
0.785	0.0243	0.050	0.678	0.0220	0.021	0.047
0.790	0.0251	0.044	0.653	0.0235	0.032	0.051
0.795	0.0306	0.031	0.722	0.0255	0.026	0.048
0.800	0.0271	0.033	0.779	0.0229	0.011	0.046
0.805	0.0262	0.033	0.798	0.0243	0.009	0.042
0.810	0.0284	0.033	0.781	0.0219	0.017	0.039
0.815	0.0327	0.033	0.709	0.0227	0.016	0.040
0.820	0.0292	0.021	0.621	0.0246	0.010	0.038
0.825	0.0290	0.017	0.672	0.0239	0.009	0.040
0.830	0.0287	0.023	0.713	0.0130	0.010	0.040
0.835	0.0324	0.033	0.710	0.0163	0.011	0.041
0.840	0.0315	0.021	0.704	0.0195	0.010	0.049
0.845	0.0239	0.008	0.731	0.0252	0.006	0.058
0.850	0.0225	0.008	0.731	0.0274	0.002	0.073
0.855	0.0208	0.008	0.667	0.0230	0.001	0.101
0.860	0.0090	0.017	0.603	0.0569	0.002	0.123
0.865	0.0068	0.008	0.701	0.0312	0.002	0.136
0.870	0.0054	0.008	0.586	0.0251	0.005	0.192
0.875	0.0038	0.025	0.375	0.0337	0.006	0.226
0.880	0.0008	0.015	0.567	0.0228	0.005	0.229
0.885	0.0018	0.021	0.627	0.0295	0.006	0.226
0.890	0.0012	0.017	0.775	0.0434	0.004	0.203
0.895	0.0011	0.015	0.793	0.0254	0.003	0.197
0.900	0.0018	0.006	0.788	0.0244	0.004	0.216
0.905	0.0012	0.008	0.779	0.0128	0.004	0.249
0.910	0.0011	0.008	0.657	0.0131	0.029	0.371
0.915	0.0010	0.008	0.547	0.0090	0.125	0.390
0.920	0.0008	0.040	0.227	0.0159	0.469	0.384
0.925	0.0010	0.102	0.085	0.0152	0.850	0.357
0.930	0.0006	0.196	0.133	0.0111	0.954	0.282
0.935	0.0014	0.250	0.144	0.0126	0.881	0.288
0.940	0.0040	0.265	0.164	0.0132	0.940	0.262
0.945	0.0032	0.212	0.129	0.0117	0.983	0.238
0.950	0.0052	0.237	0.180	0.0145	0.994	0.185
0.955	0.0064	0.233	0.163	0.0111	0.996	0.166
0.960	0.0077	0.254	0.138	0.0140	0.997	0.165
0.965	0.0103	0.240	0.162	0.0119	0.997	0.179
0.970	0.0112	0.258	0.153	0.0126	0.998	0.173
0.975	0.0093	0.248	0.151	0.0116	0.998	0.174
0.980	0.0098	0.240	0.119	0.0135	0.999	0.174
0.985	0.0084	0.256	0.121	0.0117	0.999	0.163
0.990	0.0097	0.240	0.162	0.0119	0.998	0.183
0.995	0.0124	0.237	0.182	0.0131	0.997	0.193
1.000	0.0085	0.229	0.145	0.0121	0.996	0.209
1.005	0.0091	0.258	0.130	0.0131	0.994	0.234
1.010	0.0067	0.212	0.129	0.0120	0.975	0.272
1.015	0.0040	0.177	0.121	0.0143	0.900	0.302
1.020	0.0023	0.158	0.476	0.0616	0.120	0.261
1.025	0.0018	0.140	0.715	0.0334	0.007	0.138
1.030	0.0009	0.062	0.817	0.0221	0.005	0.111
1.035	0.0123	0.008	0.828	0.0198	0.005	0.099
1.040	0.0156	0.025	0.813	0.0163	0.004	0.080
1.045	0.0118	0.015	0.814	0.0212	0.003	0.073
1.050	0.0141	0.017	0.773	0.0202	0.003	0.063
1.055	0.0254	0.015	0.753	0.0254	0.002	0.056
1.060	0.0293	0.023	0.731	0.0265	0.001	0.044
1.065	0.0320	0.019	0.753	0.0222	0.001	0.042
1.070	0.0167	0.023	0.782	0.0197	0.000	0.041
1.075	0.0321	0.023	0.776	0.0185	0.000	0.044
1.080	0.0274	0.017	0.748	0.0192	0.000	0.050
1.085	0.0154	0.021	0.717	0.0276	0.001	0.052
1.090	0.0164	0.019	0.761	0.0289	0.000	0.047
1.095	0.0111	0.010	0.804	0.0192	0.000	0.045
1.100	0.0161	0.006	0.824	0.0089	0.000	0.046
1.105	0.0141	0.006	0.829	0.0079	0.000	0.046
1.110	0.0178	0.006	0.818	0.0095	0.000	0.041
1.115	0.0162	0.006	0.824	0.0093	0.000	0.040
1.120	0.0193	0.006	0.821	0.0101	0.000	0.038
1.125	0.0201	0.006	0.826	0.0141	0.000	0.035
1.130	0.0211	0.006	0.829	0.0134	0.000	0.034
1.135	0.0216	0.006	0.829	0.0153	0.000	0.034
1.140	0.0204	0.006	0.833	0.0121	0.000	0.033
1.145	0.0215	0.006	0.834	0.0095	0.000	0.033
1.150	0.0206	0.006	0.841	0.0103	0.000	0.030
1.155	0.0213	0.006	0.836	0.0117	0.000	0.031
1.160	0.0203	0.004	0.820	0.0223	0.000	0.032
1.165	0.0197	0.006	0.780	0.0298	0.000	0.035
1.170	0.0176	0.006	0.617	0.0337	0.000	0.058
1.175	0.0110	0.006	0.548	0.0332	0.000	0.084
1.180	0.0062	0.006	0.613	0.0261	0.001	0.143
1.185	0.0025	0.006	0.825	0.0243	0.000	0.128
1.190	0.0023	0.006	0.764	0.0143	0.008	0.226
1.195	0.0025	0.006	0.628	0.0133	0.080	0.371
1.200	0.0019	0.015	0.563	0.0136	0.155	0.398
1.205	0.0013	0.081	0.557	0.0119	0.217	0.383
1.210	0.0022	0.065	0.503	0.0098	0.395	0.378
1.215	0.0020	0.131	0.461	0.0120	0.398	0.404
1.220	0.0016	0.142	0.543	0.0116	0.271	0.420
1.225	0.0012	0.110	0.637	0.0172	0.177	0.428
1.230	0.0012	0.065	0.695	0.0188	0.053	0.408
1.235	0.0009	0.042	0.495	0.0188	0.057	0.399
1.240	0.0010	0.037	0.437	0.0662	0.008	0.272
1.245	0.0004	0.027	0.621	0.0175	0.003	0.136
1.250	0.0010	0.019	0.457	0.0164	0.004	0.091
1.255	0.0062	0.006	0.475	0.0281	0.008	0.099
1.260	0.0054	0.015	0.571	0.0224	0.021	0.080
1.265	0.0141	0.017	0.645	0.0165	0.034	0.071
1.270	0.0121	0.019	0.613	0.0147	0.048	0.065
1.275	0.0111	0.033	0.633	0.0182	0.044	0.071
1.280	0.0247	0.031	0.750	0.0117	0.031	0.075
1.285	0.0246	0.031	0.758	0.0102	0.029	0.071
1.290	0.0177	0.031	0.721	0.0086	0.035	0.067
1.295	0.0155	0.031	0.692	0.0115	0.046	0.071
1.300	0.0188	0.040	0.730	0.0156	0.048	0.066
1.305	0.0216	0.031	0.748	0.0126	0.042	0.065
1.310	0.0169	0.037	0.739	0.0127	0.039	0.064
1.315	0.0120	0.029	0.748	0.0118	0.040	0.061
1.320	0.0129	0.048	0.773	0.0117	0.033	0.056
1.325	0.0208	0.050	0.762	0.0124	0.024	0.051
1.330	0.0286	0.054	0.791	0.0110	0.013	0.045
1.335	0.0282	0.054	0.749	0.0092	0.009	0.041
1.340	0.0208	0.042	0.679	0.0195	0.007	0.060
1.345	0.0094	0.040	0.679	0.0222	0.007	0.070
1.350	0.0109	0.019	0.768	0.0246	0.008	0.075
1.355	0.0118	0.004	0.780	0.0194	0.008	0.074
1.360	0.0121	0.006	0.784	0.0065	0.007	0.071
1.365	0.0097	0.004	0.796	0.0059	0.006	0.073
1.370	0.0064	0.008	0.785	0.0151	0.005	0.064
1.375	0.0116	0.010	0.791	0.0144	0.004	0.065
1.380	0.0131	0.008	0.794	0.0068	0.002	0.067
1.385	0.0140	0.006	0.797	0.0054	0.002	0.072
1.390	0.0114	0.004	0.798	0.0080	0.002	0.075
1.395	0.0062	0.004	0.790	0.0084	0.001	0.077
1.400	0.0139	0.019	0.798	0.0087	0.001	0.069
1.405	0.0167	0.017	0.795	0.0090	0.001	0.063
1.410	0.0138	0.010	0.789	0.0105	0.001	0.065
1.415	0.0112	0.008	0.793	0.0068	0.002	0.062
1.420	0.0099	0.015	0.796	0.0092	0.002	0.065
1.425	0.0129	0.008	0.766	0.0124	0.002	0.064
1.430	0.0152	0.010	0.741	0.0116	0.003	0.071
1.435	0.0118	0.004	0.720	0.0126	0.004	0.070
1.440	0.0075	0.010	0.665	0.0121	0.005	0.079
1.445	0.0041	0.013	0.680	0.0194	0.006	0.079
1.450	0.0044	0.025	0.665	0.0190	0.013	0.072
1.455	0.0056	0.033	0.681	0.0174	0.011	0.062
1.460	0.0067	0.037	0.589	0.0147	0.007	0.054
1.465	0.0063	0.035	0.565	0.0225	0.006	0.051
1.470	0.0049	0.025	0.697	0.0214	0.003	0.046
1.475	0.0137	0.029	0.752	0.0158	0.001	0.044
1.480	0.0237	0.019	0.763	0.0159	0.001	0.046
1.485	0.0214	0.010	0.758	0.0134	0.002	0.053
1.490	0.0167	0.025	0.762	0.0105	0.002	0.049
1.495	0.0299	0.021	0.769	0.0094	0.003	0.039
1.500	0.0404	0.021	0.751	0.0084	0.004	0.030
1.505	0.0364	0.019	0.719	0.0136	0.005	0.026
1.510	0.0272	0.017	0.668	0.0194	0.006	0.025
1.515	0.0431	0.027	0.715	0.0204	0.005	0.025
1.520	0.0609	0.027	0.769	0.0077	0.007	0.025
1.525	0.0659	0.027	0.753	0.0096	0.011	0.024
1.530	0.0408	0.029	0.734	0.0097	0.020	0.024
1.535	0.0334	0.035	0.729	0.0113	0.021	0.024
1.540	0.0239	0.035	0.671	0.0149	0.018	0.030
1.545	0.0477	0.031	0.639	0.0177	0.016	0.039
1.550	0.0382	0.029	0.598	0.0164	0.014	0.040
1.555	0.0323	0.031	0.493	0.0216	0.012	0.040
1.560	0.0222	0.029	0.325	0.0279	0.009	0.040
1.565	0.0176	0.035	0.259	0.0265	0.007	0.043
1.570	0.0161	0.029	0.330	0.0319	0.004	0.041
1.575	0.0123	0.019	0.238	0.0188	0.005	0.042
1.580	0.0157	0.019	0.331	0.0262	0.008	0.043
1.585	0.0244	0.015	0.366	0.0305	0.013	0.040
1.590	0.0069	0.029	0.268	0.0264	0.010	0.054
1.595	0.0133	0.017	0.285	0.0286	0.006	0.059
1.600	0.0043	0.017	0.368	0.0211	0.008	0.064
1.605	0.0127	0.023	0.352	0.0277	0.007	0.095
1.610	0.0051	0.019	0.291	0.0245	0.003	0.136
1.615	0.0024	0.019	0.277	0.0233	0.003	0.143
1.620	0.0025	0.015	0.311	0.0330	0.001	0.098
1.625	0.0010	0.031	0.459	0.0266	0.001	0.096
1.630	0.0044	0.010	0.467	0.0258	0.002	0.148
1.635	0.0026	0.015	0.458	0.0220	0.003	0.172
1.640	0.0017	0.015	0.502	0.0195	0.004	0.193
1.645	0.0011	0.015	0.506	0.0190	0.004	0.204
1.650	0.0010	0.023	0.476	0.0162	0.004	0.209
1.655	0.0012	0.031	0.367	0.0258	0.005	0.209
1.660	0.0007	0.040	0.174	0.0268	0.004	0.201
1.665	0.0009	0.015	0.333	0.0451	0.002	0.138
1.670	0.0007	0.035	0.170	0.0219	0.001	0.101
1.675	0.0012	0.019	0.347	0.0461	0.001	0.101
1.680	0.0014	0.025	0.596	0.0141	0.002	0.136
1.685	0.0029	0.008	0.634	0.0099	0.008	0.227
1.690	0.0033	0.006	0.352	0.0128	0.162	0.388
1.695	0.0021	0.029	0.195	0.0113	0.503	0.396
1.700	0.0012	0.144	0.109	0.0095	0.643	0.401
1.705	0.0015	0.225	0.101	0.0100	0.660	0.403
1.710	0.0017	0.219	0.092	0.0103	0.734	0.420
1.715	0.0022	0.229	0.134	0.0104	0.734	0.424
1.720	0.0018	0.227	0.113	0.0107	0.676	0.417
1.725	0.0016	0.188	0.097	0.0101	0.687	0.405
1.730	0.0018	0.215	0.129	0.0102	0.645	0.392
1.735	0.0020	0.227	0.105	0.0105	0.666	0.380
1.740	0.0022	0.215	0.112	0.0112	0.612	0.402
1.745	0.0019	0.202	0.102	0.0096	0.658	0.395
1.750	0.0018	0.206	0.122	0.0094	0.689	0.379
1.755	0.0022	0.198	0.113	0.0097	0.720	0.384
1.760	0.0025	0.200	0.085	0.0112	0.759	0.398
1.765	0.0019	0.202	0.103	0.0088	0.794	0.399
1.770	0.0023	0.223	0.128	0.0105	0.802	0.401
1.775	0.0019	0.212	0.129	0.0097	0.739	0.396
1.780	0.0016	0.237	0.107	0.0106	0.741	0.399
1.785	0.0023	0.202	0.116	0.0102	0.770	0.398
1.790	0.0021	0.217	0.108	0.0098	0.778	0.401
1.795	0.0018	0.198	0.093	0.0095	0.801	0.408
1.800	0.0020	0.250	0.100	0.0102	0.861	0.422
1.805	0.0015	0.248	0.101	0.0094	0.832	0.420
1.810	0.0014	0.233	0.095	0.0099	0.805	0.433
1.815	0.0014	0.219	0.105	0.0119	0.785	0.437
1.820	0.0012	0.235	0.100	0.0094	0.554	0.399
1.825	0.0016	0.240	0.107	0.0093	0.577	0.416
1.830	0.0021	0.156	0.135	0.0106	0.644	0.425
1.835	0.0018	0.212	0.152	0.0104	0.684	0.404
1.840	0.0017	0.212	0.113	0.0104	0.765	0.406
1.845	0.0018	0.225	0.104	0.0100	0.791	0.405
1.850	0.0023	0.227	0.113	0.0100	0.794	0.415
1.855	0.0016	0.250	0.143	0.0122	0.834	0.398
1.860	0.0013	0.229	0.120	0.0103	0.790	0.414
1.865	0.0017	0.254	0.128	0.0109	0.794	0.426
1.870	0.0013	0.221	0.115	0.0097	0.816	0.415
1.875	0.0014	0.221	0.136	0.0099	0.787	0.421
1.880	0.0011	0.235	0.091	0.0103	0.821	0.430
1.885	0.0013	0.240	0.080	0.0106	0.794	0.433
1.890	0.0012	0.233	0.106	0.0100	0.782	0.431
1.895	0.0012	0.235	0.099	0.0104	0.750	0.430
1.900	0.0012	0.217	0.130	0.0111	0.757	0.421
1.905	0.0011	0.215	0.118	0.0101	0.765	0.422
1.910	0.0012	0.229	0.106	0.0115	0.790	0.436
1.915	0.0013	0.206	0.121	0.0099	0.824	0.419
1.920	0.0012	0.229	0.118	0.0104	0.820	0.411
1.925	0.0014	0.263	0.113	0.0111	0.796	0.415
1.930	0.0011	0.215	0.135	0.0107	0.708	0.454
1.935	0.0009	0.204	0.222	0.0133	0.640	0.448
1.940	0.0007	0.198	0.382	0.0171	0.314	0.434
1.945	0.0008	0.144	0.587	0.0245	0.154	0.405
1.950	0.0010	0.077	0.451	0.0199	0.051	0.351
1.955	0.0010	0.033	0.471	0.0187	0.038	0.350
1.960	0.0017	0.075	0.447	0.0186	0.013	0.292
1.965	0.0012	0.015	0.466	0.0139	0.017	0.310
1.970	0.0018	0.017	0.419	0.0225	0.024	0.349
1.975	0.0007	0.048	0.374	0.0267	0.013	0.305
1.980	0.0005	0.013	0.451	0.0144	0.013	0.288
1.985	0.0007	0.021	0.316	0.0157	0.013	0.255
1.990	0.0009	0.027	0.181	0.0132	0.080	0.441
1.995	0.0004	0.102	0.148	0.0283	0.201	0.546
2.000	0.0001	0.096	0.286	0.0173	0.218	0.591
2.005	0.0001	0.077	0.238	0.0172	0.203	0.567
2.010	0.0001	0.121	0.550	0.0393	0.025	0.395
2.015	0.0001	0.077	0.674	0.0292	0.009	0.323
2.020	0.0003	0.008	0.249	0.0214	0.012	0.353
2.025	0.0005	0.008	0.218	0.0794	0.004	0.219
2.030	0.0003	0.031	0.510	0.0654	0.000	0.081
2.035	0.0006	0.006	0.619	0.0459	0.000	0.065
2.040	0.0024	0.004	0.745	0.0218	0.000	0.047
2.045	0.0031	0.004	0.768	0.0245	0.000	0.048
2.050	0.0050	0.004	0.774	0.0228	0.000	0.046
2.055	0.0058	0.004	0.785	0.0120	0.000	0.045
2.060	0.0071	0.004	0.760	0.0074	0.001	0.074
2.065	0.0070	0.006	0.758	0.0167	0.002	0.081
2.070	0.0069	0.004	0.738	0.0221	0.000	0.078
2.075	0.0058	0.004	0.738	0.0050	0.000	0.116
2.080	0.0048	0.004	0.672	0.0103	0.005	0.273
2.085	0.0038	0.004	0.600	0.0201	0.022	0.295
2.090	0.0031	0.013	0.469	0.0111	0.054	0.229
2.095	0.0021	0.017	0.458	0.0395	0.041	0.231
2.100	0.0030	0.025	0.600	0.0232	0.006	0.182
2.105	0.0035	0.035	0.549	0.0359	0.004	0.123
2.110	0.0065	0.004	0.671	0.0286	0.002	0.071
2.115	0.0112	0.017	0.747	0.0117	0.003	0.056
2.120	0.0235	0.015	0.772	0.0125	0.002	0.046
2.125	0.0285	0.015	0.747	0.0114	0.002	0.047
2.130	0.0236	0.015	0.742	0.0089	0.009	0.043
2.135	0.0179	0.019	0.737	0.0105	0.020	0.041
2.140	0.0288	0.023	0.769	0.0067	0.037	0.036
2.145	0.0359	0.025	0.761	0.0108	0.046	0.041
2.150	0.0381	0.035	0.769	0.0073	0.050	0.039
2.155	0.0276	0.035	0.788	0.0077	0.046	0.038
2.160	0.0204	0.027	0.783	0.0055	0.040	0.036
2.165	0.0325	0.021	0.775	0.0043	0.036	0.034
2.170	0.0416	0.015	0.778	0.0083	0.035	0.034
2.175	0.0439	0.015	0.750	0.0086	0.038	0.028
2.180	0.0335	0.017	0.705	0.0142	0.048	0.027
2.185	0.0299	0.015	0.735	0.0119	0.059	0.024
2.190	0.0507	0.019	0.749	0.0067	0.073	0.024
2.195	0.0619	0.023	0.692	0.0135	0.073	0.025
2.200	0.0650	0.023	0.652	0.0134	0.060	0.028
2.205	0.0444	0.031	0.656	0.0133	0.047	0.031
2.210	0.0366	0.027	0.650	0.0170	0.032	0.028
2.215	0.0316	0.021	0.629	0.0165	0.018	0.027
2.220	0.0237	0.027	0.590	0.0213	0.006	0.025
2.225	0.0275	0.019	0.462	0.0236	0.004	0.026
2.230	0.0275	0.013	0.187	0.0364	0.006	0.042
2.235	0.0143	0.013	0.248	0.0344	0.004	0.045
2.240	0.0130	0.017	0.501	0.0374	0.003	0.047
2.245	0.0087	0.015	0.551	0.0217	0.003	0.043
2.250	0.0100	0.013	0.635	0.0226	0.004	0.049
2.255	0.0113	0.015	0.543	0.0266	0.005	0.057
2.260	0.0191	0.013	0.380	0.0443	0.006	0.102
2.265	0.0069	0.015	0.289	0.0225	0.011	0.109
2.270	0.0041	0.019	0.384	0.0273	0.012	0.155
2.275	0.0021	0.023	0.343	0.0301	0.007	0.179
2.280	0.0016	0.027	0.235	0.0175	0.008	0.202
2.285	0.0014	0.021	0.457	0.0272	0.007	0.203
2.290	0.0009	0.019	0.546	0.0253	0.003	0.170
2.295	0.0013	0.013	0.627	0.0160	0.003	0.184
2.300	0.0019	0.015	0.558	0.0659	0.006	0.214
2.305	0.0007	0.027	0.735	0.0241	0.003	0.207
2.310	0.0012	0.015	0.712	0.0226	0.003	0.208
2.315	0.0010	0.015	0.637	0.0228	0.005	0.242
2.320	0.0010	0.023	0.620	0.0380	0.005	0.251
2.325	0.0006	0.031	0.690	0.0237	0.004	0.245
2.330	0.0010	0.015	0.690	0.0105	0.007	0.302
2.335	0.0007	0.025	0.704	0.0141	0.011	0.312
2.340	0.0006	0.019	0.537	0.0211	0.024	0.345
2.345	0.0004	0.031	0.452	0.0128	0.038	0.388
2.350	0.0004	0.033	0.195	0.0185	0.128	0.490
2.355	0.0001	0.106	0.311	0.0213	0.119	0.498
2.360	0.0002	0.077	0.493	0.0192	0.075	0.482
2.365	0.0001	0.056	0.553	0.0106	0.075	0.504
2.370	0.0002	0.056	0.267	0.0158	0.128	0.532
2.375	0.0002	0.092	0.334	0.0239	0.119	0.521
2.380	0.0001	0.102	0.327	0.0118	0.288	0.478
2.385	0.0002	0.021	0.246	0.0092	0.479	0.451
2.390	0.0005	0.135	0.118	0.0106	0.750	0.423
2.395	0.0009	0.188	0.123	0.0123	0.873	0.390
2.400	0.0010	0.254	0.184	0.0105	0.910	0.370
2.405	0.0017	0.271	0.133	0.0106	0.915	0.356
2.410	0.0023	0.263	0.135	0.0117	0.908	0.354
2.415	0.0024	0.246	0.129	0.0102	0.890	0.363
2.420	0.0027	0.250	0.102	0.0095	0.819	0.382
2.425	0.0038	0.217	0.102	0.0103	0.813	0.362
2.430	0.0031	0.229	0.098	0.0113	0.897	0.358
2.435	0.0033	0.219	0.115	0.0114	0.899	0.348
2.440	0.0033	0.231	0.090	0.0116	0.907	0.343
2.445	0.0041	0.250	0.135	0.0100	0.927	0.354
2.450	0.0034	0.217	0.114	0.0095	0.911	0.343
2.455	0.0060	0.219	0.168	0.0132	0.934	0.334
2.460	0.0041	0.242	0.138	0.0104	0.959	0.330
2.465	0.0047	0.258	0.134	0.0123	0.961	0.337
2.470	0.0054	0.267	0.151	0.0115	0.968	0.318
2.475	0.0036	0.271	0.176	0.0112	0.967	0.318
2.480	0.0056	0.277	0.150	0.0116	0.960	0.307
2.485	0.0050	0.242	0.173	0.0111	0.956	0.303
2.490	0.0045	0.260	0.148	0.0119	0.959	0.308
2.495	0.0057	0.256	0.134	0.0115	0.950	0.320
2.500	0.0056	0.242	0.132	0.0106	0.921	0.313
2.505	0.0049	0.248	0.149	0.0123	0.934	0.313
2.510	0.0047	0.248	0.173	0.0106	0.920	0.326
2.515	0.0059	0.237	0.151	0.0108	0.830	0.326
2.520	0.0048	0.217	0.093	0.0126	0.759	0.348
2.525	0.0035	0.190	0.336	0.0261	0.519	0.329
2.530	0.0033	0.246	0.572	0.0459	0.018	0.215
2.535	0.0020	0.090	0.604	0.0407	0.003	0.127
2.540	0.0070	0.004	0.695	0.0248	0.000	0.060
2.545	0.0163	0.031	0.761	0.0129	0.000	0.046
2.550	0.0244	0.013	0.365	0.0246	0.001	0.039
2.555	0.0314	0.013	0.484	0.0388	0.001	0.041
2.560	0.0345	0.017	0.693	0.0141	0.001	0.031
2.565	0.0428	0.019	0.607	0.0218	0.001	0.027
2.570	0.0341	0.025	0.658	0.0292	0.001	0.019
2.575	0.0383	0.025	0.738	0.0180	0.000	0.017
2.580	0.0731	0.021	0.775	0.0153	0.000	0.016
2.585	0.0882	0.031	0.657	0.0192	0.001	0.015
2.590	0.0529	0.027	0.524	0.0306	0.002	0.014
2.595	0.0727	0.023	0.590	0.0349	0.002	0.012
2.600	0.0816	0.025	0.707	0.0286	0.003	0.012
2.605	0.0446	0.029	0.744	0.0269	0.003	0.013
2.610	0.0903	0.023	0.733	0.0223	0.002	0.016
2.615	0.0617	0.025	0.693	0.0227	0.003	0.019
2.620	0.0705	0.019	0.732	0.0240	0.007	0.018
2.625	0.0479	0.021	0.719	0.0264	0.006	0.018
2.630	0.0603	0.025	0.745	0.0346	0.003	0.016
2.635	0.0660	0.027	0.780	0.0280	0.002	0.016
2.640	0.0714	0.027	0.730	0.0258	0.003	0.016
2.645	0.0932	0.027	0.639	0.0259	0.005	0.018
2.650	0.0554	0.025	0.664	0.0256	0.009	0.023
2.655	0.0437	0.019	0.818	0.0217	0.008	0.021
2.660	0.0498	0.023	0.845	0.0127	0.006	0.024
2.665	0.0496	0.017	0.843	0.0145	0.006	0.025
2.670	0.0440	0.015	0.767	0.0169	0.005	0.029
2.675	0.0304	0.015	0.688	0.0250	0.006	0.032
2.680	0.0237	0.029	0.405	0.0373	0.003	0.035
2.685	0.0136	0.029	0.336	0.0248	0.002	0.035
2.690	0.0143	0.023	0.274	0.0331	0.003	0.041
2.695	0.0194	0.023	0.301	0.0352	0.004	0.048
2.700	0.0138	0.021	0.404	0.0290	0.002	0.046
2.705	0.0141	0.013	0.489	0.0221	0.001	0.046
2.710	0.0151	0.015	0.328	0.0210	0.001	0.046
2.715	0.0169	0.017	0.286	0.0284	0.002	0.052
2.720	0.0084	0.027	0.377	0.0357	0.001	0.042
2.725	0.0142	0.017	0.403	0.0273	0.001	0.039
2.730	0.0140	0.019	0.283	0.0332	0.002	0.045
2.735	0.0138	0.021	0.465	0.0267	0.004	0.042
2.740	0.0226	0.027	0.470	0.0180	0.003	0.034
2.745	0.0375	0.027	0.370	0.0284	0.004	0.034
2.750	0.0345	0.027	0.437	0.0243	0.005	0.028
2.755	0.0221	0.023	0.566	0.0234	0.005	0.032
2.760	0.0332	0.025	0.712	0.0196	0.007	0.038
2.765	0.0210	0.017	0.747	0.0163	0.007	0.042
2.770	0.0336	0.023	0.756	0.0107	0.006	0.043
2.775	0.0371	0.037	0.714	0.0106	0.007	0.048
2.780	0.0535	0.035	0.652	0.0165	0.015	0.050
2.785	0.0457	0.017	0.668	0.0158	0.020	0.045
2.790	0.0251	0.023	0.667	0.0196	0.022	0.038
2.795	0.0391	0.031	0.725	0.0160	0.014	0.037
2.800	0.0363	0.023	0.597	0.0270	0.004	0.039
2.805	0.0192	0.029	0.474	0.0260	0.007	0.047
2.810	0.0321	0.015	0.523	0.0289	0.008	0.054
2.815	0.0189	0.017	0.687	0.0174	0.008	0.053
2.820	0.0220	0.023	0.555	0.0359	0.007	0.080
2.825	0.0212	0.017	0.440	0.0482	0.002	0.108
2.830	0.0063	0.006	0.647	0.0149	0.001	0.111
2.835	0.0090	0.004	0.512	0.0180	0.002	0.134
2.840	0.0041	0.004	0.536	0.0254	0.003	0.159
2.845	0.0031	0.006	0.629	0.0273	0.003	0.147
2.850	0.0030	0.010	0.576	0.0198	0.002	0.149
2.855	0.0027	0.010	0.572	0.0213	0.002	0.150
2.860	0.0023	0.027	0.589	0.0230	0.003	0.172
2.865	0.0020	0.010	0.600	0.0203	0.004	0.183
2.870	0.0014	0.006	0.611	0.0135	0.002	0.165
2.875	0.0012	0.025	0.643	0.0160	0.002	0.153
2.880	0.0017	0.019	0.315	0.0271	0.002	0.167
2.885	0.0012	0.023	0.275	0.0428	0.015	0.188
2.890	0.0015	0.025	0.246	0.0099	0.023	0.185
2.895	0.0012	0.025	0.261	0.0120	0.027	0.192
2.900	0.0050	0.067	0.118	0.0185	0.125	0.228
2.905	0.0027	0.067	0.453	0.0580	0.039	0.177
2.910	0.0021	0.085	0.545	0.0242	0.004	0.107
2.915	0.0020	0.029	0.692	0.0290	0.002	0.084
2.920	0.0086	0.010	0.758	0.0184	0.002	0.071
2.925	0.0153	0.013	0.758	0.0146	0.002	0.065
2.930	0.0249	0.010	0.752	0.0181	0.002	0.050
2.935	0.0235	0.010	0.772	0.0196	0.001	0.042
2.940	0.0247	0.010	0.809	0.0215	0.000	0.032
2.945	0.0366	0.010	0.807	0.0161	0.000	0.032
2.950	0.0391	0.010	0.714	0.0134	0.000	0.036
2.955	0.0306	0.010	0.652	0.0181	0.001	0.042
2.960	0.0160	0.010	0.693	0.0210	0.001	0.057
2.965	0.0129	0.010	0.739	0.0224	0.001	0.060
2.970	0.0147	0.008	0.740	0.0125	0.002	0.064
2.975	0.0105	0.015	0.736	0.0108	0.003	0.069
2.980	0.0070	0.013	0.771	0.0138	0.003	0.057
2.985	0.0029	0.015	0.775	0.0171	0.004	0.049
2.990	0.0082	0.023	0.762	0.0117	0.006	0.055
2.995	0.0111	0.015	0.747	0.0094	0.007	0.067
3.000	0.0124	0.015	0.786	0.0126	0.004	0.064
3.005	0.0116	0.008	0.806	0.0106	0.003	0.056
3.010	0.0097	0.010	0.779	0.0142	0.005	0.055
3.015	0.0101	0.010	0.772	0.0114	0.007	0.060
3.020	0.0116	0.019	0.779	0.0098	0.006	0.081
3.025	0.0140	0.010	0.798	0.0101	0.004	0.109
3.030	0.0127	0.008	0.671	0.0127	0.024	0.184
3.035	0.0087	0.008	0.550	0.0141	0.148	0.211
3.040	0.0063	0.017	0.310	0.0120	0.530	0.227
3.045	0.0063	0.127	0.294	0.0113	0.710	0.225
3.050	0.0054	0.190	0.160	0.0120	0.858	0.222
3.055	0.0055	0.217	0.140	0.0131	0.935	0.213
3.060	0.0047	0.223	0.144	0.0112	0.958	0.208
3.065	0.0056	0.248	0.136	0.0136	0.959	0.215
3.070	0.0048	0.210	0.121	0.0110	0.955	0.217
3.075	0.0061	0.237	0.121	0.0124	0.950	0.219
3.080	0.0048	0.229	0.141	0.0141	0.963	0.220
3.085	0.0040	0.196	0.142	0.0124	0.977	0.210
3.090	0.0038	0.231	0.171	0.0101	0.967	0.210
3.095	0.0056	0.188	0.168	0.0108	0.919	0.228
3.100	0.0064	0.175	0.209	0.0112	0.741	0.256
3.105	0.0042	0.129	0.179	0.0151	0.525	0.347
3.110	0.0012	0.127	0.110	0.0112	0.542	0.480
3.115	0.0005	0.144	0.104	0.0151	0.595	0.518
3.120	0.0004	0.165	0.225	0.0134	0.535	0.535
3.125	0.0002	0.177	0.295	0.0104	0.468	0.533
3.130	0.0003	0.129	0.216	0.0099	0.614	0.574
3.135	0.0001	0.177	0.240	0.0098	0.575	0.593
3.140	0.0001	0.196	0.182	0.0149	0.514	0.611
3.145	0.0001	0.202	0.148	0.0155	0.367	0.597
3.150	0.0001	0.154	0.359	0.0351	0.073	0.309
3.155	0.0001	0.119	0.374	0.0163	0.040	0.216
3.160	0.0002	0.079	0.303	0.0172	0.023	0.187
3.165	0.0034	0.042	0.276	0.0176	0.040	0.207
3.170	0.0025	0.040	0.205	0.0139	0.212	0.222
3.175	0.0026	0.048	0.196	0.0149	0.343	0.194
3.180	0.0023	0.069	0.242	0.0149	0.289	0.174
3.185	0.0030	0.090	0.231	0.0147	0.200	0.156
3.190	0.0032	0.065	0.262	0.0116	0.278	0.170
3.195	0.0040	0.083	0.225	0.0138	0.329	0.170
3.200	0.0040	0.077	0.185	0.0145	0.408	0.177
3.205	0.0042	0.090	0.211	0.0149	0.344	0.178
3.210	0.0032	0.096	0.211	0.0209	0.200	0.176
3.215	0.0034	0.079	0.424	0.0404	0.071	0.159
3.220	0.0029	0.069	0.603	0.0293	0.024	0.120
3.225	0.0051	0.019	0.725	0.0313	0.008	0.111
3.230	0.0119	0.013	0.802	0.0403	0.001	0.088
3.235	0.0174	0.010	0.818	0.0147	0.001	0.074
3.240	0.0241	0.004	0.806	0.0108	0.000	0.063
3.245	0.0222	0.006	0.788	0.0138	0.000	0.057
3.250	0.0202	0.004	0.771	0.0169	0.000	0.050
3.255	0.0247	0.006	0.779	0.0120	0.000	0.050
3.260	0.0268	0.004	0.792	0.0093	0.000	0.047
3.265	0.0216	0.006	0.782	0.0101	0.000	0.044
3.270	0.0203	0.004	0.756	0.0128	0.000	0.043
3.275	0.0136	0.004	0.755	0.0047	0.000	0.043
3.280	0.0123	0.004	0.761	0.0049	0.000	0.043
3.285	0.0164	0.006	0.766	0.0111	0.000	0.043
3.290	0.0178	0.004	0.785	0.0086	0.000	0.045
3.295	0.0196	0.004	0.794	0.0061	0.000	0.051
3.300	0.0186	0.006	0.789	0.0094	0.000	0.063
3.305	0.0192	0.004	0.785	0.0135	0.000	0.078
3.310	0.0138	0.004	0.689	0.0115	0.004	0.136
3.315	0.0134	0.004	0.611	0.0116	0.035	0.199
3.320	0.0129	0.023	0.306	0.0188	0.480	0.251
3.325	0.0077	0.083	0.128	0.0138	0.916	0.243
3.330	0.0035	0.198	0.124	0.0137	0.937	0.246
3.335	0.0050	0.215	0.117	0.0104	0.929	0.232
3.340	0.0038	0.202	0.124	0.0122	0.897	0.237
3.345	0.0042	0.202	0.117	0.0106	0.919	0.226
3.350	0.0046	0.188	0.125	0.0129	0.940	0.233
3.355	0.0042	0.204	0.164	0.0127	0.957	0.224
3.360	0.0039	0.188	0.142	0.0115	0.978	0.218
3.365	0.0047	0.183	0.113	0.0123	0.980	0.225
3.370	0.0048	0.196	0.116	0.0126	0.985	0.230
3.375	0.0053	0.192	0.142	0.0143	0.987	0.213
3.380	0.0039	0.196	0.158	0.0107	0.989	0.211
3.385	0.0063	0.206	0.127	0.0139	0.990	0.208
3.390	0.0054	0.198	0.126	0.0118	0.991	0.209
3.395	0.0059	0.215	0.132	0.0119	0.991	0.223
3.400	0.0046	0.200	0.146	0.0122	0.991	0.221
3.405	0.0047	0.204	0.176	0.0126	0.992	0.221
3.410	0.0036	0.208	0.139	0.0137	0.994	0.207
3.415	0.0040	0.206	0.167	0.0124	0.994	0.202
3.420	0.0050	0.204	0.168	0.0107	0.993	0.210
3.425	0.0032	0.194	0.165	0.0120	0.993	0.234
3.430	0.0042	0.221	0.161	0.0125	0.987	0.261
3.435	0.0038	0.210	0.170	0.0143	0.987	0.251
3.440	0.0039	0.215	0.128	0.0109	0.991	0.231
3.445	0.0043	0.217	0.157	0.0132	0.992	0.218
3.450	0.0052	0.223	0.149	0.0108	0.995	0.203
3.455	0.0054	0.225	0.149	0.0110	0.996	0.196
3.460	0.0055	0.206	0.125	0.0120	0.992	0.203
3.465	0.0067	0.212	0.157	0.0135	0.989	0.208
3.470	0.0045	0.212	0.131	0.0129	0.978	0.210
3.475	0.0044	0.190	0.179	0.0173	0.947	0.210
3.480	0.0040	0.160	0.207	0.0355	0.622	0.193
3.485	0.0032	0.106	0.532	0.0744	0.056	0.126
3.490	0.0029	0.081	0.754	0.0253	0.002	0.075
3.495	0.0066	0.006	0.814	0.0147	0.002	0.067
3.500	0.0234	0.010	0.793	0.0102	0.003	0.071
3.505	0.0189	0.010	0.786	0.0123	0.004	0.073
3.510	0.0216	0.010	0.774	0.0125	0.005	0.071
3.515	0.0191	0.004	0.785	0.0109	0.005	0.069
3.520	0.0154	0.006	0.776	0.0085	0.005	0.067
3.525	0.0207	0.008	0.779	0.0088	0.006	0.069
3.530	0.0177	0.010	0.815	0.0107	0.005	0.065
3.535	0.0150	0.029	0.820	0.0141	0.005	0.059
3.540	0.0232	0.027	0.807	0.0072	0.004	0.057
3.545	0.0216	0.019	0.806	0.0084	0.003	0.057
3.550	0.0131	0.029	0.799	0.0071	0.003	0.057
3.555	0.0211	0.015	0.792	0.0107	0.003	0.063
3.560	0.0225	0.015	0.800	0.0097	0.003	0.069
3.565	0.0137	0.017	0.805	0.0103	0.003	0.076
3.570	0.0205	0.019	0.808	0.0057	0.003	0.068
3.575	0.0182	0.019	0.818	0.0083	0.003	0.064
3.580	0.0200	0.010	0.820	0.0064	0.002	0.058
3.585	0.0248	0.006	0.824	0.0082	0.002	0.057
3.590	0.0173	0.004	0.809	0.0053	0.002	0.058
3.595	0.0219	0.006	0.812	0.0086	0.002	0.059
3.600	0.0205	0.006	0.813	0.0061	0.002	0.061
3.605	0.0195	0.006	0.812	0.0042	0.001	0.060
3.610	0.0242	0.006	0.832	0.0054	0.002	0.058
3.615	0.0160	0.004	0.829	0.0059	0.002	0.061
3.620	0.0219	0.006	0.820	0.0053	0.002	0.064
3.625	0.0183	0.006	0.826	0.0071	0.001	0.066
3.630	0.0206	0.006	0.825	0.0103	0.001	0.061
3.635	0.0229	0.006	0.826	0.0067	0.001	0.060
3.640	0.0154	0.004	0.812	0.0079	0.001	0.059
3.645	0.0201	0.006	0.779	0.0175	0.001	0.064
3.650	0.0158	0.006	0.774	0.0248	0.000	0.059
3.655	0.0148	0.006	0.810	0.0143	0.000	0.054
3.660	0.0174	0.004	0.821	0.0084	0.000	0.048
3.665	0.0168	0.006	0.818	0.0052	0.000	0.047
3.670	0.0208	0.006	0.809	0.0034	0.000	0.042
3.675	0.0204	0.006	0.814	0.0050	0.000	0.040
3.680	0.0177	0.004	0.816	0.0057	0.000	0.039
3.685	0.0215	0.006	0.813	0.0057	0.000	0.038
3.690	0.0216	0.006	0.810	0.0042	0.000	0.038
3.695	0.0181	0.004	0.810	0.0059	0.000	0.038
3.700	0.0209	0.006	0.804	0.0050	0.000	0.038
3.705	0.0214	0.006	0.780	0.0064	0.000	0.041
3.710	0.0181	0.004	0.744	0.0207	0.000	0.053
3.715	0.0204	0.006	0.743	0.0191	0.002	0.060
3.720	0.0217	0.006	0.765	0.0164	0.007	0.062
3.725	0.0153	0.008	0.777	0.0160	0.011	0.062
3.730	0.0271	0.019	0.748	0.0114	0.020	0.069
3.735	0.0303	0.031	0.734	0.0143	0.024	0.065
3.740	0.0167	0.033	0.752	0.0126	0.022	0.060
3.745	0.0260	0.040	0.769	0.0102	0.019	0.062
3.750	0.0323	0.040	0.778	0.0119	0.019	0.061
3.755	0.0216	0.035	0.780	0.0112	0.019	0.058
3.760	0.0230	0.044	0.767	0.0105	0.021	0.049
3.765	0.0318	0.031	0.774	0.0107	0.021	0.054
3.770	0.0206	0.040	0.786	0.0083	0.025	0.054
3.775	0.0130	0.040	0.788	0.0090	0.027	0.057
3.780	0.0269	0.037	0.778	0.0098	0.025	0.058
3.785	0.0311	0.027	0.757	0.0146	0.020	0.060
3.790	0.0197	0.025	0.747	0.0219	0.012	0.063
3.795	0.0121	0.008	0.763	0.0247	0.005	0.064
3.800	0.0190	0.010	0.794	0.0185	0.001	0.060
3.805	0.0225	0.008	0.802	0.0095	0.000	0.056
3.810	0.0190	0.006	0.792	0.0099	0.000	0.056
3.815	0.0147	0.004	0.786	0.0121	0.001	0.055
3.820	0.0206	0.006	0.792	0.0094	0.001	0.057
3.825	0.0215	0.004	0.787	0.0083	0.001	0.054
3.830	0.0213	0.006	0.786	0.0051	0.001	0.053
3.835	0.0188	0.004	0.788	0.0081	0.001	0.052
3.840	0.0122	0.004	0.772	0.0084	0.001	0.053
3.845	0.0146	0.006	0.763	0.0099	0.000	0.056
3.850	0.0157	0.004	0.770	0.0075	0.000	0.060
3.855	0.0170	0.004	0.769	0.0063	0.000	0.062
3.860	0.0159	0.006	0.770	0.0068	0.000	0.058
3.865	0.0144	0.004	0.783	0.0086	0.000	0.059
3.870	0.0123	0.004	0.761	0.0140	0.001	0.075
3.875	0.0078	0.008	0.743	0.0113	0.002	0.074
3.880	0.0150	0.015	0.729	0.0159	0.004	0.070
3.885	0.0164	0.017	0.732	0.0092	0.004	0.073
3.890	0.0175	0.025	0.741	0.0154	0.005	0.076
3.895	0.0188	0.021	0.738	0.0091	0.006	0.080
3.900	0.0177	0.025	0.716	0.0104	0.007	0.072
3.905	0.0155	0.035	0.727	0.0159	0.009	0.070
3.910	0.0161	0.029	0.694	0.0097	0.014	0.066
3.915	0.0135	0.029	0.666	0.0152	0.014	0.066
3.920	0.0109	0.031	0.670	0.0096	0.013	0.065
3.925	0.0085	0.037	0.700	0.0137	0.014	0.064
3.930	0.0097	0.029	0.673	0.0121	0.016	0.069
3.935	0.0116	0.031	0.691	0.0142	0.015	0.072
3.940	0.0127	0.025	0.673	0.0123	0.013	0.068
3.945	0.0143	0.021	0.666	0.0139	0.012	0.070
3.950	0.0187	0.017	0.683	0.0142	0.009	0.065
3.955	0.0196	0.021	0.689	0.0109	0.008	0.065
3.960	0.0191	0.017	0.694	0.0157	0.007	0.060
3.965	0.0200	0.013	0.715	0.0121	0.005	0.054
3.970	0.0218	0.013	0.738	0.0083	0.004	0.048
3.975	0.0246	0.017	0.733	0.0080	0.004	0.051
3.980	0.0250	0.015	0.735	0.0076	0.003	0.048
3.985	0.0246	0.013	0.742	0.0074	0.002	0.043
3.990	0.0253	0.008	0.746	0.0059	0.001	0.038
3.995	0.0263	0.008	0.749	0.0051	0.001	0.034
4.000	0.0274	0.008	0.747	0.0039	0.001	0.035
4.005	0.0276	0.013	0.748	0.0046	0.001	0.034
4.010	0.0283	0.013	0.740	0.0086	0.001	0.038
4.015	0.0287	0.013	0.733	0.0066	0.002	0.038
4.020	0.0277	0.013	0.730	0.0088	0.002	0.034
4.025	0.0276	0.013	0.721	0.0105	0.002	0.031
4.030	0.0289	0.013	0.721	0.0121	0.002	0.029
4.035	0.0309	0.021	0.739	0.0089	0.001	0.026
4.040	0.0351	0.023	0.740	0.0070	0.001	0.025
4.045	0.0376	0.025	0.715	0.0097	0.002	0.027
4.050	0.0348	0.027	0.704	0.0091	0.002	0.032
4.055	0.0301	0.021	0.732	0.0098	0.002	0.033
4.060	0.0302	0.017	0.729	0.0096	0.002	0.032
4.065	0.0306	0.025	0.740	0.0071	0.002	0.032
4.070	0.0301	0.021	0.741	0.0065	0.003	0.030
4.075	0.0290	0.027	0.739	0.0067	0.004	0.033
4.080	0.0284	0.031	0.733	0.0072	0.005	0.035
4.085	0.0296	0.029	0.741	0.0047	0.006	0.037
4.090	0.0297	0.029	0.740	0.0061	0.007	0.038
4.095	0.0295	0.029	0.740	0.0062	0.006	0.041
4.100	0.0293	0.031	0.747	0.0058	0.006	0.040
4.105	0.0294	0.029	0.749	0.0045	0.006	0.041
4.110	0.0292	0.029	0.740	0.0046	0.006	0.041
4.115	0.0280	0.029	0.736	0.0059	0.004	0.041
4.120	0.0266	0.021	0.723	0.0083	0.003	0.041
4.125	0.0255	0.019	0.691	0.0147	0.003	0.040
4.130	0.0245	0.013	0.689	0.0225	0.001	0.043
4.135	0.0218	0.017	0.718	0.0234	0.000	0.054
4.140	0.0206	0.021	0.740	0.0214	0.000	0.062
4.145	0.0211	0.006	0.744	0.0168	0.000	0.053
4.150	0.0197	0.008	0.750	0.0105	0.000	0.049
4.155	0.0192	0.008	0.748	0.0102	0.000	0.049
4.160	0.0184	0.008	0.743	0.0099	0.000	0.050
4.165	0.0171	0.008	0.728	0.0121	0.000	0.049
4.170	0.0158	0.008	0.726	0.0099	0.000	0.054
4.175	0.0148	0.010	0.717	0.0134	0.000	0.059
4.180	0.0141	0.008	0.741	0.0088	0.000	0.060
4.185	0.0132	0.021	0.734	0.0116	0.000	0.062
4.190	0.0125	0.008	0.758	0.0086	0.000	0.055
4.195	0.0121	0.008	0.756	0.0130	0.000	0.055
4.200	0.0124	0.010	0.736	0.0236	0.000	0.055
4.205	0.0130	0.008	0.706	0.0194	0.001	0.058
4.210	0.0140	0.008	0.691	0.0184	0.001	0.051
4.215	0.0137	0.008	0.708	0.0204	0.001	0.054
4.220	0.0113	0.010	0.687	0.0186	0.001	0.049
4.225	0.0154	0.008	0.596	0.0271	0.001	0.048
4.230	0.0212	0.015	0.535	0.0246	0.003	0.050
4.235	0.0155	0.021	0.643	0.0200	0.004	0.051
4.240	0.0202	0.021	0.728	0.0175	0.004	0.043
4.245	0.0320	0.021	0.741	0.0132	0.003	0.042
4.250	0.0400	0.027	0.755	0.0080	0.004	0.035
4.255	0.0392	0.023	0.737	0.0104	0.005	0.034
4.260	0.0386	0.023	0.714	0.0107	0.004	0.033
4.265	0.0337	0.023	0.732	0.0132	0.003	0.034
4.270	0.0324	0.027	0.532	0.0151	0.003	0.031
4.275	0.0222	0.023	0.566	0.0277	0.004	0.028
4.280	0.0239	0.021	0.330	0.0274	0.006	0.025
4.285	0.0195	0.019	0.403	0.0310	0.007	0.029
4.290	0.0235	0.019	0.386	0.0265	0.009	0.034
4.295	0.0624	0.025	0.584	0.0221	0.008	0.035
4.300	0.0262	0.029	0.450	0.0152	0.008	0.034
4.305	0.0723	0.031	0.542	0.0174	0.009	0.032
4.310	0.0159	0.035	0.488	0.0199	0.017	0.028
4.315	0.0378	0.023	0.429	0.0153	0.021	0.029
4.320	0.0848	0.029	0.502	0.0224	0.020	0.035
4.325	0.0504	0.023	0.647	0.0184	0.023	0.037
4.330	0.0478	0.033	0.610	0.0184	0.021	0.034
4.335	0.0680	0.040	0.608	0.0204	0.016	0.032
4.340	0.0913	0.037	0.588	0.0216	0.011	0.034
4.345	0.0577	0.042	0.606	0.0213	0.009	0.036
4.350	0.0778	0.025	0.643	0.0207	0.013	0.039
4.355	0.0876	0.021	0.631	0.0196	0.010	0.042
4.360	0.0395	0.031	0.583	0.0229	0.004	0.041
4.365	0.0537	0.031	0.630	0.0236	0.005	0.042
4.370	0.0234	0.033	0.768	0.0192	0.006	0.035
4.375	0.0455	0.040	0.786	0.0148	0.005	0.034
4.380	0.0313	0.035	0.661	0.0223	0.002	0.036
4.385	0.0495	0.027	0.539	0.0253	0.004	0.033
4.390	0.0428	0.035	0.668	0.0198	0.016	0.038
4.395	0.0358	0.035	0.779	0.0139	0.022	0.036
4.400	0.0356	0.033	0.804	0.0148	0.025	0.038
4.405	0.0307	0.042	0.751	0.0179	0.023	0.039
4.410	0.0239	0.040	0.687	0.0218	0.015	0.044
4.415	0.0300	0.035	0.711	0.0200	0.011	0.046
4.420	0.0243	0.033	0.789	0.0185	0.005	0.050
4.425	0.0221	0.025	0.798	0.0165	0.003	0.063
4.430	0.0224	0.019	0.793	0.0238	0.003	0.070
4.435	0.0255	0.013	0.785	0.0227	0.002	0.076
4.440	0.0249	0.006	0.797	0.0231	0.001	0.079
4.445	0.0237	0.015	0.776	0.0249	0.001	0.080
4.450	0.0251	0.010	0.674	0.0321	0.001	0.102
4.455	0.0161	0.006	0.612	0.0223	0.003	0.137
4.460	0.0126	0.006	0.470	0.0136	0.044	0.247
4.465	0.0056	0.029	0.419	0.0124	0.230	0.282
4.470	0.0040	0.044	0.324	0.0093	0.677	0.293
4.475	0.0030	0.204	0.213	0.0109	0.655	0.318
4.480	0.0032	0.179	0.195	0.0102	0.578	0.339
4.485	0.0032	0.156	0.182	0.0106	0.715	0.376
4.490	0.0026	0.198	0.137	0.0100	0.747	0.388
4.495	0.0026	0.208	0.121	0.0099	0.770	0.390
4.500	0.0024	0.196	0.164	0.0098	0.804	0.392
4.505	0.0020	0.185	0.136	0.0113	0.842	0.398
4.510	0.0025	0.221	0.118	0.0112	0.809	0.391
4.515	0.0013	0.231	0.141	0.0117	0.817	0.376
4.520	0.0018	0.221	0.220	0.0120	0.766	0.336
4.525	0.0021	0.192	0.364	0.0215	0.440	0.320
4.530	0.0014	0.169	0.455	0.0220	0.043	0.222
4.535	0.0021	0.094	0.372	0.0138	0.012	0.191
4.540	0.0035	0.027	0.268	0.0452	0.002	0.136
4.545	0.0013	0.050	0.344	0.0210	0.001	0.094
4.550	0.0022	0.017	0.353	0.0371	0.001	0.125
4.555	0.0051	0.013	0.396	0.0314	0.002	0.147
4.560	0.0020	0.015	0.396	0.0270	0.002	0.121
4.565	0.0008	0.023	0.301	0.0288	0.003	0.176
4.570	0.0018	0.019	0.605	0.0212	0.001	0.103
4.575	0.0013	0.031	0.640	0.0310	0.001	0.102
4.580	0.0068	0.023	0.547	0.0319	0.006	0.184
4.585	0.0035	0.015	0.148	0.0153	0.026	0.178
4.590	0.0020	0.021	0.460	0.0377	0.006	0.110
4.595	0.0032	0.029	0.454	0.0248	0.002	0.086
4.600	0.0013	0.033	0.475	0.0262	0.002	0.119
4.605	0.0070	0.027	0.310	0.0209	0.002	0.108
4.610	0.0025	0.013	0.370	0.0184	0.006	0.089
4.615	0.0040	0.015	0.393	0.0129	0.010	0.087
4.620	0.0103	0.027	0.282	0.0167	0.014	0.072
4.625	0.0066	0.025	0.431	0.0189	0.011	0.073
4.630	0.0175	0.033	0.268	0.0237	0.010	0.065
4.635	0.0100	0.033	0.474	0.0191	0.012	0.065
4.640	0.0175	0.027	0.725	0.0153	0.015	0.060
4.645	0.0326	0.033	0.739	0.0079	0.012	0.058
4.650	0.0336	0.035	0.783	0.0090	0.006	0.053
4.655	0.0332	0.037	0.786	0.0069	0.003	0.057
4.660	0.0246	0.040	0.754	0.0084	0.001	0.065
4.665	0.0173	0.035	0.753	0.0112	0.001	0.070
4.670	0.0137	0.035	0.725	0.0108	0.001	0.065
4.675	0.0122	0.029	0.661	0.0160	0.001	0.066
4.680	0.0177	0.033	0.548	0.0390	0.001	0.077
4.685	0.0158	0.013	0.637	0.0387	0.000	0.065
4.690	0.0124	0.008	0.778	0.0203	0.000	0.050
4.695	0.0152	0.006	0.764	0.0153	0.000	0.049
4.700	0.0188	0.004	0.779	0.0196	0.000	0.042
4.705	0.0201	0.004	0.777	0.0090	0.000	0.042
4.710	0.0185	0.004	0.777	0.0050	0.000	0.039
4.715	0.0166	0.010	0.786	0.0068	0.000	0.036
4.720	0.0152	0.004	0.769	0.0060	0.000	0.033
4.725	0.0097	0.004	0.773	0.0069	0.000	0.033
4.730	0.0080	0.004	0.674	0.0133	0.000	0.038
4.735	0.0143	0.006	0.672	0.0317	0.000	0.043
4.740	0.0161	0.004	0.686	0.0181	0.001	0.039
4.745	0.0215	0.008	0.680	0.0175	0.002	0.042
4.750	0.0203	0.019	0.714	0.0111	0.005	0.040
4.755	0.0145	0.027	0.769	0.0073	0.007	0.036
4.760	0.0096	0.027	0.759	0.0045	0.010	0.042
4.765	0.0105	0.029	0.758	0.0048	0.011	0.045
4.770	0.0212	0.035	0.791	0.0039	0.014	0.048
4.775	0.0244	0.033	0.791	0.0034	0.016	0.051
4.780	0.0264	0.029	0.785	0.0043	0.016	0.050
4.785	0.0189	0.027	0.775	0.0069	0.013	0.049
4.790	0.0144	0.031	0.736	0.0089	0.008	0.046
4.795	0.0115	0.031	0.743	0.0101	0.007	0.049
4.800	0.0129	0.029	0.752	0.0119	0.005	0.051
4.805	0.0169	0.019	0.728	0.0111	0.003	0.048
4.810	0.0196	0.013	0.731	0.0167	0.001	0.051
4.815	0.0207	0.017	0.689	0.0193	0.001	0.049
4.820	0.0148	0.013	0.637	0.0226	0.000	0.043
4.825	0.0140	0.010	0.633	0.0248	0.000	0.042
4.830	0.0113	0.013	0.670	0.0254	0.000	0.043
4.835	0.0061	0.008	0.666	0.0205	0.000	0.045
4.840	0.0064	0.008	0.596	0.0222	0.000	0.059
4.845	0.0049	0.013	0.607	0.0286	0.000	0.065
4.850	0.0042	0.008	0.555	0.0180	0.000	0.084
4.855	0.0052	0.006	0.557	0.0264	0.000	0.092
4.860	0.0040	0.029	0.652	0.0180	0.000	0.094
4.865	0.0031	0.021	0.665	0.0158	0.000	0.102
4.870	0.0038	0.008	0.630	0.0378	0.000	0.095
4.875	0.0026	0.006	0.641	0.0261	0.000	0.081
4.880	0.0026	0.010	0.689	0.0232	0.000	0.068
4.885	0.0025	0.013	0.655	0.0230	0.000	0.061
4.890	0.0023	0.006	0.625	0.0230	0.000	0.053
4.895	0.0017	0.013	0.624	0.0269	0.000	0.046
4.900	0.0021	0.010	0.621	0.0186	0.000	0.039
4.905	0.0029	0.015	0.659	0.0205	0.001	0.036
4.910	0.0079	0.008	0.711	0.0147	0.001	0.037
4.915	0.0159	0.008	0.715	0.0115	0.002	0.040
4.920	0.0225	0.010	0.776	0.0125	0.004	0.039
4.925	0.0287	0.008	0.766	0.0127	0.004	0.037
4.930	0.0339	0.008	0.743	0.0117	0.005	0.040
4.935	0.0269	0.015	0.738	0.0110	0.007	0.043
4.940	0.0256	0.010	0.730	0.0142	0.013	0.049
4.945	0.0188	0.013	0.743	0.0073	0.015	0.052
4.950	0.0196	0.010	0.725	0.0115	0.018	0.054
4.955	0.0265	0.013	0.749	0.0077	0.015	0.061
4.960	0.0238	0.010	0.756	0.0111	0.012	0.069
4.965	0.0291	0.013	0.741	0.0095	0.012	0.075
4.970	0.0296	0.019	0.723	0.0134	0.011	0.082
4.975	0.0244	0.025	0.715	0.0215	0.006	0.073
4.980	0.0244	0.013	0.706	0.0172	0.002	0.064
4.985	0.0184	0.013	0.667	0.0259	0.001	0.072
4.990	0.0140	0.010	0.633	0.0168	0.003	0.097
4.995	0.0095	0.008	0.713	0.0143	0.005	0.112
5.000	0.0093	0.013	0.740	0.0116	0.005	0.120
5.005	0.0088	0.017	0.729	0.0098	0.004	0.126
5.010	0.0105	0.004	0.720	0.0101	0.006	0.157
5.015	0.0097	0.004	0.706	0.0085	0.011	0.187
5.020	0.0077	0.010	0.709	0.0102	0.049	0.217
5.025	0.0070	0.013	0.621	0.0105	0.121	0.231
5.030	0.0068	0.021	0.430	0.0128	0.432	0.253
5.035	0.0062	0.054	0.271	0.0131	0.765	0.248
5.040	0.0056	0.173	0.146	0.0139	0.965	0.222
5.045	0.0046	0.219	0.148	0.0115	0.979	0.217
5.050	0.0069	0.223	0.105	0.0142	0.988	0.211
5.055	0.0069	0.235	0.123	0.0111	0.988	0.209
5.060	0.0065	0.250	0.121	0.0143	0.991	0.223
5.065	0.0054	0.242	0.136	0.0131	0.993	0.208
5.070	0.0045	0.258	0.123	0.0120	0.993	0.214
5.075	0.0064	0.248	0.159	0.0124	0.992	0.210
5.080	0.0058	0.240	0.206	0.0153	0.994	0.211
5.085	0.0046	0.242	0.157	0.0128	0.996	0.209
5.090	0.0067	0.252	0.155	0.0124	0.998	0.196
5.095	0.0062	0.246	0.129	0.0126	0.999	0.200
5.100	0.0055	0.240	0.168	0.0141	0.999	0.171
5.105	0.0050	0.248	0.197	0.0108	0.999	0.160
5.110	0.0091	0.248	0.191	0.0153	0.999	0.176
5.115	0.0075	0.235	0.152	0.0158	0.999	0.176
5.120	0.0060	0.250	0.178	0.0114	0.999	0.181
5.125	0.0063	0.256	0.129	0.0173	0.999	0.190
5.130	0.0060	0.252	0.137	0.0151	0.999	0.179
5.135	0.0060	0.252	0.184	0.0192	0.999	0.186
5.140	0.0054	0.217	0.115	0.0216	1.000	0.190
5.145	0.0041	0.229	0.151	0.0175	1.000	0.193
5.150	0.0032	0.221	0.214	0.0134	1.000	0.217
5.155	0.0041	0.219	0.204	0.0132	0.999	0.231
5.160	0.0020	0.202	0.116	0.0135	1.000	0.254
5.165	0.0014	0.200	0.111	0.0123	0.999	0.266
5.170	0.0013	0.215	0.149	0.0127	0.999	0.303
5.175	0.0012	0.200	0.131	0.0203	0.995	0.340
5.180	0.0006	0.165	0.176	0.0198	0.993	0.333
5.185	0.0004	0.144	0.164	0.0240	0.997	0.251
5.190	0.0002	0.146	0.339	0.0432	0.998	0.186
5.195	0.0005	0.163	0.339	0.0278	0.999	0.164
5.200	0.0006	0.156	0.447	0.0181	0.998	0.205
5.205	0.0008	0.152	0.200	0.0219	0.994	0.273
5.210	0.0003	0.138	0.262	0.0123	0.957	0.449
5.215	0.0001	0.113	0.220	0.0150	0.784	0.606
5.220	0.0000	0.108	0.185	0.0118	0.450	0.685
5.225	0.0000	0.094	0.245	0.0108	0.414	0.698
5.230	0.0000	0.081	0.109	0.0188	0.211	0.691
5.235	0.0000	0.079	0.077	0.0195	0.172	0.674
5.240	0.0000	0.073	0.067	0.0134	0.259	0.727
5.245	0.0000	0.037	0.189	0.0152	0.272	0.733
5.250	0.0000	0.017	0.195	0.0211	0.164	0.681
5.255	0.0000	0.013	0.262	0.0141	0.156	0.672
5.260	0.0000	0.040	0.117	0.0166	0.216	0.682
5.265	0.0000	0.096	0.210	0.0243	0.132	0.649
5.270	0.0000	0.035	0.205	0.0130	0.107	0.643
5.275	0.0000	0.019	0.196	0.0151	0.207	0.705
5.280	0.0000	0.027	0.147	0.0159	0.167	0.660
5.285	0.0000	0.079	0.191	0.0145	0.146	0.649
5.290	0.0000	0.029	0.226	0.0145	0.179	0.668
5.295	0.0000	0.048	0.155	0.0166	0.196	0.670
5.300	0.0000	0.056	0.178	0.0163	0.092	0.604
5.305	0.0000	0.046	0.222	0.0337	0.083	0.590
5.310	0.0000	0.025	0.126	0.0800	0.005	0.273
5.315	0.0000	0.035	0.261	0.0283	0.000	0.084
5.320	0.0000	0.021	0.175	0.0468	0.000	0.045
5.325	0.0005	0.006	0.487	0.0335	0.000	0.021
5.330	0.0012	0.013	0.654	0.0233	0.000	0.015
5.335	0.0030	0.015	0.738	0.0134	0.000	0.016
5.340	0.0120	0.015	0.756	0.0078	0.000	0.019
5.345	0.0158	0.015	0.693	0.0143	0.000	0.026
5.350	0.0238	0.015	0.706	0.0130	0.000	0.023
5.355	0.0267	0.015	0.752	0.0118	0.001	0.024
5.360	0.0367	0.015	0.790	0.0079	0.002	0.022
5.365	0.0383	0.015	0.808	0.0069	0.003	0.020
5.370	0.0398	0.015	0.774	0.0097	0.005	0.021
5.375	0.0375	0.023	0.736	0.0090	0.006	0.021
5.380	0.0547	0.029	0.752	0.0140	0.005	0.018
5.385	0.0518	0.031	0.786	0.0084	0.004	0.018
5.390	0.0387	0.033	0.695	0.0196	0.002	0.019
5.395	0.0256	0.035	0.598	0.0232	0.001	0.021
5.400	0.0134	0.035	0.648	0.0370	0.001	0.027
5.405	0.0193	0.008	0.717	0.0416	0.000	0.027
5.410	0.0197	0.010	0.803	0.0130	0.000	0.022
5.415	0.0245	0.004	0.790	0.0077	0.001	0.018
5.420	0.0215	0.006	0.781	0.0151	0.001	0.014
5.425	0.0190	0.008	0.793	0.0122	0.001	0.015
5.430	0.0118	0.008	0.639	0.0090	0.000	0.017
5.435	0.0202	0.006	0.649	0.0317	0.001	0.018
5.440	0.0222	0.004	0.677	0.0237	0.004	0.017
5.445	0.0225	0.006	0.719	0.0206	0.007	0.019
5.450	0.0141	0.031	0.776	0.0083	0.013	0.022
5.455	0.0319	0.025	0.799	0.0034	0.017	0.026
5.460	0.0364	0.031	0.799	0.0033	0.019	0.035
5.465	0.0237	0.029	0.799	0.0046	0.016	0.038
5.470	0.0163	0.029	0.784	0.0078	0.009	0.045
5.475	0.0288	0.019	0.781	0.0091	0.005	0.045
5.480	0.0300	0.017	0.772	0.0082	0.002	0.045
5.485	0.0161	0.019	0.766	0.0110	0.001	0.045
5.490	0.0131	0.017	0.760	0.0122	0.000	0.043
5.495	0.0232	0.010	0.750	0.0148	0.000	0.041
5.500	0.0241	0.008	0.743	0.0190	0.000	0.040
5.505	0.0196	0.010	0.749	0.0213	0.000	0.037
5.510	0.0147	0.010	0.744	0.0199	0.000	0.035
5.515	0.0100	0.008	0.728	0.0203	0.000	0.040
5.520	0.0137	0.010	0.616	0.0158	0.000	0.052
5.525	0.0141	0.008	0.583	0.0294	0.000	0.061
5.530	0.0085	0.015	0.742	0.0208	0.000	0.059
5.535	0.0066	0.008	0.746	0.0200	0.000	0.061
5.540	0.0075	0.004	0.689	0.0229	0.000	0.062
5.545	0.0045	0.004	0.702	0.0286	0.000	0.059
5.550	0.0056	0.008	0.693	0.0165	0.000	0.064
5.555	0.0043	0.006	0.726	0.0211	0.000	0.061
5.560	0.0042	0.004	0.751	0.0116	0.000	0.054
5.565	0.0045	0.004	0.748	0.0165	0.000	0.052
5.570	0.0053	0.004	0.718	0.0241	0.000	0.047
5.575	0.0057	0.008	0.725	0.0195	0.001	0.044
5.580	0.0070	0.015	0.676	0.0175	0.001	0.045
5.585	0.0074	0.021	0.643	0.0255	0.001	0.049
5.590	0.0090	0.017	0.653	0.0269	0.002	0.041
5.595	0.0111	0.019	0.650	0.0226	0.002	0.032
5.600	0.0136	0.008	0.708	0.0217	0.001	0.025
5.605	0.0150	0.010	0.779	0.0139	0.001	0.020
5.610	0.0386	0.010	0.780	0.0113	0.002	0.021
5.615	0.0548	0.015	0.755	0.0185	0.004	0.024
5.620	0.0517	0.010	0.742	0.0090	0.007	0.029
5.625	0.0413	0.010	0.730	0.0157	0.009	0.033
5.630	0.0318	0.010	0.735	0.0114	0.008	0.038
5.635	0.0400	0.008	0.751	0.0086	0.007	0.039
5.640	0.0417	0.019	0.758	0.0094	0.007	0.044
5.645	0.0420	0.010	0.765	0.0083	0.007	0.042
5.650	0.0329	0.017	0.725	0.0140	0.005	0.055
5.655	0.0293	0.015	0.720	0.0201	0.003	0.059
5.660	0.0271	0.017	0.744	0.0188	0.001	0.059
5.665	0.0367	0.010	0.673	0.0197	0.001	0.061
5.670	0.0414	0.008	0.544	0.0300	0.001	0.074
5.675	0.0262	0.010	0.633	0.0291	0.002	0.088
5.680	0.0190	0.010	0.780	0.0161	0.002	0.100
5.685	0.0178	0.004	0.754	0.0159	0.004	0.126
5.690	0.0096	0.006	0.683	0.0128	0.029	0.169
5.695	0.0096	0.004	0.581	0.0122	0.115	0.193
5.700	0.0095	0.048	0.355	0.0117	0.538	0.220
5.705	0.0077	0.102	0.238	0.0136	0.741	0.229
5.710	0.0079	0.183	0.165	0.0202	0.933	0.217
5.715	0.0066	0.204	0.150	0.0149	0.983	0.197
5.720	0.0077	0.233	0.135	0.0139	0.988	0.191
5.725	0.0147	0.229	0.151	0.0147	0.988	0.183
5.730	0.0109	0.217	0.236	0.0124	0.989	0.185
5.735	0.0123	0.212	0.174	0.0119	0.987	0.198
5.740	0.0117	0.231	0.158	0.0135	0.987	0.207
5.745	0.0070	0.221	0.160	0.0116	0.989	0.199
5.750	0.0100	0.231	0.183	0.0145	0.996	0.186
5.755	0.0099	0.217	0.229	0.0130	0.997	0.184
5.760	0.0101	0.210	0.256	0.0140	0.997	0.173
5.765	0.0107	0.210	0.192	0.0132	0.997	0.171
5.770	0.0130	0.221	0.192	0.0129	0.998	0.170
5.775	0.0120	0.208	0.152	0.0118	0.998	0.172
5.780	0.0114	0.212	0.139	0.0128	0.998	0.197
5.785	0.0078	0.231	0.136	0.0118	0.998	0.198
5.790	0.0085	0.215	0.164	0.0141	0.998	0.195
5.795	0.0077	0.237	0.159	0.0136	0.998	0.196
5.800	0.0083	0.212	0.147	0.0119	0.998	0.204
5.805	0.0092	0.206	0.136	0.0157	0.998	0.201
5.810	0.0077	0.227	0.142	0.0114	0.998	0.208
5.815	0.0103	0.200	0.126	0.0121	0.997	0.223
5.820	0.0087	0.204	0.165	0.0130	0.997	0.238
5.825	0.0075	0.200	0.155	0.0120	0.997	0.231
5.830	0.0054	0.208	0.110	0.0115	0.996	0.230
5.835	0.0060	0.219	0.144	0.0117	0.996	0.230
5.840	0.0080	0.198	0.134	0.0148	0.997	0.220
5.845	0.0061	0.215	0.121	0.0129	0.998	0.203
5.850	0.0086	0.204	0.159	0.0144	0.998	0.198
5.855	0.0077	0.185	0.200	0.0137	0.998	0.207
5.860	0.0087	0.206	0.192	0.0146	0.997	0.218
5.865	0.0068	0.204	0.196	0.0143	0.998	0.203
5.870	0.0079	0.225	0.187	0.0124	0.998	0.190
5.875	0.0100	0.196	0.168	0.0115	0.998	0.181
5.880	0.0102	0.212	0.159	0.0140	0.999	0.174
5.885	0.0120	0.215	0.132	0.0148	0.999	0.174
5.890	0.0100	0.208	0.158	0.0135	0.998	0.179
5.895	0.0120	0.204	0.134	0.0137	0.993	0.200
5.900	0.0117	0.212	0.163	0.0100	0.984	0.232
5.905	0.0107	0.221	0.201	0.0117	0.988	0.246
5.910	0.0064	0.208	0.186	0.0109	0.958	0.323
5.915	0.0023	0.188	0.196	0.0130	0.941	0.428
5.920	0.0006	0.194	0.118	0.0110	0.959	0.495
5.925	0.0004	0.208	0.135	0.0099	0.959	0.532
5.930	0.0003	0.200	0.113	0.0125	0.971	0.549
5.935	0.0002	0.229	0.133	0.0095	0.974	0.532
5.940	0.0002	0.225	0.146	0.0105	0.967	0.520
5.945	0.0002	0.227	0.204	0.0101	0.953	0.527
5.950	0.0002	0.252	0.175	0.0091	0.967	0.540
5.955	0.0001	0.248	0.159	0.0096	0.958	0.584
5.960	0.0001	0.240	0.111	0.0112	0.913	0.638
5.965	0.0001	0.221	0.081	0.0104	0.873	0.673
5.970	0.0001	0.240	0.157	0.0355	0.555	0.432
5.975	0.0001	0.198	0.179	0.0175	0.661	0.248
5.980	0.0001	0.152	0.200	0.0108	0.818	0.230
5.985	0.0017	0.090	0.154	0.0109	0.832	0.246
5.990	0.0066	0.117	0.169	0.0173	0.863	0.249
5.995	0.0051	0.125	0.256	0.0198	0.746	0.235
6.000	0.0054	0.110	0.530	0.0294	0.231	0.206
6.005	0.0054	0.069	0.652	0.0303	0.087	0.181
6.010	0.0089	0.040	0.754	0.0260	0.011	0.134
6.015	0.0123	0.010	0.801	0.0186	0.004	0.114
6.020	0.0157	0.004	0.816	0.0177	0.001	0.095
6.025	0.0125	0.006	0.816	0.0142	0.001	0.086
6.030	0.0179	0.006	0.788	0.0120	0.001	0.082
6.035	0.0201	0.013	0.782	0.0130	0.001	0.077
6.040	0.0128	0.013	0.748	0.0159	0.001	0.077
6.045	0.0176	0.010	0.747	0.0208	0.001	0.073
6.050	0.0230	0.010	0.753	0.0158	0.001	0.064
6.055	0.0199	0.010	0.753	0.0114	0.001	0.059
6.060	0.0305	0.013	0.768	0.0125	0.001	0.053
6.065	0.0451	0.010	0.791	0.0084	0.001	0.056
6.070	0.0472	0.010	0.803	0.0061	0.002	0.055
6.075	0.0440	0.010	0.786	0.0073	0.004	0.059
6.080	0.0530	0.019	0.763	0.0047	0.008	0.067
6.085	0.0489	0.021	0.755	0.0052	0.009	0.072
6.090	0.0345	0.021	0.757	0.0120	0.008	0.065
6.095	0.0236	0.031	0.753	0.0098	0.007	0.062
6.100	0.0331	0.029	0.751	0.0109	0.007	0.053
6.105	0.0372	0.027	0.764	0.0111	0.008	0.054
6.110	0.0281	0.021	0.754	0.0108	0.011	0.048
6.115	0.0232	0.023	0.763	0.0131	0.012	0.048
6.120	0.0337	0.019	0.781	0.0132	0.012	0.045
6.125	0.0365	0.019	0.767	0.0093	0.012	0.047
6.130	0.0220	0.025	0.724	0.0131	0.013	0.049
6.135	0.0278	0.027	0.740	0.0111	0.015	0.048
6.140	0.0293	0.031	0.744	0.0120	0.021	0.047
6.145	0.0176	0.033	0.753	0.0122	0.021	0.043
6.150	0.0258	0.037	0.778	0.0121	0.013	0.036
6.155	0.0215	0.040	0.790	0.0106	0.010	0.035
6.160	0.0232	0.021	0.766	0.0124	0.011	0.036
6.165	0.0330	0.027	0.766	0.0132	0.013	0.039
6.170	0.0196	0.025	0.787	0.0129	0.014	0.036
6.175	0.0305	0.031	0.802	0.0133	0.013	0.035
6.180	0.0274	0.031	0.810	0.0114	0.009	0.032
6.185	0.0345	0.037	0.820	0.0090	0.007	0.028
6.190	0.0388	0.037	0.794	0.0084	0.009	0.028
6.195	0.0429	0.031	0.780	0.0103	0.010	0.028
6.200	0.0365	0.031	0.797	0.0123	0.009	0.029
6.205	0.0353	0.027	0.813	0.0108	0.008	0.027
6.210	0.0355	0.027	0.825	0.0101	0.006	0.023
6.215	0.0430	0.025	0.831	0.0092	0.005	0.022
6.220	0.0424	0.025	0.840	0.0064	0.004	0.018
6.225	0.0506	0.025	0.838	0.0066	0.003	0.020
6.230	0.0495	0.031	0.833	0.0067	0.003	0.020
6.235	0.0511	0.031	0.821	0.0079	0.002	0.022
6.240	0.0431	0.031	0.819	0.0081	0.002	0.026
6.245	0.0429	0.019	0.826	0.0068	0.002	0.027
6.250	0.0350	0.023	0.827	0.0059	0.002	0.027
6.255	0.0422	0.015	0.832	0.0049	0.001	0.027
6.260	0.0332	0.023	0.827	0.0063	0.001	0.025
6.265	0.0445	0.025	0.830	0.0063	0.001	0.025
6.270	0.0352	0.025	0.829	0.0045	0.001	0.026
6.275	0.0468	0.025	0.831	0.0049	0.002	0.027
6.280	0.0387	0.025	0.831	0.0076	0.003	0.027
6.285	0.0501	0.023	0.827	0.0054	0.003	0.028
6.290	0.0419	0.027	0.830	0.0045	0.003	0.028
6.295	0.0509	0.023	0.832	0.0068	0.002	0.029
6.300	0.0434	0.025	0.817	0.0093	0.003	0.032
6.305	0.0521	0.025	0.820	0.0100	0.003	0.032
6.310	0.0475	0.025	0.802	0.0105	0.003	0.030
6.315	0.0557	0.023	0.811	0.0109	0.003	0.029
6.320	0.0442	0.025	0.814	0.0101	0.002	0.028
6.325	0.0503	0.023	0.807	0.0072	0.002	0.028
6.330	0.0472	0.025	0.806	0.0093	0.003	0.029
6.335	0.0377	0.031	0.802	0.0101	0.003	0.028
6.340	0.0473	0.027	0.824	0.0086	0.004	0.026
6.345	0.0451	0.031	0.815	0.0060	0.004	0.025
6.350	0.0462	0.023	0.812	0.0065	0.004	0.025
6.355	0.0473	0.023	0.818	0.0057	0.003	0.026
6.360	0.0334	0.027	0.811	0.0047	0.003	0.027
6.365	0.0520	0.023	0.803	0.0052	0.003	0.026
6.370	0.0431	0.023	0.814	0.0067	0.002	0.025
6.375	0.0318	0.023	0.818	0.0039	0.002	0.026
6.380	0.0524	0.023	0.827	0.0054	0.002	0.026
6.385	0.0455	0.023	0.820	0.0062	0.002	0.027
6.390	0.0435	0.023	0.804	0.0049	0.002	0.032
6.395	0.0491	0.021	0.810	0.0075	0.002	0.031
6.400	0.0289	0.025	0.803	0.0048	0.003	0.030
6.405	0.0417	0.023	0.803	0.0082	0.003	0.031
6.410	0.0480	0.021	0.814	0.0077	0.004	0.032
6.415	0.0260	0.023	0.811	0.0072	0.004	0.032
6.420	0.0387	0.023	0.804	0.0055	0.003	0.032
6.425	0.0447	0.021	0.805	0.0066	0.002	0.033
6.430	0.0245	0.021	0.799	0.0057	0.002	0.034
6.435	0.0369	0.023	0.794	0.0064	0.002	0.033
6.440	0.0423	0.021	0.802	0.0104	0.002	0.035
6.445	0.0260	0.027	0.808	0.0098	0.002	0.037
6.450	0.0266	0.021	0.801	0.0077	0.002	0.043
6.455	0.0385	0.021	0.799	0.0068	0.003	0.043
6.460	0.0302	0.019	0.808	0.0044	0.003	0.047
6.465	0.0198	0.017	0.816	0.0058	0.003	0.047
6.470	0.0323	0.015	0.804	0.0043	0.003	0.048
6.475	0.0347	0.015	0.802	0.0051	0.004	0.049
6.480	0.0224	0.019	0.793	0.0039	0.004	0.046
6.485	0.0227	0.017	0.796	0.0073	0.003	0.043
6.490	0.0311	0.013	0.787	0.0088	0.002	0.040
6.495	0.0255	0.017	0.778	0.0159	0.001	0.037
6.500	0.0176	0.019	0.753	0.0204	0.000	0.034
6.505	0.0276	0.015	0.742	0.0227	0.000	0.036
6.510	0.0327	0.015	0.808	0.0162	0.000	0.042
6.515	0.0071	0.021	0.808	0.0120	0.000	0.043
6.520	0.0261	0.015	0.706	0.0304	0.000	0.052
6.525	0.0217	0.015	0.624	0.0341	0.000	0.064
6.530	0.0061	0.010	0.708	0.0292	0.000	0.077
6.535	0.0092	0.017	0.696	0.0197	0.000	0.076
6.540	0.0116	0.008	0.658	0.0208	0.001	0.091
6.545	0.0058	0.006	0.597	0.0193	0.001	0.095
6.550	0.0067	0.004	0.517	0.0295	0.001	0.103
6.555	0.0035	0.008	0.392	0.0214	0.001	0.110
6.560	0.0039	0.013	0.358	0.0233	0.003	0.154
6.565	0.0020	0.017	0.317	0.0190	0.003	0.170
6.570	0.0018	0.015	0.521	0.0285	0.003	0.164
6.575	0.0013	0.021	0.610	0.0236	0.003	0.167
6.580	0.0017	0.021	0.676	0.0138	0.003	0.175
6.585	0.0014	0.013	0.697	0.0191	0.003	0.167
6.590	0.0011	0.010	0.672	0.0106	0.003	0.201
6.595	0.0013	0.010	0.581	0.0310	0.005	0.230
6.600	0.0009	0.017	0.687	0.0212	0.006	0.240
6.605	0.0006	0.035	0.727	0.0172	0.006	0.239
6.610	0.0006	0.023	0.674	0.0142	0.009	0.264
6.615	0.0006	0.017	0.631	0.0188	0.011	0.290
6.620	0.0004	0.031	0.627	0.0217	0.013	0.309
6.625	0.0003	0.037	0.703	0.0163	0.016	0.312
6.630	0.0003	0.042	0.706	0.0110	0.021	0.348
6.635	0.0004	0.035	0.631	0.0119	0.032	0.384
6.640	0.0003	0.056	0.601	0.0167	0.047	0.418
6.645	0.0002	0.060	0.561	0.0174	0.045	0.419
6.650	0.0002	0.056	0.420	0.0166	0.106	0.491
6.655	0.0002	0.056	0.322	0.0159	0.124	0.518
6.660	0.0001	0.102	0.380	0.0125	0.126	0.505
6.665	0.0001	0.083	0.352	0.0131	0.130	0.516
6.670	0.0001	0.075	0.288	0.0172	0.145	0.511
6.675	0.0001	0.065	0.416	0.0197	0.123	0.517
6.680	0.0001	0.117	0.526	0.0130	0.091	0.510
6.685	0.0001	0.062	0.540	0.0094	0.086	0.505
6.690	0.0001	0.106	0.493	0.0099	0.098	0.513
6.695	0.0001	0.050	0.523	0.0111	0.131	0.534
6.700	0.0001	0.065	0.474	0.0107	0.143	0.538
6.705	0.0001	0.058	0.397	0.0147	0.184	0.541
6.710	0.0001	0.110	0.298	0.0134	0.231	0.577
6.715	0.0001	0.140	0.252	0.0111	0.237	0.598
6.720	0.0001	0.117	0.166	0.0105	0.306	0.590
6.725	0.0001	0.119	0.141	0.0114	0.410	0.647
6.730	0.0000	0.173	0.162	0.0133	0.384	0.624
6.735	0.0000	0.192	0.232	0.0123	0.288	0.603
6.740	0.0001	0.146	0.187	0.0114	0.287	0.635
6.745	0.0001	0.125	0.176	0.0125	0.442	0.656
6.750	0.0000	0.165	0.184	0.0116	0.493	0.655
6.755	0.0000	0.200	0.137	0.0110	0.512	0.666
6.760	0.0000	0.212	0.174	0.0111	0.489	0.650
6.765	0.0000	0.181	0.123	0.0124	0.488	0.659
6.770	0.0000	0.163	0.153	0.0110	0.440	0.650
6.775	0.0000	0.165	0.122	0.0114	0.496	0.664
6.780	0.0000	0.183	0.169	0.0117	0.548	0.674
6.785	0.0000	0.215	0.159	0.0113	0.459	0.659
6.790	0.0000	0.131	0.180	0.0106	0.519	0.712
6.795	0.0000	0.208	0.185	0.0113	0.543	0.702
6.800	0.0000	0.146	0.165	0.0157	0.401	0.651
6.805	0.0000	0.212	0.128	0.0096	0.375	0.665
6.810	0.0000	0.131	0.121	0.0103	0.545	0.691
6.815	0.0000	0.198	0.145	0.0108	0.552	0.686
6.820	0.0000	0.177	0.136	0.0092	0.580	0.710
6.825	0.0000	0.163	0.137	0.0096	0.634	0.693
6.830	0.0000	0.181	0.174	0.0104	0.639	0.744
6.835	0.0000	0.200	0.184	0.0095	0.556	0.742
6.840	0.0000	0.192	0.185	0.0151	0.404	0.651
6.845	0.0000	0.225	0.188	0.0091	0.366	0.639
6.850	0.0000	0.104	0.181	0.0099	0.525	0.690
6.855	0.0000	0.171	0.115	0.0131	0.427	0.690
6.860	0.0000	0.200	0.176	0.0127	0.469	0.691
6.865	0.0000	0.154	0.224	0.0106	0.462	0.694
6.870	0.0000	0.148	0.266	0.0125	0.357	0.662
6.875	0.0000	0.194	0.247	0.0111	0.337	0.651
6.880	0.0000	0.163	0.299	0.0125	0.353	0.642
6.885	0.0000	0.125	0.235	0.0112	0.367	0.687
6.890	0.0000	0.156	0.206	0.0104	0.360	0.667
6.895	0.0000	0.119	0.184	0.0102	0.481	0.685
6.900	0.0000	0.210	0.112	0.0097	0.492	0.684
6.905	0.0000	0.173	0.166	0.0106	0.473	0.684
6.910	0.0000	0.150	0.176	0.0110	0.464	0.720
6.915	0.0000	0.125	0.119	0.0121	0.495	0.711
6.920	0.0000	0.144	0.206	0.0104	0.482	0.697
6.925	0.0000	0.158	0.157	0.0117	0.493	0.720
6.930	0.0000	0.194	0.118	0.0096	0.560	0.727
6.935	0.0000	0.154	0.140	0.0091	0.707	0.743
6.940	0.0000	0.156	0.142	0.0112	0.725	0.745
6.945	0.0000	0.190	0.179	0.0156	0.513	0.696
6.950	0.0000	0.225	0.251	0.0097	0.377	0.680
6.955	0.0000	0.146	0.262	0.0108	0.412	0.673
6.960	0.0000	0.127	0.266	0.0110	0.471	0.696
6.965	0.0000	0.181	0.233	0.0118	0.516	0.703
6.970	0.0000	0.156	0.127	0.0108	0.657	0.710
6.975	0.0000	0.150	0.127	0.0092	0.628	0.737
6.980	0.0000	0.194	0.109	0.0106	0.542	0.730
6.985	0.0000	0.167	0.131	0.0088	0.614	0.752
6.990	0.0000	0.208	0.166	0.0127	0.423	0.700
6.995	0.0000	0.154	0.163	0.0090	0.406	0.690
7.000	0.0000	0.094	0.164	0.0153	0.471	0.712
7.005	0.0000	0.152	0.125	0.0111	0.421	0.668
7.010	0.0000	0.144	0.157	0.0088	0.556	0.706
7.015	0.0000	0.156	0.119	0.0119	0.589	0.717
7.020	0.0000	0.188	0.103	0.0120	0.465	0.702
7.025	0.0000	0.150	0.182	0.0101	0.455	0.709
7.030	0.0000	0.121	0.249	0.0153	0.431	0.690
7.035	0.0000	0.142	0.426	0.0116	0.331	0.674
7.040	0.0000	0.108	0.240	0.0124	0.232	0.636
7.045	0.0000	0.129	0.238	0.0102	0.282	0.659
7.050	0.0001	0.100	0.440	0.0137	0.246	0.657
7.055	0.0000	0.115	0.299	0.0103	0.199	0.640
7.060	0.0000	0.102	0.200	0.0130	0.185	0.669
7.065	0.0000	0.083	0.201	0.0106	0.337	0.673
7.070	0.0000	0.133	0.158	0.0141	0.426	0.711
7.075	0.0000	0.129	0.214	0.0110	0.371	0.699
7.080	0.0000	0.146	0.144	0.0106	0.437	0.694
7.085	0.0000	0.177	0.248	0.0117	0.446	0.707
7.090	0.0000	0.150	0.143	0.0167	0.349	0.680
7.095	0.0000	0.185	0.222	0.0153	0.286	0.663
7.100	0.0000	0.146	0.262	0.0113	0.221	0.648
7.105	0.0000	0.144	0.386	0.0094	0.225	0.640
7.110	0.0001	0.079	0.216	0.0158	0.238	0.630
7.115	0.0000	0.169	0.318	0.0152	0.223	0.645
7.120	0.0000	0.079	0.248	0.0193	0.219	0.640
7.125	0.0000	0.044	0.223	0.0128	0.240	0.619
7.130	0.0000	0.115	0.338	0.0094	0.490	0.696
7.135	0.0000	0.125	0.156	0.0119	0.638	0.737
7.140	0.0000	0.179	0.104	0.0107	0.427	0.702
7.145	0.0000	0.146	0.145	0.0139	0.414	0.694
7.150	0.0000	0.140	0.149	0.0126	0.415	0.679
7.155	0.0000	0.165	0.188	0.0132	0.325	0.662
7.160	0.0000	0.083	0.247	0.0114	0.336	0.675
7.165	0.0000	0.152	0.257	0.0185	0.318	0.678
7.170	0.0000	0.067	0.143	0.0104	0.455	0.716
7.175	0.0000	0.173	0.118	0.0160	0.360	0.685
7.180	0.0000	0.169	0.150	0.0125	0.379	0.687
7.185	0.0000	0.142	0.201	0.0146	0.358	0.684
7.190	0.0000	0.119	0.233	0.0089	0.477	0.699
7.195	0.0000	0.146	0.207	0.0089	0.568	0.717
7.200	0.0000	0.185	0.186	0.0097	0.585	0.715
7.205	0.0000	0.188	0.167	0.0115	0.583	0.719
7.210	0.0000	0.235	0.165	0.0099	0.589	0.716
7.215	0.0000	0.121	0.196	0.0097	0.633	0.721
7.220	0.0000	0.217	0.279	0.0119	0.434	0.674
7.225	0.0000	0.135	0.327	0.0085	0.409	0.673
7.230	0.0000	0.194	0.327	0.0087	0.464	0.654
7.235	0.0000	0.154	0.355	0.0147	0.369	0.656
7.240	0.0000	0.121	0.378	0.0103	0.370	0.672
7.245	0.0001	0.129	0.401	0.0163	0.308	0.664
7.250	0.0000	0.127	0.481	0.0099	0.222	0.639
7.255	0.0000	0.065	0.479	0.0116	0.232	0.661
7.260	0.0000	0.081	0.351	0.0094	0.223	0.643
7.265	0.0000	0.083	0.308	0.0112	0.331	0.691
7.270	0.0000	0.183	0.297	0.0110	0.360	0.704
7.275	0.0000	0.106	0.268	0.0100	0.451	0.712
7.280	0.0000	0.117	0.180	0.0109	0.500	0.677
7.285	0.0000	0.100	0.200	0.0094	0.547	0.697
7.290	0.0000	0.200	0.223	0.0110	0.520	0.693
7.295	0.0000	0.188	0.175	0.0096	0.527	0.697
7.300	0.0000	0.171	0.197	0.0106	0.513	0.697
7.305	0.0000	0.138	0.174	0.0113	0.488	0.686
7.310	0.0000	0.133	0.115	0.0162	0.516	0.684
7.315	0.0000	0.171	0.189	0.0117	0.449	0.678
7.320	0.0000	0.138	0.218	0.0099	0.549	0.701
7.325	0.0000	0.183	0.221	0.0132	0.539	0.676
7.330	0.0000	0.196	0.188	0.0100	0.540	0.694
7.335	0.0000	0.200	0.152	0.0097	0.607	0.686
7.340	0.0000	0.196	0.183	0.0095	0.606	0.706
7.345	0.0000	0.208	0.179	0.0105	0.647	0.704
7.350	0.0000	0.217	0.152	0.0108	0.598	0.721
7.355	0.0000	0.171	0.123	0.0125	0.473	0.701
7.360	0.0000	0.196	0.114	0.0104	0.516	0.714
7.365	0.0000	0.133	0.161	0.0101	0.614	0.739
7.370	0.0000	0.225	0.176	0.0122	0.577	0.729
7.375	0.0000	0.204	0.153	0.0101	0.515	0.703
7.380	0.0000	0.181	0.123	0.0130	0.562	0.718
7.385	0.0000	0.160	0.157	0.0093	0.564	0.721
7.390	0.0000	0.142	0.147	0.0126	0.663	0.713
7.395	0.0000	0.192	0.180	0.0121	0.536	0.683
7.400	0.0000	0.154	0.156	0.0088	0.541	0.720
7.405	0.0000	0.117	0.133	0.0102	0.703	0.740
7.410	0.0000	0.167	0.163	0.0113	0.686	0.710
7.415	0.0000	0.196	0.157	0.0104	0.594	0.723
7.420	0.0000	0.175	0.115	0.0117	0.528	0.714
7.425	0.0000	0.188	0.154	0.0108	0.565	0.706
7.430	0.0000	0.138	0.140	0.0127	0.479	0.688
7.435	0.0000	0.231	0.182	0.0105	0.454	0.693
7.440	0.0000	0.200	0.188	0.0126	0.403	0.684
7.445	0.0000	0.142	0.209	0.0115	0.435	0.686
7.450	0.0000	0.119	0.234	0.0095	0.446	0.697
7.455	0.0000	0.160	0.213	0.0095	0.521	0.707
7.460	0.0000	0.133	0.126	0.0113	0.601	0.726
7.465	0.0000	0.240	0.210	0.0113	0.488	0.734
7.470	0.0000	0.156	0.354	0.0116	0.311	0.703
7.475	0.0000	0.125	0.322	0.0101	0.257	0.668
7.480	0.0000	0.094	0.223	0.0089	0.338	0.687
7.485	0.0000	0.067	0.162	0.0102	0.553	0.757
7.490	0.0000	0.198	0.140	0.0120	0.634	0.727
7.495	0.0000	0.181	0.110	0.0120	0.535	0.692
7.500	0.0000	0.196	0.158	0.0129	0.421	0.669
7.505	0.0000	0.192	0.214	0.0131	0.384	0.687
7.510	0.0000	0.131	0.287	0.0127	0.410	0.688
7.515	0.0000	0.183	0.210	0.0103	0.437	0.690
7.520	0.0000	0.152	0.148	0.0113	0.612	0.715
7.525	0.0000	0.154	0.204	0.0134	0.603	0.690
7.530	0.0000	0.188	0.245	0.0169	0.411	0.675
7.535	0.0000	0.181	0.303	0.0181	0.183	0.599
7.540	0.0000	0.133	0.315	0.0081	0.234	0.632
7.545	0.0001	0.160	0.234	0.0223	0.180	0.638
7.550	0.0000	0.171	0.258	0.0104	0.131	0.630
7.555	0.0001	0.037	0.377	0.0205	0.132	0.587
7.560	0.0000	0.102	0.245	0.0100	0.240	0.651
7.565	0.0001	0.090	0.210	0.0174	0.340	0.659
7.570	0.0000	0.108	0.273	0.0113	0.267	0.651
7.575	0.0000	0.108	0.406	0.0149	0.220	0.631
7.580	0.0000	0.073	0.255	0.0184	0.188	0.643
7.585	0.0001	0.152	0.228	0.0196	0.162	0.621
7.590	0.0001	0.069	0.158	0.0158	0.255	0.660
7.595	0.0000	0.148	0.259	0.0137	0.282	0.649
7.600	0.0000	0.096	0.165	0.0143	0.368	0.675
7.605	0.0000	0.131	0.179	0.0103	0.393	0.689
7.610	0.0000	0.113	0.190	0.0111	0.452	0.690
7.615	0.0000	0.179	0.167	0.0124	0.498	0.695
7.620	0.0000	0.181	0.140	0.0102	0.502	0.703
7.625	0.0000	0.146	0.194	0.0095	0.502	0.711
7.630	0.0000	0.133	0.185	0.0093	0.545	0.712
7.635	0.0000	0.167	0.164	0.0104	0.504	0.703
7.640	0.0000	0.173	0.209	0.0102	0.553	0.715
7.645	0.0000	0.198	0.222	0.0152	0.546	0.681
7.650	0.0000	0.194	0.154	0.0119	0.353	0.648
7.655	0.0000	0.138	0.212	0.0085	0.406	0.676
7.660	0.0000	0.127	0.203	0.0126	0.455	0.711
7.665	0.0000	0.233	0.157	0.0112	0.393	0.683
7.670	0.0000	0.092	0.154	0.0137	0.565	0.710
7.675	0.0000	0.185	0.094	0.0113	0.527	0.704
7.680	0.0000	0.215	0.162	0.0102	0.552	0.720
7.685	0.0000	0.106	0.182	0.0189	0.453	0.678
7.690	0.0000	0.223	0.225	0.0104	0.208	0.602
7.695	0.0000	0.129	0.217	0.0094	0.289	0.679
7.700	0.0001	0.156	0.215	0.0157	0.450	0.711
7.705	0.0000	0.117	0.124	0.0091	0.568	0.724
7.710	0.0000	0.181	0.158	0.0111	0.583	0.706
7.715	0.0000	0.225	0.133	0.0099	0.487	0.679
7.720	0.0000	0.131	0.224	0.0215	0.471	0.662
7.725	0.0000	0.158	0.086	0.0223	0.250	0.553
7.730	0.0000	0.190	0.246	0.0206	0.182	0.291
7.735	0.0001	0.100	0.296	0.0276	0.119	0.242
7.740	0.0003	0.083	0.497	0.0270	0.030	0.184
7.745	0.0020	0.056	0.584	0.0263	0.015	0.167
7.750	0.0054	0.037	0.734	0.0325	0.006	0.145
7.755	0.0078	0.015	0.772	0.0241	0.003	0.123
7.760	0.0100	0.004	0.801	0.0063	0.003	0.099
7.765	0.0134	0.006	0.806	0.0081	0.002	0.094
7.770	0.0192	0.006	0.808	0.0082	0.002	0.077
7.775	0.0172	0.008	0.811	0.0064	0.002	0.074
7.780	0.0178	0.015	0.805	0.0055	0.002	0.075
7.785	0.0219	0.004	0.803	0.0053	0.001	0.069
7.790	0.0211	0.006	0.805	0.0054	0.002	0.070
7.795	0.0193	0.006	0.806	0.0090	0.002	0.066
7.800	0.0218	0.004	0.809	0.0052	0.002	0.062
7.805	0.0230	0.006	0.811	0.0050	0.002	0.065
7.810	0.0202	0.008	0.817	0.0045	0.002	0.062
7.815	0.0214	0.006	0.817	0.0040	0.001	0.066
7.820	0.0233	0.006	0.798	0.0089	0.001	0.063
7.825	0.0188	0.004	0.735	0.0179	0.000	0.069
7.830	0.0181	0.006	0.639	0.0273	0.000	0.070
7.835	0.0140	0.004	0.731	0.0314	0.000	0.059
7.840	0.0080	0.006	0.785	0.0106	0.000	0.059
7.845	0.0100	0.004	0.772	0.0121	0.000	0.057
7.850	0.0102	0.004	0.762	0.0099	0.000	0.070
7.855	0.0102	0.010	0.724	0.0138	0.001	0.086
7.860	0.0089	0.004	0.585	0.0240	0.002	0.101
7.865	0.0064	0.006	0.570	0.0224	0.002	0.094
7.870	0.0067	0.008	0.559	0.0223	0.004	0.063
7.875	0.0117	0.010	0.686	0.0171	0.006	0.054
7.880	0.0138	0.015	0.753	0.0180	0.008	0.047
7.885	0.0230	0.025	0.780	0.0212	0.008	0.045
7.890	0.0320	0.019	0.815	0.0153	0.009	0.042
7.895	0.0285	0.033	0.821	0.0116	0.010	0.043
7.900	0.0304	0.035	0.789	0.0143	0.014	0.045
7.905	0.0287	0.058	0.788	0.0133	0.016	0.051
7.910	0.0204	0.048	0.805	0.0152	0.016	0.050
7.915	0.0281	0.044	0.837	0.0140	0.017	0.049
7.920	0.0261	0.037	0.848	0.0100	0.020	0.049
7.925	0.0303	0.046	0.858	0.0095	0.023	0.051
7.930	0.0227	0.044	0.860	0.0069	0.025	0.050
7.935	0.0283	0.046	0.847	0.0076	0.026	0.050
7.940	0.0317	0.052	0.742	0.0200	0.040	0.060
7.945	0.0239	0.037	0.621	0.0264	0.052	0.072
7.950	0.0175	0.044	0.566	0.0588	0.006	0.089
7.955	0.0078	0.019	0.799	0.0218	0.003	0.087
7.960	0.0106	0.006	0.801	0.0280	0.003	0.086
7.965	0.0101	0.010	0.814	0.0244	0.003	0.086
7.970	0.0110	0.008	0.857	0.0135	0.003	0.083
7.975	0.0133	0.015	0.857	0.0088	0.005	0.079
7.980	0.0130	0.008	0.846	0.0070	0.007	0.075
7.985	0.0126	0.006	0.850	0.0065	0.008	0.076
7.990	0.0139	0.008	0.851	0.0092	0.009	0.081
7.995	0.0111	0.006	0.859	0.0065	0.008	0.082
8.000	0.0134	0.006	0.847	0.0113	0.007	0.076
8.005	0.0115	0.008	0.857	0.0067	0.006	0.077
8.010	0.0140	0.006	0.783	0.0176	0.004	0.083
8.015	0.0098	0.008	0.786	0.0331	0.003	0.080
8.020	0.0136	0.006	0.820	0.0211	0.006	0.072
8.025	0.0110	0.033	0.843	0.0131	0.007	0.074
8.030	0.0156	0.033	0.840	0.0108	0.010	0.074
8.035	0.0144	0.027	0.840	0.0103	0.013	0.072
8.040	0.0150	0.035	0.851	0.0063	0.017	0.075
8.045	0.0145	0.021	0.842	0.0073	0.019	0.075
8.050	0.0147	0.027	0.834	0.0110	0.021	0.071
8.055	0.0160	0.027	0.839	0.0101	0.018	0.069
8.060	0.0139	0.040	0.824	0.0158	0.014	0.056
8.065	0.0191	0.054	0.841	0.0225	0.009	0.049
8.070	0.0211	0.044	0.829	0.0126	0.004	0.048
8.075	0.0261	0.050	0.781	0.0231	0.003	0.058
8.080	0.0181	0.031	0.785	0.0198	0.002	0.086
8.085	0.0137	0.017	0.792	0.0176	0.002	0.101
8.090	0.0125	0.015	0.751	0.0260	0.002	0.103
8.095	0.0094	0.008	0.762	0.0228	0.001	0.097
8.100	0.0091	0.010	0.765	0.0199	0.001	0.099
8.105	0.0092	0.010	0.769	0.0192	0.001	0.101
8.110	0.0084	0.019	0.795	0.0154	0.000	0.094
8.115	0.0056	0.010	0.810	0.0143	0.000	0.093
8.120	0.0082	0.015	0.792	0.0144	0.000	0.097
8.125	0.0058	0.015	0.803	0.0092	0.000	0.090
8.130	0.0062	0.015	0.781	0.0138	0.001	0.082
8.135	0.0074	0.019	0.733	0.0176	0.001	0.087
8.140	0.0063	0.013	0.664	0.0168	0.001	0.077
8.145	0.0088	0.008	0.684	0.0229	0.001	0.069
8.150	0.0089	0.008	0.621	0.0288	0.001	0.046
8.155	0.0127	0.017	0.698	0.0311	0.001	0.041
8.160	0.0178	0.037	0.754	0.0161	0.003	0.042
8.165	0.0268	0.042	0.702	0.0235	0.005	0.051
8.170	0.0359	0.046	0.698	0.0294	0.011	0.053
8.175	0.0247	0.050	0.727	0.0237	0.011	0.050
8.180	0.0387	0.052	0.607	0.0274	0.009	0.055
8.185	0.0298	0.050	0.510	0.0352	0.009	0.065
8.190	0.0283	0.050	0.686	0.0308	0.003	0.081
8.195	0.0179	0.056	0.682	0.0411	0.001	0.074
8.200	0.0163	0.017	0.806	0.0228	0.000	0.067
8.205	0.0133	0.004	0.834	0.0083	0.000	0.061
8.210	0.0192	0.006	0.829	0.0071	0.000	0.058
8.215	0.0170	0.006	0.826	0.0085	0.000	0.056
8.220	0.0209	0.006	0.821	0.0081	0.000	0.058
8.225	0.0208	0.006	0.825	0.0119	0.000	0.056
8.230	0.0162	0.004	0.814	0.0106	0.000	0.055
8.235	0.0183	0.006	0.805	0.0151	0.000	0.059
8.240	0.0152	0.006	0.715	0.0222	0.000	0.068
8.245	0.0137	0.004	0.732	0.0235	0.000	0.069
8.250	0.0107	0.006	0.785	0.0110	0.000	0.064
8.255	0.0101	0.006	0.716	0.0159	0.000	0.079
8.260	0.0068	0.004	0.323	0.0239	0.003	0.141
8.265	0.0049	0.004	0.352	0.0314	0.006	0.152
8.270	0.0041	0.035	0.529	0.0355	0.006	0.094
8.275	0.0057	0.017	0.417	0.0208	0.006	0.084
8.280	0.0143	0.054	0.496	0.0326	0.009	0.079
8.285	0.0304	0.054	0.667	0.0259	0.010	0.076
8.290	0.0275	0.052	0.820	0.0109	0.008	0.064
8.295	0.0310	0.050	0.803	0.0124	0.008	0.059
8.300	0.0403	0.046	0.797	0.0119	0.007	0.058
8.305	0.0199	0.035	0.815	0.0127	0.006	0.050
8.310	0.0403	0.031	0.823	0.0144	0.005	0.041
8.315	0.0320	0.029	0.799	0.0140	0.005	0.040
8.320	0.0388	0.035	0.711	0.0131	0.010	0.035
8.325	0.0330	0.046	0.607	0.0172	0.014	0.048
8.330	0.0183	0.037	0.345	0.0554	0.007	0.087
8.335	0.0053	0.037	0.634	0.0405	0.001	0.087
8.340	0.0061	0.006	0.742	0.0152	0.000	0.075
8.345	0.0064	0.004	0.619	0.0160	0.001	0.090
8.350	0.0057	0.006	0.482	0.0340	0.002	0.118
8.355	0.0033	0.017	0.601	0.0263	0.003	0.144
8.360	0.0019	0.021	0.724	0.0255	0.004	0.168
8.365	0.0016	0.017	0.640	0.0247	0.004	0.165
8.370	0.0012	0.035	0.700	0.0147	0.005	0.189
8.375	0.0014	0.021	0.669	0.0130	0.007	0.237
8.380	0.0012	0.019	0.738	0.0149	0.005	0.223
8.385	0.0012	0.033	0.736	0.0125	0.004	0.204
8.390	0.0011	0.013	0.637	0.0161	0.020	0.295
8.395	0.0007	0.037	0.311	0.0156	0.082	0.353
8.400	0.0006	0.075	0.135	0.0166	0.440	0.230
8.405	0.0005	0.081	0.174	0.0103	0.746	0.191
8.410	0.0012	0.081	0.153	0.0139	0.925	0.160
8.415	0.0044	0.138	0.164	0.0162	0.950	0.154
8.420	0.0053	0.117	0.258	0.0163	0.945	0.138
8.425	0.0057	0.135	0.265	0.0129	0.929	0.129
8.430	0.0073	0.125	0.427	0.0253	0.584	0.134
8.435	0.0090	0.110	0.588	0.0411	0.160	0.136
8.440	0.0065	0.052	0.776	0.0292	0.028	0.123
8.445	0.0087	0.017	0.819	0.0242	0.014	0.111
8.450	0.0115	0.015	0.820	0.0102	0.003	0.091
8.455	0.0125	0.013	0.834	0.0136	0.002	0.083
8.460	0.0128	0.008	0.800	0.0123	0.001	0.073
8.465	0.0146	0.006	0.783	0.0194	0.001	0.070
8.470	0.0121	0.015	0.779	0.0238	0.001	0.062
8.475	0.0179	0.010	0.801	0.0226	0.001	0.053
8.480	0.0112	0.013	0.805	0.0182	0.001	0.050
8.485	0.0181	0.010	0.804	0.0127	0.000	0.053
8.490	0.0203	0.010	0.790	0.0134	0.000	0.069
8.495	0.0123	0.010	0.786	0.0140	0.001	0.079
8.500	0.0122	0.013	0.766	0.0102	0.003	0.099
8.505	0.0173	0.006	0.719	0.0124	0.011	0.128
8.510	0.0126	0.013	0.566	0.0181	0.063	0.167
8.515	0.0073	0.031	0.415	0.0142	0.159	0.186
8.520	0.0080	0.058	0.255	0.0138	0.293	0.191
8.525	0.0069	0.079	0.215	0.0170	0.310	0.194
8.530	0.0069	0.085	0.190	0.0127	0.401	0.177
8.535	0.0066	0.098	0.189	0.0111	0.471	0.163
8.540	0.0094	0.104	0.137	0.0151	0.493	0.182
8.545	0.0076	0.117	0.173	0.0160	0.384	0.169
8.550	0.0076	0.083	0.241	0.0147	0.408	0.180
8.555	0.0099	0.077	0.195	0.0159	0.538	0.187
8.560	0.0082	0.098	0.207	0.0138	0.596	0.193
8.565	0.0067	0.085	0.156	0.0193	0.571	0.186
8.570	0.0067	0.106	0.094	0.0168	0.573	0.153
8.575	0.0081	0.100	0.165	0.0153	0.510	0.144
8.580	0.0080	0.083	0.116	0.0186	0.407	0.143
8.585	0.0089	0.100	0.172	0.0134	0.487	0.148
8.590	0.0112	0.087	0.142	0.0161	0.527	0.148
8.595	0.0085	0.090	0.167	0.0148	0.590	0.134
8.600	0.0080	0.094	0.230	0.0194	0.469	0.133
8.605	0.0073	0.098	0.229	0.0200	0.385	0.132
8.610	0.0060	0.085	0.187	0.0159	0.413	0.126
8.615	0.0096	0.079	0.197	0.0150	0.490	0.139
8.620	0.0077	0.102	0.130	0.0190	0.424	0.141
8.625	0.0052	0.117	0.132	0.0144	0.461	0.153
8.630	0.0074	0.085	0.130	0.0165	0.565	0.148
8.635	0.0080	0.098	0.196	0.0145	0.547	0.154
8.640	0.0053	0.094	0.158	0.0166	0.431	0.153
8.645	0.0065	0.094	0.183	0.0178	0.345	0.166
8.650	0.0038	0.087	0.259	0.0295	0.293	0.185
8.655	0.0050	0.085	0.427	0.0675	0.038	0.143
8.660	0.0032	0.077	0.625	0.0209	0.003	0.078
8.665	0.0047	0.019	0.594	0.0159	0.003	0.067
8.670	0.0222	0.006	0.611	0.0276	0.005	0.049
8.675	0.0144	0.019	0.587	0.0257	0.005	0.043
8.680	0.0252	0.027	0.615	0.0265	0.004	0.038
8.685	0.0140	0.025	0.699	0.0215	0.002	0.036
8.690	0.0390	0.010	0.790	0.0129	0.003	0.032
8.695	0.0385	0.021	0.801	0.0103	0.007	0.030
8.700	0.0370	0.019	0.779	0.0076	0.021	0.029
8.705	0.0513	0.033	0.777	0.0072	0.028	0.028
8.710	0.0398	0.040	0.792	0.0079	0.025	0.033
8.715	0.0182	0.027	0.789	0.0085	0.021	0.033
8.720	0.0440	0.027	0.778	0.0096	0.018	0.031
8.725	0.0392	0.033	0.795	0.0104	0.015	0.028
8.730	0.0211	0.031	0.802	0.0060	0.013	0.026
8.735	0.0422	0.035	0.797	0.0063	0.013	0.027
8.740	0.0441	0.040	0.812	0.0066	0.013	0.031
8.745	0.0243	0.037	0.805	0.0076	0.012	0.033
8.750	0.0420	0.040	0.815	0.0089	0.011	0.032
8.755	0.0433	0.035	0.822	0.0062	0.011	0.028
8.760	0.0242	0.031	0.800	0.0059	0.010	0.027
8.765	0.0482	0.035	0.794	0.0062	0.009	0.026
8.770	0.0376	0.035	0.801	0.0077	0.008	0.027
8.775	0.0203	0.023	0.798	0.0093	0.006	0.026
8.780	0.0413	0.029	0.806	0.0113	0.004	0.027
8.785	0.0299	0.027	0.810	0.0084	0.004	0.026
8.790	0.0204	0.015	0.798	0.0074	0.004	0.028
8.795	0.0368	0.023	0.800	0.0072	0.003	0.030
8.800	0.0264	0.023	0.800	0.0062	0.003	0.034
8.805	0.0192	0.017	0.796	0.0077	0.003	0.039
8.810	0.0286	0.015	0.747	0.0112	0.004	0.046
8.815	0.0243	0.010	0.675	0.0138	0.007	0.061
8.820	0.0152	0.015	0.603	0.0225	0.012	0.081
8.825	0.0083	0.025	0.717	0.0145	0.009	0.084
8.830	0.0100	0.033	0.737	0.0128	0.011	0.086
8.835	0.0085	0.029	0.722	0.0150	0.012	0.093
8.840	0.0049	0.023	0.705	0.0168	0.006	0.098
8.845	0.0076	0.010	0.728	0.0121	0.006	0.094
8.850	0.0074	0.008	0.757	0.0158	0.008	0.086
8.855	0.0069	0.015	0.769	0.0103	0.013	0.086
8.860	0.0050	0.021	0.741	0.0112	0.022	0.086
8.865	0.0062	0.035	0.694	0.0090	0.021	0.090
8.870	0.0079	0.021	0.640	0.0221	0.021	0.095
8.875	0.0077	0.017	0.681	0.0196	0.022	0.085
8.880	0.0080	0.023	0.735	0.0151	0.023	0.066
8.885	0.0082	0.027	0.757	0.0105	0.019	0.056
8.890	0.0193	0.019	0.782	0.0089	0.008	0.044
8.895	0.0260	0.015	0.776	0.0109	0.006	0.039
8.900	0.0304	0.019	0.758	0.0151	0.007	0.034
8.905	0.0279	0.013	0.743	0.0158	0.007	0.028
8.910	0.0236	0.019	0.699	0.0197	0.003	0.030
8.915	0.0251	0.015	0.642	0.0234	0.002	0.038
8.920	0.0306	0.013	0.502	0.0236	0.001	0.058
8.925	0.0266	0.019	0.234	0.0678	0.001	0.079
8.930	0.0065	0.017	0.722	0.0344	0.000	0.087
8.935	0.0067	0.004	0.720	0.0191	0.000	0.076
8.940	0.0074	0.004	0.686	0.0188	0.000	0.073
8.945	0.0088	0.004	0.644	0.0181	0.000	0.071
8.950	0.0063	0.004	0.719	0.0197	0.000	0.055
8.955	0.0057	0.004	0.741	0.0216	0.000	0.055
8.960	0.0085	0.004	0.733	0.0121	0.000	0.056
8.965	0.0074	0.004	0.732	0.0061	0.000	0.056
8.970	0.0076	0.004	0.740	0.0149	0.000	0.059
8.975	0.0076	0.004	0.751	0.0162	0.000	0.057
8.980	0.0073	0.004	0.713	0.0115	0.000	0.057
8.985	0.0075	0.004	0.719	0.0146	0.000	0.062
8.990	0.0060	0.004	0.745	0.0107	0.000	0.068
8.995	0.0064	0.004	0.741	0.0183	0.000	0.063
9.000	0.0055	0.004	0.698	0.0182	0.000	0.074
9.005	0.0056	0.004	0.691	0.0254	0.001	0.093
9.010	0.0050	0.004	0.656	0.0101	0.011	0.117
9.015	0.0045	0.008	0.592	0.0157	0.030	0.154
9.020	0.0041	0.015	0.593	0.0140	0.084	0.143
9.025	0.0039	0.025	0.540	0.0137	0.133	0.146
9.030	0.0043	0.021	0.499	0.0146	0.141	0.133
9.035	0.0042	0.052	0.550	0.0154	0.101	0.134
9.040	0.0038	0.044	0.465	0.0205	0.085	0.126
9.045	0.0041	0.037	0.366	0.0206	0.070	0.124
9.050	0.0049	0.050	0.353	0.0167	0.090	0.116
9.055	0.0060	0.060	0.195	0.0200	0.141	0.125
9.060	0.0051	0.035	0.332	0.0180	0.177	0.120
9.065	0.0047	0.060	0.268	0.0183	0.177	0.104
9.070	0.0031	0.077	0.262	0.0200	0.180	0.120
9.075	0.0040	0.065	0.253	0.0132	0.181	0.117
9.080	0.0069	0.069	0.372	0.0166	0.159	0.131
9.085	0.0063	0.067	0.357	0.0155	0.151	0.142
9.090	0.0055	0.052	0.498	0.0144	0.088	0.144
9.095	0.0052	0.040	0.559	0.0151	0.069	0.141
9.100	0.0045	0.037	0.610	0.0221	0.031	0.136
9.105	0.0060	0.029	0.658	0.0237	0.016	0.132
9.110	0.0053	0.013	0.680	0.0220	0.005	0.109
9.115	0.0064	0.017	0.711	0.0205	0.002	0.085
9.120	0.0100	0.017	0.729	0.0164	0.000	0.063
9.125	0.0136	0.008	0.721	0.0126	0.000	0.055
9.130	0.0161	0.008	0.707	0.0166	0.000	0.043
9.135	0.0173	0.013	0.722	0.0118	0.000	0.038
9.140	0.0165	0.013	0.738	0.0092	0.000	0.031
9.145	0.0183	0.008	0.724	0.0080	0.000	0.034
9.150	0.0191	0.017	0.710	0.0113	0.000	0.038
9.155	0.0204	0.017	0.722	0.0122	0.000	0.036
9.160	0.0224	0.015	0.709	0.0127	0.000	0.031
9.165	0.0258	0.021	0.713	0.0166	0.001	0.027
9.170	0.0282	0.017	0.724	0.0121	0.001	0.025
9.175	0.0324	0.019	0.739	0.0106	0.001	0.025
9.180	0.0361	0.017	0.696	0.0133	0.001	0.024
9.185	0.0376	0.015	0.671	0.0209	0.001	0.026
9.190	0.0331	0.013	0.774	0.0109	0.000	0.027
9.195	0.0291	0.015	0.735	0.0109	0.000	0.029
9.200	0.0278	0.021	0.711	0.0143	0.000	0.032
9.205	0.0232	0.019	0.724	0.0172	0.000	0.033
9.210	0.0172	0.013	0.748	0.0092	0.000	0.026
9.215	0.0150	0.013	0.773	0.0122	0.000	0.025
9.220	0.0148	0.015	0.759	0.0101	0.000	0.025
9.225	0.0227	0.008	0.755	0.0112	0.000	0.025
9.230	0.0271	0.010	0.786	0.0057	0.000	0.024
9.235	0.0321	0.008	0.784	0.0063	0.000	0.025
9.240	0.0327	0.010	0.787	0.0103	0.000	0.026
9.245	0.0273	0.008	0.781	0.0083	0.000	0.027
9.250	0.0194	0.010	0.768	0.0079	0.000	0.026
9.255	0.0204	0.008	0.775	0.0075	0.000	0.027
9.260	0.0262	0.010	0.787	0.0135	0.000	0.026
9.265	0.0329	0.010	0.782	0.0132	0.000	0.027
9.270	0.0373	0.013	0.787	0.0103	0.001	0.027
9.275	0.0315	0.010	0.785	0.0089	0.001	0.028
9.280	0.0204	0.023	0.753	0.0107	0.002	0.031
9.285	0.0196	0.019	0.750	0.0134	0.002	0.032
9.290	0.0244	0.021	0.721	0.0182	0.003	0.035
9.295	0.0295	0.015	0.718	0.0255	0.003	0.036
9.300	0.0287	0.019	0.724	0.0161	0.003	0.032
9.305	0.0239	0.027	0.696	0.0142	0.005	0.035
9.310	0.0265	0.027	0.651	0.0194	0.006	0.037
9.315	0.0259	0.019	0.750	0.0092	0.006	0.039
9.320	0.0337	0.015	0.763	0.0102	0.007	0.044
9.325	0.0302	0.023	0.759	0.0102	0.008	0.047
9.330	0.0183	0.015	0.772	0.0061	0.011	0.045
9.335	0.0266	0.019	0.775	0.0085	0.015	0.049
9.340	0.0309	0.031	0.773	0.0082	0.021	0.040
9.345	0.0244	0.027	0.782	0.0076	0.023	0.039
9.350	0.0198	0.027	0.789	0.0063	0.022	0.033
9.355	0.0263	0.019	0.788	0.0062	0.021	0.034
9.360	0.0335	0.019	0.791	0.0062	0.019	0.041
9.365	0.0303	0.019	0.788	0.0081	0.016	0.043
9.370	0.0216	0.023	0.793	0.0063	0.013	0.041
9.375	0.0337	0.027	0.793	0.0069	0.012	0.041
9.380	0.0432	0.031	0.790	0.0079	0.012	0.039
9.385	0.0349	0.035	0.787	0.0089	0.012	0.036
9.390	0.0272	0.023	0.783	0.0086	0.010	0.042
9.395	0.0360	0.023	0.786	0.0081	0.011	0.043
9.400	0.0419	0.021	0.784	0.0091	0.015	0.042
9.405	0.0347	0.023	0.768	0.0112	0.018	0.047
9.410	0.0257	0.025	0.715	0.0146	0.023	0.047
9.415	0.0323	0.021	0.694	0.0172	0.024	0.047
9.420	0.0346	0.023	0.609	0.0210	0.017	0.045
9.425	0.0343	0.031	0.410	0.0192	0.016	0.049
9.430	0.0223	0.029	0.311	0.0237	0.042	0.056
9.435	0.0110	0.021	0.327	0.0182	0.043	0.052
9.440	0.0097	0.025	0.456	0.0239	0.022	0.058
9.445	0.0183	0.019	0.451	0.0180	0.022	0.059
9.450	0.0239	0.029	0.313	0.0321	0.013	0.067
9.455	0.0131	0.013	0.340	0.0211	0.011	0.059
9.460	0.0090	0.025	0.418	0.0386	0.005	0.083
9.465	0.0095	0.013	0.287	0.0238	0.003	0.098
9.470	0.0053	0.013	0.425	0.0243	0.009	0.064
9.475	0.0049	0.015	0.504	0.0240	0.009	0.056
9.480	0.0139	0.017	0.505	0.0444	0.003	0.077
9.485	0.0107	0.013	0.284	0.0388	0.004	0.080
9.490	0.0065	0.015	0.402	0.0228	0.012	0.048
9.495	0.0030	0.013	0.420	0.0276	0.012	0.050
9.500	0.0213	0.027	0.305	0.0315	0.014	0.064
9.505	0.0085	0.019	0.363	0.0169	0.024	0.050
9.510	0.0060	0.017	0.397	0.0242	0.020	0.047
9.515	0.0289	0.035	0.386	0.0270	0.007	0.041
9.520	0.0114	0.013	0.281	0.0241	0.006	0.032
9.525	0.0079	0.015	0.305	0.0282	0.003	0.033
9.530	0.0211	0.013	0.606	0.0227	0.001	0.035
9.535	0.0119	0.023	0.717	0.0178	0.000	0.032
9.540	0.0172	0.013	0.688	0.0140	0.000	0.036
9.545	0.0130	0.017	0.662	0.0145	0.001	0.046
9.550	0.0109	0.008	0.620	0.0287	0.001	0.058
9.555	0.0104	0.006	0.649	0.0210	0.000	0.065
9.560	0.0069	0.008	0.719	0.0114	0.001	0.085
9.565	0.0053	0.008	0.719	0.0144	0.001	0.105
9.570	0.0044	0.023	0.715	0.0114	0.003	0.127
9.575	0.0042	0.004	0.707	0.0121	0.005	0.151
9.580	0.0040	0.008	0.688	0.0103	0.008	0.172
9.585	0.0043	0.013	0.705	0.0095	0.011	0.182
9.590	0.0045	0.013	0.645	0.0073	0.020	0.211
9.595	0.0045	0.042	0.638	0.0216	0.030	0.241
9.600	0.0041	0.046	0.591	0.0099	0.058	0.270
9.605	0.0033	0.025	0.552	0.0083	0.086	0.272
9.610	0.0024	0.033	0.595	0.0125	0.100	0.288
9.615	0.0020	0.090	0.619	0.0102	0.115	0.291
9.620	0.0020	0.042	0.604	0.0094	0.131	0.303
9.625	0.0022	0.029	0.622	0.0132	0.110	0.310
9.630	0.0024	0.062	0.691	0.0110	0.088	0.296
9.635	0.0029	0.054	0.663	0.0087	0.088	0.297
9.640	0.0032	0.046	0.621	0.0099	0.127	0.293
9.645	0.0029	0.048	0.656	0.0141	0.103	0.282
9.650	0.0027	0.073	0.664	0.0172	0.044	0.255
9.655	0.0032	0.046	0.590	0.0237	0.018	0.210
9.660	0.0040	0.017	0.497	0.0281	0.004	0.114
9.665	0.0050	0.021	0.559	0.0213	0.005	0.068
9.670	0.0087	0.013	0.631	0.0198	0.003	0.047
9.675	0.0166	0.017	0.623	0.0159	0.003	0.045
9.680	0.0239	0.013	0.693	0.0148	0.005	0.037
9.685	0.0343	0.017	0.691	0.0144	0.004	0.032
9.690	0.0446	0.017	0.661	0.0186	0.004	0.028
9.695	0.0438	0.013	0.600	0.0196	0.005	0.030
9.700	0.0454	0.025	0.611	0.0200	0.006	0.032
9.705	0.0371	0.021	0.700	0.0123	0.006	0.036
9.710	0.0437	0.021	0.670	0.0107	0.010	0.038
9.715	0.0473	0.029	0.658	0.0165	0.015	0.037
9.720	0.0424	0.017	0.688	0.0114	0.021	0.035
9.725	0.0411	0.019	0.644	0.0114	0.020	0.039
9.730	0.0382	0.023	0.622	0.0127	0.018	0.050
9.735	0.0336	0.010	0.610	0.0134	0.016	0.051
9.740	0.0312	0.033	0.600	0.0143	0.010	0.063
9.745	0.0307	0.015	0.592	0.0168	0.006	0.064
9.750	0.0240	0.017	0.592	0.0188	0.005	0.059
9.755	0.0202	0.015	0.534	0.0159	0.005	0.060
9.760	0.0174	0.015	0.414	0.0244	0.011	0.058
9.765	0.0210	0.019	0.409	0.0193	0.017	0.074
9.770	0.0238	0.021	0.567	0.0179	0.013	0.092
9.775	0.0174	0.027	0.578	0.0218	0.007	0.088
9.780	0.0219	0.017	0.470	0.0263	0.004	0.095
9.785	0.0141	0.013	0.395	0.0439	0.002	0.122
9.790	0.0075	0.017	0.626	0.0218	0.001	0.118
9.795	0.0050	0.008	0.676	0.0206	0.001	0.109
9.800	0.0048	0.004	0.575	0.0230	0.001	0.110
9.805	0.0041	0.013	0.468	0.0365	0.001	0.126
9.810	0.0027	0.004	0.427	0.0288	0.001	0.131
9.815	0.0020	0.015	0.542	0.0206	0.002	0.139
9.820	0.0017	0.013	0.416	0.0249	0.004	0.188
9.825	0.0008	0.023	0.518	0.0219	0.004	0.198
9.830	0.0012	0.017	0.536	0.0257	0.004	0.208
9.835	0.0012	0.017	0.473	0.0273	0.005	0.216
9.840	0.0004	0.015	0.500	0.0156	0.006	0.252
9.845	0.0007	0.021	0.540	0.0149	0.007	0.269
9.850	0.0006	0.015	0.541	0.0259	0.007	0.251
9.855	0.0006	0.065	0.413	0.0196	0.006	0.241
9.860	0.0009	0.015	0.360	0.0268	0.015	0.308
9.865	0.0007	0.025	0.291	0.0317	0.020	0.339
9.870	0.0003	0.031	0.568	0.0174	0.017	0.316
9.875	0.0003	0.021	0.538	0.0158	0.022	0.338
9.880	0.0004	0.071	0.282	0.0113	0.069	0.432
9.885	0.0004	0.102	0.198	0.0230	0.137	0.493
9.890	0.0001	0.065	0.392	0.0314	0.148	0.505
9.895	0.0001	0.117	0.611	0.0326	0.055	0.447
9.900	0.0001	0.110	0.736	0.0140	0.032	0.416
9.905	0.0002	0.037	0.750	0.0105	0.035	0.445
9.910	0.0002	0.023	0.761	0.0132	0.032	0.458
9.915	0.0002	0.050	0.770	0.0070	0.035	0.459
9.920	0.0002	0.031	0.702	0.0151	0.053	0.501
9.925	0.0002	0.033	0.715	0.0097	0.080	0.496
9.930	0.0002	0.040	0.724	0.0142	0.092	0.514
9.935	0.0002	0.056	0.736	0.0136	0.060	0.511
9.940	0.0002	0.050	0.611	0.0131	0.062	0.527
9.945	0.0001	0.027	0.248	0.0146	0.074	0.483
9.950	0.0001	0.067	0.258	0.0290	0.023	0.255
9.955	0.0002	0.031	0.409	0.0268	0.011	0.175
9.960	0.0003	0.046	0.251	0.0352	0.002	0.112
9.965	0.0047	0.019	0.339	0.0483	0.001	0.102
9.970	0.0064	0.013	0.666	0.0233	0.001	0.094
9.975	0.0049	0.010	0.741	0.0147	0.001	0.082
9.980	0.0082	0.004	0.735	0.0127	0.002	0.063
9.985	0.0095	0.013	0.735	0.0128	0.004	0.066
9.990	0.0113	0.013	0.727	0.0154	0.008	0.074
9.995	0.0130	0.023	0.722	0.0107	0.013	0.081
10.000	0.0132	0.031	0.732	0.0075	0.019	0.095
10.005	0.0113	0.042	0.731	0.0088	0.022	0.106
10.010	0.0103	0.040	0.712	0.0068	0.035	0.101
10.015	0.0095	0.040	0.704	0.0139	0.043	0.107
10.020	0.0091	0.040	0.648	0.0157	0.053	0.103
10.025	0.0086	0.042	0.643	0.0213	0.043	0.103
10.030	0.0077	0.029	0.667	0.0163	0.018	0.092
10.035	0.0064	0.037	0.661	0.0215	0.027	0.084
10.040	0.0051	0.044	0.641	0.0176	0.032	0.085
10.045	0.0079	0.046	0.638	0.0173	0.026	0.084
10.050	0.0105	0.046	0.644	0.0166	0.019	0.092
10.055	0.0098	0.021	0.675	0.0157	0.021	0.089
10.060	0.0118	0.033	0.692	0.0195	0.031	0.093
10.065	0.0110	0.027	0.706	0.0214	0.028	0.089
10.070	0.0102	0.029	0.703	0.0140	0.015	0.081
10.075	0.0105	0.044	0.678	0.0158	0.013	0.075
10.080	0.0128	0.037	0.704	0.0169	0.027	0.068
10.085	0.0152	0.019	0.742	0.0144	0.034	0.060
10.090	0.0133	0.025	0.738	0.0164	0.025	0.058
10.095	0.0109	0.035	0.745	0.0178	0.016	0.058
10.100	0.0155	0.029	0.741	0.0164	0.016	0.054
10.105	0.0198	0.040	0.730	0.0146	0.023	0.055
10.110	0.0169	0.037	0.694	0.0156	0.046	0.056
10.115	0.0199	0.040	0.694	0.0169	0.061	0.060
10.120	0.0200	0.040	0.702	0.0197	0.064	0.060
10.125	0.0152	0.033	0.739	0.0216	0.046	0.067
10.130	0.0183	0.048	0.789	0.0116	0.026	0.061
10.135	0.0184	0.050	0.797	0.0083	0.024	0.063
10.140	0.0201	0.037	0.781	0.0110	0.028	0.064
10.145	0.0235	0.035	0.800	0.0105	0.030	0.066
10.150	0.0175	0.025	0.770	0.0106	0.030	0.072
10.155	0.0188	0.044	0.665	0.0149	0.037	0.083
10.160	0.0163	0.027	0.443	0.0290	0.069	0.116
10.165	0.0064	0.037	0.541	0.0364	0.045	0.120
10.170	0.0052	0.023	0.660	0.0157	0.023	0.109
10.175	0.0061	0.008	0.653	0.0173	0.015	0.096
10.180	0.0047	0.015	0.617	0.0189	0.031	0.078
10.185	0.0062	0.013	0.606	0.0222	0.056	0.071
10.190	0.0110	0.042	0.695	0.0173	0.060	0.056
10.195	0.0124	0.044	0.759	0.0136	0.055	0.054
10.200	0.0177	0.033	0.812	0.0073	0.060	0.048
10.205	0.0196	0.035	0.818	0.0078	0.057	0.049
10.210	0.0184	0.040	0.743	0.0102	0.052	0.050
10.215	0.0242	0.044	0.608	0.0185	0.043	0.053
10.220	0.0161	0.044	0.596	0.0258	0.022	0.046
10.225	0.0268	0.050	0.690	0.0217	0.021	0.040
10.230	0.0177	0.044	0.747	0.0173	0.023	0.041
10.235	0.0250	0.044	0.760	0.0173	0.019	0.042
10.240	0.0276	0.048	0.748	0.0193	0.011	0.045
10.245	0.0134	0.050	0.736	0.0197	0.010	0.052
10.250	0.0269	0.037	0.731	0.0170	0.011	0.063
10.255	0.0258	0.052	0.698	0.0243	0.010	0.067
10.260	0.0147	0.052	0.729	0.0210	0.007	0.074
10.265	0.0211	0.044	0.738	0.0195	0.004	0.075
10.270	0.0245	0.056	0.727	0.0145	0.003	0.083
10.275	0.0185	0.050	0.722	0.0214	0.002	0.094
10.280	0.0153	0.042	0.770	0.0268	0.001	0.088
10.285	0.0166	0.006	0.789	0.0128	0.001	0.088
10.290	0.0116	0.006	0.787	0.0100	0.000	0.082
10.295	0.0104	0.004	0.788	0.0125	0.000	0.081
10.300	0.0149	0.006	0.800	0.0063	0.000	0.070
10.305	0.0170	0.004	0.799	0.0073	0.000	0.063
10.310	0.0168	0.006	0.785	0.0063	0.000	0.059
10.315	0.0137	0.004	0.781	0.0051	0.000	0.062
10.320	0.0084	0.004	0.776	0.0135	0.000	0.058
10.325	0.0157	0.006	0.783	0.0147	0.000	0.054
10.330	0.0182	0.004	0.789	0.0124	0.000	0.045
10.335	0.0181	0.006	0.783	0.0168	0.000	0.046
10.340	0.0161	0.004	0.807	0.0089	0.000	0.060
10.345	0.0139	0.006	0.804	0.0097	0.000	0.063
10.350	0.0209	0.004	0.813	0.0070	0.001	0.069
10.355	0.0232	0.006	0.814	0.0101	0.001	0.071
10.360	0.0216	0.004	0.719	0.0144	0.002	0.110
10.365	0.0155	0.006	0.565	0.0148	0.018	0.176
10.370	0.0097	0.004	0.325	0.0142	0.366	0.276
10.375	0.0032	0.098	0.310	0.0134	0.513	0.264
10.380	0.0028	0.113	0.339	0.0125	0.702	0.236
10.385	0.0037	0.156	0.262	0.0108	0.792	0.218
10.390	0.0041	0.163	0.241	0.0132	0.835	0.197
10.395	0.0047	0.202	0.208	0.0113	0.861	0.174
10.400	0.0050	0.190	0.178	0.0129	0.875	0.201
10.405	0.0040	0.185	0.138	0.0122	0.929	0.197
10.410	0.0044	0.204	0.131	0.0129	0.978	0.192
10.415	0.0041	0.204	0.151	0.0116	0.982	0.199
10.420	0.0057	0.210	0.198	0.0180	0.970	0.226
10.425	0.0042	0.202	0.201	0.0169	0.975	0.217
10.430	0.0037	0.210	0.248	0.0163	0.979	0.220
10.435	0.0055	0.210	0.159	0.0148	0.984	0.208
10.440	0.0041	0.217	0.189	0.0129	0.985	0.192
10.445	0.0065	0.188	0.238	0.0119	0.984	0.192
10.450	0.0062	0.217	0.127	0.0134	0.981	0.220
10.455	0.0051	0.210	0.096	0.0136	0.987	0.213
10.460	0.0037	0.215	0.120	0.0135	0.991	0.222
10.465	0.0040	0.200	0.133	0.0127	0.985	0.255
10.470	0.0041	0.192	0.188	0.0146	0.951	0.297
10.475	0.0029	0.202	0.201	0.0138	0.905	0.314
10.480	0.0023	0.135	0.228	0.0632	0.094	0.249
10.485	0.0012	0.115	0.316	0.0418	0.005	0.123
10.490	0.0010	0.037	0.531	0.0284	0.001	0.070
10.495	0.0099	0.019	0.515	0.0250	0.002	0.065
10.500	0.0180	0.008	0.563	0.0274	0.001	0.050
10.505	0.0133	0.010	0.587	0.0184	0.001	0.041
10.510	0.0156	0.013	0.513	0.0245	0.001	0.041
10.515	0.0229	0.013	0.572	0.0205	0.004	0.040
10.520	0.0200	0.010	0.663	0.0116	0.009	0.040
10.525	0.0237	0.017	0.707	0.0102	0.011	0.038
10.530	0.0305	0.025	0.698	0.0070	0.014	0.042
10.535	0.0406	0.015	0.732	0.0063	0.015	0.039
10.540	0.0466	0.025	0.749	0.0057	0.014	0.033
10.545	0.0520	0.023	0.729	0.0069	0.013	0.031
10.550	0.0482	0.023	0.716	0.0071	0.010	0.030
10.555	0.0439	0.021	0.710	0.0061	0.007	0.033
10.560	0.0330	0.023	0.712	0.0100	0.005	0.037
10.565	0.0175	0.025	0.692	0.0095	0.005	0.040
10.570	0.0110	0.031	0.685	0.0106	0.004	0.040
10.575	0.0140	0.027	0.635	0.0110	0.003	0.042
10.580	0.0116	0.031	0.567	0.0136	0.002	0.038
10.585	0.0153	0.027	0.506	0.0156	0.002	0.029
10.590	0.0136	0.015	0.446	0.0242	0.001	0.032
10.595	0.0101	0.025	0.571	0.0298	0.000	0.030
10.600	0.0114	0.008	0.680	0.0278	0.000	0.024
10.605	0.0092	0.013	0.707	0.0214	0.000	0.022
10.610	0.0073	0.008	0.742	0.0127	0.000	0.021
10.615	0.0054	0.006	0.692	0.0168	0.000	0.021
10.620	0.0045	0.004	0.708	0.0091	0.000	0.019
10.625	0.0033	0.008	0.718	0.0157	0.000	0.020
10.630	0.0043	0.004	0.690	0.0182	0.000	0.018
10.635	0.0059	0.004	0.727	0.0189	0.000	0.018
10.640	0.0083	0.004	0.732	0.0130	0.000	0.018
10.645	0.0102	0.004	0.739	0.0183	0.000	0.018
10.650	0.0105	0.004	0.765	0.0119	0.000	0.017
10.655	0.0111	0.004	0.760	0.0116	0.000	0.018
10.660	0.0110	0.004	0.642	0.0245	0.000	0.023
10.665	0.0096	0.004	0.482	0.0327	0.000	0.032
10.670	0.0058	0.006	0.518	0.0634	0.000	0.054
10.675	0.0028	0.004	0.571	0.0145	0.000	0.062
10.680	0.0021	0.004	0.398	0.0550	0.001	0.095
10.685	0.0010	0.004	0.460	0.0287	0.004	0.111
10.690	0.0012	0.008	0.593	0.0239	0.011	0.120
10.695	0.0015	0.046	0.593	0.0170	0.015	0.153
10.700	0.0020	0.052	0.619	0.0178	0.020	0.178
10.705	0.0013	0.023	0.676	0.0138	0.032	0.146
10.710	0.0015	0.008	0.714	0.0114	0.041	0.134
10.715	0.0018	0.031	0.678	0.0126	0.032	0.145
10.720	0.0016	0.013	0.657	0.0162	0.032	0.137
10.725	0.0015	0.017	0.694	0.0148	0.029	0.121
10.730	0.0015	0.017	0.688	0.0126	0.020	0.122
10.735	0.0020	0.013	0.699	0.0131	0.014	0.153
10.740	0.0025	0.008	0.661	0.0116	0.010	0.201
10.745	0.0032	0.008	0.692	0.0141	0.011	0.201
10.750	0.0042	0.029	0.700	0.0137	0.008	0.163
10.755	0.0051	0.033	0.688	0.0145	0.005	0.141
10.760	0.0050	0.029	0.675	0.0163	0.001	0.080
10.765	0.0044	0.017	0.667	0.0140	0.001	0.067
10.770	0.0040	0.013	0.629	0.0159	0.001	0.058
10.775	0.0072	0.017	0.586	0.0198	0.002	0.056
10.780	0.0097	0.017	0.683	0.0130	0.005	0.061
10.785	0.0168	0.029	0.686	0.0089	0.006	0.061
10.790	0.0246	0.027	0.668	0.0130	0.010	0.057
10.795	0.0288	0.025	0.686	0.0089	0.014	0.054
10.800	0.0322	0.033	0.668	0.0098	0.022	0.050
10.805	0.0359	0.031	0.696	0.0083	0.027	0.048
10.810	0.0308	0.042	0.703	0.0092	0.031	0.052
10.815	0.0251	0.031	0.678	0.0073	0.032	0.049
10.820	0.0193	0.035	0.656	0.0118	0.033	0.050
10.825	0.0118	0.029	0.621	0.0100	0.033	0.055
10.830	0.0125	0.040	0.618	0.0099	0.032	0.055
10.835	0.0131	0.040	0.619	0.0088	0.033	0.057
10.840	0.0134	0.042	0.626	0.0097	0.033	0.054
10.845	0.0196	0.048	0.701	0.0117	0.030	0.055
10.850	0.0263	0.052	0.709	0.0090	0.030	0.055
10.855	0.0260	0.046	0.672	0.0111	0.035	0.059
10.860	0.0179	0.037	0.654	0.0149	0.038	0.062
10.865	0.0074	0.031	0.633	0.0170	0.041	0.064
10.870	0.0076	0.019	0.634	0.0159	0.034	0.077
10.875	0.0065	0.029	0.648	0.0175	0.021	0.080
10.880	0.0093	0.010	0.665	0.0191	0.006	0.085
10.885	0.0116	0.006	0.720	0.0120	0.002	0.078
10.890	0.0106	0.010	0.731	0.0146	0.000	0.073
10.895	0.0087	0.008	0.690	0.0105	0.001	0.069
10.900	0.0029	0.006	0.705	0.0133	0.000	0.058
10.905	0.0027	0.008	0.683	0.0128	0.000	0.055
10.910	0.0040	0.008	0.679	0.0099	0.000	0.054
10.915	0.0070	0.006	0.704	0.0130	0.000	0.053
10.920	0.0077	0.008	0.667	0.0105	0.000	0.047
10.925	0.0086	0.006	0.722	0.0225	0.000	0.040
10.930	0.0085	0.006	0.745	0.0169	0.000	0.035
10.935	0.0048	0.010	0.654	0.0190	0.000	0.036
10.940	0.0016	0.008	0.664	0.0126	0.000	0.038
10.945	0.0016	0.004	0.674	0.0270	0.000	0.036
10.950	0.0057	0.013	0.671	0.0192	0.000	0.035
10.955	0.0081	0.010	0.709	0.0152	0.000	0.039
10.960	0.0121	0.013	0.678	0.0160	0.001	0.042
10.965	0.0131	0.006	0.657	0.0128	0.001	0.048
10.970	0.0131	0.010	0.669	0.0163	0.004	0.053
10.975	0.0089	0.010	0.648	0.0129	0.006	0.050
10.980	0.0054	0.019	0.659	0.0099	0.009	0.045
10.985	0.0094	0.017	0.637	0.0127	0.008	0.046
10.990	0.0144	0.010	0.648	0.0122	0.008	0.048
10.995	0.0203	0.025	0.692	0.0115	0.007	0.044
11.000	0.0254	0.019	0.682	0.0162	0.007	0.051
11.005	0.0298	0.021	0.719	0.0115	0.006	0.050
11.010	0.0303	0.015	0.668	0.0176	0.002	0.055
11.015	0.0222	0.008	0.549	0.0295	0.001	0.064
11.020	0.0093	0.013	0.490	0.0372	0.001	0.082
11.025	0.0092	0.004	0.524	0.0157	0.000	0.084
11.030	0.0031	0.013	0.488	0.0193	0.001	0.111
11.035	0.0072	0.015	0.456	0.0182	0.001	0.149
11.040	0.0043	0.004	0.472	0.0232	0.003	0.221
11.045	0.0021	0.004	0.544	0.0281	0.005	0.242
11.050	0.0019	0.010	0.469	0.0199	0.027	0.283
11.055	0.0009	0.025	0.502	0.0141	0.064	0.317
11.060	0.0008	0.050	0.571	0.0156	0.093	0.329
11.065	0.0006	0.040	0.624	0.0133	0.074	0.345
11.070	0.0010	0.044	0.554	0.0126	0.086	0.378
11.075	0.0007	0.023	0.472	0.0149	0.206	0.395
11.080	0.0007	0.060	0.310	0.0271	0.637	0.351
11.085	0.0007	0.127	0.400	0.0217	0.865	0.302
11.090	0.0008	0.100	0.287	0.0129	0.928	0.278
11.095	0.0022	0.123	0.230	0.0167	0.924	0.281
11.100	0.0022	0.140	0.178	0.0154	0.971	0.263
11.105	0.0015	0.133	0.165	0.0185	0.978	0.279
11.110	0.0027	0.135	0.167	0.0161	0.986	0.261
11.115	0.0023	0.156	0.185	0.0132	0.986	0.250
11.120	0.0023	0.144	0.263	0.0156	0.984	0.273
11.125	0.0015	0.156	0.169	0.0138	0.986	0.258
11.130	0.0016	0.160	0.143	0.0126	0.976	0.287
11.135	0.0014	0.171	0.125	0.0140	0.960	0.322
11.140	0.0013	0.165	0.199	0.0139	0.962	0.326
11.145	0.0013	0.150	0.199	0.0122	0.951	0.325
11.150	0.0015	0.140	0.228	0.0126	0.932	0.319
11.155	0.0010	0.144	0.239	0.0128	0.917	0.308
11.160	0.0011	0.142	0.042	0.0303	0.511	0.338
11.165	0.0009	0.140	0.287	0.0711	0.024	0.213
11.170	0.0006	0.123	0.413	0.0376	0.002	0.093
11.175	0.0014	0.004	0.521	0.0298	0.001	0.068
11.180	0.0117	0.008	0.558	0.0216	0.000	0.046
11.185	0.0169	0.008	0.494	0.0180	0.001	0.043
11.190	0.0269	0.015	0.613	0.0188	0.003	0.042
11.195	0.0309	0.017	0.668	0.0090	0.004	0.044
11.200	0.0288	0.017	0.632	0.0137	0.007	0.041
11.205	0.0167	0.021	0.603	0.0165	0.012	0.040
11.210	0.0163	0.027	0.655	0.0133	0.017	0.034
11.215	0.0224	0.031	0.628	0.0124	0.014	0.031
11.220	0.0217	0.031	0.591	0.0160	0.014	0.027
11.225	0.0323	0.033	0.630	0.0149	0.013	0.025
11.230	0.0320	0.033	0.600	0.0119	0.009	0.024
11.235	0.0504	0.033	0.621	0.0191	0.008	0.025
11.240	0.0478	0.031	0.694	0.0099	0.006	0.031
11.245	0.0341	0.031	0.648	0.0091	0.005	0.032
11.250	0.0214	0.027	0.616	0.0113	0.003	0.041
11.255	0.0216	0.027	0.615	0.0154	0.003	0.043
11.260	0.0257	0.023	0.607	0.0143	0.001	0.043
11.265	0.0287	0.027	0.632	0.0175	0.001	0.044
11.270	0.0327	0.023	0.596	0.0165	0.001	0.050
11.275	0.0241	0.019	0.506	0.0241	0.001	0.058
11.280	0.0040	0.010	0.500	0.0217	0.001	0.066
11.285	0.0061	0.008	0.542	0.0223	0.001	0.068
11.290	0.0061	0.015	0.700	0.0160	0.001	0.063
11.295	0.0118	0.017	0.702	0.0136	0.001	0.056
11.300	0.0099	0.006	0.698	0.0147	0.000	0.050
11.305	0.0081	0.010	0.661	0.0206	0.000	0.049
11.310	0.0041	0.006	0.671	0.0139	0.000	0.046
11.315	0.0049	0.004	0.710	0.0185	0.000	0.044
11.320	0.0099	0.002	0.699	0.0184	0.000	0.040
11.325	0.0112	0.008	0.714	0.0092	0.000	0.038
11.330	0.0101	0.006	0.718	0.0129	0.000	0.036
11.335	0.0082	0.006	0.679	0.0151	0.000	0.034
11.340	0.0050	0.006	0.680	0.0115	0.000	0.035
11.345	0.0047	0.008	0.707	0.0158	0.000	0.035
11.350	0.0093	0.006	0.709	0.0118	0.000	0.034
11.355	0.0114	0.008	0.705	0.0125	0.000	0.035
11.360	0.0104	0.006	0.633	0.0150	0.000	0.033
11.365	0.0076	0.006	0.597	0.0301	0.000	0.034
11.370	0.0057	0.008	0.549	0.0367	0.000	0.033
11.375	0.0023	0.004	0.606	0.0215	0.000	0.028
11.380	0.0023	0.015	0.623	0.0186	0.000	0.026
11.385	0.0084	0.010	0.680	0.0175	0.000	0.024
11.390	0.0138	0.010	0.702	0.0096	0.000	0.023
11.395	0.0162	0.010	0.659	0.0127	0.000	0.022
11.400	0.0092	0.010	0.622	0.0183	0.000	0.021
11.405	0.0094	0.010	0.637	0.0191	0.000	0.020
11.410	0.0099	0.008	0.634	0.0160	0.000	0.020
11.415	0.0158	0.015	0.654	0.0187	0.000	0.021
11.420	0.0227	0.015	0.642	0.0234	0.000	0.023
11.425	0.0091	0.013	0.611	0.0164	0.000	0.025
11.430	0.0143	0.019	0.650	0.0114	0.000	0.025
11.435	0.0153	0.015	0.663	0.0123	0.000	0.026
11.440	0.0239	0.021	0.650	0.0165	0.000	0.028
11.445	0.0256	0.017	0.639	0.0175	0.000	0.027
11.450	0.0094	0.019	0.630	0.0127	0.000	0.030
11.455	0.0091	0.021	0.603	0.0133	0.000	0.034
11.460	0.0119	0.023	0.600	0.0110	0.001	0.043
11.465	0.0208	0.019	0.625	0.0105	0.001	0.048
11.470	0.0144	0.021	0.616	0.0142	0.001	0.056
11.475	0.0054	0.017	0.636	0.0092	0.001	0.062
11.480	0.0068	0.019	0.624	0.0077	0.001	0.066
11.485	0.0100	0.015	0.634	0.0130	0.001	0.062
11.490	0.0115	0.021	0.638	0.0155	0.001	0.037
11.495	0.0059	0.017	0.654	0.0105	0.001	0.028
11.500	0.0068	0.015	0.609	0.0159	0.001	0.025
11.505	0.0093	0.015	0.573	0.0270	0.000	0.025
11.510	0.0100	0.006	0.584	0.0307	0.000	0.026
11.515	0.0039	0.006	0.637	0.0220	0.000	0.022
11.520	0.0048	0.006	0.675	0.0138	0.000	0.019
11.525	0.0087	0.006	0.671	0.0218	0.000	0.018
11.530	0.0082	0.006	0.668	0.0174	0.000	0.017
11.535	0.0035	0.006	0.666	0.0192	0.000	0.016
11.540	0.0035	0.008	0.670	0.0170	0.000	0.015
11.545	0.0083	0.006	0.704	0.0143	0.000	0.014
11.550	0.0104	0.006	0.710	0.0174	0.000	0.014
11.555	0.0089	0.006	0.675	0.0141	0.000	0.014
11.560	0.0036	0.006	0.668	0.0162	0.000	0.014
11.565	0.0039	0.008	0.684	0.0123	0.000	0.014
11.570	0.0082	0.006	0.702	0.0145	0.000	0.013
11.575	0.0097	0.008	0.704	0.0112	0.000	0.013
11.580	0.0108	0.010	0.703	0.0216	0.000	0.013
11.585	0.0088	0.010	0.677	0.0117	0.000	0.013
11.590	0.0054	0.015	0.568	0.0185	0.000	0.012
11.595	0.0037	0.013	0.445	0.0410	0.000	0.013
11.600	0.0051	0.017	0.516	0.0351	0.000	0.013
11.605	0.0089	0.021	0.567	0.0264	0.000	0.014
11.610	0.0168	0.019	0.657	0.0179	0.001	0.016
11.615	0.0171	0.033	0.710	0.0078	0.003	0.020
11.620	0.0274	0.031	0.646	0.0111	0.008	0.025
11.625	0.0225	0.033	0.649	0.0149	0.011	0.026
11.630	0.0144	0.033	0.648	0.0132	0.016	0.024
11.635	0.0106	0.029	0.623	0.0120	0.018	0.024
11.640	0.0094	0.023	0.655	0.0072	0.025	0.024
11.645	0.0164	0.031	0.674	0.0094	0.024	0.027
11.650	0.0252	0.031	0.626	0.0106	0.023	0.044
11.655	0.0357	0.023	0.657	0.0133	0.023	0.049
11.660	0.0309	0.015	0.677	0.0094	0.024	0.055
11.665	0.0161	0.021	0.615	0.0095	0.025	0.069
11.670	0.0138	0.027	0.600	0.0092	0.017	0.081
11.675	0.0169	0.023	0.610	0.0127	0.012	0.079
11.680	0.0211	0.025	0.587	0.0172	0.007	0.060
11.685	0.0244	0.017	0.640	0.0173	0.006	0.041
11.690	0.0255	0.015	0.640	0.0135	0.004	0.025
11.695	0.0200	0.017	0.548	0.0194	0.004	0.023
11.700	0.0118	0.023	0.575	0.0196	0.004	0.019
11.705	0.0098	0.035	0.518	0.0263	0.003	0.021
11.710	0.0139	0.031	0.431	0.0295	0.002	0.031
11.715	0.0145	0.037	0.400	0.0624	0.001	0.049
11.720	0.0068	0.004	0.639	0.0427	0.000	0.050
11.725	0.0037	0.004	0.627	0.0195	0.000	0.053
11.730	0.0039	0.004	0.415	0.0390	0.000	0.090
11.735	0.0029	0.004	0.240	0.0322	0.001	0.117
11.740	0.0007	0.015	0.406	0.0325	0.002	0.171
11.745	0.0011	0.010	0.512	0.0281	0.003	0.212
11.750	0.0007	0.017	0.535	0.0192	0.007	0.308
11.755	0.0006	0.010	0.403	0.0320	0.010	0.342
11.760	0.0004	0.021	0.325	0.0184	0.019	0.477
11.765	0.0002	0.025	0.205	0.0354	0.035	0.507
11.770	0.0001	0.031	0.277	0.0333	0.042	0.427
11.775	0.0000	0.040	0.282	0.0134	0.047	0.375
11.780	0.0000	0.065	0.322	0.0184	0.048	0.353
11.785	0.0003	0.073	0.274	0.0219	0.080	0.295
11.790	0.0003	0.087	0.084	0.0200	0.110	0.225
11.795	0.0002	0.077	0.262	0.0765	0.033	0.182
11.800	0.0004	0.060	0.425	0.0505	0.001	0.094
11.805	0.0004	0.031	0.591	0.0544	0.000	0.058
11.810	0.0032	0.010	0.703	0.0159	0.000	0.040
11.815	0.0102	0.010	0.737	0.0123	0.001	0.038
11.820	0.0183	0.008	0.647	0.0138	0.002	0.040
11.825	0.0178	0.008	0.576	0.0191	0.006	0.049
11.830	0.0177	0.015	0.688	0.0070	0.019	0.056
11.835	0.0133	0.017	0.717	0.0089	0.023	0.055
11.840	0.0119	0.017	0.703	0.0086	0.020	0.052
11.845	0.0118	0.025	0.696	0.0089	0.014	0.048
11.850	0.0114	0.021	0.693	0.0096	0.011	0.042
11.855	0.0109	0.021	0.677	0.0094	0.012	0.042
11.860	0.0113	0.017	0.654	0.0129	0.013	0.037
11.865	0.0146	0.017	0.666	0.0150	0.012	0.038
11.870	0.0195	0.017	0.654	0.0175	0.007	0.033
11.875	0.0266	0.021	0.662	0.0193	0.004	0.034
11.880	0.0304	0.010	0.619	0.0203	0.003	0.031
11.885	0.0260	0.013	0.589	0.0226	0.002	0.031
11.890	0.0254	0.010	0.546	0.0179	0.002	0.047
11.895	0.0271	0.013	0.521	0.0200	0.002	0.054
11.900	0.0187	0.015	0.535	0.0234	0.001	0.057
11.905	0.0185	0.010	0.569	0.0212	0.001	0.062
11.910	0.0120	0.013	0.559	0.0328	0.000	0.061
11.915	0.0072	0.017	0.564	0.0248	0.000	0.055
11.920	0.0041	0.008	0.439	0.0386	0.000	0.061
11.925	0.0026	0.008	0.478	0.0204	0.000	0.056
11.930	0.0045	0.013	0.398	0.0321	0.000	0.056
11.935	0.0073	0.010	0.461	0.0500	0.000	0.053
11.940	0.0010	0.010	0.514	0.0379	0.000	0.049
11.945	0.0033	0.008	0.474	0.0303	0.000	0.051
11.950	0.0063	0.008	0.202	0.0237	0.000	0.044
11.955	0.0013	0.013	0.298	0.0428	0.000	0.055
11.960	0.0049	0.010	0.485	0.0298	0.000	0.040
11.965	0.0019	0.006	0.409	0.0184	0.000	0.037
11.970	0.0032	0.008	0.339	0.0495	0.000	0.052
11.975	0.0031	0.008	0.352	0.0300	0.000	0.043
11.980	0.0079	0.008	0.310	0.0236	0.000	0.044
11.985	0.0207	0.010	0.224	0.0532	0.001	0.047
11.990	0.0075	0.008	0.519	0.0177	0.001	0.040
11.995	0.0069	0.013	0.437	0.0243	0.001	0.039
12.000	0.0255	0.015	0.581	0.0192	0.004	0.037
12.005	0.0193	0.013	0.654	0.0117	0.008	0.038
12.010	0.0315	0.015	0.638	0.0182	0.014	0.038
12.015	0.0316	0.021	0.702	0.0095	0.011	0.038
12.020	0.0365	0.013	0.676	0.0116	0.008	0.043
12.025	0.0396	0.010	0.654	0.0133	0.008	0.047
12.030	0.0364	0.013	0.667	0.0114	0.015	0.052
12.035	0.0374	0.019	0.632	0.0111	0.018	0.057
12.040	0.0359	0.019	0.621	0.0165	0.022	0.059
12.045	0.0285	0.021	0.648	0.0196	0.020	0.069
12.050	0.0267	0.013	0.727	0.0216	0.009	0.069
12.055	0.0239	0.008	0.722	0.0218	0.004	0.072
12.060	0.0226	0.006	0.691	0.0186	0.002	0.081
12.065	0.0160	0.013	0.649	0.0178	0.002	0.095
12.070	0.0091	0.008	0.709	0.0116	0.003	0.112
12.075	0.0070	0.008	0.720	0.0102	0.006	0.116
12.080	0.0065	0.013	0.713	0.0112	0.014	0.137
12.085	0.0056	0.013	0.683	0.0089	0.027	0.145
12.090	0.0044	0.031	0.656	0.0080	0.063	0.163
12.095	0.0037	0.029	0.647	0.0129	0.087	0.182
12.100	0.0044	0.033	0.448	0.0131	0.202	0.196
12.105	0.0050	0.054	0.355	0.0119	0.408	0.198
12.110	0.0043	0.077	0.207	0.0135	0.686	0.201
12.115	0.0034	0.108	0.149	0.0140	0.838	0.196
12.120	0.0039	0.117	0.132	0.0136	0.937	0.193
12.125	0.0046	0.144	0.170	0.0112	0.957	0.201
12.130	0.0057	0.142	0.177	0.0176	0.964	0.194
12.135	0.0047	0.135	0.172	0.0154	0.969	0.188
12.140	0.0051	0.142	0.210	0.0132	0.961	0.195
12.145	0.0053	0.138	0.172	0.0131	0.944	0.210
12.150	0.0066	0.123	0.174	0.0172	0.922	0.196
12.155	0.0046	0.133	0.155	0.0143	0.931	0.187
12.160	0.0050	0.125	0.198	0.0142	0.917	0.198
12.165	0.0072	0.131	0.175	0.0188	0.929	0.212
12.170	0.0044	0.144	0.286	0.0193	0.872	0.191
12.175	0.0053	0.127	0.278	0.0122	0.829	0.196
12.180	0.0083	0.108	0.330	0.0181	0.862	0.217
12.185	0.0037	0.121	0.302	0.0166	0.881	0.208
12.190	0.0042	0.127	0.162	0.0143	0.829	0.197
12.195	0.0055	0.123	0.136	0.0184	0.823	0.189
12.200	0.0031	0.127	0.216	0.0148	0.841	0.188
12.205	0.0054	0.129	0.200	0.0155	0.803	0.183
12.210	0.0033	0.121	0.235	0.0131	0.722	0.180
12.215	0.0033	0.104	0.199	0.0193	0.737	0.186
12.220	0.0037	0.106	0.247	0.0198	0.579	0.194
12.225	0.0036	0.113	0.290	0.0226	0.442	0.188
12.230	0.0030	0.100	0.343	0.0130	0.509	0.170
12.235	0.0040	0.098	0.247	0.0190	0.736	0.176
12.240	0.0035	0.115	0.258	0.0148	0.699	0.190
12.245	0.0034	0.113	0.226	0.0169	0.562	0.187
12.250	0.0048	0.102	0.203	0.0373	0.140	0.169
12.255	0.0051	0.071	0.394	0.0308	0.067	0.121
12.260	0.0055	0.031	0.469	0.0232	0.025	0.088
12.265	0.0151	0.029	0.466	0.0205	0.030	0.078
12.270	0.0193	0.017	0.476	0.0277	0.022	0.072
12.275	0.0325	0.029	0.478	0.0299	0.007	0.069
12.280	0.0205	0.017	0.506	0.0240	0.004	0.063
12.285	0.0243	0.017	0.533	0.0232	0.003	0.049
12.290	0.0330	0.017	0.336	0.0254	0.003	0.059
12.295	0.0226	0.021	0.168	0.0458	0.002	0.067
12.300	0.0056	0.021	0.622	0.0191	0.001	0.063
12.305	0.0129	0.013	0.635	0.0198	0.000	0.053
12.310	0.0099	0.015	0.625	0.0383	0.000	0.061
12.315	0.0160	0.013	0.473	0.0159	0.001	0.062
12.320	0.0117	0.013	0.612	0.0208	0.000	0.056
12.325	0.0074	0.015	0.591	0.0222	0.000	0.046
12.330	0.0114	0.013	0.497	0.0423	0.001	0.068
12.335	0.0139	0.013	0.404	0.0181	0.002	0.083
12.340	0.0088	0.010	0.380	0.0285	0.001	0.082
12.345	0.0046	0.015	0.472	0.0224	0.001	0.068
12.350	0.0116	0.015	0.626	0.0226	0.000	0.053
12.355	0.0077	0.013	0.373	0.0491	0.000	0.052
12.360	0.0144	0.013	0.430	0.0193	0.001	0.057
12.365	0.0171	0.010	0.427	0.0312	0.000	0.056
12.370	0.0190	0.015	0.662	0.0162	0.003	0.060
12.375	0.0253	0.013	0.702	0.0100	0.004	0.052
12.380	0.0350	0.015	0.511	0.0195	0.003	0.042
12.385	0.0351	0.015	0.441	0.0270	0.004	0.040
12.390	0.0202	0.013	0.661	0.0159	0.008	0.047
12.395	0.0271	0.013	0.729	0.0165	0.008	0.051
12.400	0.0267	0.013	0.728	0.0130	0.008	0.054
12.405	0.0306	0.008	0.641	0.0139	0.007	0.060
12.410	0.0233	0.013	0.623	0.0208	0.006	0.063
12.415	0.0171	0.010	0.662	0.0126	0.003	0.065
12.420	0.0137	0.015	0.724	0.0122	0.002	0.070
12.425	0.0119	0.017	0.738	0.0112	0.002	0.063
12.430	0.0116	0.015	0.736	0.0086	0.002	0.060
12.435	0.0108	0.008	0.743	0.0084	0.002	0.054
12.440	0.0107	0.017	0.740	0.0045	0.001	0.059
12.445	0.0105	0.013	0.729	0.0072	0.001	0.065
12.450	0.0101	0.008	0.720	0.0086	0.002	0.062
12.455	0.0106	0.008	0.656	0.0105	0.002	0.057
12.460	0.0113	0.013	0.611	0.0151	0.003	0.044
12.465	0.0122	0.008	0.628	0.0141	0.004	0.037
12.470	0.0174	0.013	0.714	0.0114	0.006	0.028
12.475	0.0242	0.013	0.735	0.0112	0.010	0.032
12.480	0.0378	0.008	0.691	0.0117	0.016	0.036
12.485	0.0415	0.008	0.690	0.0145	0.018	0.034
12.490	0.0418	0.015	0.741	0.0071	0.020	0.038
12.495	0.0447	0.023	0.721	0.0102	0.022	0.038
12.500	0.0463	0.021	0.714	0.0066	0.031	0.046
12.505	0.0419	0.021	0.695	0.0097	0.038	0.048
12.510	0.0401	0.017	0.642	0.0169	0.053	0.057
12.515	0.0361	0.021	0.624	0.0208	0.044	0.069
12.520	0.0327	0.029	0.644	0.0242	0.012	0.075
12.525	0.0294	0.008	0.647	0.0311	0.005	0.068
12.530	0.0229	0.013	0.639	0.0212	0.002	0.102
12.535	0.0164	0.004	0.669	0.0157	0.003	0.127
12.540	0.0120	0.008	0.698	0.0112	0.011	0.188
12.545	0.0102	0.004	0.700	0.0080	0.024	0.206
12.550	0.0090	0.008	0.676	0.0085	0.046	0.226
12.555	0.0080	0.017	0.670	0.0095	0.073	0.237
12.560	0.0066	0.023	0.602	0.0121	0.157	0.243
12.565	0.0063	0.050	0.564	0.0116	0.314	0.234
12.570	0.0059	0.081	0.549	0.0105	0.394	0.214
12.575	0.0067	0.113	0.529	0.0155	0.258	0.187
12.580	0.0067	0.121	0.545	0.0236	0.064	0.169
12.585	0.0057	0.062	0.523	0.0327	0.015	0.142
12.590	0.0082	0.029	0.664	0.0192	0.002	0.076
12.595	0.0147	0.013	0.611	0.0170	0.005	0.062
12.600	0.0278	0.008	0.494	0.0281	0.004	0.038
12.605	0.0294	0.017	0.498	0.0252	0.002	0.026
12.610	0.0330	0.023	0.455	0.0240	0.002	0.023
12.615	0.0482	0.013	0.568	0.0277	0.002	0.021
12.620	0.0399	0.021	0.671	0.0118	0.003	0.020
12.625	0.0560	0.019	0.721	0.0097	0.004	0.019
12.630	0.0699	0.021	0.719	0.0101	0.004	0.019
12.635	0.0817	0.021	0.729	0.0099	0.003	0.019
12.640	0.0845	0.017	0.724	0.0104	0.003	0.018
12.645	0.0786	0.021	0.727	0.0096	0.003	0.018
12.650	0.0744	0.021	0.715	0.0106	0.003	0.019
12.655	0.0735	0.021	0.702	0.0150	0.003	0.019
12.660	0.0761	0.025	0.693	0.0172	0.003	0.017
12.665	0.0836	0.025	0.712	0.0177	0.003	0.017
12.670	0.0943	0.025	0.746	0.0127	0.002	0.017
12.675	0.1044	0.025	0.715	0.0136	0.002	0.018
12.680	0.1051	0.021	0.744	0.0087	0.003	0.022
12.685	0.0922	0.019	0.744	0.0097	0.003	0.022
12.690	0.0806	0.017	0.770	0.0060	0.003	0.023
12.695	0.0745	0.019	0.747	0.0059	0.003	0.025
12.700	0.0600	0.017	0.750	0.0070	0.003	0.024
12.705	0.0547	0.019	0.782	0.0065	0.004	0.025
12.710	0.0562	0.017	0.745	0.0098	0.004	0.026
12.715	0.0591	0.017	0.747	0.0110	0.004	0.025
12.720	0.0588	0.021	0.758	0.0068	0.004	0.024
12.725	0.0559	0.019	0.753	0.0069	0.004	0.024
12.730	0.0487	0.019	0.762	0.0040	0.005	0.025
12.735	0.0537	0.017	0.772	0.0051	0.006	0.026
12.740	0.0659	0.023	0.757	0.0095	0.006	0.025
12.745	0.0675	0.025	0.759	0.0056	0.006	0.025
12.750	0.0657	0.021	0.767	0.0062	0.006	0.027
12.755	0.0627	0.017	0.748	0.0102	0.007	0.027
12.760	0.0568	0.019	0.763	0.0051	0.007	0.025
12.765	0.0498	0.023	0.768	0.0055	0.007	0.026
12.770	0.0466	0.023	0.749	0.0070	0.007	0.027
12.775	0.0470	0.023	0.749	0.0075	0.007	0.030
12.780	0.0451	0.015	0.739	0.0081	0.008	0.033
12.785	0.0368	0.015	0.706	0.0122	0.008	0.033
12.790	0.0337	0.025	0.562	0.0225	0.013	0.036
12.795	0.0444	0.013	0.501	0.0237	0.023	0.037
12.800	0.0297	0.017	0.645	0.0177	0.058	0.047
12.805	0.0321	0.017	0.577	0.0214	0.074	0.057
12.810	0.0263	0.019	0.342	0.0348	0.090	0.105
12.815	0.0177	0.033	0.395	0.0719	0.013	0.123
12.820	0.0064	0.008	0.774	0.0265	0.000	0.057
12.825	0.0086	0.008	0.765	0.0196	0.000	0.035
12.830	0.0096	0.004	0.753	0.0125	0.000	0.021
12.835	0.0078	0.004	0.750	0.0172	0.000	0.018
12.840	0.0087	0.004	0.754	0.0131	0.000	0.018
12.845	0.0088	0.004	0.760	0.0130	0.000	0.020
12.850	0.0081	0.004	0.731	0.0107	0.000	0.022
12.855	0.0071	0.004	0.720	0.0149	0.000	0.024
12.860	0.0064	0.004	0.675	0.0095	0.001	0.040
12.865	0.0051	0.004	0.673	0.0151	0.010	0.059
12.870	0.0041	0.004	0.652	0.0189	0.078	0.070
12.875	0.0035	0.008	0.636	0.0178	0.192	0.073
12.880	0.0038	0.042	0.494	0.0148	0.360	0.094
12.885	0.0040	0.050	0.538	0.0182	0.412	0.116
12.890	0.0036	0.058	0.501	0.0157	0.385	0.145
12.895	0.0054	0.058	0.545	0.0168	0.294	0.144
12.900	0.0061	0.060	0.577	0.0252	0.125	0.138
12.905	0.0078	0.067	0.586	0.0244	0.052	0.139
12.910	0.0077	0.033	0.678	0.0282	0.015	0.106
12.915	0.0122	0.017	0.704	0.0240	0.007	0.087
12.920	0.0191	0.013	0.739	0.0175	0.005	0.068
12.925	0.0201	0.013	0.724	0.0167	0.009	0.063
12.930	0.0200	0.010	0.673	0.0151	0.036	0.057
12.935	0.0221	0.013	0.682	0.0140	0.055	0.057
12.940	0.0231	0.017	0.717	0.0100	0.072	0.040
12.945	0.0244	0.021	0.737	0.0052	0.076	0.033
12.950	0.0261	0.025	0.735	0.0073	0.075	0.030
12.955	0.0262	0.025	0.739	0.0063	0.068	0.032
12.960	0.0280	0.025	0.744	0.0064	0.056	0.030
12.965	0.0289	0.025	0.744	0.0068	0.051	0.027
12.970	0.0292	0.023	0.735	0.0105	0.030	0.032
12.975	0.0279	0.025	0.729	0.0154	0.015	0.036
12.980	0.0263	0.017	0.729	0.0156	0.004	0.036
12.985	0.0237	0.008	0.714	0.0123	0.008	0.042
12.990	0.0210	0.008	0.686	0.0200	0.008	0.068
12.995	0.0162	0.013	0.695	0.0111	0.005	0.098
13.000	0.0162	0.008	0.540	0.0194	0.048	0.156
13.005	0.0127	0.021	0.456	0.0149	0.193	0.190
13.010	0.0081	0.067	0.238	0.0129	0.712	0.184
13.015	0.0059	0.113	0.229	0.0132	0.905	0.168
13.020	0.0061	0.167	0.196	0.0143	0.963	0.158
13.025	0.0077	0.175	0.138	0.0131	0.966	0.163
13.030	0.0068	0.212	0.170	0.0127	0.959	0.175
13.035	0.0049	0.196	0.132	0.0124	0.957	0.167
13.040	0.0051	0.227	0.154	0.0115	0.968	0.168
13.045	0.0070	0.204	0.122	0.0123	0.978	0.169
13.050	0.0051	0.204	0.121	0.0141	0.983	0.179
13.055	0.0046	0.198	0.128	0.0134	0.986	0.185
13.060	0.0068	0.198	0.147	0.0153	0.993	0.177
13.065	0.0052	0.223	0.146	0.0105	0.996	0.179
13.070	0.0061	0.198	0.124	0.0168	0.997	0.184
13.075	0.0047	0.217	0.154	0.0130	0.998	0.176
13.080	0.0071	0.204	0.179	0.0129	0.999	0.171
13.085	0.0070	0.204	0.134	0.0152	0.999	0.180
13.090	0.0057	0.208	0.155	0.0149	0.999	0.174
13.095	0.0065	0.202	0.159	0.0118	1.000	0.167
13.100	0.0058	0.202	0.199	0.0148	1.000	0.170
13.105	0.0052	0.206	0.144	0.0133	0.999	0.179
13.110	0.0079	0.208	0.125	0.0129	0.999	0.169
13.115	0.0080	0.210	0.164	0.0133	1.000	0.171
13.120	0.0086	0.200	0.110	0.0126	0.999	0.174
13.125	0.0091	0.204	0.120	0.0135	0.997	0.178
13.130	0.0057	0.188	0.196	0.0102	0.993	0.244
13.135	0.0043	0.190	0.082	0.0139	0.982	0.319
13.140	0.0013	0.196	0.123	0.0134	0.915	0.452
13.145	0.0005	0.202	0.149	0.0104	0.853	0.497
13.150	0.0003	0.196	0.173	0.0106	0.901	0.528
13.155	0.0002	0.225	0.193	0.0111	0.918	0.558
13.160	0.0002	0.210	0.127	0.0120	0.908	0.614
13.165	0.0001	0.204	0.103	0.0124	0.843	0.636
13.170	0.0001	0.200	0.123	0.0162	0.881	0.472
13.175	0.0001	0.200	0.207	0.0164	0.903	0.347
13.180	0.0002	0.133	0.180	0.0121	0.963	0.258
13.185	0.0011	0.138	0.144	0.0113	0.963	0.243
13.190	0.0047	0.117	0.216	0.0229	0.736	0.232
13.195	0.0037	0.144	0.417	0.0458	0.170	0.169
13.200	0.0030	0.083	0.554	0.0371	0.015	0.085
13.205	0.0046	0.027	0.651	0.0197	0.007	0.049
13.210	0.0049	0.008	0.728	0.0142	0.003	0.036
13.215	0.0124	0.015	0.673	0.0164	0.005	0.033
13.220	0.0217	0.013	0.652	0.0192	0.010	0.031
13.225	0.0214	0.017	0.674	0.0150	0.010	0.032
13.230	0.0201	0.017	0.697	0.0135	0.008	0.035
13.235	0.0208	0.017	0.681	0.0110	0.006	0.038
13.240	0.0230	0.019	0.692	0.0126	0.004	0.040
13.245	0.0267	0.021	0.696	0.0094	0.004	0.042
13.250	0.0304	0.017	0.683	0.0107	0.004	0.042
13.255	0.0282	0.013	0.675	0.0099	0.006	0.044
13.260	0.0227	0.017	0.705	0.0104	0.012	0.042
13.265	0.0191	0.017	0.723	0.0090	0.013	0.039
13.270	0.0168	0.017	0.730	0.0070	0.013	0.040
13.275	0.0183	0.010	0.719	0.0060	0.013	0.038
13.280	0.0211	0.017	0.714	0.0101	0.015	0.040
13.285	0.0207	0.017	0.706	0.0102	0.015	0.041
13.290	0.0182	0.013	0.725	0.0094	0.016	0.040
13.295	0.0176	0.010	0.704	0.0097	0.016	0.037
13.300	0.0201	0.013	0.724	0.0090	0.015	0.038
13.305	0.0258	0.010	0.714	0.0142	0.014	0.039
13.310	0.0257	0.013	0.716	0.0139	0.012	0.041
13.315	0.0243	0.013	0.728	0.0054	0.011	0.048
13.320	0.0284	0.013	0.717	0.0108	0.008	0.052
13.325	0.0334	0.013	0.743	0.0081	0.006	0.055
13.330	0.0343	0.010	0.721	0.0128	0.006	0.057
13.335	0.0331	0.013	0.740	0.0057	0.006	0.056
13.340	0.0340	0.017	0.715	0.0102	0.006	0.059
13.345	0.0365	0.017	0.691	0.0104	0.008	0.064
13.350	0.0365	0.017	0.653	0.0146	0.010	0.063
13.355	0.0292	0.021	0.709	0.0119	0.009	0.064
13.360	0.0264	0.021	0.719	0.0090	0.007	0.065
13.365	0.0267	0.025	0.691	0.0102	0.010	0.067
13.370	0.0258	0.015	0.687	0.0108	0.020	0.070
13.375	0.0239	0.021	0.704	0.0099	0.021	0.069
13.380	0.0220	0.023	0.704	0.0066	0.025	0.068
13.385	0.0224	0.025	0.688	0.0098	0.030	0.071
13.390	0.0113	0.019	0.717	0.0072	0.034	0.068
13.395	0.0083	0.025	0.705	0.0076	0.035	0.066
13.400	0.0094	0.025	0.722	0.0061	0.042	0.064
13.405	0.0118	0.019	0.675	0.0054	0.049	0.066
13.410	0.0123	0.021	0.710	0.0058	0.054	0.073
13.415	0.0116	0.027	0.684	0.0114	0.055	0.075
13.420	0.0095	0.029	0.668	0.0068	0.047	0.075
13.425	0.0156	0.040	0.712	0.0085	0.035	0.084
13.430	0.0152	0.025	0.555	0.0293	0.015	0.098
13.435	0.0189	0.033	0.604	0.0379	0.003	0.096
13.440	0.0126	0.013	0.733	0.0182	0.001	0.074
13.445	0.0126	0.006	0.742	0.0125	0.001	0.066
13.450	0.0121	0.006	0.750	0.0114	0.001	0.057
13.455	0.0118	0.004	0.730	0.0089	0.001	0.059
13.460	0.0097	0.004	0.747	0.0091	0.000	0.055
13.465	0.0069	0.004	0.699	0.0138	0.000	0.051
13.470	0.0039	0.002	0.732	0.0084	0.000	0.049
13.475	0.0033	0.004	0.731	0.0107	0.000	0.049
13.480	0.0039	0.004	0.693	0.0148	0.000	0.049
13.485	0.0065	0.004	0.733	0.0112	0.000	0.048
13.490	0.0087	0.004	0.733	0.0145	0.000	0.049
13.495	0.0105	0.004	0.728	0.0278	0.000	0.051
13.500	0.0103	0.004	0.602	0.0272	0.000	0.067
13.505	0.0086	0.004	0.470	0.0506	0.000	0.082
13.510	0.0049	0.002	0.517	0.0399	0.000	0.102
13.515	0.0029	0.004	0.449	0.0243	0.001	0.138
13.520	0.0012	0.008	0.259	0.0459	0.005	0.257
13.525	0.0004	0.006	0.221	0.0215	0.061	0.391
13.530	0.0006	0.025	0.111	0.0146	0.643	0.350
13.535	0.0002	0.033	0.229	0.0189	0.930	0.311
13.540	0.0012	0.119	0.271	0.0134	0.969	0.225
13.545	0.0020	0.146	0.239	0.0122	0.948	0.200
13.550	0.0069	0.113	0.229	0.0154	0.837	0.201
13.555	0.0061	0.110	0.225	0.0168	0.665	0.209
13.560	0.0055	0.102	0.216	0.0176	0.329	0.224
13.565	0.0039	0.094	0.197	0.0118	0.236	0.254
13.570	0.0035	0.083	0.230	0.0172	0.449	0.304
13.575	0.0016	0.106	0.169	0.0130	0.471	0.318
13.580	0.0016	0.092	0.114	0.0183	0.221	0.356
13.585	0.0007	0.087	0.180	0.0178	0.189	0.340
13.590	0.0006	0.081	0.093	0.0380	0.062	0.314
13.595	0.0006	0.069	0.312	0.0497	0.004	0.160
13.600	0.0005	0.044	0.489	0.0254	0.001	0.077
13.605	0.0015	0.025	0.526	0.0195	0.001	0.055
13.610	0.0044	0.013	0.498	0.0206	0.000	0.037
13.615	0.0065	0.013	0.523	0.0163	0.001	0.037
13.620	0.0110	0.015	0.538	0.0190	0.005	0.041
13.625	0.0150	0.021	0.630	0.0198	0.004	0.038
13.630	0.0182	0.033	0.528	0.0182	0.005	0.032
13.635	0.0172	0.021	0.325	0.0223	0.006	0.042
13.640	0.0208	0.029	0.447	0.0222	0.005	0.034
13.645	0.0085	0.019	0.400	0.0137	0.005	0.031
13.650	0.0179	0.025	0.483	0.0294	0.005	0.031
13.655	0.0051	0.021	0.453	0.0104	0.006	0.025
13.660	0.0060	0.025	0.492	0.0265	0.005	0.024
13.665	0.0072	0.025	0.408	0.0108	0.006	0.022
13.670	0.0052	0.025	0.494	0.0229	0.005	0.025
13.675	0.0080	0.025	0.262	0.0133	0.006	0.019
13.680	0.0054	0.025	0.483	0.0223	0.007	0.025
13.685	0.0102	0.027	0.340	0.0148	0.008	0.020
13.690	0.0054	0.023	0.480	0.0260	0.009	0.026
13.695	0.0171	0.035	0.480	0.0187	0.009	0.022
13.700	0.0075	0.017	0.452	0.0246	0.010	0.024
13.705	0.0209	0.033	0.470	0.0222	0.012	0.020
13.710	0.0092	0.021	0.396	0.0196	0.014	0.021
13.715	0.0246	0.027	0.432	0.0244	0.014	0.022
13.720	0.0112	0.023	0.408	0.0169	0.021	0.025
13.725	0.0088	0.033	0.400	0.0269	0.015	0.026
13.730	0.0053	0.027	0.411	0.0192	0.022	0.023
13.735	0.0058	0.035	0.485	0.0154	0.017	0.027
13.740	0.0081	0.031	0.468	0.0154	0.013	0.033
13.745	0.0091	0.033	0.564	0.0201	0.017	0.038
13.750	0.0105	0.027	0.623	0.0198	0.019	0.045
13.755	0.0128	0.021	0.713	0.0143	0.020	0.046
13.760	0.0091	0.025	0.711	0.0136	0.021	0.046
13.765	0.0091	0.021	0.689	0.0153	0.023	0.048
13.770	0.0068	0.019	0.710	0.0118	0.020	0.045
13.775	0.0052	0.017	0.652	0.0135	0.020	0.041
13.780	0.0025	0.029	0.652	0.0166	0.015	0.034
13.785	0.0034	0.025	0.647	0.0146	0.009	0.028
13.790	0.0041	0.029	0.673	0.0121	0.005	0.022
13.795	0.0058	0.025	0.611	0.0118	0.005	0.021
13.800	0.0078	0.029	0.630	0.0185	0.004	0.020
13.805	0.0091	0.031	0.647	0.0173	0.003	0.020
13.810	0.0112	0.025	0.644	0.0116	0.004	0.021
13.815	0.0164	0.025	0.618	0.0207	0.003	0.022
13.820	0.0178	0.025	0.612	0.0213	0.003	0.025
13.825	0.0162	0.025	0.681	0.0215	0.003	0.026
13.830	0.0149	0.025	0.715	0.0145	0.003	0.022
13.835	0.0174	0.027	0.708	0.0136	0.002	0.022
13.840	0.0172	0.025	0.702	0.0136	0.002	0.020
13.845	0.0175	0.023	0.679	0.0126	0.003	0.024
13.850	0.0175	0.023	0.705	0.0132	0.004	0.029
13.855	0.0205	0.023	0.708	0.0159	0.004	0.031
13.860	0.0267	0.025	0.743	0.0193	0.002	0.031
13.865	0.0311	0.017	0.761	0.0155	0.002	0.030
13.870	0.0300	0.019	0.756	0.0151	0.002	0.030
13.875	0.0237	0.021	0.745	0.0183	0.002	0.031
13.880	0.0179	0.021	0.743	0.0133	0.001	0.030
13.885	0.0187	0.021	0.729	0.0128	0.001	0.030
13.890	0.0313	0.019	0.768	0.0180	0.001	0.031
13.895	0.0341	0.019	0.779	0.0112	0.001	0.029
13.900	0.0253	0.021	0.778	0.0107	0.001	0.027
13.905	0.0155	0.017	0.798	0.0088	0.001	0.027
13.910	0.0291	0.019	0.799	0.0096	0.001	0.025
13.915	0.0376	0.015	0.783	0.0118	0.001	0.025
13.920	0.0225	0.017	0.795	0.0074	0.000	0.025
13.925	0.0166	0.015	0.801	0.0076	0.000	0.025
13.930	0.0336	0.017	0.796	0.0078	0.000	0.022
13.935	0.0277	0.017	0.803	0.0126	0.000	0.022
13.940	0.0144	0.015	0.777	0.0134	0.000	0.022
13.945	0.0318	0.019	0.756	0.0174	0.000	0.022
13.950	0.0328	0.017	0.732	0.0272	0.000	0.024
13.955	0.0127	0.019	0.720	0.0236	0.000	0.025
13.960	0.0274	0.017	0.738	0.0232	0.000	0.028
13.965	0.0225	0.019	0.766	0.0190	0.000	0.029
13.970	0.0198	0.017	0.785	0.0177	0.000	0.035
13.975	0.0162	0.015	0.806	0.0137	0.000	0.035
13.980	0.0150	0.013	0.826	0.0165	0.000	0.037
13.985	0.0125	0.013	0.822	0.0169	0.000	0.040
13.990	0.0132	0.013	0.793	0.0115	0.000	0.048
13.995	0.0090	0.013	0.815	0.0104	0.000	0.051
14.000	0.0092	0.015	0.785	0.0170	0.000	0.053
14.005	0.0086	0.013	0.778	0.0265	0.000	0.059
14.010	0.0067	0.006	0.812	0.0277	0.000	0.058
14.015	0.0059	0.008	0.825	0.0146	0.000	0.064
14.020	0.0046	0.006	0.645	0.0331	0.000	0.103
14.025	0.0035	0.006	0.602	0.0406	0.001	0.136
14.030	0.0018	0.008	0.260	0.0363	0.004	0.214
14.035	0.0006	0.013	0.273	0.0208	0.007	0.249
14.040	0.0007	0.027	0.359	0.0318	0.018	0.333
14.045	0.0002	0.035	0.325	0.0194	0.015	0.333
14.050	0.0003	0.050	0.352	0.0366	0.018	0.309
14.055	0.0003	0.021	0.362	0.0231	0.021	0.333
14.060	0.0003	0.029	0.406	0.0200	0.020	0.327
14.065	0.0003	0.058	0.412	0.0285	0.017	0.328
14.070	0.0003	0.025	0.343	0.0502	0.015	0.313
14.075	0.0002	0.031	0.446	0.0134	0.014	0.334
14.080	0.0003	0.048	0.425	0.0275	0.017	0.344
14.085	0.0001	0.062	0.398	0.0162	0.043	0.401
14.090	0.0003	0.048	0.340	0.0096	0.057	0.428
14.095	0.0002	0.065	0.537	0.0118	0.111	0.506
14.100	0.0002	0.087	0.451	0.0146	0.069	0.490
14.105	0.0001	0.042	0.408	0.0231	0.074	0.491
14.110	0.0001	0.094	0.427	0.0106	0.073	0.497
14.115	0.0002	0.013	0.454	0.0569	0.056	0.490
14.120	0.0001	0.090	0.421	0.0098	0.101	0.536
14.125	0.0002	0.052	0.421	0.0098	0.101	0.536
14.130	0.0001	0.031	0.421	0.0098	0.101	0.536
14.135	0.0001	0.071	0.421	0.0098	0.101	0.536


