PULSAR AUTO -- SIGNAL+BOUNDARY DATA, BATCH 4 OF 5
This batch contains clips: 8, 12 (of 14 total clips, indices 0-13, split across 5 batches)
See accompanying prompt (llm_analysis_prompt.txt) for full task context and column definitions.
====================================================================================================

##### CLIP 8  (file=zencastr-en_6049f1bff79637001585bcfa-00000_32.wav, duration=25.468s, sr=44100) #####

trail_thresh=0.01114  speech_thresh=0.01595

--- GOLD TOKENS (idx, text, start_s, end_s) ---
0	yeah	0.0350	0.4194
1	as	1.2619	1.4430
2	per	1.4940	1.6800
3	an	1.6810	1.7411
4	old	1.7421	1.8934
5	harry	1.8944	2.2520
6	pearson	2.2540	2.6510
7	column	2.6530	2.8813
8	in	2.8823	2.9785
9	when	2.9795	3.1580
10	saturday	3.1643	3.5940
11	comes	3.6498	4.1187
12	we	7.7740	7.9069
13	had	7.9079	8.0503
14	a	8.0513	8.1340
15	plasterer	8.1940	8.9060
16	who	8.9500	9.2530
17	really	9.3460	9.6780
18	looked	9.6790	9.8100
19	like	9.8110	10.2017
20	willie	10.2027	10.5120
21	wiggum	10.5140	10.8620
22	and	11.2880	11.3605
23	i	11.3615	11.5200
24	never	11.5290	11.8260
25	plucked	11.8801	12.0932
26	up	12.0942	12.1870
27	the	12.1890	12.2860
28	courage	12.2880	12.8900
29	the	12.9230	12.9775
30	courage	12.9785	13.3289
31	to	13.3562	13.4532
32	say	13.4542	13.7270
33	and	13.7280	13.9539
34	before	14.1720	14.4830
35	i	14.4850	14.6150
36	did	14.6170	14.7980
37	manage	14.8000	15.1340
38	to	15.1360	15.1877
39	say	15.1887	15.3595
40	anything	15.3605	15.7500
41	to	15.8140	15.9450
42	him	15.9470	16.0610
43	he	16.3350	16.4540
44	was	16.4560	16.6640
45	taken	16.7810	17.0940
46	off	17.0950	17.2740
47	the	17.2760	17.3500
48	job	17.3520	17.5610
49	by	17.6630	17.8680
50	the	17.8930	18.0761
51	uh	18.0771	18.2540
52	the	18.4030	18.4760
53	gaffer	18.5670	19.0050
54	um	19.4720	20.0500
55	because	20.1560	20.4538
56	in	20.4548	20.5588
57	his	20.5598	20.7780
58	words	20.7800	21.0380
59	he'd	21.0860	21.2770
60	grown	21.3080	21.5260
61	too	21.5620	21.7667
62	fond	21.7677	22.1508
63	of	22.1518	22.4770
64	opening	22.5530	22.9570
65	cans	22.9910	23.3700
66	in	23.3720	23.5160
67	the	23.5180	23.5980
68	morning	23.5990	24.0130

--- RAW CTC (wav2vec2 forced-align, PRE-heuristic-refinement; idx, ctc_word_text, word_start_s, word_end_s, word_score, pipe_start_s, pipe_end_s) ---
0	yeah	0.0400	0.2801	5.592	0.3201	0.3601
1	as	1.3204	1.4004	8.691	1.4805	1.5005
2	per	1.5005	1.6205	7.365	1.6605	1.7005
3	an	1.7005	1.7405	8.873	1.7405	1.7806
4	old	1.8006	1.9206	11.438	1.9206	1.9606
5	harry	1.9606	2.2007	10.502	2.2407	2.2607
6	pearson	2.2607	2.6208	7.644	2.6408	2.6808
7	column	2.6808	2.9209	9.343	2.9209	2.9409
8	in	2.9409	2.9809	3.845	2.9809	3.0410
9	when	3.0410	3.1210	10.561	3.1610	3.2010
10	saturday	3.2010	3.5811	9.226	3.5811	3.6411
11	comes	3.6612	3.9612	9.697	3.9612	4.0013
12	we	7.7824	7.8425	11.330	7.8825	7.9225
13	had	7.9225	8.0425	10.942	8.0425	8.1025
14	a	8.1025	8.1226	10.894	8.1226	8.1626
15	plasterer	8.2026	8.7828	10.248	8.8428	8.9028
16	who	9.0028	9.1029	10.389	9.1829	9.2229
17	really	9.4230	9.6630	11.793	9.6630	9.7030
18	looked	9.7030	9.8631	9.155	9.8631	9.9031
19	like	9.9031	10.0632	11.665	10.0832	10.1232
20	willie	10.2632	10.4833	9.552	10.5033	10.5233
21	wiggum	10.5433	10.8034	8.765	10.8434	10.8834
22	and	11.3036	11.3636	9.451	11.3836	11.4236
23	i	11.4236	11.4436	9.820	11.4436	11.5636
24	never	11.6036	11.7837	11.155	11.7837	11.8437
25	plucked	11.8637	12.0838	8.440	12.0838	12.1038
26	up	12.1238	12.1638	9.263	12.1838	12.2238
27	the	12.2238	12.2839	10.174	12.2839	12.3239
28	courage	12.3239	12.6240	11.262	12.6640	12.7240
29	the	12.9241	12.9841	8.808	12.9841	13.0241
30	courage	13.0241	13.3042	11.155	13.3442	13.3842
31	to	13.3842	13.4642	9.388	13.4842	13.5042
32	say	13.5443	13.7043	10.559	13.7443	13.7643
33	and	13.7843	13.8644	9.627	13.8644	13.9044
34	before	14.1645	14.4645	12.061	14.4645	14.5246
35	i	14.5446	14.5646	11.030	14.5646	14.6246
36	did	14.6446	14.7646	11.956	14.7846	14.8847
37	manage	14.8847	15.1047	12.849	15.1248	15.1448
38	to	15.1448	15.2048	11.245	15.2048	15.2448
39	say	15.2648	15.3648	12.618	15.3648	15.4048
40	anything	15.4048	15.7249	11.453	15.7449	15.7850
41	to	15.8050	15.8850	10.520	15.9250	15.9650
42	him	15.9650	16.0450	11.965	16.0450	16.0851
43	he	16.3451	16.4052	10.089	16.4452	16.4652
44	was	16.4852	16.5852	12.736	16.6052	16.6652
45	taken	16.8053	17.0854	11.741	17.0854	17.1254
46	off	17.1254	17.2254	12.567	17.2454	17.2854
47	the	17.2854	17.3455	10.668	17.3455	17.3855
48	job	17.3855	17.5455	12.545	17.5855	17.6255
49	by	17.6656	17.7856	10.886	17.8256	17.8856
50	the	17.9056	17.9857	9.860	18.0057	18.0457
51	uh	18.1457	18.2057	0.459	18.2457	18.2857
52	the	18.4058	18.4658	9.522	18.4858	18.5258
53	gaffer	18.5658	18.9660	9.876	18.9860	19.0260
54	um	19.6262	19.7062	4.905	19.7662	19.8062
55	because	20.1663	20.4264	12.772	20.4464	20.4864
56	in	20.5064	20.5465	10.982	20.5465	20.5865
57	his	20.6065	20.7265	12.018	20.7465	20.7865
58	words	20.7865	21.0066	12.687	21.0266	21.0866
59	he'd	21.1066	21.2667	9.528	21.2867	21.3267
60	grown	21.3267	21.4868	12.472	21.5268	21.5668
61	too	21.5868	21.7468	12.077	21.7668	21.7868
62	fond	21.8269	22.0469	13.988	22.1069	22.1670
63	of	22.2870	22.3270	12.490	22.3670	22.4070
64	opening	22.6271	22.9472	11.581	22.9472	23.0072
65	cans	23.0272	23.3473	11.052	23.3673	23.4074
66	in	23.4274	23.4674	11.106	23.4874	23.5474
67	the	23.5474	23.6074	10.764	23.6074	23.6674
68	morning	23.6674	23.9875	12.154		

--- WHISPER (Groq) OUTPUT (word, start_s, end_s) [independent ASR pass, own word segmentation -- not index-aligned to gold/CTC] ---
Yeah,	0.000	1.260
as	1.260	1.500
per	1.500	1.640
an	1.640	1.780
old	1.780	1.940
Harry	1.940	2.200
Pearson	2.200	2.560
column	2.560	2.900
in	2.900	3.020
When	3.020	3.140
Saturday	3.140	3.540
Comes.	3.540	3.820
We	7.700	7.860
had	7.860	8.040
a	8.040	8.220
plasterer	8.220	8.820
who	8.820	9.160
really	9.160	9.660
looked	9.660	9.840
like	9.840	10.180
Willie	10.180	10.520
Wiggum,	10.520	10.820
and	11.280	11.380
I	11.380	11.520
never	11.520	11.780
plucked	11.780	12.100
up	12.100	12.200
the	12.200	12.300
courage	12.300	12.660
to	12.660	13.480
say,	13.480	14.180
and	13.320	13.900
before	13.900	14.420
I	14.420	14.620
did	14.620	14.780
manage	14.780	15.080
to	15.080	15.240
say	15.240	15.360
anything	15.360	15.620
to	15.620	15.920
him,	15.920	16.420
he	16.340	16.440
was	16.440	16.640
taken	16.640	17.040
off	17.040	17.240
the	17.240	17.360
job	17.360	17.580
by	17.580	17.860
the	17.860	18.580
gaffer,	18.580	18.960
because	19.680	20.380
in	20.380	20.580
his	20.580	20.760
words,	20.760	21.180
he'd	21.180	21.300
grown	21.300	21.480
too	21.480	21.720
fond	21.720	22.040
of	22.040	22.420
opening	22.420	22.880
cans	22.880	23.260
in	23.260	23.480
the	23.480	23.620
morning.	23.620	24.440
Which	24.360	24.640
I'm	24.640	25.180
out	25.180	25.260
of	25.260	25.300
touch.	25.300	25.440

--- SIGNAL TRACE (hop=5ms; time_s, rms, zcr, voicing, spectral_flux, hf_ratio, spectral_flatness) ---
0.000	0.0001	0.048	0.381	0.0000	0.072	0.383
0.005	0.0001	0.070	0.549	0.0204	0.035	0.356
0.010	0.0003	0.020	0.388	0.0225	0.027	0.339
0.015	0.0004	0.018	0.374	0.0243	0.078	0.276
0.020	0.0005	0.016	0.113	0.0463	0.067	0.200
0.025	0.0004	0.030	0.145	0.0892	0.007	0.162
0.030	0.0007	0.043	0.228	0.0541	0.001	0.080
0.035	0.0016	0.005	0.172	0.0492	0.000	0.046
0.040	0.0079	0.002	0.464	0.0386	0.000	0.035
0.045	0.0112	0.007	0.595	0.0415	0.000	0.031
0.050	0.0188	0.005	0.594	0.0389	0.000	0.031
0.055	0.0286	0.016	0.611	0.0211	0.000	0.029
0.060	0.0433	0.007	0.621	0.0251	0.000	0.028
0.065	0.0293	0.011	0.614	0.0227	0.000	0.029
0.070	0.0612	0.009	0.624	0.0175	0.000	0.029
0.075	0.0731	0.009	0.649	0.0249	0.000	0.027
0.080	0.0454	0.009	0.636	0.0275	0.000	0.031
0.085	0.0700	0.011	0.655	0.0123	0.000	0.033
0.090	0.0950	0.009	0.650	0.0103	0.000	0.031
0.095	0.0943	0.011	0.637	0.0128	0.000	0.031
0.100	0.0450	0.014	0.514	0.0272	0.000	0.035
0.105	0.0520	0.016	0.549	0.0149	0.001	0.037
0.110	0.0753	0.011	0.626	0.0142	0.001	0.038
0.115	0.0667	0.014	0.521	0.0200	0.001	0.037
0.120	0.0406	0.020	0.462	0.0367	0.001	0.039
0.125	0.0284	0.009	0.563	0.0296	0.000	0.034
0.130	0.0264	0.011	0.586	0.0218	0.000	0.032
0.135	0.0608	0.011	0.579	0.0227	0.000	0.034
0.140	0.0746	0.014	0.555	0.0253	0.000	0.031
0.145	0.0579	0.011	0.605	0.0343	0.000	0.033
0.150	0.0857	0.014	0.671	0.0234	0.000	0.032
0.155	0.0741	0.014	0.708	0.0244	0.000	0.032
0.160	0.1071	0.014	0.620	0.0198	0.000	0.034
0.165	0.1112	0.014	0.623	0.0240	0.000	0.035
0.170	0.0867	0.014	0.703	0.0171	0.000	0.037
0.175	0.0927	0.016	0.659	0.0254	0.000	0.040
0.180	0.0847	0.014	0.667	0.0203	0.000	0.037
0.185	0.0422	0.016	0.729	0.0208	0.000	0.041
0.190	0.0591	0.016	0.701	0.0136	0.000	0.044
0.195	0.0417	0.016	0.651	0.0145	0.001	0.046
0.200	0.0426	0.014	0.726	0.0231	0.000	0.044
0.205	0.0421	0.014	0.752	0.0145	0.000	0.040
0.210	0.0603	0.011	0.681	0.0223	0.000	0.042
0.215	0.0532	0.016	0.678	0.0226	0.000	0.042
0.220	0.0421	0.016	0.723	0.0203	0.000	0.042
0.224	0.0420	0.016	0.580	0.0173	0.000	0.044
0.229	0.0706	0.014	0.345	0.0260	0.000	0.044
0.234	0.0756	0.016	0.281	0.0218	0.001	0.053
0.239	0.0623	0.014	0.277	0.0285	0.003	0.062
0.244	0.0457	0.020	0.329	0.0236	0.004	0.071
0.249	0.0456	0.020	0.413	0.0214	0.005	0.083
0.254	0.0279	0.025	0.336	0.0135	0.007	0.099
0.259	0.0304	0.018	0.334	0.0218	0.007	0.108
0.264	0.0483	0.014	0.455	0.0148	0.007	0.104
0.269	0.0234	0.016	0.462	0.0200	0.009	0.122
0.274	0.0178	0.016	0.348	0.0185	0.010	0.122
0.279	0.0354	0.023	0.355	0.0279	0.010	0.151
0.284	0.0199	0.011	0.404	0.0293	0.008	0.144
0.289	0.0190	0.011	0.301	0.0179	0.013	0.149
0.294	0.0179	0.020	0.354	0.0178	0.024	0.156
0.299	0.0128	0.025	0.311	0.0199	0.025	0.147
0.304	0.0098	0.039	0.327	0.0164	0.030	0.136
0.309	0.0110	0.023	0.287	0.0246	0.031	0.135
0.314	0.0079	0.034	0.305	0.0186	0.018	0.118
0.319	0.0104	0.025	0.336	0.0197	0.022	0.125
0.324	0.0095	0.030	0.314	0.0147	0.017	0.137
0.329	0.0119	0.020	0.273	0.0176	0.028	0.146
0.334	0.0116	0.027	0.237	0.0257	0.041	0.160
0.339	0.0086	0.025	0.233	0.0260	0.047	0.179
0.344	0.0046	0.061	0.201	0.0206	0.032	0.177
0.349	0.0051	0.034	0.195	0.0195	0.044	0.202
0.354	0.0043	0.041	0.204	0.0175	0.058	0.200
0.359	0.0029	0.043	0.170	0.0171	0.102	0.227
0.364	0.0028	0.050	0.203	0.0181	0.071	0.233
0.369	0.0021	0.043	0.212	0.0179	0.049	0.207
0.374	0.0023	0.032	0.221	0.0157	0.049	0.214
0.379	0.0026	0.034	0.257	0.0210	0.076	0.218
0.384	0.0022	0.052	0.230	0.0215	0.053	0.211
0.389	0.0021	0.039	0.258	0.0217	0.051	0.196
0.394	0.0022	0.043	0.311	0.0239	0.037	0.178
0.399	0.0023	0.014	0.315	0.0176	0.026	0.168
0.404	0.0017	0.036	0.314	0.0222	0.031	0.185
0.409	0.0023	0.030	0.197	0.0200	0.022	0.160
0.414	0.0022	0.032	0.246	0.0256	0.019	0.188
0.419	0.0019	0.030	0.309	0.0207	0.012	0.182
0.424	0.0016	0.027	0.375	0.0169	0.015	0.174
0.429	0.0026	0.030	0.230	0.0283	0.012	0.180
0.434	0.0016	0.027	0.354	0.0230	0.011	0.184
0.439	0.0014	0.014	0.285	0.0213	0.020	0.211
0.444	0.0009	0.032	0.194	0.0328	0.013	0.200
0.449	0.0005	0.025	0.220	0.0212	0.009	0.215
0.454	0.0010	0.020	0.201	0.0346	0.009	0.237
0.459	0.0005	0.007	0.269	0.0212	0.011	0.256
0.464	0.0004	0.027	0.199	0.0199	0.011	0.264
0.469	0.0006	0.025	0.185	0.0297	0.016	0.313
0.474	0.0002	0.025	0.235	0.0199	0.013	0.312
0.479	0.0003	0.025	0.201	0.0104	0.018	0.371
0.484	0.0002	0.041	0.180	0.0173	0.028	0.426
0.489	0.0001	0.023	0.286	0.0185	0.038	0.464
0.494	0.0001	0.043	0.320	0.0144	0.049	0.483
0.499	0.0002	0.025	0.296	0.0264	0.068	0.526
0.504	0.0001	0.064	0.393	0.0159	0.055	0.525
0.509	0.0002	0.048	0.336	0.0113	0.098	0.576
0.514	0.0002	0.048	0.377	0.0201	0.089	0.549
0.519	0.0001	0.073	0.298	0.0154	0.083	0.546
0.524	0.0001	0.093	0.232	0.0102	0.102	0.557
0.529	0.0001	0.082	0.176	0.0323	0.130	0.595
0.534	0.0001	0.059	0.168	0.0175	0.125	0.580
0.539	0.0000	0.030	0.165	0.0146	0.104	0.570
0.544	0.0001	0.014	0.145	0.0147	0.114	0.603
0.549	0.0001	0.045	0.115	0.0118	0.146	0.618
0.554	0.0001	0.036	0.115	0.0199	0.164	0.619
0.559	0.0001	0.082	0.221	0.0173	0.135	0.583
0.564	0.0000	0.086	0.088	0.0138	0.139	0.577
0.569	0.0001	0.068	0.309	0.0185	0.121	0.615
0.574	0.0001	0.089	0.406	0.0178	0.092	0.595
0.579	0.0000	0.093	0.623	0.0251	0.040	0.517
0.584	0.0001	0.070	0.639	0.0213	0.026	0.490
0.589	0.0001	0.041	0.591	0.0133	0.035	0.480
0.594	0.0001	0.041	0.469	0.0128	0.046	0.513
0.599	0.0001	0.050	0.254	0.0120	0.078	0.564
0.604	0.0001	0.039	0.241	0.0172	0.110	0.569
0.609	0.0001	0.043	0.336	0.0236	0.104	0.579
0.614	0.0001	0.095	0.455	0.0226	0.070	0.571
0.619	0.0001	0.070	0.578	0.0111	0.052	0.539
0.624	0.0001	0.034	0.601	0.0130	0.044	0.511
0.629	0.0001	0.052	0.672	0.0123	0.032	0.484
0.634	0.0001	0.055	0.720	0.0113	0.033	0.499
0.639	0.0002	0.036	0.654	0.0093	0.083	0.565
0.644	0.0002	0.048	0.554	0.0119	0.176	0.571
0.649	0.0001	0.057	0.271	0.0233	0.362	0.559
0.654	0.0001	0.125	0.210	0.0135	0.148	0.464
0.659	0.0001	0.123	0.202	0.0075	0.156	0.466
0.663	0.0005	0.109	0.220	0.0134	0.196	0.520
0.668	0.0003	0.134	0.142	0.0112	0.120	0.481
0.673	0.0002	0.080	0.198	0.0104	0.156	0.506
0.678	0.0003	0.105	0.212	0.0152	0.182	0.549
0.683	0.0002	0.077	0.171	0.0126	0.153	0.548
0.688	0.0001	0.095	0.273	0.0134	0.250	0.609
0.693	0.0001	0.111	0.182	0.0175	0.260	0.603
0.698	0.0001	0.100	0.139	0.0101	0.351	0.671
0.703	0.0001	0.102	0.163	0.0117	0.417	0.673
0.708	0.0001	0.152	0.149	0.0105	0.507	0.694
0.713	0.0001	0.141	0.159	0.0108	0.499	0.678
0.718	0.0001	0.127	0.116	0.0124	0.355	0.659
0.723	0.0001	0.143	0.149	0.0101	0.409	0.662
0.728	0.0001	0.141	0.132	0.0100	0.507	0.691
0.733	0.0001	0.155	0.102	0.0123	0.545	0.688
0.738	0.0001	0.180	0.123	0.0107	0.429	0.681
0.743	0.0001	0.134	0.165	0.0150	0.291	0.656
0.748	0.0001	0.127	0.191	0.0210	0.128	0.615
0.753	0.0000	0.105	0.282	0.0121	0.086	0.580
0.758	0.0001	0.020	0.184	0.0327	0.095	0.546
0.763	0.0001	0.050	0.194	0.0181	0.080	0.543
0.768	0.0001	0.000	0.348	0.0210	0.052	0.527
0.773	0.0001	0.057	0.327	0.0359	0.049	0.512
0.778	0.0001	0.020	0.460	0.0126	0.088	0.542
0.783	0.0003	0.000	0.469	0.0222	0.186	0.552
0.788	0.0001	0.027	0.306	0.0164	0.203	0.542
0.793	0.0001	0.091	0.323	0.0141	0.142	0.546
0.798	0.0001	0.080	0.257	0.0212	0.157	0.556
0.803	0.0002	0.005	0.281	0.0180	0.095	0.531
0.808	0.0002	0.011	0.311	0.0196	0.065	0.494
0.813	0.0002	0.007	0.428	0.0157	0.055	0.474
0.818	0.0002	0.020	0.464	0.0290	0.057	0.528
0.823	0.0001	0.064	0.353	0.0193	0.058	0.530
0.828	0.0001	0.000	0.295	0.0445	0.054	0.534
0.833	0.0001	0.018	0.358	0.0178	0.040	0.533
0.838	0.0001	0.014	0.193	0.0268	0.031	0.506
0.843	0.0003	0.000	0.257	0.0234	0.045	0.491
0.848	0.0002	0.000	0.253	0.0442	0.011	0.329
0.853	0.0002	0.020	0.312	0.0406	0.002	0.203
0.858	0.0004	0.005	0.293	0.0316	0.001	0.141
0.863	0.0005	0.011	0.311	0.0439	0.001	0.134
0.868	0.0006	0.016	0.272	0.0515	0.000	0.118
0.873	0.0004	0.009	0.276	0.0355	0.000	0.126
0.878	0.0009	0.007	0.381	0.0335	0.000	0.114
0.883	0.0007	0.011	0.116	0.0380	0.000	0.111
0.888	0.0012	0.007	0.134	0.0496	0.001	0.149
0.893	0.0006	0.005	0.192	0.0294	0.001	0.086
0.898	0.0007	0.005	0.257	0.0169	0.000	0.062
0.903	0.0010	0.011	0.262	0.0245	0.002	0.096
0.908	0.0031	0.027	0.464	0.0369	0.004	0.115
0.913	0.0023	0.030	0.388	0.0258	0.001	0.065
0.918	0.0014	0.039	0.522	0.0163	0.001	0.055
0.923	0.0141	0.030	0.405	0.0286	0.001	0.052
0.928	0.0063	0.025	0.357	0.0287	0.001	0.055
0.933	0.0166	0.032	0.250	0.0215	0.002	0.055
0.938	0.0103	0.018	0.464	0.0175	0.003	0.059
0.943	0.0115	0.032	0.482	0.0287	0.002	0.060
0.948	0.0212	0.025	0.476	0.0293	0.001	0.065
0.953	0.0112	0.030	0.610	0.0193	0.004	0.072
0.958	0.0208	0.030	0.557	0.0230	0.001	0.062
0.963	0.0176	0.027	0.587	0.0187	0.001	0.087
0.968	0.0223	0.030	0.272	0.0467	0.007	0.099
0.973	0.0105	0.023	0.288	0.0292	0.020	0.096
0.978	0.0076	0.023	0.239	0.0229	0.014	0.092
0.983	0.0112	0.023	0.256	0.0351	0.002	0.089
0.988	0.0056	0.030	0.434	0.0246	0.002	0.081
0.993	0.0045	0.032	0.523	0.0296	0.003	0.099
0.998	0.0031	0.030	0.372	0.0311	0.001	0.097
1.003	0.0019	0.030	0.402	0.0207	0.001	0.099
1.008	0.0030	0.030	0.494	0.0390	0.001	0.108
1.013	0.0018	0.027	0.417	0.0236	0.001	0.102
1.018	0.0017	0.023	0.597	0.0180	0.001	0.109
1.023	0.0019	0.016	0.535	0.0202	0.001	0.122
1.028	0.0012	0.016	0.550	0.0245	0.001	0.132
1.033	0.0008	0.018	0.468	0.0220	0.001	0.131
1.038	0.0012	0.016	0.299	0.0338	0.001	0.129
1.043	0.0007	0.020	0.281	0.0436	0.006	0.091
1.048	0.0005	0.025	0.428	0.0134	0.004	0.058
1.053	0.0003	0.027	0.422	0.0160	0.003	0.062
1.058	0.0104	0.032	0.397	0.0318	0.002	0.102
1.063	0.0025	0.027	0.326	0.0379	0.002	0.095
1.068	0.0014	0.032	0.420	0.0170	0.004	0.178
1.073	0.0017	0.030	0.287	0.0296	0.007	0.220
1.078	0.0012	0.039	0.417	0.0239	0.002	0.153
1.083	0.0012	0.023	0.332	0.0249	0.003	0.167
1.088	0.0010	0.018	0.291	0.0268	0.002	0.158
1.093	0.0007	0.016	0.315	0.0261	0.002	0.147
1.098	0.0009	0.025	0.397	0.0386	0.002	0.117
1.102	0.0014	0.032	0.336	0.0179	0.004	0.111
1.107	0.0011	0.039	0.327	0.0263	0.011	0.110
1.112	0.0016	0.032	0.353	0.0200	0.015	0.116
1.117	0.0021	0.036	0.590	0.0262	0.009	0.131
1.122	0.0018	0.041	0.616	0.0130	0.009	0.139
1.127	0.0036	0.034	0.475	0.0157	0.036	0.185
1.132	0.0045	0.039	0.298	0.0172	0.064	0.197
1.137	0.0023	0.070	0.194	0.0119	0.066	0.212
1.142	0.0030	0.041	0.247	0.0212	0.088	0.234
1.147	0.0016	0.066	0.186	0.0192	0.065	0.189
1.152	0.0016	0.057	0.264	0.0217	0.051	0.184
1.157	0.0040	0.048	0.280	0.0234	0.034	0.181
1.162	0.0033	0.043	0.302	0.0210	0.031	0.186
1.167	0.0038	0.045	0.382	0.0130	0.038	0.190
1.172	0.0059	0.043	0.395	0.0168	0.028	0.188
1.177	0.0037	0.032	0.374	0.0173	0.035	0.172
1.182	0.0046	0.041	0.251	0.0175	0.049	0.172
1.187	0.0044	0.048	0.310	0.0309	0.027	0.171
1.192	0.0040	0.057	0.375	0.0230	0.013	0.156
1.197	0.0034	0.045	0.330	0.0182	0.018	0.165
1.202	0.0073	0.032	0.261	0.0154	0.024	0.165
1.207	0.0074	0.036	0.318	0.0195	0.012	0.142
1.212	0.0092	0.025	0.234	0.0210	0.006	0.111
1.217	0.0091	0.025	0.167	0.0241	0.003	0.085
1.222	0.0067	0.036	0.378	0.0154	0.003	0.108
1.227	0.0055	0.034	0.276	0.0311	0.007	0.164
1.232	0.0013	0.034	0.271	0.0221	0.015	0.165
1.237	0.0010	0.039	0.225	0.0185	0.025	0.196
1.242	0.0020	0.036	0.199	0.0248	0.023	0.228
1.247	0.0009	0.036	0.212	0.0171	0.017	0.245
1.252	0.0012	0.025	0.093	0.0182	0.031	0.282
1.257	0.0009	0.041	0.187	0.0205	0.012	0.144
1.262	0.0008	0.048	0.151	0.0321	0.007	0.115
1.267	0.0017	0.034	0.314	0.0242	0.002	0.078
1.272	0.0051	0.018	0.371	0.0249	0.002	0.073
1.277	0.0520	0.027	0.443	0.0244	0.001	0.063
1.282	0.0289	0.032	0.451	0.0207	0.001	0.069
1.287	0.0910	0.030	0.398	0.0174	0.002	0.066
1.292	0.1148	0.030	0.426	0.0199	0.003	0.063
1.297	0.1111	0.027	0.386	0.0199	0.005	0.062
1.302	0.1350	0.032	0.379	0.0282	0.004	0.062
1.307	0.0763	0.032	0.454	0.0189	0.001	0.056
1.312	0.1587	0.027	0.334	0.0222	0.001	0.052
1.317	0.2383	0.027	0.422	0.0346	0.001	0.059
1.322	0.1996	0.023	0.596	0.0178	0.002	0.071
1.327	0.2515	0.030	0.633	0.0253	0.001	0.074
1.332	0.2440	0.025	0.677	0.0169	0.001	0.071
1.337	0.2336	0.030	0.547	0.0299	0.001	0.072
1.342	0.3025	0.030	0.522	0.0197	0.003	0.076
1.347	0.2375	0.027	0.449	0.0191	0.006	0.108
1.352	0.1492	0.027	0.516	0.0261	0.006	0.115
1.357	0.1391	0.027	0.269	0.0287	0.013	0.161
1.362	0.0965	0.043	0.467	0.0199	0.083	0.240
1.367	0.0600	0.034	0.454	0.0107	0.201	0.287
1.372	0.0698	0.061	0.336	0.0105	0.353	0.325
1.377	0.0636	0.091	0.199	0.0132	0.588	0.343
1.382	0.0349	0.095	0.179	0.0105	0.673	0.382
1.387	0.0383	0.143	0.221	0.0101	0.514	0.428
1.392	0.0319	0.145	0.175	0.0118	0.549	0.433
1.397	0.0274	0.141	0.121	0.0105	0.694	0.445
1.402	0.0269	0.148	0.143	0.0130	0.770	0.444
1.407	0.0289	0.177	0.133	0.0113	0.818	0.452
1.412	0.0278	0.189	0.122	0.0116	0.866	0.474
1.417	0.0244	0.209	0.155	0.0114	0.911	0.465
1.422	0.0294	0.161	0.115	0.0096	0.910	0.513
1.427	0.0254	0.180	0.159	0.0123	0.776	0.508
1.432	0.0218	0.182	0.114	0.0144	0.676	0.460
1.437	0.0114	0.150	0.148	0.0115	0.649	0.466
1.442	0.0105	0.161	0.162	0.0152	0.504	0.428
1.447	0.0040	0.152	0.227	0.0134	0.413	0.395
1.452	0.0033	0.105	0.186	0.0137	0.469	0.370
1.457	0.0024	0.107	0.173	0.0115	0.483	0.354
1.462	0.0028	0.093	0.173	0.0119	0.531	0.391
1.467	0.0022	0.111	0.204	0.0179	0.442	0.415
1.472	0.0014	0.123	0.191	0.0162	0.352	0.376
1.477	0.0013	0.102	0.290	0.0158	0.286	0.312
1.482	0.0014	0.086	0.394	0.0169	0.233	0.314
1.487	0.0014	0.055	0.375	0.0165	0.270	0.370
1.492	0.0011	0.055	0.522	0.0166	0.165	0.340
1.497	0.0014	0.043	0.446	0.0116	0.067	0.303
1.502	0.0120	0.052	0.401	0.0141	0.070	0.329
1.507	0.0124	0.091	0.211	0.0198	0.042	0.261
1.512	0.0103	0.045	0.262	0.0197	0.044	0.213
1.517	0.0082	0.043	0.149	0.0362	0.023	0.170
1.522	0.0111	0.041	0.283	0.0252	0.014	0.145
1.527	0.0125	0.034	0.462	0.0246	0.017	0.155
1.532	0.0386	0.027	0.506	0.0186	0.013	0.149
1.537	0.0735	0.023	0.540	0.0217	0.011	0.116
1.541	0.0874	0.009	0.537	0.0231	0.009	0.103
1.546	0.0789	0.016	0.625	0.0163	0.004	0.087
1.551	0.0714	0.020	0.430	0.0169	0.003	0.070
1.556	0.1304	0.020	0.454	0.0139	0.004	0.068
1.561	0.2200	0.030	0.551	0.0230	0.003	0.062
1.566	0.2093	0.025	0.603	0.0193	0.001	0.054
1.571	0.1236	0.018	0.631	0.0223	0.001	0.054
1.576	0.1778	0.023	0.651	0.0112	0.001	0.048
1.581	0.2628	0.034	0.618	0.0163	0.001	0.047
1.586	0.2780	0.025	0.632	0.0080	0.001	0.055
1.591	0.1474	0.027	0.570	0.0210	0.001	0.057
1.596	0.2016	0.034	0.604	0.0114	0.001	0.051
1.601	0.2313	0.032	0.651	0.0087	0.001	0.050
1.606	0.2661	0.032	0.659	0.0080	0.000	0.045
1.611	0.1920	0.032	0.611	0.0158	0.000	0.045
1.616	0.2159	0.030	0.615	0.0104	0.000	0.042
1.621	0.2710	0.030	0.617	0.0088	0.000	0.041
1.626	0.2590	0.030	0.632	0.0122	0.000	0.043
1.631	0.1507	0.032	0.594	0.0174	0.000	0.042
1.636	0.1864	0.025	0.635	0.0147	0.000	0.036
1.641	0.2171	0.027	0.644	0.0125	0.000	0.034
1.646	0.2678	0.027	0.633	0.0157	0.000	0.030
1.651	0.1871	0.025	0.631	0.0141	0.000	0.030
1.656	0.1898	0.023	0.625	0.0183	0.000	0.030
1.661	0.2227	0.027	0.618	0.0177	0.000	0.032
1.666	0.1890	0.020	0.552	0.0187	0.000	0.040
1.671	0.1234	0.018	0.576	0.0290	0.000	0.036
1.676	0.1071	0.027	0.555	0.0134	0.000	0.038
1.681	0.2091	0.025	0.589	0.0198	0.000	0.039
1.686	0.1008	0.020	0.643	0.0170	0.000	0.041
1.691	0.1216	0.025	0.600	0.0175	0.000	0.041
1.696	0.2342	0.032	0.638	0.0118	0.000	0.041
1.701	0.1407	0.023	0.573	0.0176	0.000	0.043
1.706	0.1062	0.018	0.532	0.0191	0.000	0.044
1.711	0.0976	0.030	0.546	0.0230	0.000	0.046
1.716	0.1554	0.023	0.573	0.0202	0.000	0.039
1.721	0.0684	0.016	0.530	0.0275	0.000	0.039
1.726	0.0527	0.020	0.403	0.0209	0.000	0.046
1.731	0.1686	0.032	0.504	0.0266	0.000	0.047
1.736	0.1676	0.025	0.499	0.0199	0.000	0.053
1.741	0.1367	0.023	0.563	0.0232	0.000	0.053
1.746	0.1329	0.027	0.596	0.0235	0.000	0.049
1.751	0.2415	0.030	0.579	0.0129	0.000	0.053
1.756	0.3131	0.027	0.533	0.0187	0.001	0.054
1.761	0.1970	0.018	0.567	0.0277	0.001	0.049
1.766	0.1453	0.025	0.575	0.0112	0.002	0.056
1.771	0.2220	0.020	0.610	0.0218	0.002	0.055
1.776	0.2076	0.023	0.620	0.0135	0.002	0.054
1.781	0.2714	0.018	0.615	0.0191	0.002	0.056
1.786	0.2431	0.016	0.643	0.0188	0.003	0.054
1.791	0.0713	0.018	0.608	0.0114	0.005	0.051
1.796	0.1537	0.025	0.599	0.0148	0.003	0.046
1.801	0.1428	0.011	0.662	0.0138	0.003	0.042
1.806	0.1418	0.011	0.630	0.0156	0.005	0.041
1.811	0.1904	0.023	0.696	0.0198	0.006	0.042
1.816	0.2181	0.014	0.732	0.0134	0.005	0.041
1.821	0.2227	0.014	0.689	0.0136	0.004	0.042
1.826	0.1525	0.011	0.685	0.0122	0.002	0.036
1.831	0.0736	0.020	0.656	0.0147	0.003	0.036
1.836	0.1340	0.014	0.684	0.0143	0.001	0.035
1.841	0.1364	0.011	0.686	0.0180	0.001	0.044
1.846	0.1200	0.009	0.680	0.0118	0.002	0.039
1.851	0.1524	0.007	0.667	0.0152	0.001	0.031
1.856	0.1540	0.009	0.680	0.0190	0.001	0.029
1.861	0.1409	0.009	0.680	0.0250	0.001	0.030
1.866	0.1307	0.007	0.649	0.0233	0.002	0.038
1.871	0.1436	0.007	0.562	0.0173	0.004	0.048
1.876	0.1057	0.007	0.442	0.0275	0.003	0.070
1.881	0.0481	0.009	0.418	0.0157	0.007	0.102
1.886	0.0693	0.020	0.363	0.0157	0.021	0.150
1.891	0.0494	0.027	0.385	0.0183	0.051	0.173
1.896	0.0376	0.034	0.334	0.0178	0.070	0.257
1.901	0.0315	0.043	0.288	0.0148	0.096	0.304
1.906	0.0217	0.059	0.220	0.0193	0.150	0.331
1.911	0.0296	0.068	0.201	0.0196	0.111	0.321
1.916	0.0164	0.089	0.236	0.0188	0.202	0.307
1.921	0.0293	0.057	0.253	0.0172	0.332	0.284
1.926	0.0143	0.098	0.378	0.0193	0.184	0.234
1.931	0.0336	0.077	0.407	0.0231	0.084	0.222
1.936	0.0329	0.052	0.479	0.0218	0.043	0.208
1.941	0.0328	0.034	0.557	0.0220	0.044	0.203
1.946	0.0359	0.043	0.472	0.0179	0.026	0.197
1.951	0.0523	0.036	0.380	0.0182	0.036	0.216
1.956	0.0399	0.050	0.187	0.0177	0.023	0.197
1.961	0.0381	0.043	0.284	0.0166	0.028	0.205
1.966	0.0697	0.048	0.197	0.0167	0.055	0.237
1.971	0.0593	0.045	0.323	0.0296	0.040	0.222
1.976	0.0386	0.050	0.320	0.0189	0.019	0.180
1.980	0.0366	0.039	0.269	0.0194	0.025	0.203
1.985	0.0599	0.030	0.225	0.0323	0.027	0.220
1.990	0.0364	0.050	0.229	0.0224	0.014	0.188
1.995	0.0402	0.057	0.205	0.0205	0.010	0.175
2.000	0.0559	0.036	0.320	0.0239	0.012	0.189
2.005	0.0510	0.039	0.489	0.0275	0.005	0.145
2.010	0.0604	0.030	0.494	0.0219	0.003	0.123
2.015	0.0794	0.023	0.506	0.0214	0.001	0.076
2.020	0.0680	0.018	0.511	0.0308	0.001	0.058
2.025	0.0829	0.025	0.630	0.0203	0.001	0.063
2.030	0.2552	0.027	0.646	0.0131	0.001	0.067
2.035	0.3706	0.027	0.690	0.0114	0.001	0.058
2.040	0.4290	0.030	0.656	0.0184	0.001	0.054
2.045	0.2921	0.027	0.657	0.0177	0.001	0.047
2.050	0.2348	0.027	0.657	0.0108	0.001	0.039
2.055	0.1498	0.025	0.682	0.0103	0.001	0.032
2.060	0.1634	0.023	0.681	0.0067	0.000	0.031
2.065	0.2011	0.027	0.670	0.0077	0.000	0.029
2.070	0.2388	0.025	0.661	0.0148	0.000	0.027
2.075	0.2402	0.025	0.694	0.0106	0.000	0.025
2.080	0.2591	0.023	0.669	0.0085	0.000	0.027
2.085	0.1383	0.023	0.674	0.0137	0.000	0.029
2.090	0.1192	0.020	0.671	0.0124	0.000	0.030
2.095	0.1284	0.020	0.684	0.0098	0.000	0.029
2.100	0.1122	0.014	0.669	0.0118	0.000	0.031
2.105	0.1062	0.016	0.661	0.0146	0.000	0.035
2.110	0.1283	0.016	0.680	0.0109	0.000	0.036
2.115	0.1185	0.014	0.685	0.0120	0.000	0.036
2.120	0.1465	0.016	0.679	0.0175	0.000	0.039
2.125	0.1443	0.009	0.698	0.0138	0.000	0.042
2.130	0.1565	0.007	0.686	0.0110	0.000	0.041
2.135	0.1273	0.009	0.691	0.0104	0.000	0.043
2.140	0.1374	0.007	0.685	0.0155	0.000	0.043
2.145	0.1323	0.007	0.688	0.0138	0.000	0.044
2.150	0.1464	0.009	0.708	0.0083	0.000	0.048
2.155	0.1961	0.007	0.699	0.0108	0.000	0.049
2.160	0.1924	0.009	0.688	0.0138	0.001	0.059
2.165	0.1829	0.007	0.636	0.0148	0.002	0.071
2.170	0.1404	0.007	0.567	0.0201	0.002	0.074
2.175	0.0962	0.007	0.520	0.0278	0.001	0.084
2.180	0.0906	0.018	0.551	0.0190	0.001	0.097
2.185	0.0904	0.009	0.530	0.0219	0.002	0.116
2.190	0.0382	0.007	0.366	0.0179	0.005	0.176
2.195	0.0565	0.005	0.194	0.0234	0.043	0.309
2.200	0.0292	0.034	0.329	0.0262	0.046	0.326
2.205	0.0219	0.030	0.561	0.0310	0.008	0.205
2.210	0.0163	0.025	0.546	0.0222	0.005	0.169
2.215	0.0166	0.007	0.564	0.0144	0.002	0.133
2.220	0.0161	0.018	0.589	0.0135	0.002	0.121
2.225	0.0126	0.005	0.462	0.0176	0.003	0.143
2.230	0.0070	0.016	0.483	0.0242	0.003	0.158
2.235	0.0029	0.023	0.515	0.0299	0.001	0.142
2.240	0.0027	0.005	0.579	0.0115	0.001	0.121
2.245	0.0061	0.011	0.469	0.0196	0.003	0.155
2.250	0.0049	0.005	0.423	0.0166	0.008	0.166
2.255	0.0045	0.016	0.342	0.0181	0.032	0.272
2.260	0.0032	0.007	0.350	0.0135	0.077	0.338
2.265	0.0030	0.039	0.319	0.0167	0.056	0.328
2.270	0.0042	0.045	0.217	0.0217	0.056	0.299
2.275	0.0046	0.030	0.217	0.0144	0.099	0.276
2.280	0.0060	0.039	0.155	0.0169	0.161	0.293
2.285	0.0070	0.070	0.128	0.0259	0.067	0.205
2.290	0.0063	0.077	0.250	0.0450	0.021	0.149
2.295	0.0083	0.057	0.451	0.0379	0.004	0.104
2.300	0.0211	0.009	0.548	0.0272	0.002	0.095
2.305	0.0569	0.018	0.473	0.0252	0.001	0.086
2.310	0.0753	0.007	0.532	0.0175	0.001	0.085
2.315	0.0875	0.007	0.555	0.0162	0.004	0.092
2.320	0.0596	0.007	0.574	0.0200	0.003	0.079
2.325	0.1003	0.011	0.600	0.0209	0.001	0.060
2.330	0.0738	0.020	0.584	0.0295	0.001	0.053
2.335	0.1029	0.009	0.621	0.0198	0.001	0.052
2.340	0.1479	0.018	0.646	0.0121	0.001	0.053
2.345	0.1155	0.014	0.648	0.0296	0.002	0.050
2.350	0.1194	0.009	0.599	0.0237	0.002	0.052
2.355	0.1396	0.011	0.655	0.0168	0.002	0.049
2.360	0.1555	0.007	0.679	0.0158	0.002	0.046
2.365	0.0981	0.011	0.712	0.0155	0.002	0.042
2.370	0.1585	0.009	0.768	0.0174	0.001	0.042
2.375	0.2008	0.009	0.779	0.0136	0.000	0.043
2.380	0.1305	0.009	0.797	0.0132	0.001	0.045
2.385	0.2003	0.009	0.809	0.0131	0.001	0.046
2.390	0.2391	0.009	0.788	0.0128	0.000	0.046
2.395	0.1587	0.009	0.794	0.0087	0.000	0.044
2.400	0.2231	0.009	0.784	0.0077	0.001	0.052
2.405	0.2372	0.014	0.768	0.0089	0.001	0.062
2.410	0.1504	0.009	0.771	0.0170	0.002	0.059
2.415	0.1842	0.009	0.764	0.0137	0.002	0.055
2.420	0.1993	0.009	0.749	0.0137	0.002	0.062
2.424	0.1245	0.007	0.765	0.0225	0.002	0.072
2.429	0.1372	0.011	0.693	0.0252	0.002	0.074
2.434	0.1367	0.007	0.568	0.0280	0.006	0.096
2.439	0.0922	0.009	0.389	0.0213	0.008	0.101
2.444	0.0539	0.014	0.333	0.0266	0.014	0.131
2.449	0.0342	0.005	0.389	0.0216	0.015	0.147
2.454	0.0266	0.018	0.351	0.0179	0.017	0.173
2.459	0.0175	0.016	0.237	0.0170	0.058	0.216
2.464	0.0206	0.030	0.152	0.0137	0.312	0.303
2.469	0.0122	0.089	0.154	0.0129	0.411	0.337
2.474	0.0116	0.100	0.202	0.0113	0.490	0.342
2.479	0.0112	0.089	0.189	0.0115	0.516	0.375
2.484	0.0198	0.118	0.180	0.0137	0.715	0.396
2.489	0.0172	0.123	0.185	0.0137	0.803	0.413
2.494	0.0214	0.132	0.201	0.0107	0.856	0.393
2.499	0.0234	0.143	0.195	0.0126	0.820	0.422
2.504	0.0212	0.155	0.190	0.0123	0.825	0.420
2.509	0.0197	0.141	0.209	0.0142	0.782	0.405
2.514	0.0203	0.155	0.211	0.0136	0.807	0.374
2.519	0.0230	0.123	0.183	0.0146	0.839	0.389
2.524	0.0205	0.143	0.152	0.0121	0.674	0.389
2.529	0.0182	0.111	0.126	0.0139	0.650	0.394
2.534	0.0151	0.118	0.159	0.0153	0.540	0.385
2.539	0.0101	0.116	0.259	0.0140	0.436	0.372
2.544	0.0104	0.093	0.128	0.0155	0.422	0.357
2.549	0.0092	0.105	0.154	0.0407	0.140	0.285
2.554	0.0073	0.109	0.416	0.0239	0.028	0.196
2.559	0.0123	0.023	0.505	0.0245	0.013	0.168
2.564	0.0107	0.007	0.456	0.0442	0.009	0.132
2.569	0.0416	0.007	0.457	0.0257	0.005	0.115
2.574	0.0245	0.009	0.574	0.0345	0.001	0.086
2.579	0.0053	0.025	0.483	0.0343	0.001	0.078
2.584	0.0393	0.005	0.626	0.0176	0.000	0.059
2.589	0.0213	0.005	0.532	0.0148	0.000	0.056
2.594	0.0217	0.007	0.509	0.0222	0.000	0.054
2.599	0.0371	0.005	0.612	0.0274	0.000	0.054
2.604	0.0057	0.007	0.501	0.0108	0.000	0.055
2.609	0.0373	0.007	0.602	0.0501	0.000	0.051
2.614	0.0184	0.005	0.443	0.0135	0.001	0.072
2.619	0.0206	0.000	0.446	0.0334	0.001	0.078
2.624	0.0184	0.009	0.368	0.0384	0.001	0.126
2.629	0.0134	0.005	0.312	0.0373	0.001	0.118
2.634	0.0134	0.011	0.304	0.0245	0.005	0.185
2.639	0.0047	0.005	0.364	0.0379	0.004	0.179
2.644	0.0028	0.025	0.433	0.0245	0.003	0.184
2.649	0.0058	0.007	0.448	0.0209	0.003	0.172
2.654	0.0063	0.007	0.201	0.0273	0.005	0.171
2.659	0.0025	0.007	0.185	0.0303	0.038	0.223
2.664	0.0052	0.011	0.163	0.0143	0.046	0.222
2.669	0.0019	0.041	0.221	0.0183	0.071	0.240
2.674	0.0210	0.043	0.276	0.0341	0.035	0.237
2.679	0.0111	0.055	0.428	0.0186	0.017	0.220
2.684	0.0112	0.032	0.310	0.0175	0.053	0.262
2.689	0.0088	0.025	0.186	0.0228	0.065	0.242
2.694	0.0043	0.048	0.151	0.0152	0.062	0.231
2.699	0.0070	0.066	0.145	0.0180	0.105	0.251
2.704	0.0072	0.064	0.140	0.0219	0.065	0.214
2.709	0.0063	0.050	0.249	0.0274	0.033	0.174
2.714	0.0041	0.064	0.341	0.0250	0.016	0.118
2.719	0.0144	0.023	0.360	0.0280	0.010	0.091
2.724	0.0175	0.020	0.458	0.0190	0.009	0.066
2.729	0.0192	0.005	0.340	0.0279	0.004	0.055
2.734	0.0277	0.025	0.426	0.0236	0.002	0.044
2.739	0.0953	0.018	0.490	0.0314	0.001	0.036
2.744	0.0212	0.016	0.439	0.0218	0.001	0.038
2.749	0.0969	0.030	0.536	0.0275	0.000	0.035
2.754	0.0452	0.007	0.510	0.0365	0.001	0.035
2.759	0.0480	0.011	0.512	0.0187	0.001	0.033
2.764	0.0837	0.011	0.601	0.0254	0.001	0.033
2.769	0.0305	0.011	0.561	0.0242	0.001	0.037
2.774	0.0835	0.011	0.560	0.0221	0.000	0.038
2.779	0.0624	0.011	0.547	0.0171	0.000	0.035
2.784	0.0711	0.011	0.566	0.0297	0.001	0.032
2.789	0.0829	0.009	0.596	0.0132	0.001	0.033
2.794	0.0444	0.011	0.555	0.0178	0.000	0.034
2.799	0.0639	0.011	0.587	0.0241	0.000	0.032
2.804	0.0596	0.011	0.572	0.0082	0.000	0.033
2.809	0.0602	0.011	0.594	0.0191	0.000	0.034
2.814	0.0549	0.011	0.587	0.0257	0.000	0.034
2.819	0.0373	0.011	0.530	0.0275	0.000	0.043
2.824	0.0626	0.011	0.576	0.0133	0.001	0.041
2.829	0.0467	0.009	0.459	0.0241	0.001	0.035
2.834	0.0510	0.014	0.467	0.0209	0.001	0.034
2.839	0.0591	0.014	0.509	0.0283	0.001	0.033
2.844	0.0316	0.025	0.508	0.0193	0.001	0.034
2.849	0.0748	0.018	0.560	0.0207	0.001	0.035
2.854	0.0512	0.023	0.558	0.0208	0.000	0.029
2.859	0.0561	0.025	0.541	0.0296	0.000	0.027
2.863	0.0618	0.023	0.495	0.0205	0.000	0.030
2.868	0.0546	0.025	0.472	0.0269	0.000	0.033
2.873	0.0391	0.014	0.383	0.0423	0.001	0.038
2.878	0.0233	0.025	0.476	0.0227	0.001	0.035
2.883	0.0255	0.005	0.595	0.0232	0.001	0.032
2.888	0.0171	0.016	0.488	0.0239	0.001	0.031
2.893	0.0436	0.011	0.501	0.0259	0.001	0.031
2.898	0.0154	0.005	0.450	0.0239	0.000	0.030
2.903	0.0144	0.009	0.465	0.0174	0.000	0.032
2.908	0.0531	0.018	0.592	0.0209	0.000	0.031
2.913	0.0200	0.016	0.535	0.0250	0.000	0.027
2.918	0.0204	0.030	0.605	0.0194	0.000	0.025
2.923	0.0323	0.018	0.576	0.0170	0.000	0.022
2.928	0.0268	0.030	0.510	0.0160	0.000	0.024
2.933	0.0477	0.018	0.569	0.0158	0.000	0.025
2.938	0.0323	0.016	0.529	0.0204	0.000	0.025
2.943	0.0230	0.011	0.495	0.0196	0.000	0.024
2.948	0.0499	0.016	0.556	0.0209	0.000	0.023
2.953	0.0230	0.016	0.458	0.0211	0.000	0.025
2.958	0.0356	0.030	0.520	0.0256	0.000	0.025
2.963	0.0292	0.014	0.537	0.0269	0.000	0.024
2.968	0.0234	0.014	0.417	0.0217	0.000	0.024
2.973	0.0472	0.018	0.530	0.0260	0.001	0.027
2.978	0.0188	0.011	0.509	0.0215	0.001	0.029
2.983	0.0263	0.011	0.583	0.0231	0.001	0.027
2.988	0.0262	0.009	0.547	0.0147	0.001	0.028
2.993	0.0222	0.005	0.534	0.0190	0.001	0.028
2.998	0.0407	0.011	0.630	0.0192	0.000	0.024
3.003	0.0089	0.005	0.534	0.0119	0.000	0.030
3.008	0.0199	0.011	0.629	0.0105	0.000	0.031
3.013	0.0218	0.005	0.619	0.0242	0.000	0.030
3.018	0.0149	0.007	0.465	0.0123	0.000	0.032
3.023	0.0354	0.011	0.360	0.0366	0.000	0.034
3.028	0.0182	0.018	0.351	0.0382	0.000	0.028
3.033	0.0087	0.014	0.269	0.0414	0.000	0.025
3.038	0.0523	0.011	0.399	0.0366	0.000	0.025
3.043	0.0313	0.011	0.498	0.0355	0.000	0.030
3.048	0.0745	0.027	0.471	0.0243	0.000	0.027
3.053	0.0800	0.030	0.309	0.0230	0.000	0.031
3.058	0.0883	0.032	0.305	0.0255	0.000	0.037
3.063	0.0575	0.016	0.478	0.0252	0.000	0.039
3.068	0.0392	0.030	0.376	0.0252	0.000	0.039
3.073	0.0524	0.020	0.454	0.0200	0.000	0.043
3.078	0.0559	0.011	0.489	0.0235	0.000	0.039
3.083	0.0276	0.014	0.373	0.0229	0.000	0.045
3.088	0.0287	0.020	0.416	0.0334	0.001	0.049
3.093	0.0172	0.014	0.449	0.0471	0.001	0.046
3.098	0.0122	0.018	0.494	0.0306	0.001	0.039
3.103	0.0329	0.007	0.611	0.0306	0.001	0.039
3.108	0.0092	0.014	0.505	0.0225	0.001	0.047
3.113	0.0288	0.009	0.564	0.0229	0.001	0.046
3.118	0.0215	0.007	0.511	0.0260	0.001	0.043
3.123	0.0187	0.014	0.526	0.0363	0.001	0.041
3.128	0.0355	0.005	0.534	0.0308	0.001	0.043
3.133	0.0048	0.011	0.415	0.0353	0.001	0.050
3.138	0.0161	0.007	0.480	0.0332	0.000	0.042
3.143	0.0046	0.009	0.324	0.0189	0.001	0.054
3.148	0.0199	0.014	0.279	0.0298	0.001	0.064
3.153	0.0073	0.005	0.198	0.0191	0.014	0.146
3.158	0.0070	0.007	0.244	0.0124	0.059	0.210
3.163	0.0058	0.036	0.196	0.0149	0.124	0.283
3.168	0.0071	0.030	0.265	0.0140	0.243	0.317
3.173	0.0069	0.041	0.223	0.0159	0.571	0.347
3.178	0.0055	0.068	0.204	0.0130	0.706	0.355
3.183	0.0065	0.109	0.125	0.0140	0.678	0.360
3.188	0.0044	0.152	0.115	0.0097	0.687	0.380
3.193	0.0075	0.125	0.126	0.0149	0.870	0.393
3.198	0.0142	0.159	0.112	0.0136	0.926	0.394
3.203	0.0111	0.166	0.137	0.0119	0.905	0.381
3.208	0.0099	0.159	0.165	0.0148	0.878	0.352
3.213	0.0087	0.150	0.239	0.0163	0.652	0.332
3.218	0.0078	0.143	0.200	0.0229	0.386	0.282
3.223	0.0070	0.084	0.177	0.0415	0.046	0.155
3.228	0.0052	0.057	0.188	0.0264	0.009	0.102
3.233	0.0115	0.027	0.397	0.0257	0.004	0.073
3.238	0.0240	0.014	0.335	0.0313	0.002	0.053
3.243	0.0156	0.016	0.361	0.0239	0.001	0.049
3.248	0.0446	0.025	0.283	0.0326	0.001	0.044
3.253	0.0358	0.018	0.348	0.0311	0.001	0.047
3.258	0.0314	0.014	0.227	0.0303	0.001	0.051
3.263	0.0482	0.018	0.278	0.0313	0.004	0.060
3.268	0.0182	0.023	0.270	0.0219	0.004	0.062
3.273	0.0255	0.025	0.373	0.0188	0.004	0.068
3.278	0.0135	0.018	0.283	0.0182	0.005	0.079
3.283	0.0105	0.020	0.284	0.0288	0.005	0.089
3.288	0.0071	0.032	0.174	0.0330	0.004	0.090
3.293	0.0095	0.023	0.186	0.0195	0.007	0.121
3.298	0.0069	0.018	0.264	0.0231	0.015	0.156
3.302	0.0038	0.027	0.338	0.0155	0.028	0.214
3.307	0.0040	0.032	0.426	0.0163	0.023	0.225
3.312	0.0045	0.020	0.290	0.0261	0.009	0.178
3.317	0.0050	0.018	0.328	0.0219	0.004	0.149
3.322	0.0019	0.027	0.331	0.0238	0.003	0.160
3.327	0.0025	0.014	0.437	0.0268	0.002	0.138
3.332	0.0015	0.011	0.444	0.0397	0.001	0.122
3.337	0.0020	0.014	0.262	0.0229	0.008	0.158
3.342	0.0022	0.018	0.378	0.0130	0.109	0.268
3.347	0.0010	0.023	0.362	0.0148	0.108	0.294
3.352	0.0042	0.043	0.351	0.0113	0.185	0.290
3.357	0.0051	0.068	0.286	0.0139	0.426	0.330
3.362	0.0057	0.077	0.164	0.0150	0.811	0.348
3.367	0.0047	0.145	0.149	0.0117	0.895	0.330
3.372	0.0037	0.148	0.209	0.0136	0.894	0.328
3.377	0.0070	0.130	0.204	0.0159	0.880	0.305
3.382	0.0052	0.136	0.227	0.0110	0.848	0.323
3.387	0.0055	0.132	0.201	0.0144	0.778	0.322
3.392	0.0038	0.125	0.166	0.0389	0.254	0.260
3.397	0.0027	0.130	0.312	0.0395	0.055	0.203
3.402	0.0037	0.073	0.367	0.0313	0.013	0.145
3.407	0.0061	0.018	0.452	0.0221	0.013	0.131
3.412	0.0198	0.011	0.541	0.0238	0.012	0.114
3.417	0.0120	0.016	0.498	0.0235	0.008	0.120
3.422	0.0100	0.014	0.367	0.0373	0.009	0.132
3.427	0.0155	0.023	0.427	0.0326	0.007	0.117
3.432	0.0088	0.018	0.445	0.0183	0.003	0.111
3.437	0.0091	0.011	0.522	0.0306	0.002	0.106
3.442	0.0060	0.009	0.573	0.0267	0.002	0.099
3.447	0.0031	0.025	0.480	0.0201	0.003	0.105
3.452	0.0095	0.002	0.551	0.0199	0.027	0.142
3.457	0.0030	0.011	0.476	0.0254	0.048	0.148
3.462	0.0030	0.034	0.359	0.0166	0.075	0.155
3.467	0.0072	0.027	0.360	0.0294	0.040	0.129
3.472	0.0037	0.034	0.515	0.0448	0.002	0.066
3.477	0.0115	0.007	0.507	0.0205	0.002	0.054
3.482	0.0152	0.007	0.525	0.0358	0.004	0.044
3.487	0.0222	0.014	0.520	0.0157	0.004	0.046
3.492	0.0455	0.009	0.399	0.0456	0.006	0.050
3.497	0.0412	0.011	0.456	0.0279	0.006	0.042
3.502	0.0297	0.011	0.494	0.0212	0.006	0.043
3.507	0.0264	0.016	0.565	0.0248	0.003	0.040
3.512	0.0317	0.016	0.565	0.0274	0.003	0.045
3.517	0.0445	0.009	0.594	0.0330	0.002	0.041
3.522	0.0287	0.016	0.529	0.0229	0.001	0.042
3.527	0.0301	0.016	0.586	0.0237	0.001	0.045
3.532	0.0309	0.011	0.584	0.0129	0.002	0.044
3.537	0.0357	0.011	0.572	0.0164	0.002	0.043
3.542	0.0399	0.009	0.571	0.0267	0.002	0.039
3.547	0.0218	0.016	0.522	0.0247	0.001	0.036
3.552	0.0242	0.014	0.518	0.0151	0.003	0.040
3.557	0.0286	0.014	0.501	0.0173	0.005	0.042
3.562	0.0214	0.011	0.380	0.0298	0.003	0.045
3.567	0.0281	0.025	0.399	0.0329	0.003	0.051
3.572	0.0163	0.014	0.404	0.0338	0.011	0.069
3.577	0.0119	0.014	0.358	0.0220	0.012	0.071
3.582	0.0201	0.018	0.447	0.0193	0.010	0.080
3.587	0.0103	0.030	0.362	0.0180	0.009	0.083
3.592	0.0138	0.011	0.321	0.0324	0.006	0.101
3.597	0.0054	0.020	0.295	0.0344	0.005	0.121
3.602	0.0068	0.020	0.443	0.0241	0.004	0.124
3.607	0.0046	0.014	0.441	0.0282	0.003	0.110
3.612	0.0033	0.009	0.504	0.0138	0.002	0.093
3.617	0.0051	0.011	0.467	0.0180	0.002	0.096
3.622	0.0042	0.020	0.474	0.0256	0.002	0.112
3.627	0.0017	0.005	0.436	0.0213	0.002	0.118
3.632	0.0019	0.011	0.402	0.0200	0.002	0.116
3.637	0.0016	0.025	0.441	0.0419	0.002	0.108
3.642	0.0015	0.011	0.333	0.0396	0.035	0.135
3.647	0.0020	0.009	0.405	0.0153	0.037	0.131
3.652	0.0005	0.030	0.356	0.0152	0.027	0.176
3.657	0.0085	0.039	0.306	0.0203	0.039	0.217
3.662	0.0033	0.048	0.246	0.0122	0.069	0.242
3.667	0.0054	0.057	0.248	0.0216	0.047	0.241
3.672	0.0040	0.052	0.376	0.0349	0.010	0.184
3.677	0.0045	0.041	0.409	0.0181	0.008	0.162
3.682	0.0044	0.036	0.338	0.0269	0.015	0.170
3.687	0.0032	0.032	0.113	0.0349	0.015	0.163
3.692	0.0017	0.039	0.249	0.0467	0.003	0.092
3.697	0.0016	0.030	0.226	0.0338	0.001	0.061
3.702	0.0040	0.014	0.383	0.0468	0.001	0.045
3.707	0.0134	0.007	0.593	0.0189	0.001	0.037
3.712	0.0213	0.009	0.618	0.0184	0.000	0.030
3.717	0.0435	0.016	0.638	0.0159	0.000	0.026
3.722	0.0441	0.009	0.634	0.0307	0.000	0.029
3.727	0.0255	0.014	0.600	0.0223	0.000	0.031
3.732	0.0385	0.014	0.596	0.0214	0.000	0.028
3.737	0.0354	0.009	0.644	0.0196	0.000	0.024
3.741	0.0228	0.009	0.621	0.0140	0.000	0.025
3.746	0.0302	0.009	0.582	0.0189	0.000	0.026
3.751	0.0374	0.009	0.576	0.0208	0.000	0.024
3.756	0.0264	0.011	0.546	0.0330	0.000	0.024
3.761	0.0175	0.009	0.478	0.0293	0.000	0.024
3.766	0.0206	0.007	0.550	0.0297	0.000	0.021
3.771	0.0129	0.007	0.605	0.0346	0.000	0.022
3.776	0.0076	0.005	0.627	0.0117	0.000	0.023
3.781	0.0151	0.007	0.619	0.0229	0.000	0.028
3.786	0.0189	0.009	0.646	0.0122	0.000	0.027
3.791	0.0122	0.009	0.658	0.0079	0.000	0.025
3.796	0.0067	0.007	0.626	0.0112	0.000	0.023
3.801	0.0144	0.007	0.641	0.0118	0.000	0.020
3.806	0.0157	0.007	0.658	0.0137	0.000	0.020
3.811	0.0086	0.007	0.654	0.0182	0.000	0.015
3.816	0.0081	0.007	0.627	0.0127	0.000	0.013
3.821	0.0161	0.007	0.650	0.0183	0.000	0.012
3.826	0.0151	0.005	0.666	0.0197	0.000	0.011
3.831	0.0041	0.007	0.656	0.0437	0.000	0.011
3.836	0.0069	0.007	0.619	0.0321	0.000	0.011
3.841	0.0167	0.007	0.616	0.0235	0.000	0.012
3.846	0.0096	0.005	0.642	0.0517	0.000	0.014
3.851	0.0028	0.002	0.537	0.0310	0.000	0.016
3.856	0.0151	0.005	0.651	0.0223	0.000	0.016
3.861	0.0079	0.005	0.650	0.0698	0.000	0.015
3.866	0.0050	0.000	0.585	0.0428	0.000	0.015
3.871	0.0144	0.005	0.618	0.0210	0.000	0.015
3.876	0.0068	0.005	0.627	0.0524	0.000	0.016
3.881	0.0039	0.000	0.534	0.0473	0.000	0.017
3.886	0.0122	0.005	0.629	0.0517	0.000	0.017
3.891	0.0053	0.002	0.638	0.0788	0.000	0.018
3.896	0.0031	0.002	0.587	0.0452	0.000	0.017
3.901	0.0098	0.005	0.642	0.0321	0.000	0.015
3.906	0.0044	0.002	0.527	0.0621	0.000	0.018
3.911	0.0065	0.002	0.571	0.0421	0.000	0.019
3.916	0.0068	0.005	0.653	0.0595	0.000	0.017
3.921	0.0041	0.002	0.561	0.0249	0.000	0.019
3.926	0.0093	0.002	0.631	0.0244	0.000	0.020
3.931	0.0054	0.005	0.620	0.0421	0.000	0.025
3.936	0.0031	0.002	0.521	0.0270	0.000	0.027
3.941	0.0091	0.002	0.553	0.0194	0.000	0.041
3.946	0.0052	0.005	0.479	0.0204	0.002	0.086
3.951	0.0019	0.007	0.515	0.0247	0.033	0.209
3.956	0.0025	0.002	0.248	0.0196	0.229	0.286
3.961	0.0041	0.043	0.139	0.0181	0.840	0.328
3.966	0.0026	0.114	0.238	0.0144	0.966	0.292
3.971	0.0034	0.168	0.209	0.0122	0.970	0.295
3.976	0.0093	0.139	0.283	0.0140	0.979	0.293
3.981	0.0103	0.143	0.204	0.0114	0.988	0.290
3.986	0.0108	0.152	0.206	0.0162	0.991	0.287
3.991	0.0115	0.164	0.199	0.0109	0.989	0.272
3.996	0.0128	0.161	0.177	0.0129	0.984	0.270
4.001	0.0127	0.191	0.243	0.0144	0.969	0.258
4.006	0.0147	0.164	0.183	0.0103	0.973	0.252
4.011	0.0181	0.157	0.145	0.0228	0.976	0.247
4.016	0.0108	0.177	0.167	0.0201	0.989	0.233
4.021	0.0148	0.141	0.178	0.0139	0.990	0.243
4.026	0.0151	0.127	0.201	0.0218	0.991	0.238
4.031	0.0108	0.166	0.140	0.0196	0.967	0.264
4.036	0.0151	0.148	0.202	0.0164	0.958	0.259
4.041	0.0101	0.123	0.262	0.0165	0.949	0.259
4.046	0.0084	0.123	0.217	0.0149	0.916	0.269
4.051	0.0073	0.152	0.229	0.0177	0.839	0.264
4.056	0.0060	0.120	0.232	0.0147	0.778	0.265
4.061	0.0047	0.109	0.318	0.0157	0.674	0.302
4.066	0.0034	0.109	0.243	0.0176	0.769	0.311
4.071	0.0024	0.109	0.230	0.0178	0.813	0.296
4.076	0.0017	0.111	0.326	0.0151	0.803	0.330
4.081	0.0016	0.116	0.339	0.0172	0.789	0.376
4.086	0.0009	0.116	0.201	0.0170	0.824	0.374
4.091	0.0006	0.111	0.187	0.0184	0.851	0.371
4.096	0.0007	0.114	0.262	0.0148	0.840	0.378
4.101	0.0006	0.105	0.274	0.0211	0.857	0.424
4.106	0.0003	0.118	0.271	0.0141	0.845	0.459
4.111	0.0003	0.105	0.411	0.0269	0.911	0.458
4.116	0.0002	0.114	0.501	0.0147	0.944	0.438
4.121	0.0003	0.105	0.490	0.0163	0.955	0.442
4.126	0.0003	0.105	0.471	0.0119	0.942	0.456
4.131	0.0002	0.111	0.266	0.0205	0.848	0.498
4.136	0.0001	0.109	0.229	0.0162	0.788	0.522
4.141	0.0001	0.105	0.277	0.0196	0.549	0.508
4.146	0.0001	0.077	0.409	0.0207	0.402	0.479
4.151	0.0001	0.066	0.203	0.0150	0.731	0.461
4.156	0.0001	0.098	0.182	0.0073	0.868	0.429
4.161	0.0002	0.098	0.183	0.0151	0.723	0.398
4.166	0.0004	0.116	0.143	0.0164	0.538	0.373
4.171	0.0002	0.091	0.255	0.0179	0.455	0.374
4.176	0.0003	0.102	0.267	0.0171	0.398	0.354
4.180	0.0003	0.080	0.429	0.0202	0.300	0.321
4.185	0.0005	0.093	0.549	0.0322	0.123	0.295
4.190	0.0010	0.061	0.625	0.0134	0.033	0.265
4.195	0.0013	0.034	0.571	0.0143	0.043	0.288
4.200	0.0016	0.034	0.412	0.0122	0.230	0.341
4.205	0.0010	0.050	0.437	0.0144	0.214	0.321
4.210	0.0015	0.057	0.396	0.0118	0.155	0.290
4.215	0.0013	0.057	0.312	0.0214	0.156	0.294
4.220	0.0008	0.070	0.224	0.0134	0.235	0.369
4.225	0.0011	0.048	0.251	0.0236	0.221	0.374
4.230	0.0005	0.091	0.159	0.0205	0.111	0.214
4.235	0.0007	0.061	0.218	0.0283	0.090	0.155
4.240	0.0010	0.055	0.296	0.0176	0.110	0.145
4.245	0.0012	0.039	0.303	0.0198	0.116	0.135
4.250	0.0018	0.052	0.312	0.0290	0.097	0.131
4.255	0.0011	0.048	0.429	0.0198	0.066	0.118
4.260	0.0010	0.052	0.533	0.0160	0.041	0.118
4.265	0.0021	0.041	0.503	0.0158	0.042	0.127
4.270	0.0011	0.048	0.448	0.0296	0.030	0.119
4.275	0.0015	0.041	0.479	0.0251	0.025	0.091
4.280	0.0012	0.043	0.391	0.0328	0.071	0.124
4.285	0.0016	0.052	0.396	0.0319	0.055	0.165
4.290	0.0017	0.057	0.380	0.0253	0.027	0.182
4.295	0.0030	0.034	0.371	0.0158	0.030	0.206
4.300	0.0030	0.034	0.344	0.0194	0.052	0.237
4.305	0.0034	0.041	0.350	0.0224	0.052	0.236
4.310	0.0024	0.052	0.332	0.0126	0.063	0.259
4.315	0.0035	0.034	0.339	0.0238	0.089	0.267
4.320	0.0022	0.043	0.250	0.0167	0.059	0.262
4.325	0.0013	0.050	0.332	0.0152	0.063	0.282
4.330	0.0024	0.052	0.252	0.0157	0.059	0.271
4.335	0.0014	0.043	0.340	0.0133	0.086	0.267
4.340	0.0018	0.048	0.222	0.0207	0.117	0.291
4.345	0.0016	0.055	0.231	0.0134	0.129	0.295
4.350	0.0013	0.061	0.200	0.0188	0.126	0.275
4.355	0.0016	0.070	0.248	0.0156	0.132	0.249
4.360	0.0019	0.045	0.252	0.0218	0.140	0.176
4.365	0.0015	0.059	0.338	0.0159	0.133	0.164
4.370	0.0016	0.059	0.375	0.0247	0.086	0.175
4.375	0.0017	0.057	0.344	0.0217	0.072	0.171
4.380	0.0015	0.050	0.261	0.0258	0.097	0.143
4.385	0.0015	0.050	0.217	0.0192	0.102	0.146
4.390	0.0018	0.052	0.295	0.0313	0.162	0.231
4.395	0.0013	0.059	0.179	0.0203	0.115	0.256
4.400	0.0011	0.066	0.350	0.0143	0.163	0.274
4.405	0.0018	0.066	0.295	0.0184	0.180	0.264
4.410	0.0011	0.077	0.310	0.0171	0.201	0.220
4.415	0.0015	0.057	0.348	0.0300	0.171	0.227
4.420	0.0009	0.066	0.346	0.0173	0.096	0.228
4.425	0.0012	0.061	0.329	0.0166	0.126	0.197
4.430	0.0015	0.073	0.369	0.0220	0.199	0.222
4.435	0.0011	0.059	0.366	0.0240	0.116	0.219
4.440	0.0011	0.055	0.463	0.0163	0.061	0.232
4.445	0.0013	0.050	0.453	0.0117	0.091	0.229
4.450	0.0021	0.048	0.359	0.0155	0.131	0.248
4.455	0.0012	0.064	0.306	0.0164	0.136	0.263
4.460	0.0012	0.066	0.268	0.0188	0.162	0.279
4.465	0.0008	0.070	0.190	0.0209	0.107	0.261
4.470	0.0008	0.052	0.290	0.0219	0.096	0.263
4.475	0.0012	0.064	0.226	0.0164	0.079	0.240
4.480	0.0015	0.068	0.241	0.0176	0.130	0.252
4.485	0.0013	0.066	0.166	0.0191	0.179	0.261
4.490	0.0013	0.048	0.173	0.0171	0.117	0.240
4.495	0.0008	0.061	0.215	0.0140	0.108	0.222
4.500	0.0013	0.050	0.206	0.0216	0.114	0.234
4.505	0.0010	0.070	0.257	0.0200	0.088	0.218
4.510	0.0011	0.048	0.238	0.0206	0.095	0.243
4.515	0.0014	0.050	0.190	0.0147	0.107	0.234
4.520	0.0012	0.043	0.170	0.0166	0.182	0.235
4.525	0.0008	0.057	0.163	0.0174	0.161	0.231
4.530	0.0011	0.059	0.198	0.0151	0.096	0.227
4.535	0.0007	0.066	0.245	0.0192	0.070	0.204
4.540	0.0011	0.057	0.238	0.0196	0.074	0.163
4.545	0.0015	0.050	0.311	0.0165	0.121	0.126
4.550	0.0007	0.057	0.267	0.0136	0.086	0.180
4.555	0.0011	0.045	0.305	0.0205	0.116	0.217
4.560	0.0011	0.057	0.308	0.0225	0.135	0.228
4.565	0.0006	0.064	0.373	0.0203	0.077	0.225
4.570	0.0007	0.055	0.478	0.0193	0.033	0.173
4.575	0.0005	0.050	0.449	0.0175	0.038	0.152
4.580	0.0014	0.048	0.441	0.0236	0.045	0.124
4.585	0.0007	0.055	0.378	0.0160	0.051	0.117
4.590	0.0007	0.045	0.299	0.0241	0.065	0.107
4.595	0.0008	0.048	0.209	0.0310	0.073	0.101
4.600	0.0008	0.043	0.378	0.0170	0.056	0.102
4.605	0.0007	0.048	0.377	0.0206	0.053	0.095
4.610	0.0011	0.045	0.176	0.0259	0.025	0.080
4.615	0.0008	0.039	0.263	0.0202	0.023	0.078
4.620	0.0011	0.032	0.288	0.0172	0.022	0.081
4.624	0.0008	0.041	0.230	0.0183	0.038	0.093
4.629	0.0012	0.027	0.184	0.0261	0.038	0.098
4.634	0.0005	0.045	0.164	0.0221	0.023	0.089
4.639	0.0006	0.034	0.207	0.0253	0.066	0.099
4.644	0.0009	0.016	0.199	0.0266	0.079	0.106
4.649	0.0007	0.034	0.431	0.0454	0.035	0.122
4.654	0.0008	0.043	0.421	0.0330	0.011	0.135
4.659	0.0006	0.041	0.548	0.0233	0.027	0.191
4.664	0.0007	0.043	0.383	0.0155	0.048	0.228
4.669	0.0005	0.050	0.215	0.0331	0.018	0.280
4.674	0.0003	0.041	0.551	0.0208	0.010	0.316
4.679	0.0002	0.045	0.488	0.0341	0.013	0.374
4.684	0.0001	0.032	0.574	0.0269	0.006	0.335
4.689	0.0001	0.041	0.379	0.0182	0.006	0.333
4.694	0.0002	0.043	0.513	0.0393	0.005	0.281
4.699	0.0001	0.036	0.374	0.0156	0.002	0.214
4.704	0.0001	0.039	0.300	0.0271	0.004	0.252
4.709	0.0002	0.043	0.368	0.0265	0.008	0.281
4.714	0.0002	0.034	0.449	0.0167	0.010	0.307
4.719	0.0002	0.039	0.289	0.0172	0.013	0.303
4.724	0.0003	0.032	0.274	0.0236	0.014	0.317
4.729	0.0002	0.039	0.309	0.0175	0.010	0.288
4.734	0.0003	0.034	0.359	0.0302	0.009	0.290
4.739	0.0002	0.025	0.397	0.0162	0.010	0.312
4.744	0.0003	0.020	0.474	0.0171	0.012	0.327
4.749	0.0002	0.025	0.354	0.0151	0.019	0.385
4.754	0.0001	0.020	0.316	0.0176	0.029	0.424
4.759	0.0001	0.032	0.219	0.0165	0.047	0.488
4.764	0.0001	0.045	0.198	0.0189	0.050	0.518
4.769	0.0000	0.030	0.317	0.0294	0.025	0.451
4.774	0.0001	0.039	0.441	0.0270	0.009	0.363
4.779	0.0000	0.023	0.424	0.0327	0.005	0.322
4.784	0.0001	0.020	0.322	0.0347	0.003	0.270
4.789	0.0001	0.025	0.322	0.0382	0.002	0.219
4.794	0.0002	0.023	0.438	0.0396	0.002	0.227
4.799	0.0002	0.009	0.615	0.0335	0.001	0.166
4.804	0.0002	0.016	0.679	0.0324	0.000	0.142
4.809	0.0003	0.018	0.645	0.0248	0.001	0.152
4.814	0.0004	0.005	0.514	0.0336	0.001	0.169
4.819	0.0004	0.005	0.259	0.0383	0.003	0.221
4.824	0.0002	0.020	0.362	0.0211	0.004	0.261
4.829	0.0003	0.030	0.370	0.0503	0.004	0.288
4.834	0.0002	0.025	0.502	0.0389	0.002	0.234
4.839	0.0002	0.025	0.329	0.0251	0.001	0.163
4.844	0.0002	0.027	0.494	0.0526	0.000	0.134
4.849	0.0005	0.027	0.520	0.0189	0.001	0.133
4.854	0.0006	0.023	0.526	0.0297	0.002	0.149
4.859	0.0006	0.020	0.340	0.0253	0.004	0.162
4.864	0.0006	0.032	0.314	0.0361	0.002	0.138
4.869	0.0006	0.023	0.321	0.0242	0.001	0.109
4.874	0.0002	0.020	0.350	0.0348	0.000	0.086
4.879	0.0006	0.025	0.427	0.0286	0.000	0.057
4.884	0.0006	0.023	0.401	0.0205	0.000	0.058
4.889	0.0023	0.023	0.240	0.0256	0.002	0.112
4.894	0.0024	0.020	0.290	0.0264	0.003	0.141
4.899	0.0023	0.018	0.347	0.0224	0.005	0.154
4.904	0.0026	0.016	0.334	0.0256	0.004	0.138
4.909	0.0032	0.018	0.232	0.0363	0.002	0.119
4.914	0.0038	0.025	0.246	0.0461	0.002	0.104
4.919	0.0037	0.020	0.365	0.0353	0.001	0.090
4.924	0.0032	0.007	0.314	0.0409	0.001	0.090
4.929	0.0041	0.027	0.196	0.0343	0.001	0.102
4.934	0.0078	0.002	0.136	0.0644	0.002	0.124
4.939	0.0029	0.014	0.227	0.0282	0.003	0.143
4.944	0.0019	0.016	0.082	0.0328	0.004	0.156
4.949	0.0017	0.007	0.315	0.0305	0.003	0.149
4.954	0.0018	0.016	0.389	0.0214	0.004	0.147
4.959	0.0025	0.005	0.297	0.0202	0.009	0.158
4.964	0.0016	0.011	0.247	0.0324	0.010	0.165
4.969	0.0009	0.023	0.351	0.0311	0.005	0.148
4.974	0.0010	0.011	0.332	0.0163	0.009	0.173
4.979	0.0012	0.034	0.270	0.0347	0.013	0.206
4.984	0.0007	0.036	0.297	0.0138	0.012	0.205
4.989	0.0009	0.020	0.181	0.0198	0.040	0.266
4.994	0.0008	0.025	0.208	0.0227	0.048	0.298
4.999	0.0005	0.036	0.278	0.0153	0.067	0.293
5.004	0.0006	0.059	0.325	0.0129	0.073	0.304
5.009	0.0007	0.030	0.257	0.0158	0.112	0.323
5.014	0.0003	0.070	0.302	0.0216	0.100	0.300
5.019	0.0004	0.050	0.242	0.0271	0.041	0.211
5.024	0.0005	0.041	0.424	0.0351	0.016	0.130
5.029	0.0004	0.041	0.387	0.0260	0.005	0.086
5.034	0.0007	0.018	0.310	0.0511	0.003	0.062
5.039	0.0013	0.007	0.352	0.0308	0.001	0.043
5.044	0.0013	0.018	0.278	0.0360	0.001	0.048
5.049	0.0034	0.011	0.373	0.0438	0.001	0.042
5.054	0.0021	0.009	0.381	0.0230	0.001	0.043
5.059	0.0046	0.011	0.465	0.0432	0.001	0.046
5.063	0.0011	0.014	0.226	0.0211	0.002	0.053
5.068	0.0031	0.014	0.189	0.0491	0.005	0.091
5.073	0.0012	0.007	0.332	0.0249	0.004	0.101
5.078	0.0011	0.018	0.299	0.0327	0.009	0.130
5.083	0.0010	0.000	0.417	0.0186	0.016	0.153
5.088	0.0009	0.027	0.418	0.0176	0.047	0.252
5.093	0.0011	0.030	0.298	0.0131	0.070	0.283
5.098	0.0007	0.039	0.277	0.0138	0.183	0.311
5.103	0.0010	0.064	0.292	0.0176	0.198	0.319
5.108	0.0007	0.061	0.293	0.0157	0.193	0.346
5.113	0.0008	0.068	0.202	0.0138	0.182	0.336
5.118	0.0010	0.045	0.177	0.0145	0.371	0.362
5.123	0.0009	0.073	0.167	0.0167	0.411	0.364
5.128	0.0009	0.109	0.243	0.0128	0.346	0.363
5.133	0.0008	0.102	0.193	0.0160	0.274	0.368
5.138	0.0008	0.089	0.220	0.0121	0.197	0.400
5.143	0.0008	0.075	0.224	0.0265	0.165	0.409
5.148	0.0005	0.095	0.325	0.0117	0.104	0.380
5.153	0.0008	0.059	0.364	0.0209	0.089	0.367
5.158	0.0007	0.050	0.315	0.0190	0.075	0.359
5.163	0.0005	0.077	0.326	0.0175	0.095	0.378
5.168	0.0004	0.066	0.337	0.0212	0.368	0.337
5.173	0.0004	0.052	0.264	0.0117	0.752	0.315
5.178	0.0003	0.107	0.156	0.0149	0.735	0.344
5.183	0.0003	0.130	0.128	0.0170	0.581	0.379
5.188	0.0001	0.109	0.342	0.0215	0.642	0.438
5.193	0.0001	0.116	0.324	0.0176	0.552	0.408
5.198	0.0001	0.105	0.291	0.0174	0.292	0.418
5.203	0.0002	0.080	0.247	0.0147	0.253	0.455
5.208	0.0001	0.061	0.174	0.0146	0.268	0.484
5.213	0.0001	0.080	0.338	0.0221	0.215	0.471
5.218	0.0001	0.055	0.338	0.0204	0.196	0.428
5.223	0.0001	0.070	0.388	0.0187	0.124	0.404
5.228	0.0001	0.052	0.427	0.0175	0.073	0.371
5.233	0.0002	0.034	0.413	0.0237	0.045	0.315
5.238	0.0003	0.041	0.275	0.0245	0.025	0.204
5.243	0.0004	0.036	0.292	0.0255	0.028	0.203
5.248	0.0005	0.030	0.335	0.0169	0.028	0.211
5.253	0.0008	0.045	0.343	0.0184	0.027	0.213
5.258	0.0019	0.043	0.239	0.0146	0.040	0.254
5.263	0.0030	0.039	0.235	0.0187	0.046	0.265
5.268	0.0033	0.050	0.226	0.0162	0.071	0.273
5.273	0.0064	0.043	0.157	0.0138	0.083	0.286
5.278	0.0048	0.077	0.138	0.0201	0.095	0.281
5.283	0.0061	0.045	0.148	0.0211	0.094	0.264
5.288	0.0067	0.050	0.237	0.0191	0.059	0.248
5.293	0.0061	0.043	0.329	0.0220	0.037	0.229
5.298	0.0052	0.055	0.276	0.0162	0.040	0.228
5.303	0.0090	0.045	0.201	0.0221	0.043	0.216
5.308	0.0065	0.048	0.280	0.0139	0.046	0.218
5.313	0.0081	0.045	0.211	0.0188	0.057	0.236
5.318	0.0061	0.045	0.312	0.0195	0.079	0.257
5.323	0.0033	0.052	0.338	0.0192	0.086	0.264
5.328	0.0043	0.068	0.370	0.0191	0.096	0.253
5.333	0.0038	0.070	0.327	0.0194	0.055	0.233
5.338	0.0038	0.045	0.189	0.0150	0.066	0.214
5.343	0.0065	0.032	0.206	0.0230	0.085	0.207
5.348	0.0038	0.052	0.180	0.0159	0.075	0.217
5.353	0.0064	0.030	0.161	0.0221	0.056	0.210
5.358	0.0048	0.048	0.212	0.0163	0.048	0.198
5.363	0.0055	0.045	0.250	0.0181	0.061	0.225
5.368	0.0081	0.032	0.342	0.0184	0.068	0.238
5.373	0.0062	0.043	0.394	0.0152	0.052	0.228
5.378	0.0063	0.045	0.375	0.0146	0.049	0.223
5.383	0.0062	0.039	0.354	0.0176	0.052	0.227
5.388	0.0053	0.032	0.253	0.0166	0.103	0.243
5.393	0.0046	0.034	0.241	0.0202	0.100	0.237
5.398	0.0023	0.061	0.264	0.0196	0.086	0.239
5.403	0.0042	0.027	0.287	0.0187	0.076	0.239
5.408	0.0049	0.045	0.350	0.0136	0.098	0.253
5.413	0.0061	0.039	0.280	0.0157	0.129	0.273
5.418	0.0020	0.070	0.242	0.0164	0.105	0.253
5.423	0.0025	0.048	0.237	0.0139	0.092	0.235
5.428	0.0036	0.061	0.203	0.0174	0.089	0.255
5.433	0.0039	0.052	0.217	0.0137	0.106	0.261
5.438	0.0035	0.041	0.149	0.0179	0.142	0.268
5.443	0.0027	0.050	0.161	0.0194	0.095	0.267
5.448	0.0031	0.023	0.282	0.0156	0.102	0.272
5.453	0.0042	0.039	0.244	0.0206	0.093	0.276
5.458	0.0028	0.043	0.274	0.0167	0.106	0.271
5.463	0.0030	0.059	0.288	0.0154	0.164	0.304
5.468	0.0023	0.084	0.282	0.0132	0.186	0.322
5.473	0.0029	0.068	0.185	0.0154	0.232	0.332
5.478	0.0020	0.073	0.165	0.0139	0.401	0.342
5.483	0.0016	0.102	0.225	0.0163	0.285	0.341
5.488	0.0014	0.080	0.277	0.0146	0.192	0.315
5.493	0.0015	0.077	0.239	0.0143	0.206	0.316
5.498	0.0029	0.048	0.269	0.0161	0.105	0.275
5.502	0.0026	0.025	0.304	0.0157	0.096	0.240
5.507	0.0023	0.032	0.308	0.0175	0.089	0.264
5.512	0.0015	0.036	0.294	0.0147	0.110	0.302
5.517	0.0012	0.064	0.315	0.0160	0.098	0.264
5.522	0.0014	0.034	0.198	0.0151	0.152	0.299
5.527	0.0025	0.018	0.163	0.0168	0.163	0.333
5.532	0.0024	0.005	0.185	0.0123	0.155	0.335
5.537	0.0031	0.000	0.268	0.0209	0.200	0.293
5.542	0.0028	0.005	0.379	0.0240	0.118	0.232
5.547	0.0026	0.014	0.465	0.0185	0.191	0.197
5.552	0.0018	0.032	0.395	0.0270	0.249	0.151
5.557	0.0011	0.084	0.283	0.0156	0.207	0.144
5.562	0.0011	0.059	0.375	0.0231	0.210	0.136
5.567	0.0008	0.036	0.420	0.0188	0.286	0.102
5.572	0.0013	0.036	0.392	0.0224	0.242	0.104
5.577	0.0023	0.000	0.419	0.0198	0.154	0.100
5.582	0.0025	0.000	0.434	0.0215	0.085	0.100
5.587	0.0023	0.000	0.448	0.0214	0.099	0.097
5.592	0.0019	0.009	0.417	0.0263	0.166	0.100
5.597	0.0010	0.045	0.232	0.0251	0.112	0.112
5.602	0.0008	0.061	0.404	0.0309	0.036	0.122
5.607	0.0010	0.032	0.241	0.0142	0.024	0.123
5.612	0.0016	0.020	0.211	0.0299	0.024	0.144
5.617	0.0020	0.036	0.290	0.0155	0.007	0.129
5.622	0.0023	0.030	0.209	0.0163	0.016	0.154
5.627	0.0055	0.018	0.222	0.0300	0.023	0.177
5.632	0.0022	0.025	0.251	0.0210	0.020	0.195
5.637	0.0026	0.020	0.323	0.0212	0.032	0.202
5.642	0.0024	0.036	0.184	0.0184	0.076	0.264
5.647	0.0015	0.061	0.218	0.0123	0.139	0.325
5.652	0.0015	0.041	0.275	0.0164	0.135	0.350
5.657	0.0011	0.077	0.232	0.0142	0.199	0.364
5.662	0.0012	0.084	0.198	0.0167	0.317	0.380
5.667	0.0009	0.086	0.152	0.0131	0.306	0.404
5.672	0.0008	0.111	0.270	0.0222	0.301	0.399
5.677	0.0008	0.111	0.366	0.0181	0.133	0.366
5.682	0.0009	0.109	0.431	0.0190	0.120	0.355
5.687	0.0015	0.045	0.306	0.0136	0.169	0.304
5.692	0.0009	0.064	0.334	0.0323	0.132	0.301
5.697	0.0010	0.080	0.442	0.0242	0.008	0.166
5.702	0.0007	0.075	0.174	0.0232	0.004	0.142
5.707	0.0065	0.027	0.194	0.0304	0.004	0.132
5.712	0.0052	0.032	0.326	0.0190	0.004	0.127
5.717	0.0077	0.030	0.303	0.0344	0.004	0.124
5.722	0.0062	0.034	0.313	0.0364	0.002	0.112
5.727	0.0084	0.030	0.326	0.0231	0.003	0.131
5.732	0.0148	0.025	0.297	0.0187	0.008	0.145
5.737	0.0065	0.027	0.228	0.0358	0.010	0.159
5.742	0.0042	0.025	0.249	0.0176	0.013	0.189
5.747	0.0036	0.030	0.288	0.0349	0.022	0.204
5.752	0.0026	0.034	0.250	0.0333	0.011	0.178
5.757	0.0021	0.039	0.310	0.0224	0.020	0.194
5.762	0.0047	0.030	0.317	0.0259	0.033	0.207
5.767	0.0021	0.043	0.310	0.0148	0.041	0.249
5.772	0.0036	0.036	0.230	0.0167	0.085	0.302
5.777	0.0015	0.034	0.282	0.0239	0.085	0.283
5.782	0.0009	0.048	0.445	0.0222	0.058	0.279
5.787	0.0009	0.055	0.586	0.0216	0.027	0.243
5.792	0.0011	0.052	0.559	0.0241	0.025	0.215
5.797	0.0019	0.050	0.618	0.0299	0.015	0.159
5.802	0.0017	0.036	0.646	0.0301	0.012	0.140
5.807	0.0022	0.036	0.712	0.0256	0.007	0.134
5.812	0.0022	0.034	0.704	0.0157	0.007	0.144
5.817	0.0036	0.034	0.690	0.0173	0.007	0.151
5.822	0.0036	0.030	0.718	0.0204	0.006	0.111
5.827	0.0032	0.036	0.660	0.0265	0.004	0.099
5.832	0.0027	0.025	0.530	0.0151	0.004	0.129
5.837	0.0033	0.025	0.453	0.0293	0.005	0.154
5.842	0.0023	0.032	0.399	0.0253	0.007	0.168
5.847	0.0026	0.032	0.328	0.0206	0.010	0.196
5.852	0.0018	0.043	0.138	0.0467	0.006	0.156
5.857	0.0015	0.034	0.205	0.0427	0.001	0.079
5.862	0.0016	0.027	0.203	0.0424	0.000	0.059
5.867	0.0041	0.023	0.421	0.0180	0.000	0.030
5.872	0.0125	0.011	0.559	0.0251	0.000	0.028
5.877	0.0352	0.018	0.500	0.0120	0.000	0.028
5.882	0.0304	0.014	0.481	0.0250	0.001	0.033
5.887	0.0430	0.018	0.355	0.0142	0.002	0.040
5.892	0.0491	0.020	0.393	0.0319	0.001	0.047
5.897	0.0422	0.023	0.485	0.0180	0.001	0.065
5.902	0.0895	0.014	0.485	0.0156	0.002	0.077
5.907	0.0815	0.020	0.350	0.0153	0.004	0.090
5.912	0.0516	0.016	0.239	0.0191	0.004	0.096
5.917	0.0209	0.018	0.169	0.0299	0.002	0.092
5.922	0.0222	0.025	0.223	0.0252	0.002	0.097
5.927	0.0096	0.025	0.257	0.0224	0.001	0.097
5.932	0.0122	0.020	0.356	0.0187	0.001	0.098
5.937	0.0141	0.030	0.329	0.0228	0.001	0.096
5.941	0.0153	0.014	0.337	0.0282	0.001	0.109
5.946	0.0123	0.016	0.263	0.0279	0.002	0.130
5.951	0.0117	0.014	0.302	0.0260	0.002	0.116
5.956	0.0057	0.030	0.315	0.0188	0.003	0.132
5.961	0.0102	0.027	0.304	0.0189	0.005	0.163
5.966	0.0056	0.020	0.190	0.0330	0.004	0.151
5.971	0.0047	0.034	0.230	0.0293	0.004	0.152
5.976	0.0070	0.018	0.318	0.0263	0.004	0.154
5.981	0.0036	0.016	0.381	0.0212	0.005	0.161
5.986	0.0040	0.030	0.494	0.0274	0.005	0.182
5.991	0.0046	0.025	0.514	0.0314	0.004	0.178
5.996	0.0040	0.032	0.477	0.0160	0.004	0.167
6.001	0.0035	0.039	0.325	0.0122	0.009	0.199
6.006	0.0037	0.036	0.271	0.0282	0.016	0.241
6.011	0.0018	0.036	0.262	0.0191	0.012	0.258
6.016	0.0010	0.041	0.330	0.0220	0.013	0.258
6.021	0.0015	0.036	0.307	0.0184	0.021	0.304
6.026	0.0010	0.039	0.285	0.0174	0.037	0.338
6.031	0.0006	0.034	0.270	0.0251	0.030	0.321
6.036	0.0003	0.064	0.244	0.0214	0.029	0.294
6.041	0.0007	0.043	0.232	0.0251	0.026	0.285
6.046	0.0005	0.030	0.317	0.0325	0.011	0.214
6.051	0.0007	0.032	0.286	0.0223	0.007	0.177
6.056	0.0011	0.039	0.247	0.0249	0.003	0.151
6.061	0.0014	0.030	0.275	0.0299	0.003	0.142
6.066	0.0014	0.023	0.285	0.0235	0.003	0.154
6.071	0.0021	0.016	0.253	0.0206	0.005	0.182
6.076	0.0017	0.018	0.306	0.0226	0.009	0.235
6.081	0.0011	0.020	0.364	0.0251	0.007	0.241
6.086	0.0007	0.023	0.407	0.0181	0.010	0.255
6.091	0.0012	0.027	0.260	0.0216	0.020	0.298
6.096	0.0005	0.036	0.218	0.0249	0.027	0.319
6.101	0.0004	0.055	0.459	0.0365	0.011	0.254
6.106	0.0006	0.043	0.263	0.0207	0.005	0.197
6.111	0.0011	0.018	0.230	0.0455	0.002	0.155
6.116	0.0008	0.016	0.346	0.0308	0.001	0.129
6.121	0.0012	0.011	0.459	0.0513	0.001	0.122
6.126	0.0004	0.018	0.488	0.0142	0.001	0.103
6.131	0.0026	0.011	0.477	0.0194	0.001	0.119
6.136	0.0032	0.014	0.447	0.0286	0.001	0.129
6.141	0.0025	0.011	0.334	0.0340	0.002	0.130
6.146	0.0016	0.016	0.184	0.0419	0.001	0.083
6.151	0.0011	0.005	0.201	0.0289	0.000	0.058
6.156	0.0027	0.020	0.277	0.0258	0.000	0.055
6.161	0.0084	0.020	0.271	0.0441	0.000	0.064
6.166	0.0031	0.020	0.284	0.0214	0.000	0.054
6.171	0.0037	0.014	0.322	0.0231	0.000	0.048
6.176	0.0070	0.025	0.388	0.0268	0.000	0.049
6.181	0.0066	0.027	0.398	0.0226	0.001	0.048
6.186	0.0072	0.016	0.293	0.0271	0.003	0.049
6.191	0.0077	0.030	0.181	0.0186	0.003	0.061
6.196	0.0180	0.027	0.262	0.0240	0.002	0.082
6.201	0.0287	0.018	0.404	0.0162	0.002	0.081
6.206	0.0204	0.032	0.384	0.0181	0.006	0.144
6.211	0.0323	0.020	0.376	0.0176	0.006	0.145
6.216	0.0348	0.025	0.200	0.0303	0.003	0.090
6.221	0.0170	0.016	0.161	0.0212	0.002	0.079
6.226	0.0104	0.036	0.236	0.0212	0.004	0.105
6.231	0.0069	0.020	0.239	0.0191	0.004	0.128
6.236	0.0078	0.025	0.228	0.0220	0.003	0.115
6.241	0.0058	0.039	0.205	0.0196	0.003	0.114
6.246	0.0059	0.027	0.188	0.0217	0.003	0.126
6.251	0.0061	0.025	0.240	0.0256	0.004	0.149
6.256	0.0050	0.039	0.247	0.0257	0.005	0.159
6.261	0.0030	0.025	0.310	0.0262	0.003	0.155
6.266	0.0026	0.027	0.358	0.0152	0.004	0.150
6.271	0.0029	0.039	0.425	0.0325	0.007	0.179
6.276	0.0018	0.039	0.412	0.0160	0.008	0.209
6.281	0.0022	0.030	0.400	0.0310	0.010	0.216
6.286	0.0015	0.025	0.332	0.0199	0.020	0.255
6.291	0.0017	0.036	0.206	0.0225	0.040	0.321
6.296	0.0006	0.036	0.306	0.0282	0.031	0.328
6.301	0.0007	0.041	0.263	0.0161	0.029	0.290
6.306	0.0006	0.032	0.267	0.0191	0.068	0.277
6.311	0.0008	0.045	0.359	0.0266	0.047	0.242
6.316	0.0006	0.050	0.417	0.0288	0.026	0.183
6.321	0.0014	0.034	0.369	0.0166	0.027	0.180
6.326	0.0034	0.025	0.436	0.0301	0.034	0.180
6.331	0.0024	0.039	0.362	0.0314	0.021	0.146
6.336	0.0014	0.034	0.468	0.0392	0.011	0.125
6.341	0.0036	0.036	0.365	0.0259	0.006	0.126
6.346	0.0018	0.030	0.251	0.0279	0.006	0.149
6.351	0.0042	0.020	0.306	0.0230	0.005	0.132
6.356	0.0021	0.027	0.357	0.0242	0.002	0.112
6.361	0.0017	0.016	0.269	0.0192	0.003	0.145
6.366	0.0052	0.023	0.311	0.0296	0.006	0.141
6.371	0.0015	0.020	0.184	0.0353	0.005	0.133
6.376	0.0043	0.020	0.372	0.0237	0.001	0.075
6.380	0.0055	0.027	0.388	0.0220	0.001	0.065
6.385	0.0220	0.018	0.433	0.0228	0.001	0.069
6.390	0.0151	0.018	0.298	0.0174	0.001	0.072
6.395	0.0379	0.020	0.247	0.0224	0.002	0.100
6.400	0.0728	0.016	0.310	0.0262	0.002	0.115
6.405	0.0303	0.016	0.243	0.0214	0.002	0.114
6.410	0.0314	0.018	0.213	0.0268	0.002	0.102
6.415	0.0166	0.020	0.231	0.0291	0.001	0.093
6.420	0.0105	0.023	0.309	0.0218	0.001	0.103
6.425	0.0097	0.023	0.488	0.0193	0.001	0.099
6.430	0.0081	0.023	0.500	0.0229	0.001	0.093
6.435	0.0095	0.016	0.398	0.0228	0.001	0.096
6.440	0.0067	0.014	0.394	0.0274	0.001	0.100
6.445	0.0061	0.025	0.488	0.0245	0.001	0.099
6.450	0.0057	0.014	0.300	0.0204	0.001	0.106
6.455	0.0031	0.030	0.397	0.0284	0.000	0.091
6.460	0.0028	0.016	0.397	0.0240	0.001	0.101
6.465	0.0031	0.032	0.538	0.0258	0.000	0.100
6.470	0.0020	0.025	0.618	0.0218	0.000	0.099
6.475	0.0022	0.014	0.571	0.0131	0.000	0.097
6.480	0.0020	0.018	0.559	0.0264	0.001	0.131
6.485	0.0018	0.014	0.501	0.0233	0.002	0.181
6.490	0.0009	0.020	0.531	0.0390	0.004	0.222
6.495	0.0010	0.014	0.329	0.0336	0.005	0.268
6.500	0.0005	0.018	0.289	0.0244	0.004	0.236
6.505	0.0004	0.014	0.237	0.0738	0.001	0.186
6.510	0.0006	0.034	0.284	0.0250	0.000	0.127
6.515	0.0005	0.014	0.393	0.0155	0.001	0.163
6.520	0.0019	0.009	0.376	0.0387	0.001	0.159
6.525	0.0003	0.016	0.346	0.0364	0.001	0.169
6.530	0.0012	0.011	0.479	0.0409	0.001	0.153
6.535	0.0006	0.020	0.613	0.0278	0.000	0.109
6.540	0.0018	0.011	0.616	0.0272	0.000	0.125
6.545	0.0017	0.009	0.301	0.0397	0.001	0.136
6.550	0.0015	0.009	0.128	0.0458	0.000	0.087
6.555	0.0009	0.020	0.294	0.0353	0.000	0.034
6.560	0.0019	0.009	0.418	0.0377	0.000	0.034
6.565	0.0128	0.009	0.571	0.0204	0.001	0.048
6.570	0.0380	0.014	0.611	0.0229	0.001	0.054
6.575	0.0490	0.014	0.411	0.0232	0.002	0.061
6.580	0.0401	0.032	0.370	0.0339	0.001	0.071
6.585	0.0294	0.016	0.378	0.0376	0.001	0.071
6.590	0.0180	0.014	0.308	0.0271	0.001	0.072
6.595	0.0111	0.009	0.346	0.0312	0.001	0.071
6.600	0.0072	0.018	0.423	0.0216	0.001	0.075
6.605	0.0068	0.011	0.501	0.0205	0.001	0.074
6.610	0.0060	0.014	0.444	0.0190	0.001	0.074
6.615	0.0080	0.018	0.276	0.0327	0.002	0.091
6.620	0.0060	0.020	0.185	0.0294	0.002	0.099
6.625	0.0014	0.023	0.219	0.0260	0.002	0.125
6.630	0.0025	0.034	0.261	0.0372	0.002	0.129
6.635	0.0018	0.025	0.543	0.0331	0.000	0.093
6.640	0.0025	0.016	0.582	0.0296	0.000	0.090
6.645	0.0033	0.014	0.611	0.0285	0.001	0.097
6.650	0.0028	0.014	0.590	0.0192	0.001	0.103
6.655	0.0035	0.014	0.323	0.0312	0.002	0.129
6.660	0.0023	0.016	0.228	0.0285	0.004	0.141
6.665	0.0015	0.023	0.344	0.0290	0.005	0.144
6.670	0.0013	0.025	0.255	0.0234	0.007	0.156
6.675	0.0012	0.018	0.305	0.0232	0.015	0.180
6.680	0.0008	0.027	0.223	0.0243	0.011	0.164
6.685	0.0009	0.016	0.229	0.0319	0.004	0.148
6.690	0.0009	0.014	0.428	0.0405	0.003	0.123
6.695	0.0010	0.020	0.379	0.0262	0.001	0.123
6.700	0.0017	0.016	0.497	0.0267	0.001	0.132
6.705	0.0017	0.016	0.358	0.0446	0.001	0.175
6.710	0.0006	0.011	0.407	0.0335	0.001	0.166
6.715	0.0005	0.011	0.378	0.0255	0.001	0.189
6.720	0.0008	0.018	0.332	0.0294	0.001	0.184
6.725	0.0001	0.018	0.305	0.0265	0.003	0.224
6.730	0.0005	0.009	0.207	0.0634	0.003	0.238
6.735	0.0006	0.011	0.345	0.0396	0.005	0.299
6.740	0.0006	0.011	0.459	0.0253	0.010	0.357
6.745	0.0001	0.025	0.441	0.0232	0.016	0.400
6.750	0.0002	0.018	0.274	0.0316	0.015	0.351
6.755	0.0003	0.005	0.278	0.0141	0.012	0.303
6.760	0.0004	0.018	0.197	0.0281	0.020	0.334
6.765	0.0006	0.000	0.226	0.0303	0.034	0.381
6.770	0.0006	0.000	0.376	0.0246	0.025	0.399
6.775	0.0005	0.000	0.472	0.0433	0.013	0.402
6.780	0.0002	0.000	0.584	0.0122	0.020	0.448
6.785	0.0001	0.034	0.442	0.0225	0.044	0.420
6.790	0.0001	0.000	0.353	0.0170	0.069	0.419
6.795	0.0003	0.000	0.346	0.0234	0.090	0.409
6.800	0.0004	0.000	0.276	0.0231	0.122	0.391
6.805	0.0004	0.000	0.276	0.0169	0.178	0.425
6.810	0.0006	0.000	0.428	0.0224	0.105	0.442
6.815	0.0005	0.000	0.642	0.0468	0.016	0.418
6.820	0.0004	0.000	0.644	0.0229	0.016	0.451
6.824	0.0002	0.030	0.435	0.0339	0.030	0.460
6.829	0.0001	0.000	0.387	0.0164	0.051	0.492
6.834	0.0002	0.000	0.398	0.0182	0.019	0.423
6.839	0.0002	0.000	0.266	0.0372	0.030	0.389
6.844	0.0004	0.000	0.399	0.0323	0.022	0.283
6.849	0.0004	0.000	0.301	0.0288	0.012	0.253
6.854	0.0006	0.025	0.320	0.0131	0.021	0.227
6.859	0.0007	0.036	0.220	0.0147	0.056	0.250
6.864	0.0016	0.045	0.264	0.0159	0.133	0.267
6.869	0.0014	0.061	0.309	0.0178	0.101	0.246
6.874	0.0021	0.086	0.284	0.0154	0.098	0.265
6.879	0.0083	0.048	0.287	0.0180	0.117	0.263
6.884	0.0079	0.070	0.244	0.0110	0.163	0.298
6.889	0.0125	0.061	0.266	0.0144	0.180	0.341
6.894	0.0096	0.068	0.305	0.0120	0.249	0.332
6.899	0.0116	0.064	0.254	0.0121	0.317	0.337
6.904	0.0145	0.084	0.221	0.0127	0.396	0.315
6.909	0.0147	0.091	0.245	0.0128	0.372	0.322
6.914	0.0194	0.082	0.247	0.0129	0.343	0.327
6.919	0.0234	0.091	0.269	0.0118	0.341	0.329
6.924	0.0153	0.064	0.272	0.0132	0.271	0.331
6.929	0.0178	0.082	0.274	0.0117	0.237	0.348
6.934	0.0129	0.070	0.354	0.0131	0.255	0.355
6.939	0.0136	0.084	0.431	0.0152	0.214	0.328
6.944	0.0143	0.093	0.452	0.0131	0.116	0.317
6.949	0.0136	0.043	0.481	0.0134	0.112	0.296
6.954	0.0132	0.050	0.598	0.0160	0.074	0.223
6.959	0.0177	0.032	0.596	0.0175	0.041	0.182
6.964	0.0157	0.034	0.567	0.0210	0.017	0.153
6.969	0.0160	0.023	0.666	0.0207	0.006	0.117
6.974	0.0197	0.020	0.720	0.0180	0.002	0.089
6.979	0.0359	0.014	0.736	0.0149	0.001	0.087
6.984	0.0414	0.005	0.639	0.0174	0.001	0.074
6.989	0.0454	0.005	0.648	0.0486	0.001	0.068
6.994	0.0370	0.020	0.629	0.0293	0.001	0.055
6.999	0.0233	0.005	0.650	0.0268	0.001	0.054
7.004	0.0217	0.011	0.586	0.0280	0.001	0.061
7.009	0.0235	0.011	0.597	0.0199	0.001	0.078
7.014	0.0151	0.011	0.676	0.0243	0.001	0.075
7.019	0.0138	0.020	0.691	0.0199	0.001	0.079
7.024	0.0094	0.009	0.717	0.0338	0.000	0.074
7.029	0.0070	0.011	0.766	0.0226	0.000	0.073
7.034	0.0054	0.009	0.731	0.0214	0.000	0.071
7.039	0.0043	0.011	0.720	0.0325	0.000	0.074
7.044	0.0044	0.011	0.714	0.0181	0.000	0.080
7.049	0.0049	0.011	0.669	0.0253	0.000	0.091
7.054	0.0029	0.009	0.702	0.0201	0.000	0.111
7.059	0.0020	0.011	0.590	0.0324	0.001	0.134
7.064	0.0012	0.011	0.610	0.0188	0.001	0.156
7.069	0.0013	0.009	0.536	0.0282	0.002	0.193
7.074	0.0008	0.011	0.631	0.0212	0.003	0.219
7.079	0.0005	0.018	0.668	0.0170	0.004	0.225
7.084	0.0007	0.009	0.563	0.0147	0.011	0.268
7.089	0.0006	0.016	0.392	0.0160	0.026	0.346
7.094	0.0003	0.039	0.320	0.0136	0.082	0.384
7.099	0.0002	0.014	0.224	0.0160	0.148	0.416
7.104	0.0001	0.095	0.305	0.0164	0.107	0.400
7.109	0.0002	0.048	0.350	0.0169	0.131	0.396
7.114	0.0001	0.064	0.276	0.0135	0.150	0.377
7.119	0.0002	0.064	0.220	0.0181	0.162	0.390
7.124	0.0002	0.055	0.061	0.0713	0.025	0.264
7.129	0.0001	0.061	0.067	0.0686	0.002	0.098
7.134	0.0003	0.027	0.251	0.0274	0.000	0.029
7.139	0.0005	0.025	0.400	0.0359	0.000	0.025
7.144	0.0096	0.011	0.610	0.0162	0.000	0.029
7.149	0.0165	0.011	0.492	0.0141	0.000	0.033
7.154	0.0453	0.011	0.541	0.0441	0.000	0.031
7.159	0.0371	0.016	0.637	0.0212	0.000	0.030
7.164	0.0475	0.014	0.602	0.0247	0.001	0.036
7.169	0.0286	0.011	0.578	0.0324	0.001	0.039
7.174	0.0217	0.011	0.538	0.0212	0.003	0.056
7.179	0.0287	0.007	0.380	0.0218	0.004	0.061
7.184	0.0347	0.014	0.485	0.0204	0.005	0.063
7.189	0.0411	0.020	0.583	0.0254	0.004	0.068
7.194	0.0794	0.018	0.585	0.0213	0.003	0.071
7.199	0.0441	0.011	0.535	0.0219	0.002	0.061
7.204	0.0358	0.005	0.389	0.0371	0.002	0.073
7.209	0.0174	0.014	0.316	0.0408	0.002	0.091
7.214	0.0158	0.007	0.407	0.0427	0.003	0.099
7.219	0.0115	0.018	0.517	0.0205	0.002	0.098
7.224	0.0157	0.005	0.495	0.0306	0.003	0.107
7.229	0.0056	0.009	0.527	0.0357	0.005	0.118
7.234	0.0108	0.002	0.587	0.0431	0.005	0.119
7.239	0.0074	0.023	0.544	0.0299	0.004	0.121
7.244	0.0045	0.009	0.464	0.0184	0.008	0.147
7.249	0.0036	0.023	0.339	0.0244	0.016	0.169
7.254	0.0037	0.020	0.387	0.0294	0.025	0.195
7.259	0.0025	0.016	0.498	0.0188	0.022	0.194
7.263	0.0020	0.018	0.498	0.0183	0.021	0.201
7.268	0.0016	0.007	0.360	0.0199	0.034	0.224
7.273	0.0018	0.030	0.203	0.0212	0.082	0.294
7.278	0.0008	0.041	0.201	0.0226	0.083	0.298
7.283	0.0004	0.036	0.417	0.0245	0.045	0.308
7.288	0.0004	0.057	0.408	0.0238	0.031	0.323
7.293	0.0002	0.036	0.473	0.0180	0.020	0.285
7.298	0.0003	0.007	0.395	0.0108	0.022	0.332
7.303	0.0002	0.014	0.371	0.0249	0.016	0.352
7.308	0.0002	0.020	0.179	0.0186	0.020	0.409
7.313	0.0003	0.011	0.211	0.0281	0.038	0.488
7.318	0.0001	0.009	0.363	0.0146	0.029	0.449
7.323	0.0002	0.009	0.167	0.0312	0.032	0.423
7.328	0.0002	0.036	0.230	0.0241	0.032	0.348
7.333	0.0002	0.030	0.447	0.0437	0.029	0.296
7.338	0.0002	0.036	0.511	0.0468	0.014	0.224
7.343	0.0004	0.045	0.478	0.0228	0.024	0.188
7.348	0.0012	0.036	0.403	0.0132	0.045	0.183
7.353	0.0019	0.039	0.317	0.0322	0.114	0.206
7.358	0.0018	0.064	0.405	0.0333	0.095	0.209
7.363	0.0024	0.039	0.418	0.0121	0.064	0.205
7.368	0.0028	0.057	0.457	0.0148	0.147	0.224
7.373	0.0059	0.055	0.345	0.0131	0.285	0.232
7.378	0.0033	0.059	0.293	0.0150	0.291	0.256
7.383	0.0040	0.082	0.228	0.0125	0.257	0.264
7.388	0.0042	0.073	0.245	0.0108	0.374	0.296
7.393	0.0044	0.095	0.243	0.0141	0.259	0.306
7.398	0.0042	0.089	0.262	0.0151	0.291	0.302
7.403	0.0050	0.068	0.143	0.0118	0.394	0.309
7.408	0.0064	0.091	0.151	0.0126	0.456	0.349
7.413	0.0057	0.120	0.109	0.0108	0.367	0.334
7.418	0.0044	0.095	0.137	0.0106	0.483	0.342
7.423	0.0061	0.123	0.127	0.0129	0.524	0.381
7.428	0.0053	0.132	0.137	0.0116	0.504	0.363
7.433	0.0055	0.114	0.157	0.0119	0.451	0.362
7.438	0.0076	0.111	0.132	0.0136	0.570	0.385
7.443	0.0051	0.123	0.109	0.0114	0.507	0.381
7.448	0.0056	0.116	0.154	0.0134	0.463	0.377
7.453	0.0063	0.107	0.193	0.0129	0.496	0.349
7.458	0.0056	0.109	0.216	0.0105	0.428	0.353
7.463	0.0072	0.111	0.140	0.0125	0.459	0.367
7.468	0.0058	0.095	0.153	0.0134	0.531	0.373
7.473	0.0064	0.109	0.119	0.0128	0.509	0.350
7.478	0.0063	0.120	0.130	0.0121	0.551	0.349
7.483	0.0066	0.118	0.183	0.0113	0.702	0.375
7.488	0.0068	0.120	0.194	0.0118	0.694	0.381
7.493	0.0065	0.111	0.142	0.0117	0.618	0.370
7.498	0.0043	0.132	0.159	0.0129	0.626	0.354
7.503	0.0045	0.109	0.153	0.0139	0.597	0.365
7.508	0.0049	0.114	0.139	0.0136	0.462	0.372
7.513	0.0044	0.098	0.145	0.0133	0.463	0.390
7.518	0.0037	0.098	0.149	0.0125	0.534	0.357
7.523	0.0032	0.118	0.201	0.0123	0.425	0.359
7.528	0.0033	0.105	0.210	0.0137	0.366	0.337
7.533	0.0040	0.100	0.191	0.0133	0.296	0.313
7.538	0.0050	0.086	0.212	0.0119	0.368	0.291
7.543	0.0042	0.080	0.195	0.0131	0.319	0.292
7.548	0.0036	0.082	0.190	0.0143	0.357	0.282
7.553	0.0033	0.100	0.134	0.0145	0.300	0.268
7.558	0.0034	0.089	0.157	0.0172	0.301	0.249
7.563	0.0034	0.082	0.172	0.0140	0.335	0.239
7.568	0.0035	0.070	0.204	0.0166	0.349	0.243
7.573	0.0037	0.080	0.213	0.0145	0.258	0.226
7.578	0.0035	0.089	0.142	0.0164	0.272	0.231
7.583	0.0028	0.084	0.165	0.0171	0.264	0.231
7.588	0.0037	0.093	0.163	0.0156	0.257	0.222
7.593	0.0032	0.073	0.174	0.0184	0.259	0.204
7.598	0.0036	0.077	0.198	0.0166	0.279	0.200
7.603	0.0046	0.068	0.228	0.0131	0.361	0.237
7.608	0.0053	0.084	0.217	0.0142	0.320	0.246
7.613	0.0059	0.093	0.267	0.0198	0.169	0.211
7.618	0.0032	0.073	0.245	0.0210	0.179	0.190
7.623	0.0041	0.084	0.258	0.0196	0.151	0.208
7.628	0.0057	0.061	0.331	0.0146	0.111	0.209
7.633	0.0039	0.068	0.168	0.0223	0.170	0.206
7.638	0.0046	0.057	0.218	0.0193	0.162	0.212
7.643	0.0046	0.075	0.228	0.0164	0.152	0.213
7.648	0.0060	0.050	0.269	0.0151	0.155	0.212
7.653	0.0038	0.073	0.238	0.0169	0.134	0.193
7.658	0.0039	0.064	0.213	0.0180	0.146	0.184
7.663	0.0039	0.055	0.165	0.0178	0.119	0.194
7.668	0.0040	0.052	0.239	0.0175	0.116	0.209
7.673	0.0039	0.061	0.249	0.0235	0.091	0.189
7.678	0.0031	0.052	0.299	0.0181	0.098	0.170
7.683	0.0046	0.052	0.415	0.0300	0.038	0.166
7.688	0.0051	0.052	0.562	0.0371	0.022	0.159
7.693	0.0064	0.032	0.670	0.0239	0.011	0.135
7.698	0.0070	0.032	0.726	0.0134	0.010	0.139
7.702	0.0101	0.030	0.514	0.0222	0.017	0.179
7.707	0.0049	0.032	0.318	0.0320	0.021	0.192
7.712	0.0049	0.045	0.232	0.0350	0.012	0.191
7.717	0.0028	0.027	0.280	0.0239	0.009	0.185
7.722	0.0031	0.032	0.220	0.0207	0.019	0.215
7.727	0.0036	0.039	0.352	0.0280	0.020	0.245
7.732	0.0026	0.027	0.281	0.0331	0.011	0.229
7.737	0.0021	0.039	0.342	0.0281	0.007	0.217
7.742	0.0021	0.023	0.470	0.0197	0.004	0.213
7.747	0.0021	0.023	0.442	0.0133	0.005	0.229
7.752	0.0015	0.030	0.484	0.0163	0.010	0.285
7.757	0.0011	0.030	0.443	0.0266	0.010	0.295
7.762	0.0006	0.020	0.140	0.0558	0.008	0.273
7.767	0.0003	0.039	0.081	0.0832	0.001	0.164
7.772	0.0005	0.016	0.421	0.0379	0.000	0.029
7.777	0.0009	0.002	0.439	0.0299	0.000	0.021
7.782	0.0053	0.007	0.490	0.0423	0.000	0.015
7.787	0.0117	0.007	0.559	0.0451	0.000	0.012
7.792	0.0092	0.009	0.668	0.0205	0.000	0.011
7.797	0.0440	0.009	0.731	0.0194	0.000	0.011
7.802	0.0809	0.009	0.748	0.0245	0.000	0.015
7.807	0.1267	0.009	0.751	0.0212	0.000	0.019
7.812	0.1738	0.009	0.720	0.0157	0.000	0.024
7.817	0.1708	0.009	0.624	0.0299	0.000	0.033
7.822	0.1501	0.011	0.463	0.0394	0.000	0.055
7.827	0.0913	0.009	0.637	0.0160	0.001	0.061
7.832	0.0517	0.005	0.681	0.0194	0.001	0.060
7.837	0.0920	0.007	0.609	0.0177	0.003	0.064
7.842	0.0784	0.009	0.614	0.0211	0.004	0.073
7.847	0.0370	0.032	0.656	0.0238	0.004	0.077
7.852	0.0555	0.025	0.747	0.0113	0.006	0.078
7.857	0.0829	0.030	0.708	0.0116	0.009	0.088
7.862	0.0725	0.032	0.612	0.0197	0.011	0.109
7.867	0.0385	0.016	0.506	0.0193	0.017	0.124
7.872	0.0587	0.034	0.587	0.0279	0.013	0.136
7.877	0.0590	0.027	0.650	0.0223	0.008	0.141
7.882	0.0483	0.009	0.666	0.0153	0.007	0.143
7.887	0.0586	0.025	0.696	0.0146	0.009	0.153
7.892	0.0776	0.014	0.741	0.0107	0.006	0.146
7.897	0.1128	0.018	0.746	0.0103	0.005	0.137
7.902	0.1699	0.009	0.756	0.0104	0.009	0.135
7.907	0.1424	0.016	0.729	0.0082	0.017	0.132
7.912	0.1245	0.014	0.676	0.0145	0.015	0.140
7.917	0.0813	0.018	0.676	0.0174	0.017	0.136
7.922	0.0467	0.009	0.730	0.0122	0.017	0.125
7.927	0.0540	0.023	0.712	0.0106	0.012	0.133
7.932	0.0889	0.030	0.680	0.0173	0.008	0.116
7.937	0.1105	0.016	0.677	0.0124	0.009	0.100
7.942	0.1484	0.023	0.708	0.0140	0.015	0.107
7.947	0.1879	0.016	0.722	0.0139	0.010	0.103
7.952	0.1992	0.023	0.715	0.0127	0.007	0.093
7.957	0.1957	0.020	0.754	0.0130	0.006	0.087
7.962	0.1901	0.018	0.710	0.0113	0.004	0.072
7.967	0.2137	0.016	0.664	0.0174	0.002	0.066
7.972	0.1863	0.016	0.516	0.0239	0.001	0.056
7.977	0.1553	0.020	0.483	0.0214	0.001	0.061
7.982	0.1738	0.009	0.322	0.0250	0.002	0.081
7.987	0.1431	0.016	0.303	0.0329	0.002	0.065
7.992	0.0551	0.023	0.397	0.0272	0.001	0.057
7.997	0.0286	0.020	0.501	0.0267	0.001	0.068
8.002	0.0305	0.009	0.554	0.0188	0.001	0.057
8.007	0.0235	0.027	0.462	0.0205	0.001	0.045
8.012	0.0202	0.023	0.427	0.0278	0.000	0.042
8.017	0.0171	0.025	0.456	0.0188	0.001	0.056
8.022	0.0210	0.018	0.401	0.0148	0.121	0.227
8.027	0.0246	0.014	0.319	0.0114	0.337	0.297
8.032	0.0219	0.057	0.268	0.0202	0.356	0.295
8.037	0.0175	0.100	0.349	0.0298	0.131	0.227
8.042	0.0152	0.059	0.484	0.0383	0.014	0.140
8.047	0.0264	0.034	0.569	0.0268	0.003	0.096
8.052	0.0456	0.011	0.632	0.0237	0.001	0.063
8.057	0.0932	0.014	0.479	0.0186	0.001	0.059
8.062	0.1201	0.009	0.457	0.0286	0.001	0.055
8.067	0.1117	0.018	0.512	0.0171	0.001	0.051
8.072	0.1040	0.020	0.399	0.0293	0.001	0.048
8.077	0.1167	0.016	0.446	0.0205	0.001	0.063
8.082	0.1045	0.011	0.367	0.0223	0.001	0.109
8.087	0.1150	0.016	0.363	0.0236	0.001	0.119
8.092	0.0413	0.025	0.186	0.0276	0.001	0.063
8.097	0.0300	0.018	0.201	0.0428	0.000	0.052
8.102	0.0085	0.023	0.362	0.0275	0.000	0.041
8.107	0.0191	0.014	0.509	0.0289	0.000	0.041
8.112	0.0259	0.016	0.492	0.0329	0.000	0.040
8.117	0.0250	0.005	0.487	0.0200	0.000	0.039
8.122	0.0164	0.016	0.450	0.0372	0.000	0.055
8.127	0.0091	0.011	0.472	0.0316	0.000	0.053
8.132	0.0060	0.011	0.326	0.0289	0.000	0.049
8.137	0.0065	0.009	0.193	0.0251	0.000	0.055
8.141	0.0052	0.016	0.328	0.0321	0.000	0.060
8.146	0.0021	0.034	0.369	0.0390	0.000	0.058
8.151	0.0032	0.009	0.454	0.0203	0.000	0.061
8.156	0.0037	0.014	0.482	0.0176	0.000	0.073
8.161	0.0030	0.020	0.333	0.0180	0.000	0.099
8.166	0.0025	0.011	0.145	0.0357	0.001	0.125
8.171	0.0015	0.011	0.182	0.0195	0.139	0.341
8.176	0.0016	0.009	0.190	0.0114	0.103	0.289
8.181	0.0014	0.027	0.223	0.0106	0.091	0.294
8.186	0.0127	0.032	0.195	0.0136	0.144	0.351
8.191	0.0085	0.064	0.203	0.0180	0.096	0.328
8.196	0.0088	0.082	0.277	0.0141	0.075	0.301
8.201	0.0109	0.066	0.214	0.0184	0.099	0.301
8.206	0.0118	0.075	0.129	0.0167	0.172	0.298
8.211	0.0195	0.073	0.187	0.0156	0.259	0.301
8.216	0.0120	0.089	0.216	0.0163	0.235	0.295
8.221	0.0121	0.098	0.215	0.0174	0.207	0.274
8.226	0.0117	0.073	0.223	0.0143	0.261	0.259
8.231	0.0181	0.095	0.113	0.0209	0.208	0.238
8.236	0.0183	0.080	0.339	0.0512	0.078	0.164
8.241	0.0142	0.089	0.423	0.0301	0.009	0.087
8.246	0.0149	0.039	0.592	0.0316	0.005	0.065
8.251	0.0415	0.009	0.696	0.0175	0.003	0.050
8.256	0.0859	0.014	0.716	0.0154	0.002	0.045
8.261	0.1528	0.011	0.660	0.0257	0.001	0.051
8.266	0.2014	0.009	0.627	0.0291	0.001	0.053
8.271	0.2089	0.016	0.706	0.0291	0.001	0.046
8.276	0.2206	0.023	0.699	0.0133	0.001	0.047
8.281	0.2796	0.027	0.621	0.0207	0.003	0.061
8.286	0.1947	0.023	0.576	0.0114	0.006	0.067
8.291	0.1594	0.032	0.633	0.0504	0.003	0.080
8.296	0.2547	0.032	0.690	0.0243	0.001	0.091
8.301	0.2920	0.027	0.660	0.0149	0.002	0.110
8.306	0.5194	0.027	0.519	0.0211	0.004	0.118
8.311	0.3820	0.023	0.346	0.0303	0.012	0.123
8.316	0.1916	0.036	0.369	0.0240	0.010	0.113
8.321	0.1970	0.030	0.435	0.0221	0.010	0.155
8.326	0.1232	0.025	0.401	0.0232	0.012	0.170
8.331	0.1431	0.027	0.395	0.0178	0.015	0.172
8.336	0.0873	0.030	0.377	0.0197	0.018	0.175
8.341	0.1228	0.030	0.478	0.0166	0.049	0.194
8.346	0.1071	0.036	0.379	0.0188	0.063	0.220
8.351	0.0442	0.043	0.309	0.0113	0.086	0.262
8.356	0.0574	0.036	0.191	0.0132	0.160	0.334
8.361	0.0255	0.070	0.175	0.0135	0.308	0.339
8.366	0.0214	0.095	0.141	0.0103	0.512	0.363
8.371	0.0476	0.075	0.121	0.0133	0.651	0.392
8.376	0.0407	0.123	0.179	0.0149	0.649	0.389
8.381	0.0445	0.123	0.128	0.0157	0.889	0.376
8.386	0.0502	0.125	0.135	0.0123	0.937	0.361
8.391	0.0587	0.136	0.125	0.0121	0.951	0.355
8.396	0.0869	0.150	0.143	0.0136	0.950	0.376
8.401	0.0600	0.155	0.244	0.0123	0.958	0.384
8.406	0.0629	0.159	0.238	0.0111	0.951	0.391
8.411	0.0691	0.159	0.168	0.0125	0.928	0.392
8.416	0.0611	0.175	0.120	0.0144	0.921	0.386
8.421	0.0422	0.157	0.159	0.0120	0.931	0.380
8.426	0.0374	0.164	0.194	0.0129	0.939	0.379
8.431	0.0578	0.152	0.153	0.0138	0.964	0.360
8.436	0.0607	0.152	0.142	0.0152	0.968	0.331
8.441	0.0629	0.150	0.182	0.0143	0.970	0.347
8.446	0.0723	0.180	0.221	0.0151	0.974	0.350
8.451	0.0731	0.175	0.219	0.0133	0.971	0.325
8.456	0.0840	0.125	0.218	0.0141	0.966	0.322
8.461	0.0772	0.148	0.162	0.0142	0.970	0.367
8.466	0.0471	0.161	0.168	0.0129	0.970	0.369
8.471	0.0581	0.141	0.130	0.0117	0.970	0.371
8.476	0.0441	0.157	0.109	0.0137	0.969	0.371
8.481	0.0401	0.173	0.129	0.0136	0.948	0.376
8.486	0.0340	0.143	0.192	0.0146	0.947	0.380
8.491	0.0368	0.157	0.209	0.0119	0.925	0.352
8.496	0.0275	0.175	0.169	0.0118	0.878	0.355
8.501	0.0289	0.159	0.116	0.0139	0.907	0.385
8.506	0.0298	0.161	0.141	0.0127	0.941	0.376
8.511	0.0207	0.175	0.156	0.0109	0.866	0.374
8.516	0.0305	0.168	0.136	0.0161	0.818	0.355
8.521	0.0195	0.145	0.193	0.0104	0.724	0.353
8.526	0.0225	0.125	0.159	0.0118	0.762	0.394
8.531	0.0183	0.148	0.121	0.0132	0.795	0.388
8.536	0.0154	0.198	0.128	0.0108	0.775	0.359
8.541	0.0123	0.177	0.122	0.0144	0.712	0.369
8.546	0.0105	0.175	0.141	0.0132	0.753	0.377
8.551	0.0090	0.166	0.171	0.0131	0.675	0.360
8.556	0.0108	0.157	0.172	0.0151	0.485	0.359
8.561	0.0123	0.145	0.136	0.0112	0.388	0.374
8.566	0.0144	0.095	0.100	0.0115	0.530	0.386
8.571	0.0215	0.127	0.122	0.0128	0.527	0.439
8.576	0.0191	0.130	0.122	0.0125	0.491	0.401
8.580	0.0192	0.145	0.146	0.0131	0.467	0.375
8.585	0.0327	0.118	0.161	0.0128	0.492	0.377
8.590	0.0264	0.107	0.304	0.0314	0.216	0.323
8.595	0.0252	0.116	0.475	0.0332	0.035	0.233
8.600	0.0224	0.061	0.603	0.0351	0.004	0.134
8.605	0.0568	0.023	0.580	0.0252	0.001	0.088
8.610	0.0825	0.025	0.528	0.0279	0.000	0.051
8.615	0.1341	0.025	0.576	0.0276	0.000	0.037
8.620	0.1679	0.023	0.637	0.0279	0.000	0.029
8.625	0.1978	0.014	0.688	0.0208	0.000	0.027
8.630	0.2165	0.007	0.687	0.0205	0.000	0.024
8.635	0.2141	0.014	0.669	0.0274	0.000	0.022
8.640	0.2203	0.014	0.536	0.0181	0.000	0.026
8.645	0.2246	0.018	0.488	0.0253	0.000	0.030
8.650	0.1732	0.014	0.534	0.0217	0.000	0.030
8.655	0.1493	0.020	0.482	0.0257	0.000	0.026
8.660	0.1709	0.023	0.516	0.0267	0.000	0.026
8.665	0.1624	0.023	0.579	0.0273	0.000	0.026
8.670	0.1375	0.016	0.567	0.0279	0.000	0.025
8.675	0.1435	0.016	0.506	0.0126	0.000	0.027
8.680	0.2322	0.009	0.429	0.0202	0.000	0.031
8.685	0.2285	0.011	0.484	0.0265	0.000	0.032
8.690	0.1010	0.014	0.431	0.0287	0.000	0.032
8.695	0.1337	0.018	0.468	0.0233	0.000	0.028
8.700	0.2329	0.020	0.530	0.0224	0.000	0.030
8.705	0.1306	0.023	0.536	0.0257	0.000	0.032
8.710	0.1306	0.011	0.551	0.0190	0.000	0.035
8.715	0.2615	0.020	0.606	0.0239	0.000	0.035
8.720	0.1206	0.014	0.553	0.0359	0.000	0.036
8.725	0.1593	0.025	0.490	0.0193	0.000	0.036
8.730	0.2084	0.025	0.551	0.0181	0.000	0.042
8.735	0.1101	0.011	0.536	0.0181	0.000	0.047
8.740	0.0774	0.020	0.530	0.0153	0.001	0.050
8.745	0.1731	0.023	0.602	0.0230	0.001	0.052
8.750	0.0653	0.020	0.480	0.0273	0.001	0.050
8.755	0.1343	0.025	0.511	0.0271	0.001	0.047
8.760	0.1341	0.032	0.574	0.0167	0.001	0.044
8.765	0.0930	0.030	0.499	0.0223	0.001	0.053
8.770	0.1271	0.034	0.516	0.0180	0.001	0.056
8.775	0.0822	0.016	0.497	0.0204	0.001	0.061
8.780	0.0883	0.025	0.452	0.0251	0.002	0.062
8.785	0.1431	0.016	0.570	0.0192	0.002	0.059
8.790	0.0563	0.020	0.541	0.0179	0.004	0.072
8.795	0.1107	0.032	0.536	0.0117	0.004	0.071
8.800	0.1206	0.032	0.564	0.0171	0.003	0.068
8.805	0.0663	0.025	0.462	0.0159	0.006	0.080
8.810	0.0908	0.020	0.498	0.0186	0.017	0.093
8.815	0.0522	0.020	0.498	0.0175	0.044	0.095
8.820	0.0551	0.025	0.505	0.0160	0.031	0.104
8.825	0.0664	0.034	0.583	0.0096	0.017	0.106
8.830	0.0365	0.016	0.534	0.0170	0.034	0.114
8.835	0.0358	0.023	0.498	0.0215	0.035	0.106
8.840	0.0468	0.032	0.507	0.0182	0.011	0.107
8.845	0.0368	0.030	0.456	0.0223	0.013	0.118
8.850	0.0392	0.020	0.484	0.0212	0.011	0.111
8.855	0.0366	0.023	0.589	0.0269	0.008	0.090
8.860	0.0210	0.025	0.440	0.0236	0.013	0.094
8.865	0.0508	0.018	0.477	0.0261	0.013	0.094
8.870	0.0382	0.011	0.347	0.0348	0.004	0.098
8.875	0.0205	0.011	0.188	0.0444	0.004	0.105
8.880	0.0343	0.011	0.524	0.0325	0.003	0.108
8.885	0.0190	0.016	0.676	0.0309	0.002	0.100
8.890	0.0262	0.014	0.496	0.0314	0.004	0.113
8.895	0.0210	0.016	0.356	0.0329	0.006	0.101
8.900	0.0083	0.020	0.480	0.0238	0.006	0.095
8.905	0.0090	0.032	0.304	0.0194	0.011	0.110
8.910	0.0072	0.032	0.315	0.0323	0.006	0.090
8.915	0.0046	0.025	0.389	0.0233	0.004	0.076
8.920	0.0122	0.016	0.189	0.0473	0.007	0.072
8.925	0.0069	0.018	0.507	0.0308	0.006	0.084
8.930	0.0064	0.023	0.638	0.0390	0.003	0.079
8.935	0.0078	0.014	0.624	0.0234	0.003	0.081
8.940	0.0076	0.014	0.405	0.0301	0.018	0.081
8.945	0.0099	0.016	0.317	0.0186	0.015	0.085
8.950	0.0076	0.027	0.285	0.0464	0.009	0.084
8.955	0.0094	0.011	0.418	0.0224	0.008	0.089
8.960	0.0122	0.020	0.376	0.0222	0.012	0.093
8.965	0.0152	0.020	0.254	0.0215	0.027	0.099
8.970	0.0169	0.014	0.381	0.0205	0.055	0.109
8.975	0.0162	0.020	0.294	0.0257	0.059	0.118
8.980	0.0135	0.030	0.340	0.0248	0.034	0.138
8.985	0.0150	0.009	0.341	0.0191	0.034	0.130
8.990	0.0249	0.039	0.382	0.0128	0.053	0.142
8.995	0.0227	0.050	0.349	0.0174	0.040	0.146
9.000	0.0227	0.041	0.415	0.0153	0.016	0.129
9.005	0.0170	0.027	0.390	0.0172	0.019	0.136
9.010	0.0225	0.036	0.368	0.0196	0.023	0.156
9.015	0.0243	0.025	0.392	0.0171	0.025	0.137
9.020	0.0208	0.034	0.441	0.0198	0.032	0.132
9.024	0.0296	0.030	0.454	0.0174	0.024	0.124
9.029	0.0242	0.009	0.518	0.0308	0.009	0.106
9.034	0.0155	0.025	0.524	0.0146	0.006	0.092
9.039	0.0528	0.009	0.487	0.0312	0.003	0.064
9.044	0.0383	0.011	0.556	0.0280	0.001	0.054
9.049	0.0443	0.009	0.667	0.0331	0.001	0.042
9.054	0.0770	0.011	0.717	0.0274	0.000	0.038
9.059	0.1180	0.009	0.710	0.0123	0.001	0.038
9.064	0.0926	0.009	0.699	0.0229	0.001	0.037
9.069	0.0759	0.009	0.734	0.0185	0.001	0.033
9.074	0.0766	0.014	0.713	0.0086	0.001	0.029
9.079	0.0707	0.007	0.743	0.0221	0.000	0.029
9.084	0.0699	0.011	0.781	0.0234	0.000	0.028
9.089	0.0932	0.007	0.744	0.0158	0.000	0.024
9.094	0.0853	0.009	0.783	0.0235	0.000	0.022
9.099	0.0805	0.009	0.797	0.0260	0.000	0.021
9.104	0.1060	0.009	0.758	0.0262	0.000	0.019
9.109	0.1024	0.009	0.813	0.0300	0.000	0.020
9.114	0.1339	0.009	0.803	0.0133	0.000	0.019
9.119	0.1278	0.007	0.768	0.0342	0.000	0.015
9.124	0.1045	0.009	0.832	0.0311	0.000	0.015
9.129	0.1328	0.009	0.780	0.0317	0.000	0.014
9.134	0.0823	0.009	0.798	0.0239	0.000	0.016
9.139	0.1103	0.009	0.765	0.0202	0.000	0.017
9.144	0.1425	0.009	0.679	0.0238	0.000	0.017
9.149	0.0702	0.009	0.687	0.0168	0.000	0.022
9.154	0.0989	0.009	0.649	0.0159	0.000	0.023
9.159	0.1145	0.007	0.608	0.0242	0.000	0.022
9.164	0.0496	0.009	0.559	0.0253	0.000	0.023
9.169	0.0578	0.009	0.578	0.0156	0.000	0.020
9.174	0.0615	0.009	0.630	0.0155	0.000	0.019
9.179	0.0445	0.014	0.557	0.0228	0.000	0.019
9.184	0.0741	0.011	0.586	0.0259	0.000	0.019
9.189	0.0570	0.011	0.610	0.0316	0.000	0.020
9.194	0.0480	0.014	0.573	0.0307	0.000	0.017
9.199	0.0666	0.014	0.603	0.0202	0.000	0.013
9.204	0.0647	0.009	0.573	0.0113	0.000	0.014
9.209	0.0529	0.014	0.575	0.0312	0.000	0.017
9.214	0.0456	0.011	0.581	0.0362	0.000	0.018
9.219	0.0540	0.007	0.527	0.0198	0.000	0.021
9.224	0.0218	0.009	0.483	0.0398	0.000	0.023
9.229	0.0186	0.007	0.523	0.0143	0.000	0.027
9.234	0.0225	0.007	0.569	0.0148	0.000	0.032
9.239	0.0114	0.005	0.522	0.0429	0.000	0.033
9.244	0.0091	0.007	0.422	0.0245	0.000	0.032
9.249	0.0095	0.007	0.244	0.0600	0.000	0.031
9.254	0.0095	0.014	0.243	0.0597	0.000	0.033
9.259	0.0058	0.009	0.424	0.0337	0.000	0.034
9.264	0.0083	0.014	0.435	0.0277	0.000	0.033
9.269	0.0088	0.005	0.417	0.0421	0.000	0.033
9.274	0.0034	0.011	0.394	0.0308	0.000	0.035
9.279	0.0063	0.009	0.570	0.0436	0.000	0.031
9.284	0.0033	0.007	0.510	0.0292	0.000	0.029
9.289	0.0078	0.005	0.394	0.0422	0.000	0.028
9.294	0.0072	0.009	0.468	0.0492	0.000	0.026
9.299	0.0080	0.007	0.580	0.0331	0.000	0.026
9.304	0.0035	0.007	0.315	0.0500	0.000	0.031
9.309	0.0083	0.011	0.362	0.0563	0.000	0.023
9.314	0.0050	0.005	0.406	0.0552	0.000	0.020
9.319	0.0047	0.007	0.450	0.0587	0.000	0.023
9.324	0.0057	0.007	0.505	0.0379	0.000	0.024
9.329	0.0092	0.005	0.570	0.0445	0.000	0.024
9.334	0.0076	0.002	0.635	0.0454	0.000	0.020
9.339	0.0023	0.009	0.623	0.0197	0.000	0.021
9.344	0.0137	0.002	0.631	0.0152	0.000	0.022
9.349	0.0119	0.005	0.648	0.0101	0.000	0.018
9.354	0.0096	0.002	0.627	0.0192	0.000	0.015
9.359	0.0075	0.005	0.617	0.0177	0.000	0.015
9.364	0.0230	0.002	0.613	0.0103	0.000	0.014
9.369	0.0244	0.005	0.648	0.0093	0.000	0.012
9.374	0.0098	0.002	0.609	0.0267	0.000	0.013
9.379	0.0252	0.002	0.602	0.0212	0.000	0.018
9.384	0.0382	0.005	0.650	0.0113	0.000	0.022
9.389	0.0279	0.002	0.652	0.0172	0.000	0.025
9.394	0.0125	0.002	0.602	0.0150	0.000	0.029
9.399	0.0612	0.009	0.620	0.0145	0.000	0.030
9.404	0.0458	0.009	0.640	0.0283	0.000	0.032
9.409	0.0162	0.016	0.659	0.0116	0.000	0.039
9.414	0.0601	0.016	0.630	0.0066	0.000	0.042
9.419	0.0634	0.020	0.599	0.0142	0.000	0.042
9.424	0.0378	0.011	0.543	0.0230	0.000	0.046
9.429	0.0226	0.009	0.568	0.0206	0.000	0.050
9.434	0.0857	0.018	0.594	0.0190	0.000	0.039
9.439	0.1057	0.020	0.562	0.0179	0.000	0.028
9.444	0.0960	0.016	0.560	0.0228	0.000	0.025
9.449	0.0780	0.007	0.665	0.0123	0.000	0.022
9.454	0.1042	0.009	0.693	0.0144	0.000	0.022
9.459	0.1992	0.007	0.659	0.0156	0.000	0.023
9.463	0.2167	0.009	0.691	0.0124	0.000	0.024
9.468	0.2320	0.011	0.703	0.0124	0.000	0.025
9.473	0.2102	0.009	0.699	0.0131	0.000	0.027
9.478	0.2214	0.007	0.710	0.0119	0.000	0.031
9.483	0.1857	0.007	0.702	0.0119	0.000	0.037
9.488	0.1896	0.009	0.708	0.0077	0.000	0.039
9.493	0.1985	0.009	0.696	0.0067	0.000	0.037
9.498	0.2047	0.007	0.695	0.0142	0.000	0.044
9.503	0.1964	0.009	0.693	0.0108	0.000	0.045
9.508	0.2362	0.014	0.728	0.0141	0.000	0.042
9.513	0.2183	0.011	0.733	0.0127	0.001	0.043
9.518	0.2352	0.009	0.742	0.0105	0.001	0.045
9.523	0.2613	0.007	0.751	0.0136	0.001	0.047
9.528	0.2122	0.009	0.745	0.0148	0.001	0.050
9.533	0.2382	0.007	0.760	0.0101	0.001	0.056
9.538	0.2354	0.009	0.755	0.0090	0.001	0.059
9.543	0.1902	0.009	0.688	0.0103	0.001	0.061
9.548	0.2154	0.007	0.549	0.0240	0.001	0.062
9.553	0.1675	0.009	0.491	0.0294	0.001	0.063
9.558	0.1237	0.011	0.721	0.0200	0.001	0.053
9.563	0.1251	0.009	0.716	0.0121	0.001	0.053
9.568	0.1239	0.007	0.708	0.0186	0.001	0.052
9.573	0.0972	0.009	0.690	0.0157	0.001	0.048
9.578	0.0635	0.014	0.693	0.0090	0.001	0.049
9.583	0.0738	0.011	0.672	0.0078	0.002	0.054
9.588	0.0666	0.018	0.658	0.0140	0.001	0.054
9.593	0.1145	0.007	0.678	0.0128	0.001	0.054
9.598	0.1213	0.009	0.660	0.0127	0.001	0.074
9.603	0.1377	0.007	0.639	0.0222	0.002	0.071
9.608	0.1107	0.014	0.622	0.0258	0.001	0.054
9.613	0.1002	0.011	0.616	0.0213	0.001	0.053
9.618	0.0892	0.011	0.669	0.0119	0.001	0.048
9.623	0.0836	0.009	0.696	0.0111	0.001	0.048
9.628	0.1328	0.011	0.637	0.0119	0.002	0.052
9.633	0.1480	0.011	0.611	0.0155	0.003	0.052
9.638	0.1345	0.016	0.655	0.0094	0.001	0.051
9.643	0.0895	0.016	0.655	0.0136	0.001	0.050
9.648	0.1145	0.011	0.635	0.0092	0.001	0.052
9.653	0.1150	0.011	0.612	0.0108	0.002	0.054
9.658	0.1023	0.007	0.612	0.0081	0.005	0.049
9.663	0.0761	0.016	0.621	0.0093	0.005	0.050
9.668	0.0655	0.007	0.562	0.0147	0.003	0.046
9.673	0.0816	0.020	0.577	0.0190	0.003	0.043
9.678	0.0616	0.020	0.611	0.0159	0.001	0.036
9.683	0.0698	0.018	0.590	0.0139	0.001	0.038
9.688	0.1108	0.014	0.625	0.0130	0.001	0.037
9.693	0.0808	0.020	0.603	0.0136	0.001	0.037
9.698	0.0976	0.014	0.606	0.0177	0.001	0.035
9.703	0.0924	0.007	0.581	0.0170	0.001	0.038
9.708	0.1350	0.023	0.486	0.0190	0.001	0.034
9.713	0.0787	0.018	0.527	0.0189	0.000	0.031
9.718	0.1009	0.020	0.609	0.0186	0.000	0.030
9.723	0.2483	0.027	0.628	0.0149	0.000	0.028
9.728	0.2425	0.011	0.602	0.0116	0.000	0.030
9.733	0.1791	0.014	0.606	0.0152	0.001	0.034
9.738	0.2013	0.014	0.603	0.0180	0.001	0.039
9.743	0.1928	0.011	0.610	0.0193	0.001	0.039
9.748	0.1437	0.011	0.536	0.0151	0.001	0.035
9.753	0.1159	0.014	0.599	0.0318	0.001	0.038
9.758	0.1075	0.014	0.627	0.0255	0.001	0.040
9.763	0.1157	0.009	0.569	0.0284	0.002	0.042
9.768	0.0685	0.018	0.541	0.0249	0.004	0.051
9.773	0.0667	0.027	0.421	0.0300	0.007	0.055
9.778	0.0270	0.020	0.563	0.0257	0.002	0.046
9.783	0.0247	0.020	0.435	0.0196	0.001	0.050
9.788	0.0207	0.023	0.344	0.0317	0.002	0.055
9.793	0.0108	0.016	0.392	0.0399	0.001	0.040
9.798	0.0108	0.018	0.416	0.0314	0.000	0.033
9.803	0.0107	0.016	0.574	0.0237	0.000	0.039
9.808	0.0141	0.011	0.553	0.0449	0.000	0.036
9.813	0.0072	0.014	0.628	0.0480	0.000	0.027
9.818	0.0045	0.011	0.769	0.0298	0.000	0.028
9.823	0.0177	0.009	0.696	0.0268	0.000	0.028
9.828	0.0145	0.009	0.725	0.0499	0.000	0.024
9.833	0.0186	0.007	0.746	0.0348	0.000	0.021
9.838	0.0251	0.009	0.553	0.0395	0.000	0.019
9.843	0.0243	0.009	0.454	0.0299	0.001	0.019
9.848	0.0426	0.007	0.499	0.0263	0.001	0.022
9.853	0.0208	0.011	0.490	0.0419	0.000	0.021
9.858	0.0275	0.009	0.546	0.0217	0.000	0.020
9.863	0.0473	0.011	0.695	0.0166	0.000	0.020
9.868	0.0901	0.007	0.655	0.0168	0.000	0.020
9.873	0.0603	0.011	0.509	0.0253	0.001	0.026
9.878	0.1229	0.009	0.366	0.0401	0.001	0.030
9.883	0.1295	0.009	0.306	0.0280	0.001	0.030
9.888	0.0647	0.023	0.424	0.0366	0.003	0.032
9.893	0.1814	0.014	0.473	0.0298	0.004	0.038
9.898	0.1838	0.025	0.559	0.0229	0.003	0.039
9.902	0.1745	0.025	0.554	0.0158	0.002	0.039
9.907	0.3084	0.030	0.365	0.0322	0.003	0.042
9.912	0.1431	0.030	0.391	0.0267	0.002	0.046
9.917	0.1801	0.036	0.483	0.0124	0.004	0.049
9.922	0.2906	0.030	0.542	0.0204	0.003	0.049
9.927	0.0872	0.036	0.507	0.0192	0.003	0.052
9.932	0.1719	0.039	0.593	0.0178	0.003	0.051
9.937	0.1848	0.032	0.601	0.0214	0.002	0.055
9.942	0.1526	0.030	0.518	0.0152	0.002	0.053
9.947	0.2290	0.034	0.444	0.0208	0.002	0.048
9.952	0.0979	0.032	0.502	0.0193	0.003	0.045
9.957	0.1254	0.018	0.485	0.0203	0.002	0.048
9.962	0.2007	0.034	0.569	0.0202	0.003	0.049
9.967	0.0877	0.018	0.586	0.0213	0.002	0.051
9.972	0.1531	0.018	0.543	0.0205	0.001	0.048
9.977	0.1660	0.014	0.494	0.0192	0.001	0.051
9.982	0.1295	0.018	0.448	0.0201	0.001	0.056
9.987	0.1521	0.018	0.386	0.0284	0.001	0.060
9.992	0.0789	0.023	0.362	0.0272	0.001	0.059
9.997	0.0622	0.016	0.462	0.0207	0.002	0.070
10.002	0.0869	0.011	0.432	0.0180	0.003	0.083
10.007	0.0486	0.011	0.447	0.0314	0.003	0.088
10.012	0.0448	0.009	0.385	0.0160	0.003	0.096
10.017	0.0297	0.007	0.434	0.0173	0.002	0.077
10.022	0.0382	0.009	0.460	0.0222	0.002	0.079
10.027	0.0227	0.023	0.463	0.0242	0.002	0.078
10.032	0.0152	0.023	0.433	0.0259	0.002	0.082
10.037	0.0190	0.018	0.351	0.0196	0.001	0.087
10.042	0.0087	0.018	0.351	0.0232	0.001	0.082
10.047	0.0108	0.025	0.473	0.0260	0.000	0.047
10.052	0.0131	0.016	0.523	0.0269	0.000	0.035
10.057	0.0063	0.011	0.480	0.0423	0.000	0.036
10.062	0.0079	0.018	0.501	0.0283	0.000	0.038
10.067	0.0075	0.014	0.568	0.0424	0.000	0.045
10.072	0.0039	0.016	0.651	0.0158	0.000	0.051
10.077	0.0049	0.014	0.519	0.0307	0.000	0.057
10.082	0.0043	0.014	0.520	0.0362	0.000	0.062
10.087	0.0020	0.014	0.467	0.0234	0.000	0.078
10.092	0.0027	0.014	0.487	0.0458	0.000	0.084
10.097	0.0015	0.014	0.434	0.0214	0.000	0.121
10.102	0.0008	0.011	0.444	0.0163	0.000	0.147
10.107	0.0010	0.011	0.483	0.0430	0.001	0.151
10.112	0.0003	0.011	0.161	0.0460	0.001	0.182
10.117	0.0005	0.014	0.425	0.0559	0.008	0.162
10.122	0.0004	0.016	0.358	0.0183	0.007	0.149
10.127	0.0007	0.030	0.555	0.0317	0.006	0.144
10.132	0.0240	0.032	0.565	0.0263	0.005	0.140
10.137	0.0199	0.032	0.577	0.0187	0.009	0.196
10.142	0.0301	0.032	0.455	0.0348	0.013	0.218
10.147	0.0160	0.034	0.270	0.0529	0.016	0.232
10.152	0.0114	0.032	0.363	0.0293	0.010	0.190
10.157	0.0074	0.027	0.456	0.0339	0.007	0.187
10.162	0.0222	0.030	0.410	0.0345	0.012	0.220
10.167	0.0109	0.027	0.407	0.0143	0.023	0.249
10.172	0.0098	0.027	0.346	0.0209	0.042	0.267
10.177	0.0054	0.068	0.344	0.0147	0.066	0.311
10.182	0.0069	0.043	0.270	0.0243	0.101	0.329
10.187	0.0016	0.070	0.232	0.0263	0.047	0.285
10.192	0.0026	0.055	0.266	0.0341	0.018	0.235
10.197	0.0021	0.034	0.238	0.0176	0.005	0.167
10.202	0.0042	0.016	0.281	0.0299	0.005	0.172
10.207	0.0014	0.025	0.497	0.0568	0.001	0.120
10.212	0.0014	0.014	0.496	0.0471	0.001	0.083
10.217	0.0020	0.011	0.369	0.0291	0.000	0.054
10.222	0.0044	0.005	0.367	0.0430	0.000	0.038
10.227	0.0026	0.007	0.514	0.0458	0.000	0.029
10.232	0.0056	0.002	0.609	0.0309	0.000	0.022
10.237	0.0085	0.009	0.605	0.0260	0.000	0.015
10.242	0.0114	0.005	0.626	0.0189	0.000	0.014
10.247	0.0071	0.007	0.640	0.0154	0.000	0.012
10.252	0.0073	0.009	0.611	0.0281	0.000	0.011
10.257	0.0206	0.002	0.623	0.0198	0.000	0.010
10.262	0.0208	0.005	0.642	0.0252	0.000	0.009
10.267	0.0100	0.002	0.607	0.0353	0.000	0.032
10.272	0.0234	0.002	0.576	0.0282	0.000	0.051
10.277	0.0239	0.007	0.602	0.0235	0.000	0.034
10.282	0.0129	0.005	0.503	0.0499	0.000	0.029
10.287	0.0258	0.007	0.471	0.0231	0.000	0.038
10.292	0.0356	0.007	0.578	0.0342	0.000	0.029
10.297	0.0214	0.005	0.565	0.0244	0.000	0.025
10.302	0.0570	0.007	0.565	0.0277	0.000	0.028
10.307	0.0745	0.007	0.567	0.0345	0.000	0.028
10.312	0.0855	0.009	0.541	0.0328	0.000	0.030
10.317	0.0877	0.014	0.530	0.0245	0.000	0.033
10.322	0.1576	0.009	0.585	0.0273	0.000	0.039
10.327	0.1119	0.011	0.587	0.0168	0.000	0.049
10.332	0.1600	0.009	0.604	0.0128	0.000	0.046
10.337	0.1798	0.009	0.647	0.0179	0.000	0.041
10.341	0.0968	0.014	0.621	0.0170	0.000	0.038
10.346	0.1451	0.014	0.561	0.0217	0.000	0.042
10.351	0.2032	0.009	0.558	0.0260	0.000	0.038
10.356	0.1330	0.020	0.473	0.0204	0.000	0.037
10.361	0.1423	0.009	0.386	0.0205	0.001	0.040
10.366	0.1583	0.016	0.485	0.0366	0.001	0.041
10.371	0.0653	0.009	0.551	0.0209	0.001	0.040
10.376	0.0800	0.014	0.563	0.0182	0.001	0.034
10.381	0.1157	0.018	0.598	0.0159	0.001	0.032
10.386	0.0801	0.014	0.590	0.0195	0.001	0.031
10.391	0.0710	0.009	0.553	0.0164	0.001	0.033
10.396	0.0883	0.025	0.517	0.0229	0.001	0.049
10.401	0.0788	0.014	0.470	0.0241	0.002	0.049
10.406	0.0749	0.011	0.483	0.0306	0.001	0.042
10.411	0.0578	0.011	0.563	0.0248	0.001	0.037
10.416	0.0719	0.014	0.537	0.0181	0.001	0.041
10.421	0.1292	0.007	0.616	0.0200	0.001	0.040
10.426	0.0495	0.014	0.575	0.0373	0.001	0.042
10.431	0.0770	0.014	0.545	0.0191	0.001	0.044
10.436	0.1401	0.014	0.609	0.0266	0.000	0.039
10.441	0.0624	0.011	0.531	0.0168	0.000	0.046
10.446	0.0756	0.014	0.542	0.0171	0.000	0.044
10.451	0.0665	0.016	0.506	0.0249	0.000	0.046
10.456	0.0600	0.011	0.511	0.0209	0.000	0.041
10.461	0.1207	0.016	0.593	0.0382	0.000	0.039
10.466	0.0406	0.016	0.508	0.0308	0.000	0.041
10.471	0.0639	0.014	0.545	0.0173	0.000	0.043
10.476	0.0574	0.007	0.566	0.0394	0.000	0.033
10.481	0.0386	0.014	0.511	0.0214	0.000	0.029
10.486	0.1040	0.007	0.567	0.0398	0.000	0.027
10.491	0.0291	0.014	0.492	0.0245	0.000	0.028
10.496	0.0747	0.011	0.544	0.0248	0.000	0.025
10.501	0.0399	0.005	0.503	0.0381	0.000	0.027
10.506	0.0422	0.009	0.541	0.0226	0.000	0.024
10.511	0.0514	0.005	0.547	0.0482	0.000	0.024
10.516	0.0283	0.007	0.508	0.0188	0.000	0.025
10.521	0.0670	0.005	0.567	0.0428	0.000	0.022
10.526	0.0304	0.009	0.455	0.0379	0.000	0.019
10.531	0.0425	0.020	0.513	0.0269	0.000	0.018
10.536	0.0593	0.011	0.496	0.0404	0.000	0.017
10.541	0.0401	0.011	0.392	0.0343	0.000	0.019
10.546	0.1204	0.018	0.405	0.0369	0.000	0.018
10.551	0.0740	0.014	0.341	0.0288	0.000	0.023
10.556	0.1125	0.018	0.397	0.0239	0.000	0.030
10.561	0.0625	0.020	0.488	0.0210	0.000	0.034
10.566	0.0650	0.011	0.521	0.0172	0.000	0.042
10.571	0.1185	0.016	0.544	0.0348	0.001	0.042
10.576	0.0818	0.014	0.519	0.0220	0.001	0.043
10.581	0.0951	0.016	0.540	0.0289	0.001	0.051
10.586	0.0616	0.020	0.504	0.0227	0.001	0.061
10.591	0.0735	0.011	0.449	0.0272	0.001	0.060
10.596	0.0943	0.014	0.550	0.0155	0.002	0.060
10.601	0.0357	0.016	0.442	0.0200	0.002	0.060
10.606	0.0626	0.032	0.427	0.0226	0.001	0.060
10.611	0.0519	0.020	0.396	0.0286	0.001	0.074
10.616	0.0417	0.018	0.283	0.0296	0.002	0.089
10.621	0.0317	0.018	0.351	0.0370	0.002	0.100
10.626	0.0135	0.032	0.272	0.0242	0.001	0.072
10.631	0.0204	0.027	0.299	0.0480	0.000	0.046
10.636	0.0100	0.016	0.448	0.0189	0.000	0.034
10.641	0.0081	0.005	0.409	0.0242	0.000	0.033
10.646	0.0084	0.020	0.269	0.0240	0.001	0.122
10.651	0.0109	0.011	0.311	0.0166	0.005	0.166
10.656	0.0076	0.025	0.265	0.0220	0.016	0.224
10.661	0.0073	0.014	0.164	0.0173	0.021	0.235
10.666	0.0063	0.039	0.233	0.0175	0.100	0.295
10.671	0.0052	0.050	0.181	0.0130	0.104	0.288
10.676	0.0044	0.039	0.379	0.0300	0.041	0.209
10.681	0.0111	0.043	0.239	0.0494	0.015	0.160
10.686	0.0091	0.036	0.292	0.0328	0.002	0.084
10.691	0.0199	0.007	0.388	0.0460	0.001	0.066
10.696	0.0271	0.007	0.432	0.0272	0.000	0.058
10.701	0.0346	0.014	0.396	0.0384	0.000	0.058
10.706	0.0686	0.007	0.442	0.0173	0.001	0.065
10.711	0.0700	0.020	0.510	0.0234	0.001	0.073
10.716	0.0253	0.011	0.484	0.0344	0.001	0.063
10.721	0.0427	0.016	0.562	0.0240	0.001	0.061
10.726	0.0481	0.007	0.513	0.0268	0.000	0.049
10.731	0.0488	0.011	0.436	0.0300	0.000	0.049
10.736	0.0524	0.016	0.340	0.0270	0.001	0.049
10.741	0.0671	0.018	0.417	0.0330	0.000	0.048
10.746	0.0220	0.018	0.461	0.0230	0.000	0.042
10.751	0.0538	0.011	0.477	0.0267	0.000	0.036
10.756	0.0206	0.009	0.335	0.0283	0.000	0.028
10.761	0.0542	0.009	0.344	0.0517	0.000	0.026
10.766	0.0195	0.005	0.504	0.0273	0.000	0.026
10.771	0.0382	0.005	0.574	0.0159	0.000	0.019
10.776	0.0265	0.005	0.592	0.0429	0.000	0.017
10.780	0.0404	0.009	0.556	0.0213	0.000	0.016
10.785	0.0354	0.005	0.551	0.0662	0.000	0.016
10.790	0.0338	0.007	0.571	0.0276	0.000	0.014
10.795	0.0450	0.005	0.540	0.0722	0.000	0.015
10.800	0.0295	0.005	0.535	0.0270	0.000	0.015
10.805	0.0416	0.005	0.538	0.0629	0.000	0.016
10.810	0.0264	0.005	0.462	0.0296	0.000	0.016
10.815	0.0297	0.005	0.433	0.0631	0.000	0.019
10.820	0.0193	0.005	0.340	0.0334	0.000	0.020
10.825	0.0184	0.005	0.359	0.0480	0.000	0.026
10.830	0.0080	0.007	0.344	0.0276	0.000	0.031
10.835	0.0159	0.000	0.430	0.0412	0.000	0.032
10.840	0.0128	0.005	0.465	0.0889	0.000	0.036
10.845	0.0052	0.005	0.446	0.0528	0.000	0.041
10.850	0.0082	0.005	0.497	0.0543	0.000	0.059
10.855	0.0018	0.009	0.405	0.0374	0.000	0.051
10.860	0.0119	0.007	0.421	0.0908	0.000	0.050
10.865	0.0034	0.005	0.402	0.0613	0.000	0.047
10.870	0.0075	0.005	0.484	0.0625	0.000	0.047
10.875	0.0037	0.005	0.389	0.0419	0.000	0.061
10.880	0.0040	0.005	0.383	0.0573	0.000	0.060
10.885	0.0030	0.005	0.446	0.0469	0.000	0.079
10.890	0.0025	0.002	0.478	0.0537	0.000	0.084
10.895	0.0020	0.002	0.469	0.0164	0.000	0.116
10.900	0.0012	0.002	0.356	0.0321	0.000	0.140
10.905	0.0014	0.002	0.328	0.0281	0.001	0.185
10.910	0.0001	0.002	0.084	0.0241	0.003	0.238
10.915	0.0007	0.009	0.375	0.0309	0.014	0.301
10.920	0.0002	0.027	0.375	0.0164	0.016	0.270
10.925	0.0005	0.036	0.253	0.0224	0.021	0.205
10.930	0.0005	0.041	0.227	0.0189	0.029	0.204
10.935	0.0008	0.045	0.595	0.0477	0.014	0.186
10.940	0.0010	0.070	0.674	0.0204	0.011	0.156
10.945	0.0017	0.032	0.589	0.0130	0.022	0.164
10.950	0.0041	0.032	0.420	0.0251	0.054	0.168
10.955	0.0024	0.036	0.352	0.0261	0.037	0.166
10.960	0.0023	0.034	0.396	0.0208	0.047	0.164
10.965	0.0044	0.057	0.353	0.0213	0.043	0.166
10.970	0.0024	0.039	0.460	0.0154	0.098	0.197
10.975	0.0021	0.050	0.368	0.0188	0.105	0.188
10.980	0.0021	0.048	0.279	0.0198	0.089	0.190
10.985	0.0032	0.043	0.440	0.0144	0.079	0.189
10.990	0.0028	0.050	0.323	0.0138	0.086	0.223
10.995	0.0022	0.039	0.386	0.0190	0.087	0.216
11.000	0.0019	0.070	0.396	0.0119	0.117	0.202
11.005	0.0026	0.050	0.401	0.0193	0.110	0.226
11.010	0.0038	0.057	0.476	0.0164	0.073	0.205
11.015	0.0041	0.052	0.525	0.0135	0.064	0.182
11.020	0.0034	0.048	0.503	0.0128	0.081	0.194
11.025	0.0035	0.050	0.417	0.0187	0.106	0.211
11.030	0.0029	0.052	0.364	0.0184	0.127	0.216
11.035	0.0035	0.059	0.178	0.0135	0.115	0.244
11.040	0.0028	0.039	0.201	0.0185	0.190	0.250
11.045	0.0017	0.084	0.300	0.0161	0.141	0.210
11.050	0.0019	0.055	0.353	0.0181	0.130	0.204
11.055	0.0030	0.052	0.363	0.0210	0.079	0.189
11.060	0.0026	0.039	0.332	0.0153	0.083	0.197
11.065	0.0037	0.045	0.289	0.0199	0.128	0.193
11.070	0.0035	0.050	0.333	0.0172	0.145	0.212
11.075	0.0024	0.068	0.321	0.0203	0.107	0.224
11.080	0.0027	0.052	0.254	0.0173	0.133	0.239
11.085	0.0024	0.064	0.266	0.0174	0.142	0.245
11.090	0.0014	0.066	0.259	0.0173	0.175	0.254
11.095	0.0018	0.045	0.181	0.0158	0.323	0.247
11.100	0.0016	0.070	0.207	0.0137	0.387	0.266
11.105	0.0016	0.095	0.153	0.0148	0.369	0.266
11.110	0.0015	0.093	0.184	0.0161	0.357	0.255
11.115	0.0014	0.086	0.231	0.0202	0.251	0.241
11.120	0.0018	0.075	0.243	0.0203	0.164	0.212
11.125	0.0018	0.066	0.313	0.0132	0.174	0.180
11.130	0.0027	0.052	0.298	0.0236	0.145	0.187
11.135	0.0024	0.066	0.341	0.0151	0.069	0.180
11.140	0.0035	0.043	0.314	0.0159	0.090	0.199
11.145	0.0036	0.057	0.209	0.0161	0.092	0.184
11.150	0.0024	0.048	0.271	0.0232	0.097	0.183
11.155	0.0032	0.070	0.279	0.0139	0.070	0.181
11.160	0.0037	0.030	0.344	0.0330	0.103	0.180
11.165	0.0029	0.057	0.616	0.0186	0.067	0.164
11.170	0.0028	0.048	0.637	0.0165	0.069	0.156
11.175	0.0040	0.036	0.503	0.0153	0.111	0.162
11.180	0.0044	0.048	0.337	0.0197	0.132	0.184
11.185	0.0020	0.055	0.165	0.0199	0.199	0.187
11.190	0.0010	0.075	0.302	0.0210	0.091	0.185
11.195	0.0017	0.064	0.280	0.0186	0.055	0.183
11.200	0.0024	0.041	0.294	0.0182	0.062	0.199
11.205	0.0012	0.048	0.259	0.0231	0.030	0.178
11.210	0.0008	0.039	0.336	0.0234	0.032	0.181
11.215	0.0017	0.039	0.381	0.0216	0.027	0.177
11.220	0.0014	0.043	0.431	0.0346	0.017	0.174
11.224	0.0014	0.041	0.464	0.0332	0.010	0.172
11.229	0.0011	0.039	0.435	0.0277	0.006	0.152
11.234	0.0012	0.039	0.334	0.0226	0.005	0.153
11.239	0.0015	0.036	0.385	0.0304	0.005	0.161
11.244	0.0007	0.041	0.293	0.0199	0.003	0.180
11.249	0.0009	0.036	0.358	0.0333	0.003	0.222
11.254	0.0002	0.034	0.318	0.0277	0.003	0.243
11.259	0.0003	0.039	0.395	0.0500	0.003	0.194
11.264	0.0003	0.030	0.294	0.0175	0.004	0.224
11.269	0.0005	0.034	0.110	0.1181	0.003	0.199
11.274	0.0004	0.034	0.317	0.0621	0.000	0.115
11.279	0.0002	0.030	0.250	0.0633	0.000	0.077
11.284	0.0006	0.005	0.158	0.0534	0.000	0.046
11.289	0.0036	0.002	0.421	0.0235	0.000	0.038
11.294	0.0022	0.005	0.444	0.0422	0.000	0.034
11.299	0.0141	0.014	0.441	0.0236	0.000	0.034
11.304	0.0214	0.009	0.518	0.0292	0.000	0.039
11.309	0.0191	0.007	0.475	0.0286	0.000	0.038
11.314	0.0468	0.014	0.535	0.0288	0.000	0.036
11.319	0.0431	0.007	0.612	0.0245	0.000	0.041
11.324	0.0251	0.016	0.502	0.0222	0.000	0.041
11.329	0.0633	0.020	0.566	0.0219	0.000	0.038
11.334	0.0351	0.009	0.627	0.0317	0.000	0.036
11.339	0.0172	0.025	0.487	0.0250	0.000	0.037
11.344	0.0618	0.020	0.557	0.0260	0.000	0.034
11.349	0.0226	0.009	0.494	0.0389	0.000	0.035
11.354	0.0259	0.025	0.453	0.0203	0.000	0.036
11.359	0.0614	0.009	0.512	0.0265	0.000	0.033
11.364	0.0440	0.007	0.488	0.0199	0.000	0.035
11.369	0.0848	0.020	0.499	0.0249	0.000	0.033
11.374	0.0625	0.018	0.559	0.0157	0.000	0.033
11.379	0.0667	0.020	0.512	0.0118	0.000	0.038
11.384	0.1040	0.034	0.585	0.0128	0.000	0.035
11.389	0.0531	0.014	0.570	0.0187	0.000	0.035
11.394	0.0929	0.023	0.565	0.0149	0.000	0.033
11.399	0.1549	0.032	0.558	0.0355	0.000	0.033
11.404	0.0734	0.025	0.512	0.0245	0.000	0.037
11.409	0.1004	0.034	0.540	0.0175	0.000	0.038
11.414	0.1051	0.027	0.575	0.0143	0.000	0.039
11.419	0.0662	0.018	0.467	0.0261	0.000	0.043
11.424	0.0885	0.018	0.519	0.0131	0.001	0.052
11.429	0.1065	0.025	0.530	0.0135	0.001	0.060
11.434	0.0394	0.014	0.495	0.0209	0.004	0.075
11.439	0.0506	0.025	0.442	0.0242	0.006	0.078
11.444	0.0781	0.020	0.362	0.0249	0.008	0.120
11.449	0.0305	0.009	0.401	0.0203	0.012	0.132
11.454	0.0366	0.030	0.505	0.0175	0.013	0.122
11.459	0.0275	0.011	0.508	0.0210	0.006	0.107
11.464	0.0250	0.016	0.472	0.0309	0.007	0.116
11.469	0.0393	0.018	0.475	0.0360	0.007	0.108
11.474	0.0329	0.018	0.603	0.0176	0.003	0.087
11.479	0.0178	0.016	0.537	0.0182	0.004	0.082
11.484	0.0340	0.020	0.554	0.0292	0.005	0.093
11.489	0.0281	0.011	0.522	0.0208	0.004	0.089
11.494	0.0279	0.007	0.427	0.0415	0.001	0.068
11.499	0.0135	0.020	0.288	0.0352	0.001	0.069
11.504	0.0227	0.009	0.336	0.0490	0.001	0.067
11.509	0.0140	0.016	0.411	0.0480	0.000	0.054
11.514	0.0035	0.016	0.507	0.0425	0.000	0.040
11.519	0.0086	0.011	0.543	0.0413	0.000	0.033
11.524	0.0103	0.005	0.611	0.0553	0.000	0.029
11.529	0.0078	0.005	0.670	0.0442	0.000	0.023
11.534	0.0122	0.002	0.636	0.0406	0.000	0.021
11.539	0.0125	0.005	0.562	0.0313	0.000	0.018
11.544	0.0088	0.005	0.587	0.0338	0.000	0.014
11.549	0.0230	0.002	0.603	0.0300	0.000	0.012
11.554	0.0334	0.007	0.667	0.0155	0.000	0.014
11.559	0.0330	0.007	0.674	0.0057	0.000	0.013
11.564	0.0216	0.007	0.674	0.0132	0.000	0.012
11.569	0.0448	0.007	0.665	0.0124	0.000	0.013
11.574	0.0631	0.009	0.657	0.0214	0.000	0.016
11.579	0.0443	0.005	0.647	0.0166	0.000	0.018
11.584	0.0160	0.007	0.639	0.0164	0.000	0.021
11.589	0.0219	0.009	0.692	0.0212	0.000	0.020
11.594	0.0684	0.011	0.710	0.0111	0.000	0.023
11.599	0.0840	0.009	0.537	0.0178	0.000	0.030
11.604	0.0688	0.005	0.461	0.0296	0.002	0.063
11.609	0.0417	0.014	0.434	0.0223	0.004	0.069
11.614	0.0390	0.014	0.579	0.0126	0.007	0.073
11.619	0.0810	0.014	0.582	0.0120	0.010	0.080
11.624	0.1073	0.020	0.621	0.0141	0.007	0.081
11.629	0.1668	0.023	0.659	0.0120	0.007	0.078
11.634	0.1550	0.016	0.694	0.0126	0.009	0.070
11.639	0.1640	0.018	0.702	0.0091	0.006	0.069
11.644	0.1868	0.014	0.715	0.0136	0.004	0.063
11.649	0.1744	0.016	0.716	0.0089	0.007	0.067
11.654	0.1676	0.014	0.726	0.0116	0.008	0.075
11.659	0.1402	0.016	0.705	0.0117	0.004	0.068
11.663	0.1180	0.011	0.616	0.0160	0.004	0.076
11.668	0.0756	0.014	0.508	0.0170	0.006	0.105
11.673	0.0797	0.016	0.444	0.0201	0.015	0.176
11.678	0.0393	0.016	0.514	0.0146	0.015	0.189
11.683	0.0462	0.048	0.446	0.0180	0.020	0.236
11.688	0.0547	0.032	0.487	0.0112	0.028	0.275
11.693	0.0367	0.073	0.512	0.0113	0.028	0.274
11.698	0.0404	0.007	0.584	0.0080	0.040	0.292
11.703	0.0300	0.009	0.577	0.0089	0.037	0.302
11.708	0.0273	0.068	0.593	0.0134	0.028	0.306
11.713	0.0395	0.020	0.599	0.0133	0.048	0.299
11.718	0.0401	0.018	0.610	0.0094	0.065	0.301
11.723	0.0424	0.052	0.613	0.0170	0.040	0.297
11.728	0.0463	0.032	0.585	0.0139	0.026	0.294
11.733	0.0290	0.018	0.466	0.0239	0.011	0.211
11.738	0.0192	0.041	0.580	0.0235	0.004	0.109
11.743	0.0527	0.011	0.649	0.0131	0.001	0.061
11.748	0.0982	0.018	0.630	0.0159	0.002	0.060
11.753	0.0870	0.020	0.531	0.0214	0.004	0.055
11.758	0.0936	0.020	0.575	0.0206	0.004	0.057
11.763	0.1200	0.011	0.535	0.0173	0.002	0.057
11.768	0.1104	0.016	0.492	0.0289	0.001	0.062
11.773	0.1170	0.014	0.416	0.0165	0.001	0.102
11.778	0.0505	0.016	0.287	0.0316	0.002	0.139
11.783	0.0532	0.014	0.230	0.0267	0.004	0.161
11.788	0.0341	0.025	0.341	0.0396	0.002	0.123
11.793	0.0160	0.020	0.613	0.0382	0.000	0.058
11.798	0.0286	0.005	0.645	0.0275	0.000	0.046
11.803	0.0272	0.011	0.644	0.0132	0.000	0.048
11.808	0.0207	0.011	0.560	0.0194	0.000	0.054
11.813	0.0155	0.009	0.533	0.0218	0.000	0.069
11.818	0.0079	0.011	0.438	0.0379	0.000	0.072
11.823	0.0091	0.011	0.362	0.0309	0.000	0.064
11.828	0.0045	0.011	0.297	0.0173	0.000	0.074
11.833	0.0029	0.018	0.407	0.0375	0.001	0.118
11.838	0.0042	0.009	0.475	0.0215	0.006	0.211
11.843	0.0036	0.011	0.349	0.0118	0.034	0.314
11.848	0.0033	0.039	0.180	0.0119	0.092	0.369
11.853	0.0034	0.043	0.168	0.0185	0.223	0.373
11.858	0.0018	0.125	0.204	0.0144	0.157	0.334
11.863	0.0034	0.086	0.215	0.0178	0.127	0.311
11.868	0.0058	0.059	0.216	0.0141	0.136	0.311
11.873	0.0104	0.048	0.140	0.0280	0.061	0.263
11.878	0.0092	0.061	0.252	0.0339	0.036	0.225
11.883	0.0120	0.052	0.376	0.0358	0.005	0.138
11.888	0.0170	0.020	0.442	0.0305	0.002	0.090
11.893	0.0467	0.005	0.535	0.0277	0.001	0.045
11.898	0.0889	0.014	0.668	0.0168	0.001	0.038
11.903	0.1446	0.014	0.783	0.0126	0.001	0.036
11.908	0.2431	0.009	0.775	0.0110	0.001	0.037
11.913	0.3491	0.009	0.711	0.0187	0.001	0.041
11.918	0.3389	0.009	0.645	0.0216	0.001	0.043
11.923	0.2390	0.009	0.618	0.0236	0.001	0.042
11.928	0.1863	0.009	0.573	0.0211	0.001	0.043
11.933	0.1344	0.009	0.546	0.0309	0.000	0.045
11.938	0.1176	0.011	0.509	0.0282	0.000	0.041
11.943	0.0750	0.018	0.490	0.0215	0.000	0.048
11.948	0.1031	0.016	0.470	0.0307	0.000	0.049
11.953	0.0611	0.023	0.584	0.0255	0.000	0.048
11.958	0.0588	0.011	0.487	0.0329	0.000	0.051
11.963	0.0411	0.007	0.511	0.0289	0.001	0.051
11.968	0.0276	0.016	0.458	0.0339	0.001	0.056
11.973	0.0254	0.014	0.396	0.0344	0.001	0.057
11.978	0.0198	0.032	0.324	0.0345	0.000	0.045
11.983	0.0185	0.018	0.427	0.0342	0.000	0.032
11.988	0.0158	0.020	0.440	0.0297	0.000	0.036
11.993	0.0240	0.014	0.255	0.0252	0.001	0.075
11.998	0.0125	0.014	0.227	0.0185	0.001	0.095
12.003	0.0102	0.027	0.279	0.0415	0.001	0.099
12.008	0.0051	0.025	0.296	0.0174	0.003	0.105
12.013	0.0130	0.011	0.275	0.0277	0.005	0.126
12.018	0.0057	0.020	0.323	0.0427	0.002	0.108
12.023	0.0027	0.025	0.503	0.0270	0.004	0.137
12.028	0.0032	0.009	0.515	0.0195	0.033	0.254
12.033	0.0037	0.016	0.169	0.0190	0.630	0.465
12.038	0.0020	0.073	0.158	0.0144	0.814	0.408
12.043	0.0028	0.166	0.161	0.0098	0.931	0.391
12.048	0.0090	0.152	0.130	0.0093	0.952	0.400
12.053	0.0265	0.168	0.122	0.0127	0.940	0.401
12.058	0.0251	0.184	0.135	0.0120	0.912	0.408
12.063	0.0295	0.177	0.127	0.0124	0.889	0.391
12.068	0.0303	0.152	0.167	0.0152	0.851	0.376
12.073	0.0268	0.125	0.176	0.0212	0.656	0.316
12.078	0.0218	0.114	0.342	0.0345	0.212	0.234
12.083	0.0218	0.091	0.465	0.0447	0.014	0.144
12.088	0.0343	0.023	0.638	0.0397	0.003	0.104
12.093	0.0706	0.018	0.672	0.0200	0.001	0.061
12.098	0.1445	0.009	0.638	0.0194	0.001	0.059
12.102	0.1581	0.009	0.363	0.0313	0.001	0.067
12.107	0.1236	0.016	0.452	0.0323	0.001	0.074
12.112	0.0875	0.011	0.298	0.0482	0.001	0.067
12.117	0.0449	0.009	0.534	0.0248	0.000	0.053
12.122	0.0447	0.011	0.472	0.0196	0.001	0.065
12.127	0.0461	0.009	0.452	0.0258	0.001	0.065
12.132	0.0258	0.009	0.384	0.0402	0.001	0.067
12.137	0.0162	0.025	0.419	0.0447	0.001	0.068
12.142	0.0111	0.016	0.393	0.0359	0.001	0.071
12.147	0.0121	0.014	0.456	0.0328	0.000	0.056
12.152	0.0033	0.020	0.563	0.0261	0.000	0.037
12.157	0.0075	0.011	0.575	0.0255	0.000	0.033
12.162	0.0196	0.011	0.456	0.0392	0.000	0.033
12.167	0.0103	0.007	0.498	0.0310	0.000	0.029
12.172	0.0126	0.007	0.496	0.0242	0.000	0.026
12.177	0.0158	0.009	0.576	0.0318	0.000	0.030
12.182	0.0096	0.002	0.602	0.0343	0.000	0.086
12.187	0.0074	0.007	0.595	0.0192	0.001	0.091
12.192	0.0173	0.007	0.549	0.0170	0.001	0.108
12.197	0.0175	0.007	0.648	0.0204	0.001	0.099
12.202	0.0046	0.016	0.592	0.0184	0.001	0.097
12.207	0.0209	0.007	0.531	0.0207	0.001	0.103
12.212	0.0281	0.011	0.378	0.0303	0.001	0.083
12.217	0.0154	0.011	0.494	0.0337	0.001	0.053
12.222	0.0172	0.009	0.561	0.0145	0.001	0.044
12.227	0.0955	0.009	0.623	0.0114	0.002	0.051
12.232	0.0764	0.011	0.638	0.0145	0.004	0.064
12.237	0.0965	0.014	0.629	0.0150	0.004	0.074
12.242	0.1336	0.011	0.590	0.0239	0.002	0.082
12.247	0.1792	0.014	0.503	0.0254	0.001	0.096
12.252	0.0723	0.009	0.373	0.0307	0.003	0.117
12.257	0.0570	0.011	0.349	0.0159	0.005	0.165
12.262	0.0481	0.002	0.248	0.0315	0.018	0.272
12.267	0.0468	0.025	0.144	0.0283	0.048	0.333
12.272	0.0152	0.070	0.261	0.0241	0.065	0.359
12.277	0.0152	0.057	0.244	0.0149	0.092	0.362
12.282	0.0098	0.041	0.166	0.0161	0.176	0.380
12.287	0.0054	0.080	0.221	0.0192	0.137	0.365
12.292	0.0101	0.059	0.434	0.0280	0.062	0.338
12.297	0.0108	0.055	0.252	0.0143	0.045	0.315
12.302	0.0211	0.057	0.268	0.0213	0.060	0.318
12.307	0.0448	0.043	0.294	0.0200	0.057	0.324
12.312	0.0391	0.052	0.238	0.0156	0.068	0.320
12.317	0.0263	0.055	0.254	0.0293	0.058	0.287
12.322	0.0364	0.061	0.355	0.0126	0.052	0.288
12.327	0.0663	0.032	0.267	0.0159	0.073	0.305
12.332	0.0438	0.066	0.401	0.0252	0.020	0.232
12.337	0.0649	0.064	0.356	0.0162	0.019	0.208
12.342	0.1185	0.039	0.264	0.0258	0.017	0.185
12.347	0.0809	0.041	0.324	0.0138	0.024	0.199
12.352	0.0964	0.034	0.405	0.0176	0.048	0.236
12.357	0.0767	0.043	0.315	0.0237	0.048	0.215
12.362	0.0618	0.052	0.307	0.0216	0.029	0.198
12.367	0.0483	0.043	0.277	0.0286	0.028	0.189
12.372	0.0575	0.043	0.374	0.0233	0.022	0.194
12.377	0.0396	0.032	0.330	0.0232	0.016	0.162
12.382	0.0435	0.036	0.316	0.0237	0.011	0.133
12.387	0.0467	0.032	0.307	0.0216	0.009	0.122
12.392	0.0548	0.032	0.345	0.0380	0.006	0.119
12.397	0.0355	0.034	0.367	0.0329	0.004	0.103
12.402	0.0812	0.014	0.511	0.0308	0.001	0.077
12.407	0.2222	0.014	0.629	0.0244	0.000	0.062
12.412	0.3364	0.009	0.543	0.0171	0.000	0.071
12.417	0.6511	0.014	0.468	0.0275	0.000	0.066
12.422	0.6413	0.023	0.611	0.0268	0.000	0.047
12.427	0.4757	0.009	0.583	0.0188	0.000	0.048
12.432	0.4501	0.018	0.543	0.0284	0.001	0.086
12.437	0.4382	0.032	0.510	0.0209	0.001	0.086
12.442	0.5644	0.027	0.326	0.0249	0.001	0.068
12.447	0.4027	0.030	0.406	0.0270	0.001	0.057
12.452	0.3367	0.025	0.263	0.0331	0.001	0.073
12.457	0.2726	0.025	0.227	0.0356	0.001	0.076
12.462	0.1946	0.011	0.425	0.0393	0.001	0.074
12.467	0.1061	0.014	0.422	0.0260	0.001	0.073
12.472	0.2177	0.007	0.443	0.0385	0.001	0.053
12.477	0.1322	0.011	0.380	0.0204	0.000	0.045
12.482	0.3180	0.011	0.455	0.0182	0.001	0.049
12.487	0.2356	0.027	0.487	0.0225	0.001	0.044
12.492	0.2366	0.025	0.509	0.0192	0.001	0.050
12.497	0.2445	0.032	0.489	0.0222	0.001	0.048
12.502	0.1894	0.016	0.552	0.0158	0.001	0.047
12.507	0.1286	0.009	0.576	0.0140	0.002	0.047
12.512	0.1473	0.016	0.546	0.0230	0.002	0.054
12.517	0.1426	0.011	0.522	0.0186	0.001	0.050
12.522	0.1001	0.007	0.531	0.0133	0.002	0.048
12.527	0.1859	0.018	0.407	0.0218	0.003	0.054
12.532	0.1939	0.016	0.332	0.0225	0.003	0.068
12.537	0.1656	0.018	0.258	0.0242	0.004	0.088
12.541	0.0831	0.020	0.188	0.0349	0.011	0.147
12.546	0.0416	0.032	0.341	0.0270	0.015	0.163
12.551	0.0212	0.034	0.510	0.0136	0.022	0.200
12.556	0.0212	0.027	0.516	0.0200	0.031	0.205
12.561	0.0298	0.020	0.474	0.0140	0.074	0.257
12.566	0.0122	0.030	0.327	0.0148	0.211	0.279
12.571	0.0141	0.070	0.192	0.0169	0.530	0.314
12.576	0.0181	0.075	0.139	0.0145	0.636	0.310
12.581	0.0195	0.105	0.156	0.0126	0.690	0.310
12.586	0.0205	0.105	0.136	0.0167	0.668	0.305
12.591	0.0168	0.123	0.160	0.0143	0.737	0.307
12.596	0.0232	0.105	0.236	0.0171	0.716	0.285
12.601	0.0395	0.120	0.243	0.0171	0.795	0.285
12.606	0.0525	0.139	0.248	0.0121	0.839	0.312
12.611	0.0650	0.105	0.270	0.0162	0.800	0.328
12.616	0.0762	0.136	0.126	0.0169	0.784	0.313
12.621	0.0597	0.118	0.165	0.0138	0.782	0.297
12.626	0.0567	0.139	0.170	0.0124	0.810	0.308
12.631	0.1173	0.120	0.125	0.0165	0.678	0.298
12.636	0.0867	0.120	0.137	0.0147	0.679	0.298
12.641	0.0771	0.098	0.177	0.0138	0.872	0.309
12.646	0.0714	0.164	0.228	0.0127	0.810	0.315
12.651	0.1062	0.125	0.139	0.0118	0.757	0.299
12.656	0.0761	0.123	0.194	0.0145	0.676	0.302
12.661	0.0910	0.123	0.181	0.0144	0.572	0.287
12.666	0.0814	0.125	0.197	0.0145	0.570	0.289
12.671	0.1018	0.114	0.226	0.0140	0.601	0.296
12.676	0.0654	0.134	0.245	0.0130	0.525	0.305
12.681	0.0948	0.105	0.189	0.0197	0.272	0.279
12.686	0.0591	0.102	0.234	0.0151	0.245	0.263
12.691	0.0770	0.080	0.296	0.0150	0.356	0.282
12.696	0.0411	0.091	0.345	0.0130	0.327	0.277
12.701	0.0344	0.098	0.164	0.0179	0.281	0.275
12.706	0.0155	0.107	0.196	0.0146	0.290	0.271
12.711	0.0166	0.093	0.179	0.0188	0.540	0.279
12.716	0.0066	0.105	0.259	0.0139	0.649	0.272
12.721	0.0072	0.098	0.181	0.0133	0.620	0.268
12.726	0.0053	0.114	0.171	0.0167	0.426	0.288
12.731	0.0039	0.109	0.215	0.0164	0.287	0.314
12.736	0.0043	0.089	0.243	0.0155	0.284	0.285
12.741	0.0040	0.077	0.220	0.0153	0.197	0.276
12.746	0.0049	0.075	0.261	0.0131	0.204	0.295
12.751	0.0082	0.075	0.219	0.0134	0.234	0.324
12.756	0.0058	0.082	0.204	0.0129	0.223	0.311
12.761	0.0081	0.082	0.248	0.0164	0.107	0.277
12.766	0.0066	0.073	0.255	0.0167	0.070	0.262
12.771	0.0109	0.073	0.275	0.0217	0.051	0.240
12.776	0.0131	0.052	0.309	0.0138	0.051	0.241
12.781	0.0152	0.052	0.199	0.0186	0.081	0.290
12.786	0.0128	0.077	0.243	0.0152	0.082	0.293
12.791	0.0133	0.055	0.366	0.0152	0.068	0.254
12.796	0.0106	0.066	0.269	0.0139	0.071	0.246
12.801	0.0120	0.057	0.216	0.0186	0.065	0.251
12.806	0.0150	0.066	0.243	0.0155	0.052	0.243
12.811	0.0151	0.048	0.233	0.0173	0.055	0.249
12.816	0.0118	0.055	0.187	0.0162	0.061	0.249
12.821	0.0132	0.064	0.218	0.0197	0.095	0.254
12.826	0.0091	0.070	0.270	0.0181	0.066	0.250
12.831	0.0116	0.055	0.296	0.0158	0.050	0.220
12.836	0.0115	0.048	0.230	0.0184	0.057	0.227
12.841	0.0083	0.061	0.169	0.0213	0.078	0.253
12.846	0.0093	0.055	0.338	0.0171	0.066	0.257
12.851	0.0054	0.048	0.293	0.0144	0.076	0.284
12.856	0.0063	0.034	0.248	0.0154	0.074	0.299
12.861	0.0061	0.036	0.212	0.0200	0.153	0.369
12.866	0.0025	0.077	0.167	0.0158	0.102	0.282
12.871	0.0017	0.082	0.175	0.0084	0.107	0.253
12.876	0.0053	0.059	0.178	0.0208	0.102	0.317
12.881	0.0010	0.041	0.184	0.0123	0.122	0.368
12.886	0.0009	0.082	0.233	0.0111	0.099	0.351
12.891	0.0018	0.043	0.202	0.0163	0.101	0.352
12.896	0.0006	0.041	0.106	0.0172	0.182	0.451
12.901	0.0006	0.030	0.188	0.0094	0.432	0.522
12.906	0.0005	0.080	0.176	0.0100	0.471	0.509
12.911	0.0015	0.118	0.327	0.0160	0.467	0.446
12.916	0.0014	0.152	0.181	0.0170	0.249	0.378
12.921	0.0021	0.175	0.183	0.0562	0.048	0.242
12.926	0.0053	0.059	0.227	0.0457	0.005	0.107
12.931	0.0039	0.041	0.472	0.0195	0.001	0.064
12.936	0.0157	0.005	0.416	0.0195	0.001	0.055
12.941	0.0604	0.014	0.535	0.0240	0.001	0.061
12.946	0.0925	0.016	0.529	0.0257	0.001	0.065
12.951	0.0436	0.011	0.356	0.0238	0.002	0.081
12.956	0.1046	0.023	0.234	0.0416	0.003	0.107
12.961	0.0494	0.011	0.251	0.0261	0.007	0.160
12.966	0.0391	0.011	0.199	0.0242	0.013	0.197
12.971	0.0257	0.041	0.252	0.0337	0.006	0.173
12.976	0.0174	0.011	0.255	0.0212	0.006	0.151
12.980	0.0112	0.025	0.183	0.0198	0.010	0.153
12.985	0.0239	0.027	0.228	0.0260	0.011	0.178
12.990	0.0183	0.050	0.227	0.0244	0.016	0.197
12.995	0.0162	0.039	0.191	0.0168	0.020	0.208
13.000	0.0283	0.041	0.334	0.0292	0.012	0.168
13.005	0.0344	0.055	0.294	0.0126	0.009	0.151
13.010	0.0214	0.043	0.327	0.0202	0.021	0.209
13.015	0.0909	0.052	0.179	0.0219	0.047	0.229
13.020	0.0598	0.048	0.223	0.0210	0.054	0.256
13.025	0.0477	0.066	0.199	0.0197	0.050	0.260
13.030	0.0657	0.066	0.226	0.0165	0.049	0.236
13.035	0.0615	0.043	0.240	0.0189	0.046	0.232
13.040	0.0609	0.068	0.226	0.0216	0.026	0.217
13.045	0.0699	0.045	0.229	0.0261	0.027	0.205
13.050	0.0536	0.039	0.314	0.0135	0.025	0.178
13.055	0.0551	0.041	0.245	0.0272	0.020	0.150
13.060	0.0704	0.043	0.187	0.0267	0.010	0.122
13.065	0.0606	0.034	0.297	0.0295	0.010	0.124
13.070	0.0849	0.036	0.475	0.0311	0.006	0.117
13.075	0.0787	0.011	0.454	0.0349	0.003	0.096
13.080	0.1282	0.018	0.632	0.0247	0.001	0.064
13.085	0.1755	0.023	0.646	0.0252	0.001	0.054
13.090	0.2724	0.009	0.706	0.0161	0.001	0.043
13.095	0.2870	0.009	0.742	0.0186	0.000	0.034
13.100	0.4193	0.009	0.701	0.0181	0.000	0.030
13.105	0.3769	0.009	0.686	0.0172	0.000	0.033
13.110	0.3010	0.009	0.724	0.0141	0.000	0.030
13.115	0.2891	0.009	0.671	0.0179	0.000	0.027
13.120	0.2429	0.009	0.658	0.0341	0.000	0.027
13.125	0.2161	0.014	0.648	0.0261	0.000	0.026
13.130	0.2389	0.009	0.588	0.0189	0.000	0.022
13.135	0.2564	0.027	0.552	0.0193	0.000	0.024
13.140	0.2061	0.020	0.612	0.0251	0.000	0.028
13.145	0.1618	0.014	0.643	0.0187	0.000	0.027
13.150	0.1883	0.023	0.667	0.0198	0.000	0.029
13.155	0.1536	0.020	0.664	0.0142	0.000	0.029
13.160	0.1797	0.016	0.634	0.0128	0.000	0.032
13.165	0.1196	0.009	0.653	0.0159	0.000	0.033
13.170	0.1411	0.007	0.662	0.0169	0.000	0.032
13.175	0.1266	0.009	0.664	0.0156	0.000	0.028
13.180	0.1226	0.007	0.698	0.0128	0.000	0.025
13.185	0.1259	0.007	0.740	0.0163	0.000	0.024
13.190	0.1157	0.014	0.724	0.0159	0.000	0.023
13.195	0.1049	0.007	0.703	0.0209	0.000	0.025
13.200	0.1432	0.007	0.678	0.0175	0.000	0.029
13.205	0.1366	0.009	0.696	0.0154	0.000	0.027
13.210	0.1489	0.007	0.559	0.0227	0.001	0.036
13.215	0.1573	0.011	0.479	0.0196	0.002	0.043
13.220	0.0752	0.016	0.540	0.0257	0.001	0.049
13.225	0.0665	0.011	0.542	0.0217	0.001	0.051
13.230	0.0580	0.023	0.381	0.0242	0.001	0.074
13.235	0.0678	0.005	0.341	0.0375	0.002	0.081
13.240	0.0388	0.002	0.301	0.0453	0.004	0.116
13.245	0.0162	0.023	0.313	0.0314	0.010	0.142
13.250	0.0498	0.005	0.432	0.0194	0.020	0.145
13.255	0.0100	0.032	0.321	0.0174	0.040	0.183
13.260	0.0326	0.025	0.250	0.0189	0.189	0.223
13.265	0.0179	0.055	0.299	0.0134	0.317	0.237
13.270	0.0193	0.082	0.188	0.0181	0.485	0.261
13.275	0.0235	0.091	0.198	0.0171	0.652	0.235
13.280	0.0245	0.109	0.236	0.0148	0.561	0.239
13.285	0.0371	0.095	0.255	0.0133	0.542	0.283
13.290	0.0423	0.086	0.178	0.0137	0.525	0.316
13.295	0.0314	0.105	0.204	0.0118	0.552	0.314
13.300	0.0314	0.123	0.186	0.0175	0.642	0.287
13.305	0.0242	0.123	0.202	0.0164	0.620	0.295
13.310	0.0224	0.100	0.201	0.0140	0.587	0.292
13.315	0.0212	0.105	0.197	0.0121	0.585	0.285
13.320	0.0133	0.098	0.154	0.0160	0.615	0.332
13.325	0.0104	0.109	0.190	0.0122	0.578	0.347
13.330	0.0072	0.105	0.184	0.0172	0.636	0.357
13.335	0.0036	0.109	0.258	0.0172	0.612	0.315
13.340	0.0036	0.093	0.202	0.0145	0.501	0.302
13.345	0.0023	0.098	0.159	0.0184	0.581	0.312
13.350	0.0026	0.100	0.207	0.0169	0.769	0.323
13.355	0.0019	0.095	0.207	0.0152	0.849	0.322
13.360	0.0050	0.111	0.278	0.0155	0.976	0.289
13.365	0.0064	0.125	0.157	0.0172	0.984	0.295
13.370	0.0113	0.123	0.212	0.0139	0.950	0.359
13.375	0.0094	0.125	0.228	0.0193	0.973	0.342
13.380	0.0225	0.143	0.186	0.0112	0.983	0.337
13.385	0.0292	0.130	0.174	0.0137	0.961	0.360
13.390	0.0245	0.145	0.264	0.0201	0.965	0.346
13.395	0.0291	0.164	0.296	0.0192	0.978	0.288
13.400	0.0282	0.132	0.323	0.0215	0.962	0.297
13.405	0.0328	0.130	0.269	0.0167	0.951	0.281
13.410	0.0190	0.125	0.296	0.0193	0.717	0.246
13.415	0.0300	0.109	0.351	0.0261	0.307	0.255
13.420	0.0317	0.061	0.502	0.0210	0.071	0.226
13.424	0.0203	0.032	0.553	0.0166	0.046	0.229
13.429	0.0390	0.034	0.519	0.0124	0.090	0.239
13.434	0.0502	0.050	0.425	0.0145	0.223	0.239
13.439	0.0456	0.041	0.295	0.0147	0.571	0.288
13.444	0.0283	0.091	0.226	0.0178	0.734	0.344
13.449	0.0326	0.127	0.272	0.0179	0.877	0.328
13.454	0.0334	0.134	0.273	0.0166	0.938	0.314
13.459	0.0414	0.120	0.243	0.0128	0.965	0.337
13.464	0.0612	0.134	0.245	0.0129	0.956	0.374
13.469	0.0521	0.141	0.194	0.0162	0.955	0.379
13.474	0.0296	0.164	0.220	0.0140	0.968	0.365
13.479	0.0291	0.141	0.224	0.0111	0.947	0.379
13.484	0.0442	0.155	0.170	0.0156	0.944	0.394
13.489	0.0336	0.170	0.270	0.0138	0.943	0.364
13.494	0.0419	0.152	0.213	0.0147	0.941	0.352
13.499	0.0332	0.141	0.169	0.0115	0.954	0.348
13.504	0.0399	0.145	0.211	0.0125	0.958	0.376
13.509	0.0318	0.161	0.186	0.0135	0.958	0.394
13.514	0.0307	0.159	0.175	0.0153	0.954	0.364
13.519	0.0208	0.166	0.177	0.0126	0.968	0.371
13.524	0.0329	0.152	0.142	0.0120	0.962	0.404
13.529	0.0189	0.157	0.159	0.0119	0.946	0.412
13.534	0.0186	0.177	0.127	0.0130	0.964	0.390
13.539	0.0163	0.207	0.111	0.0147	0.977	0.366
13.544	0.0163	0.193	0.100	0.0127	0.976	0.378
13.549	0.0181	0.186	0.123	0.0128	0.955	0.401
13.554	0.0178	0.175	0.150	0.0144	0.931	0.398
13.559	0.0183	0.175	0.142	0.0153	0.891	0.353
13.564	0.0180	0.159	0.248	0.0311	0.632	0.309
13.569	0.0222	0.130	0.278	0.0326	0.033	0.159
13.574	0.0127	0.050	0.335	0.0439	0.008	0.102
13.579	0.0611	0.016	0.572	0.0387	0.001	0.060
13.584	0.0709	0.018	0.693	0.0140	0.001	0.049
13.589	0.1687	0.014	0.736	0.0146	0.001	0.046
13.594	0.3347	0.016	0.729	0.0188	0.001	0.045
13.599	0.3280	0.023	0.722	0.0144	0.000	0.052
13.604	0.2314	0.018	0.747	0.0107	0.000	0.053
13.609	0.1988	0.014	0.736	0.0119	0.000	0.049
13.614	0.1968	0.011	0.713	0.0130	0.000	0.049
13.619	0.1879	0.014	0.735	0.0078	0.000	0.050
13.624	0.1592	0.018	0.753	0.0093	0.001	0.049
13.629	0.1222	0.023	0.734	0.0105	0.001	0.054
13.634	0.1353	0.023	0.734	0.0083	0.001	0.051
13.639	0.1430	0.023	0.750	0.0050	0.001	0.056
13.644	0.1592	0.018	0.749	0.0072	0.001	0.057
13.649	0.1710	0.018	0.694	0.0088	0.001	0.055
13.654	0.1694	0.018	0.632	0.0165	0.001	0.057
13.659	0.1682	0.018	0.686	0.0137	0.001	0.057
13.664	0.1433	0.018	0.643	0.0135	0.002	0.056
13.669	0.1317	0.018	0.468	0.0157	0.003	0.057
13.674	0.1493	0.023	0.348	0.0200	0.004	0.056
13.679	0.1950	0.036	0.506	0.0169	0.002	0.058
13.684	0.1958	0.025	0.561	0.0193	0.001	0.061
13.689	0.1961	0.027	0.372	0.0223	0.002	0.059
13.694	0.2159	0.025	0.363	0.0184	0.002	0.058
13.699	0.1655	0.034	0.559	0.0199	0.002	0.055
13.704	0.2110	0.027	0.591	0.0149	0.003	0.055
13.709	0.1825	0.023	0.480	0.0225	0.004	0.058
13.714	0.1070	0.030	0.595	0.0228	0.004	0.050
13.719	0.1368	0.030	0.634	0.0157	0.004	0.056
13.724	0.1959	0.023	0.618	0.0195	0.003	0.053
13.729	0.2099	0.016	0.584	0.0179	0.001	0.055
13.734	0.2064	0.016	0.599	0.0192	0.001	0.058
13.739	0.0817	0.016	0.605	0.0237	0.001	0.060
13.744	0.1440	0.023	0.596	0.0129	0.002	0.067
13.749	0.1575	0.018	0.621	0.0173	0.001	0.071
13.754	0.1361	0.016	0.640	0.0147	0.001	0.068
13.759	0.0628	0.025	0.654	0.0235	0.001	0.057
13.764	0.1414	0.009	0.609	0.0161	0.001	0.057
13.769	0.1843	0.011	0.536	0.0158	0.000	0.057
13.774	0.1277	0.011	0.496	0.0167	0.000	0.052
13.779	0.0756	0.014	0.441	0.0187	0.001	0.060
13.784	0.1036	0.014	0.447	0.0387	0.001	0.056
13.789	0.0566	0.034	0.445	0.0297	0.000	0.049
13.794	0.1277	0.009	0.514	0.0253	0.000	0.037
13.799	0.0328	0.007	0.632	0.0282	0.000	0.032
13.804	0.0245	0.011	0.628	0.0207	0.000	0.031
13.809	0.0849	0.011	0.610	0.0201	0.001	0.034
13.814	0.0626	0.007	0.629	0.0202	0.000	0.033
13.819	0.0305	0.007	0.647	0.0138	0.001	0.044
13.824	0.0612	0.011	0.634	0.0186	0.001	0.040
13.829	0.0718	0.005	0.659	0.0087	0.000	0.033
13.834	0.0251	0.014	0.660	0.0159	0.000	0.027
13.839	0.0236	0.007	0.634	0.0124	0.000	0.023
13.844	0.0772	0.005	0.642	0.0130	0.000	0.021
13.849	0.0522	0.007	0.618	0.0268	0.000	0.022
13.854	0.0171	0.002	0.539	0.0239	0.000	0.022
13.859	0.0472	0.002	0.468	0.0210	0.000	0.022
13.863	0.0384	0.005	0.270	0.0531	0.000	0.032
13.868	0.0086	0.002	0.339	0.0525	0.000	0.034
13.873	0.0081	0.002	0.280	0.0377	0.001	0.041
13.878	0.0062	0.007	0.520	0.0582	0.001	0.049
13.883	0.0038	0.009	0.410	0.0438	0.000	0.046
13.888	0.0031	0.007	0.483	0.0470	0.000	0.052
13.893	0.0051	0.005	0.508	0.0365	0.000	0.062
13.898	0.0021	0.007	0.540	0.0380	0.001	0.094
13.903	0.0040	0.002	0.538	0.0273	0.001	0.112
13.908	0.0059	0.002	0.486	0.0157	0.005	0.141
13.913	0.0067	0.005	0.247	0.0157	0.029	0.185
13.918	0.0035	0.018	0.157	0.0201	0.090	0.196
13.923	0.0036	0.032	0.290	0.0247	0.058	0.179
13.928	0.0035	0.048	0.185	0.0139	0.092	0.170
13.933	0.0041	0.045	0.226	0.0180	0.137	0.179
13.938	0.0048	0.077	0.257	0.0213	0.103	0.191
13.943	0.0042	0.066	0.328	0.0177	0.137	0.215
13.948	0.0081	0.064	0.283	0.0156	0.181	0.219
13.953	0.0089	0.061	0.251	0.0155	0.226	0.247
13.958	0.0071	0.066	0.219	0.0131	0.244	0.260
13.963	0.0064	0.061	0.189	0.0196	0.234	0.261
13.968	0.0066	0.077	0.300	0.0193	0.167	0.260
13.973	0.0072	0.070	0.473	0.0298	0.133	0.259
13.978	0.0063	0.068	0.491	0.0143	0.074	0.235
13.983	0.0103	0.059	0.521	0.0141	0.112	0.238
13.988	0.0103	0.059	0.337	0.0189	0.144	0.258
13.993	0.0064	0.066	0.332	0.0185	0.106	0.265
13.998	0.0098	0.059	0.306	0.0207	0.133	0.250
14.003	0.0109	0.048	0.321	0.0188	0.164	0.252
14.008	0.0093	0.066	0.497	0.0240	0.104	0.245
14.013	0.0120	0.059	0.501	0.0210	0.089	0.236
14.018	0.0123	0.039	0.496	0.0184	0.087	0.215
14.023	0.0119	0.048	0.409	0.0167	0.099	0.244
14.028	0.0140	0.050	0.302	0.0260	0.134	0.253
14.033	0.0106	0.059	0.329	0.0192	0.103	0.226
14.038	0.0103	0.057	0.356	0.0129	0.115	0.213
14.043	0.0135	0.061	0.334	0.0264	0.134	0.238
14.048	0.0098	0.070	0.488	0.0192	0.068	0.231
14.053	0.0108	0.052	0.465	0.0157	0.060	0.221
14.058	0.0106	0.045	0.390	0.0193	0.082	0.213
14.063	0.0081	0.052	0.240	0.0173	0.076	0.204
14.068	0.0069	0.061	0.179	0.0214	0.100	0.232
14.073	0.0052	0.066	0.194	0.0192	0.081	0.216
14.078	0.0052	0.066	0.220	0.0214	0.061	0.250
14.083	0.0069	0.043	0.257	0.0170	0.078	0.293
14.088	0.0031	0.050	0.250	0.0160	0.156	0.297
14.093	0.0030	0.061	0.263	0.0152	0.157	0.276
14.098	0.0024	0.052	0.245	0.0172	0.079	0.267
14.103	0.0018	0.050	0.159	0.0178	0.214	0.332
14.108	0.0007	0.043	0.214	0.0089	0.544	0.349
14.113	0.0010	0.070	0.201	0.0113	0.456	0.359
14.118	0.0009	0.077	0.271	0.0169	0.269	0.390
14.123	0.0005	0.068	0.264	0.0121	0.323	0.418
14.128	0.0003	0.068	0.187	0.0161	0.273	0.431
14.133	0.0002	0.066	0.162	0.0249	0.112	0.432
14.138	0.0001	0.077	0.154	0.0126	0.078	0.448
14.143	0.0002	0.048	0.177	0.0201	0.066	0.461
14.148	0.0001	0.043	0.280	0.0198	0.065	0.498
14.153	0.0001	0.039	0.358	0.0208	0.046	0.474
14.158	0.0001	0.034	0.061	0.2077	0.003	0.318
14.163	0.0001	0.043	0.286	0.0241	0.048	0.323
14.168	0.0001	0.005	0.251	0.0518	0.009	0.183
14.173	0.0003	0.009	0.397	0.0694	0.000	0.073
14.178	0.0042	0.009	0.713	0.0270	0.000	0.037
14.183	0.0177	0.009	0.591	0.0180	0.000	0.047
14.188	0.1402	0.009	0.486	0.0316	0.000	0.058
14.193	0.1983	0.009	0.295	0.0221	0.001	0.066
14.198	0.1443	0.025	0.532	0.0188	0.002	0.095
14.203	0.1043	0.011	0.501	0.0183	0.002	0.115
14.208	0.1008	0.011	0.410	0.0121	0.010	0.203
14.213	0.1114	0.014	0.212	0.0174	0.049	0.326
14.218	0.0437	0.030	0.146	0.0127	0.251	0.428
14.223	0.0187	0.089	0.216	0.0183	0.345	0.447
14.228	0.0197	0.120	0.213	0.0124	0.536	0.459
14.233	0.0274	0.159	0.254	0.0118	0.593	0.432
14.238	0.0242	0.170	0.184	0.0122	0.629	0.446
14.243	0.0266	0.173	0.165	0.0134	0.692	0.459
14.248	0.0231	0.193	0.185	0.0110	0.734	0.466
14.253	0.0315	0.198	0.200	0.0128	0.823	0.444
14.258	0.0252	0.218	0.177	0.0106	0.853	0.441
14.263	0.0323	0.227	0.134	0.0141	0.864	0.434
14.268	0.0261	0.236	0.133	0.0128	0.902	0.437
14.273	0.0254	0.205	0.136	0.0108	0.900	0.433
14.278	0.0380	0.239	0.152	0.0130	0.846	0.442
14.283	0.0272	0.245	0.173	0.0137	0.809	0.465
14.288	0.0257	0.230	0.152	0.0131	0.725	0.431
14.293	0.0254	0.223	0.158	0.0123	0.791	0.434
14.298	0.0339	0.214	0.154	0.0121	0.790	0.427
14.302	0.0361	0.218	0.155	0.0130	0.643	0.437
14.307	0.0299	0.205	0.124	0.0256	0.259	0.411
14.312	0.0222	0.150	0.295	0.0504	0.033	0.257
14.317	0.0204	0.070	0.456	0.0364	0.002	0.075
14.322	0.0418	0.011	0.625	0.0282	0.001	0.049
14.327	0.1324	0.016	0.751	0.0133	0.001	0.038
14.332	0.2825	0.011	0.750	0.0126	0.001	0.039
14.337	0.3065	0.009	0.764	0.0090	0.002	0.034
14.342	0.3347	0.011	0.754	0.0134	0.001	0.035
14.347	0.3092	0.014	0.768	0.0161	0.001	0.030
14.352	0.2931	0.018	0.776	0.0092	0.000	0.026
14.357	0.2557	0.011	0.759	0.0123	0.000	0.022
14.362	0.2159	0.011	0.769	0.0143	0.000	0.023
14.367	0.1817	0.011	0.762	0.0084	0.001	0.022
14.372	0.1577	0.014	0.762	0.0087	0.001	0.020
14.377	0.2370	0.014	0.780	0.0039	0.000	0.011
14.382	0.2452	0.014	0.780	0.0068	0.000	0.019
14.387	0.2532	0.016	0.788	0.0114	0.000	0.026
14.392	0.2329	0.016	0.786	0.0069	0.000	0.028
14.397	0.2239	0.016	0.775	0.0049	0.000	0.029
14.402	0.2109	0.016	0.759	0.0115	0.000	0.030
14.407	0.1719	0.016	0.766	0.0078	0.000	0.027
14.412	0.2453	0.016	0.771	0.0105	0.000	0.026
14.417	0.2540	0.016	0.792	0.0075	0.000	0.024
14.422	0.3027	0.014	0.782	0.0066	0.000	0.027
14.427	0.2830	0.016	0.760	0.0137	0.000	0.025
14.432	0.2353	0.016	0.744	0.0187	0.000	0.025
14.437	0.1787	0.018	0.737	0.0134	0.000	0.023
14.442	0.2560	0.016	0.748	0.0148	0.000	0.024
14.447	0.2717	0.023	0.746	0.0140	0.000	0.023
14.452	0.3749	0.020	0.734	0.0149	0.000	0.023
14.457	0.4104	0.018	0.635	0.0156	0.001	0.024
14.462	0.4054	0.018	0.601	0.0201	0.001	0.026
14.467	0.3407	0.016	0.636	0.0172	0.000	0.026
14.472	0.2512	0.023	0.652	0.0265	0.000	0.031
14.477	0.2726	0.025	0.694	0.0175	0.000	0.065
14.482	0.2605	0.023	0.739	0.0109	0.001	0.086
14.487	0.2749	0.030	0.637	0.0130	0.001	0.085
14.492	0.3748	0.030	0.548	0.0228	0.001	0.071
14.497	0.3725	0.027	0.625	0.0192	0.001	0.065
14.502	0.3790	0.018	0.612	0.0168	0.002	0.083
14.507	0.3436	0.023	0.571	0.0237	0.003	0.092
14.512	0.3465	0.018	0.588	0.0223	0.001	0.073
14.517	0.3833	0.023	0.660	0.0140	0.002	0.083
14.522	0.3592	0.018	0.645	0.0135	0.002	0.088
14.527	0.3533	0.030	0.544	0.0151	0.001	0.053
14.532	0.4036	0.032	0.514	0.0177	0.001	0.036
14.537	0.4144	0.025	0.488	0.0211	0.001	0.040
14.542	0.4281	0.018	0.422	0.0219	0.001	0.042
14.547	0.2513	0.018	0.347	0.0184	0.002	0.047
14.552	0.2474	0.030	0.271	0.0307	0.002	0.048
14.557	0.1218	0.027	0.338	0.0156	0.003	0.051
14.562	0.1492	0.025	0.275	0.0237	0.002	0.051
14.567	0.0928	0.014	0.280	0.0306	0.000	0.038
14.572	0.0432	0.023	0.375	0.0267	0.000	0.026
14.577	0.0626	0.030	0.399	0.0214	0.000	0.024
14.582	0.0512	0.018	0.405	0.0296	0.000	0.028
14.587	0.0384	0.016	0.426	0.0242	0.000	0.024
14.592	0.0288	0.018	0.367	0.0186	0.000	0.027
14.597	0.0366	0.025	0.271	0.0306	0.000	0.028
14.602	0.0225	0.011	0.269	0.0258	0.000	0.028
14.607	0.0095	0.023	0.371	0.0226	0.000	0.025
14.612	0.0112	0.023	0.195	0.0241	0.013	0.077
14.617	0.0089	0.016	0.170	0.0133	0.346	0.172
14.622	0.0068	0.016	0.165	0.0096	0.393	0.221
14.627	0.0146	0.077	0.168	0.0159	0.421	0.292
14.632	0.0167	0.091	0.286	0.0361	0.262	0.266
14.637	0.0135	0.098	0.441	0.0326	0.054	0.169
14.642	0.0162	0.050	0.510	0.0353	0.023	0.115
14.647	0.0498	0.009	0.546	0.0351	0.004	0.062
14.652	0.0910	0.009	0.631	0.0217	0.001	0.046
14.657	0.1435	0.009	0.782	0.0179	0.001	0.037
14.662	0.2235	0.014	0.807	0.0088	0.001	0.035
14.667	0.2823	0.007	0.829	0.0089	0.000	0.034
14.672	0.3242	0.009	0.833	0.0169	0.000	0.033
14.677	0.3176	0.009	0.820	0.0107	0.001	0.031
14.682	0.3266	0.009	0.804	0.0131	0.001	0.033
14.687	0.3537	0.009	0.744	0.0126	0.003	0.043
14.692	0.3105	0.007	0.681	0.0145	0.008	0.059
14.697	0.2008	0.009	0.429	0.0249	0.010	0.077
14.702	0.1258	0.020	0.252	0.0315	0.007	0.095
14.707	0.0441	0.041	0.496	0.0382	0.002	0.069
14.712	0.0645	0.030	0.549	0.0387	0.001	0.052
14.717	0.0585	0.005	0.549	0.0296	0.001	0.038
14.722	0.0565	0.007	0.496	0.0210	0.000	0.038
14.727	0.0244	0.005	0.525	0.0198	0.000	0.034
14.732	0.0289	0.009	0.525	0.0374	0.000	0.032
14.737	0.0147	0.002	0.566	0.0220	0.000	0.034
14.741	0.0052	0.014	0.546	0.0370	0.000	0.035
14.746	0.0094	0.014	0.596	0.0202	0.000	0.033
14.751	0.0098	0.007	0.608	0.0224	0.000	0.029
14.756	0.0045	0.014	0.595	0.0264	0.000	0.027
14.761	0.0080	0.018	0.448	0.0257	0.007	0.097
14.766	0.0099	0.009	0.419	0.0107	0.205	0.259
14.771	0.0110	0.009	0.381	0.0113	0.262	0.335
14.776	0.0191	0.082	0.356	0.0089	0.304	0.390
14.781	0.0225	0.073	0.371	0.0092	0.345	0.437
14.786	0.0202	0.107	0.222	0.0197	0.215	0.443
14.791	0.0105	0.091	0.274	0.0408	0.066	0.403
14.796	0.0058	0.055	0.510	0.0540	0.007	0.234
14.801	0.0071	0.009	0.676	0.0369	0.002	0.157
14.806	0.0146	0.005	0.651	0.0268	0.001	0.118
14.811	0.0134	0.005	0.684	0.0387	0.001	0.100
14.816	0.0159	0.002	0.669	0.0159	0.000	0.074
14.821	0.0090	0.005	0.699	0.0448	0.000	0.083
14.826	0.0146	0.002	0.621	0.0210	0.001	0.097
14.831	0.0134	0.005	0.621	0.0491	0.001	0.072
14.836	0.0114	0.002	0.662	0.0335	0.000	0.052
14.841	0.0155	0.005	0.639	0.0279	0.000	0.040
14.846	0.0085	0.005	0.644	0.0212	0.000	0.029
14.851	0.0265	0.002	0.659	0.0083	0.000	0.023
14.856	0.0364	0.005	0.681	0.0242	0.000	0.019
14.861	0.0383	0.005	0.679	0.0540	0.000	0.016
14.866	0.0488	0.005	0.684	0.0425	0.000	0.015
14.871	0.0360	0.002	0.657	0.0187	0.000	0.016
14.876	0.0218	0.005	0.589	0.0176	0.000	0.025
14.881	0.0570	0.005	0.299	0.0435	0.000	0.032
14.886	0.0954	0.016	0.376	0.0331	0.000	0.020
14.891	0.1028	0.016	0.475	0.0343	0.000	0.018
14.896	0.1843	0.020	0.690	0.0156	0.000	0.018
14.901	0.1672	0.020	0.643	0.0144	0.000	0.018
14.906	0.1623	0.023	0.624	0.0125	0.000	0.019
14.911	0.2050	0.018	0.628	0.0130	0.000	0.019
14.916	0.1948	0.016	0.673	0.0138	0.000	0.019
14.921	0.2303	0.016	0.693	0.0122	0.000	0.020
14.926	0.2632	0.020	0.692	0.0092	0.001	0.020
14.931	0.1330	0.018	0.669	0.0096	0.001	0.022
14.936	0.1389	0.018	0.653	0.0101	0.001	0.025
14.941	0.1471	0.020	0.657	0.0116	0.002	0.024
14.946	0.1487	0.020	0.617	0.0099	0.003	0.025
14.951	0.1808	0.018	0.604	0.0223	0.005	0.026
14.956	0.1226	0.016	0.629	0.0196	0.004	0.025
14.961	0.0420	0.014	0.631	0.0197	0.005	0.024
14.966	0.0274	0.014	0.649	0.0192	0.005	0.025
14.971	0.0822	0.011	0.690	0.0146	0.004	0.025
14.976	0.1088	0.023	0.695	0.0159	0.002	0.023
14.981	0.0810	0.018	0.660	0.0130	0.003	0.023
14.986	0.0429	0.002	0.662	0.0125	0.002	0.032
14.991	0.0320	0.014	0.682	0.0139	0.001	0.042
14.996	0.0789	0.002	0.639	0.0105	0.001	0.046
15.001	0.1044	0.005	0.647	0.0207	0.001	0.046
15.006	0.1011	0.014	0.678	0.0189	0.000	0.042
15.011	0.0691	0.009	0.656	0.0153	0.000	0.042
15.016	0.0336	0.016	0.656	0.0230	0.000	0.041
15.021	0.0438	0.016	0.697	0.0183	0.000	0.040
15.026	0.1459	0.020	0.656	0.0168	0.000	0.041
15.031	0.1302	0.018	0.592	0.0189	0.000	0.052
15.036	0.0640	0.011	0.579	0.0195	0.001	0.057
15.041	0.0401	0.011	0.544	0.0139	0.001	0.062
15.046	0.0879	0.011	0.559	0.0298	0.001	0.067
15.051	0.0930	0.009	0.394	0.0239	0.001	0.078
15.056	0.0633	0.014	0.284	0.0399	0.008	0.113
15.061	0.0361	0.014	0.266	0.0199	0.029	0.183
15.066	0.0298	0.016	0.410	0.0161	0.051	0.242
15.071	0.0220	0.034	0.344	0.0172	0.096	0.280
15.076	0.0243	0.043	0.274	0.0126	0.295	0.282
15.081	0.0173	0.084	0.185	0.0130	0.463	0.307
15.086	0.0326	0.093	0.161	0.0118	0.600	0.330
15.091	0.0312	0.118	0.200	0.0146	0.552	0.349
15.096	0.0242	0.109	0.170	0.0160	0.388	0.327
15.101	0.0171	0.107	0.170	0.0160	0.463	0.336
15.106	0.0185	0.105	0.176	0.0145	0.573	0.365
15.111	0.0174	0.109	0.178	0.0135	0.636	0.367
15.116	0.0142	0.127	0.138	0.0152	0.755	0.366
15.121	0.0141	0.125	0.166	0.0170	0.823	0.344
15.126	0.0146	0.141	0.165	0.0125	0.829	0.346
15.131	0.0221	0.109	0.189	0.0136	0.770	0.345
15.136	0.0357	0.130	0.137	0.0147	0.790	0.345
15.141	0.0343	0.114	0.132	0.0153	0.834	0.367
15.146	0.0267	0.136	0.162	0.0134	0.741	0.363
15.151	0.0193	0.120	0.168	0.0126	0.701	0.372
15.156	0.0215	0.125	0.247	0.0128	0.696	0.361
15.161	0.0235	0.114	0.199	0.0165	0.669	0.333
15.166	0.0123	0.125	0.251	0.0273	0.290	0.278
15.171	0.0125	0.109	0.395	0.0214	0.127	0.268
15.176	0.0206	0.030	0.485	0.0154	0.106	0.231
15.180	0.0235	0.041	0.534	0.0114	0.101	0.275
15.185	0.0273	0.025	0.389	0.0159	0.173	0.321
15.190	0.0082	0.080	0.269	0.0190	0.536	0.304
15.195	0.0238	0.068	0.195	0.0140	0.824	0.323
15.200	0.0224	0.136	0.128	0.0136	0.843	0.368
15.205	0.0270	0.127	0.164	0.0150	0.946	0.364
15.210	0.0206	0.155	0.204	0.0139	0.975	0.350
15.215	0.0319	0.139	0.195	0.0125	0.986	0.332
15.220	0.0380	0.150	0.190	0.0122	0.975	0.372
15.225	0.0402	0.148	0.189	0.0179	0.979	0.359
15.230	0.0217	0.173	0.178	0.0139	0.988	0.344
15.235	0.0424	0.161	0.177	0.0127	0.983	0.330
15.240	0.0370	0.159	0.136	0.0140	0.989	0.334
15.245	0.0344	0.159	0.169	0.0135	0.992	0.307
15.250	0.0425	0.157	0.206	0.0143	0.989	0.304
15.255	0.0342	0.150	0.222	0.0123	0.963	0.349
15.260	0.0352	0.168	0.154	0.0156	0.933	0.354
15.265	0.0206	0.168	0.158	0.0134	0.841	0.360
15.270	0.0209	0.141	0.109	0.0196	0.629	0.327
15.275	0.0118	0.127	0.324	0.0521	0.053	0.194
15.280	0.0085	0.114	0.343	0.0316	0.012	0.118
15.285	0.0105	0.030	0.275	0.0172	0.005	0.089
15.290	0.0781	0.009	0.326	0.0366	0.004	0.076
15.295	0.0731	0.020	0.541	0.0282	0.002	0.059
15.300	0.0704	0.016	0.630	0.0172	0.001	0.052
15.305	0.0721	0.011	0.600	0.0266	0.001	0.047
15.310	0.1370	0.016	0.577	0.0140	0.000	0.048
15.315	0.1728	0.009	0.510	0.0306	0.001	0.044
15.320	0.0927	0.011	0.620	0.0347	0.001	0.042
15.325	0.0761	0.007	0.613	0.0156	0.002	0.042
15.330	0.1233	0.011	0.596	0.0191	0.001	0.042
15.335	0.1405	0.011	0.597	0.0168	0.001	0.042
15.340	0.0781	0.011	0.618	0.0326	0.001	0.039
15.345	0.0937	0.011	0.609	0.0175	0.000	0.034
15.350	0.1689	0.011	0.617	0.0245	0.000	0.032
15.355	0.0862	0.007	0.646	0.0188	0.000	0.031
15.360	0.0973	0.014	0.612	0.0153	0.000	0.031
15.365	0.1664	0.014	0.625	0.0151	0.000	0.031
15.370	0.1669	0.011	0.652	0.0303	0.000	0.033
15.375	0.0896	0.014	0.614	0.0145	0.001	0.031
15.380	0.1658	0.009	0.566	0.0153	0.001	0.033
15.385	0.1943	0.011	0.515	0.0386	0.001	0.034
15.390	0.0903	0.009	0.575	0.0153	0.001	0.042
15.395	0.0676	0.011	0.624	0.0223	0.001	0.042
15.400	0.1158	0.014	0.567	0.0166	0.001	0.046
15.405	0.1868	0.018	0.548	0.0321	0.000	0.040
15.410	0.1006	0.018	0.618	0.0235	0.000	0.036
15.415	0.0753	0.025	0.580	0.0286	0.000	0.039
15.420	0.0752	0.007	0.640	0.0170	0.000	0.038
15.425	0.0688	0.007	0.462	0.0300	0.000	0.042
15.430	0.1007	0.007	0.492	0.0271	0.000	0.044
15.435	0.0896	0.009	0.580	0.0181	0.000	0.038
15.440	0.0720	0.023	0.591	0.0153	0.000	0.041
15.445	0.1141	0.009	0.623	0.0399	0.001	0.048
15.450	0.0822	0.011	0.691	0.0176	0.000	0.044
15.455	0.0843	0.014	0.687	0.0184	0.000	0.036
15.460	0.0798	0.009	0.684	0.0206	0.000	0.036
15.465	0.0910	0.009	0.734	0.0153	0.000	0.035
15.470	0.1071	0.009	0.732	0.0126	0.000	0.037
15.475	0.1320	0.009	0.753	0.0138	0.000	0.034
15.480	0.1422	0.009	0.744	0.0117	0.000	0.042
15.485	0.1509	0.009	0.604	0.0199	0.001	0.065
15.490	0.1390	0.011	0.494	0.0221	0.003	0.087
15.495	0.0918	0.018	0.430	0.0282	0.004	0.110
15.500	0.0420	0.011	0.585	0.0285	0.003	0.122
15.505	0.0660	0.007	0.658	0.0188	0.003	0.130
15.510	0.0734	0.018	0.616	0.0161	0.004	0.145
15.515	0.0448	0.005	0.555	0.0192	0.006	0.154
15.520	0.0501	0.007	0.447	0.0137	0.016	0.203
15.525	0.0354	0.005	0.198	0.0145	0.121	0.356
15.530	0.0256	0.027	0.237	0.0215	0.268	0.376
15.535	0.0111	0.105	0.389	0.0123	0.171	0.383
15.540	0.0116	0.107	0.404	0.0100	0.183	0.425
15.545	0.0189	0.064	0.290	0.0107	0.336	0.479
15.550	0.0200	0.077	0.208	0.0132	0.423	0.509
15.555	0.0101	0.107	0.185	0.0110	0.694	0.498
15.560	0.0107	0.159	0.177	0.0091	0.744	0.506
15.565	0.0109	0.230	0.188	0.0107	0.668	0.525
15.570	0.0089	0.209	0.198	0.0107	0.681	0.518
15.575	0.0086	0.186	0.149	0.0110	0.708	0.510
15.580	0.0102	0.184	0.110	0.0101	0.770	0.523
15.585	0.0090	0.214	0.141	0.0109	0.830	0.524
15.590	0.0074	0.207	0.156	0.0118	0.768	0.510
15.595	0.0075	0.202	0.138	0.0136	0.580	0.469
15.600	0.0086	0.123	0.087	0.0515	0.286	0.379
15.605	0.0042	0.134	0.285	0.0456	0.015	0.193
15.610	0.0049	0.098	0.411	0.0362	0.006	0.126
15.615	0.0135	0.009	0.499	0.0210	0.003	0.083
15.620	0.0419	0.009	0.427	0.0194	0.003	0.072
15.624	0.0937	0.011	0.470	0.0272	0.003	0.068
15.629	0.0764	0.018	0.574	0.0178	0.002	0.066
15.634	0.0803	0.016	0.467	0.0220	0.002	0.060
15.639	0.0948	0.014	0.488	0.0258	0.001	0.059
15.644	0.0639	0.025	0.493	0.0263	0.001	0.056
15.649	0.1057	0.014	0.571	0.0260	0.001	0.048
15.654	0.0396	0.023	0.518	0.0267	0.001	0.048
15.659	0.0653	0.014	0.407	0.0256	0.000	0.044
15.664	0.0903	0.011	0.389	0.0379	0.000	0.049
15.669	0.0445	0.005	0.475	0.0583	0.000	0.038
15.674	0.0261	0.025	0.538	0.0293	0.001	0.032
15.679	0.0581	0.011	0.641	0.0269	0.001	0.030
15.684	0.0276	0.005	0.629	0.0399	0.001	0.028
15.689	0.0410	0.007	0.606	0.0259	0.001	0.027
15.694	0.0514	0.007	0.617	0.0241	0.001	0.028
15.699	0.0250	0.009	0.544	0.0259	0.001	0.026
15.704	0.0485	0.007	0.598	0.0358	0.001	0.023
15.709	0.0368	0.005	0.645	0.0569	0.001	0.024
15.714	0.0138	0.007	0.484	0.0469	0.001	0.022
15.719	0.0629	0.007	0.491	0.0746	0.001	0.022
15.724	0.0279	0.005	0.423	0.0521	0.001	0.032
15.729	0.0153	0.002	0.505	0.0632	0.001	0.032
15.734	0.0181	0.002	0.346	0.0419	0.000	0.045
15.739	0.0269	0.002	0.290	0.0900	0.001	0.057
15.744	0.0099	0.002	0.329	0.0340	0.001	0.111
15.749	0.0069	0.005	0.307	0.1022	0.001	0.117
15.754	0.0021	0.002	0.521	0.0295	0.000	0.092
15.759	0.0037	0.005	0.542	0.0250	0.001	0.132
15.764	0.0081	0.002	0.513	0.0777	0.001	0.137
15.769	0.0068	0.002	0.489	0.0612	0.002	0.130
15.774	0.0049	0.002	0.458	0.0783	0.001	0.107
15.779	0.0012	0.002	0.271	0.0421	0.000	0.102
15.784	0.0027	0.005	0.188	0.0782	0.003	0.165
15.789	0.0003	0.011	0.090	0.0264	0.133	0.393
15.794	0.0006	0.005	0.093	0.0133	0.725	0.463
15.799	0.0005	0.011	0.141	0.0122	0.893	0.449
15.804	0.0027	0.180	0.192	0.0110	0.917	0.440
15.809	0.0052	0.227	0.130	0.0162	0.851	0.423
15.814	0.0069	0.193	0.145	0.0111	0.849	0.368
15.819	0.0090	0.148	0.183	0.0089	0.860	0.382
15.824	0.0160	0.152	0.150	0.0173	0.855	0.415
15.829	0.0095	0.164	0.183	0.0138	0.635	0.386
15.834	0.0131	0.111	0.150	0.0122	0.619	0.397
15.839	0.0103	0.148	0.140	0.0132	0.648	0.418
15.844	0.0087	0.152	0.185	0.0114	0.639	0.443
15.849	0.0087	0.127	0.192	0.0130	0.632	0.445
15.854	0.0073	0.155	0.182	0.0154	0.333	0.415
15.859	0.0060	0.100	0.145	0.0227	0.215	0.368
15.864	0.0068	0.102	0.127	0.0552	0.029	0.249
15.869	0.0054	0.086	0.353	0.0359	0.006	0.170
15.874	0.0079	0.027	0.479	0.0375	0.001	0.084
15.879	0.0212	0.011	0.540	0.0287	0.001	0.057
15.884	0.0396	0.011	0.572	0.0322	0.000	0.038
15.889	0.0393	0.014	0.521	0.0309	0.000	0.028
15.894	0.0489	0.011	0.492	0.0263	0.000	0.023
15.899	0.0789	0.011	0.562	0.0353	0.000	0.022
15.904	0.0346	0.018	0.628	0.0234	0.000	0.022
15.909	0.0696	0.009	0.572	0.0352	0.000	0.019
15.914	0.0632	0.009	0.529	0.0256	0.000	0.018
15.919	0.0677	0.007	0.414	0.0276	0.000	0.019
15.924	0.0647	0.009	0.493	0.0193	0.000	0.021
15.929	0.0570	0.016	0.517	0.0223	0.000	0.025
15.934	0.0501	0.023	0.550	0.0440	0.000	0.023
15.939	0.0535	0.016	0.585	0.0274	0.000	0.023
15.944	0.0360	0.014	0.528	0.0416	0.000	0.023
15.949	0.0485	0.016	0.553	0.0261	0.000	0.022
15.954	0.0394	0.009	0.538	0.0197	0.000	0.023
15.959	0.0515	0.020	0.518	0.0163	0.000	0.021
15.964	0.0493	0.016	0.513	0.0169	0.000	0.021
15.969	0.0545	0.014	0.468	0.0177	0.000	0.019
15.974	0.0585	0.016	0.402	0.0358	0.000	0.019
15.979	0.0271	0.009	0.385	0.0294	0.000	0.017
15.984	0.0305	0.014	0.368	0.0775	0.000	0.017
15.989	0.0105	0.014	0.447	0.0504	0.000	0.015
15.994	0.0222	0.009	0.598	0.0564	0.000	0.011
15.999	0.0210	0.005	0.581	0.0473	0.000	0.010
16.004	0.0278	0.005	0.643	0.0395	0.000	0.010
16.009	0.0281	0.005	0.616	0.0393	0.000	0.010
16.014	0.0549	0.007	0.597	0.0334	0.000	0.010
16.019	0.0335	0.005	0.600	0.0409	0.000	0.010
16.024	0.0600	0.005	0.565	0.0450	0.000	0.009
16.029	0.0352	0.005	0.550	0.0334	0.000	0.010
16.034	0.0465	0.005	0.461	0.0174	0.000	0.010
16.039	0.0372	0.005	0.350	0.0432	0.000	0.012
16.044	0.0229	0.011	0.370	0.0412	0.000	0.018
16.049	0.0209	0.002	0.484	0.0771	0.000	0.020
16.054	0.0037	0.007	0.474	0.0616	0.000	0.023
16.059	0.0110	0.005	0.542	0.0996	0.000	0.022
16.063	0.0051	0.005	0.500	0.0401	0.000	0.038
16.068	0.0069	0.005	0.548	0.0630	0.000	0.039
16.073	0.0060	0.007	0.503	0.0197	0.001	0.132
16.078	0.0078	0.005	0.542	0.0342	0.002	0.130
16.083	0.0041	0.005	0.592	0.0147	0.003	0.151
16.088	0.0061	0.009	0.629	0.0211	0.004	0.159
16.093	0.0038	0.009	0.558	0.0175	0.014	0.194
16.098	0.0041	0.018	0.410	0.0227	0.038	0.232
16.103	0.0026	0.034	0.347	0.0195	0.029	0.247
16.108	0.0016	0.039	0.385	0.0138	0.036	0.221
16.113	0.0033	0.039	0.307	0.0170	0.089	0.218
16.118	0.0035	0.045	0.289	0.0145	0.094	0.217
16.123	0.0035	0.073	0.243	0.0178	0.137	0.238
16.128	0.0031	0.068	0.411	0.0273	0.099	0.212
16.133	0.0031	0.066	0.643	0.0207	0.035	0.168
16.138	0.0045	0.057	0.634	0.0156	0.031	0.165
16.143	0.0094	0.039	0.504	0.0211	0.036	0.198
16.148	0.0101	0.039	0.499	0.0140	0.068	0.191
16.153	0.0072	0.059	0.319	0.0191	0.126	0.190
16.158	0.0053	0.064	0.447	0.0166	0.164	0.204
16.163	0.0105	0.057	0.296	0.0206	0.089	0.186
16.168	0.0058	0.077	0.357	0.0180	0.103	0.192
16.173	0.0095	0.059	0.401	0.0120	0.128	0.182
16.178	0.0077	0.059	0.435	0.0173	0.115	0.186
16.183	0.0096	0.050	0.393	0.0133	0.113	0.173
16.188	0.0081	0.057	0.390	0.0159	0.109	0.181
16.193	0.0099	0.061	0.319	0.0179	0.143	0.207
16.198	0.0067	0.066	0.301	0.0189	0.163	0.209
16.203	0.0071	0.061	0.215	0.0156	0.134	0.190
16.208	0.0065	0.064	0.313	0.0181	0.152	0.208
16.213	0.0084	0.080	0.413	0.0185	0.136	0.180
16.218	0.0045	0.061	0.504	0.0156	0.145	0.167
16.223	0.0090	0.061	0.445	0.0176	0.150	0.187
16.228	0.0106	0.048	0.329	0.0190	0.214	0.195
16.233	0.0082	0.064	0.260	0.0200	0.272	0.179
16.238	0.0065	0.070	0.270	0.0245	0.239	0.169
16.243	0.0043	0.077	0.385	0.0205	0.128	0.149
16.248	0.0067	0.068	0.381	0.0159	0.080	0.139
16.253	0.0082	0.057	0.385	0.0165	0.141	0.169
16.258	0.0087	0.059	0.304	0.0241	0.088	0.169
16.263	0.0033	0.061	0.359	0.0249	0.038	0.133
16.268	0.0053	0.066	0.341	0.0154	0.049	0.142
16.273	0.0051	0.050	0.396	0.0343	0.036	0.157
16.278	0.0032	0.057	0.431	0.0189	0.021	0.150
16.283	0.0034	0.041	0.415	0.0190	0.040	0.169
16.288	0.0021	0.061	0.284	0.0278	0.042	0.178
16.293	0.0012	0.050	0.309	0.0214	0.023	0.214
16.298	0.0006	0.048	0.291	0.0247	0.018	0.235
16.303	0.0004	0.041	0.388	0.0211	0.020	0.297
16.308	0.0003	0.025	0.260	0.0223	0.022	0.333
16.313	0.0002	0.045	0.302	0.0181	0.148	0.274
16.318	0.0001	0.030	0.224	0.0189	0.266	0.264
16.323	0.0003	0.061	0.022	0.0672	0.111	0.250
16.328	0.0005	0.070	0.175	0.0652	0.026	0.181
16.333	0.0005	0.061	0.223	0.0609	0.001	0.064
16.338	0.0012	0.018	0.392	0.0284	0.000	0.046
16.343	0.0085	0.011	0.567	0.0225	0.000	0.037
16.348	0.0629	0.009	0.624	0.0100	0.000	0.036
16.353	0.0525	0.007	0.673	0.0121	0.000	0.037
16.358	0.0746	0.005	0.641	0.0160	0.001	0.047
16.363	0.0804	0.007	0.660	0.0151	0.001	0.066
16.368	0.0845	0.014	0.665	0.0159	0.001	0.064
16.373	0.0768	0.016	0.643	0.0228	0.001	0.063
16.378	0.0945	0.007	0.649	0.0109	0.001	0.063
16.383	0.0976	0.007	0.653	0.0079	0.001	0.063
16.388	0.1113	0.007	0.623	0.0178	0.001	0.071
16.393	0.0840	0.007	0.580	0.0223	0.001	0.070
16.398	0.0835	0.011	0.595	0.0223	0.000	0.059
16.403	0.0887	0.007	0.595	0.0344	0.001	0.054
16.408	0.1029	0.011	0.641	0.0266	0.000	0.048
16.413	0.0973	0.009	0.643	0.0361	0.000	0.037
16.418	0.1042	0.007	0.613	0.0265	0.000	0.033
16.423	0.1601	0.007	0.634	0.0229	0.000	0.032
16.428	0.1051	0.007	0.621	0.0159	0.000	0.029
16.433	0.0993	0.005	0.623	0.0364	0.000	0.026
16.438	0.1054	0.007	0.603	0.0308	0.000	0.024
16.443	0.0779	0.007	0.618	0.0342	0.000	0.023
16.448	0.0849	0.005	0.603	0.0290	0.000	0.022
16.453	0.0784	0.007	0.607	0.0139	0.000	0.019
16.458	0.0824	0.007	0.609	0.0258	0.000	0.018
16.463	0.0914	0.005	0.630	0.0250	0.000	0.020
16.468	0.0649	0.007	0.637	0.0179	0.000	0.019
16.473	0.1123	0.007	0.632	0.0213	0.000	0.017
16.478	0.0964	0.007	0.627	0.0289	0.000	0.018
16.483	0.0972	0.005	0.597	0.0357	0.000	0.020
16.488	0.1176	0.009	0.641	0.0329	0.000	0.021
16.493	0.0928	0.005	0.624	0.0211	0.000	0.025
16.498	0.0961	0.007	0.596	0.0314	0.000	0.026
16.502	0.1353	0.007	0.656	0.0098	0.000	0.033
16.507	0.0863	0.011	0.627	0.0157	0.000	0.033
16.512	0.1039	0.009	0.630	0.0240	0.000	0.042
16.517	0.0955	0.011	0.626	0.0241	0.000	0.050
16.522	0.1036	0.011	0.579	0.0469	0.001	0.070
16.527	0.1022	0.009	0.582	0.0374	0.001	0.086
16.532	0.0597	0.007	0.505	0.0176	0.010	0.131
16.537	0.0721	0.011	0.474	0.0098	0.024	0.181
16.542	0.0668	0.014	0.379	0.0187	0.138	0.288
16.547	0.0236	0.030	0.321	0.0150	0.420	0.328
16.552	0.0241	0.066	0.206	0.0136	0.654	0.324
16.557	0.0506	0.123	0.198	0.0124	0.749	0.314
16.562	0.0318	0.102	0.123	0.0185	0.922	0.322
16.567	0.0534	0.127	0.117	0.0152	0.969	0.306
16.572	0.0456	0.130	0.152	0.0132	0.986	0.303
16.577	0.0711	0.148	0.170	0.0115	0.973	0.334
16.582	0.0625	0.177	0.135	0.0146	0.961	0.340
16.587	0.0407	0.152	0.124	0.0123	0.964	0.346
16.592	0.0604	0.132	0.122	0.0150	0.954	0.339
16.597	0.0338	0.152	0.153	0.0130	0.961	0.340
16.602	0.0486	0.177	0.222	0.0127	0.968	0.359
16.607	0.0333	0.189	0.213	0.0119	0.971	0.361
16.612	0.0502	0.168	0.129	0.0163	0.985	0.330
16.617	0.0354	0.143	0.148	0.0127	0.987	0.326
16.622	0.0377	0.173	0.140	0.0149	0.988	0.345
16.627	0.0312	0.170	0.149	0.0117	0.990	0.340
16.632	0.0265	0.170	0.138	0.0116	0.991	0.328
16.637	0.0263	0.184	0.145	0.0129	0.992	0.321
16.642	0.0304	0.182	0.143	0.0127	0.993	0.344
16.647	0.0244	0.214	0.141	0.0117	0.992	0.354
16.652	0.0214	0.184	0.170	0.0126	0.976	0.390
16.657	0.0112	0.195	0.142	0.0132	0.981	0.392
16.662	0.0062	0.216	0.118	0.0125	0.983	0.399
16.667	0.0048	0.207	0.140	0.0130	0.979	0.436
16.672	0.0028	0.198	0.129	0.0140	0.968	0.447
16.677	0.0020	0.180	0.149	0.0147	0.968	0.430
16.682	0.0016	0.152	0.180	0.0121	0.916	0.422
16.687	0.0013	0.191	0.141	0.0108	0.842	0.422
16.692	0.0014	0.148	0.159	0.0152	0.802	0.401
16.697	0.0006	0.161	0.181	0.0109	0.728	0.430
16.702	0.0005	0.123	0.173	0.0120	0.752	0.485
16.707	0.0005	0.120	0.225	0.0114	0.697	0.525
16.712	0.0004	0.107	0.132	0.0135	0.368	0.573
16.717	0.0002	0.114	0.165	0.0144	0.782	0.540
16.722	0.0003	0.127	0.144	0.0073	0.928	0.468
16.727	0.0002	0.159	0.118	0.0120	0.907	0.499
16.732	0.0003	0.177	0.182	0.0122	0.830	0.538
16.737	0.0003	0.168	0.224	0.0189	0.495	0.571
16.742	0.0001	0.075	0.259	0.0171	0.235	0.560
16.747	0.0002	0.050	0.243	0.0226	0.205	0.558
16.752	0.0002	0.005	0.333	0.0152	0.194	0.609
16.757	0.0001	0.027	0.373	0.0251	0.095	0.569
16.762	0.0002	0.014	0.229	0.0169	0.100	0.555
16.767	0.0001	0.098	0.020	0.0148	0.169	0.595
16.772	0.0001	0.055	0.148	0.0200	0.890	0.449
16.777	0.0000	0.045	0.118	0.0170	0.942	0.412
16.782	0.0001	0.123	0.161	0.0103	0.984	0.371
16.787	0.0043	0.218	0.155	0.0083	0.982	0.378
16.792	0.0244	0.220	0.138	0.0139	0.958	0.399
16.797	0.0285	0.214	0.126	0.0119	0.929	0.382
16.802	0.0273	0.150	0.154	0.0146	0.805	0.359
16.807	0.0274	0.150	0.131	0.0143	0.683	0.356
16.812	0.0201	0.109	0.144	0.0218	0.374	0.326
16.817	0.0114	0.114	0.146	0.0270	0.128	0.271
16.822	0.0181	0.070	0.369	0.0224	0.033	0.232
16.827	0.0337	0.055	0.443	0.0219	0.021	0.208
16.832	0.0456	0.032	0.620	0.0146	0.011	0.167
16.837	0.0857	0.016	0.629	0.0164	0.006	0.141
16.842	0.1185	0.018	0.652	0.0183	0.004	0.125
16.847	0.1543	0.009	0.695	0.0129	0.004	0.106
16.852	0.1709	0.009	0.690	0.0136	0.002	0.091
16.857	0.1634	0.011	0.670	0.0140	0.001	0.072
16.862	0.1351	0.014	0.640	0.0207	0.001	0.073
16.867	0.1185	0.014	0.671	0.0152	0.001	0.078
16.872	0.1335	0.007	0.664	0.0175	0.001	0.080
16.877	0.1211	0.014	0.656	0.0154	0.001	0.075
16.882	0.1599	0.011	0.559	0.0149	0.002	0.072
16.887	0.1330	0.009	0.489	0.0221	0.003	0.086
16.892	0.1545	0.016	0.536	0.0196	0.004	0.116
16.897	0.1159	0.023	0.573	0.0154	0.004	0.128
16.902	0.1175	0.020	0.559	0.0192	0.008	0.159
16.907	0.0869	0.014	0.546	0.0152	0.007	0.167
16.912	0.0434	0.023	0.383	0.0223	0.009	0.195
16.917	0.0828	0.020	0.281	0.0168	0.011	0.203
16.922	0.0423	0.018	0.187	0.0284	0.018	0.251
16.927	0.0299	0.041	0.357	0.0272	0.012	0.214
16.932	0.0136	0.039	0.534	0.0347	0.002	0.119
16.937	0.0230	0.023	0.578	0.0287	0.001	0.077
16.941	0.0228	0.014	0.529	0.0180	0.001	0.075
16.946	0.0132	0.011	0.385	0.0183	0.001	0.077
16.951	0.0098	0.014	0.436	0.0351	0.001	0.080
16.956	0.0075	0.025	0.437	0.0396	0.000	0.064
16.961	0.0051	0.011	0.400	0.0180	0.001	0.128
16.966	0.0046	0.018	0.264	0.0239	0.014	0.218
16.971	0.0063	0.005	0.354	0.0197	0.049	0.283
16.976	0.0043	0.045	0.378	0.0124	0.054	0.279
16.981	0.0076	0.048	0.341	0.0109	0.081	0.318
16.986	0.0170	0.066	0.245	0.0125	0.107	0.342
16.991	0.0178	0.077	0.165	0.0191	0.124	0.327
16.996	0.0172	0.064	0.242	0.0167	0.114	0.312
17.001	0.0146	0.086	0.170	0.0187	0.112	0.318
17.006	0.0196	0.073	0.166	0.0339	0.076	0.286
17.011	0.0190	0.073	0.298	0.0377	0.018	0.161
17.016	0.0251	0.027	0.517	0.0370	0.005	0.132
17.021	0.0388	0.027	0.598	0.0228	0.002	0.101
17.026	0.0862	0.007	0.642	0.0192	0.001	0.091
17.031	0.1298	0.014	0.613	0.0195	0.001	0.085
17.036	0.1269	0.007	0.429	0.0273	0.001	0.068
17.041	0.0787	0.016	0.390	0.0450	0.000	0.051
17.046	0.0648	0.020	0.510	0.0563	0.000	0.047
17.051	0.0910	0.009	0.684	0.0172	0.000	0.032
17.056	0.0820	0.005	0.632	0.0186	0.000	0.026
17.061	0.0304	0.007	0.670	0.0200	0.000	0.021
17.066	0.0320	0.009	0.696	0.0113	0.000	0.021
17.071	0.1039	0.007	0.714	0.0160	0.000	0.021
17.076	0.1112	0.007	0.675	0.0091	0.000	0.020
17.081	0.0820	0.007	0.511	0.0346	0.000	0.033
17.086	0.0337	0.007	0.423	0.0327	0.000	0.036
17.091	0.0514	0.014	0.490	0.0196	0.000	0.030
17.096	0.1186	0.025	0.532	0.0181	0.000	0.031
17.101	0.1835	0.016	0.539	0.0170	0.000	0.039
17.106	0.1034	0.018	0.558	0.0267	0.000	0.038
17.111	0.0975	0.009	0.506	0.0185	0.001	0.042
17.116	0.1524	0.025	0.483	0.0237	0.001	0.040
17.121	0.2269	0.027	0.416	0.0189	0.001	0.047
17.126	0.1067	0.014	0.323	0.0271	0.004	0.061
17.131	0.0586	0.020	0.364	0.0238	0.005	0.062
17.136	0.0943	0.027	0.356	0.0292	0.007	0.069
17.141	0.0687	0.018	0.387	0.0240	0.005	0.081
17.146	0.0251	0.014	0.425	0.0194	0.004	0.083
17.151	0.0513	0.011	0.306	0.0241	0.007	0.106
17.156	0.0436	0.020	0.247	0.0264	0.010	0.130
17.161	0.0251	0.016	0.325	0.0124	0.030	0.263
17.166	0.0199	0.030	0.327	0.0137	0.078	0.334
17.171	0.0216	0.039	0.177	0.0126	0.379	0.409
17.176	0.0156	0.059	0.153	0.0102	0.651	0.417
17.181	0.0143	0.164	0.133	0.0136	0.595	0.435
17.186	0.0193	0.198	0.117	0.0111	0.589	0.428
17.191	0.0186	0.170	0.163	0.0115	0.665	0.421
17.196	0.0276	0.173	0.191	0.0139	0.572	0.406
17.201	0.0296	0.159	0.232	0.0144	0.496	0.403
17.206	0.0264	0.186	0.213	0.0114	0.453	0.446
17.211	0.0355	0.139	0.165	0.0132	0.597	0.426
17.216	0.0282	0.150	0.179	0.0110	0.668	0.420
17.221	0.0229	0.200	0.200	0.0131	0.634	0.429
17.226	0.0198	0.170	0.246	0.0129	0.745	0.432
17.231	0.0208	0.175	0.215	0.0144	0.843	0.414
17.236	0.0236	0.232	0.227	0.0121	0.893	0.398
17.241	0.0265	0.218	0.168	0.0140	0.903	0.448
17.246	0.0195	0.243	0.125	0.0157	0.884	0.476
17.251	0.0120	0.216	0.150	0.0124	0.906	0.457
17.256	0.0082	0.216	0.177	0.0110	0.884	0.448
17.261	0.0129	0.227	0.152	0.0126	0.919	0.454
17.266	0.0094	0.218	0.146	0.0194	0.741	0.445
17.271	0.0081	0.218	0.237	0.0441	0.068	0.336
17.276	0.0069	0.109	0.306	0.0423	0.008	0.183
17.281	0.0182	0.016	0.501	0.0291	0.003	0.105
17.286	0.0318	0.007	0.554	0.0322	0.001	0.091
17.291	0.0529	0.005	0.547	0.0379	0.001	0.076
17.296	0.1024	0.009	0.631	0.0253	0.001	0.067
17.301	0.0553	0.009	0.572	0.0184	0.001	0.080
17.306	0.0835	0.005	0.509	0.0203	0.001	0.085
17.311	0.1162	0.009	0.424	0.0230	0.003	0.116
17.316	0.0728	0.011	0.295	0.0185	0.005	0.139
17.321	0.0300	0.014	0.232	0.0532	0.003	0.120
17.326	0.0163	0.009	0.353	0.0366	0.001	0.083
17.331	0.0177	0.002	0.171	0.0394	0.001	0.083
17.336	0.0092	0.009	0.277	0.0414	0.003	0.133
17.341	0.0083	0.007	0.276	0.0713	0.002	0.144
17.346	0.0024	0.009	0.414	0.0611	0.000	0.081
17.351	0.0019	0.007	0.498	0.0287	0.000	0.091
17.356	0.0026	0.005	0.489	0.0368	0.002	0.137
17.361	0.0031	0.007	0.272	0.0256	0.011	0.193
17.366	0.0066	0.014	0.202	0.0210	0.037	0.243
17.371	0.0034	0.050	0.267	0.0182	0.149	0.329
17.376	0.0051	0.061	0.263	0.0209	0.171	0.268
17.380	0.0038	0.086	0.349	0.0120	0.193	0.259
17.385	0.0135	0.073	0.387	0.0142	0.215	0.276
17.390	0.0294	0.075	0.370	0.0160	0.174	0.271
17.395	0.0363	0.077	0.317	0.0208	0.126	0.252
17.400	0.0534	0.064	0.370	0.0372	0.039	0.191
17.405	0.0362	0.061	0.532	0.0601	0.006	0.119
17.410	0.0441	0.050	0.629	0.0201	0.000	0.063
17.415	0.0841	0.014	0.548	0.0164	0.001	0.061
17.420	0.1681	0.007	0.447	0.0272	0.002	0.063
17.425	0.1391	0.023	0.404	0.0299	0.001	0.043
17.430	0.1135	0.011	0.487	0.0208	0.001	0.036
17.435	0.1640	0.032	0.490	0.0202	0.000	0.030
17.440	0.2491	0.025	0.601	0.0197	0.000	0.029
17.445	0.3124	0.018	0.661	0.0144	0.000	0.033
17.450	0.4631	0.025	0.613	0.0155	0.000	0.034
17.455	0.3116	0.030	0.578	0.0123	0.001	0.041
17.460	0.2312	0.030	0.596	0.0275	0.001	0.052
17.465	0.1926	0.018	0.630	0.0165	0.001	0.047
17.470	0.2053	0.020	0.644	0.0097	0.002	0.043
17.475	0.1728	0.018	0.627	0.0129	0.003	0.050
17.480	0.1641	0.020	0.600	0.0116	0.005	0.058
17.485	0.1584	0.018	0.626	0.0119	0.002	0.061
17.490	0.1481	0.020	0.518	0.0137	0.002	0.059
17.495	0.1624	0.016	0.488	0.0259	0.002	0.054
17.500	0.1380	0.014	0.332	0.0369	0.001	0.040
17.505	0.0801	0.018	0.420	0.0381	0.000	0.027
17.510	0.0579	0.016	0.465	0.0227	0.000	0.020
17.515	0.0416	0.018	0.506	0.0180	0.000	0.017
17.520	0.0395	0.011	0.476	0.0277	0.000	0.014
17.525	0.0157	0.023	0.483	0.0249	0.000	0.015
17.530	0.0354	0.023	0.391	0.0347	0.000	0.015
17.535	0.0221	0.025	0.401	0.0388	0.000	0.016
17.540	0.0180	0.018	0.435	0.0318	0.000	0.018
17.545	0.0105	0.011	0.574	0.0249	0.000	0.021
17.550	0.0172	0.009	0.428	0.0255	0.001	0.051
17.555	0.0069	0.018	0.320	0.0239	0.006	0.071
17.560	0.0072	0.011	0.331	0.0360	0.020	0.104
17.565	0.0072	0.030	0.291	0.0400	0.013	0.092
17.570	0.0047	0.018	0.311	0.0191	0.013	0.095
17.575	0.0091	0.011	0.352	0.0343	0.014	0.098
17.580	0.0055	0.016	0.228	0.0312	0.024	0.112
17.585	0.0051	0.011	0.306	0.0268	0.043	0.125
17.590	0.0026	0.018	0.246	0.0246	0.062	0.148
17.595	0.0020	0.036	0.300	0.0231	0.029	0.142
17.600	0.0012	0.020	0.390	0.0540	0.017	0.143
17.605	0.0014	0.025	0.559	0.0351	0.010	0.129
17.610	0.0014	0.009	0.529	0.0237	0.008	0.140
17.615	0.0018	0.016	0.546	0.0426	0.008	0.160
17.620	0.0009	0.018	0.636	0.0184	0.002	0.124
17.625	0.0011	0.014	0.626	0.0158	0.003	0.144
17.630	0.0018	0.011	0.457	0.0416	0.004	0.159
17.635	0.0006	0.011	0.553	0.0292	0.003	0.151
17.640	0.0009	0.014	0.575	0.0378	0.001	0.134
17.645	0.0005	0.011	0.559	0.0231	0.002	0.153
17.650	0.0010	0.011	0.149	0.0327	0.175	0.299
17.655	0.0005	0.009	0.213	0.0148	0.161	0.239
17.660	0.0007	0.011	0.103	0.0530	0.022	0.116
17.665	0.0092	0.034	0.287	0.0288	0.000	0.042
17.670	0.0086	0.011	0.277	0.0215	0.000	0.023
17.675	0.0818	0.023	0.358	0.0471	0.000	0.018
17.680	0.0644	0.020	0.561	0.0268	0.000	0.016
17.685	0.1770	0.023	0.522	0.0257	0.000	0.017
17.690	0.3119	0.027	0.494	0.0272	0.001	0.016
17.695	0.2404	0.025	0.455	0.0229	0.001	0.018
17.700	0.2451	0.027	0.553	0.0254	0.001	0.018
17.705	0.2468	0.025	0.589	0.0188	0.001	0.017
17.710	0.2902	0.025	0.637	0.0271	0.001	0.020
17.715	0.1735	0.025	0.598	0.0102	0.001	0.022
17.720	0.3781	0.030	0.583	0.0130	0.001	0.022
17.725	0.4286	0.027	0.578	0.0205	0.001	0.025
17.730	0.1535	0.030	0.564	0.0167	0.002	0.026
17.735	0.1928	0.023	0.496	0.0199	0.002	0.026
17.740	0.3272	0.027	0.522	0.0230	0.002	0.026
17.745	0.1114	0.030	0.527	0.0209	0.001	0.031
17.750	0.1254	0.025	0.472	0.0162	0.001	0.026
17.755	0.2260	0.027	0.465	0.0234	0.001	0.022
17.760	0.2032	0.027	0.484	0.0146	0.001	0.020
17.765	0.1325	0.030	0.444	0.0212	0.001	0.023
17.770	0.1663	0.016	0.562	0.0114	0.001	0.028
17.775	0.1236	0.025	0.520	0.0160	0.001	0.028
17.780	0.1128	0.018	0.478	0.0275	0.001	0.029
17.785	0.1385	0.018	0.554	0.0185	0.001	0.029
17.790	0.0913	0.011	0.536	0.0329	0.000	0.033
17.795	0.0657	0.011	0.475	0.0195	0.000	0.039
17.800	0.1474	0.016	0.491	0.0227	0.000	0.037
17.805	0.0743	0.011	0.446	0.0243	0.000	0.040
17.810	0.0903	0.014	0.461	0.0353	0.000	0.042
17.815	0.0812	0.014	0.594	0.0241	0.000	0.038
17.820	0.0707	0.014	0.535	0.0311	0.000	0.039
17.824	0.0609	0.016	0.353	0.0200	0.000	0.047
17.829	0.0996	0.009	0.321	0.0549	0.001	0.074
17.834	0.0239	0.002	0.437	0.0396	0.001	0.096
17.839	0.0147	0.020	0.518	0.0320	0.001	0.097
17.844	0.0246	0.009	0.511	0.0215	0.002	0.114
17.849	0.0251	0.014	0.462	0.0286	0.004	0.158
17.854	0.0266	0.039	0.374	0.0350	0.007	0.178
17.859	0.0133	0.009	0.263	0.0200	0.032	0.269
17.864	0.0110	0.050	0.387	0.0193	0.071	0.313
17.869	0.0032	0.084	0.405	0.0096	0.124	0.340
17.874	0.0072	0.091	0.359	0.0124	0.115	0.331
17.879	0.0065	0.055	0.429	0.0315	0.071	0.290
17.884	0.0033	0.052	0.449	0.0354	0.052	0.277
17.889	0.0056	0.089	0.487	0.0184	0.045	0.273
17.894	0.0100	0.023	0.566	0.0317	0.030	0.235
17.899	0.0061	0.034	0.455	0.0346	0.015	0.194
17.904	0.0212	0.016	0.443	0.0246	0.008	0.166
17.909	0.0153	0.005	0.549	0.0235	0.002	0.102
17.914	0.0068	0.036	0.445	0.0288	0.001	0.071
17.919	0.0554	0.009	0.575	0.0235	0.001	0.048
17.924	0.0187	0.007	0.553	0.0276	0.001	0.050
17.929	0.0544	0.020	0.616	0.0200	0.000	0.044
17.934	0.0869	0.007	0.595	0.0234	0.001	0.042
17.939	0.0547	0.009	0.671	0.0289	0.001	0.045
17.944	0.0722	0.009	0.648	0.0316	0.000	0.045
17.949	0.0665	0.014	0.595	0.0258	0.001	0.052
17.954	0.0694	0.009	0.673	0.0294	0.001	0.050
17.959	0.0947	0.020	0.594	0.0254	0.000	0.046
17.964	0.0478	0.009	0.634	0.0292	0.001	0.051
17.969	0.0620	0.009	0.543	0.0247	0.001	0.046
17.974	0.0937	0.014	0.570	0.0485	0.000	0.040
17.979	0.0365	0.011	0.490	0.0224	0.001	0.047
17.984	0.0618	0.011	0.609	0.0187	0.001	0.044
17.989	0.0364	0.018	0.587	0.0501	0.000	0.038
17.994	0.0233	0.023	0.516	0.0189	0.001	0.035
17.999	0.0730	0.020	0.611	0.0293	0.001	0.033
18.004	0.0166	0.027	0.494	0.0193	0.001	0.034
18.009	0.0519	0.018	0.557	0.0200	0.000	0.031
18.014	0.0366	0.016	0.518	0.0338	0.001	0.031
18.019	0.0283	0.014	0.564	0.0254	0.001	0.031
18.024	0.0797	0.011	0.565	0.0311	0.000	0.030
18.029	0.0320	0.014	0.629	0.0256	0.000	0.030
18.034	0.0661	0.009	0.537	0.0311	0.000	0.028
18.039	0.0608	0.007	0.469	0.0266	0.000	0.032
18.044	0.0470	0.009	0.403	0.0283	0.000	0.038
18.049	0.0345	0.014	0.460	0.0271	0.000	0.039
18.054	0.0449	0.018	0.515	0.0278	0.000	0.037
18.059	0.0504	0.011	0.640	0.0400	0.000	0.032
18.064	0.0620	0.009	0.689	0.0267	0.000	0.028
18.069	0.0619	0.011	0.695	0.0314	0.000	0.021
18.074	0.0545	0.011	0.734	0.0190	0.000	0.021
18.079	0.0796	0.009	0.668	0.0170	0.000	0.019
18.084	0.0931	0.011	0.500	0.0241	0.000	0.021
18.089	0.0635	0.011	0.332	0.0475	0.000	0.023
18.094	0.0600	0.011	0.519	0.0383	0.000	0.022
18.099	0.0179	0.016	0.436	0.0298	0.000	0.024
18.104	0.0569	0.011	0.532	0.0453	0.000	0.021
18.109	0.0117	0.005	0.462	0.0275	0.000	0.021
18.114	0.0622	0.014	0.526	0.0277	0.000	0.020
18.119	0.0272	0.007	0.483	0.0308	0.000	0.020
18.124	0.0367	0.014	0.539	0.0250	0.000	0.022
18.129	0.0511	0.011	0.527	0.0499	0.000	0.020
18.134	0.0260	0.014	0.542	0.0220	0.000	0.018
18.139	0.0695	0.011	0.568	0.0288	0.000	0.018
18.144	0.0267	0.014	0.529	0.0215	0.000	0.020
18.149	0.0713	0.011	0.550	0.0262	0.000	0.018
18.154	0.0388	0.014	0.544	0.0140	0.000	0.017
18.159	0.0636	0.011	0.545	0.0347	0.000	0.016
18.164	0.0379	0.014	0.519	0.0175	0.000	0.017
18.169	0.0566	0.011	0.553	0.0301	0.000	0.015
18.174	0.0370	0.011	0.520	0.0277	0.000	0.016
18.179	0.0436	0.014	0.527	0.0249	0.000	0.015
18.184	0.0532	0.011	0.512	0.0258	0.000	0.015
18.189	0.0282	0.014	0.517	0.0207	0.000	0.015
18.194	0.0602	0.011	0.519	0.0270	0.000	0.016
18.199	0.0328	0.014	0.503	0.0152	0.000	0.017
18.204	0.0641	0.014	0.525	0.0146	0.000	0.017
18.209	0.0356	0.009	0.481	0.0218	0.000	0.018
18.214	0.0456	0.014	0.543	0.0168	0.000	0.015
18.219	0.0231	0.011	0.454	0.0291	0.000	0.021
18.224	0.0316	0.018	0.416	0.0289	0.000	0.022
18.229	0.0203	0.016	0.294	0.0439	0.000	0.026
18.234	0.0114	0.011	0.273	0.0360	0.000	0.025
18.239	0.0140	0.007	0.431	0.0335	0.000	0.026
18.244	0.0145	0.011	0.479	0.0481	0.000	0.028
18.249	0.0064	0.011	0.431	0.0216	0.000	0.026
18.254	0.0096	0.014	0.408	0.0441	0.000	0.030
18.259	0.0064	0.011	0.396	0.0260	0.000	0.037
18.263	0.0065	0.011	0.380	0.0284	0.000	0.041
18.268	0.0045	0.014	0.328	0.0291	0.000	0.057
18.273	0.0036	0.007	0.404	0.0227	0.000	0.076
18.278	0.0017	0.007	0.385	0.0282	0.000	0.096
18.283	0.0020	0.005	0.436	0.0392	0.000	0.118
18.288	0.0007	0.016	0.423	0.0222	0.001	0.158
18.293	0.0015	0.007	0.411	0.0317	0.001	0.187
18.298	0.0006	0.007	0.383	0.0168	0.003	0.234
18.303	0.0010	0.009	0.390	0.0296	0.007	0.259
18.308	0.0002	0.014	0.313	0.0196	0.012	0.272
18.313	0.0005	0.025	0.263	0.0180	0.075	0.311
18.318	0.0002	0.020	0.271	0.0132	0.288	0.358
18.323	0.0003	0.052	0.383	0.0201	0.135	0.349
18.328	0.0002	0.068	0.274	0.0153	0.130	0.447
18.333	0.0003	0.043	0.338	0.0146	0.165	0.471
18.338	0.0002	0.048	0.143	0.0154	0.132	0.465
18.343	0.0003	0.068	0.171	0.0129	0.138	0.548
18.348	0.0001	0.030	0.224	0.0128	0.187	0.600
18.353	0.0001	0.043	0.233	0.0189	0.099	0.587
18.358	0.0001	0.059	0.162	0.0139	0.091	0.565
18.363	0.0001	0.027	0.149	0.0204	0.348	0.585
18.368	0.0001	0.082	0.121	0.0157	0.734	0.506
18.373	0.0001	0.166	0.176	0.0146	0.803	0.520
18.378	0.0001	0.205	0.127	0.0128	0.903	0.572
18.383	0.0001	0.168	0.118	0.0113	0.922	0.556
18.388	0.0002	0.195	0.161	0.0354	0.508	0.525
18.393	0.0003	0.189	0.318	0.0509	0.057	0.347
18.398	0.0003	0.205	0.422	0.0517	0.002	0.143
18.403	0.0009	0.070	0.262	0.0748	0.000	0.049
18.408	0.0024	0.007	0.550	0.0350	0.000	0.023
18.413	0.0164	0.009	0.663	0.0316	0.000	0.024
18.418	0.0480	0.009	0.686	0.0201	0.000	0.029
18.423	0.0673	0.009	0.667	0.0230	0.000	0.036
18.428	0.0887	0.009	0.504	0.0222	0.001	0.053
18.433	0.0833	0.009	0.436	0.0254	0.001	0.066
18.438	0.0598	0.009	0.433	0.0344	0.002	0.079
18.443	0.0510	0.011	0.389	0.0588	0.001	0.084
18.448	0.0156	0.016	0.313	0.0430	0.001	0.071
18.453	0.0227	0.005	0.304	0.0330	0.001	0.052
18.458	0.0159	0.007	0.260	0.0292	0.001	0.058
18.463	0.0142	0.007	0.294	0.0477	0.004	0.162
18.468	0.0064	0.018	0.213	0.0621	0.003	0.167
18.473	0.0015	0.020	0.411	0.0537	0.000	0.099
18.478	0.0047	0.002	0.474	0.0357	0.000	0.073
18.483	0.0032	0.005	0.532	0.0401	0.000	0.084
18.488	0.0031	0.002	0.455	0.0532	0.000	0.134
18.493	0.0046	0.002	0.308	0.0656	0.001	0.134
18.498	0.0038	0.002	0.162	0.0458	0.001	0.155
18.503	0.0013	0.005	0.178	0.0360	0.001	0.184
18.508	0.0005	0.009	0.275	0.0377	0.002	0.218
18.513	0.0003	0.007	0.257	0.0615	0.002	0.224
18.518	0.0005	0.009	0.602	0.0319	0.002	0.260
18.523	0.0003	0.009	0.645	0.0076	0.003	0.279
18.528	0.0003	0.014	0.636	0.0308	0.005	0.327
18.533	0.0003	0.009	0.576	0.0168	0.012	0.386
18.538	0.0003	0.014	0.537	0.0190	0.026	0.473
18.543	0.0001	0.007	0.377	0.0106	0.063	0.563
18.548	0.0001	0.000	0.256	0.0217	0.054	0.517
18.553	0.0001	0.018	0.236	0.0244	0.047	0.544
18.558	0.0001	0.000	0.114	0.0473	0.229	0.384
18.563	0.0001	0.045	0.157	0.0368	0.262	0.337
18.568	0.0001	0.020	0.181	0.0060	0.245	0.346
18.573	0.0006	0.089	0.183	0.0147	0.223	0.377
18.578	0.0291	0.064	0.146	0.0184	0.124	0.286
18.583	0.0210	0.107	0.417	0.0527	0.039	0.192
18.588	0.0400	0.080	0.562	0.0233	0.001	0.083
18.593	0.0505	0.014	0.350	0.0140	0.001	0.074
18.598	0.2964	0.014	0.314	0.0232	0.003	0.111
18.603	0.4439	0.027	0.213	0.0182	0.006	0.130
18.608	0.4531	0.016	0.157	0.0258	0.008	0.137
18.613	0.3290	0.032	0.210	0.0252	0.007	0.128
18.618	0.2725	0.030	0.234	0.0303	0.006	0.132
18.623	0.3390	0.027	0.459	0.0199	0.004	0.115
18.628	0.4806	0.032	0.240	0.0168	0.006	0.134
18.633	0.6606	0.032	0.222	0.0319	0.006	0.145
18.638	0.3919	0.032	0.532	0.0244	0.003	0.132
18.643	0.1562	0.034	0.377	0.0211	0.002	0.105
18.648	0.4315	0.030	0.277	0.0187	0.006	0.092
18.653	0.3680	0.030	0.186	0.0362	0.012	0.129
18.658	0.1361	0.036	0.294	0.0231	0.016	0.134
18.663	0.1149	0.027	0.311	0.0123	0.026	0.154
18.668	0.1790	0.027	0.274	0.0248	0.025	0.177
18.673	0.0761	0.039	0.311	0.0335	0.014	0.160
18.678	0.1057	0.027	0.300	0.0316	0.006	0.117
18.683	0.0670	0.034	0.272	0.0138	0.007	0.130
18.688	0.2727	0.027	0.358	0.0354	0.014	0.162
18.693	0.1345	0.039	0.394	0.0266	0.010	0.149
18.698	0.0810	0.027	0.257	0.0205	0.022	0.176
18.702	0.1282	0.030	0.269	0.0254	0.036	0.193
18.707	0.0511	0.059	0.323	0.0167	0.054	0.203
18.712	0.0572	0.034	0.371	0.0569	0.024	0.181
18.717	0.0262	0.041	0.612	0.0152	0.011	0.175
18.722	0.0629	0.032	0.627	0.0136	0.018	0.228
18.727	0.0358	0.027	0.385	0.0206	0.080	0.362
18.732	0.0208	0.034	0.276	0.0140	0.118	0.391
18.737	0.0127	0.061	0.135	0.0173	0.370	0.442
18.742	0.0254	0.107	0.142	0.0132	0.529	0.459
18.747	0.0220	0.130	0.169	0.0108	0.739	0.465
18.752	0.0361	0.202	0.155	0.0139	0.819	0.449
18.757	0.0322	0.230	0.127	0.0122	0.838	0.428
18.762	0.0438	0.216	0.174	0.0135	0.871	0.400
18.767	0.0453	0.230	0.155	0.0124	0.927	0.408
18.772	0.0802	0.230	0.143	0.0144	0.924	0.424
18.777	0.0575	0.250	0.148	0.0117	0.948	0.425
18.782	0.0430	0.234	0.160	0.0126	0.956	0.416
18.787	0.0441	0.257	0.171	0.0113	0.945	0.429
18.792	0.0486	0.241	0.204	0.0141	0.946	0.446
18.797	0.0335	0.230	0.190	0.0115	0.951	0.435
18.802	0.0481	0.255	0.167	0.0140	0.941	0.468
18.807	0.0392	0.241	0.136	0.0142	0.963	0.438
18.812	0.0242	0.243	0.148	0.0119	0.964	0.412
18.817	0.0355	0.241	0.168	0.0097	0.945	0.411
18.822	0.0629	0.239	0.171	0.0127	0.910	0.466
18.827	0.0314	0.227	0.110	0.0138	0.844	0.484
18.832	0.0214	0.225	0.170	0.0177	0.678	0.437
18.837	0.0133	0.220	0.337	0.0422	0.072	0.242
18.842	0.0189	0.141	0.355	0.0353	0.004	0.112
18.847	0.0232	0.027	0.458	0.0310	0.001	0.061
18.852	0.1103	0.032	0.463	0.0245	0.000	0.049
18.857	0.0782	0.023	0.400	0.0345	0.000	0.039
18.862	0.0951	0.027	0.406	0.0365	0.000	0.036
18.867	0.1756	0.032	0.436	0.0247	0.000	0.035
18.872	0.0643	0.014	0.483	0.0227	0.000	0.033
18.877	0.1240	0.027	0.394	0.0274	0.000	0.034
18.882	0.0659	0.020	0.351	0.0275	0.000	0.039
18.887	0.0739	0.018	0.362	0.0338	0.000	0.039
18.892	0.0410	0.016	0.406	0.0249	0.000	0.042
18.897	0.0362	0.018	0.399	0.0293	0.001	0.036
18.902	0.0513	0.020	0.569	0.0246	0.001	0.034
18.907	0.0563	0.027	0.570	0.0233	0.000	0.030
18.912	0.0827	0.027	0.614	0.0218	0.000	0.029
18.917	0.0573	0.034	0.462	0.0176	0.000	0.030
18.922	0.1055	0.034	0.465	0.0179	0.000	0.029
18.927	0.0747	0.036	0.352	0.0223	0.000	0.028
18.932	0.1205	0.032	0.449	0.0237	0.000	0.028
18.937	0.0590	0.032	0.353	0.0252	0.001	0.030
18.942	0.1438	0.034	0.410	0.0256	0.001	0.035
18.947	0.0604	0.030	0.371	0.0244	0.003	0.054
18.952	0.0612	0.030	0.291	0.0255	0.004	0.067
18.957	0.0286	0.034	0.278	0.0249	0.010	0.093
18.962	0.0261	0.020	0.367	0.0143	0.009	0.096
18.967	0.0125	0.025	0.321	0.0145	0.008	0.104
18.972	0.0221	0.014	0.244	0.0281	0.007	0.099
18.977	0.0166	0.016	0.299	0.0249	0.003	0.075
18.982	0.0197	0.018	0.300	0.0343	0.004	0.082
18.987	0.0103	0.020	0.222	0.0220	0.001	0.066
18.992	0.0079	0.034	0.246	0.0283	0.001	0.060
18.997	0.0112	0.023	0.263	0.0335	0.001	0.071
19.002	0.0052	0.011	0.241	0.0357	0.001	0.082
19.007	0.0055	0.018	0.234	0.0318	0.001	0.097
19.012	0.0041	0.014	0.264	0.0334	0.001	0.101
19.017	0.0020	0.014	0.270	0.0298	0.001	0.099
19.022	0.0021	0.014	0.301	0.0359	0.001	0.128
19.027	0.0016	0.018	0.257	0.0135	0.002	0.162
19.032	0.0012	0.014	0.298	0.0289	0.005	0.233
19.037	0.0016	0.007	0.359	0.0191	0.005	0.222
19.042	0.0006	0.002	0.266	0.0167	0.008	0.232
19.047	0.0019	0.000	0.341	0.0382	0.012	0.222
19.052	0.0011	0.000	0.401	0.0319	0.012	0.206
19.057	0.0012	0.023	0.422	0.0259	0.015	0.186
19.062	0.0011	0.030	0.492	0.0308	0.022	0.183
19.067	0.0007	0.036	0.667	0.0315	0.011	0.131
19.072	0.0014	0.030	0.582	0.0140	0.009	0.132
19.077	0.0037	0.032	0.635	0.0410	0.015	0.131
19.082	0.0033	0.030	0.705	0.0398	0.006	0.117
19.087	0.0042	0.032	0.792	0.0169	0.005	0.107
19.092	0.0073	0.032	0.703	0.0131	0.007	0.112
19.097	0.0060	0.032	0.668	0.0234	0.008	0.117
19.102	0.0052	0.032	0.642	0.0158	0.014	0.117
19.107	0.0050	0.032	0.531	0.0247	0.043	0.120
19.112	0.0032	0.041	0.427	0.0150	0.046	0.128
19.117	0.0033	0.052	0.380	0.0227	0.041	0.120
19.122	0.0037	0.034	0.357	0.0172	0.040	0.115
19.127	0.0019	0.043	0.302	0.0168	0.060	0.124
19.132	0.0038	0.057	0.342	0.0339	0.048	0.127
19.137	0.0018	0.039	0.558	0.0413	0.030	0.128
19.141	0.0028	0.032	0.517	0.0252	0.030	0.122
19.146	0.0028	0.036	0.617	0.0156	0.032	0.136
19.151	0.0034	0.032	0.569	0.0338	0.015	0.122
19.156	0.0019	0.032	0.696	0.0186	0.008	0.123
19.161	0.0036	0.032	0.653	0.0326	0.008	0.117
19.166	0.0024	0.034	0.632	0.0229	0.023	0.126
19.171	0.0029	0.032	0.470	0.0188	0.038	0.148
19.176	0.0018	0.039	0.244	0.0130	0.076	0.151
19.181	0.0011	0.030	0.249	0.0274	0.094	0.171
19.186	0.0011	0.043	0.309	0.0311	0.067	0.157
19.191	0.0008	0.043	0.439	0.0448	0.029	0.146
19.196	0.0006	0.050	0.726	0.0264	0.014	0.145
19.201	0.0016	0.032	0.766	0.0338	0.012	0.134
19.206	0.0013	0.034	0.757	0.0175	0.010	0.126
19.211	0.0024	0.032	0.704	0.0168	0.008	0.149
19.216	0.0014	0.032	0.732	0.0338	0.006	0.137
19.221	0.0012	0.036	0.634	0.0153	0.006	0.152
19.226	0.0016	0.034	0.670	0.0249	0.009	0.159
19.231	0.0011	0.036	0.683	0.0327	0.006	0.150
19.236	0.0011	0.032	0.694	0.0178	0.011	0.176
19.241	0.0013	0.034	0.573	0.0246	0.016	0.186
19.246	0.0009	0.039	0.373	0.0166	0.031	0.231
19.251	0.0007	0.039	0.260	0.0272	0.049	0.223
19.256	0.0004	0.043	0.391	0.0197	0.071	0.206
19.261	0.0007	0.045	0.504	0.0272	0.050	0.177
19.266	0.0005	0.048	0.631	0.0156	0.034	0.177
19.271	0.0011	0.032	0.500	0.0225	0.025	0.187
19.276	0.0009	0.034	0.400	0.0300	0.019	0.176
19.281	0.0006	0.045	0.474	0.0238	0.016	0.186
19.286	0.0010	0.032	0.528	0.0182	0.013	0.188
19.291	0.0009	0.034	0.639	0.0152	0.014	0.192
19.296	0.0012	0.032	0.428	0.0147	0.024	0.223
19.301	0.0009	0.034	0.393	0.0193	0.051	0.260
19.306	0.0005	0.048	0.276	0.0212	0.028	0.223
19.311	0.0003	0.048	0.355	0.0176	0.032	0.228
19.316	0.0006	0.032	0.237	0.0222	0.061	0.249
19.321	0.0004	0.041	0.254	0.0233	0.058	0.251
19.326	0.0003	0.048	0.325	0.0155	0.049	0.257
19.331	0.0005	0.059	0.236	0.0191	0.046	0.256
19.336	0.0003	0.043	0.227	0.0215	0.037	0.251
19.341	0.0003	0.034	0.184	0.0186	0.033	0.268
19.346	0.0003	0.036	0.190	0.0232	0.039	0.329
19.351	0.0001	0.050	0.176	0.0229	0.032	0.328
19.356	0.0001	0.039	0.288	0.0214	0.024	0.346
19.361	0.0002	0.027	0.281	0.0199	0.020	0.367
19.366	0.0002	0.023	0.173	0.0180	0.033	0.444
19.371	0.0002	0.032	0.116	0.0268	0.039	0.490
19.376	0.0001	0.043	0.296	0.0149	0.030	0.483
19.381	0.0001	0.030	0.244	0.0169	0.052	0.503
19.386	0.0001	0.014	0.136	0.0304	0.039	0.507
19.391	0.0001	0.036	0.156	0.0281	0.034	0.460
19.396	0.0001	0.000	0.191	0.0174	0.029	0.351
19.401	0.0001	0.020	0.193	0.0169	0.049	0.356
19.406	0.0002	0.016	0.269	0.0301	0.051	0.352
19.411	0.0001	0.055	0.295	0.0278	0.025	0.345
19.416	0.0001	0.030	0.246	0.0440	0.006	0.282
19.421	0.0001	0.023	0.261	0.0302	0.003	0.241
19.426	0.0001	0.014	0.406	0.0304	0.004	0.300
19.431	0.0003	0.009	0.360	0.0370	0.003	0.274
19.436	0.0001	0.014	0.478	0.0314	0.003	0.187
19.441	0.0004	0.014	0.526	0.0449	0.001	0.128
19.446	0.0003	0.014	0.780	0.0417	0.000	0.064
19.451	0.0013	0.014	0.762	0.0218	0.000	0.059
19.456	0.0033	0.014	0.612	0.0254	0.000	0.056
19.461	0.0037	0.014	0.607	0.0468	0.000	0.050
19.466	0.0049	0.014	0.560	0.0278	0.000	0.036
19.471	0.0048	0.014	0.482	0.0410	0.000	0.029
19.476	0.0090	0.016	0.255	0.0388	0.000	0.027
19.481	0.0125	0.014	0.446	0.0130	0.000	0.027
19.486	0.0089	0.011	0.519	0.0238	0.001	0.027
19.491	0.0170	0.016	0.503	0.0184	0.001	0.028
19.496	0.0351	0.009	0.483	0.0205	0.001	0.028
19.501	0.0235	0.016	0.453	0.0235	0.001	0.028
19.506	0.0578	0.016	0.493	0.0182	0.001	0.031
19.511	0.0528	0.014	0.564	0.0185	0.001	0.031
19.516	0.0591	0.016	0.543	0.0226	0.001	0.032
19.521	0.0995	0.025	0.568	0.0159	0.001	0.034
19.526	0.0435	0.020	0.559	0.0137	0.000	0.039
19.531	0.0623	0.020	0.522	0.0202	0.000	0.042
19.536	0.0996	0.014	0.549	0.0213	0.000	0.043
19.541	0.0569	0.018	0.525	0.0200	0.001	0.042
19.546	0.0852	0.018	0.574	0.0180	0.001	0.041
19.551	0.1042	0.034	0.571	0.0166	0.001	0.041
19.556	0.0793	0.018	0.521	0.0207	0.001	0.053
19.561	0.1030	0.018	0.444	0.0289	0.001	0.058
19.566	0.0595	0.023	0.536	0.0199	0.003	0.063
19.571	0.0602	0.039	0.518	0.0134	0.002	0.069
19.576	0.0923	0.018	0.472	0.0213	0.002	0.069
19.580	0.0366	0.016	0.487	0.0237	0.002	0.069
19.585	0.0604	0.023	0.500	0.0171	0.001	0.065
19.590	0.0952	0.023	0.470	0.0168	0.002	0.068
19.595	0.0672	0.018	0.540	0.0248	0.004	0.070
19.600	0.0572	0.016	0.554	0.0190	0.003	0.066
19.605	0.0868	0.039	0.497	0.0233	0.002	0.072
19.610	0.0629	0.027	0.505	0.0307	0.003	0.085
19.615	0.0477	0.030	0.522	0.0234	0.004	0.077
19.620	0.0421	0.023	0.567	0.0204	0.007	0.075
19.625	0.0502	0.030	0.559	0.0289	0.003	0.077
19.630	0.0684	0.011	0.549	0.0290	0.002	0.076
19.635	0.0457	0.020	0.555	0.0240	0.003	0.067
19.640	0.0446	0.016	0.515	0.0190	0.002	0.065
19.645	0.0665	0.018	0.568	0.0292	0.002	0.072
19.650	0.0401	0.020	0.480	0.0318	0.001	0.064
19.655	0.0551	0.016	0.446	0.0196	0.000	0.050
19.660	0.0328	0.025	0.401	0.0421	0.000	0.054
19.665	0.0221	0.016	0.390	0.0409	0.000	0.048
19.670	0.0547	0.018	0.479	0.0488	0.000	0.028
19.675	0.0130	0.011	0.519	0.0125	0.000	0.025
19.680	0.0546	0.007	0.639	0.0141	0.000	0.024
19.685	0.0432	0.005	0.574	0.0290	0.000	0.023
19.690	0.0392	0.007	0.518	0.0262	0.000	0.023
19.695	0.0580	0.005	0.635	0.0162	0.000	0.019
19.700	0.0202	0.011	0.515	0.0151	0.000	0.021
19.705	0.0337	0.005	0.539	0.0242	0.000	0.018
19.710	0.0367	0.009	0.598	0.0343	0.000	0.017
19.715	0.0144	0.016	0.517	0.0144	0.000	0.020
19.720	0.0424	0.011	0.623	0.0187	0.000	0.019
19.725	0.0236	0.009	0.606	0.0361	0.000	0.016
19.730	0.0267	0.011	0.524	0.0239	0.000	0.016
19.735	0.0541	0.009	0.607	0.0232	0.000	0.017
19.740	0.0252	0.007	0.534	0.0163	0.000	0.018
19.745	0.0398	0.014	0.553	0.0181	0.000	0.017
19.750	0.0413	0.014	0.595	0.0166	0.000	0.019
19.755	0.0258	0.020	0.550	0.0138	0.000	0.020
19.760	0.0580	0.014	0.587	0.0393	0.000	0.017
19.765	0.0374	0.011	0.565	0.0144	0.000	0.018
19.770	0.0519	0.014	0.577	0.0187	0.000	0.017
19.775	0.0508	0.007	0.583	0.0266	0.000	0.016
19.780	0.0279	0.009	0.548	0.0223	0.000	0.017
19.785	0.0551	0.009	0.619	0.0165	0.000	0.017
19.790	0.0398	0.007	0.585	0.0152	0.000	0.019
19.795	0.0446	0.005	0.560	0.0236	0.000	0.017
19.800	0.0586	0.014	0.614	0.0245	0.000	0.018
19.805	0.0229	0.007	0.559	0.0092	0.000	0.018
19.810	0.0440	0.016	0.612	0.0201	0.000	0.016
19.815	0.0347	0.009	0.607	0.0220	0.000	0.015
19.820	0.0333	0.011	0.552	0.0177	0.000	0.015
19.825	0.0608	0.009	0.617	0.0191	0.000	0.013
19.830	0.0287	0.005	0.596	0.0137	0.000	0.013
19.835	0.0501	0.011	0.573	0.0181	0.000	0.012
19.840	0.0459	0.005	0.586	0.0144	0.000	0.013
19.845	0.0395	0.011	0.635	0.0184	0.000	0.013
19.850	0.0695	0.009	0.591	0.0263	0.000	0.013
19.855	0.0373	0.005	0.662	0.0102	0.000	0.013
19.860	0.0526	0.007	0.607	0.0208	0.000	0.013
19.865	0.0492	0.005	0.606	0.0201	0.000	0.012
19.870	0.0347	0.011	0.682	0.0203	0.000	0.014
19.875	0.0585	0.005	0.625	0.0171	0.000	0.014
19.880	0.0422	0.007	0.715	0.0117	0.000	0.014
19.885	0.0491	0.005	0.701	0.0133	0.000	0.012
19.890	0.0519	0.005	0.649	0.0174	0.000	0.012
19.895	0.0352	0.007	0.711	0.0137	0.000	0.014
19.900	0.0611	0.005	0.643	0.0298	0.000	0.014
19.905	0.0477	0.007	0.678	0.0203	0.000	0.014
19.910	0.0531	0.005	0.679	0.0203	0.000	0.014
19.915	0.0588	0.005	0.657	0.0193	0.000	0.013
19.920	0.0393	0.007	0.730	0.0201	0.000	0.013
19.925	0.0597	0.009	0.683	0.0208	0.000	0.013
19.930	0.0491	0.007	0.743	0.0109	0.000	0.013
19.935	0.0484	0.005	0.749	0.0166	0.000	0.011
19.940	0.0581	0.005	0.685	0.0218	0.000	0.011
19.945	0.0359	0.007	0.748	0.0168	0.000	0.012
19.950	0.0554	0.005	0.672	0.0298	0.000	0.011
19.955	0.0476	0.007	0.595	0.0116	0.000	0.013
19.960	0.0441	0.005	0.573	0.0228	0.000	0.014
19.965	0.0438	0.007	0.419	0.0532	0.000	0.017
19.970	0.0213	0.005	0.489	0.0541	0.000	0.019
19.975	0.0172	0.007	0.448	0.0608	0.000	0.018
19.980	0.0280	0.009	0.639	0.0283	0.000	0.017
19.985	0.0200	0.005	0.657	0.0495	0.000	0.015
19.990	0.0165	0.005	0.560	0.0324	0.000	0.016
19.995	0.0370	0.007	0.601	0.0395	0.000	0.016
20.000	0.0206	0.007	0.599	0.0374	0.000	0.017
20.005	0.0141	0.005	0.550	0.0371	0.000	0.018
20.010	0.0239	0.007	0.632	0.0283	0.000	0.018
20.015	0.0130	0.005	0.638	0.0695	0.000	0.017
20.020	0.0082	0.007	0.589	0.0392	0.000	0.018
20.024	0.0176	0.007	0.614	0.0329	0.000	0.018
20.029	0.0130	0.007	0.650	0.0777	0.000	0.018
20.034	0.0075	0.005	0.571	0.0326	0.000	0.018
20.039	0.0190	0.007	0.626	0.0310	0.000	0.018
20.044	0.0127	0.005	0.636	0.0691	0.000	0.018
20.049	0.0064	0.007	0.534	0.0561	0.000	0.020
20.054	0.0130	0.005	0.560	0.0780	0.000	0.021
20.059	0.0076	0.002	0.512	0.0462	0.000	0.030
20.064	0.0037	0.002	0.544	0.0544	0.000	0.033
20.069	0.0061	0.005	0.560	0.0947	0.000	0.036
20.074	0.0048	0.002	0.494	0.0411	0.000	0.041
20.079	0.0064	0.002	0.493	0.1058	0.000	0.040
20.084	0.0011	0.002	0.423	0.0557	0.000	0.048
20.089	0.0043	0.007	0.548	0.0398	0.000	0.048
20.094	0.0011	0.005	0.472	0.0291	0.000	0.060
20.099	0.0031	0.005	0.461	0.0323	0.000	0.065
20.104	0.0027	0.005	0.548	0.0432	0.000	0.071
20.109	0.0007	0.007	0.401	0.0424	0.000	0.087
20.114	0.0019	0.002	0.497	0.0634	0.000	0.119
20.119	0.0010	0.002	0.512	0.0490	0.000	0.152
20.124	0.0012	0.002	0.535	0.0228	0.000	0.147
20.129	0.0010	0.005	0.457	0.0588	0.000	0.172
20.134	0.0008	0.025	0.352	0.0471	0.001	0.194
20.139	0.0006	0.005	0.338	0.0136	0.003	0.280
20.144	0.0002	0.007	0.084	0.0323	0.173	0.269
20.149	0.0003	0.002	0.283	0.0169	0.183	0.237
20.154	0.0002	0.025	0.247	0.0301	0.024	0.156
20.159	0.0040	0.045	0.331	0.0300	0.003	0.101
20.164	0.0102	0.023	0.399	0.0220	0.001	0.069
20.169	0.0304	0.009	0.467	0.0244	0.000	0.056
20.174	0.0293	0.020	0.452	0.0368	0.000	0.045
20.179	0.0476	0.005	0.513	0.0292	0.000	0.053
20.184	0.0689	0.009	0.638	0.0353	0.000	0.059
20.189	0.0866	0.014	0.633	0.0214	0.000	0.071
20.194	0.0887	0.009	0.568	0.0188	0.001	0.076
20.199	0.0594	0.009	0.440	0.0284	0.002	0.101
20.204	0.0266	0.018	0.147	0.0267	0.005	0.148
20.209	0.0295	0.018	0.188	0.0666	0.003	0.132
20.214	0.0099	0.016	0.311	0.0251	0.001	0.075
20.219	0.0120	0.014	0.374	0.0414	0.001	0.075
20.224	0.0059	0.014	0.449	0.0390	0.001	0.090
20.229	0.0029	0.041	0.423	0.0435	0.001	0.077
20.234	0.0040	0.018	0.503	0.0316	0.000	0.060
20.239	0.0033	0.009	0.388	0.0414	0.000	0.063
20.244	0.0049	0.005	0.422	0.0323	0.001	0.105
20.249	0.0020	0.002	0.170	0.0300	0.035	0.320
20.254	0.0011	0.009	0.246	0.0107	0.162	0.399
20.259	0.0016	0.023	0.307	0.0176	0.113	0.365
20.264	0.0058	0.089	0.410	0.0193	0.052	0.289
20.269	0.0040	0.066	0.434	0.0181	0.043	0.260
20.274	0.0080	0.064	0.429	0.0185	0.100	0.235
20.279	0.0166	0.055	0.327	0.0152	0.200	0.251
20.284	0.0121	0.066	0.213	0.0316	0.112	0.237
20.289	0.0124	0.091	0.213	0.0153	0.076	0.197
20.294	0.0182	0.043	0.268	0.0298	0.119	0.160
20.299	0.0183	0.057	0.237	0.0307	0.054	0.153
20.304	0.0149	0.043	0.461	0.0203	0.009	0.097
20.309	0.0289	0.011	0.487	0.0247	0.006	0.080
20.314	0.0629	0.014	0.495	0.0257	0.004	0.059
20.319	0.0586	0.009	0.502	0.0359	0.002	0.044
20.324	0.0405	0.016	0.574	0.0221	0.001	0.031
20.329	0.1279	0.020	0.557	0.0292	0.000	0.029
20.334	0.1627	0.018	0.647	0.0162	0.001	0.030
20.339	0.0568	0.016	0.632	0.0189	0.001	0.028
20.344	0.1159	0.014	0.567	0.0259	0.000	0.042
20.349	0.2036	0.011	0.574	0.0197	0.001	0.044
20.354	0.0999	0.014	0.514	0.0233	0.001	0.032
20.359	0.0674	0.011	0.368	0.0240	0.001	0.041
20.364	0.1202	0.016	0.282	0.0277	0.001	0.071
20.369	0.0973	0.014	0.196	0.0268	0.005	0.102
20.374	0.0651	0.011	0.301	0.0281	0.108	0.228
20.379	0.0289	0.007	0.304	0.0166	0.211	0.271
20.384	0.0165	0.052	0.266	0.0123	0.352	0.351
20.389	0.0166	0.089	0.219	0.0109	0.445	0.367
20.394	0.0216	0.082	0.160	0.0110	0.642	0.369
20.399	0.0238	0.130	0.128	0.0137	0.757	0.358
20.404	0.0180	0.136	0.138	0.0127	0.883	0.385
20.409	0.0185	0.175	0.131	0.0145	0.926	0.377
20.414	0.0178	0.148	0.144	0.0117	0.925	0.345
20.419	0.0288	0.161	0.182	0.0142	0.921	0.334
20.424	0.0247	0.168	0.207	0.0160	0.942	0.338
20.429	0.0238	0.161	0.270	0.0145	0.909	0.327
20.434	0.0232	0.134	0.263	0.0214	0.593	0.302
20.439	0.0216	0.111	0.325	0.0216	0.282	0.268
20.444	0.0193	0.086	0.421	0.0439	0.033	0.164
20.449	0.0278	0.043	0.524	0.0320	0.008	0.112
20.454	0.0436	0.016	0.632	0.0147	0.003	0.077
20.459	0.0690	0.011	0.596	0.0153	0.002	0.066
20.463	0.0848	0.014	0.588	0.0268	0.001	0.064
20.468	0.1104	0.014	0.625	0.0263	0.001	0.056
20.473	0.0736	0.011	0.648	0.0287	0.000	0.046
20.478	0.1107	0.009	0.637	0.0232	0.000	0.045
20.483	0.1397	0.011	0.611	0.0267	0.000	0.039
20.488	0.1847	0.009	0.621	0.0351	0.000	0.040
20.493	0.0843	0.009	0.447	0.0209	0.000	0.049
20.498	0.1375	0.009	0.330	0.0261	0.000	0.054
20.503	0.1180	0.009	0.272	0.0756	0.000	0.076
20.508	0.0332	0.007	0.504	0.0619	0.000	0.055
20.513	0.0218	0.007	0.569	0.0275	0.000	0.041
20.518	0.0647	0.007	0.650	0.0256	0.000	0.037
20.523	0.0377	0.005	0.652	0.0553	0.000	0.034
20.528	0.0282	0.016	0.620	0.0300	0.000	0.031
20.533	0.0640	0.007	0.476	0.0497	0.000	0.031
20.538	0.0557	0.005	0.438	0.0498	0.000	0.040
20.543	0.0214	0.007	0.479	0.0382	0.001	0.070
20.548	0.0168	0.005	0.412	0.0362	0.002	0.095
20.553	0.0367	0.002	0.405	0.0329	0.007	0.103
20.558	0.0225	0.002	0.362	0.0223	0.028	0.120
20.563	0.0180	0.023	0.399	0.0157	0.053	0.144
20.568	0.0231	0.018	0.312	0.0184	0.054	0.154
20.573	0.0161	0.059	0.385	0.0181	0.027	0.146
20.578	0.0320	0.018	0.441	0.0226	0.023	0.149
20.583	0.0187	0.034	0.503	0.0179	0.033	0.156
20.588	0.0262	0.016	0.551	0.0143	0.028	0.148
20.593	0.0450	0.032	0.525	0.0154	0.018	0.147
20.598	0.0413	0.016	0.541	0.0206	0.020	0.147
20.603	0.0280	0.014	0.587	0.0180	0.011	0.144
20.608	0.0650	0.011	0.621	0.0159	0.007	0.137
20.613	0.0536	0.030	0.606	0.0159	0.005	0.124
20.618	0.0711	0.009	0.597	0.0193	0.005	0.111
20.623	0.0480	0.014	0.620	0.0165	0.003	0.090
20.628	0.1101	0.007	0.591	0.0131	0.002	0.078
20.633	0.1248	0.014	0.571	0.0228	0.001	0.059
20.638	0.0832	0.011	0.619	0.0195	0.001	0.057
20.643	0.1029	0.009	0.656	0.0125	0.001	0.051
20.648	0.1172	0.016	0.657	0.0087	0.000	0.046
20.653	0.1445	0.009	0.561	0.0295	0.000	0.048
20.658	0.1006	0.009	0.553	0.0241	0.001	0.057
20.663	0.0861	0.011	0.608	0.0298	0.001	0.061
20.668	0.0927	0.007	0.637	0.0255	0.002	0.071
20.673	0.0552	0.011	0.519	0.0289	0.005	0.095
20.678	0.0935	0.014	0.412	0.0131	0.016	0.129
20.683	0.0688	0.007	0.415	0.0229	0.123	0.220
20.688	0.0359	0.020	0.412	0.0119	0.207	0.254
20.693	0.0480	0.059	0.226	0.0211	0.392	0.303
20.698	0.0274	0.034	0.238	0.0195	0.590	0.305
20.703	0.0206	0.086	0.187	0.0128	0.762	0.343
20.708	0.0257	0.118	0.192	0.0177	0.820	0.354
20.713	0.0223	0.123	0.169	0.0135	0.793	0.340
20.718	0.0394	0.125	0.142	0.0116	0.799	0.351
20.723	0.0383	0.111	0.144	0.0172	0.637	0.420
20.728	0.0267	0.157	0.143	0.0143	0.415	0.419
20.733	0.0133	0.152	0.227	0.0157	0.259	0.383
20.738	0.0240	0.084	0.329	0.0207	0.147	0.367
20.743	0.0140	0.077	0.507	0.0176	0.063	0.351
20.748	0.0209	0.043	0.544	0.0166	0.037	0.334
20.753	0.0190	0.018	0.562	0.0279	0.019	0.290
20.758	0.0179	0.002	0.533	0.0311	0.012	0.254
20.763	0.0255	0.016	0.624	0.0217	0.006	0.229
20.768	0.0206	0.023	0.647	0.0189	0.004	0.193
20.773	0.0198	0.011	0.635	0.0305	0.002	0.157
20.778	0.0204	0.007	0.604	0.0227	0.001	0.130
20.783	0.0368	0.014	0.559	0.0246	0.001	0.093
20.788	0.0261	0.002	0.583	0.0341	0.000	0.068
20.793	0.0120	0.007	0.533	0.0147	0.000	0.051
20.798	0.0661	0.009	0.576	0.0236	0.000	0.038
20.803	0.0590	0.007	0.590	0.0252	0.000	0.029
20.808	0.0768	0.014	0.585	0.0158	0.000	0.027
20.813	0.1090	0.009	0.576	0.0213	0.000	0.025
20.818	0.1376	0.016	0.599	0.0146	0.000	0.025
20.823	0.0829	0.009	0.565	0.0247	0.000	0.025
20.828	0.1310	0.011	0.506	0.0216	0.000	0.027
20.833	0.2039	0.009	0.565	0.0239	0.000	0.031
20.838	0.1347	0.014	0.506	0.0288	0.000	0.031
20.843	0.1023	0.014	0.541	0.0275	0.000	0.042
20.848	0.1619	0.020	0.593	0.0215	0.000	0.040
20.853	0.1331	0.018	0.618	0.0232	0.000	0.037
20.858	0.0972	0.018	0.509	0.0172	0.000	0.039
20.863	0.1745	0.027	0.530	0.0180	0.001	0.043
20.868	0.1227	0.009	0.614	0.0133	0.001	0.044
20.873	0.0781	0.014	0.621	0.0133	0.001	0.046
20.878	0.1379	0.014	0.619	0.0141	0.001	0.050
20.883	0.1601	0.009	0.620	0.0196	0.001	0.054
20.888	0.0927	0.014	0.557	0.0194	0.001	0.051
20.893	0.1266	0.009	0.563	0.0151	0.001	0.048
20.898	0.1389	0.018	0.611	0.0148	0.001	0.047
20.902	0.0768	0.014	0.568	0.0207	0.001	0.058
20.907	0.0950	0.009	0.528	0.0233	0.001	0.064
20.912	0.0921	0.018	0.574	0.0214	0.001	0.073
20.917	0.0475	0.018	0.469	0.0339	0.001	0.065
20.922	0.0583	0.018	0.303	0.0273	0.001	0.067
20.927	0.0725	0.007	0.223	0.0499	0.001	0.083
20.932	0.0542	0.005	0.406	0.0457	0.000	0.062
20.937	0.0343	0.002	0.517	0.0682	0.000	0.039
20.942	0.0188	0.002	0.427	0.0433	0.000	0.044
20.947	0.0199	0.005	0.421	0.0535	0.000	0.046
20.952	0.0156	0.011	0.172	0.0423	0.000	0.069
20.957	0.0173	0.016	0.213	0.0892	0.001	0.102
20.962	0.0050	0.005	0.329	0.0374	0.003	0.174
20.967	0.0037	0.002	0.464	0.0173	0.024	0.255
20.972	0.0040	0.007	0.309	0.0120	0.278	0.390
20.977	0.0034	0.057	0.200	0.0141	0.606	0.417
20.982	0.0054	0.118	0.131	0.0113	0.900	0.412
20.987	0.0049	0.189	0.119	0.0125	0.921	0.403
20.992	0.0078	0.214	0.160	0.0128	0.972	0.374
20.997	0.0062	0.198	0.130	0.0117	0.972	0.366
21.002	0.0130	0.177	0.125	0.0122	0.962	0.364
21.007	0.0121	0.193	0.116	0.0113	0.952	0.349
21.012	0.0196	0.180	0.114	0.0110	0.974	0.372
21.017	0.0333	0.191	0.119	0.0119	0.973	0.355
21.022	0.0271	0.166	0.145	0.0138	0.914	0.358
21.027	0.0162	0.152	0.167	0.0142	0.814	0.351
21.032	0.0090	0.157	0.230	0.0225	0.422	0.333
21.037	0.0058	0.091	0.378	0.0200	0.204	0.319
21.042	0.0034	0.091	0.594	0.0137	0.149	0.309
21.047	0.0046	0.050	0.568	0.0144	0.205	0.274
21.052	0.0043	0.077	0.476	0.0143	0.297	0.287
21.057	0.0029	0.077	0.429	0.0121	0.440	0.307
21.062	0.0015	0.132	0.295	0.0121	0.653	0.375
21.067	0.0010	0.134	0.159	0.0138	0.784	0.438
21.072	0.0005	0.148	0.186	0.0163	0.887	0.556
21.077	0.0006	0.189	0.131	0.0212	0.714	0.511
21.082	0.0004	0.205	0.473	0.0672	0.053	0.315
21.087	0.0008	0.155	0.682	0.0453	0.006	0.186
21.092	0.0020	0.050	0.737	0.0280	0.001	0.101
21.097	0.0215	0.009	0.775	0.0246	0.001	0.090
21.102	0.0455	0.007	0.658	0.0273	0.001	0.093
21.107	0.0512	0.009	0.603	0.0240	0.001	0.086
21.112	0.0604	0.016	0.614	0.0202	0.001	0.079
21.117	0.0749	0.007	0.647	0.0164	0.001	0.084
21.122	0.0689	0.007	0.590	0.0120	0.002	0.104
21.127	0.0885	0.007	0.552	0.0156	0.002	0.097
21.132	0.0769	0.007	0.571	0.0222	0.002	0.100
21.137	0.0875	0.016	0.602	0.0234	0.002	0.105
21.142	0.0655	0.009	0.629	0.0297	0.001	0.086
21.147	0.1096	0.007	0.601	0.0311	0.001	0.075
21.152	0.1017	0.011	0.595	0.0113	0.001	0.088
21.157	0.0969	0.009	0.589	0.0249	0.001	0.086
21.162	0.0816	0.007	0.591	0.0233	0.001	0.088
21.167	0.0912	0.011	0.638	0.0181	0.001	0.081
21.172	0.0650	0.009	0.637	0.0391	0.001	0.078
21.177	0.0847	0.007	0.604	0.0342	0.000	0.066
21.182	0.0951	0.016	0.630	0.0098	0.000	0.060
21.187	0.0616	0.009	0.585	0.0207	0.000	0.054
21.192	0.0747	0.007	0.553	0.0298	0.001	0.067
21.197	0.0832	0.011	0.563	0.0391	0.001	0.082
21.202	0.0499	0.009	0.457	0.0197	0.008	0.118
21.207	0.0477	0.011	0.425	0.0679	0.005	0.103
21.212	0.0264	0.007	0.521	0.0388	0.000	0.058
21.217	0.0243	0.009	0.550	0.0357	0.000	0.048
21.222	0.0298	0.002	0.450	0.0488	0.001	0.062
21.227	0.0204	0.002	0.402	0.0374	0.003	0.107
21.232	0.0133	0.005	0.240	0.0147	0.073	0.302
21.237	0.0046	0.014	0.161	0.0107	0.222	0.372
21.242	0.0057	0.070	0.141	0.0129	0.357	0.406
21.247	0.0052	0.136	0.193	0.0116	0.360	0.396
21.252	0.0057	0.100	0.188	0.0119	0.341	0.375
21.257	0.0076	0.111	0.198	0.0150	0.275	0.334
21.262	0.0060	0.111	0.151	0.0240	0.064	0.275
21.267	0.0039	0.036	0.201	0.0195	0.057	0.267
21.272	0.0025	0.041	0.156	0.0240	0.059	0.284
21.277	0.0009	0.068	0.282	0.0175	0.071	0.299
21.282	0.0010	0.064	0.275	0.0267	0.094	0.366
21.287	0.0005	0.059	0.346	0.0169	0.081	0.358
21.292	0.0004	0.055	0.056	0.0578	0.042	0.303
21.297	0.0003	0.052	0.306	0.0461	0.002	0.134
21.302	0.0003	0.036	0.476	0.0351	0.001	0.076
21.307	0.0006	0.025	0.522	0.0263	0.001	0.076
21.312	0.0082	0.025	0.400	0.0453	0.002	0.111
21.317	0.0175	0.027	0.399	0.0246	0.003	0.127
21.322	0.0364	0.027	0.244	0.0293	0.004	0.112
21.327	0.0407	0.027	0.309	0.0421	0.003	0.096
21.332	0.0486	0.027	0.487	0.0383	0.001	0.056
21.337	0.0533	0.018	0.576	0.0274	0.000	0.038
21.341	0.1374	0.007	0.642	0.0082	0.000	0.033
21.346	0.2342	0.007	0.624	0.0220	0.000	0.034
21.351	0.2302	0.009	0.494	0.0283	0.000	0.041
21.356	0.2323	0.009	0.545	0.0277	0.000	0.038
21.361	0.1500	0.009	0.630	0.0186	0.000	0.043
21.366	0.2470	0.011	0.609	0.0175	0.001	0.044
21.371	0.1933	0.009	0.534	0.0315	0.000	0.045
21.376	0.1155	0.009	0.565	0.0131	0.000	0.049
21.381	0.2334	0.016	0.573	0.0239	0.001	0.047
21.386	0.2510	0.020	0.561	0.0196	0.001	0.051
21.391	0.2443	0.023	0.551	0.0347	0.001	0.055
21.396	0.1177	0.018	0.594	0.0251	0.000	0.055
21.401	0.1782	0.023	0.574	0.0220	0.001	0.060
21.406	0.1943	0.020	0.651	0.0223	0.001	0.055
21.411	0.1472	0.018	0.633	0.0140	0.001	0.058
21.416	0.1528	0.014	0.602	0.0192	0.001	0.057
21.421	0.1673	0.020	0.576	0.0169	0.000	0.055
21.426	0.1830	0.016	0.624	0.0137	0.000	0.050
21.431	0.0731	0.011	0.649	0.0233	0.000	0.039
21.436	0.0807	0.018	0.624	0.0191	0.000	0.035
21.441	0.2083	0.023	0.566	0.0240	0.000	0.028
21.446	0.1358	0.014	0.530	0.0392	0.000	0.026
21.451	0.0377	0.016	0.569	0.0354	0.000	0.024
21.456	0.1371	0.009	0.617	0.0227	0.000	0.024
21.461	0.1166	0.011	0.646	0.0215	0.000	0.034
21.466	0.0433	0.011	0.554	0.0192	0.000	0.034
21.471	0.1140	0.011	0.618	0.0258	0.000	0.033
21.476	0.0929	0.005	0.630	0.0390	0.000	0.034
21.481	0.0347	0.007	0.605	0.0458	0.000	0.042
21.486	0.0600	0.011	0.593	0.0275	0.000	0.042
21.491	0.0589	0.005	0.521	0.0585	0.000	0.049
21.496	0.0350	0.002	0.451	0.0542	0.000	0.050
21.501	0.0425	0.002	0.499	0.0473	0.001	0.074
21.506	0.0148	0.005	0.414	0.0277	0.001	0.090
21.511	0.0284	0.011	0.338	0.0777	0.002	0.093
21.516	0.0155	0.002	0.383	0.0495	0.001	0.093
21.521	0.0122	0.011	0.579	0.0257	0.002	0.110
21.526	0.0049	0.005	0.508	0.0272	0.003	0.125
21.531	0.0075	0.052	0.579	0.0476	0.000	0.077
21.536	0.0085	0.002	0.584	0.0207	0.000	0.052
21.541	0.0062	0.005	0.459	0.0589	0.000	0.052
21.546	0.0042	0.002	0.226	0.0664	0.000	0.064
21.551	0.0025	0.002	0.016	0.0324	0.062	0.184
21.556	0.0008	0.005	0.266	0.0208	0.793	0.261
21.561	0.0006	0.034	0.141	0.0154	0.909	0.357
21.566	0.0009	0.091	0.206	0.0112	0.969	0.343
21.571	0.0110	0.130	0.182	0.0143	0.974	0.297
21.576	0.0404	0.193	0.192	0.0122	0.965	0.285
21.581	0.0581	0.150	0.198	0.0132	0.943	0.304
21.586	0.0855	0.141	0.177	0.0153	0.931	0.327
21.591	0.0654	0.145	0.185	0.0122	0.943	0.367
21.596	0.0614	0.150	0.266	0.0118	0.897	0.390
21.601	0.0495	0.150	0.196	0.0141	0.845	0.386
21.606	0.0389	0.159	0.197	0.0109	0.787	0.380
21.611	0.0401	0.127	0.175	0.0123	0.676	0.365
21.616	0.0304	0.125	0.118	0.0137	0.630	0.349
21.621	0.0230	0.125	0.151	0.0143	0.533	0.337
21.626	0.0244	0.116	0.182	0.0137	0.441	0.319
21.631	0.0135	0.118	0.128	0.0319	0.213	0.252
21.636	0.0165	0.093	0.377	0.0430	0.039	0.184
21.641	0.0204	0.086	0.494	0.0266	0.006	0.138
21.646	0.0545	0.023	0.598	0.0244	0.005	0.109
21.651	0.0820	0.009	0.654	0.0310	0.003	0.080
21.656	0.1207	0.016	0.671	0.0261	0.001	0.064
21.661	0.1639	0.007	0.711	0.0149	0.001	0.056
21.666	0.1092	0.009	0.664	0.0208	0.001	0.056
21.671	0.1233	0.020	0.634	0.0145	0.001	0.054
21.676	0.1299	0.009	0.670	0.0181	0.001	0.050
21.681	0.1667	0.007	0.676	0.0158	0.001	0.047
21.686	0.1412	0.009	0.706	0.0129	0.001	0.049
21.691	0.1394	0.016	0.713	0.0149	0.001	0.047
21.696	0.1142	0.020	0.668	0.0146	0.000	0.040
21.701	0.0679	0.018	0.662	0.0110	0.000	0.039
21.706	0.0580	0.016	0.689	0.0267	0.000	0.042
21.711	0.1078	0.007	0.655	0.0188	0.000	0.044
21.716	0.1469	0.014	0.650	0.0181	0.000	0.046
21.721	0.1413	0.014	0.631	0.0148	0.000	0.054
21.726	0.0941	0.005	0.562	0.0232	0.001	0.062
21.731	0.0464	0.002	0.434	0.0265	0.002	0.093
21.736	0.0821	0.002	0.340	0.0280	0.005	0.130
21.741	0.0548	0.014	0.237	0.0358	0.017	0.208
21.746	0.0293	0.020	0.264	0.0197	0.029	0.251
21.751	0.0473	0.023	0.237	0.0114	0.112	0.320
21.756	0.0387	0.052	0.227	0.0168	0.184	0.337
21.761	0.0352	0.057	0.165	0.0138	0.286	0.387
21.766	0.0256	0.102	0.172	0.0136	0.390	0.408
21.771	0.0386	0.139	0.209	0.0122	0.436	0.414
21.776	0.0313	0.134	0.214	0.0118	0.565	0.414
21.780	0.0436	0.141	0.168	0.0125	0.710	0.447
21.785	0.0368	0.189	0.129	0.0118	0.776	0.465
21.790	0.0318	0.241	0.126	0.0105	0.733	0.451
21.795	0.0363	0.216	0.134	0.0113	0.714	0.442
21.800	0.0371	0.189	0.142	0.0121	0.829	0.441
21.805	0.0359	0.207	0.135	0.0127	0.896	0.455
21.810	0.0304	0.234	0.142	0.0123	0.848	0.448
21.815	0.0320	0.248	0.128	0.0116	0.842	0.431
21.820	0.0290	0.205	0.123	0.0132	0.870	0.436
21.825	0.0297	0.220	0.125	0.0124	0.831	0.435
21.830	0.0327	0.230	0.174	0.0103	0.906	0.433
21.835	0.0328	0.234	0.167	0.0130	0.882	0.439
21.840	0.0280	0.234	0.172	0.0108	0.741	0.432
21.845	0.0355	0.218	0.143	0.0117	0.685	0.443
21.850	0.0267	0.170	0.186	0.0163	0.404	0.405
21.855	0.0167	0.195	0.222	0.0184	0.221	0.352
21.860	0.0362	0.095	0.215	0.0533	0.006	0.141
21.865	0.0134	0.036	0.384	0.0318	0.001	0.072
21.870	0.0324	0.016	0.515	0.0220	0.001	0.049
21.875	0.1060	0.014	0.490	0.0180	0.001	0.041
21.880	0.2283	0.020	0.462	0.0212	0.000	0.043
21.885	0.2783	0.018	0.455	0.0292	0.001	0.040
21.890	0.2902	0.020	0.483	0.0240	0.001	0.040
21.895	0.2696	0.018	0.586	0.0207	0.001	0.038
21.900	0.2335	0.020	0.625	0.0189	0.001	0.038
21.905	0.0798	0.014	0.616	0.0141	0.000	0.041
21.910	0.2223	0.014	0.660	0.0239	0.000	0.040
21.915	0.2231	0.016	0.674	0.0082	0.000	0.036
21.920	0.2635	0.020	0.607	0.0114	0.000	0.038
21.925	0.1513	0.020	0.649	0.0149	0.000	0.033
21.930	0.1024	0.014	0.570	0.0161	0.000	0.035
21.935	0.2392	0.014	0.536	0.0173	0.000	0.032
21.940	0.2273	0.016	0.372	0.0242	0.000	0.032
21.945	0.1044	0.014	0.290	0.0354	0.000	0.038
21.950	0.0499	0.018	0.564	0.0315	0.000	0.030
21.955	0.0580	0.007	0.615	0.0156	0.000	0.024
21.960	0.1081	0.007	0.664	0.0163	0.000	0.022
21.965	0.0674	0.007	0.640	0.0095	0.000	0.022
21.970	0.0486	0.007	0.651	0.0071	0.000	0.022
21.975	0.0884	0.007	0.650	0.0110	0.000	0.021
21.980	0.1049	0.009	0.636	0.0080	0.000	0.021
21.985	0.0669	0.005	0.644	0.0128	0.000	0.020
21.990	0.0343	0.011	0.630	0.0073	0.000	0.021
21.995	0.1010	0.007	0.626	0.0198	0.000	0.020
22.000	0.0718	0.005	0.655	0.0083	0.000	0.019
22.005	0.0359	0.002	0.656	0.0105	0.000	0.018
22.010	0.0455	0.002	0.586	0.0181	0.000	0.018
22.015	0.1102	0.005	0.649	0.0121	0.000	0.018
22.020	0.0644	0.005	0.665	0.0250	0.000	0.017
22.025	0.0377	0.002	0.570	0.0167	0.000	0.016
22.030	0.1036	0.002	0.646	0.0241	0.000	0.017
22.035	0.0756	0.005	0.661	0.0329	0.000	0.016
22.040	0.0210	0.007	0.648	0.0468	0.000	0.018
22.045	0.0604	0.007	0.633	0.0295	0.000	0.017
22.050	0.0876	0.007	0.634	0.0185	0.000	0.016
22.055	0.0388	0.005	0.615	0.0468	0.000	0.016
22.060	0.0398	0.007	0.572	0.0288	0.000	0.016
22.065	0.0790	0.007	0.654	0.0249	0.000	0.016
22.070	0.0468	0.005	0.660	0.0699	0.000	0.015
22.075	0.0305	0.007	0.597	0.0349	0.000	0.015
22.080	0.0736	0.007	0.606	0.0513	0.000	0.016
22.085	0.0421	0.005	0.517	0.0351	0.000	0.020
22.090	0.0310	0.007	0.480	0.0487	0.000	0.025
22.095	0.0393	0.005	0.503	0.0882	0.000	0.028
22.100	0.0216	0.002	0.415	0.0428	0.000	0.028
22.105	0.0252	0.002	0.424	0.0936	0.000	0.024
22.110	0.0048	0.002	0.245	0.0261	0.001	0.115
22.115	0.0152	0.005	0.222	0.0292	0.079	0.237
22.120	0.0021	0.011	0.188	0.0096	0.416	0.281
22.125	0.0068	0.034	0.173	0.0127	0.462	0.314
22.130	0.0146	0.114	0.189	0.0296	0.165	0.289
22.135	0.0087	0.105	0.286	0.0461	0.030	0.193
22.140	0.0061	0.055	0.440	0.0360	0.001	0.064
22.145	0.0157	0.009	0.516	0.0297	0.001	0.045
22.150	0.0326	0.016	0.629	0.0244	0.000	0.036
22.155	0.0295	0.014	0.766	0.0203	0.000	0.036
22.160	0.0473	0.011	0.681	0.0268	0.000	0.044
22.165	0.0482	0.011	0.610	0.0295	0.001	0.050
22.170	0.0303	0.020	0.508	0.0317	0.001	0.059
22.175	0.0278	0.025	0.542	0.0306	0.002	0.058
22.180	0.0246	0.027	0.454	0.0287	0.005	0.075
22.185	0.0115	0.030	0.402	0.0249	0.003	0.068
22.190	0.0253	0.018	0.257	0.0404	0.002	0.056
22.195	0.0175	0.023	0.424	0.0400	0.001	0.035
22.200	0.0125	0.025	0.525	0.0173	0.000	0.029
22.205	0.0362	0.018	0.532	0.0150	0.000	0.028
22.210	0.0363	0.014	0.473	0.0297	0.000	0.024
22.215	0.0288	0.014	0.324	0.0238	0.002	0.027
22.220	0.0893	0.014	0.330	0.0269	0.004	0.033
22.224	0.0880	0.011	0.538	0.0226	0.004	0.033
22.229	0.0950	0.020	0.516	0.0402	0.006	0.034
22.234	0.1000	0.014	0.556	0.0194	0.004	0.032
22.239	0.1361	0.014	0.611	0.0218	0.005	0.031
22.244	0.0889	0.009	0.561	0.0225	0.007	0.032
22.249	0.1691	0.014	0.595	0.0136	0.003	0.031
22.254	0.1778	0.020	0.593	0.0146	0.002	0.032
22.259	0.1292	0.016	0.587	0.0199	0.002	0.036
22.264	0.1767	0.020	0.580	0.0159	0.002	0.039
22.269	0.1634	0.018	0.622	0.0167	0.001	0.034
22.274	0.0958	0.025	0.570	0.0195	0.001	0.032
22.279	0.1310	0.023	0.567	0.0142	0.002	0.031
22.284	0.0820	0.025	0.589	0.0205	0.002	0.033
22.289	0.0844	0.023	0.511	0.0219	0.002	0.030
22.294	0.1094	0.025	0.582	0.0211	0.002	0.029
22.299	0.0640	0.018	0.534	0.0262	0.002	0.032
22.304	0.0477	0.020	0.497	0.0213	0.001	0.032
22.309	0.0965	0.020	0.543	0.0214	0.001	0.051
22.314	0.0523	0.016	0.572	0.0247	0.001	0.072
22.319	0.0414	0.011	0.525	0.0177	0.002	0.123
22.324	0.0561	0.018	0.545	0.0160	0.007	0.164
22.329	0.0342	0.014	0.543	0.0218	0.029	0.243
22.334	0.0145	0.036	0.538	0.0128	0.050	0.256
22.339	0.0279	0.036	0.400	0.0207	0.114	0.297
22.344	0.0281	0.066	0.379	0.0116	0.239	0.337
22.349	0.0265	0.066	0.258	0.0146	0.436	0.389
22.354	0.0165	0.139	0.125	0.0137	0.668	0.400
22.359	0.0220	0.175	0.085	0.0117	0.921	0.424
22.364	0.0163	0.227	0.164	0.0101	0.901	0.452
22.369	0.0218	0.236	0.136	0.0142	0.934	0.442
22.374	0.0163	0.232	0.105	0.0129	0.963	0.422
22.379	0.0188	0.245	0.154	0.0135	0.968	0.410
22.384	0.0177	0.241	0.150	0.0116	0.967	0.424
22.389	0.0238	0.239	0.178	0.0132	0.972	0.421
22.394	0.0184	0.252	0.170	0.0125	0.967	0.409
22.399	0.0220	0.241	0.196	0.0133	0.960	0.416
22.404	0.0214	0.268	0.195	0.0136	0.959	0.435
22.409	0.0216	0.241	0.122	0.0135	0.969	0.429
22.414	0.0158	0.236	0.205	0.0123	0.968	0.430
22.419	0.0167	0.255	0.158	0.0123	0.950	0.429
22.424	0.0161	0.245	0.141	0.0126	0.958	0.453
22.429	0.0186	0.245	0.186	0.0135	0.963	0.463
22.434	0.0167	0.245	0.191	0.0114	0.970	0.438
22.439	0.0215	0.236	0.207	0.0130	0.959	0.438
22.444	0.0197	0.250	0.180	0.0130	0.964	0.446
22.449	0.0158	0.234	0.207	0.0151	0.967	0.444
22.454	0.0143	0.259	0.241	0.0135	0.964	0.427
22.459	0.0145	0.248	0.154	0.0123	0.969	0.387
22.464	0.0180	0.259	0.185	0.0138	0.972	0.417
22.469	0.0103	0.261	0.148	0.0112	0.969	0.403
22.474	0.0126	0.264	0.166	0.0146	0.968	0.403
22.479	0.0095	0.257	0.168	0.0119	0.947	0.413
22.484	0.0064	0.245	0.184	0.0135	0.834	0.464
22.489	0.0030	0.218	0.189	0.0160	0.689	0.421
22.494	0.0015	0.193	0.315	0.0113	0.587	0.424
22.499	0.0017	0.198	0.328	0.0171	0.634	0.402
22.504	0.0009	0.132	0.296	0.0109	0.816	0.400
22.509	0.0007	0.211	0.244	0.0199	0.587	0.447
22.514	0.0004	0.202	0.277	0.0150	0.424	0.422
22.519	0.0004	0.130	0.395	0.0139	0.556	0.448
22.524	0.0003	0.125	0.291	0.0104	0.651	0.478
22.529	0.0002	0.200	0.269	0.0149	0.399	0.519
22.534	0.0001	0.116	0.114	0.0122	0.380	0.560
22.539	0.0001	0.152	0.105	0.0256	0.201	0.471
22.544	0.0001	0.102	0.308	0.0268	0.062	0.310
22.549	0.0001	0.157	0.265	0.0737	0.008	0.129
22.554	0.0006	0.043	0.389	0.0393	0.001	0.061
22.559	0.0017	0.018	0.514	0.0193	0.000	0.034
22.564	0.0198	0.011	0.458	0.0231	0.000	0.033
22.569	0.0646	0.014	0.408	0.0386	0.000	0.036
22.574	0.0660	0.009	0.441	0.0230	0.001	0.037
22.579	0.0715	0.011	0.564	0.0197	0.002	0.053
22.584	0.0640	0.009	0.609	0.0156	0.005	0.062
22.589	0.1147	0.011	0.604	0.0157	0.006	0.057
22.594	0.1117	0.014	0.536	0.0223	0.006	0.050
22.599	0.0956	0.018	0.582	0.0217	0.006	0.046
22.604	0.1328	0.018	0.609	0.0243	0.002	0.049
22.609	0.1227	0.016	0.604	0.0241	0.000	0.048
22.614	0.0899	0.018	0.590	0.0316	0.000	0.042
22.619	0.1046	0.020	0.545	0.0318	0.000	0.050
22.624	0.1588	0.016	0.600	0.0186	0.001	0.049
22.629	0.0988	0.009	0.553	0.0330	0.000	0.052
22.634	0.0967	0.014	0.507	0.0188	0.000	0.052
22.639	0.1334	0.009	0.443	0.0226	0.000	0.051
22.644	0.0781	0.009	0.311	0.0389	0.000	0.057
22.649	0.0783	0.014	0.256	0.0274	0.001	0.084
22.654	0.0459	0.016	0.248	0.0311	0.001	0.097
22.659	0.0223	0.011	0.293	0.0278	0.000	0.055
22.663	0.0169	0.014	0.292	0.0350	0.000	0.047
22.668	0.0074	0.023	0.404	0.0253	0.000	0.031
22.673	0.0106	0.020	0.475	0.0330	0.000	0.031
22.678	0.0083	0.016	0.467	0.0276	0.000	0.031
22.683	0.0075	0.016	0.530	0.0141	0.000	0.029
22.688	0.0072	0.007	0.460	0.0221	0.000	0.043
22.693	0.0041	0.011	0.417	0.0324	0.000	0.043
22.698	0.0040	0.005	0.377	0.0324	0.000	0.058
22.703	0.0026	0.014	0.342	0.0228	0.000	0.086
22.708	0.0007	0.016	0.118	0.0390	0.088	0.363
22.713	0.0013	0.011	0.180	0.0141	0.243	0.349
22.718	0.0006	0.011	0.248	0.0136	0.282	0.377
22.723	0.0014	0.055	0.231	0.0177	0.199	0.389
22.728	0.0074	0.077	0.239	0.0170	0.069	0.338
22.733	0.0137	0.082	0.237	0.0354	0.032	0.283
22.738	0.0056	0.061	0.397	0.0228	0.014	0.225
22.743	0.0091	0.030	0.416	0.0166	0.023	0.260
22.748	0.0122	0.034	0.326	0.0391	0.008	0.211
22.753	0.0090	0.032	0.254	0.0444	0.004	0.154
22.758	0.0116	0.030	0.359	0.0364	0.003	0.148
22.763	0.0139	0.023	0.362	0.0388	0.002	0.135
22.768	0.0193	0.014	0.592	0.0535	0.000	0.083
22.773	0.0155	0.007	0.606	0.0340	0.000	0.060
22.778	0.0308	0.005	0.609	0.0292	0.000	0.045
22.783	0.0286	0.002	0.635	0.0350	0.000	0.036
22.788	0.0247	0.002	0.573	0.0236	0.000	0.026
22.793	0.0635	0.007	0.637	0.0108	0.000	0.025
22.798	0.0503	0.007	0.661	0.0224	0.000	0.022
22.803	0.0231	0.007	0.593	0.0151	0.000	0.023
22.808	0.0806	0.007	0.639	0.0223	0.000	0.025
22.813	0.0690	0.005	0.657	0.0286	0.000	0.025
22.818	0.0239	0.007	0.590	0.0464	0.000	0.027
22.823	0.0675	0.007	0.569	0.0355	0.000	0.032
22.828	0.0935	0.007	0.601	0.0230	0.000	0.033
22.833	0.0637	0.007	0.628	0.0273	0.000	0.033
22.838	0.0351	0.009	0.571	0.0201	0.000	0.039
22.843	0.1244	0.016	0.626	0.0105	0.000	0.042
22.848	0.0955	0.011	0.633	0.0182	0.000	0.048
22.853	0.0391	0.025	0.564	0.0169	0.000	0.047
22.858	0.1324	0.025	0.584	0.0253	0.000	0.049
22.863	0.1065	0.016	0.627	0.0228	0.001	0.053
22.868	0.0456	0.014	0.576	0.0441	0.001	0.061
22.873	0.1028	0.025	0.579	0.0259	0.001	0.060
22.878	0.0915	0.009	0.611	0.0204	0.000	0.053
22.883	0.0376	0.007	0.547	0.0237	0.000	0.047
22.888	0.0837	0.007	0.592	0.0372	0.000	0.031
22.893	0.0771	0.005	0.653	0.0509	0.000	0.029
22.898	0.0308	0.007	0.566	0.0258	0.001	0.024
22.903	0.0923	0.007	0.621	0.0357	0.001	0.022
22.908	0.0701	0.005	0.647	0.0421	0.001	0.026
22.913	0.0292	0.011	0.564	0.0368	0.000	0.028
22.918	0.0815	0.007	0.562	0.0397	0.000	0.026
22.923	0.0584	0.002	0.496	0.0287	0.000	0.031
22.928	0.0176	0.009	0.420	0.0257	0.000	0.045
22.933	0.0362	0.002	0.408	0.0286	0.000	0.060
22.938	0.0300	0.002	0.501	0.0303	0.000	0.075
22.943	0.0213	0.002	0.268	0.0283	0.001	0.111
22.948	0.0092	0.002	0.286	0.0546	0.001	0.115
22.953	0.0085	0.005	0.293	0.0726	0.001	0.141
22.958	0.0039	0.007	0.604	0.0150	0.001	0.117
22.963	0.0042	0.009	0.566	0.0148	0.000	0.112
22.968	0.0065	0.002	0.542	0.0191	0.000	0.100
22.973	0.0046	0.002	0.489	0.0167	0.000	0.092
22.978	0.0021	0.002	0.297	0.0380	0.000	0.126
22.983	0.0022	0.005	0.025	0.0385	0.051	0.398
22.988	0.0010	0.002	0.294	0.0099	0.304	0.362
22.993	0.0006	0.048	0.296	0.0089	0.310	0.350
22.998	0.0020	0.109	0.203	0.0113	0.202	0.375
23.003	0.0239	0.089	0.166	0.0191	0.144	0.370
23.008	0.0188	0.098	0.132	0.0137	0.083	0.306
23.013	0.0150	0.075	0.179	0.0133	0.082	0.290
23.018	0.0217	0.070	0.180	0.0188	0.131	0.286
23.023	0.0144	0.066	0.221	0.0123	0.137	0.301
23.028	0.0203	0.061	0.212	0.0183	0.081	0.241
23.033	0.0205	0.086	0.281	0.0184	0.059	0.211
23.038	0.0317	0.061	0.318	0.0159	0.043	0.189
23.043	0.0335	0.043	0.276	0.0203	0.042	0.185
23.048	0.0404	0.048	0.233	0.0249	0.033	0.173
23.053	0.0468	0.043	0.290	0.0238	0.024	0.175
23.058	0.0456	0.048	0.261	0.0161	0.034	0.156
23.063	0.0775	0.039	0.155	0.0237	0.036	0.163
23.068	0.0567	0.034	0.228	0.0304	0.013	0.130
23.073	0.0548	0.034	0.257	0.0224	0.009	0.108
23.078	0.0821	0.034	0.412	0.0187	0.007	0.093
23.083	0.1442	0.032	0.390	0.0279	0.004	0.079
23.088	0.1279	0.027	0.469	0.0303	0.001	0.053
23.093	0.1040	0.023	0.311	0.0203	0.001	0.047
23.098	0.3020	0.025	0.525	0.0240	0.000	0.038
23.102	0.4503	0.030	0.630	0.0151	0.000	0.036
23.107	0.3124	0.023	0.617	0.0120	0.000	0.033
23.112	0.2513	0.027	0.584	0.0199	0.001	0.035
23.117	0.2254	0.027	0.587	0.0140	0.001	0.041
23.122	0.3226	0.027	0.589	0.0179	0.001	0.047
23.127	0.2652	0.023	0.608	0.0126	0.001	0.050
23.132	0.1248	0.023	0.615	0.0165	0.001	0.044
23.137	0.1822	0.016	0.621	0.0133	0.000	0.042
23.142	0.2506	0.023	0.521	0.0157	0.001	0.041
23.147	0.2278	0.023	0.428	0.0240	0.001	0.035
23.152	0.1008	0.023	0.539	0.0220	0.001	0.032
23.157	0.0372	0.018	0.611	0.0170	0.001	0.032
23.162	0.0769	0.016	0.633	0.0161	0.002	0.033
23.167	0.1073	0.016	0.642	0.0149	0.003	0.032
23.172	0.0683	0.007	0.655	0.0110	0.003	0.028
23.177	0.0392	0.011	0.653	0.0073	0.003	0.028
23.182	0.0838	0.016	0.654	0.0117	0.003	0.029
23.187	0.0842	0.014	0.674	0.0089	0.002	0.028
23.192	0.0700	0.009	0.652	0.0117	0.003	0.029
23.197	0.0279	0.016	0.654	0.0082	0.002	0.028
23.202	0.0743	0.016	0.657	0.0082	0.001	0.029
23.207	0.0750	0.005	0.653	0.0077	0.001	0.029
23.212	0.0602	0.007	0.658	0.0086	0.001	0.032
23.217	0.0218	0.014	0.657	0.0049	0.001	0.030
23.222	0.0813	0.002	0.658	0.0056	0.001	0.030
23.227	0.0662	0.014	0.667	0.0048	0.001	0.031
23.232	0.0554	0.002	0.669	0.0071	0.001	0.033
23.237	0.0281	0.014	0.658	0.0070	0.001	0.032
23.242	0.0925	0.002	0.663	0.0064	0.001	0.034
23.247	0.0557	0.014	0.661	0.0075	0.001	0.035
23.252	0.0539	0.007	0.655	0.0079	0.001	0.037
23.257	0.0323	0.007	0.620	0.0143	0.001	0.034
23.262	0.0899	0.009	0.646	0.0092	0.001	0.034
23.267	0.0512	0.009	0.660	0.0136	0.001	0.035
23.272	0.0449	0.007	0.604	0.0351	0.001	0.035
23.277	0.0784	0.002	0.641	0.0193	0.000	0.036
23.282	0.0621	0.005	0.654	0.0270	0.001	0.036
23.287	0.0456	0.002	0.636	0.0312	0.000	0.035
23.292	0.0422	0.002	0.629	0.0227	0.000	0.057
23.297	0.0705	0.005	0.595	0.0237	0.005	0.149
23.302	0.0297	0.002	0.488	0.0175	0.041	0.237
23.307	0.0280	0.005	0.305	0.0110	0.301	0.305
23.312	0.0413	0.080	0.303	0.0171	0.558	0.315
23.317	0.0298	0.098	0.287	0.0102	0.653	0.318
23.322	0.0281	0.170	0.289	0.0159	0.495	0.335
23.327	0.0218	0.105	0.328	0.0170	0.533	0.305
23.332	0.0350	0.102	0.341	0.0133	0.598	0.296
23.337	0.0381	0.125	0.356	0.0160	0.503	0.282
23.342	0.0367	0.080	0.403	0.0127	0.408	0.265
23.347	0.0510	0.105	0.497	0.0195	0.151	0.260
23.352	0.0361	0.070	0.531	0.0247	0.073	0.219
23.357	0.0445	0.039	0.547	0.0255	0.021	0.151
23.362	0.0439	0.018	0.602	0.0209	0.013	0.123
23.367	0.0346	0.016	0.575	0.0173	0.008	0.093
23.372	0.0965	0.018	0.626	0.0221	0.005	0.081
23.377	0.0750	0.014	0.615	0.0174	0.002	0.071
23.382	0.0695	0.011	0.557	0.0243	0.001	0.065
23.387	0.1227	0.016	0.605	0.0226	0.001	0.064
23.392	0.0902	0.007	0.627	0.0356	0.000	0.059
23.397	0.0659	0.009	0.634	0.0263	0.000	0.056
23.402	0.0983	0.011	0.610	0.0288	0.000	0.055
23.407	0.1532	0.007	0.592	0.0259	0.000	0.058
23.412	0.0384	0.014	0.477	0.0428	0.000	0.056
23.417	0.0621	0.007	0.439	0.0343	0.000	0.050
23.422	0.0813	0.007	0.488	0.0436	0.000	0.031
23.427	0.0269	0.005	0.591	0.0271	0.000	0.023
23.432	0.0826	0.002	0.573	0.0531	0.000	0.022
23.437	0.0655	0.007	0.667	0.0124	0.000	0.019
23.442	0.0340	0.005	0.613	0.0271	0.000	0.019
23.447	0.0480	0.007	0.588	0.0167	0.000	0.016
23.452	0.0845	0.007	0.666	0.0137	0.000	0.016
23.457	0.0474	0.005	0.658	0.0567	0.000	0.015
23.462	0.0309	0.007	0.624	0.0342	0.000	0.016
23.467	0.0879	0.007	0.619	0.0339	0.000	0.015
23.472	0.0613	0.007	0.652	0.0645	0.000	0.016
23.477	0.0248	0.007	0.553	0.0292	0.000	0.015
23.482	0.0850	0.002	0.631	0.0135	0.000	0.016
23.487	0.0523	0.005	0.668	0.0390	0.000	0.018
23.492	0.0205	0.002	0.572	0.0312	0.000	0.019
23.497	0.0800	0.002	0.621	0.0304	0.000	0.017
23.502	0.0545	0.005	0.657	0.0633	0.000	0.016
23.507	0.0216	0.002	0.607	0.0442	0.000	0.015
23.512	0.0745	0.007	0.628	0.0268	0.000	0.015
23.517	0.0555	0.005	0.661	0.0268	0.000	0.015
23.522	0.0195	0.007	0.509	0.0195	0.000	0.025
23.527	0.0674	0.007	0.575	0.0366	0.000	0.035
23.532	0.0600	0.005	0.564	0.0214	0.000	0.031
23.537	0.0201	0.007	0.608	0.0231	0.000	0.028
23.541	0.0396	0.007	0.542	0.0260	0.000	0.030
23.546	0.1263	0.007	0.571	0.0203	0.000	0.029
23.551	0.0706	0.016	0.611	0.0422	0.000	0.031
23.556	0.0420	0.020	0.541	0.0352	0.000	0.027
23.561	0.1056	0.016	0.538	0.0205	0.000	0.024
23.566	0.0858	0.016	0.357	0.0442	0.000	0.021
23.571	0.0440	0.018	0.308	0.0515	0.000	0.020
23.576	0.0444	0.016	0.528	0.0367	0.000	0.014
23.581	0.0439	0.002	0.616	0.0242	0.000	0.015
23.586	0.0259	0.005	0.574	0.0247	0.000	0.013
23.591	0.0637	0.007	0.647	0.0186	0.000	0.013
23.596	0.0509	0.005	0.662	0.0345	0.000	0.012
23.601	0.0298	0.011	0.579	0.0234	0.000	0.012
23.606	0.0680	0.007	0.633	0.0229	0.000	0.012
23.611	0.0558	0.005	0.656	0.0401	0.000	0.012
23.616	0.0153	0.007	0.652	0.0515	0.000	0.012
23.621	0.0482	0.007	0.626	0.0340	0.000	0.012
23.626	0.0582	0.005	0.651	0.0120	0.000	0.010
23.631	0.0237	0.007	0.543	0.0190	0.000	0.012
23.636	0.0295	0.007	0.388	0.0367	0.000	0.021
23.641	0.0639	0.007	0.346	0.0383	0.000	0.019
23.646	0.0662	0.014	0.448	0.0329	0.000	0.014
23.651	0.0482	0.014	0.550	0.0219	0.000	0.014
23.656	0.1199	0.023	0.593	0.0181	0.000	0.017
23.661	0.1712	0.014	0.585	0.0172	0.000	0.019
23.666	0.1097	0.018	0.650	0.0214	0.000	0.018
23.671	0.1544	0.014	0.625	0.0170	0.000	0.020
23.676	0.1905	0.018	0.634	0.0123	0.000	0.019
23.681	0.1513	0.011	0.634	0.0174	0.000	0.019
23.686	0.0975	0.014	0.646	0.0258	0.001	0.018
23.691	0.1665	0.014	0.652	0.0116	0.001	0.017
23.696	0.2073	0.014	0.644	0.0139	0.001	0.018
23.701	0.1058	0.011	0.598	0.0229	0.002	0.019
23.706	0.1489	0.014	0.656	0.0143	0.001	0.019
23.711	0.1212	0.014	0.713	0.0112	0.001	0.018
23.716	0.2022	0.014	0.714	0.0186	0.000	0.018
23.721	0.0688	0.014	0.701	0.0177	0.000	0.020
23.726	0.1783	0.016	0.669	0.0301	0.000	0.018
23.731	0.1239	0.016	0.667	0.0183	0.000	0.017
23.736	0.1793	0.023	0.588	0.0126	0.000	0.016
23.741	0.1298	0.020	0.547	0.0214	0.000	0.018
23.746	0.1417	0.020	0.548	0.0224	0.001	0.021
23.751	0.0754	0.016	0.648	0.0222	0.000	0.018
23.756	0.0945	0.014	0.673	0.0173	0.000	0.017
23.761	0.1546	0.018	0.634	0.0162	0.000	0.019
23.766	0.1558	0.014	0.634	0.0172	0.000	0.021
23.771	0.0780	0.018	0.670	0.0150	0.001	0.021
23.776	0.0873	0.020	0.657	0.0139	0.002	0.019
23.781	0.0794	0.023	0.646	0.0123	0.001	0.018
23.786	0.0852	0.020	0.673	0.0113	0.000	0.016
23.791	0.0870	0.018	0.695	0.0089	0.000	0.016
23.796	0.1058	0.023	0.644	0.0124	0.001	0.014
23.801	0.1116	0.020	0.625	0.0105	0.001	0.015
23.806	0.0965	0.020	0.479	0.0222	0.001	0.020
23.811	0.0572	0.011	0.424	0.0229	0.001	0.025
23.816	0.0538	0.014	0.446	0.0417	0.000	0.021
23.821	0.0468	0.011	0.528	0.0353	0.000	0.019
23.826	0.0544	0.005	0.576	0.0199	0.000	0.018
23.831	0.0501	0.005	0.586	0.0154	0.000	0.017
23.836	0.0380	0.007	0.607	0.0254	0.000	0.019
23.841	0.0211	0.005	0.523	0.0157	0.000	0.020
23.846	0.0549	0.002	0.536	0.0332	0.000	0.018
23.851	0.0242	0.009	0.565	0.0420	0.000	0.016
23.856	0.0179	0.002	0.608	0.0665	0.000	0.015
23.861	0.0315	0.002	0.612	0.0331	0.000	0.016
23.866	0.0352	0.005	0.603	0.0212	0.000	0.033
23.871	0.0187	0.002	0.586	0.0392	0.000	0.036
23.876	0.0299	0.002	0.519	0.0188	0.000	0.029
23.881	0.0577	0.009	0.644	0.0167	0.000	0.028
23.886	0.0384	0.005	0.606	0.0338	0.000	0.036
23.891	0.0234	0.009	0.546	0.0250	0.001	0.039
23.896	0.0564	0.009	0.608	0.0388	0.001	0.037
23.901	0.0346	0.007	0.508	0.0395	0.001	0.042
23.906	0.0252	0.007	0.526	0.0166	0.001	0.042
23.911	0.0445	0.014	0.600	0.0137	0.001	0.044
23.916	0.0364	0.011	0.639	0.0261	0.001	0.036
23.921	0.0272	0.016	0.600	0.0150	0.001	0.040
23.926	0.0666	0.018	0.621	0.0213	0.002	0.044
23.931	0.0302	0.007	0.605	0.0377	0.002	0.049
23.936	0.0225	0.011	0.551	0.0245	0.002	0.055
23.941	0.0722	0.014	0.640	0.0187	0.002	0.058
23.946	0.0327	0.002	0.626	0.0556	0.000	0.051
23.951	0.0137	0.011	0.589	0.0351	0.000	0.048
23.956	0.0519	0.014	0.622	0.0322	0.000	0.042
23.961	0.0310	0.002	0.588	0.0230	0.000	0.041
23.966	0.0212	0.007	0.568	0.0388	0.000	0.040
23.971	0.0451	0.005	0.613	0.0475	0.000	0.035
23.976	0.0282	0.002	0.572	0.0382	0.000	0.043
23.980	0.0249	0.002	0.621	0.0340	0.000	0.042
23.985	0.0252	0.005	0.526	0.0979	0.000	0.051
23.990	0.0258	0.002	0.515	0.0824	0.000	0.058
23.995	0.0238	0.002	0.440	0.0420	0.001	0.103
24.000	0.0099	0.002	0.458	0.0383	0.002	0.150
24.005	0.0120	0.005	0.216	0.0763	0.008	0.220
24.010	0.0075	0.007	0.246	0.0659	0.028	0.298
24.015	0.0044	0.014	0.244	0.0282	0.107	0.381
24.020	0.0014	0.052	0.513	0.0155	0.113	0.353
24.025	0.0019	0.030	0.494	0.0154	0.134	0.361
24.030	0.0016	0.052	0.407	0.0167	0.217	0.351
24.035	0.0021	0.055	0.264	0.0183	0.579	0.385
24.040	0.0023	0.052	0.175	0.0148	0.770	0.388
24.045	0.0024	0.120	0.262	0.0136	0.826	0.415
24.050	0.0012	0.120	0.261	0.0147	0.729	0.433
24.055	0.0009	0.127	0.223	0.0118	0.780	0.482
24.060	0.0008	0.141	0.181	0.0161	0.745	0.490
24.065	0.0002	0.125	0.192	0.0113	0.550	0.508
24.070	0.0003	0.086	0.193	0.0116	0.410	0.534
24.075	0.0002	0.089	0.207	0.0142	0.253	0.568
24.080	0.0001	0.082	0.233	0.0214	0.188	0.568
24.085	0.0001	0.077	0.204	0.0224	0.092	0.514
24.090	0.0001	0.009	0.223	0.0204	0.115	0.535
24.095	0.0001	0.066	0.151	0.0142	0.224	0.583
24.100	0.0001	0.082	0.232	0.0184	0.215	0.562
24.105	0.0001	0.061	0.214	0.0141	0.135	0.518
24.110	0.0001	0.066	0.180	0.0157	0.124	0.512
24.115	0.0002	0.039	0.180	0.0105	0.151	0.563
24.120	0.0001	0.007	0.158	0.0125	0.186	0.613
24.125	0.0002	0.000	0.177	0.0272	0.159	0.611
24.130	0.0001	0.000	0.276	0.0152	0.118	0.582
24.135	0.0001	0.000	0.393	0.0138	0.120	0.569
24.140	0.0001	0.068	0.289	0.0222	0.075	0.545
24.145	0.0001	0.039	0.220	0.0120	0.102	0.593
24.150	0.0001	0.027	0.172	0.0165	0.161	0.623
24.155	0.0000	0.055	0.277	0.0240	0.129	0.588
24.160	0.0001	0.018	0.201	0.0199	0.103	0.582
24.165	0.0001	0.023	0.301	0.0148	0.083	0.576
24.170	0.0001	0.000	0.423	0.0164	0.096	0.582
24.175	0.0001	0.055	0.207	0.0115	0.129	0.644
24.180	0.0000	0.066	0.329	0.0212	0.113	0.604
24.185	0.0000	0.057	0.357	0.0198	0.100	0.627
24.190	0.0000	0.048	0.237	0.0140	0.132	0.638
24.195	0.0001	0.000	0.185	0.0140	0.141	0.616
24.200	0.0000	0.005	0.160	0.0172	0.132	0.626
24.205	0.0001	0.000	0.126	0.0208	0.108	0.617
24.210	0.0001	0.014	0.248	0.0212	0.075	0.585
24.215	0.0001	0.018	0.294	0.0156	0.061	0.526
24.220	0.0001	0.027	0.215	0.0217	0.050	0.498
24.225	0.0001	0.034	0.154	0.0210	0.070	0.509
24.230	0.0001	0.057	0.239	0.0175	0.050	0.435
24.235	0.0001	0.048	0.304	0.0204	0.042	0.425
24.240	0.0001	0.061	0.210	0.0106	0.053	0.451
24.245	0.0001	0.034	0.193	0.0212	0.075	0.439
24.250	0.0001	0.050	0.304	0.0187	0.061	0.401
24.255	0.0001	0.043	0.225	0.0181	0.053	0.367
24.260	0.0001	0.045	0.262	0.0285	0.040	0.349
24.265	0.0001	0.048	0.208	0.0168	0.035	0.349
24.270	0.0002	0.034	0.322	0.0185	0.038	0.366
24.275	0.0002	0.041	0.275	0.0178	0.030	0.360
24.280	0.0002	0.043	0.220	0.0213	0.024	0.366
24.285	0.0002	0.025	0.222	0.0172	0.027	0.402
24.290	0.0001	0.039	0.241	0.0167	0.028	0.425
24.295	0.0001	0.030	0.248	0.0187	0.030	0.461
24.300	0.0001	0.032	0.242	0.0243	0.036	0.464
24.305	0.0001	0.041	0.228	0.0138	0.043	0.510
24.310	0.0000	0.027	0.156	0.0153	0.068	0.553
24.315	0.0000	0.055	0.118	0.0211	0.097	0.600
24.320	0.0000	0.070	0.136	0.0210	0.058	0.551
24.325	0.0000	0.050	0.054	0.0169	0.069	0.585
24.330	0.0001	0.039	0.156	0.0188	0.104	0.550
24.335	0.0000	0.066	0.265	0.0154	0.231	0.525
24.340	0.0001	0.057	0.410	0.0268	0.173	0.491
24.345	0.0001	0.091	0.453	0.0175	0.105	0.416
24.350	0.0002	0.041	0.275	0.0179	0.112	0.375
24.355	0.0005	0.057	0.348	0.0147	0.128	0.385
24.360	0.0007	0.055	0.365	0.0281	0.073	0.343
24.365	0.0005	0.052	0.460	0.0212	0.053	0.328
24.370	0.0007	0.030	0.364	0.0333	0.088	0.344
24.375	0.0005	0.066	0.632	0.0294	0.032	0.324
24.380	0.0005	0.034	0.712	0.0233	0.015	0.331
24.385	0.0006	0.025	0.654	0.0183	0.025	0.365
24.390	0.0006	0.032	0.595	0.0171	0.046	0.380
24.395	0.0006	0.034	0.536	0.0170	0.082	0.375
24.400	0.0003	0.061	0.523	0.0174	0.053	0.392
24.405	0.0003	0.045	0.581	0.0129	0.081	0.423
24.410	0.0004	0.034	0.416	0.0210	0.166	0.463
24.415	0.0002	0.093	0.081	0.0777	0.054	0.392
24.420	0.0001	0.139	0.072	0.1157	0.002	0.183
24.424	0.0001	0.032	0.350	0.0348	0.000	0.035
24.429	0.0002	0.014	0.441	0.0307	0.000	0.030
24.434	0.0046	0.007	0.631	0.0312	0.000	0.027
24.439	0.0132	0.007	0.713	0.0108	0.000	0.024
24.444	0.0134	0.005	0.549	0.0278	0.000	0.031
24.449	0.0129	0.009	0.412	0.0522	0.000	0.039
24.454	0.0070	0.009	0.248	0.0468	0.000	0.042
24.459	0.0040	0.009	0.253	0.0331	0.000	0.035
24.464	0.0022	0.009	0.246	0.0611	0.000	0.057
24.469	0.0008	0.014	0.304	0.0533	0.000	0.058
24.474	0.0022	0.014	0.495	0.0283	0.000	0.074
24.479	0.0023	0.023	0.401	0.0330	0.000	0.090
24.484	0.0018	0.005	0.302	0.0402	0.001	0.168
24.489	0.0006	0.011	0.304	0.0250	0.002	0.187
24.494	0.0003	0.007	0.321	0.0149	0.078	0.329
24.499	0.0003	0.009	0.443	0.0114	0.198	0.370
24.504	0.0003	0.034	0.322	0.0159	0.161	0.457
24.509	0.0002	0.036	0.356	0.0197	0.148	0.473
24.514	0.0002	0.036	0.268	0.0132	0.354	0.436
24.519	0.0002	0.027	0.230	0.0090	0.310	0.496
24.524	0.0002	0.027	0.046	0.0181	0.206	0.607
24.529	0.0000	0.050	0.226	0.0263	0.227	0.332
24.534	0.0000	0.077	0.149	0.0168	0.341	0.257
24.539	0.0000	0.073	0.125	0.0227	0.632	0.330
24.544	0.0004	0.070	0.337	0.0234	0.525	0.224
24.549	0.0008	0.109	0.244	0.0105	0.638	0.204
24.554	0.0028	0.091	0.192	0.0191	0.502	0.245
24.559	0.0158	0.105	0.251	0.0135	0.400	0.245
24.564	0.0114	0.105	0.161	0.0180	0.348	0.285
24.569	0.0248	0.105	0.204	0.0145	0.356	0.295
24.574	0.0203	0.098	0.327	0.0182	0.575	0.282
24.579	0.0175	0.107	0.326	0.0122	0.561	0.294
24.584	0.0193	0.098	0.280	0.0124	0.332	0.336
24.589	0.0094	0.091	0.246	0.0155	0.317	0.327
24.594	0.0050	0.084	0.177	0.0180	0.276	0.283
24.599	0.0030	0.082	0.147	0.0171	0.244	0.269
24.604	0.0030	0.066	0.217	0.0224	0.225	0.289
24.609	0.0027	0.070	0.259	0.0138	0.198	0.297
24.614	0.0017	0.082	0.223	0.0130	0.246	0.277
24.619	0.0010	0.098	0.261	0.0243	0.159	0.239
24.624	0.0011	0.070	0.095	0.0456	0.050	0.193
24.629	0.0013	0.066	0.130	0.0479	0.006	0.108
24.634	0.0012	0.059	0.355	0.0278	0.000	0.029
24.639	0.0037	0.011	0.476	0.0267	0.000	0.021
24.644	0.0129	0.011	0.619	0.0146	0.001	0.023
24.649	0.0485	0.016	0.509	0.0169	0.001	0.022
24.654	0.0661	0.009	0.365	0.0209	0.001	0.021
24.659	0.0721	0.014	0.459	0.0330	0.001	0.023
24.664	0.0526	0.014	0.473	0.0156	0.001	0.022
24.669	0.0477	0.014	0.411	0.0218	0.001	0.023
24.674	0.0704	0.018	0.192	0.0406	0.001	0.034
24.679	0.0556	0.018	0.341	0.0286	0.003	0.036
24.684	0.0175	0.014	0.236	0.0284	0.001	0.035
24.689	0.0207	0.023	0.256	0.0271	0.001	0.035
24.694	0.0207	0.018	0.284	0.0309	0.001	0.033
24.699	0.0207	0.009	0.318	0.0284	0.001	0.036
24.704	0.0201	0.023	0.290	0.0283	0.001	0.040
24.709	0.0086	0.014	0.368	0.0398	0.001	0.044
24.714	0.0051	0.020	0.422	0.0397	0.000	0.039
24.719	0.0059	0.014	0.405	0.0215	0.000	0.037
24.724	0.0087	0.014	0.508	0.0321	0.000	0.041
24.729	0.0073	0.014	0.501	0.0416	0.000	0.042
24.734	0.0071	0.014	0.432	0.0368	0.000	0.056
24.739	0.0046	0.016	0.443	0.0490	0.000	0.073
24.744	0.0028	0.014	0.559	0.0244	0.001	0.114
24.749	0.0032	0.014	0.459	0.0383	0.001	0.131
24.754	0.0012	0.014	0.629	0.0374	0.001	0.157
24.759	0.0010	0.016	0.653	0.0152	0.001	0.191
24.764	0.0016	0.014	0.433	0.0281	0.006	0.276
24.769	0.0005	0.014	0.402	0.0368	0.008	0.290
24.774	0.0003	0.011	0.526	0.0140	0.012	0.338
24.779	0.0003	0.025	0.581	0.0392	0.010	0.338
24.784	0.0003	0.018	0.651	0.0261	0.010	0.373
24.789	0.0003	0.014	0.550	0.0188	0.017	0.391
24.794	0.0003	0.030	0.204	0.0303	0.027	0.406
24.799	0.0001	0.080	0.024	0.0762	0.007	0.309
24.804	0.0002	0.030	0.196	0.0535	0.000	0.082
24.809	0.0002	0.023	0.301	0.0332	0.000	0.037
24.814	0.0009	0.009	0.483	0.0163	0.000	0.021
24.819	0.0098	0.009	0.594	0.0151	0.000	0.017
24.824	0.0176	0.011	0.663	0.0115	0.000	0.017
24.829	0.0379	0.009	0.600	0.0178	0.000	0.017
24.834	0.0389	0.011	0.342	0.0233	0.000	0.020
24.839	0.0621	0.014	0.386	0.0391	0.000	0.023
24.844	0.0436	0.014	0.447	0.0209	0.000	0.024
24.849	0.0305	0.007	0.282	0.0230	0.001	0.030
24.854	0.0288	0.016	0.247	0.0246	0.001	0.040
24.859	0.0260	0.009	0.366	0.0427	0.001	0.044
24.863	0.0099	0.007	0.412	0.0288	0.000	0.038
24.868	0.0131	0.002	0.406	0.0265	0.000	0.033
24.873	0.0101	0.007	0.386	0.0239	0.000	0.039
24.878	0.0110	0.009	0.409	0.0365	0.000	0.039
24.883	0.0079	0.009	0.505	0.0184	0.000	0.046
24.888	0.0053	0.011	0.426	0.0319	0.000	0.066
24.893	0.0043	0.009	0.374	0.0389	0.000	0.077
24.898	0.0029	0.014	0.432	0.0379	0.000	0.084
24.903	0.0031	0.014	0.420	0.0483	0.000	0.073
24.908	0.0033	0.011	0.505	0.0406	0.000	0.071
24.913	0.0032	0.014	0.521	0.0459	0.000	0.067
24.918	0.0045	0.009	0.592	0.0307	0.000	0.065
24.923	0.0061	0.002	0.615	0.0237	0.000	0.079
24.928	0.0076	0.005	0.548	0.0176	0.000	0.101
24.933	0.0046	0.005	0.313	0.0346	0.001	0.136
24.938	0.0030	0.005	0.330	0.0384	0.002	0.177
24.943	0.0010	0.016	0.494	0.0263	0.002	0.199
24.948	0.0017	0.009	0.551	0.0166	0.003	0.251
24.953	0.0021	0.014	0.385	0.0267	0.012	0.378
24.958	0.0008	0.007	0.481	0.0177	0.023	0.408
24.963	0.0004	0.014	0.296	0.0175	0.073	0.400
24.968	0.0003	0.016	0.305	0.0146	0.172	0.447
24.973	0.0001	0.055	0.152	0.0229	0.208	0.485
24.978	0.0001	0.052	0.203	0.0193	0.195	0.467
24.983	0.0001	0.077	0.254	0.0354	0.180	0.454
24.988	0.0001	0.023	0.352	0.0334	0.062	0.369
24.993	0.0001	0.068	0.223	0.0203	0.028	0.337
24.998	0.0002	0.009	0.256	0.0287	0.048	0.397
25.003	0.0001	0.025	0.173	0.0347	0.090	0.416
25.008	0.0001	0.057	0.208	0.0158	0.074	0.425
25.013	0.0001	0.025	0.251	0.0153	0.114	0.508
25.018	0.0001	0.027	0.270	0.0200	0.239	0.556
25.023	0.0001	0.014	0.170	0.0183	0.236	0.524
25.028	0.0001	0.014	0.159	0.0141	0.229	0.528
25.033	0.0001	0.014	0.143	0.0183	0.165	0.488
25.038	0.0001	0.000	0.272	0.0296	0.125	0.474
25.043	0.0001	0.014	0.116	0.0122	0.168	0.519
25.048	0.0001	0.075	0.129	0.0141	0.315	0.563
25.053	0.0001	0.068	0.173	0.0161	0.252	0.563
25.058	0.0001	0.064	0.277	0.0094	0.302	0.596
25.063	0.0001	0.068	0.160	0.0141	0.422	0.647
25.068	0.0001	0.009	0.183	0.0126	0.345	0.635
25.073	0.0001	0.036	0.182	0.0106	0.427	0.662
25.078	0.0001	0.045	0.135	0.0148	0.432	0.671
25.083	0.0001	0.059	0.179	0.0188	0.176	0.605
25.088	0.0001	0.073	0.396	0.0188	0.130	0.567
25.093	0.0001	0.100	0.565	0.0178	0.113	0.561
25.098	0.0001	0.027	0.578	0.0116	0.102	0.548
25.103	0.0001	0.030	0.261	0.0173	0.301	0.510
25.108	0.0001	0.027	0.204	0.0098	0.410	0.473
25.113	0.0001	0.114	0.216	0.0152	0.246	0.484
25.118	0.0003	0.075	0.149	0.0226	0.160	0.465
25.123	0.0001	0.073	0.190	0.0190	0.049	0.340
25.128	0.0001	0.052	0.219	0.0119	0.035	0.329
25.133	0.0004	0.041	0.236	0.0190	0.062	0.417
25.138	0.0001	0.061	0.253	0.0098	0.066	0.441
25.143	0.0002	0.045	0.269	0.0133	0.070	0.468
25.148	0.0001	0.059	0.280	0.0152	0.113	0.520
25.153	0.0001	0.059	0.060	0.0268	0.652	0.557
25.158	0.0001	0.118	0.100	0.0114	0.776	0.479
25.163	0.0001	0.166	0.150	0.0115	0.919	0.442
25.168	0.0005	0.152	0.152	0.0127	0.945	0.444
25.173	0.0021	0.202	0.197	0.0123	0.937	0.416
25.178	0.0028	0.191	0.155	0.0133	0.950	0.388
25.183	0.0056	0.198	0.161	0.0111	0.953	0.382
25.188	0.0083	0.186	0.171	0.0121	0.939	0.390
25.193	0.0089	0.191	0.211	0.0146	0.940	0.376
25.198	0.0076	0.159	0.203	0.0133	0.941	0.347
25.203	0.0084	0.168	0.176	0.0128	0.906	0.378
25.208	0.0115	0.139	0.262	0.0135	0.891	0.381
25.213	0.0103	0.161	0.344	0.0153	0.932	0.345
25.218	0.0126	0.148	0.355	0.0132	0.944	0.310
25.223	0.0132	0.127	0.292	0.0138	0.920	0.308
25.228	0.0111	0.123	0.191	0.0127	0.881	0.326
25.233	0.0068	0.141	0.178	0.0151	0.809	0.343
25.238	0.0032	0.143	0.228	0.0133	0.828	0.349
25.243	0.0024	0.145	0.208	0.0138	0.852	0.358
25.248	0.0016	0.134	0.189	0.0121	0.884	0.383
25.253	0.0018	0.148	0.184	0.0150	0.823	0.402
25.258	0.0008	0.139	0.329	0.0110	0.845	0.398
25.263	0.0010	0.132	0.327	0.0129	0.876	0.453
25.268	0.0010	0.143	0.217	0.0121	0.847	0.459
25.273	0.0007	0.141	0.265	0.0162	0.773	0.489
25.278	0.0004	0.141	0.253	0.0255	0.509	0.403
25.283	0.0004	0.116	0.451	0.0756	0.012	0.143
25.288	0.0004	0.059	0.597	0.0401	0.001	0.058
25.293	0.0009	0.011	0.674	0.0396	0.000	0.022
25.298	0.0092	0.007	0.787	0.0231	0.000	0.010
25.302	0.0168	0.007	0.754	0.0175	0.000	0.006
25.307	0.0385	0.011	0.735	0.0327	0.000	0.006
25.312	0.0303	0.011	0.738	0.0299	0.000	0.005
25.317	0.0254	0.005	0.671	0.0176	0.000	0.005
25.322	0.0267	0.009	0.314	0.0469	0.000	0.012
25.327	0.0154	0.005	0.403	0.0476	0.000	0.012
25.332	0.0053	0.009	0.701	0.0185	0.000	0.016
25.337	0.0106	0.011	0.668	0.0259	0.000	0.018
25.342	0.0110	0.009	0.489	0.0429	0.000	0.029
25.347	0.0052	0.011	0.453	0.0640	0.000	0.044
25.352	0.0035	0.014	0.519	0.0527	0.000	0.044
25.357	0.0024	0.014	0.638	0.0384	0.000	0.054
25.362	0.0023	0.009	0.607	0.0270	0.000	0.069
25.367	0.0021	0.014	0.575	0.0391	0.000	0.080
25.372	0.0015	0.009	0.456	0.0584	0.001	0.158
25.377	0.0006	0.016	0.690	0.0268	0.001	0.169
25.382	0.0006	0.018	0.688	0.0242	0.003	0.220
25.387	0.0007	0.018	0.658	0.0193	0.005	0.260
25.392	0.0007	0.020	0.697	0.0201	0.006	0.298
25.397	0.0006	0.011	0.689	0.0129	0.009	0.311
25.402	0.0006	0.016	0.569	0.0167	0.025	0.364
25.407	0.0003	0.034	0.498	0.0122	0.048	0.390
25.412	0.0003	0.034	0.247	0.0160	0.120	0.476
25.417	0.0002	0.064	0.255	0.0163	0.122	0.472
25.422	0.0001	0.070	0.224	0.0108	0.118	0.471
25.427	0.0002	0.086	0.169	0.0171	0.151	0.501
25.432	0.0001	0.077	0.226	0.0183	0.140	0.482
25.437	0.0001	0.086	0.298	0.0174	0.090	0.452
25.442	0.0001	0.082	0.238	0.0168	0.093	0.452
25.447	0.0002	0.059	0.157	0.0133	0.115	0.471
25.452	0.0001	0.050	0.157	0.0133	0.115	0.471
25.457	0.0002	0.086	0.157	0.0133	0.115	0.471
25.462	0.0002	0.057	0.157	0.0133	0.115	0.471
25.467	0.0001	0.011	0.157	0.0133	0.115	0.471


##### CLIP 12  (file=zencastr-en_606b213bf79637001587fcad-00002_53.wav, duration=24.060s, sr=48000) #####

trail_thresh=0.00434  speech_thresh=0.00621

--- GOLD TOKENS (idx, text, start_s, end_s) ---
0	that	0.0470	0.2100
1	she	0.2130	0.5610
2	or	0.5840	0.7560
3	to	0.7630	0.9280
4	like	0.9290	1.1120
5	insinuate	1.1760	1.8990
6	that	1.9010	2.0011
7	a	2.0021	2.1370
8	girl	2.1390	2.4600
9	is	2.4620	2.5510
10	also	2.5520	2.9190
11	doing	2.9662	3.2212
12	it	3.2310	3.3660
13	it's	3.3680	3.5390
14	like	3.5410	3.6980
15	they're	3.7000	3.8532
16	all	3.8542	4.2040
17	doing	4.2270	4.6099
18	it	4.6109	5.0460
19	but	5.1450	5.5826
20	it's	5.7740	5.9920
21	this	5.9940	6.1640
22	cloak	6.3130	6.8009
23	right	6.8019	7.0200
24	that	7.0390	7.1740
25	we	7.1760	7.2784
26	live	7.2794	7.4741
27	under	7.4751	7.7130
28	that's	7.7150	7.9130
29	like	7.9150	8.0620
30	no	8.0650	8.1820
31	no	8.1840	8.4340
32	girls	8.4930	8.7440
33	aren't	8.7460	8.8839
34	allowed	8.8849	9.2140
35	to	9.2160	9.4620
36	((ever))	9.7220	10.6970
37	do	10.7650	10.8649
38	anything	10.8659	11.1890
39	for	11.1910	11.3410
40	themselves	11.3430	12.0400
41	but	12.6250	12.7800
42	you're	12.7820	13.1000
43	like	13.1020	13.3010
44	watching	13.6160	14.2350
45	women	14.2370	14.7487
46	again	14.7497	15.2270
47	not	15.2290	15.7340
48	you're	16.0120	16.3080
49	too	16.3100	16.4848
50	young	16.4858	16.7440
51	too	16.9000	17.1051
52	young	17.1061	17.4800
53	to	17.5850	17.6796
54	know	17.6806	17.8790
55	this	17.8810	18.0650
56	but	18.1600	18.4130
57	you're	18.4150	18.6250
58	getting	18.6270	18.9101
59	an	18.9111	18.9933
60	idea	18.9943	19.4380
61	that	19.4570	19.5870
62	like	19.5890	19.7660
63	no	19.7950	20.2240
64	i	20.3330	20.5060
65	can	20.6140	20.7844
66	see	20.7854	21.1750
67	that	21.1960	21.4080
68	this	21.4662	21.6827
69	is	21.6916	21.8370
70	something	21.8390	22.4830
71	that	22.8450	22.9547
72	happens	22.9557	23.5460
73	too	23.5721	23.9220

--- RAW CTC (wav2vec2 forced-align, PRE-heuristic-refinement; idx, ctc_word_text, word_start_s, word_end_s, word_score, pipe_start_s, pipe_end_s) ---
0	that	0.0600	0.2002	9.711	0.2202	0.2602
1	she	0.3603	0.4804	12.137	0.5404	0.5805
2	or	0.6405	0.7006	10.323	0.7606	0.8007
3	to	0.8007	0.8607	7.540	0.9007	0.9208
4	like	0.9408	1.0809	9.485	1.0809	1.1610
5	insinuate	1.2410	1.8615	11.357	1.8615	1.9016
6	that	1.9016	2.0017	10.596	2.0217	2.0617
7	a	2.0617	2.1017	10.310	2.1017	2.1418
8	girl	2.1418	2.3620	13.091	2.3820	2.4220
9	is	2.4620	2.5221	11.648	2.5421	2.5821
10	also	2.6022	2.8424	12.057	2.8624	2.9224
11	doing	2.9424	3.2227	8.560	3.2227	3.2627
12	it	3.2827	3.3628	6.265	3.3628	3.4028
13	it's	3.4228	3.5229	8.747	3.5229	3.5429
14	like	3.5429	3.6630	8.156	3.6630	3.7031
15	they're	3.7031	3.9233	10.675	3.9233	3.9833
16	all	4.0033	4.1234	11.065	4.1434	4.1835
17	doing	4.2435	4.5838	11.903	4.6038	4.6639
18	it	4.7439	4.8040	9.549	4.8040	4.8640
19	but	5.1643	5.4445	11.053	5.4445	5.5046
20	it's	5.8248	5.9449	11.776	5.9449	5.9850
21	this	6.0050	6.1451	11.106	6.1451	6.2052
22	cloak	6.3653	6.7456	9.888	6.7856	6.8057
23	right	6.8457	7.0058	8.108	7.0258	7.0459
24	that	7.0459	7.1660	10.401	7.1660	7.2060
25	we	7.2060	7.2460	11.913	7.2861	7.3461
26	live	7.3461	7.4862	12.488	7.4862	7.5263
27	under	7.5463	7.6664	10.448	7.6864	7.7264
28	that's	7.7264	7.9066	9.653	7.9066	7.9266
29	like	7.9266	8.0467	8.619	8.0467	8.0867
30	no	8.1067	8.1668	7.451	8.2068	8.2268
31	no	8.2268	8.3269	6.309	8.4270	8.4670
32	girls	8.4670	8.7273	12.200	8.7273	8.7673
33	aren't	8.7673	8.9274	11.138	8.9274	8.9675
34	allowed	8.9675	9.1876	12.729	9.1876	9.2277
35	to	9.2277	9.3478	9.490	9.4278	9.4679
36	((ever))	10.1084	10.5688	5.240	10.6689	10.6889
37	do	10.7489	10.8290	10.695	10.8690	10.8891
38	anything	10.9291	11.1693	11.917	11.1893	11.2093
39	for	11.2293	11.3094	11.211	11.3094	11.3494
40	themselves	11.3695	12.0300	10.387	12.0300	12.0500
41	but	12.6305	12.7506	10.864	12.7506	12.8106
42	you're	12.8106	13.0709	11.636	13.0709	13.1309
43	like	13.1309	13.2910	12.323	13.3111	13.3711
44	watching	13.6714	14.1518	11.680	14.1518	14.2118
45	women	14.2518	14.6522	12.396	14.6522	14.7923
46	again	14.8724	15.1126	10.842	15.1326	15.2527
47	not	15.3728	15.6130	8.358	15.6530	15.6730
48	you're	16.0133	16.2735	8.157	16.2735	16.3136
49	too	16.3336	16.4737	10.887	16.4937	16.5137
50	young	16.5137	16.7339	13.154	16.7539	16.7940
51	too	16.9141	17.0742	11.059	17.0942	17.1342
52	young	17.1543	17.3744	13.863	17.3744	17.4345
53	to	17.5746	17.6747	11.427	17.6747	17.6947
54	know	17.7147	17.8348	13.057	17.8548	17.8949
55	this	17.8949	18.0550	11.048	18.0550	18.0950
56	but	18.1751	18.3753	10.853	18.3753	18.4353
57	you're	18.4353	18.6155	11.670	18.6155	18.6555
58	getting	18.6555	18.9157	11.774	18.9157	18.9758
59	an	18.9758	19.0158	10.260	19.0158	19.0759
60	idea	19.0959	19.3761	11.583	19.3961	19.4762
61	that	19.4762	19.5763	9.768	19.5963	19.6363
62	like	19.6363	19.7564	8.857	19.7764	19.7965
63	no	19.8565	20.0567	8.934	20.1568	20.1968
64	i	20.4370	20.4570	11.022	20.5171	20.5371
65	can	20.5771	20.7172	11.791	20.7773	20.8173
66	see	20.8974	21.0975	11.934	21.1376	21.1776
67	that	21.2176	21.3978	10.346	21.4178	21.4578
68	this	21.4779	21.6380	11.175	21.6580	21.6980
69	is	21.7581	21.7981	10.294	21.8181	21.8582
70	something	21.8582	22.3386	11.723	22.3786	22.4387
71	that	22.8590	22.9791	10.278	22.9991	23.0392
72	happens	23.0392	23.4595	11.866	23.4795	23.5196
73	too	23.5796	23.9199	8.078		

--- WHISPER (Groq) OUTPUT (word, start_s, end_s) [independent ASR pass, own word segmentation -- not index-aligned to gold/CTC] ---
that	0.000	0.180
she	0.180	0.500
or	0.500	0.720
to	0.720	0.940
like	0.940	1.100
insinuate	1.100	1.740
that	1.740	2.000
a	2.000	2.100
girl	2.100	2.340
is	2.340	2.540
also	2.540	2.820
doing	2.820	3.200
it	3.200	3.360
it's	3.360	3.560
like	3.560	3.660
they're	3.660	3.860
all	3.860	4.100
doing	4.100	4.480
it	4.480	4.840
but	4.360	5.440
it's	5.440	5.980
this	5.980	6.220
cloak	6.220	6.720
right	6.720	7.000
that	7.000	7.160
we	7.160	7.280
live	7.280	7.500
under	7.500	7.680
that's	7.680	7.920
like	7.920	8.060
no	8.060	8.220
no	8.220	8.360
girls	8.360	8.700
aren't	8.700	8.920
allowed	8.920	9.140
to	9.140	9.420
do	8.980	10.820
anything	10.820	11.140
for	11.140	11.360
themselves	11.360	12.020
but	12.020	12.740
you're	12.740	13.060
like	13.060	13.300
watching	13.300	14.040
women	14.040	14.500
again	14.500	15.060
not	15.060	15.640
too	15.640	16.440
young	16.440	16.760
too	16.760	17.020
young	17.020	17.360
to	16.880	17.700
know	17.700	17.860
this	17.860	18.080
but	18.080	18.380
you're	18.380	18.560
getting	18.560	18.860
an	18.860	19.060
idea	19.060	19.380
that	19.380	19.580
like	19.580	19.780
no	19.780	20.060
I	20.060	20.440
can	20.440	20.720
see	20.720	21.080
that	21.080	21.380
this	21.380	21.640
is	21.640	21.800
something	21.800	22.160
that	22.160	22.940
happens	22.940	23.400
too	22.980	24.260

--- SIGNAL TRACE (hop=5ms; time_s, rms, zcr, voicing, spectral_flux, hf_ratio, spectral_flatness) ---
0.000	0.0000	0.229	0.075	0.0000	0.536	0.709
0.005	0.0000	0.221	0.408	0.0460	0.083	0.558
0.010	0.0000	0.158	0.186	0.0604	0.006	0.311
0.015	0.0001	0.029	0.469	0.0527	0.001	0.159
0.020	0.0002	0.023	0.502	0.0615	0.000	0.088
0.025	0.0011	0.004	0.671	0.0307	0.000	0.065
0.030	0.0022	0.004	0.719	0.0216	0.000	0.050
0.035	0.0043	0.002	0.654	0.0411	0.000	0.048
0.040	0.0047	0.004	0.662	0.0319	0.000	0.053
0.045	0.0034	0.004	0.689	0.0213	0.000	0.059
0.050	0.0039	0.004	0.720	0.0191	0.000	0.061
0.055	0.0058	0.002	0.683	0.0076	0.000	0.060
0.060	0.0062	0.004	0.644	0.0165	0.000	0.073
0.065	0.0049	0.004	0.693	0.0219	0.000	0.088
0.070	0.0068	0.004	0.542	0.0270	0.001	0.091
0.075	0.0108	0.004	0.531	0.0334	0.001	0.080
0.080	0.0110	0.002	0.543	0.0162	0.000	0.054
0.085	0.0087	0.017	0.556	0.0202	0.001	0.047
0.090	0.0093	0.015	0.669	0.0174	0.003	0.053
0.095	0.0158	0.008	0.666	0.0128	0.005	0.054
0.100	0.0312	0.013	0.677	0.0132	0.006	0.054
0.105	0.0428	0.029	0.687	0.0127	0.006	0.052
0.110	0.0609	0.025	0.667	0.0107	0.006	0.046
0.115	0.0742	0.017	0.657	0.0165	0.006	0.042
0.120	0.0612	0.015	0.650	0.0099	0.008	0.042
0.125	0.0535	0.017	0.612	0.0119	0.010	0.040
0.130	0.0508	0.015	0.474	0.0154	0.016	0.037
0.135	0.0524	0.013	0.456	0.0206	0.020	0.038
0.140	0.0547	0.023	0.443	0.0214	0.024	0.040
0.145	0.0444	0.015	0.380	0.0255	0.027	0.039
0.150	0.0186	0.023	0.295	0.0213	0.020	0.040
0.155	0.0322	0.021	0.391	0.0291	0.014	0.048
0.160	0.0373	0.019	0.523	0.0260	0.008	0.047
0.165	0.0389	0.017	0.538	0.0293	0.007	0.056
0.170	0.0234	0.015	0.635	0.0281	0.006	0.072
0.175	0.0284	0.010	0.547	0.0601	0.001	0.089
0.180	0.0160	0.010	0.410	0.0461	0.001	0.102
0.185	0.0075	0.010	0.426	0.0190	0.002	0.103
0.190	0.0049	0.017	0.615	0.0237	0.001	0.139
0.195	0.0062	0.008	0.316	0.0386	0.003	0.176
0.200	0.0025	0.015	0.392	0.0211	0.003	0.182
0.205	0.0011	0.031	0.188	0.0442	0.003	0.175
0.210	0.0019	0.013	0.270	0.0265	0.001	0.119
0.215	0.0006	0.019	0.304	0.0162	0.002	0.099
0.220	0.0011	0.013	0.301	0.0236	0.008	0.117
0.225	0.0052	0.027	0.325	0.0202	0.028	0.136
0.230	0.0063	0.025	0.398	0.0135	0.149	0.144
0.235	0.0060	0.046	0.233	0.0128	0.236	0.149
0.240	0.0065	0.065	0.283	0.0195	0.237	0.129
0.245	0.0069	0.090	0.212	0.0135	0.322	0.115
0.250	0.0094	0.077	0.232	0.0189	0.273	0.120
0.255	0.0083	0.085	0.224	0.0143	0.322	0.110
0.260	0.0096	0.085	0.223	0.0177	0.423	0.095
0.265	0.0090	0.100	0.263	0.0195	0.317	0.093
0.270	0.0093	0.083	0.232	0.0118	0.211	0.090
0.275	0.0106	0.085	0.165	0.0172	0.405	0.093
0.280	0.0096	0.096	0.209	0.0145	0.502	0.087
0.285	0.0118	0.085	0.172	0.0157	0.377	0.092
0.290	0.0097	0.087	0.152	0.0182	0.498	0.096
0.295	0.0098	0.090	0.165	0.0151	0.501	0.085
0.300	0.0054	0.094	0.181	0.0161	0.424	0.095
0.305	0.0115	0.092	0.189	0.0131	0.504	0.095
0.310	0.0100	0.094	0.168	0.0152	0.505	0.086
0.315	0.0097	0.094	0.170	0.0145	0.436	0.084
0.320	0.0134	0.090	0.159	0.0143	0.578	0.094
0.325	0.0138	0.113	0.205	0.0179	0.579	0.095
0.330	0.0125	0.102	0.206	0.0138	0.564	0.092
0.335	0.0110	0.100	0.163	0.0153	0.482	0.099
0.340	0.0115	0.096	0.180	0.0180	0.394	0.095
0.345	0.0095	0.102	0.225	0.0184	0.365	0.087
0.350	0.0144	0.094	0.153	0.0149	0.485	0.091
0.355	0.0142	0.098	0.158	0.0136	0.629	0.092
0.360	0.0107	0.117	0.153	0.0163	0.726	0.098
0.365	0.0113	0.121	0.224	0.0146	0.615	0.091
0.370	0.0090	0.106	0.235	0.0151	0.492	0.086
0.375	0.0097	0.094	0.174	0.0128	0.529	0.088
0.380	0.0144	0.113	0.144	0.0142	0.602	0.086
0.385	0.0097	0.104	0.146	0.0151	0.565	0.086
0.390	0.0111	0.104	0.168	0.0179	0.500	0.091
0.395	0.0090	0.119	0.304	0.0166	0.430	0.090
0.400	0.0077	0.096	0.325	0.0144	0.439	0.087
0.405	0.0082	0.094	0.272	0.0179	0.416	0.084
0.410	0.0089	0.096	0.127	0.0163	0.322	0.096
0.415	0.0058	0.094	0.216	0.0262	0.267	0.093
0.420	0.0043	0.090	0.406	0.0398	0.053	0.096
0.425	0.0072	0.058	0.528	0.0391	0.011	0.082
0.430	0.0101	0.031	0.637	0.0296	0.001	0.054
0.435	0.0175	0.008	0.692	0.0188	0.001	0.048
0.440	0.0335	0.008	0.738	0.0111	0.002	0.046
0.445	0.0416	0.008	0.751	0.0086	0.002	0.045
0.450	0.0521	0.008	0.739	0.0091	0.002	0.042
0.455	0.0579	0.008	0.754	0.0124	0.002	0.040
0.460	0.0610	0.008	0.753	0.0113	0.003	0.043
0.465	0.0608	0.008	0.766	0.0108	0.004	0.046
0.470	0.0589	0.010	0.775	0.0200	0.004	0.051
0.475	0.0561	0.008	0.735	0.0150	0.003	0.054
0.480	0.0539	0.008	0.742	0.0125	0.005	0.054
0.485	0.0612	0.013	0.677	0.0134	0.009	0.054
0.490	0.0618	0.006	0.599	0.0133	0.014	0.061
0.495	0.0444	0.013	0.586	0.0200	0.020	0.059
0.500	0.0386	0.021	0.542	0.0174	0.026	0.056
0.505	0.0185	0.027	0.431	0.0250	0.024	0.065
0.510	0.0190	0.027	0.473	0.0223	0.011	0.079
0.515	0.0157	0.015	0.583	0.0219	0.009	0.081
0.520	0.0324	0.017	0.541	0.0354	0.002	0.086
0.525	0.0157	0.008	0.700	0.0405	0.001	0.090
0.530	0.0148	0.010	0.603	0.0323	0.000	0.100
0.535	0.0116	0.008	0.489	0.0244	0.001	0.130
0.540	0.0059	0.010	0.494	0.0303	0.001	0.108
0.545	0.0026	0.008	0.522	0.0477	0.001	0.117
0.550	0.0077	0.013	0.509	0.0253	0.001	0.156
0.555	0.0039	0.010	0.374	0.0483	0.003	0.199
0.560	0.0019	0.015	0.457	0.0370	0.004	0.246
0.565	0.0015	0.010	0.599	0.0246	0.006	0.264
0.570	0.0011	0.008	0.486	0.0146	0.015	0.351
0.575	0.0004	0.015	0.514	0.0375	0.013	0.301
0.580	0.0003	0.017	0.089	0.0823	0.000	0.085
0.585	0.0004	0.013	0.337	0.0273	0.000	0.047
0.590	0.0010	0.008	0.441	0.0346	0.000	0.035
0.595	0.0186	0.013	0.543	0.0403	0.000	0.033
0.600	0.0138	0.010	0.449	0.0330	0.000	0.027
0.605	0.0255	0.010	0.265	0.0333	0.000	0.028
0.610	0.0402	0.013	0.530	0.0357	0.000	0.030
0.615	0.0294	0.013	0.700	0.0166	0.000	0.032
0.620	0.0369	0.015	0.750	0.0177	0.001	0.032
0.625	0.0366	0.008	0.779	0.0106	0.001	0.031
0.630	0.0367	0.008	0.771	0.0116	0.001	0.031
0.635	0.0370	0.010	0.784	0.0101	0.001	0.031
0.640	0.0394	0.008	0.745	0.0088	0.002	0.029
0.645	0.0402	0.010	0.739	0.0118	0.002	0.028
0.650	0.0479	0.008	0.734	0.0117	0.002	0.026
0.655	0.0497	0.015	0.706	0.0170	0.002	0.023
0.660	0.0545	0.015	0.720	0.0215	0.002	0.023
0.665	0.0827	0.015	0.720	0.0152	0.002	0.021
0.670	0.0923	0.021	0.622	0.0192	0.003	0.021
0.675	0.1054	0.017	0.599	0.0352	0.003	0.019
0.680	0.0657	0.015	0.705	0.0165	0.002	0.018
0.685	0.0743	0.023	0.661	0.0140	0.002	0.020
0.690	0.0791	0.027	0.584	0.0196	0.003	0.021
0.695	0.0525	0.015	0.693	0.0141	0.003	0.021
0.700	0.0451	0.015	0.653	0.0177	0.004	0.023
0.705	0.0434	0.023	0.661	0.0172	0.003	0.021
0.710	0.0381	0.029	0.488	0.0185	0.002	0.027
0.715	0.0424	0.029	0.337	0.0240	0.001	0.034
0.720	0.0311	0.010	0.332	0.0771	0.000	0.047
0.725	0.0070	0.013	0.638	0.0295	0.000	0.047
0.730	0.0099	0.004	0.622	0.0220	0.000	0.050
0.735	0.0103	0.008	0.539	0.0360	0.000	0.051
0.740	0.0082	0.004	0.465	0.0276	0.000	0.061
0.745	0.0070	0.017	0.435	0.0211	0.000	0.062
0.750	0.0049	0.008	0.595	0.0201	0.000	0.088
0.755	0.0039	0.013	0.448	0.0181	0.002	0.125
0.760	0.0034	0.017	0.209	0.0184	0.427	0.244
0.765	0.0016	0.019	0.146	0.0081	0.654	0.233
0.770	0.0013	0.056	0.163	0.0130	0.800	0.220
0.775	0.0089	0.117	0.170	0.0119	0.835	0.209
0.780	0.0066	0.135	0.141	0.0122	0.819	0.169
0.785	0.0068	0.129	0.104	0.0134	0.787	0.135
0.790	0.0066	0.117	0.113	0.0166	0.489	0.143
0.795	0.0043	0.113	0.394	0.0416	0.141	0.130
0.800	0.0037	0.090	0.595	0.0375	0.021	0.085
0.805	0.0059	0.033	0.684	0.0252	0.006	0.071
0.810	0.0140	0.006	0.760	0.0127	0.002	0.054
0.815	0.0188	0.008	0.728	0.0190	0.001	0.050
0.820	0.0245	0.004	0.745	0.0140	0.001	0.038
0.825	0.0269	0.004	0.751	0.0128	0.000	0.036
0.830	0.0300	0.013	0.703	0.0180	0.000	0.030
0.835	0.0223	0.019	0.625	0.0275	0.000	0.027
0.840	0.0246	0.008	0.564	0.0272	0.000	0.024
0.845	0.0219	0.015	0.580	0.0170	0.001	0.023
0.850	0.0316	0.013	0.583	0.0218	0.003	0.025
0.855	0.0281	0.013	0.615	0.0161	0.003	0.026
0.860	0.0294	0.010	0.700	0.0082	0.005	0.025
0.865	0.0319	0.013	0.738	0.0079	0.005	0.028
0.870	0.0360	0.015	0.700	0.0099	0.008	0.034
0.875	0.0322	0.017	0.713	0.0070	0.010	0.036
0.880	0.0388	0.025	0.696	0.0086	0.009	0.042
0.885	0.0349	0.013	0.680	0.0153	0.009	0.046
0.890	0.0309	0.010	0.639	0.0103	0.010	0.044
0.895	0.0246	0.010	0.598	0.0191	0.011	0.040
0.900	0.0178	0.021	0.561	0.0202	0.008	0.035
0.905	0.0163	0.013	0.523	0.0260	0.008	0.031
0.910	0.0186	0.017	0.592	0.0188	0.006	0.032
0.915	0.0216	0.017	0.596	0.0146	0.004	0.031
0.920	0.0285	0.015	0.648	0.0162	0.004	0.032
0.925	0.0364	0.013	0.630	0.0066	0.007	0.035
0.930	0.0156	0.019	0.651	0.0071	0.011	0.034
0.935	0.0236	0.013	0.670	0.0094	0.016	0.034
0.940	0.0304	0.015	0.653	0.0091	0.022	0.035
0.945	0.0386	0.019	0.606	0.0115	0.026	0.036
0.950	0.0376	0.017	0.579	0.0164	0.026	0.035
0.955	0.0260	0.021	0.608	0.0166	0.028	0.032
0.960	0.0296	0.019	0.648	0.0108	0.030	0.032
0.965	0.0355	0.021	0.611	0.0114	0.027	0.032
0.970	0.0445	0.019	0.609	0.0127	0.025	0.032
0.975	0.0563	0.019	0.586	0.0132	0.027	0.034
0.980	0.0585	0.023	0.508	0.0150	0.036	0.033
0.985	0.0535	0.019	0.505	0.0207	0.045	0.034
0.990	0.0269	0.027	0.552	0.0178	0.053	0.038
0.995	0.0290	0.031	0.554	0.0131	0.047	0.043
1.000	0.0272	0.037	0.526	0.0168	0.027	0.047
1.005	0.0277	0.021	0.539	0.0184	0.021	0.045
1.010	0.0290	0.019	0.596	0.0154	0.011	0.052
1.015	0.0414	0.021	0.616	0.0142	0.008	0.052
1.020	0.0581	0.010	0.536	0.0172	0.009	0.058
1.025	0.0476	0.015	0.376	0.0229	0.009	0.075
1.030	0.0213	0.033	0.272	0.0345	0.003	0.081
1.035	0.0097	0.023	0.424	0.0302	0.001	0.093
1.040	0.0052	0.027	0.453	0.0166	0.002	0.135
1.045	0.0072	0.010	0.447	0.0353	0.004	0.154
1.050	0.0047	0.006	0.446	0.0185	0.016	0.229
1.055	0.0032	0.017	0.343	0.0175	0.081	0.291
1.060	0.0021	0.054	0.507	0.0253	0.044	0.313
1.065	0.0012	0.079	0.652	0.0162	0.027	0.306
1.070	0.0017	0.052	0.668	0.0212	0.012	0.279
1.075	0.0017	0.015	0.559	0.0145	0.013	0.268
1.080	0.0017	0.023	0.339	0.0204	0.033	0.314
1.085	0.0006	0.025	0.061	0.0397	0.028	0.304
1.090	0.0004	0.019	0.331	0.0083	0.043	0.198
1.095	0.0006	0.035	0.317	0.0101	0.050	0.212
1.100	0.0030	0.065	0.302	0.0168	0.057	0.235
1.105	0.0035	0.085	0.153	0.0135	0.128	0.269
1.110	0.0017	0.087	0.193	0.0169	0.245	0.340
1.115	0.0008	0.090	0.143	0.0167	0.161	0.404
1.120	0.0004	0.094	0.338	0.0144	0.112	0.451
1.125	0.0003	0.073	0.460	0.0122	0.115	0.456
1.130	0.0003	0.081	0.421	0.0086	0.191	0.501
1.135	0.0003	0.106	0.264	0.0101	0.281	0.563
1.140	0.0002	0.160	0.345	0.0177	0.278	0.577
1.145	0.0001	0.127	0.457	0.0095	0.238	0.551
1.150	0.0001	0.140	0.413	0.0091	0.294	0.575
1.155	0.0001	0.140	0.379	0.0086	0.364	0.615
1.160	0.0001	0.175	0.369	0.0119	0.368	0.632
1.165	0.0001	0.167	0.345	0.0281	0.117	0.555
1.170	0.0001	0.148	0.014	0.0601	0.018	0.161
1.175	0.0001	0.042	0.353	0.0144	0.017	0.064
1.180	0.0001	0.050	0.418	0.0234	0.012	0.055
1.185	0.0028	0.035	0.338	0.0220	0.009	0.056
1.190	0.0170	0.031	0.369	0.0307	0.013	0.051
1.195	0.0258	0.029	0.517	0.0183	0.016	0.049
1.200	0.0215	0.033	0.683	0.0163	0.016	0.049
1.205	0.0266	0.033	0.719	0.0155	0.011	0.048
1.210	0.0253	0.027	0.741	0.0126	0.007	0.055
1.215	0.0270	0.023	0.753	0.0170	0.005	0.061
1.220	0.0314	0.019	0.675	0.0191	0.003	0.061
1.225	0.0268	0.013	0.640	0.0233	0.003	0.074
1.230	0.0156	0.019	0.657	0.0247	0.002	0.075
1.235	0.0100	0.008	0.710	0.0256	0.001	0.067
1.240	0.0103	0.004	0.762	0.0118	0.000	0.053
1.245	0.0142	0.013	0.768	0.0064	0.000	0.052
1.250	0.0205	0.015	0.748	0.0125	0.000	0.049
1.255	0.0219	0.015	0.751	0.0057	0.000	0.043
1.260	0.0232	0.015	0.752	0.0094	0.000	0.041
1.265	0.0228	0.013	0.750	0.0108	0.000	0.038
1.270	0.0236	0.008	0.764	0.0133	0.000	0.038
1.275	0.0249	0.008	0.749	0.0108	0.000	0.037
1.280	0.0260	0.008	0.769	0.0254	0.000	0.038
1.285	0.0249	0.008	0.760	0.0072	0.000	0.040
1.290	0.0240	0.008	0.760	0.0154	0.000	0.041
1.295	0.0217	0.004	0.766	0.0258	0.000	0.039
1.300	0.0214	0.010	0.787	0.0111	0.000	0.048
1.305	0.0202	0.004	0.765	0.0083	0.000	0.068
1.310	0.0192	0.004	0.564	0.0165	0.026	0.137
1.315	0.0141	0.004	0.413	0.0177	0.154	0.183
1.320	0.0083	0.029	0.400	0.0133	0.458	0.201
1.325	0.0084	0.083	0.244	0.0141	0.705	0.205
1.330	0.0061	0.125	0.117	0.0170	0.950	0.191
1.335	0.0051	0.208	0.140	0.0164	0.989	0.166
1.340	0.0070	0.225	0.165	0.0127	0.989	0.160
1.345	0.0068	0.221	0.158	0.0138	0.991	0.162
1.350	0.0063	0.219	0.142	0.0144	0.997	0.156
1.355	0.0060	0.185	0.146	0.0143	0.998	0.146
1.360	0.0077	0.208	0.158	0.0142	0.997	0.154
1.365	0.0066	0.204	0.141	0.0135	0.997	0.167
1.370	0.0065	0.219	0.131	0.0153	0.999	0.158
1.375	0.0057	0.198	0.170	0.0116	0.999	0.167
1.380	0.0080	0.210	0.145	0.0146	0.998	0.167
1.385	0.0060	0.204	0.130	0.0122	0.997	0.159
1.390	0.0058	0.223	0.134	0.0151	0.996	0.165
1.395	0.0046	0.217	0.131	0.0122	0.996	0.161
1.400	0.0048	0.221	0.134	0.0127	0.997	0.167
1.405	0.0057	0.237	0.134	0.0135	0.997	0.173
1.410	0.0048	0.223	0.118	0.0116	0.998	0.180
1.415	0.0061	0.219	0.107	0.0134	0.997	0.176
1.420	0.0052	0.223	0.143	0.0139	0.995	0.185
1.425	0.0049	0.221	0.133	0.0118	0.994	0.180
1.430	0.0046	0.219	0.163	0.0131	0.992	0.173
1.435	0.0053	0.208	0.139	0.0094	0.988	0.179
1.440	0.0074	0.194	0.166	0.0107	0.987	0.185
1.445	0.0067	0.202	0.199	0.0106	0.972	0.192
1.450	0.0050	0.177	0.307	0.0549	0.198	0.195
1.455	0.0032	0.152	0.483	0.0650	0.012	0.123
1.460	0.0034	0.031	0.679	0.0338	0.001	0.067
1.465	0.0162	0.013	0.741	0.0224	0.000	0.056
1.470	0.0311	0.010	0.707	0.0154	0.001	0.054
1.475	0.0360	0.008	0.635	0.0167	0.002	0.053
1.480	0.0288	0.010	0.560	0.0206	0.007	0.054
1.485	0.0208	0.017	0.661	0.0148	0.010	0.058
1.490	0.0148	0.017	0.721	0.0090	0.012	0.063
1.495	0.0153	0.021	0.732	0.0088	0.012	0.059
1.500	0.0141	0.031	0.713	0.0051	0.015	0.066
1.505	0.0138	0.033	0.716	0.0065	0.016	0.068
1.510	0.0124	0.025	0.731	0.0094	0.016	0.076
1.515	0.0091	0.029	0.736	0.0080	0.016	0.079
1.520	0.0104	0.017	0.734	0.0061	0.018	0.080
1.525	0.0091	0.017	0.733	0.0085	0.017	0.081
1.530	0.0105	0.025	0.727	0.0100	0.013	0.082
1.535	0.0103	0.019	0.746	0.0101	0.009	0.082
1.540	0.0096	0.021	0.739	0.0111	0.004	0.080
1.545	0.0093	0.023	0.746	0.0145	0.002	0.079
1.550	0.0099	0.021	0.745	0.0090	0.001	0.086
1.555	0.0108	0.015	0.758	0.0142	0.001	0.082
1.560	0.0124	0.013	0.747	0.0083	0.000	0.066
1.565	0.0138	0.010	0.756	0.0076	0.000	0.063
1.570	0.0155	0.008	0.750	0.0079	0.000	0.060
1.575	0.0168	0.010	0.753	0.0101	0.000	0.055
1.580	0.0180	0.008	0.752	0.0067	0.000	0.057
1.585	0.0184	0.004	0.752	0.0070	0.000	0.056
1.590	0.0185	0.004	0.747	0.0058	0.000	0.056
1.595	0.0181	0.004	0.745	0.0064	0.001	0.057
1.600	0.0176	0.004	0.746	0.0052	0.001	0.057
1.605	0.0169	0.004	0.749	0.0059	0.001	0.058
1.610	0.0165	0.004	0.745	0.0069	0.003	0.059
1.615	0.0161	0.004	0.733	0.0103	0.004	0.060
1.620	0.0152	0.004	0.726	0.0083	0.004	0.068
1.625	0.0136	0.004	0.707	0.0134	0.003	0.067
1.630	0.0125	0.004	0.721	0.0097	0.002	0.070
1.635	0.0097	0.008	0.679	0.0125	0.002	0.069
1.640	0.0061	0.025	0.716	0.0103	0.003	0.068
1.645	0.0039	0.017	0.683	0.0139	0.003	0.068
1.650	0.0038	0.021	0.702	0.0086	0.002	0.062
1.655	0.0050	0.023	0.680	0.0110	0.002	0.055
1.660	0.0062	0.025	0.686	0.0136	0.002	0.053
1.665	0.0084	0.021	0.680	0.0151	0.002	0.056
1.670	0.0118	0.025	0.694	0.0133	0.001	0.058
1.675	0.0151	0.008	0.703	0.0153	0.001	0.054
1.680	0.0158	0.006	0.684	0.0202	0.001	0.050
1.685	0.0155	0.008	0.717	0.0118	0.000	0.048
1.690	0.0164	0.008	0.683	0.0150	0.000	0.044
1.695	0.0183	0.013	0.716	0.0184	0.000	0.035
1.700	0.0156	0.006	0.713	0.0103	0.000	0.030
1.705	0.0151	0.008	0.711	0.0159	0.000	0.027
1.710	0.0171	0.008	0.719	0.0120	0.000	0.022
1.715	0.0149	0.006	0.709	0.0121	0.000	0.020
1.720	0.0122	0.013	0.709	0.0160	0.000	0.018
1.725	0.0136	0.008	0.653	0.0201	0.000	0.018
1.730	0.0178	0.008	0.613	0.0190	0.001	0.016
1.735	0.0189	0.008	0.626	0.0199	0.001	0.016
1.740	0.0225	0.015	0.653	0.0121	0.003	0.018
1.745	0.0289	0.025	0.662	0.0106	0.004	0.020
1.750	0.0467	0.015	0.671	0.0120	0.004	0.023
1.755	0.0471	0.013	0.716	0.0119	0.004	0.025
1.760	0.0558	0.017	0.703	0.0089	0.004	0.026
1.765	0.0570	0.015	0.666	0.0128	0.006	0.028
1.770	0.0506	0.015	0.629	0.0144	0.009	0.027
1.775	0.0388	0.015	0.637	0.0201	0.010	0.029
1.780	0.0203	0.017	0.658	0.0124	0.010	0.028
1.785	0.0290	0.023	0.666	0.0091	0.009	0.031
1.790	0.0342	0.015	0.670	0.0131	0.009	0.034
1.795	0.0422	0.015	0.631	0.0097	0.013	0.033
1.800	0.0551	0.015	0.605	0.0119	0.015	0.039
1.805	0.0553	0.015	0.628	0.0167	0.015	0.045
1.810	0.0378	0.015	0.565	0.0187	0.018	0.055
1.815	0.0256	0.015	0.612	0.0157	0.018	0.063
1.820	0.0279	0.015	0.637	0.0129	0.014	0.061
1.825	0.0350	0.019	0.628	0.0153	0.010	0.055
1.830	0.0439	0.017	0.577	0.0169	0.003	0.043
1.835	0.0239	0.010	0.428	0.0239	0.002	0.051
1.840	0.0165	0.013	0.275	0.0316	0.001	0.084
1.845	0.0128	0.015	0.141	0.0687	0.002	0.138
1.850	0.0027	0.017	0.602	0.0253	0.001	0.120
1.855	0.0039	0.010	0.672	0.0152	0.001	0.122
1.860	0.0035	0.010	0.508	0.0421	0.002	0.139
1.865	0.0014	0.019	0.648	0.0209	0.002	0.170
1.870	0.0023	0.021	0.695	0.0246	0.002	0.159
1.875	0.0018	0.023	0.682	0.0131	0.002	0.162
1.880	0.0021	0.013	0.549	0.0327	0.004	0.219
1.885	0.0006	0.017	0.559	0.0246	0.003	0.233
1.890	0.0013	0.010	0.456	0.0172	0.009	0.313
1.895	0.0008	0.008	0.391	0.0601	0.011	0.331
1.900	0.0001	0.033	0.282	0.0316	0.011	0.308
1.905	0.0005	0.019	0.265	0.0285	0.013	0.226
1.910	0.0002	0.062	0.149	0.0339	0.007	0.139
1.915	0.0016	0.019	0.344	0.0247	0.004	0.080
1.920	0.0007	0.029	0.361	0.0280	0.004	0.051
1.925	0.0088	0.027	0.543	0.0223	0.003	0.048
1.930	0.0169	0.021	0.687	0.0095	0.002	0.043
1.935	0.0272	0.017	0.671	0.0138	0.002	0.044
1.940	0.0262	0.010	0.672	0.0106	0.004	0.050
1.945	0.0238	0.013	0.674	0.0093	0.005	0.049
1.950	0.0263	0.015	0.690	0.0058	0.005	0.043
1.955	0.0232	0.015	0.713	0.0061	0.007	0.042
1.960	0.0250	0.013	0.676	0.0091	0.008	0.041
1.965	0.0300	0.019	0.686	0.0126	0.008	0.040
1.970	0.0392	0.021	0.553	0.0191	0.007	0.042
1.975	0.0364	0.015	0.369	0.0305	0.004	0.050
1.980	0.0285	0.017	0.171	0.0849	0.001	0.070
1.985	0.0053	0.017	0.596	0.0355	0.000	0.071
1.990	0.0098	0.013	0.555	0.0321	0.000	0.074
1.995	0.0083	0.002	0.393	0.0247	0.001	0.064
2.000	0.0064	0.004	0.504	0.0206	0.002	0.039
2.005	0.0098	0.013	0.575	0.0198	0.003	0.028
2.010	0.0219	0.025	0.627	0.0182	0.003	0.023
2.015	0.0249	0.019	0.628	0.0169	0.003	0.022
2.020	0.0138	0.025	0.649	0.0181	0.004	0.022
2.025	0.0224	0.015	0.645	0.0158	0.003	0.023
2.030	0.0294	0.019	0.660	0.0098	0.003	0.025
2.035	0.0334	0.017	0.691	0.0096	0.003	0.024
2.040	0.0458	0.019	0.680	0.0099	0.003	0.029
2.045	0.0560	0.017	0.638	0.0112	0.004	0.033
2.050	0.0385	0.010	0.587	0.0282	0.003	0.037
2.055	0.0129	0.010	0.560	0.0335	0.002	0.041
2.060	0.0170	0.006	0.554	0.0314	0.002	0.052
2.065	0.0148	0.006	0.537	0.0212	0.002	0.059
2.070	0.0179	0.008	0.484	0.0251	0.002	0.077
2.075	0.0131	0.006	0.480	0.0488	0.001	0.081
2.080	0.0041	0.004	0.544	0.0211	0.000	0.085
2.085	0.0031	0.004	0.669	0.0213	0.000	0.078
2.090	0.0053	0.002	0.645	0.0311	0.000	0.075
2.095	0.0061	0.006	0.577	0.0252	0.000	0.088
2.100	0.0027	0.006	0.584	0.0230	0.001	0.104
2.105	0.0017	0.004	0.436	0.0120	0.002	0.142
2.110	0.0018	0.019	0.273	0.0400	0.007	0.224
2.115	0.0007	0.021	0.272	0.0241	0.013	0.287
2.120	0.0004	0.046	0.318	0.0138	0.038	0.423
2.125	0.0002	0.052	0.496	0.0100	0.070	0.443
2.130	0.0002	0.031	0.057	0.0593	0.116	0.367
2.135	0.0002	0.104	0.267	0.0194	0.070	0.237
2.140	0.0001	0.104	0.203	0.0218	0.048	0.216
2.145	0.0013	0.056	0.182	0.0252	0.039	0.230
2.150	0.0017	0.037	0.158	0.0480	0.114	0.277
2.155	0.0004	0.058	0.130	0.0494	0.025	0.182
2.160	0.0005	0.033	0.316	0.0321	0.001	0.055
2.165	0.0011	0.013	0.384	0.0275	0.000	0.031
2.170	0.0066	0.025	0.555	0.0256	0.000	0.019
2.175	0.0144	0.010	0.617	0.0211	0.000	0.015
2.180	0.0244	0.017	0.665	0.0229	0.000	0.014
2.185	0.0137	0.015	0.651	0.0122	0.000	0.015
2.190	0.0184	0.010	0.675	0.0124	0.000	0.015
2.195	0.0237	0.019	0.700	0.0076	0.000	0.015
2.200	0.0365	0.017	0.706	0.0101	0.000	0.015
2.205	0.0357	0.015	0.671	0.0054	0.000	0.014
2.210	0.0215	0.015	0.676	0.0065	0.000	0.013
2.215	0.0186	0.013	0.681	0.0075	0.000	0.014
2.220	0.0246	0.015	0.681	0.0060	0.000	0.016
2.225	0.0409	0.019	0.718	0.0060	0.000	0.016
2.230	0.0515	0.019	0.717	0.0064	0.000	0.015
2.235	0.0357	0.019	0.672	0.0090	0.000	0.016
2.240	0.0198	0.015	0.673	0.0094	0.001	0.015
2.245	0.0293	0.017	0.691	0.0076	0.001	0.015
2.250	0.0396	0.019	0.686	0.0096	0.001	0.016
2.255	0.0521	0.021	0.702	0.0069	0.001	0.018
2.260	0.0522	0.023	0.702	0.0080	0.001	0.017
2.265	0.0271	0.023	0.660	0.0114	0.000	0.018
2.270	0.0292	0.027	0.659	0.0117	0.000	0.017
2.275	0.0424	0.023	0.681	0.0078	0.000	0.017
2.280	0.0525	0.021	0.671	0.0102	0.000	0.015
2.285	0.0744	0.019	0.680	0.0108	0.000	0.016
2.290	0.0688	0.017	0.665	0.0130	0.000	0.019
2.295	0.0407	0.015	0.668	0.0080	0.000	0.022
2.300	0.0513	0.013	0.667	0.0074	0.001	0.024
2.305	0.0556	0.015	0.670	0.0119	0.001	0.024
2.310	0.0526	0.015	0.663	0.0111	0.001	0.024
2.315	0.0486	0.013	0.662	0.0100	0.001	0.027
2.320	0.0483	0.013	0.658	0.0125	0.001	0.028
2.325	0.0412	0.015	0.681	0.0151	0.001	0.029
2.330	0.0511	0.013	0.683	0.0112	0.001	0.033
2.335	0.0534	0.015	0.701	0.0125	0.001	0.032
2.340	0.0647	0.013	0.703	0.0125	0.001	0.032
2.345	0.0474	0.021	0.655	0.0097	0.001	0.033
2.350	0.0256	0.019	0.665	0.0088	0.001	0.032
2.355	0.0413	0.008	0.686	0.0100	0.001	0.036
2.360	0.0407	0.010	0.689	0.0121	0.001	0.035
2.365	0.0519	0.013	0.697	0.0146	0.001	0.034
2.370	0.0506	0.010	0.692	0.0195	0.001	0.035
2.375	0.0250	0.008	0.677	0.0064	0.001	0.035
2.380	0.0264	0.010	0.672	0.0050	0.001	0.040
2.385	0.0349	0.010	0.693	0.0126	0.001	0.041
2.390	0.0405	0.010	0.695	0.0116	0.001	0.041
2.395	0.0466	0.010	0.684	0.0090	0.001	0.042
2.400	0.0377	0.010	0.679	0.0098	0.002	0.043
2.405	0.0302	0.008	0.676	0.0091	0.002	0.040
2.410	0.0278	0.010	0.669	0.0085	0.002	0.041
2.415	0.0346	0.010	0.703	0.0064	0.002	0.043
2.420	0.0491	0.010	0.699	0.0084	0.001	0.045
2.425	0.0389	0.010	0.661	0.0106	0.001	0.047
2.430	0.0269	0.010	0.658	0.0084	0.001	0.050
2.435	0.0229	0.013	0.654	0.0291	0.002	0.055
2.440	0.0201	0.010	0.650	0.0199	0.001	0.047
2.445	0.0361	0.013	0.687	0.0249	0.000	0.042
2.450	0.0385	0.006	0.690	0.0233	0.000	0.042
2.455	0.0234	0.013	0.664	0.0089	0.000	0.048
2.460	0.0127	0.006	0.652	0.0141	0.001	0.060
2.465	0.0140	0.006	0.672	0.0156	0.001	0.068
2.470	0.0245	0.006	0.659	0.0133	0.003	0.094
2.475	0.0259	0.008	0.609	0.0235	0.005	0.123
2.480	0.0148	0.006	0.543	0.0141	0.041	0.173
2.485	0.0044	0.013	0.439	0.0150	0.147	0.202
2.490	0.0042	0.060	0.327	0.0123	0.481	0.205
2.495	0.0074	0.106	0.262	0.0137	0.704	0.200
2.500	0.0045	0.106	0.281	0.0223	0.955	0.159
2.505	0.0060	0.194	0.216	0.0132	0.986	0.155
2.510	0.0054	0.202	0.223	0.0192	0.996	0.170
2.515	0.0062	0.212	0.146	0.0119	0.997	0.179
2.520	0.0045	0.204	0.161	0.0143	0.997	0.196
2.525	0.0037	0.169	0.126	0.0134	0.997	0.192
2.530	0.0041	0.167	0.105	0.0189	0.938	0.239
2.535	0.0032	0.142	0.175	0.0334	0.480	0.262
2.540	0.0023	0.131	0.214	0.0557	0.011	0.158
2.545	0.0029	0.037	0.383	0.0353	0.001	0.068
2.550	0.0050	0.013	0.417	0.0245	0.000	0.035
2.555	0.0221	0.010	0.440	0.0298	0.000	0.033
2.560	0.0332	0.013	0.425	0.0260	0.002	0.029
2.565	0.0084	0.013	0.289	0.0160	0.004	0.028
2.570	0.0234	0.013	0.427	0.0311	0.004	0.025
2.575	0.0372	0.019	0.564	0.0268	0.002	0.024
2.580	0.0401	0.015	0.484	0.0238	0.003	0.024
2.585	0.0296	0.015	0.460	0.0233	0.003	0.021
2.590	0.0430	0.019	0.571	0.0183	0.002	0.021
2.595	0.0422	0.021	0.463	0.0232	0.003	0.023
2.600	0.0247	0.019	0.524	0.0212	0.002	0.025
2.605	0.0359	0.015	0.544	0.0256	0.002	0.026
2.610	0.0488	0.019	0.414	0.0309	0.004	0.027
2.615	0.0268	0.013	0.436	0.0253	0.003	0.027
2.620	0.0367	0.025	0.541	0.0131	0.003	0.027
2.625	0.0535	0.017	0.475	0.0290	0.004	0.029
2.630	0.0222	0.019	0.604	0.0220	0.002	0.024
2.635	0.0357	0.015	0.618	0.0126	0.001	0.021
2.640	0.0445	0.019	0.605	0.0108	0.001	0.020
2.645	0.0307	0.017	0.490	0.0236	0.001	0.022
2.650	0.0302	0.015	0.593	0.0139	0.001	0.025
2.655	0.0324	0.013	0.607	0.0214	0.000	0.024
2.660	0.0405	0.017	0.556	0.0258	0.000	0.027
2.665	0.0459	0.010	0.467	0.0285	0.000	0.037
2.670	0.0204	0.010	0.499	0.0392	0.000	0.049
2.675	0.0067	0.006	0.508	0.0310	0.000	0.066
2.680	0.0080	0.002	0.512	0.0116	0.004	0.132
2.685	0.0109	0.017	0.416	0.0140	0.044	0.195
2.690	0.0079	0.010	0.261	0.0132	0.381	0.224
2.695	0.0036	0.069	0.121	0.0161	0.786	0.214
2.700	0.0031	0.129	0.151	0.0115	0.903	0.200
2.705	0.0047	0.154	0.142	0.0122	0.939	0.193
2.710	0.0040	0.173	0.138	0.0122	0.975	0.196
2.715	0.0039	0.196	0.185	0.0128	0.982	0.193
2.720	0.0041	0.204	0.183	0.0142	0.988	0.187
2.725	0.0029	0.202	0.230	0.0143	0.991	0.173
2.730	0.0043	0.206	0.224	0.0125	0.994	0.172
2.735	0.0044	0.190	0.156	0.0139	0.994	0.181
2.740	0.0050	0.202	0.117	0.0138	0.996	0.193
2.745	0.0038	0.210	0.112	0.0124	0.997	0.185
2.750	0.0040	0.217	0.143	0.0133	0.995	0.211
2.755	0.0037	0.194	0.160	0.0120	0.993	0.223
2.760	0.0037	0.177	0.116	0.0152	0.983	0.267
2.765	0.0026	0.165	0.118	0.0121	0.944	0.316
2.770	0.0015	0.156	0.041	0.0908	0.039	0.232
2.775	0.0007	0.140	0.355	0.0396	0.002	0.096
2.780	0.0007	0.040	0.501	0.0216	0.001	0.056
2.785	0.0114	0.008	0.571	0.0226	0.001	0.046
2.790	0.0196	0.010	0.500	0.0258	0.002	0.038
2.795	0.0187	0.010	0.484	0.0163	0.007	0.039
2.800	0.0246	0.015	0.590	0.0091	0.014	0.036
2.805	0.0264	0.015	0.639	0.0105	0.015	0.037
2.810	0.0265	0.017	0.640	0.0095	0.018	0.042
2.815	0.0174	0.017	0.638	0.0085	0.015	0.046
2.820	0.0172	0.015	0.643	0.0113	0.012	0.045
2.825	0.0261	0.021	0.645	0.0139	0.009	0.044
2.830	0.0278	0.013	0.630	0.0115	0.005	0.044
2.835	0.0185	0.013	0.621	0.0226	0.004	0.043
2.840	0.0159	0.010	0.554	0.0163	0.003	0.047
2.845	0.0378	0.015	0.576	0.0262	0.002	0.046
2.850	0.0286	0.008	0.501	0.0195	0.000	0.042
2.855	0.0098	0.004	0.412	0.0359	0.000	0.048
2.860	0.0085	0.006	0.460	0.0441	0.000	0.063
2.865	0.0094	0.004	0.620	0.0508	0.000	0.059
2.870	0.0089	0.004	0.689	0.0298	0.000	0.047
2.875	0.0074	0.002	0.667	0.0322	0.000	0.054
2.880	0.0047	0.004	0.677	0.0350	0.000	0.059
2.885	0.0082	0.004	0.709	0.0200	0.000	0.055
2.890	0.0104	0.002	0.699	0.0245	0.000	0.050
2.895	0.0072	0.004	0.661	0.0383	0.000	0.053
2.900	0.0068	0.004	0.608	0.0180	0.000	0.064
2.905	0.0054	0.002	0.617	0.0193	0.000	0.077
2.910	0.0046	0.008	0.567	0.0291	0.000	0.118
2.915	0.0037	0.002	0.480	0.0068	0.001	0.146
2.920	0.0017	0.004	0.304	0.0232	0.005	0.239
2.925	0.0014	0.006	0.215	0.0382	0.014	0.296
2.930	0.0003	0.017	0.275	0.0215	0.060	0.464
2.935	0.0002	0.062	0.426	0.0241	0.058	0.474
2.940	0.0001	0.065	0.036	0.0265	0.229	0.566
2.945	0.0001	0.044	0.174	0.0133	0.281	0.345
2.950	0.0000	0.113	0.177	0.0128	0.486	0.315
2.955	0.0002	0.102	0.217	0.0138	0.648	0.286
2.960	0.0018	0.110	0.186	0.0117	0.715	0.243
2.965	0.0030	0.117	0.179	0.0132	0.620	0.235
2.970	0.0048	0.100	0.228	0.0424	0.178	0.222
2.975	0.0024	0.092	0.162	0.0340	0.018	0.134
2.980	0.0019	0.058	0.419	0.0222	0.007	0.075
2.985	0.0073	0.008	0.534	0.0167	0.007	0.050
2.990	0.0076	0.013	0.580	0.0171	0.004	0.032
2.995	0.0258	0.015	0.642	0.0168	0.003	0.029
3.000	0.0437	0.021	0.679	0.0113	0.002	0.024
3.005	0.0371	0.010	0.621	0.0103	0.001	0.022
3.010	0.0181	0.017	0.609	0.0150	0.002	0.020
3.015	0.0267	0.015	0.589	0.0147	0.002	0.022
3.020	0.0314	0.010	0.608	0.0178	0.001	0.023
3.025	0.0401	0.015	0.647	0.0174	0.000	0.023
3.030	0.0438	0.019	0.682	0.0145	0.000	0.022
3.035	0.0258	0.008	0.663	0.0112	0.000	0.020
3.040	0.0191	0.010	0.663	0.0093	0.000	0.021
3.045	0.0166	0.008	0.689	0.0109	0.000	0.020
3.050	0.0312	0.013	0.680	0.0051	0.000	0.019
3.055	0.0314	0.008	0.666	0.0167	0.000	0.017
3.060	0.0178	0.010	0.663	0.0166	0.000	0.015
3.065	0.0150	0.008	0.609	0.0165	0.000	0.013
3.070	0.0257	0.010	0.659	0.0132	0.000	0.012
3.075	0.0365	0.010	0.674	0.0098	0.000	0.012
3.080	0.0282	0.010	0.675	0.0099	0.000	0.011
3.085	0.0172	0.008	0.671	0.0116	0.000	0.012
3.090	0.0167	0.010	0.666	0.0129	0.000	0.013
3.095	0.0263	0.010	0.700	0.0074	0.000	0.014
3.100	0.0345	0.010	0.693	0.0096	0.000	0.015
3.105	0.0282	0.010	0.668	0.0189	0.000	0.017
3.110	0.0183	0.008	0.651	0.0104	0.000	0.019
3.115	0.0165	0.010	0.652	0.0089	0.000	0.019
3.120	0.0237	0.010	0.650	0.0086	0.000	0.020
3.125	0.0291	0.008	0.629	0.0148	0.000	0.022
3.130	0.0169	0.010	0.629	0.0129	0.001	0.026
3.135	0.0140	0.008	0.618	0.0196	0.002	0.027
3.140	0.0220	0.010	0.588	0.0237	0.002	0.030
3.145	0.0252	0.008	0.613	0.0278	0.002	0.034
3.150	0.0099	0.006	0.495	0.0417	0.001	0.045
3.155	0.0077	0.010	0.408	0.0292	0.000	0.051
3.160	0.0157	0.010	0.444	0.0428	0.000	0.066
3.165	0.0043	0.004	0.604	0.0269	0.000	0.065
3.170	0.0044	0.006	0.562	0.0273	0.000	0.061
3.175	0.0068	0.006	0.633	0.0227	0.000	0.061
3.180	0.0053	0.006	0.638	0.0481	0.000	0.053
3.185	0.0036	0.004	0.647	0.0378	0.000	0.058
3.190	0.0066	0.006	0.598	0.0211	0.000	0.057
3.195	0.0052	0.006	0.676	0.0310	0.000	0.055
3.200	0.0039	0.004	0.562	0.0185	0.000	0.064
3.205	0.0057	0.006	0.583	0.0723	0.000	0.060
3.210	0.0028	0.004	0.641	0.0424	0.000	0.071
3.215	0.0040	0.004	0.424	0.0184	0.001	0.114
3.220	0.0040	0.006	0.222	0.0575	0.001	0.075
3.225	0.0018	0.025	0.260	0.0360	0.000	0.042
3.230	0.0031	0.006	0.416	0.0222	0.000	0.030
3.235	0.0089	0.023	0.455	0.0220	0.002	0.045
3.240	0.0194	0.015	0.310	0.0240	0.003	0.046
3.245	0.0049	0.021	0.253	0.0242	0.002	0.053
3.250	0.0095	0.017	0.274	0.0207	0.009	0.048
3.255	0.0151	0.021	0.342	0.0218	0.010	0.035
3.260	0.0147	0.023	0.323	0.0339	0.003	0.038
3.265	0.0070	0.025	0.343	0.0143	0.005	0.047
3.270	0.0147	0.019	0.558	0.0160	0.007	0.043
3.275	0.0166	0.015	0.497	0.0226	0.006	0.044
3.280	0.0111	0.025	0.465	0.0132	0.014	0.047
3.285	0.0162	0.015	0.546	0.0109	0.019	0.044
3.290	0.0157	0.025	0.376	0.0196	0.016	0.061
3.295	0.0099	0.010	0.336	0.0227	0.016	0.078
3.300	0.0210	0.015	0.354	0.0124	0.022	0.074
3.305	0.0056	0.023	0.374	0.0163	0.022	0.076
3.310	0.0296	0.046	0.269	0.0472	0.006	0.107
3.315	0.0067	0.040	0.316	0.0169	0.002	0.061
3.320	0.0022	0.037	0.326	0.0160	0.002	0.051
3.325	0.0137	0.033	0.332	0.0396	0.001	0.077
3.330	0.0078	0.044	0.086	0.0397	0.012	0.204
3.335	0.0020	0.037	0.331	0.0134	0.026	0.117
3.340	0.0003	0.065	0.387	0.0116	0.027	0.094
3.345	0.0038	0.035	0.389	0.0263	0.023	0.097
3.350	0.0165	0.042	0.221	0.0254	0.006	0.137
3.355	0.0041	0.040	0.355	0.0227	0.002	0.067
3.360	0.0017	0.037	0.329	0.0149	0.001	0.034
3.365	0.0026	0.023	0.432	0.0162	0.006	0.056
3.370	0.0135	0.044	0.518	0.0112	0.011	0.048
3.375	0.0046	0.029	0.285	0.0229	0.008	0.050
3.380	0.0208	0.044	0.296	0.0195	0.006	0.037
3.385	0.0059	0.027	0.446	0.0162	0.008	0.034
3.390	0.0062	0.025	0.364	0.0274	0.009	0.056
3.395	0.0137	0.029	0.276	0.0146	0.020	0.057
3.400	0.0172	0.010	0.440	0.0180	0.016	0.059
3.405	0.0268	0.035	0.524	0.0219	0.011	0.058
3.410	0.0309	0.033	0.673	0.0177	0.007	0.064
3.415	0.0273	0.021	0.598	0.0240	0.003	0.056
3.420	0.0058	0.035	0.587	0.0277	0.001	0.070
3.425	0.0057	0.010	0.611	0.0248	0.002	0.095
3.430	0.0126	0.015	0.666	0.0370	0.001	0.102
3.435	0.0158	0.008	0.583	0.0225	0.001	0.099
3.440	0.0102	0.004	0.475	0.0169	0.001	0.135
3.445	0.0036	0.008	0.499	0.0384	0.001	0.152
3.450	0.0045	0.002	0.332	0.0521	0.003	0.218
3.455	0.0020	0.008	0.254	0.0200	0.011	0.303
3.460	0.0009	0.017	0.194	0.0137	0.080	0.395
3.465	0.0002	0.029	0.097	0.0186	0.423	0.426
3.470	0.0002	0.081	0.248	0.0165	0.985	0.252
3.475	0.0002	0.204	0.199	0.0123	0.997	0.213
3.480	0.0004	0.267	0.255	0.0170	0.998	0.171
3.485	0.0021	0.252	0.237	0.0112	0.999	0.157
3.490	0.0030	0.250	0.169	0.0147	0.999	0.156
3.495	0.0044	0.256	0.151	0.0148	0.999	0.164
3.500	0.0057	0.242	0.118	0.0138	0.999	0.170
3.505	0.0064	0.227	0.133	0.0145	0.999	0.165
3.510	0.0059	0.229	0.160	0.0111	0.998	0.161
3.515	0.0077	0.219	0.141	0.0131	0.994	0.178
3.520	0.0052	0.200	0.167	0.0124	0.957	0.232
3.525	0.0044	0.194	0.120	0.0142	0.834	0.260
3.530	0.0027	0.152	0.219	0.0745	0.024	0.159
3.535	0.0013	0.090	0.459	0.0318	0.002	0.058
3.540	0.0011	0.044	0.588	0.0253	0.001	0.033
3.545	0.0229	0.010	0.584	0.0252	0.001	0.026
3.550	0.0344	0.010	0.650	0.0250	0.001	0.023
3.555	0.0426	0.013	0.693	0.0189	0.000	0.021
3.560	0.0513	0.013	0.700	0.0141	0.001	0.021
3.565	0.0454	0.015	0.693	0.0133	0.002	0.023
3.570	0.0374	0.017	0.674	0.0145	0.003	0.025
3.575	0.0460	0.025	0.597	0.0153	0.004	0.029
3.580	0.0453	0.015	0.526	0.0248	0.007	0.037
3.585	0.0385	0.019	0.548	0.0186	0.009	0.042
3.590	0.0349	0.033	0.603	0.0195	0.004	0.049
3.595	0.0194	0.017	0.586	0.0215	0.002	0.050
3.600	0.0274	0.013	0.435	0.0265	0.001	0.063
3.605	0.0272	0.006	0.398	0.0383	0.001	0.086
3.610	0.0152	0.013	0.493	0.0284	0.001	0.095
3.615	0.0088	0.008	0.711	0.0103	0.001	0.110
3.620	0.0073	0.008	0.701	0.0270	0.001	0.122
3.625	0.0062	0.004	0.703	0.0172	0.000	0.098
3.630	0.0053	0.004	0.679	0.0190	0.000	0.115
3.635	0.0042	0.004	0.652	0.0187	0.001	0.120
3.640	0.0030	0.013	0.581	0.0192	0.001	0.126
3.645	0.0018	0.008	0.543	0.0156	0.002	0.153
3.650	0.0013	0.008	0.391	0.0247	0.007	0.255
3.655	0.0008	0.029	0.480	0.0264	0.012	0.329
3.660	0.0006	0.019	0.493	0.0139	0.028	0.412
3.665	0.0003	0.027	0.627	0.0162	0.028	0.437
3.670	0.0002	0.025	0.725	0.0104	0.035	0.445
3.675	0.0003	0.027	0.646	0.0173	0.040	0.456
3.680	0.0002	0.037	0.677	0.0129	0.051	0.508
3.685	0.0002	0.046	0.679	0.0130	0.049	0.504
3.690	0.0002	0.033	0.372	0.0127	0.075	0.551
3.695	0.0001	0.044	0.427	0.0112	0.231	0.515
3.700	0.0001	0.054	0.267	0.0107	0.255	0.483
3.705	0.0001	0.069	0.192	0.0197	0.178	0.490
3.710	0.0002	0.079	0.278	0.0425	0.020	0.300
3.715	0.0002	0.060	0.424	0.0250	0.014	0.232
3.720	0.0001	0.075	0.179	0.0572	0.003	0.125
3.725	0.0017	0.010	0.322	0.0321	0.002	0.077
3.730	0.0035	0.010	0.490	0.0231	0.002	0.053
3.735	0.0248	0.013	0.588	0.0195	0.002	0.056
3.740	0.0567	0.017	0.675	0.0124	0.003	0.056
3.745	0.0508	0.017	0.708	0.0162	0.003	0.059
3.750	0.0604	0.021	0.746	0.0110	0.002	0.047
3.755	0.0658	0.013	0.731	0.0074	0.002	0.040
3.760	0.0619	0.013	0.739	0.0100	0.001	0.032
3.765	0.0598	0.019	0.729	0.0095	0.001	0.028
3.770	0.0641	0.019	0.750	0.0095	0.001	0.022
3.775	0.0712	0.023	0.761	0.0078	0.001	0.019
3.780	0.0786	0.013	0.747	0.0090	0.000	0.019
3.785	0.0795	0.013	0.753	0.0109	0.000	0.018
3.790	0.0660	0.015	0.744	0.0111	0.000	0.018
3.795	0.0594	0.013	0.743	0.0149	0.000	0.017
3.800	0.0566	0.017	0.736	0.0135	0.000	0.015
3.805	0.0487	0.017	0.733	0.0117	0.000	0.015
3.810	0.0503	0.015	0.739	0.0093	0.000	0.014
3.815	0.0469	0.013	0.735	0.0126	0.000	0.013
3.820	0.0628	0.015	0.733	0.0089	0.000	0.012
3.825	0.0865	0.019	0.741	0.0094	0.000	0.012
3.830	0.1030	0.015	0.765	0.0111	0.001	0.012
3.835	0.1235	0.013	0.769	0.0064	0.001	0.011
3.840	0.1289	0.015	0.780	0.0073	0.001	0.010
3.845	0.1002	0.021	0.782	0.0080	0.001	0.009
3.850	0.1113	0.019	0.765	0.0095	0.001	0.008
3.855	0.1115	0.025	0.755	0.0100	0.001	0.008
3.860	0.0810	0.025	0.743	0.0132	0.001	0.007
3.865	0.1639	0.023	0.753	0.0116	0.001	0.007
3.870	0.1862	0.023	0.770	0.0113	0.000	0.007
3.875	0.2017	0.023	0.769	0.0103	0.000	0.007
3.880	0.1496	0.029	0.762	0.0110	0.001	0.006
3.885	0.1376	0.025	0.760	0.0129	0.001	0.007
3.890	0.1004	0.025	0.767	0.0098	0.001	0.009
3.895	0.2066	0.027	0.774	0.0101	0.001	0.009
3.900	0.2332	0.023	0.787	0.0101	0.001	0.010
3.905	0.2182	0.025	0.782	0.0075	0.001	0.012
3.910	0.1435	0.027	0.781	0.0122	0.002	0.017
3.915	0.1850	0.025	0.785	0.0080	0.002	0.019
3.920	0.2671	0.025	0.791	0.0079	0.004	0.020
3.925	0.2469	0.025	0.789	0.0067	0.004	0.021
3.930	0.1538	0.029	0.777	0.0103	0.005	0.025
3.935	0.2034	0.025	0.778	0.0102	0.006	0.029
3.940	0.2852	0.027	0.778	0.0104	0.006	0.032
3.945	0.2572	0.025	0.776	0.0115	0.007	0.034
3.950	0.1341	0.029	0.774	0.0116	0.007	0.036
3.955	0.2634	0.027	0.778	0.0101	0.008	0.037
3.960	0.3143	0.031	0.798	0.0104	0.010	0.035
3.965	0.1910	0.027	0.801	0.0101	0.010	0.034
3.970	0.2592	0.029	0.776	0.0108	0.011	0.030
3.975	0.3330	0.027	0.778	0.0123	0.011	0.030
3.980	0.1930	0.031	0.783	0.0096	0.011	0.022
3.985	0.2605	0.037	0.766	0.0126	0.011	0.023
3.990	0.3029	0.033	0.766	0.0138	0.016	0.024
3.995	0.1362	0.037	0.758	0.0121	0.026	0.026
4.000	0.2993	0.033	0.750	0.0166	0.033	0.027
4.005	0.1906	0.037	0.731	0.0163	0.026	0.031
4.010	0.2441	0.027	0.724	0.0249	0.011	0.037
4.015	0.2132	0.027	0.753	0.0274	0.007	0.035
4.020	0.2053	0.027	0.810	0.0244	0.005	0.023
4.025	0.1707	0.023	0.815	0.0130	0.003	0.018
4.030	0.2217	0.021	0.811	0.0165	0.002	0.014
4.035	0.1265	0.019	0.825	0.0148	0.002	0.012
4.040	0.2155	0.021	0.820	0.0139	0.001	0.014
4.045	0.1316	0.027	0.831	0.0133	0.001	0.018
4.050	0.2277	0.027	0.836	0.0125	0.000	0.022
4.055	0.2120	0.025	0.827	0.0141	0.001	0.024
4.060	0.1946	0.027	0.837	0.0113	0.003	0.026
4.065	0.2473	0.027	0.830	0.0094	0.006	0.026
4.070	0.1607	0.027	0.837	0.0075	0.012	0.027
4.075	0.2420	0.031	0.846	0.0080	0.013	0.030
4.080	0.2583	0.027	0.843	0.0109	0.011	0.033
4.085	0.1792	0.025	0.844	0.0145	0.010	0.031
4.090	0.2626	0.023	0.759	0.0187	0.015	0.026
4.095	0.2653	0.015	0.628	0.0270	0.024	0.025
4.100	0.1501	0.019	0.391	0.0327	0.016	0.025
4.105	0.0491	0.023	0.761	0.0249	0.008	0.029
4.110	0.0771	0.010	0.689	0.0317	0.004	0.042
4.115	0.0457	0.021	0.676	0.0282	0.002	0.049
4.120	0.0363	0.015	0.628	0.0233	0.001	0.056
4.125	0.0246	0.010	0.587	0.0269	0.001	0.058
4.130	0.0147	0.008	0.710	0.0299	0.000	0.074
4.135	0.0132	0.006	0.757	0.0282	0.001	0.085
4.140	0.0132	0.006	0.803	0.0181	0.000	0.053
4.145	0.0138	0.006	0.801	0.0135	0.000	0.042
4.150	0.0153	0.006	0.774	0.0184	0.000	0.039
4.155	0.0131	0.004	0.801	0.0208	0.000	0.037
4.160	0.0142	0.006	0.790	0.0163	0.000	0.045
4.165	0.0132	0.006	0.799	0.0102	0.000	0.070
4.170	0.0129	0.004	0.815	0.0154	0.001	0.100
4.175	0.0114	0.006	0.825	0.0202	0.000	0.095
4.180	0.0129	0.006	0.778	0.0106	0.000	0.095
4.185	0.0103	0.006	0.767	0.0167	0.001	0.111
4.190	0.0080	0.004	0.701	0.0184	0.002	0.125
4.195	0.0056	0.006	0.663	0.0227	0.001	0.133
4.200	0.0045	0.006	0.495	0.0148	0.003	0.199
4.205	0.0020	0.004	0.571	0.0217	0.004	0.209
4.210	0.0014	0.006	0.357	0.0142	0.013	0.264
4.215	0.0008	0.029	0.337	0.0152	0.097	0.288
4.220	0.0004	0.040	0.113	0.0239	0.349	0.311
4.225	0.0005	0.044	0.114	0.0096	0.559	0.244
4.230	0.0005	0.081	0.176	0.0120	0.733	0.249
4.235	0.0039	0.108	0.124	0.0136	0.907	0.222
4.240	0.0071	0.148	0.206	0.0144	0.877	0.177
4.245	0.0117	0.144	0.418	0.0311	0.429	0.161
4.250	0.0118	0.119	0.616	0.0361	0.054	0.124
4.255	0.0136	0.042	0.711	0.0182	0.019	0.088
4.260	0.0256	0.013	0.759	0.0173	0.007	0.054
4.265	0.0414	0.015	0.805	0.0145	0.008	0.051
4.270	0.0626	0.010	0.820	0.0107	0.014	0.045
4.275	0.0714	0.006	0.829	0.0052	0.017	0.045
4.280	0.0848	0.015	0.822	0.0062	0.017	0.044
4.285	0.0596	0.023	0.815	0.0065	0.017	0.043
4.290	0.0860	0.027	0.824	0.0048	0.018	0.038
4.295	0.0604	0.031	0.819	0.0060	0.019	0.036
4.300	0.0850	0.031	0.832	0.0047	0.019	0.030
4.305	0.0509	0.029	0.810	0.0051	0.020	0.028
4.310	0.0862	0.033	0.805	0.0073	0.020	0.029
4.315	0.0478	0.027	0.790	0.0085	0.022	0.027
4.320	0.0770	0.044	0.787	0.0111	0.021	0.029
4.325	0.0478	0.037	0.803	0.0115	0.020	0.029
4.330	0.0712	0.042	0.800	0.0104	0.021	0.030
4.335	0.0452	0.044	0.799	0.0122	0.022	0.027
4.340	0.0780	0.027	0.812	0.0126	0.020	0.026
4.345	0.0568	0.035	0.811	0.0085	0.017	0.029
4.350	0.0753	0.031	0.808	0.0121	0.014	0.025
4.355	0.0580	0.031	0.817	0.0156	0.011	0.027
4.360	0.0511	0.025	0.839	0.0134	0.006	0.028
4.365	0.0686	0.031	0.828	0.0096	0.004	0.027
4.370	0.0555	0.027	0.807	0.0139	0.004	0.026
4.375	0.0831	0.013	0.814	0.0150	0.005	0.031
4.380	0.0614	0.015	0.838	0.0155	0.008	0.030
4.385	0.0452	0.015	0.847	0.0128	0.007	0.029
4.390	0.0690	0.010	0.854	0.0097	0.006	0.024
4.395	0.0604	0.017	0.840	0.0078	0.005	0.024
4.400	0.0448	0.015	0.846	0.0092	0.004	0.025
4.405	0.0665	0.013	0.850	0.0085	0.004	0.026
4.410	0.0619	0.015	0.851	0.0087	0.003	0.025
4.415	0.0603	0.015	0.851	0.0080	0.003	0.024
4.420	0.0503	0.015	0.846	0.0090	0.003	0.023
4.425	0.0658	0.015	0.841	0.0108	0.003	0.023
4.430	0.0539	0.015	0.847	0.0102	0.003	0.024
4.435	0.0639	0.015	0.850	0.0060	0.003	0.026
4.440	0.0508	0.046	0.831	0.0106	0.004	0.033
4.445	0.0711	0.027	0.833	0.0110	0.004	0.031
4.450	0.0642	0.025	0.845	0.0085	0.005	0.028
4.455	0.0575	0.035	0.836	0.0094	0.006	0.030
4.460	0.0540	0.027	0.815	0.0138	0.008	0.029
4.465	0.0730	0.031	0.833	0.0127	0.009	0.034
4.470	0.0643	0.035	0.820	0.0099	0.011	0.032
4.475	0.0577	0.037	0.819	0.0140	0.012	0.035
4.480	0.0649	0.035	0.821	0.0117	0.011	0.036
4.485	0.0649	0.040	0.843	0.0091	0.011	0.039
4.490	0.0537	0.052	0.833	0.0097	0.014	0.040
4.495	0.0490	0.035	0.831	0.0083	0.016	0.039
4.500	0.0701	0.042	0.657	0.0215	0.021	0.052
4.505	0.0533	0.058	0.576	0.0231	0.023	0.053
4.510	0.0468	0.046	0.722	0.0139	0.023	0.052
4.515	0.0534	0.050	0.789	0.0141	0.022	0.061
4.520	0.0339	0.048	0.777	0.0163	0.019	0.069
4.525	0.0417	0.058	0.746	0.0174	0.017	0.069
4.530	0.0388	0.054	0.703	0.0310	0.007	0.074
4.535	0.0311	0.031	0.734	0.0328	0.002	0.074
4.540	0.0303	0.006	0.804	0.0141	0.001	0.059
4.545	0.0233	0.006	0.798	0.0120	0.001	0.054
4.550	0.0323	0.010	0.804	0.0189	0.001	0.055
4.555	0.0281	0.010	0.791	0.0201	0.001	0.052
4.560	0.0302	0.004	0.795	0.0153	0.001	0.048
4.565	0.0330	0.006	0.797	0.0144	0.001	0.047
4.570	0.0291	0.006	0.760	0.0190	0.001	0.050
4.575	0.0282	0.004	0.773	0.0124	0.001	0.053
4.580	0.0396	0.006	0.776	0.0123	0.001	0.053
4.585	0.0407	0.004	0.781	0.0115	0.001	0.053
4.590	0.0265	0.006	0.743	0.0146	0.001	0.049
4.595	0.0263	0.004	0.742	0.0120	0.001	0.050
4.600	0.0257	0.004	0.637	0.0227	0.003	0.063
4.605	0.0384	0.004	0.639	0.0246	0.007	0.068
4.610	0.0365	0.019	0.539	0.0161	0.011	0.057
4.615	0.0508	0.050	0.467	0.0229	0.020	0.049
4.620	0.0531	0.042	0.661	0.0119	0.016	0.043
4.625	0.0364	0.033	0.683	0.0177	0.009	0.033
4.630	0.0380	0.031	0.585	0.0187	0.004	0.028
4.635	0.0411	0.037	0.651	0.0160	0.005	0.029
4.640	0.0393	0.029	0.674	0.0141	0.003	0.028
4.645	0.0348	0.021	0.686	0.0082	0.004	0.030
4.650	0.0379	0.021	0.704	0.0097	0.003	0.027
4.655	0.0425	0.033	0.698	0.0092	0.002	0.030
4.660	0.0426	0.029	0.643	0.0149	0.003	0.032
4.665	0.0414	0.021	0.627	0.0148	0.002	0.034
4.670	0.0454	0.017	0.617	0.0182	0.002	0.034
4.675	0.0445	0.023	0.593	0.0190	0.002	0.033
4.680	0.0567	0.025	0.506	0.0171	0.002	0.029
4.685	0.0640	0.023	0.455	0.0191	0.002	0.028
4.690	0.0682	0.023	0.469	0.0181	0.003	0.026
4.695	0.0578	0.031	0.545	0.0164	0.003	0.027
4.700	0.0259	0.025	0.570	0.0189	0.003	0.027
4.705	0.0267	0.023	0.622	0.0115	0.003	0.029
4.710	0.0366	0.019	0.585	0.0126	0.003	0.043
4.715	0.0495	0.023	0.538	0.0176	0.004	0.048
4.720	0.0598	0.017	0.586	0.0179	0.005	0.056
4.725	0.0251	0.031	0.529	0.0200	0.007	0.061
4.730	0.0222	0.029	0.376	0.0228	0.007	0.057
4.735	0.0363	0.035	0.354	0.0136	0.007	0.053
4.740	0.0646	0.040	0.354	0.0195	0.007	0.052
4.745	0.0556	0.027	0.442	0.0219	0.007	0.053
4.750	0.0178	0.037	0.553	0.0132	0.004	0.055
4.755	0.0360	0.035	0.543	0.0171	0.003	0.055
4.760	0.0546	0.033	0.351	0.0211	0.001	0.041
4.765	0.0180	0.031	0.325	0.0189	0.001	0.029
4.770	0.0256	0.037	0.451	0.0120	0.003	0.027
4.775	0.0552	0.025	0.353	0.0206	0.004	0.026
4.780	0.0088	0.035	0.483	0.0176	0.007	0.059
4.785	0.0296	0.037	0.384	0.0188	0.007	0.061
4.790	0.0073	0.031	0.206	0.0376	0.003	0.073
4.795	0.0231	0.044	0.338	0.0311	0.003	0.070
4.800	0.0050	0.046	0.314	0.0159	0.002	0.062
4.805	0.0054	0.031	0.319	0.0368	0.001	0.093
4.810	0.0120	0.029	0.299	0.0346	0.006	0.212
4.815	0.0032	0.031	0.376	0.0290	0.007	0.239
4.820	0.0007	0.037	0.500	0.0206	0.007	0.261
4.825	0.0015	0.031	0.507	0.0294	0.006	0.249
4.830	0.0006	0.023	0.104	0.0232	0.006	0.248
4.835	0.0007	0.015	0.318	0.0417	0.008	0.198
4.840	0.0005	0.031	0.427	0.0111	0.004	0.119
4.845	0.0004	0.044	0.426	0.0151	0.002	0.111
4.850	0.0057	0.044	0.252	0.0245	0.003	0.129
4.855	0.0023	0.031	0.227	0.0265	0.002	0.095
4.860	0.0016	0.048	0.220	0.0258	0.003	0.072
4.865	0.0054	0.048	0.452	0.0397	0.003	0.061
4.870	0.0050	0.050	0.669	0.0237	0.002	0.055
4.875	0.0114	0.027	0.725	0.0177	0.003	0.061
4.880	0.0197	0.013	0.761	0.0148	0.004	0.066
4.885	0.0187	0.010	0.748	0.0137	0.004	0.074
4.890	0.0188	0.013	0.637	0.0136	0.009	0.092
4.895	0.0143	0.021	0.560	0.0168	0.014	0.106
4.900	0.0109	0.017	0.418	0.0131	0.033	0.118
4.905	0.0086	0.046	0.342	0.0135	0.059	0.139
4.910	0.0081	0.067	0.253	0.0181	0.097	0.180
4.915	0.0057	0.065	0.223	0.0173	0.089	0.167
4.920	0.0052	0.075	0.304	0.0163	0.075	0.156
4.925	0.0050	0.067	0.224	0.0139	0.078	0.157
4.930	0.0057	0.062	0.224	0.0155	0.101	0.152
4.935	0.0050	0.077	0.219	0.0151	0.086	0.148
4.940	0.0039	0.069	0.217	0.0174	0.070	0.132
4.945	0.0033	0.071	0.244	0.0152	0.057	0.132
4.950	0.0032	0.054	0.228	0.0183	0.102	0.139
4.955	0.0049	0.067	0.326	0.0159	0.103	0.143
4.960	0.0041	0.069	0.239	0.0152	0.073	0.140
4.965	0.0037	0.062	0.225	0.0201	0.080	0.141
4.970	0.0035	0.060	0.199	0.0148	0.085	0.145
4.975	0.0046	0.067	0.190	0.0152	0.110	0.151
4.980	0.0031	0.102	0.233	0.0153	0.087	0.155
4.985	0.0042	0.062	0.186	0.0186	0.093	0.159
4.990	0.0038	0.073	0.222	0.0179	0.066	0.146
4.995	0.0037	0.077	0.207	0.0217	0.049	0.143
5.000	0.0036	0.062	0.257	0.0157	0.021	0.114
5.005	0.0035	0.052	0.356	0.0241	0.017	0.115
5.010	0.0071	0.052	0.504	0.0194	0.012	0.105
5.015	0.0048	0.027	0.559	0.0175	0.009	0.103
5.020	0.0054	0.035	0.627	0.0280	0.005	0.111
5.025	0.0059	0.019	0.692	0.0220	0.003	0.127
5.030	0.0065	0.023	0.662	0.0176	0.002	0.133
5.035	0.0061	0.004	0.572	0.0170	0.002	0.141
5.040	0.0042	0.015	0.452	0.0165	0.004	0.179
5.045	0.0022	0.023	0.273	0.0214	0.010	0.250
5.050	0.0009	0.023	0.277	0.0153	0.039	0.379
5.055	0.0005	0.035	0.268	0.0179	0.078	0.453
5.060	0.0002	0.042	0.191	0.0111	0.231	0.565
5.065	0.0001	0.115	0.241	0.0154	0.331	0.597
5.070	0.0001	0.115	0.147	0.0092	0.504	0.601
5.075	0.0001	0.190	0.218	0.0111	0.757	0.637
5.080	0.0001	0.275	0.157	0.0108	0.803	0.653
5.085	0.0000	0.246	0.124	0.0115	0.760	0.665
5.090	0.0000	0.204	0.132	0.0113	0.705	0.668
5.095	0.0001	0.260	0.143	0.0104	0.798	0.667
5.100	0.0000	0.219	0.173	0.0107	0.887	0.622
5.105	0.0001	0.265	0.167	0.0106	0.916	0.645
5.110	0.0001	0.290	0.171	0.0112	0.871	0.647
5.115	0.0000	0.252	0.188	0.0098	0.871	0.625
5.120	0.0000	0.281	0.208	0.0086	0.891	0.652
5.125	0.0000	0.225	0.190	0.0093	0.840	0.693
5.130	0.0000	0.260	0.141	0.0137	0.757	0.733
5.135	0.0000	0.181	0.088	0.0226	0.565	0.626
5.140	0.0000	0.169	0.000	0.0216	0.122	0.298
5.145	0.0001	0.185	0.212	0.0128	0.105	0.243
5.150	0.0001	0.096	0.057	0.0545	0.010	0.154
5.155	0.0070	0.029	0.156	0.0561	0.001	0.075
5.160	0.0039	0.021	0.221	0.0327	0.000	0.037
5.165	0.0314	0.006	0.390	0.0359	0.000	0.032
5.170	0.0671	0.004	0.614	0.0305	0.000	0.027
5.175	0.0187	0.019	0.735	0.0131	0.000	0.025
5.180	0.0521	0.013	0.791	0.0134	0.001	0.022
5.185	0.1151	0.010	0.783	0.0137	0.001	0.025
5.190	0.1508	0.017	0.780	0.0159	0.001	0.024
5.195	0.1414	0.021	0.769	0.0149	0.002	0.024
5.200	0.1179	0.027	0.742	0.0144	0.002	0.028
5.205	0.1138	0.019	0.749	0.0107	0.002	0.030
5.210	0.1699	0.017	0.773	0.0105	0.003	0.037
5.215	0.1981	0.015	0.799	0.0113	0.004	0.038
5.220	0.2044	0.025	0.788	0.0113	0.004	0.035
5.225	0.2451	0.023	0.783	0.0090	0.004	0.037
5.230	0.2166	0.025	0.779	0.0061	0.003	0.039
5.235	0.2607	0.023	0.786	0.0059	0.004	0.037
5.240	0.2594	0.025	0.783	0.0065	0.004	0.041
5.245	0.1860	0.027	0.773	0.0100	0.006	0.040
5.250	0.1859	0.019	0.769	0.0077	0.008	0.035
5.255	0.2510	0.019	0.767	0.0142	0.007	0.032
5.260	0.2404	0.021	0.769	0.0089	0.006	0.026
5.265	0.1760	0.033	0.760	0.0124	0.006	0.022
5.270	0.1598	0.035	0.643	0.0174	0.007	0.020
5.275	0.2348	0.027	0.618	0.0176	0.011	0.018
5.280	0.2112	0.019	0.638	0.0173	0.016	0.020
5.285	0.1155	0.019	0.692	0.0183	0.014	0.021
5.290	0.1221	0.021	0.694	0.0115	0.018	0.021
5.295	0.0872	0.025	0.630	0.0171	0.021	0.021
5.300	0.1338	0.035	0.621	0.0191	0.020	0.023
5.305	0.1346	0.027	0.669	0.0192	0.017	0.025
5.310	0.1439	0.027	0.674	0.0169	0.015	0.021
5.315	0.1570	0.023	0.700	0.0173	0.013	0.017
5.320	0.1920	0.021	0.680	0.0149	0.011	0.014
5.325	0.2128	0.025	0.665	0.0179	0.010	0.013
5.330	0.1815	0.027	0.678	0.0118	0.010	0.014
5.335	0.1826	0.017	0.662	0.0144	0.010	0.014
5.340	0.1611	0.017	0.683	0.0107	0.008	0.014
5.345	0.1442	0.019	0.709	0.0088	0.007	0.015
5.350	0.1333	0.021	0.711	0.0087	0.006	0.014
5.355	0.1348	0.021	0.725	0.0092	0.005	0.014
5.360	0.1355	0.025	0.738	0.0095	0.004	0.013
5.365	0.1387	0.021	0.750	0.0071	0.003	0.014
5.370	0.1475	0.017	0.735	0.0062	0.003	0.015
5.375	0.1486	0.015	0.728	0.0106	0.003	0.014
5.380	0.1456	0.017	0.741	0.0093	0.002	0.013
5.385	0.1355	0.021	0.730	0.0098	0.001	0.012
5.390	0.1380	0.015	0.730	0.0108	0.001	0.013
5.395	0.1328	0.021	0.721	0.0096	0.001	0.013
5.400	0.1238	0.017	0.720	0.0096	0.001	0.016
5.405	0.1064	0.015	0.714	0.0061	0.001	0.019
5.410	0.0900	0.017	0.700	0.0068	0.002	0.022
5.415	0.0760	0.021	0.692	0.0110	0.003	0.025
5.420	0.0686	0.025	0.669	0.0155	0.003	0.025
5.425	0.0667	0.025	0.658	0.0159	0.002	0.024
5.430	0.0614	0.023	0.607	0.0145	0.001	0.026
5.435	0.0393	0.017	0.508	0.0240	0.000	0.026
5.440	0.0376	0.015	0.495	0.0446	0.000	0.027
5.445	0.0296	0.021	0.565	0.0421	0.000	0.032
5.450	0.0375	0.015	0.637	0.0204	0.000	0.035
5.455	0.0313	0.013	0.690	0.0173	0.000	0.038
5.460	0.0363	0.013	0.638	0.0222	0.000	0.037
5.465	0.0150	0.015	0.675	0.0270	0.000	0.045
5.470	0.0214	0.015	0.386	0.0403	0.001	0.056
5.475	0.0100	0.010	0.280	0.0311	0.001	0.053
5.480	0.0045	0.021	0.427	0.0256	0.001	0.049
5.485	0.0113	0.015	0.357	0.0379	0.001	0.071
5.490	0.0048	0.015	0.318	0.0381	0.001	0.118
5.495	0.0044	0.019	0.410	0.0280	0.002	0.148
5.500	0.0022	0.017	0.615	0.0220	0.001	0.155
5.505	0.0017	0.029	0.537	0.0372	0.001	0.137
5.510	0.0018	0.017	0.584	0.0294	0.001	0.169
5.515	0.0015	0.015	0.505	0.0329	0.004	0.224
5.520	0.0009	0.029	0.452	0.0462	0.006	0.242
5.525	0.0005	0.037	0.516	0.0194	0.004	0.225
5.530	0.0006	0.029	0.562	0.0147	0.005	0.233
5.535	0.0007	0.023	0.571	0.0171	0.007	0.269
5.540	0.0005	0.035	0.547	0.0274	0.010	0.232
5.545	0.0004	0.040	0.479	0.0224	0.027	0.172
5.550	0.0005	0.042	0.420	0.0214	0.034	0.167
5.555	0.0012	0.042	0.440	0.0229	0.025	0.163
5.560	0.0012	0.035	0.539	0.0187	0.012	0.165
5.565	0.0021	0.023	0.642	0.0259	0.008	0.162
5.570	0.0020	0.019	0.613	0.0200	0.010	0.166
5.575	0.0028	0.037	0.549	0.0155	0.010	0.178
5.580	0.0028	0.031	0.354	0.0164	0.025	0.205
5.585	0.0025	0.040	0.239	0.0200	0.039	0.223
5.590	0.0013	0.052	0.278	0.0186	0.052	0.224
5.595	0.0013	0.052	0.252	0.0175	0.119	0.254
5.600	0.0012	0.052	0.252	0.0253	0.104	0.249
5.605	0.0011	0.073	0.291	0.0164	0.053	0.227
5.610	0.0008	0.062	0.248	0.0129	0.097	0.272
5.615	0.0016	0.071	0.185	0.0187	0.172	0.313
5.620	0.0006	0.073	0.277	0.0144	0.133	0.306
5.625	0.0007	0.083	0.251	0.0151	0.106	0.298
5.630	0.0007	0.067	0.302	0.0176	0.055	0.288
5.635	0.0006	0.073	0.200	0.0128	0.070	0.283
5.640	0.0009	0.065	0.279	0.0239	0.080	0.306
5.645	0.0008	0.069	0.347	0.0225	0.044	0.286
5.650	0.0007	0.050	0.342	0.0153	0.053	0.255
5.655	0.0009	0.069	0.309	0.0184	0.044	0.257
5.660	0.0013	0.067	0.270	0.0246	0.038	0.213
5.665	0.0014	0.062	0.419	0.0321	0.020	0.170
5.670	0.0013	0.052	0.559	0.0341	0.011	0.137
5.675	0.0028	0.023	0.691	0.0256	0.006	0.109
5.680	0.0034	0.017	0.769	0.0118	0.001	0.081
5.685	0.0065	0.010	0.729	0.0190	0.001	0.088
5.690	0.0089	0.004	0.668	0.0211	0.002	0.102
5.695	0.0043	0.006	0.753	0.0127	0.001	0.098
5.700	0.0042	0.008	0.668	0.0157	0.001	0.135
5.705	0.0045	0.010	0.627	0.0143	0.002	0.150
5.710	0.0033	0.004	0.546	0.0257	0.002	0.182
5.715	0.0013	0.006	0.509	0.0112	0.004	0.247
5.720	0.0005	0.013	0.247	0.0150	0.035	0.521
5.725	0.0001	0.037	0.293	0.0112	0.241	0.715
5.730	0.0000	0.085	0.086	0.0116	0.502	0.772
5.735	0.0000	0.037	0.192	0.0171	0.416	0.750
5.740	0.0000	0.008	0.184	0.0195	0.156	0.668
5.745	0.0000	0.062	0.185	0.0141	0.093	0.585
5.750	0.0000	0.025	0.235	0.0212	0.138	0.667
5.755	0.0000	0.058	0.220	0.0622	0.044	0.527
5.760	0.0000	0.025	0.428	0.0943	0.000	0.123
5.765	0.0000	0.023	0.470	0.0412	0.000	0.050
5.770	0.0001	0.010	0.482	0.0401	0.000	0.027
5.775	0.0026	0.008	0.382	0.0536	0.000	0.015
5.780	0.0057	0.008	0.554	0.0582	0.000	0.010
5.785	0.0115	0.008	0.640	0.0595	0.000	0.011
5.790	0.0191	0.008	0.716	0.0148	0.000	0.013
5.795	0.0411	0.010	0.730	0.0132	0.000	0.016
5.800	0.0601	0.008	0.766	0.0073	0.001	0.021
5.805	0.0684	0.008	0.764	0.0088	0.001	0.030
5.810	0.0848	0.010	0.759	0.0100	0.003	0.041
5.815	0.0930	0.008	0.760	0.0135	0.003	0.047
5.820	0.0834	0.008	0.740	0.0129	0.003	0.044
5.825	0.0763	0.008	0.687	0.0149	0.003	0.048
5.830	0.0741	0.017	0.556	0.0160	0.007	0.070
5.835	0.0427	0.008	0.361	0.0367	0.016	0.103
5.840	0.0206	0.025	0.654	0.0335	0.006	0.097
5.845	0.0167	0.029	0.688	0.0267	0.001	0.082
5.850	0.0135	0.021	0.620	0.0362	0.000	0.073
5.855	0.0119	0.004	0.596	0.0525	0.000	0.055
5.860	0.0108	0.002	0.654	0.0272	0.000	0.061
5.865	0.0104	0.008	0.673	0.0198	0.001	0.086
5.870	0.0079	0.008	0.627	0.0152	0.001	0.122
5.875	0.0055	0.008	0.573	0.0111	0.010	0.208
5.880	0.0043	0.008	0.300	0.0187	0.431	0.198
5.885	0.0028	0.025	0.192	0.0112	0.824	0.135
5.890	0.0022	0.133	0.114	0.0113	0.931	0.205
5.895	0.0063	0.206	0.130	0.0139	0.968	0.209
5.900	0.0096	0.235	0.148	0.0123	0.992	0.196
5.905	0.0105	0.265	0.107	0.0131	0.993	0.196
5.910	0.0155	0.252	0.136	0.0130	0.995	0.192
5.915	0.0137	0.242	0.128	0.0120	0.997	0.181
5.920	0.0181	0.254	0.126	0.0127	0.997	0.180
5.925	0.0177	0.229	0.145	0.0109	0.994	0.189
5.930	0.0186	0.229	0.118	0.0131	0.993	0.199
5.935	0.0118	0.223	0.116	0.0112	0.994	0.197
5.940	0.0149	0.233	0.133	0.0127	0.996	0.216
5.945	0.0104	0.242	0.148	0.0126	0.994	0.223
5.950	0.0107	0.240	0.132	0.0109	0.989	0.252
5.955	0.0090	0.263	0.158	0.0129	0.990	0.259
5.960	0.0054	0.279	0.117	0.0114	0.985	0.293
5.965	0.0055	0.269	0.114	0.0129	0.967	0.323
5.970	0.0032	0.250	0.159	0.0096	0.910	0.363
5.975	0.0039	0.269	0.110	0.0164	0.704	0.414
5.980	0.0011	0.235	0.184	0.0177	0.413	0.401
5.985	0.0011	0.150	0.433	0.0310	0.178	0.370
5.990	0.0013	0.179	0.371	0.0383	0.031	0.303
5.995	0.0018	0.033	0.538	0.0329	0.008	0.199
6.000	0.0029	0.017	0.612	0.0149	0.004	0.143
6.005	0.0050	0.013	0.629	0.0180	0.006	0.119
6.010	0.0113	0.004	0.607	0.0176	0.010	0.080
6.015	0.0188	0.004	0.603	0.0208	0.013	0.065
6.020	0.0288	0.027	0.706	0.0172	0.011	0.046
6.025	0.0483	0.013	0.751	0.0199	0.007	0.042
6.030	0.0620	0.008	0.788	0.0069	0.004	0.039
6.035	0.0705	0.010	0.796	0.0099	0.003	0.038
6.040	0.0754	0.013	0.772	0.0103	0.002	0.036
6.045	0.0704	0.010	0.775	0.0050	0.003	0.038
6.050	0.0686	0.013	0.759	0.0108	0.002	0.044
6.055	0.0861	0.010	0.733	0.0109	0.002	0.048
6.060	0.0762	0.010	0.716	0.0156	0.002	0.068
6.065	0.0723	0.008	0.668	0.0169	0.004	0.091
6.070	0.0487	0.010	0.646	0.0112	0.019	0.130
6.075	0.0305	0.021	0.607	0.0109	0.058	0.162
6.080	0.0134	0.025	0.444	0.0135	0.357	0.177
6.085	0.0095	0.050	0.344	0.0119	0.599	0.171
6.090	0.0138	0.158	0.182	0.0133	0.871	0.185
6.095	0.0125	0.215	0.127	0.0114	0.947	0.198
6.100	0.0086	0.235	0.133	0.0114	0.972	0.221
6.105	0.0093	0.250	0.178	0.0131	0.973	0.227
6.110	0.0074	0.244	0.120	0.0125	0.982	0.218
6.115	0.0066	0.254	0.177	0.0139	0.984	0.213
6.120	0.0074	0.229	0.153	0.0143	0.985	0.199
6.125	0.0089	0.237	0.160	0.0157	0.987	0.180
6.130	0.0112	0.244	0.173	0.0111	0.989	0.171
6.135	0.0138	0.235	0.188	0.0121	0.986	0.185
6.140	0.0143	0.223	0.112	0.0121	0.976	0.215
6.145	0.0110	0.227	0.147	0.0101	0.947	0.235
6.150	0.0110	0.185	0.138	0.0135	0.691	0.316
6.155	0.0055	0.140	0.128	0.0161	0.476	0.371
6.160	0.0022	0.119	0.257	0.0106	0.443	0.409
6.165	0.0013	0.144	0.349	0.0129	0.308	0.422
6.170	0.0010	0.079	0.455	0.0106	0.223	0.483
6.175	0.0006	0.081	0.542	0.0110	0.194	0.505
6.180	0.0005	0.071	0.602	0.0087	0.179	0.501
6.185	0.0004	0.060	0.571	0.0099	0.187	0.513
6.190	0.0003	0.058	0.535	0.0103	0.297	0.524
6.195	0.0003	0.090	0.436	0.0086	0.379	0.530
6.200	0.0002	0.094	0.332	0.0104	0.551	0.587
6.205	0.0001	0.204	0.297	0.0110	0.561	0.592
6.210	0.0001	0.194	0.344	0.0098	0.576	0.597
6.215	0.0001	0.196	0.340	0.0083	0.564	0.623
6.220	0.0001	0.192	0.362	0.0101	0.520	0.639
6.225	0.0001	0.183	0.363	0.0095	0.508	0.614
6.230	0.0001	0.185	0.356	0.0085	0.562	0.610
6.235	0.0001	0.173	0.314	0.0082	0.610	0.617
6.240	0.0001	0.200	0.267	0.0100	0.658	0.654
6.245	0.0000	0.190	0.230	0.0101	0.720	0.625
6.250	0.0001	0.210	0.189	0.0099	0.859	0.629
6.255	0.0001	0.242	0.168	0.0106	0.892	0.640
6.260	0.0000	0.269	0.202	0.0108	0.889	0.667
6.265	0.0000	0.267	0.179	0.0110	0.894	0.649
6.270	0.0000	0.265	0.172	0.0104	0.903	0.655
6.275	0.0000	0.271	0.160	0.0098	0.895	0.693
6.280	0.0000	0.235	0.159	0.0089	0.888	0.720
6.285	0.0000	0.242	0.154	0.0094	0.822	0.715
6.290	0.0000	0.233	0.176	0.0115	0.718	0.714
6.295	0.0000	0.198	0.042	0.0098	0.773	0.695
6.300	0.0000	0.194	0.356	0.0396	0.251	0.469
6.305	0.0000	0.244	0.398	0.0323	0.094	0.344
6.310	0.0000	0.165	0.541	0.0452	0.033	0.176
6.315	0.0011	0.031	0.472	0.0172	0.027	0.135
6.320	0.0018	0.025	0.337	0.0303	0.047	0.147
6.325	0.0101	0.029	0.305	0.0308	0.026	0.137
6.330	0.0036	0.035	0.281	0.0246	0.024	0.132
6.335	0.0060	0.027	0.328	0.0129	0.037	0.166
6.340	0.0072	0.027	0.378	0.0270	0.121	0.203
6.345	0.0078	0.025	0.302	0.0159	0.225	0.231
6.350	0.0075	0.052	0.193	0.0164	0.350	0.248
6.355	0.0038	0.087	0.209	0.0118	0.396	0.290
6.360	0.0052	0.108	0.268	0.0172	0.142	0.263
6.365	0.0035	0.071	0.210	0.0112	0.159	0.255
6.370	0.0079	0.052	0.113	0.0127	0.425	0.287
6.375	0.0033	0.117	0.199	0.0160	0.380	0.294
6.380	0.0043	0.108	0.256	0.0142	0.363	0.282
6.385	0.0034	0.069	0.206	0.0173	0.286	0.256
6.390	0.0025	0.094	0.370	0.0147	0.223	0.254
6.395	0.0043	0.069	0.346	0.0165	0.227	0.237
6.400	0.0058	0.090	0.476	0.0121	0.163	0.203
6.405	0.0057	0.050	0.490	0.0107	0.155	0.206
6.410	0.0047	0.042	0.400	0.0194	0.160	0.196
6.415	0.0049	0.106	0.432	0.0228	0.089	0.182
6.420	0.0060	0.029	0.319	0.0155	0.067	0.178
6.425	0.0059	0.023	0.311	0.0322	0.078	0.180
6.430	0.0033	0.065	0.421	0.0248	0.051	0.178
6.435	0.0082	0.019	0.586	0.0361	0.017	0.139
6.440	0.0039	0.025	0.615	0.0295	0.005	0.106
6.445	0.0130	0.006	0.684	0.0236	0.003	0.081
6.450	0.0068	0.019	0.715	0.0356	0.001	0.050
6.455	0.0106	0.015	0.723	0.0237	0.001	0.048
6.460	0.0166	0.010	0.764	0.0169	0.001	0.035
6.465	0.0246	0.010	0.761	0.0172	0.001	0.032
6.470	0.0250	0.008	0.772	0.0172	0.001	0.027
6.475	0.0174	0.010	0.778	0.0159	0.001	0.026
6.480	0.0254	0.010	0.771	0.0133	0.002	0.030
6.485	0.0324	0.008	0.761	0.0117	0.003	0.031
6.490	0.0441	0.010	0.761	0.0114	0.004	0.031
6.495	0.0462	0.008	0.718	0.0111	0.005	0.033
6.500	0.0423	0.010	0.629	0.0229	0.007	0.035
6.505	0.0288	0.015	0.560	0.0253	0.009	0.038
6.510	0.0262	0.017	0.528	0.0311	0.006	0.032
6.515	0.0307	0.015	0.588	0.0260	0.004	0.029
6.520	0.0436	0.013	0.710	0.0209	0.004	0.025
6.525	0.0522	0.017	0.670	0.0111	0.004	0.026
6.530	0.0649	0.027	0.499	0.0202	0.006	0.030
6.535	0.0649	0.025	0.409	0.0226	0.009	0.034
6.540	0.0464	0.025	0.641	0.0255	0.009	0.032
6.545	0.0320	0.023	0.670	0.0143	0.007	0.029
6.550	0.0386	0.025	0.632	0.0197	0.006	0.032
6.555	0.0520	0.027	0.634	0.0174	0.005	0.037
6.560	0.0578	0.021	0.684	0.0128	0.004	0.037
6.565	0.0543	0.019	0.727	0.0124	0.004	0.036
6.570	0.0566	0.017	0.722	0.0072	0.003	0.035
6.575	0.0785	0.015	0.718	0.0087	0.003	0.035
6.580	0.0869	0.017	0.675	0.0152	0.003	0.033
6.585	0.0752	0.023	0.645	0.0160	0.003	0.032
6.590	0.0605	0.015	0.674	0.0126	0.007	0.035
6.595	0.0510	0.017	0.669	0.0104	0.010	0.035
6.600	0.0447	0.015	0.675	0.0109	0.013	0.042
6.605	0.0409	0.017	0.692	0.0109	0.016	0.040
6.610	0.0437	0.017	0.702	0.0105	0.017	0.041
6.615	0.0447	0.017	0.714	0.0115	0.016	0.040
6.620	0.0479	0.017	0.733	0.0094	0.013	0.038
6.625	0.0525	0.017	0.731	0.0094	0.011	0.038
6.630	0.0577	0.013	0.729	0.0118	0.009	0.035
6.635	0.0624	0.013	0.741	0.0113	0.009	0.036
6.640	0.0690	0.015	0.747	0.0096	0.007	0.035
6.645	0.0771	0.013	0.728	0.0141	0.006	0.032
6.650	0.0886	0.013	0.628	0.0216	0.005	0.031
6.655	0.0954	0.013	0.578	0.0275	0.004	0.031
6.660	0.0678	0.015	0.556	0.0220	0.005	0.032
6.665	0.0524	0.021	0.512	0.0257	0.007	0.034
6.670	0.0451	0.019	0.652	0.0194	0.007	0.039
6.675	0.0280	0.023	0.758	0.0144	0.006	0.040
6.680	0.0461	0.010	0.801	0.0128	0.005	0.033
6.685	0.0602	0.010	0.810	0.0117	0.004	0.032
6.690	0.0473	0.010	0.736	0.0158	0.003	0.034
6.695	0.0449	0.010	0.631	0.0248	0.002	0.033
6.700	0.0523	0.010	0.384	0.0340	0.001	0.042
6.705	0.0381	0.015	0.529	0.0357	0.001	0.052
6.710	0.0175	0.015	0.572	0.0256	0.001	0.056
6.715	0.0136	0.021	0.539	0.0337	0.001	0.060
6.720	0.0116	0.004	0.612	0.0126	0.000	0.054
6.725	0.0076	0.010	0.692	0.0179	0.000	0.058
6.730	0.0046	0.004	0.700	0.0313	0.000	0.061
6.735	0.0055	0.010	0.690	0.0262	0.000	0.063
6.740	0.0046	0.008	0.692	0.0133	0.000	0.086
6.745	0.0036	0.010	0.659	0.0141	0.001	0.095
6.750	0.0024	0.010	0.524	0.0183	0.001	0.124
6.755	0.0022	0.010	0.322	0.0257	0.005	0.181
6.760	0.0010	0.019	0.348	0.0510	0.007	0.170
6.765	0.0011	0.033	0.358	0.0360	0.004	0.121
6.770	0.0009	0.019	0.303	0.0145	0.004	0.109
6.775	0.0059	0.025	0.389	0.0278	0.009	0.151
6.780	0.0019	0.027	0.368	0.0208	0.008	0.131
6.785	0.0013	0.021	0.343	0.0283	0.008	0.142
6.790	0.0024	0.035	0.306	0.0643	0.005	0.107
6.795	0.0019	0.025	0.599	0.0396	0.001	0.058
6.800	0.0015	0.015	0.710	0.0213	0.001	0.038
6.805	0.0108	0.006	0.779	0.0187	0.001	0.030
6.810	0.0156	0.006	0.774	0.0160	0.002	0.022
6.815	0.0195	0.008	0.723	0.0242	0.002	0.020
6.820	0.0334	0.010	0.615	0.0266	0.001	0.016
6.825	0.0238	0.015	0.535	0.0309	0.001	0.019
6.830	0.0342	0.010	0.538	0.0173	0.001	0.018
6.835	0.0483	0.015	0.304	0.0328	0.002	0.016
6.840	0.0609	0.015	0.341	0.0245	0.005	0.020
6.845	0.0489	0.029	0.378	0.0324	0.008	0.021
6.850	0.0575	0.029	0.486	0.0246	0.008	0.024
6.855	0.0451	0.027	0.611	0.0163	0.007	0.022
6.860	0.0548	0.025	0.693	0.0177	0.005	0.024
6.865	0.0687	0.021	0.700	0.0141	0.006	0.023
6.870	0.0643	0.029	0.690	0.0157	0.006	0.021
6.875	0.0651	0.035	0.697	0.0106	0.007	0.023
6.880	0.0624	0.033	0.655	0.0116	0.009	0.021
6.885	0.0614	0.037	0.654	0.0148	0.012	0.020
6.890	0.0649	0.035	0.653	0.0097	0.018	0.023
6.895	0.0571	0.031	0.701	0.0096	0.021	0.027
6.900	0.0563	0.027	0.681	0.0095	0.027	0.035
6.905	0.0595	0.025	0.706	0.0071	0.029	0.037
6.910	0.0600	0.021	0.712	0.0096	0.027	0.036
6.915	0.0557	0.021	0.716	0.0085	0.025	0.038
6.920	0.0515	0.023	0.704	0.0064	0.024	0.038
6.925	0.0479	0.025	0.692	0.0089	0.023	0.044
6.930	0.0383	0.019	0.714	0.0092	0.022	0.037
6.935	0.0297	0.017	0.708	0.0081	0.023	0.037
6.940	0.0270	0.015	0.702	0.0069	0.022	0.039
6.945	0.0256	0.021	0.678	0.0084	0.017	0.040
6.950	0.0271	0.015	0.663	0.0152	0.011	0.045
6.955	0.0341	0.021	0.643	0.0161	0.008	0.041
6.960	0.0385	0.010	0.446	0.0174	0.007	0.047
6.965	0.0429	0.013	0.572	0.0167	0.013	0.054
6.970	0.0300	0.017	0.618	0.0171	0.011	0.068
6.975	0.0257	0.017	0.476	0.0307	0.006	0.081
6.980	0.0170	0.008	0.247	0.0505	0.001	0.099
6.985	0.0087	0.010	0.500	0.0443	0.001	0.091
6.990	0.0059	0.004	0.719	0.0130	0.000	0.084
6.995	0.0082	0.006	0.640	0.0162	0.000	0.083
7.000	0.0065	0.004	0.584	0.0180	0.001	0.091
7.005	0.0045	0.004	0.577	0.0244	0.001	0.105
7.010	0.0033	0.002	0.492	0.0259	0.002	0.139
7.015	0.0023	0.013	0.506	0.0172	0.003	0.154
7.020	0.0018	0.021	0.496	0.0185	0.004	0.224
7.025	0.0007	0.008	0.664	0.0187	0.005	0.251
7.030	0.0007	0.029	0.584	0.0140	0.010	0.302
7.035	0.0008	0.017	0.482	0.0251	0.015	0.311
7.040	0.0005	0.019	0.265	0.0425	0.016	0.301
7.045	0.0004	0.079	0.448	0.0259	0.007	0.258
7.050	0.0002	0.021	0.238	0.0291	0.011	0.255
7.055	0.0011	0.008	0.380	0.0202	0.013	0.207
7.060	0.0006	0.025	0.228	0.0319	0.005	0.126
7.065	0.0026	0.021	0.477	0.0363	0.002	0.075
7.070	0.0027	0.017	0.517	0.0156	0.002	0.060
7.075	0.0071	0.025	0.542	0.0290	0.004	0.064
7.080	0.0194	0.015	0.551	0.0213	0.005	0.064
7.085	0.0170	0.027	0.562	0.0200	0.006	0.057
7.090	0.0256	0.021	0.642	0.0154	0.008	0.048
7.095	0.0288	0.023	0.633	0.0088	0.009	0.045
7.100	0.0404	0.013	0.560	0.0162	0.010	0.040
7.105	0.0347	0.017	0.532	0.0205	0.006	0.036
7.110	0.0283	0.021	0.546	0.0202	0.004	0.028
7.115	0.0242	0.019	0.560	0.0214	0.002	0.029
7.120	0.0214	0.017	0.532	0.0196	0.001	0.034
7.125	0.0222	0.015	0.463	0.0258	0.001	0.034
7.130	0.0183	0.017	0.505	0.0283	0.000	0.038
7.135	0.0172	0.010	0.597	0.0284	0.000	0.037
7.140	0.0165	0.010	0.594	0.0149	0.000	0.036
7.145	0.0278	0.010	0.522	0.0219	0.000	0.036
7.150	0.0188	0.013	0.439	0.0387	0.000	0.042
7.155	0.0043	0.013	0.568	0.0265	0.000	0.043
7.160	0.0052	0.008	0.535	0.0229	0.000	0.043
7.165	0.0071	0.010	0.607	0.0249	0.000	0.039
7.170	0.0085	0.008	0.568	0.0228	0.000	0.036
7.175	0.0121	0.006	0.613	0.0241	0.000	0.035
7.180	0.0101	0.008	0.626	0.0191	0.000	0.027
7.185	0.0152	0.010	0.683	0.0279	0.000	0.022
7.190	0.0152	0.008	0.713	0.0110	0.000	0.020
7.195	0.0145	0.008	0.703	0.0144	0.000	0.027
7.200	0.0168	0.008	0.720	0.0095	0.001	0.035
7.205	0.0208	0.008	0.716	0.0127	0.003	0.041
7.210	0.0258	0.008	0.733	0.0094	0.005	0.039
7.215	0.0284	0.008	0.729	0.0090	0.007	0.042
7.220	0.0311	0.006	0.735	0.0090	0.011	0.044
7.225	0.0330	0.013	0.737	0.0077	0.012	0.047
7.230	0.0342	0.021	0.714	0.0098	0.011	0.052
7.235	0.0360	0.021	0.717	0.0088	0.011	0.049
7.240	0.0352	0.013	0.727	0.0095	0.010	0.054
7.245	0.0382	0.013	0.723	0.0134	0.010	0.056
7.250	0.0454	0.013	0.709	0.0088	0.012	0.061
7.255	0.0446	0.015	0.700	0.0129	0.011	0.056
7.260	0.0408	0.008	0.574	0.0209	0.007	0.063
7.265	0.0343	0.008	0.493	0.0234	0.006	0.074
7.270	0.0277	0.008	0.517	0.0430	0.003	0.095
7.275	0.0128	0.006	0.665	0.0254	0.001	0.091
7.280	0.0115	0.006	0.727	0.0172	0.001	0.089
7.285	0.0086	0.008	0.708	0.0089	0.001	0.086
7.290	0.0052	0.008	0.702	0.0135	0.001	0.083
7.295	0.0049	0.006	0.680	0.0108	0.001	0.078
7.300	0.0042	0.008	0.673	0.0143	0.001	0.074
7.305	0.0066	0.008	0.656	0.0244	0.001	0.066
7.310	0.0103	0.008	0.667	0.0175	0.001	0.047
7.315	0.0144	0.008	0.650	0.0198	0.002	0.045
7.320	0.0174	0.017	0.676	0.0151	0.002	0.042
7.325	0.0200	0.015	0.687	0.0177	0.003	0.039
7.330	0.0238	0.019	0.708	0.0160	0.003	0.040
7.335	0.0273	0.017	0.726	0.0179	0.004	0.035
7.340	0.0306	0.017	0.714	0.0187	0.007	0.037
7.345	0.0320	0.025	0.724	0.0121	0.007	0.041
7.350	0.0339	0.025	0.754	0.0088	0.004	0.040
7.355	0.0329	0.013	0.760	0.0096	0.006	0.043
7.360	0.0316	0.019	0.750	0.0090	0.011	0.042
7.365	0.0357	0.013	0.756	0.0079	0.010	0.040
7.370	0.0325	0.015	0.746	0.0089	0.007	0.043
7.375	0.0322	0.013	0.744	0.0102	0.010	0.043
7.380	0.0346	0.015	0.753	0.0090	0.014	0.043
7.385	0.0406	0.017	0.756	0.0074	0.013	0.045
7.390	0.0577	0.021	0.780	0.0057	0.010	0.038
7.395	0.0596	0.017	0.771	0.0070	0.009	0.037
7.400	0.0542	0.010	0.776	0.0093	0.005	0.035
7.405	0.0581	0.008	0.776	0.0097	0.004	0.037
7.410	0.0421	0.010	0.716	0.0138	0.002	0.038
7.415	0.0401	0.010	0.690	0.0135	0.001	0.038
7.420	0.0333	0.008	0.641	0.0224	0.001	0.042
7.425	0.0305	0.008	0.653	0.0208	0.000	0.044
7.430	0.0228	0.023	0.742	0.0180	0.000	0.045
7.435	0.0218	0.008	0.765	0.0135	0.000	0.042
7.440	0.0257	0.013	0.806	0.0066	0.000	0.041
7.445	0.0225	0.008	0.781	0.0142	0.000	0.042
7.450	0.0199	0.006	0.748	0.0138	0.000	0.043
7.455	0.0152	0.004	0.747	0.0133	0.000	0.047
7.460	0.0086	0.004	0.739	0.0155	0.000	0.050
7.465	0.0057	0.004	0.744	0.0120	0.000	0.048
7.470	0.0110	0.004	0.722	0.0174	0.000	0.044
7.475	0.0139	0.004	0.703	0.0115	0.000	0.034
7.480	0.0172	0.013	0.653	0.0139	0.000	0.030
7.485	0.0169	0.008	0.621	0.0172	0.000	0.029
7.490	0.0203	0.019	0.599	0.0138	0.000	0.029
7.495	0.0242	0.015	0.643	0.0184	0.001	0.028
7.500	0.0363	0.021	0.614	0.0190	0.001	0.026
7.505	0.0512	0.021	0.643	0.0208	0.001	0.022
7.510	0.0554	0.023	0.653	0.0103	0.002	0.022
7.515	0.0574	0.027	0.557	0.0182	0.002	0.024
7.520	0.0583	0.029	0.628	0.0225	0.003	0.027
7.525	0.0472	0.033	0.679	0.0147	0.002	0.029
7.530	0.0359	0.031	0.713	0.0098	0.002	0.029
7.535	0.0214	0.031	0.687	0.0086	0.002	0.031
7.540	0.0197	0.031	0.686	0.0119	0.002	0.038
7.545	0.0165	0.031	0.656	0.0092	0.002	0.038
7.550	0.0252	0.033	0.602	0.0126	0.004	0.040
7.555	0.0253	0.025	0.491	0.0191	0.004	0.041
7.560	0.0287	0.025	0.451	0.0219	0.002	0.045
7.565	0.0202	0.031	0.540	0.0269	0.001	0.044
7.570	0.0224	0.025	0.682	0.0162	0.002	0.039
7.575	0.0174	0.013	0.699	0.0177	0.002	0.035
7.580	0.0165	0.021	0.743	0.0085	0.002	0.028
7.585	0.0124	0.019	0.681	0.0101	0.002	0.027
7.590	0.0068	0.021	0.507	0.0242	0.003	0.028
7.595	0.0070	0.029	0.463	0.0328	0.003	0.027
7.600	0.0086	0.027	0.568	0.0189	0.001	0.026
7.605	0.0107	0.023	0.650	0.0119	0.001	0.030
7.610	0.0223	0.027	0.681	0.0088	0.001	0.037
7.615	0.0334	0.013	0.716	0.0088	0.001	0.045
7.620	0.0460	0.021	0.708	0.0111	0.002	0.044
7.625	0.0448	0.015	0.709	0.0097	0.003	0.048
7.630	0.0424	0.015	0.722	0.0093	0.004	0.044
7.635	0.0432	0.017	0.694	0.0121	0.003	0.043
7.640	0.0305	0.010	0.661	0.0135	0.002	0.038
7.645	0.0375	0.019	0.597	0.0272	0.001	0.038
7.650	0.0349	0.013	0.608	0.0172	0.002	0.041
7.655	0.0341	0.017	0.683	0.0106	0.003	0.046
7.660	0.0246	0.019	0.637	0.0163	0.004	0.053
7.665	0.0249	0.021	0.563	0.0180	0.004	0.059
7.670	0.0240	0.013	0.439	0.0242	0.004	0.086
7.675	0.0162	0.015	0.517	0.0307	0.003	0.088
7.680	0.0090	0.008	0.683	0.0271	0.001	0.079
7.685	0.0094	0.013	0.740	0.0163	0.001	0.071
7.690	0.0093	0.008	0.725	0.0126	0.000	0.071
7.695	0.0092	0.004	0.722	0.0206	0.001	0.072
7.700	0.0073	0.013	0.727	0.0184	0.000	0.074
7.705	0.0074	0.006	0.660	0.0200	0.000	0.077
7.710	0.0066	0.010	0.677	0.0195	0.001	0.079
7.715	0.0045	0.006	0.608	0.0189	0.001	0.074
7.720	0.0028	0.015	0.510	0.0246	0.002	0.069
7.725	0.0030	0.019	0.553	0.0195	0.003	0.070
7.730	0.0061	0.029	0.597	0.0178	0.005	0.069
7.735	0.0157	0.025	0.620	0.0172	0.006	0.073
7.740	0.0239	0.021	0.685	0.0145	0.006	0.061
7.745	0.0337	0.025	0.685	0.0132	0.006	0.055
7.750	0.0505	0.013	0.639	0.0161	0.006	0.046
7.755	0.0572	0.015	0.643	0.0162	0.007	0.043
7.760	0.0571	0.021	0.669	0.0090	0.011	0.036
7.765	0.0540	0.017	0.695	0.0047	0.013	0.037
7.770	0.0471	0.031	0.715	0.0054	0.014	0.038
7.775	0.0383	0.027	0.708	0.0084	0.015	0.036
7.780	0.0312	0.023	0.714	0.0076	0.015	0.037
7.785	0.0233	0.029	0.659	0.0099	0.014	0.039
7.790	0.0254	0.015	0.603	0.0144	0.012	0.042
7.795	0.0260	0.019	0.568	0.0165	0.010	0.044
7.800	0.0303	0.017	0.453	0.0195	0.006	0.061
7.805	0.0317	0.010	0.482	0.0195	0.004	0.071
7.810	0.0192	0.008	0.459	0.0189	0.012	0.109
7.815	0.0142	0.033	0.463	0.0368	0.012	0.155
7.820	0.0063	0.013	0.607	0.0237	0.003	0.172
7.825	0.0051	0.004	0.558	0.0114	0.004	0.175
7.830	0.0042	0.008	0.392	0.0310	0.006	0.199
7.835	0.0027	0.015	0.296	0.0298	0.008	0.229
7.840	0.0014	0.019	0.460	0.0148	0.039	0.295
7.845	0.0011	0.058	0.331	0.0139	0.176	0.354
7.850	0.0007	0.069	0.249	0.0140	0.594	0.325
7.855	0.0008	0.102	0.211	0.0116	0.799	0.289
7.860	0.0010	0.198	0.144	0.0129	0.892	0.258
7.865	0.0012	0.219	0.167	0.0148	0.957	0.241
7.870	0.0014	0.235	0.116	0.0153	0.988	0.206
7.875	0.0028	0.225	0.104	0.0163	0.994	0.181
7.880	0.0035	0.210	0.109	0.0115	0.995	0.174
7.885	0.0079	0.194	0.139	0.0132	0.995	0.181
7.890	0.0056	0.206	0.152	0.0142	0.997	0.195
7.895	0.0061	0.204	0.156	0.0113	0.997	0.230
7.900	0.0056	0.219	0.081	0.0297	0.737	0.299
7.905	0.0017	0.188	0.350	0.0591	0.065	0.208
7.910	0.0011	0.135	0.307	0.0418	0.002	0.104
7.915	0.0035	0.037	0.469	0.0305	0.001	0.075
7.920	0.0132	0.013	0.571	0.0206	0.001	0.060
7.925	0.0214	0.015	0.490	0.0166	0.003	0.065
7.930	0.0350	0.013	0.414	0.0171	0.005	0.064
7.935	0.0311	0.013	0.306	0.0215	0.008	0.067
7.940	0.0200	0.021	0.421	0.0222	0.006	0.057
7.945	0.0143	0.033	0.383	0.0240	0.005	0.054
7.950	0.0179	0.025	0.476	0.0230	0.003	0.068
7.955	0.0231	0.010	0.495	0.0220	0.004	0.080
7.960	0.0166	0.021	0.530	0.0149	0.008	0.089
7.965	0.0097	0.017	0.587	0.0117	0.010	0.094
7.970	0.0086	0.015	0.441	0.0207	0.010	0.096
7.975	0.0175	0.008	0.371	0.0307	0.009	0.094
7.980	0.0190	0.017	0.519	0.0313	0.004	0.077
7.985	0.0090	0.010	0.477	0.0404	0.002	0.083
7.990	0.0058	0.006	0.317	0.0259	0.002	0.148
7.995	0.0021	0.008	0.462	0.0261	0.002	0.160
8.000	0.0040	0.002	0.291	0.0286	0.004	0.201
8.005	0.0018	0.006	0.262	0.0214	0.009	0.248
8.010	0.0008	0.027	0.411	0.0282	0.013	0.289
8.015	0.0004	0.013	0.349	0.0272	0.012	0.307
8.020	0.0002	0.046	0.291	0.0120	0.023	0.401
8.025	0.0003	0.029	0.260	0.0123	0.058	0.470
8.030	0.0002	0.090	0.144	0.0303	0.087	0.477
8.035	0.0001	0.048	0.209	0.0157	0.048	0.396
8.040	0.0001	0.054	0.263	0.0141	0.041	0.377
8.045	0.0003	0.056	0.346	0.0247	0.046	0.380
8.050	0.0002	0.096	0.248	0.0188	0.021	0.340
8.055	0.0002	0.035	0.257	0.0232	0.025	0.387
8.060	0.0002	0.029	0.124	0.0859	0.002	0.196
8.065	0.0002	0.025	0.473	0.0643	0.000	0.089
8.070	0.0002	0.025	0.596	0.0373	0.000	0.045
8.075	0.0030	0.006	0.697	0.0320	0.000	0.038
8.080	0.0071	0.004	0.731	0.0143	0.000	0.032
8.085	0.0096	0.004	0.718	0.0246	0.000	0.036
8.090	0.0113	0.002	0.627	0.0459	0.000	0.035
8.095	0.0112	0.004	0.615	0.0250	0.000	0.036
8.100	0.0110	0.013	0.672	0.0135	0.000	0.030
8.105	0.0144	0.021	0.740	0.0106	0.000	0.028
8.110	0.0205	0.023	0.722	0.0086	0.000	0.028
8.115	0.0191	0.021	0.717	0.0133	0.000	0.029
8.120	0.0176	0.015	0.725	0.0071	0.000	0.031
8.125	0.0098	0.015	0.709	0.0113	0.000	0.034
8.130	0.0030	0.017	0.724	0.0086	0.000	0.035
8.135	0.0064	0.021	0.677	0.0093	0.000	0.035
8.140	0.0086	0.017	0.720	0.0054	0.000	0.034
8.145	0.0085	0.021	0.697	0.0167	0.000	0.036
8.150	0.0089	0.021	0.716	0.0100	0.000	0.037
8.155	0.0133	0.021	0.736	0.0090	0.000	0.040
8.160	0.0164	0.017	0.710	0.0136	0.000	0.039
8.165	0.0164	0.015	0.751	0.0078	0.000	0.036
8.170	0.0163	0.021	0.556	0.0247	0.000	0.038
8.175	0.0207	0.013	0.567	0.0413	0.000	0.040
8.180	0.0163	0.017	0.641	0.0335	0.000	0.034
8.185	0.0134	0.004	0.753	0.0164	0.000	0.032
8.190	0.0145	0.004	0.732	0.0079	0.000	0.029
8.195	0.0125	0.004	0.743	0.0141	0.000	0.028
8.200	0.0121	0.004	0.748	0.0156	0.000	0.028
8.205	0.0121	0.004	0.741	0.0136	0.000	0.028
8.210	0.0123	0.004	0.724	0.0126	0.000	0.028
8.215	0.0113	0.004	0.665	0.0143	0.000	0.034
8.220	0.0111	0.004	0.539	0.0300	0.000	0.028
8.225	0.0115	0.006	0.576	0.0292	0.000	0.026
8.230	0.0145	0.017	0.680	0.0127	0.000	0.025
8.235	0.0059	0.013	0.683	0.0175	0.000	0.024
8.240	0.0060	0.013	0.681	0.0086	0.000	0.023
8.245	0.0083	0.019	0.638	0.0129	0.000	0.023
8.250	0.0127	0.010	0.662	0.0096	0.000	0.023
8.255	0.0150	0.021	0.692	0.0102	0.000	0.022
8.260	0.0213	0.023	0.685	0.0080	0.000	0.021
8.265	0.0295	0.021	0.724	0.0078	0.000	0.022
8.270	0.0347	0.021	0.728	0.0084	0.000	0.020
8.275	0.0355	0.015	0.711	0.0084	0.000	0.018
8.280	0.0188	0.023	0.715	0.0103	0.000	0.015
8.285	0.0105	0.019	0.669	0.0088	0.000	0.016
8.290	0.0173	0.021	0.702	0.0066	0.000	0.017
8.295	0.0217	0.019	0.691	0.0096	0.000	0.018
8.300	0.0276	0.015	0.695	0.0092	0.000	0.019
8.305	0.0258	0.023	0.742	0.0060	0.000	0.018
8.310	0.0421	0.025	0.716	0.0083	0.000	0.016
8.315	0.0456	0.027	0.719	0.0077	0.000	0.016
8.320	0.0428	0.023	0.725	0.0092	0.000	0.014
8.325	0.0351	0.023	0.719	0.0093	0.000	0.014
8.330	0.0216	0.019	0.711	0.0089	0.000	0.014
8.335	0.0171	0.019	0.673	0.0085	0.000	0.015
8.340	0.0162	0.023	0.653	0.0128	0.000	0.018
8.345	0.0248	0.010	0.666	0.0120	0.001	0.017
8.350	0.0229	0.023	0.651	0.0123	0.000	0.017
8.355	0.0303	0.025	0.686	0.0140	0.000	0.018
8.360	0.0344	0.017	0.701	0.0086	0.000	0.018
8.365	0.0252	0.013	0.644	0.0143	0.000	0.017
8.370	0.0157	0.015	0.629	0.0182	0.000	0.020
8.375	0.0179	0.017	0.643	0.0218	0.000	0.020
8.380	0.0167	0.010	0.605	0.0316	0.000	0.022
8.385	0.0206	0.017	0.661	0.0257	0.000	0.024
8.390	0.0231	0.008	0.670	0.0229	0.000	0.025
8.395	0.0125	0.010	0.634	0.0282	0.000	0.026
8.400	0.0082	0.008	0.572	0.0243	0.000	0.029
8.405	0.0091	0.010	0.570	0.0163	0.000	0.031
8.410	0.0154	0.013	0.515	0.0213	0.000	0.038
8.415	0.0091	0.008	0.471	0.0265	0.000	0.045
8.420	0.0023	0.010	0.278	0.0387	0.000	0.072
8.425	0.0034	0.006	0.262	0.0625	0.000	0.072
8.430	0.0027	0.004	0.443	0.0382	0.001	0.107
8.435	0.0015	0.004	0.216	0.0362	0.002	0.150
8.440	0.0014	0.015	0.182	0.0248	0.008	0.261
8.445	0.0004	0.046	0.163	0.0251	0.022	0.359
8.450	0.0004	0.060	0.550	0.0491	0.012	0.285
8.455	0.0002	0.031	0.653	0.0362	0.005	0.189
8.460	0.0009	0.027	0.590	0.0268	0.002	0.137
8.465	0.0023	0.027	0.476	0.0332	0.007	0.191
8.470	0.0016	0.031	0.269	0.0237	0.051	0.260
8.475	0.0010	0.042	0.300	0.0403	0.055	0.263
8.480	0.0004	0.044	0.081	0.0655	0.013	0.225
8.485	0.0006	0.033	0.312	0.0625	0.004	0.155
8.490	0.0002	0.054	0.311	0.0283	0.001	0.057
8.495	0.0010	0.025	0.331	0.0459	0.000	0.032
8.500	0.0037	0.008	0.573	0.0162	0.000	0.017
8.505	0.0076	0.010	0.658	0.0175	0.000	0.016
8.510	0.0223	0.013	0.660	0.0121	0.000	0.014
8.515	0.0240	0.008	0.632	0.0204	0.000	0.014
8.520	0.0157	0.010	0.660	0.0130	0.000	0.014
8.525	0.0155	0.010	0.661	0.0141	0.000	0.015
8.530	0.0199	0.008	0.672	0.0123	0.000	0.013
8.535	0.0289	0.013	0.699	0.0097	0.000	0.013
8.540	0.0386	0.010	0.691	0.0174	0.000	0.011
8.545	0.0205	0.010	0.674	0.0080	0.000	0.011
8.550	0.0212	0.008	0.670	0.0064	0.000	0.011
8.555	0.0263	0.010	0.690	0.0091	0.000	0.009
8.560	0.0415	0.010	0.692	0.0075	0.000	0.010
8.565	0.0532	0.010	0.651	0.0126	0.000	0.011
8.570	0.0292	0.010	0.659	0.0063	0.000	0.011
8.575	0.0251	0.015	0.678	0.0114	0.000	0.012
8.580	0.0381	0.013	0.681	0.0102	0.000	0.010
8.585	0.0434	0.015	0.713	0.0105	0.000	0.011
8.590	0.0675	0.013	0.718	0.0113	0.000	0.012
8.595	0.0613	0.019	0.670	0.0069	0.000	0.012
8.600	0.0236	0.015	0.676	0.0060	0.000	0.012
8.605	0.0372	0.013	0.699	0.0073	0.000	0.012
8.610	0.0495	0.015	0.698	0.0081	0.000	0.013
8.615	0.0468	0.015	0.725	0.0093	0.000	0.016
8.620	0.0693	0.013	0.722	0.0102	0.000	0.017
8.625	0.0645	0.015	0.682	0.0091	0.000	0.017
8.630	0.0332	0.015	0.683	0.0101	0.000	0.016
8.635	0.0327	0.015	0.675	0.0097	0.000	0.017
8.640	0.0388	0.008	0.674	0.0099	0.000	0.018
8.645	0.0341	0.013	0.685	0.0125	0.000	0.019
8.650	0.0416	0.010	0.667	0.0173	0.000	0.021
8.655	0.0408	0.013	0.707	0.0205	0.000	0.022
8.660	0.0424	0.010	0.712	0.0124	0.000	0.025
8.665	0.0329	0.008	0.623	0.0150	0.000	0.034
8.670	0.0128	0.010	0.581	0.0191	0.001	0.071
8.675	0.0127	0.006	0.576	0.0206	0.008	0.109
8.680	0.0066	0.008	0.528	0.0118	0.062	0.159
8.685	0.0129	0.040	0.545	0.0141	0.163	0.168
8.690	0.0109	0.083	0.370	0.0115	0.415	0.180
8.695	0.0067	0.081	0.244	0.0133	0.626	0.174
8.700	0.0050	0.119	0.118	0.0184	0.941	0.133
8.705	0.0054	0.185	0.156	0.0203	0.981	0.107
8.710	0.0066	0.221	0.134	0.0182	0.997	0.102
8.715	0.0068	0.217	0.174	0.0153	0.999	0.092
8.720	0.0069	0.217	0.208	0.0121	1.000	0.098
8.725	0.0130	0.219	0.217	0.0125	0.999	0.128
8.730	0.0053	0.185	0.110	0.0161	0.985	0.216
8.735	0.0026	0.165	0.129	0.0383	0.543	0.237
8.740	0.0017	0.154	0.342	0.0354	0.007	0.116
8.745	0.0008	0.079	0.377	0.0311	0.002	0.066
8.750	0.0077	0.008	0.536	0.0286	0.000	0.039
8.755	0.0220	0.013	0.604	0.0240	0.000	0.030
8.760	0.0333	0.013	0.655	0.0178	0.000	0.025
8.765	0.0417	0.013	0.638	0.0189	0.000	0.022
8.770	0.0360	0.019	0.652	0.0164	0.000	0.022
8.775	0.0176	0.027	0.632	0.0132	0.000	0.022
8.780	0.0101	0.019	0.648	0.0088	0.000	0.022
8.785	0.0140	0.021	0.675	0.0098	0.000	0.022
8.790	0.0227	0.023	0.679	0.0062	0.000	0.027
8.795	0.0372	0.021	0.732	0.0097	0.000	0.030
8.800	0.0424	0.019	0.731	0.0121	0.000	0.028
8.805	0.0322	0.021	0.662	0.0083	0.000	0.028
8.810	0.0080	0.017	0.663	0.0075	0.000	0.025
8.815	0.0088	0.019	0.685	0.0093	0.000	0.023
8.820	0.0194	0.023	0.667	0.0114	0.000	0.018
8.825	0.0241	0.023	0.715	0.0126	0.000	0.014
8.830	0.0376	0.017	0.739	0.0066	0.000	0.014
8.835	0.0371	0.013	0.724	0.0068	0.000	0.014
8.840	0.0287	0.017	0.723	0.0120	0.000	0.014
8.845	0.0099	0.010	0.670	0.0088	0.000	0.014
8.850	0.0078	0.017	0.659	0.0132	0.000	0.014
8.855	0.0169	0.008	0.634	0.0114	0.000	0.013
8.860	0.0203	0.015	0.560	0.0218	0.000	0.016
8.865	0.0254	0.021	0.591	0.0318	0.000	0.018
8.870	0.0213	0.008	0.677	0.0170	0.000	0.018
8.875	0.0163	0.004	0.631	0.0219	0.000	0.020
8.880	0.0043	0.002	0.579	0.0186	0.000	0.018
8.885	0.0073	0.008	0.558	0.0222	0.000	0.014
8.890	0.0135	0.004	0.644	0.0141	0.000	0.015
8.895	0.0201	0.010	0.712	0.0091	0.000	0.017
8.900	0.0313	0.013	0.716	0.0092	0.000	0.017
8.905	0.0322	0.010	0.662	0.0070	0.000	0.015
8.910	0.0121	0.013	0.663	0.0076	0.000	0.023
8.915	0.0096	0.019	0.688	0.0131	0.000	0.030
8.920	0.0199	0.015	0.677	0.0124	0.000	0.027
8.925	0.0286	0.023	0.709	0.0099	0.000	0.020
8.930	0.0333	0.017	0.695	0.0127	0.000	0.017
8.935	0.0256	0.013	0.646	0.0144	0.000	0.016
8.940	0.0103	0.010	0.666	0.0117	0.000	0.016
8.945	0.0188	0.015	0.669	0.0117	0.000	0.016
8.950	0.0186	0.015	0.686	0.0143	0.000	0.015
8.955	0.0279	0.015	0.707	0.0148	0.000	0.015
8.960	0.0363	0.013	0.705	0.0161	0.000	0.016
8.965	0.0233	0.010	0.673	0.0088	0.000	0.014
8.970	0.0124	0.013	0.664	0.0077	0.000	0.014
8.975	0.0194	0.015	0.688	0.0130	0.000	0.013
8.980	0.0218	0.013	0.679	0.0136	0.000	0.014
8.985	0.0296	0.015	0.706	0.0148	0.000	0.014
8.990	0.0354	0.017	0.714	0.0139	0.000	0.015
8.995	0.0232	0.015	0.636	0.0142	0.000	0.018
9.000	0.0135	0.019	0.620	0.0159	0.000	0.017
9.005	0.0167	0.019	0.628	0.0179	0.000	0.018
9.010	0.0199	0.013	0.607	0.0166	0.000	0.018
9.015	0.0321	0.019	0.648	0.0221	0.000	0.019
9.020	0.0346	0.015	0.665	0.0199	0.000	0.022
9.025	0.0134	0.015	0.638	0.0124	0.000	0.026
9.030	0.0107	0.017	0.579	0.0164	0.001	0.041
9.035	0.0213	0.019	0.412	0.0121	0.001	0.051
9.040	0.0449	0.025	0.352	0.0212	0.001	0.046
9.045	0.0516	0.023	0.439	0.0371	0.000	0.032
9.050	0.0130	0.023	0.632	0.0199	0.000	0.018
9.055	0.0225	0.025	0.630	0.0104	0.000	0.017
9.060	0.0577	0.025	0.640	0.0086	0.001	0.017
9.065	0.0491	0.023	0.660	0.0100	0.001	0.017
9.070	0.0199	0.017	0.600	0.0255	0.001	0.018
9.075	0.0284	0.023	0.348	0.0119	0.001	0.021
9.080	0.0598	0.025	0.401	0.0278	0.001	0.023
9.085	0.0288	0.017	0.298	0.0362	0.000	0.022
9.090	0.0106	0.027	0.445	0.0300	0.001	0.024
9.095	0.0193	0.027	0.521	0.0241	0.000	0.022
9.100	0.0350	0.021	0.629	0.0142	0.000	0.021
9.105	0.0551	0.015	0.596	0.0141	0.000	0.021
9.110	0.0394	0.017	0.575	0.0246	0.000	0.022
9.115	0.0283	0.013	0.508	0.0245	0.000	0.024
9.120	0.0354	0.013	0.561	0.0255	0.000	0.030
9.125	0.0325	0.015	0.636	0.0152	0.000	0.030
9.130	0.0524	0.013	0.485	0.0263	0.000	0.029
9.135	0.0305	0.008	0.390	0.0303	0.000	0.033
9.140	0.0151	0.013	0.405	0.0588	0.000	0.045
9.145	0.0055	0.006	0.525	0.0367	0.000	0.043
9.150	0.0127	0.002	0.695	0.0409	0.000	0.039
9.155	0.0122	0.004	0.705	0.0311	0.000	0.038
9.160	0.0099	0.004	0.700	0.0104	0.000	0.038
9.165	0.0084	0.004	0.719	0.0193	0.000	0.042
9.170	0.0088	0.004	0.718	0.0141	0.000	0.068
9.175	0.0095	0.004	0.691	0.0097	0.000	0.081
9.180	0.0087	0.002	0.685	0.0235	0.000	0.055
9.185	0.0061	0.004	0.681	0.0112	0.000	0.049
9.190	0.0058	0.004	0.654	0.0137	0.000	0.063
9.195	0.0061	0.002	0.636	0.0136	0.000	0.074
9.200	0.0041	0.004	0.547	0.0186	0.006	0.217
9.205	0.0026	0.004	0.556	0.0221	0.056	0.236
9.210	0.0031	0.002	0.468	0.0200	0.098	0.221
9.215	0.0020	0.037	0.578	0.0242	0.060	0.191
9.220	0.0034	0.029	0.631	0.0250	0.025	0.157
9.225	0.0077	0.019	0.680	0.0354	0.007	0.141
9.230	0.0078	0.008	0.679	0.0239	0.001	0.106
9.235	0.0091	0.008	0.727	0.0269	0.001	0.082
9.240	0.0122	0.004	0.713	0.0248	0.000	0.065
9.245	0.0157	0.002	0.700	0.0254	0.000	0.054
9.250	0.0153	0.004	0.709	0.0142	0.000	0.042
9.255	0.0127	0.004	0.689	0.0227	0.000	0.040
9.260	0.0122	0.004	0.717	0.0106	0.000	0.035
9.265	0.0118	0.004	0.664	0.0201	0.000	0.034
9.270	0.0122	0.008	0.645	0.0163	0.000	0.028
9.275	0.0199	0.006	0.627	0.0178	0.000	0.025
9.280	0.0257	0.013	0.528	0.0178	0.000	0.029
9.285	0.0371	0.010	0.603	0.0298	0.000	0.029
9.290	0.0303	0.010	0.624	0.0210	0.000	0.025
9.295	0.0164	0.010	0.641	0.0182	0.000	0.024
9.300	0.0302	0.013	0.681	0.0085	0.000	0.023
9.305	0.0343	0.019	0.691	0.0073	0.001	0.022
9.310	0.0485	0.015	0.667	0.0111	0.002	0.026
9.315	0.0270	0.019	0.659	0.0094	0.002	0.032
9.320	0.0257	0.008	0.654	0.0114	0.002	0.034
9.325	0.0245	0.015	0.682	0.0081	0.003	0.036
9.330	0.0311	0.015	0.690	0.0092	0.003	0.035
9.335	0.0338	0.015	0.642	0.0167	0.002	0.036
9.340	0.0193	0.013	0.632	0.0128	0.003	0.035
9.345	0.0197	0.008	0.643	0.0145	0.003	0.035
9.350	0.0208	0.015	0.642	0.0106	0.002	0.034
9.355	0.0312	0.015	0.649	0.0156	0.002	0.034
9.360	0.0242	0.015	0.664	0.0060	0.004	0.033
9.365	0.0152	0.008	0.670	0.0101	0.004	0.035
9.370	0.0179	0.015	0.653	0.0058	0.005	0.039
9.375	0.0256	0.010	0.658	0.0087	0.004	0.043
9.380	0.0229	0.013	0.659	0.0047	0.004	0.046
9.385	0.0141	0.008	0.663	0.0073	0.003	0.048
9.390	0.0143	0.010	0.635	0.0098	0.002	0.043
9.395	0.0203	0.010	0.626	0.0112	0.002	0.042
9.400	0.0183	0.008	0.623	0.0141	0.003	0.050
9.405	0.0129	0.008	0.625	0.0285	0.002	0.050
9.410	0.0091	0.008	0.618	0.0121	0.001	0.054
9.415	0.0154	0.010	0.635	0.0160	0.001	0.049
9.420	0.0147	0.008	0.636	0.0188	0.000	0.047
9.425	0.0050	0.008	0.561	0.0208	0.000	0.046
9.430	0.0085	0.010	0.527	0.0324	0.000	0.048
9.435	0.0121	0.006	0.621	0.0371	0.000	0.047
9.440	0.0018	0.008	0.389	0.0536	0.001	0.057
9.445	0.0022	0.006	0.324	0.0428	0.002	0.061
9.450	0.0068	0.013	0.444	0.0344	0.001	0.070
9.455	0.0009	0.023	0.450	0.0163	0.002	0.090
9.460	0.0050	0.008	0.356	0.0351	0.005	0.099
9.465	0.0034	0.010	0.135	0.0210	0.009	0.155
9.470	0.0013	0.013	0.275	0.0675	0.004	0.244
9.475	0.0003	0.025	0.612	0.0144	0.002	0.221
9.480	0.0006	0.004	0.492	0.0241	0.005	0.263
9.485	0.0009	0.017	0.366	0.0206	0.016	0.389
9.490	0.0004	0.017	0.600	0.0220	0.010	0.317
9.495	0.0002	0.013	0.531	0.0183	0.010	0.328
9.500	0.0005	0.004	0.222	0.0129	0.065	0.494
9.505	0.0003	0.056	0.037	0.0306	0.178	0.588
9.510	0.0001	0.165	0.131	0.0116	0.486	0.654
9.515	0.0000	0.138	0.158	0.0161	0.377	0.615
9.520	0.0000	0.185	0.249	0.0113	0.180	0.581
9.525	0.0000	0.098	0.220	0.0111	0.224	0.639
9.530	0.0001	0.117	0.203	0.0283	0.137	0.553
9.535	0.0000	0.123	0.273	0.0206	0.043	0.401
9.540	0.0001	0.058	0.258	0.0053	0.034	0.364
9.545	0.0002	0.015	0.184	0.0128	0.098	0.480
9.550	0.0001	0.119	0.106	0.0119	0.637	0.657
9.555	0.0000	0.192	0.167	0.0102	0.738	0.684
9.560	0.0000	0.206	0.131	0.0096	0.840	0.705
9.565	0.0000	0.223	0.156	0.0095	0.856	0.711
9.570	0.0000	0.250	0.158	0.0098	0.882	0.698
9.575	0.0000	0.242	0.166	0.0096	0.868	0.711
9.580	0.0000	0.196	0.207	0.0098	0.877	0.728
9.585	0.0000	0.229	0.188	0.0092	0.889	0.728
9.590	0.0000	0.252	0.182	0.0102	0.846	0.704
9.595	0.0000	0.229	0.155	0.0095	0.855	0.702
9.600	0.0000	0.231	0.122	0.0099	0.862	0.723
9.605	0.0000	0.254	0.110	0.0103	0.899	0.722
9.610	0.0000	0.225	0.170	0.0101	0.921	0.713
9.615	0.0000	0.267	0.158	0.0098	0.906	0.713
9.620	0.0000	0.250	0.119	0.0103	0.896	0.730
9.625	0.0000	0.240	0.147	0.0098	0.905	0.724
9.630	0.0000	0.215	0.169	0.0088	0.905	0.748
9.635	0.0000	0.250	0.154	0.0098	0.917	0.731
9.640	0.0000	0.208	0.145	0.0107	0.915	0.740
9.645	0.0000	0.217	0.188	0.0106	0.895	0.706
9.650	0.0000	0.242	0.189	0.0092	0.909	0.727
9.655	0.0000	0.217	0.158	0.0101	0.922	0.743
9.660	0.0000	0.237	0.167	0.0099	0.931	0.748
9.665	0.0000	0.217	0.250	0.0085	0.920	0.739
9.670	0.0000	0.219	0.244	0.0109	0.937	0.727
9.675	0.0000	0.235	0.227	0.0091	0.936	0.732
9.680	0.0000	0.217	0.159	0.0090	0.904	0.756
9.685	0.0000	0.240	0.112	0.0093	0.906	0.757
9.690	0.0000	0.233	0.142	0.0112	0.881	0.750
9.695	0.0000	0.185	0.032	0.0117	0.830	0.720
9.700	0.0000	0.215	0.279	0.0330	0.044	0.437
9.705	0.0000	0.204	0.312	0.0210	0.019	0.365
9.710	0.0000	0.108	0.258	0.0224	0.050	0.478
9.715	0.0002	0.031	0.076	0.0740	0.021	0.364
9.720	0.0001	0.067	0.578	0.0236	0.003	0.075
9.725	0.0002	0.029	0.710	0.0231	0.002	0.059
9.730	0.0014	0.015	0.759	0.0487	0.001	0.062
9.735	0.0157	0.013	0.699	0.0339	0.000	0.071
9.740	0.0085	0.015	0.654	0.0185	0.000	0.110
9.745	0.0045	0.015	0.567	0.0335	0.001	0.135
9.750	0.0027	0.015	0.340	0.0260	0.000	0.094
9.755	0.0010	0.013	0.501	0.0183	0.000	0.070
9.760	0.0013	0.015	0.592	0.0279	0.000	0.056
9.765	0.0033	0.015	0.568	0.0486	0.000	0.066
9.770	0.0063	0.013	0.362	0.0398	0.001	0.078
9.775	0.0027	0.013	0.381	0.0256	0.001	0.053
9.780	0.0010	0.010	0.385	0.0349	0.001	0.063
9.785	0.0069	0.017	0.291	0.0419	0.001	0.126
9.790	0.0026	0.017	0.349	0.0196	0.001	0.069
9.795	0.0012	0.010	0.388	0.0228	0.001	0.051
9.800	0.0014	0.025	0.286	0.0536	0.001	0.084
9.805	0.0045	0.015	0.357	0.0444	0.001	0.086
9.810	0.0017	0.013	0.504	0.0271	0.001	0.056
9.815	0.0010	0.015	0.334	0.0379	0.001	0.065
9.820	0.0053	0.017	0.505	0.0391	0.001	0.056
9.825	0.0025	0.013	0.358	0.0182	0.001	0.047
9.830	0.0020	0.013	0.449	0.0336	0.002	0.054
9.835	0.0054	0.017	0.364	0.0330	0.003	0.047
9.840	0.0032	0.015	0.461	0.0329	0.001	0.056
9.845	0.0076	0.021	0.504	0.0321	0.001	0.046
9.850	0.0050	0.013	0.612	0.0250	0.001	0.040
9.855	0.0080	0.013	0.671	0.0274	0.001	0.037
9.860	0.0098	0.017	0.630	0.0094	0.000	0.035
9.865	0.0081	0.015	0.727	0.0107	0.000	0.033
9.870	0.0128	0.013	0.586	0.0231	0.001	0.030
9.875	0.0083	0.015	0.559	0.0235	0.001	0.033
9.880	0.0096	0.013	0.435	0.0371	0.002	0.040
9.885	0.0096	0.017	0.552	0.0281	0.002	0.036
9.890	0.0042	0.015	0.505	0.0272	0.002	0.040
9.895	0.0096	0.013	0.490	0.0187	0.002	0.040
9.900	0.0042	0.013	0.504	0.0419	0.002	0.052
9.905	0.0077	0.019	0.322	0.0178	0.001	0.059
9.910	0.0042	0.013	0.424	0.0228	0.005	0.051
9.915	0.0088	0.015	0.467	0.0245	0.008	0.044
9.920	0.0055	0.019	0.399	0.0470	0.007	0.061
9.925	0.0149	0.023	0.538	0.0333	0.003	0.066
9.930	0.0066	0.019	0.363	0.0190	0.004	0.049
9.935	0.0040	0.021	0.501	0.0241	0.007	0.037
9.940	0.0052	0.013	0.515	0.0374	0.006	0.040
9.945	0.0230	0.023	0.473	0.0264	0.002	0.043
9.950	0.0103	0.015	0.589	0.0173	0.003	0.037
9.955	0.0124	0.015	0.607	0.0171	0.004	0.031
9.960	0.0056	0.015	0.629	0.0263	0.001	0.031
9.965	0.0165	0.013	0.684	0.0238	0.001	0.028
9.970	0.0249	0.015	0.597	0.0270	0.001	0.031
9.975	0.0141	0.015	0.460	0.0167	0.001	0.037
9.980	0.0144	0.019	0.466	0.0207	0.002	0.037
9.985	0.0135	0.023	0.534	0.0172	0.003	0.033
9.990	0.0192	0.021	0.565	0.0189	0.005	0.034
9.995	0.0108	0.015	0.555	0.0153	0.006	0.040
10.000	0.0122	0.017	0.544	0.0160	0.008	0.049
10.005	0.0197	0.019	0.595	0.0160	0.009	0.053
10.010	0.0333	0.013	0.658	0.0118	0.008	0.051
10.015	0.0278	0.013	0.638	0.0136	0.007	0.053
10.020	0.0192	0.015	0.669	0.0083	0.005	0.048
10.025	0.0364	0.013	0.679	0.0078	0.004	0.046
10.030	0.0390	0.015	0.685	0.0087	0.004	0.045
10.035	0.0516	0.017	0.688	0.0092	0.004	0.047
10.040	0.0402	0.015	0.686	0.0085	0.005	0.051
10.045	0.0181	0.017	0.675	0.0072	0.005	0.046
10.050	0.0275	0.015	0.677	0.0068	0.005	0.039
10.055	0.0314	0.015	0.690	0.0098	0.004	0.039
10.060	0.0366	0.015	0.701	0.0097	0.003	0.041
10.065	0.0449	0.013	0.715	0.0059	0.003	0.044
10.070	0.0401	0.015	0.718	0.0049	0.003	0.046
10.075	0.0318	0.015	0.673	0.0102	0.004	0.048
10.080	0.0219	0.010	0.646	0.0128	0.005	0.046
10.085	0.0265	0.010	0.641	0.0122	0.006	0.044
10.090	0.0317	0.019	0.652	0.0097	0.007	0.047
10.095	0.0420	0.019	0.686	0.0130	0.007	0.048
10.100	0.0524	0.019	0.697	0.0109	0.006	0.047
10.105	0.0391	0.019	0.662	0.0128	0.005	0.045
10.110	0.0216	0.023	0.654	0.0123	0.005	0.039
10.115	0.0345	0.021	0.667	0.0136	0.004	0.039
10.120	0.0333	0.019	0.671	0.0140	0.004	0.042
10.125	0.0404	0.010	0.658	0.0133	0.004	0.042
10.130	0.0283	0.015	0.651	0.0145	0.004	0.045
10.135	0.0198	0.010	0.659	0.0087	0.004	0.048
10.140	0.0226	0.008	0.647	0.0095	0.004	0.051
10.145	0.0216	0.010	0.678	0.0134	0.004	0.048
10.150	0.0340	0.013	0.694	0.0129	0.004	0.049
10.155	0.0369	0.008	0.670	0.0138	0.003	0.050
10.160	0.0301	0.010	0.636	0.0090	0.002	0.052
10.165	0.0213	0.015	0.582	0.0154	0.002	0.051
10.170	0.0184	0.015	0.557	0.0198	0.002	0.060
10.175	0.0231	0.015	0.640	0.0150	0.002	0.061
10.180	0.0206	0.008	0.688	0.0120	0.001	0.061
10.185	0.0170	0.010	0.674	0.0097	0.001	0.059
10.190	0.0118	0.006	0.678	0.0119	0.001	0.057
10.195	0.0069	0.006	0.668	0.0244	0.000	0.052
10.200	0.0059	0.008	0.656	0.0088	0.000	0.048
10.205	0.0117	0.006	0.682	0.0143	0.000	0.051
10.210	0.0110	0.015	0.680	0.0241	0.000	0.053
10.215	0.0084	0.006	0.654	0.0200	0.000	0.053
10.220	0.0048	0.010	0.665	0.0166	0.000	0.051
10.225	0.0022	0.004	0.699	0.0255	0.000	0.051
10.230	0.0062	0.006	0.698	0.0297	0.000	0.051
10.235	0.0067	0.008	0.708	0.0179	0.000	0.054
10.240	0.0061	0.004	0.704	0.0209	0.000	0.051
10.245	0.0057	0.004	0.683	0.0092	0.000	0.049
10.250	0.0041	0.002	0.686	0.0065	0.000	0.048
10.255	0.0018	0.004	0.696	0.0346	0.000	0.050
10.260	0.0048	0.002	0.694	0.0291	0.000	0.049
10.265	0.0057	0.004	0.714	0.0199	0.000	0.052
10.270	0.0056	0.004	0.703	0.0189	0.000	0.053
10.275	0.0053	0.008	0.683	0.0208	0.000	0.050
10.280	0.0042	0.002	0.690	0.0294	0.000	0.047
10.285	0.0021	0.004	0.662	0.0139	0.000	0.046
10.290	0.0033	0.017	0.660	0.0128	0.000	0.049
10.295	0.0065	0.010	0.660	0.0120	0.000	0.060
10.300	0.0076	0.017	0.686	0.0116	0.000	0.064
10.305	0.0086	0.017	0.690	0.0186	0.000	0.058
10.310	0.0102	0.010	0.685	0.0227	0.000	0.053
10.315	0.0095	0.006	0.639	0.0150	0.000	0.055
10.320	0.0056	0.006	0.645	0.0137	0.001	0.047
10.325	0.0044	0.013	0.612	0.0231	0.001	0.044
10.330	0.0094	0.015	0.465	0.0263	0.001	0.042
10.335	0.0122	0.023	0.471	0.0286	0.000	0.038
10.340	0.0129	0.021	0.519	0.0318	0.000	0.033
10.345	0.0048	0.015	0.448	0.0277	0.000	0.031
10.350	0.0071	0.010	0.407	0.0189	0.000	0.032
10.355	0.0142	0.013	0.325	0.0360	0.000	0.032
10.360	0.0097	0.013	0.359	0.0279	0.000	0.037
10.365	0.0052	0.023	0.400	0.0289	0.000	0.045
10.370	0.0160	0.023	0.254	0.0287	0.000	0.045
10.375	0.0033	0.008	0.453	0.0339	0.000	0.055
10.380	0.0078	0.013	0.363	0.0409	0.001	0.046
10.385	0.0031	0.008	0.429	0.0373	0.001	0.052
10.390	0.0094	0.013	0.411	0.0493	0.000	0.043
10.395	0.0043	0.008	0.415	0.0384	0.000	0.039
10.400	0.0131	0.013	0.520	0.0423	0.000	0.068
10.405	0.0072	0.010	0.546	0.0254	0.000	0.054
10.410	0.0032	0.013	0.353	0.0397	0.000	0.058
10.415	0.0091	0.010	0.419	0.0414	0.001	0.075
10.420	0.0047	0.013	0.545	0.0314	0.002	0.059
10.425	0.0035	0.010	0.501	0.0548	0.001	0.066
10.430	0.0114	0.013	0.526	0.0279	0.001	0.080
10.435	0.0071	0.013	0.183	0.0405	0.001	0.080
10.440	0.0033	0.027	0.443	0.0211	0.002	0.072
10.445	0.0054	0.010	0.478	0.0283	0.002	0.066
10.450	0.0074	0.013	0.555	0.0338	0.001	0.066
10.455	0.0104	0.010	0.471	0.0230	0.001	0.053
10.460	0.0058	0.013	0.489	0.0344	0.002	0.052
10.465	0.0096	0.013	0.490	0.0263	0.003	0.035
10.470	0.0039	0.023	0.461	0.0263	0.002	0.041
10.475	0.0154	0.013	0.404	0.0273	0.001	0.043
10.480	0.0066	0.013	0.318	0.0240	0.002	0.056
10.485	0.0074	0.013	0.422	0.0301	0.002	0.047
10.490	0.0021	0.019	0.457	0.0543	0.002	0.053
10.495	0.0136	0.017	0.596	0.0255	0.001	0.047
10.500	0.0068	0.013	0.421	0.0231	0.001	0.044
10.505	0.0131	0.013	0.478	0.0194	0.002	0.041
10.510	0.0070	0.015	0.408	0.0390	0.001	0.041
10.515	0.0157	0.031	0.577	0.0343	0.000	0.042
10.520	0.0071	0.017	0.484	0.0148	0.001	0.043
10.525	0.0028	0.017	0.646	0.0214	0.003	0.043
10.530	0.0075	0.013	0.576	0.0294	0.002	0.042
10.535	0.0210	0.029	0.518	0.0362	0.001	0.046
10.540	0.0124	0.013	0.322	0.0232	0.006	0.064
10.545	0.0096	0.023	0.234	0.0306	0.011	0.051
10.550	0.0051	0.019	0.402	0.0293	0.007	0.047
10.555	0.0161	0.023	0.355	0.0217	0.002	0.048
10.560	0.0072	0.010	0.535	0.0154	0.008	0.052
10.565	0.0091	0.017	0.549	0.0220	0.008	0.046
10.570	0.0236	0.015	0.334	0.0397	0.003	0.047
10.575	0.0138	0.015	0.332	0.0180	0.007	0.051
10.580	0.0122	0.010	0.263	0.0335	0.007	0.051
10.585	0.0233	0.015	0.321	0.0435	0.003	0.056
10.590	0.0089	0.008	0.473	0.0339	0.003	0.054
10.595	0.0081	0.013	0.547	0.0393	0.002	0.050
10.600	0.0201	0.010	0.546	0.0144	0.002	0.063
10.605	0.0281	0.013	0.552	0.0185	0.004	0.067
10.610	0.0165	0.010	0.412	0.0445	0.002	0.081
10.615	0.0069	0.013	0.398	0.0161	0.002	0.095
10.620	0.0058	0.006	0.450	0.0338	0.001	0.102
10.625	0.0077	0.013	0.484	0.0590	0.001	0.091
10.630	0.0052	0.004	0.692	0.0300	0.000	0.075
10.635	0.0044	0.006	0.656	0.0372	0.000	0.066
10.640	0.0009	0.008	0.657	0.0243	0.000	0.056
10.645	0.0042	0.004	0.694	0.0222	0.000	0.050
10.650	0.0055	0.002	0.686	0.0523	0.000	0.048
10.655	0.0048	0.004	0.730	0.0367	0.000	0.047
10.660	0.0049	0.004	0.729	0.0354	0.000	0.051
10.665	0.0062	0.004	0.710	0.0379	0.000	0.048
10.670	0.0063	0.002	0.719	0.0549	0.000	0.043
10.675	0.0061	0.004	0.716	0.0335	0.000	0.048
10.680	0.0040	0.004	0.711	0.0310	0.000	0.051
10.685	0.0049	0.004	0.701	0.0537	0.000	0.049
10.690	0.0058	0.004	0.688	0.0585	0.000	0.057
10.695	0.0053	0.002	0.688	0.0359	0.000	0.066
10.700	0.0035	0.004	0.673	0.0214	0.000	0.077
10.705	0.0034	0.004	0.672	0.0316	0.000	0.080
10.710	0.0035	0.002	0.612	0.0482	0.000	0.103
10.715	0.0020	0.004	0.572	0.0166	0.003	0.214
10.720	0.0017	0.004	0.352	0.0160	0.288	0.350
10.725	0.0012	0.019	0.205	0.0141	0.725	0.312
10.730	0.0005	0.163	0.128	0.0173	0.949	0.199
10.735	0.0008	0.192	0.136	0.0147	0.987	0.145
10.740	0.0012	0.179	0.122	0.0143	0.986	0.147
10.745	0.0026	0.169	0.146	0.0129	0.954	0.156
10.750	0.0031	0.144	0.176	0.0194	0.762	0.174
10.755	0.0022	0.125	0.384	0.0256	0.357	0.180
10.760	0.0024	0.104	0.370	0.0360	0.051	0.174
10.765	0.0042	0.050	0.567	0.0428	0.006	0.125
10.770	0.0052	0.013	0.659	0.0328	0.001	0.091
10.775	0.0090	0.013	0.701	0.0218	0.001	0.078
10.780	0.0124	0.017	0.721	0.0221	0.000	0.054
10.785	0.0157	0.008	0.737	0.0170	0.000	0.047
10.790	0.0206	0.008	0.740	0.0184	0.000	0.042
10.795	0.0243	0.008	0.762	0.0309	0.000	0.040
10.800	0.0253	0.008	0.754	0.0205	0.000	0.035
10.805	0.0237	0.008	0.780	0.0361	0.000	0.032
10.810	0.0181	0.008	0.739	0.0176	0.000	0.035
10.815	0.0197	0.008	0.743	0.0146	0.000	0.038
10.820	0.0147	0.006	0.709	0.0236	0.000	0.033
10.825	0.0118	0.008	0.722	0.0299	0.000	0.031
10.830	0.0162	0.006	0.745	0.0158	0.000	0.026
10.835	0.0191	0.008	0.727	0.0171	0.000	0.022
10.840	0.0221	0.008	0.743	0.0166	0.000	0.021
10.845	0.0326	0.008	0.730	0.0108	0.000	0.024
10.850	0.0343	0.008	0.688	0.0187	0.000	0.026
10.855	0.0293	0.008	0.656	0.0178	0.000	0.028
10.860	0.0199	0.008	0.679	0.0217	0.000	0.030
10.865	0.0198	0.006	0.667	0.0107	0.000	0.035
10.870	0.0201	0.013	0.621	0.0121	0.001	0.048
10.875	0.0135	0.017	0.583	0.0110	0.002	0.058
10.880	0.0138	0.029	0.694	0.0088	0.002	0.058
10.885	0.0130	0.015	0.683	0.0079	0.003	0.062
10.890	0.0130	0.023	0.652	0.0118	0.005	0.057
10.895	0.0140	0.029	0.671	0.0106	0.007	0.058
10.900	0.0178	0.025	0.656	0.0123	0.009	0.061
10.905	0.0187	0.027	0.676	0.0119	0.006	0.061
10.910	0.0238	0.029	0.634	0.0179	0.005	0.061
10.915	0.0227	0.031	0.605	0.0234	0.005	0.070
10.920	0.0153	0.021	0.673	0.0250	0.001	0.069
10.925	0.0127	0.006	0.714	0.0268	0.000	0.063
10.930	0.0118	0.004	0.756	0.0191	0.000	0.051
10.935	0.0136	0.004	0.731	0.0091	0.000	0.044
10.940	0.0131	0.004	0.649	0.0190	0.001	0.045
10.945	0.0129	0.004	0.669	0.0226	0.001	0.044
10.950	0.0142	0.004	0.644	0.0191	0.002	0.043
10.955	0.0180	0.015	0.690	0.0122	0.003	0.050
10.960	0.0175	0.029	0.730	0.0112	0.002	0.053
10.965	0.0188	0.021	0.742	0.0094	0.001	0.058
10.970	0.0201	0.021	0.728	0.0110	0.001	0.060
10.975	0.0201	0.021	0.742	0.0133	0.001	0.058
10.980	0.0190	0.021	0.739	0.0245	0.001	0.066
10.985	0.0186	0.008	0.669	0.0223	0.001	0.072
10.990	0.0180	0.013	0.545	0.0173	0.001	0.091
10.995	0.0095	0.010	0.510	0.0198	0.001	0.104
11.000	0.0046	0.004	0.497	0.0561	0.001	0.125
11.005	0.0012	0.010	0.532	0.0214	0.001	0.144
11.010	0.0027	0.008	0.370	0.0428	0.003	0.198
11.015	0.0021	0.019	0.210	0.0419	0.007	0.257
11.020	0.0012	0.006	0.399	0.0489	0.016	0.314
11.025	0.0003	0.010	0.650	0.0104	0.032	0.329
11.030	0.0009	0.010	0.591	0.0251	0.072	0.374
11.035	0.0004	0.060	0.433	0.0178	0.044	0.395
11.040	0.0004	0.019	0.476	0.0130	0.346	0.456
11.045	0.0004	0.062	0.230	0.0121	0.630	0.446
11.050	0.0002	0.192	0.096	0.0363	0.466	0.388
11.055	0.0003	0.158	0.136	0.0590	0.095	0.296
11.060	0.0003	0.150	0.469	0.0496	0.004	0.118
11.065	0.0007	0.023	0.633	0.0481	0.001	0.068
11.070	0.0044	0.013	0.716	0.0190	0.000	0.058
11.075	0.0218	0.008	0.653	0.0223	0.001	0.057
11.080	0.0360	0.008	0.626	0.0208	0.002	0.063
11.085	0.0285	0.010	0.661	0.0215	0.002	0.053
11.090	0.0225	0.013	0.680	0.0108	0.002	0.050
11.095	0.0221	0.015	0.617	0.0204	0.002	0.051
11.100	0.0128	0.013	0.517	0.0263	0.003	0.051
11.105	0.0143	0.019	0.553	0.0180	0.004	0.058
11.110	0.0112	0.025	0.515	0.0202	0.005	0.073
11.115	0.0166	0.044	0.551	0.0323	0.002	0.080
11.120	0.0137	0.015	0.633	0.0435	0.000	0.077
11.125	0.0089	0.006	0.613	0.0408	0.000	0.079
11.130	0.0038	0.006	0.653	0.0244	0.000	0.060
11.135	0.0044	0.008	0.735	0.0153	0.000	0.049
11.140	0.0103	0.006	0.715	0.0425	0.000	0.044
11.145	0.0107	0.004	0.695	0.0205	0.000	0.045
11.150	0.0087	0.004	0.660	0.0189	0.000	0.051
11.155	0.0048	0.004	0.665	0.0372	0.000	0.059
11.160	0.0048	0.002	0.652	0.0351	0.000	0.071
11.165	0.0043	0.004	0.676	0.0249	0.000	0.075
11.170	0.0028	0.004	0.624	0.0053	0.002	0.145
11.175	0.0049	0.002	0.541	0.0231	0.007	0.218
11.180	0.0037	0.013	0.310	0.0238	0.112	0.379
11.185	0.0013	0.067	0.243	0.0145	0.530	0.412
11.190	0.0009	0.110	0.106	0.0123	0.929	0.400
11.195	0.0006	0.217	0.163	0.0123	0.951	0.372
11.200	0.0010	0.233	0.135	0.0117	0.978	0.358
11.205	0.0013	0.240	0.147	0.0117	0.978	0.345
11.210	0.0016	0.248	0.117	0.0109	0.955	0.357
11.215	0.0016	0.254	0.112	0.0108	0.929	0.353
11.220	0.0013	0.248	0.095	0.0094	0.902	0.361
11.225	0.0014	0.202	0.129	0.0108	0.871	0.389
11.230	0.0013	0.210	0.145	0.0113	0.775	0.429
11.235	0.0008	0.206	0.127	0.0102	0.642	0.449
11.240	0.0007	0.171	0.244	0.0463	0.141	0.398
11.245	0.0004	0.152	0.337	0.0461	0.008	0.218
11.250	0.0003	0.092	0.275	0.0411	0.001	0.100
11.255	0.0025	0.013	0.519	0.0276	0.000	0.064
11.260	0.0054	0.021	0.637	0.0144	0.000	0.046
11.265	0.0147	0.015	0.671	0.0214	0.000	0.043
11.270	0.0195	0.010	0.698	0.0165	0.000	0.039
11.275	0.0176	0.010	0.667	0.0218	0.000	0.037
11.280	0.0119	0.013	0.658	0.0199	0.001	0.046
11.285	0.0156	0.010	0.606	0.0182	0.001	0.049
11.290	0.0169	0.010	0.407	0.0262	0.001	0.065
11.295	0.0168	0.010	0.367	0.0226	0.002	0.081
11.300	0.0104	0.017	0.510	0.0217	0.002	0.090
11.305	0.0083	0.010	0.563	0.0246	0.002	0.096
11.310	0.0031	0.006	0.623	0.0162	0.001	0.094
11.315	0.0021	0.015	0.626	0.0162	0.001	0.085
11.320	0.0054	0.006	0.629	0.0151	0.000	0.065
11.325	0.0047	0.008	0.627	0.0244	0.000	0.058
11.330	0.0025	0.010	0.477	0.0534	0.000	0.049
11.335	0.0016	0.008	0.571	0.0214	0.000	0.039
11.340	0.0037	0.019	0.315	0.0324	0.000	0.035
11.345	0.0052	0.019	0.249	0.0316	0.001	0.030
11.350	0.0030	0.010	0.323	0.0355	0.002	0.022
11.355	0.0041	0.015	0.473	0.0279	0.002	0.019
11.360	0.0052	0.025	0.635	0.0107	0.003	0.021
11.365	0.0193	0.015	0.705	0.0126	0.003	0.022
11.370	0.0346	0.015	0.690	0.0204	0.003	0.023
11.375	0.0291	0.013	0.671	0.0092	0.004	0.023
11.380	0.0210	0.015	0.658	0.0088	0.004	0.019
11.385	0.0130	0.023	0.586	0.0139	0.004	0.018
11.390	0.0203	0.019	0.574	0.0194	0.002	0.018
11.395	0.0250	0.019	0.620	0.0132	0.001	0.018
11.400	0.0208	0.013	0.629	0.0154	0.000	0.018
11.405	0.0112	0.015	0.596	0.0180	0.000	0.017
11.410	0.0089	0.008	0.521	0.0259	0.000	0.018
11.415	0.0093	0.010	0.539	0.0490	0.000	0.018
11.420	0.0116	0.010	0.662	0.0350	0.000	0.014
11.425	0.0028	0.015	0.633	0.0353	0.000	0.014
11.430	0.0030	0.008	0.659	0.0288	0.000	0.013
11.435	0.0113	0.006	0.723	0.0145	0.000	0.011
11.440	0.0147	0.008	0.690	0.0336	0.000	0.012
11.445	0.0180	0.004	0.727	0.0387	0.000	0.012
11.450	0.0140	0.004	0.722	0.0385	0.000	0.019
11.455	0.0140	0.004	0.658	0.0387	0.000	0.030
11.460	0.0102	0.002	0.550	0.0364	0.004	0.057
11.465	0.0092	0.004	0.436	0.0266	0.066	0.092
11.470	0.0031	0.008	0.311	0.0255	0.470	0.107
11.475	0.0046	0.048	0.209	0.0234	0.780	0.093
11.480	0.0029	0.142	0.158	0.0131	0.970	0.103
11.485	0.0027	0.144	0.207	0.0137	0.976	0.172
11.490	0.0002	0.133	0.116	0.0199	0.937	0.418
11.495	0.0001	0.163	0.155	0.0145	0.986	0.385
11.500	0.0001	0.154	0.220	0.0098	0.990	0.438
11.505	0.0002	0.167	0.203	0.0122	0.964	0.536
11.510	0.0001	0.192	0.126	0.0110	0.916	0.584
11.515	0.0001	0.208	0.201	0.0113	0.897	0.621
11.520	0.0001	0.183	0.183	0.0115	0.877	0.607
11.525	0.0000	0.171	0.261	0.0112	0.836	0.629
11.530	0.0000	0.133	0.290	0.0114	0.733	0.665
11.535	0.0000	0.127	0.298	0.0090	0.612	0.691
11.540	0.0000	0.119	0.226	0.0123	0.539	0.717
11.545	0.0000	0.094	0.157	0.0097	0.485	0.724
11.550	0.0000	0.090	0.241	0.0141	0.524	0.748
11.555	0.0000	0.090	0.214	0.0139	0.394	0.714
11.560	0.0000	0.090	0.219	0.0091	0.391	0.729
11.565	0.0000	0.079	0.178	0.0107	0.457	0.737
11.570	0.0000	0.037	0.137	0.0092	0.513	0.748
11.575	0.0000	0.058	0.109	0.0100	0.576	0.787
11.580	0.0000	0.067	0.244	0.0518	0.073	0.575
11.585	0.0000	0.004	0.404	0.0497	0.008	0.388
11.590	0.0000	0.019	0.296	0.0479	0.002	0.244
11.595	0.0001	0.019	0.473	0.0621	0.001	0.156
11.600	0.0002	0.006	0.425	0.0323	0.000	0.069
11.605	0.0006	0.010	0.619	0.0345	0.000	0.037
11.610	0.0016	0.008	0.678	0.0253	0.000	0.025
11.615	0.0041	0.010	0.745	0.0437	0.000	0.021
11.620	0.0064	0.010	0.728	0.0240	0.000	0.018
11.625	0.0072	0.010	0.745	0.0213	0.000	0.020
11.630	0.0086	0.010	0.735	0.0192	0.000	0.025
11.635	0.0155	0.004	0.717	0.0194	0.002	0.030
11.640	0.0174	0.006	0.703	0.0103	0.009	0.039
11.645	0.0197	0.013	0.687	0.0170	0.015	0.051
11.650	0.0180	0.019	0.620	0.0175	0.021	0.049
11.655	0.0151	0.019	0.654	0.0208	0.016	0.036
11.660	0.0266	0.015	0.735	0.0140	0.007	0.024
11.665	0.0320	0.021	0.766	0.0098	0.006	0.022
11.670	0.0581	0.019	0.769	0.0090	0.005	0.017
11.675	0.0865	0.019	0.754	0.0067	0.005	0.017
11.680	0.0939	0.019	0.779	0.0060	0.006	0.018
11.685	0.1013	0.023	0.780	0.0038	0.007	0.018
11.690	0.0877	0.023	0.770	0.0073	0.008	0.018
11.695	0.0539	0.027	0.779	0.0049	0.009	0.017
11.700	0.0584	0.023	0.756	0.0082	0.009	0.017
11.705	0.0454	0.023	0.747	0.0070	0.009	0.016
11.710	0.0419	0.023	0.735	0.0091	0.008	0.015
11.715	0.0797	0.023	0.731	0.0102	0.008	0.015
11.720	0.0892	0.023	0.729	0.0112	0.008	0.011
11.725	0.0900	0.021	0.717	0.0127	0.008	0.011
11.730	0.0960	0.025	0.696	0.0154	0.008	0.011
11.735	0.0941	0.027	0.685	0.0148	0.007	0.011
11.740	0.0894	0.025	0.661	0.0164	0.008	0.011
11.745	0.0705	0.023	0.676	0.0139	0.009	0.013
11.750	0.0713	0.017	0.636	0.0168	0.011	0.014
11.755	0.0649	0.017	0.642	0.0155	0.012	0.012
11.760	0.0615	0.025	0.608	0.0161	0.013	0.014
11.765	0.0681	0.019	0.594	0.0174	0.013	0.015
11.770	0.0675	0.017	0.629	0.0149	0.012	0.016
11.775	0.0813	0.023	0.647	0.0141	0.014	0.018
11.780	0.0851	0.029	0.610	0.0178	0.015	0.018
11.785	0.0759	0.021	0.616	0.0187	0.020	0.015
11.790	0.0685	0.027	0.637	0.0165	0.022	0.013
11.795	0.0432	0.021	0.657	0.0128	0.019	0.014
11.800	0.0412	0.023	0.672	0.0109	0.019	0.014
11.805	0.0484	0.027	0.681	0.0086	0.022	0.014
11.810	0.0514	0.019	0.685	0.0069	0.022	0.014
11.815	0.0492	0.021	0.701	0.0099	0.020	0.014
11.820	0.0572	0.025	0.703	0.0072	0.018	0.018
11.825	0.0539	0.017	0.683	0.0106	0.017	0.019
11.830	0.0461	0.019	0.677	0.0132	0.014	0.025
11.835	0.0498	0.017	0.682	0.0079	0.013	0.028
11.840	0.0473	0.015	0.689	0.0067	0.013	0.026
11.845	0.0497	0.013	0.687	0.0047	0.013	0.024
11.850	0.0503	0.025	0.687	0.0070	0.014	0.022
11.855	0.0487	0.025	0.694	0.0083	0.014	0.017
11.860	0.0482	0.027	0.694	0.0065	0.014	0.015
11.865	0.0467	0.023	0.690	0.0076	0.014	0.014
11.870	0.0466	0.015	0.680	0.0090	0.013	0.013
11.875	0.0450	0.023	0.694	0.0067	0.011	0.013
11.880	0.0521	0.023	0.703	0.0070	0.009	0.017
11.885	0.0553	0.021	0.682	0.0097	0.008	0.023
11.890	0.0479	0.015	0.680	0.0086	0.007	0.029
11.895	0.0489	0.013	0.686	0.0127	0.005	0.030
11.900	0.0502	0.013	0.679	0.0110	0.004	0.025
11.905	0.0575	0.019	0.686	0.0111	0.003	0.019
11.910	0.0631	0.013	0.646	0.0118	0.002	0.013
11.915	0.0367	0.019	0.586	0.0194	0.002	0.011
11.920	0.0366	0.017	0.573	0.0162	0.002	0.011
11.925	0.0413	0.015	0.596	0.0168	0.002	0.012
11.930	0.0316	0.015	0.528	0.0166	0.002	0.015
11.935	0.0361	0.015	0.539	0.0280	0.002	0.019
11.940	0.0234	0.015	0.573	0.0325	0.002	0.022
11.945	0.0072	0.013	0.606	0.0247	0.001	0.024
11.950	0.0044	0.015	0.619	0.0347	0.001	0.026
11.955	0.0075	0.019	0.665	0.0238	0.000	0.025
11.960	0.0098	0.008	0.668	0.0297	0.000	0.024
11.965	0.0103	0.004	0.690	0.0358	0.000	0.022
11.970	0.0091	0.002	0.705	0.0275	0.000	0.023
11.975	0.0090	0.004	0.705	0.0363	0.000	0.021
11.980	0.0059	0.004	0.711	0.0241	0.000	0.022
11.985	0.0065	0.004	0.748	0.0254	0.000	0.024
11.990	0.0055	0.004	0.705	0.0186	0.000	0.030
11.995	0.0077	0.004	0.584	0.0341	0.004	0.039
12.000	0.0069	0.008	0.425	0.0364	0.026	0.071
12.005	0.0045	0.019	0.301	0.0269	0.030	0.113
12.010	0.0015	0.021	0.119	0.0761	0.037	0.279
12.015	0.0004	0.025	0.167	0.0763	0.141	0.424
12.020	0.0001	0.100	0.170	0.0122	0.622	0.636
12.025	0.0000	0.140	0.142	0.0112	0.599	0.662
12.030	0.0000	0.144	0.181	0.0095	0.563	0.720
12.035	0.0000	0.119	0.211	0.0106	0.461	0.744
12.040	0.0000	0.100	0.184	0.0095	0.505	0.777
12.045	0.0000	0.079	0.091	0.0110	0.609	0.792
12.050	0.0000	0.062	0.072	0.0102	0.623	0.787
12.055	0.0000	0.075	0.097	0.0089	0.559	0.780
12.060	0.0000	0.050	0.100	0.0092	0.511	0.789
12.065	0.0000	0.067	0.219	0.0154	0.443	0.771
12.070	0.0000	0.085	0.246	0.0121	0.244	0.732
12.075	0.0000	0.044	0.233	0.0109	0.284	0.729
12.080	0.0000	0.108	0.186	0.0137	0.364	0.701
12.085	0.0000	0.098	0.230	0.0105	0.341	0.632
12.090	0.0000	0.115	0.178	0.0119	0.347	0.560
12.095	0.0001	0.104	0.179	0.0105	0.339	0.549
12.100	0.0001	0.125	0.159	0.0135	0.327	0.505
12.105	0.0002	0.106	0.182	0.0138	0.378	0.466
12.110	0.0002	0.094	0.219	0.0135	0.334	0.404
12.115	0.0003	0.117	0.184	0.0287	0.212	0.350
12.120	0.0004	0.102	0.294	0.0156	0.107	0.278
12.125	0.0008	0.065	0.275	0.0128	0.197	0.257
12.130	0.0017	0.069	0.270	0.0191	0.165	0.258
12.135	0.0013	0.073	0.224	0.0140	0.173	0.234
12.140	0.0012	0.081	0.269	0.0157	0.215	0.245
12.145	0.0016	0.065	0.230	0.0144	0.185	0.246
12.150	0.0012	0.067	0.196	0.0214	0.146	0.226
12.155	0.0017	0.073	0.271	0.0202	0.073	0.196
12.160	0.0018	0.065	0.214	0.0135	0.130	0.185
12.165	0.0031	0.062	0.244	0.0231	0.143	0.182
12.170	0.0019	0.087	0.274	0.0166	0.092	0.154
12.175	0.0019	0.052	0.286	0.0186	0.118	0.148
12.180	0.0019	0.065	0.190	0.0236	0.095	0.149
12.185	0.0018	0.069	0.300	0.0254	0.074	0.138
12.190	0.0018	0.065	0.263	0.0134	0.062	0.189
12.195	0.0027	0.040	0.413	0.0179	0.102	0.231
12.200	0.0022	0.046	0.336	0.0208	0.117	0.247
12.205	0.0013	0.079	0.326	0.0182	0.120	0.228
12.210	0.0019	0.079	0.283	0.0185	0.106	0.223
12.215	0.0025	0.056	0.278	0.0168	0.107	0.227
12.220	0.0029	0.069	0.292	0.0201	0.088	0.221
12.225	0.0017	0.075	0.266	0.0138	0.084	0.234
12.230	0.0015	0.073	0.292	0.0279	0.079	0.216
12.235	0.0016	0.044	0.284	0.0336	0.038	0.152
12.240	0.0012	0.046	0.201	0.0338	0.012	0.126
12.245	0.0015	0.054	0.192	0.0245	0.010	0.113
12.250	0.0013	0.046	0.320	0.0290	0.011	0.101
12.255	0.0008	0.069	0.315	0.0179	0.013	0.099
12.260	0.0012	0.048	0.355	0.0271	0.020	0.114
12.265	0.0012	0.056	0.381	0.0226	0.025	0.121
12.270	0.0012	0.050	0.361	0.0256	0.031	0.137
12.275	0.0011	0.052	0.387	0.0236	0.030	0.149
12.280	0.0009	0.054	0.397	0.0234	0.024	0.138
12.285	0.0004	0.056	0.368	0.0266	0.017	0.134
12.290	0.0010	0.065	0.402	0.0244	0.006	0.119
12.295	0.0014	0.054	0.421	0.0279	0.003	0.114
12.300	0.0008	0.044	0.318	0.0417	0.001	0.119
12.305	0.0006	0.044	0.251	0.0282	0.002	0.127
12.310	0.0007	0.046	0.214	0.0275	0.003	0.119
12.315	0.0008	0.052	0.245	0.0236	0.005	0.147
12.320	0.0009	0.048	0.349	0.0399	0.005	0.164
12.325	0.0006	0.056	0.331	0.0233	0.004	0.136
12.330	0.0008	0.042	0.293	0.0279	0.004	0.167
12.335	0.0011	0.044	0.374	0.0251	0.006	0.209
12.340	0.0007	0.046	0.299	0.0384	0.005	0.182
12.345	0.0004	0.050	0.390	0.0221	0.003	0.169
12.350	0.0005	0.035	0.407	0.0374	0.002	0.170
12.355	0.0004	0.046	0.450	0.0282	0.001	0.167
12.360	0.0005	0.033	0.388	0.0430	0.001	0.191
12.365	0.0003	0.035	0.279	0.0137	0.003	0.234
12.370	0.0003	0.035	0.425	0.0374	0.006	0.309
12.375	0.0001	0.050	0.600	0.0163	0.005	0.312
12.380	0.0002	0.042	0.693	0.0134	0.011	0.418
12.385	0.0002	0.031	0.566	0.0143	0.022	0.483
12.390	0.0001	0.040	0.358	0.0118	0.184	0.693
12.395	0.0000	0.046	0.221	0.0110	0.436	0.745
12.400	0.0000	0.073	0.110	0.0099	0.448	0.780
12.405	0.0000	0.110	0.100	0.0100	0.412	0.782
12.410	0.0000	0.037	0.126	0.0108	0.455	0.778
12.415	0.0000	0.058	0.140	0.0095	0.435	0.744
12.420	0.0000	0.037	0.132	0.0136	0.500	0.754
12.425	0.0000	0.037	0.110	0.0095	0.538	0.798
12.430	0.0000	0.025	0.092	0.0089	0.441	0.771
12.435	0.0000	0.021	0.095	0.0091	0.549	0.795
12.440	0.0000	0.037	0.083	0.0100	0.718	0.824
12.445	0.0000	0.058	0.063	0.0100	0.618	0.814
12.450	0.0000	0.054	0.092	0.0100	0.491	0.775
12.455	0.0000	0.062	0.109	0.0086	0.518	0.781
12.460	0.0000	0.033	0.104	0.0103	0.528	0.788
12.465	0.0000	0.042	0.095	0.0107	0.456	0.778
12.470	0.0000	0.046	0.110	0.0083	0.499	0.779
12.475	0.0000	0.054	0.094	0.0131	0.609	0.791
12.480	0.0000	0.017	0.075	0.0108	0.499	0.782
12.485	0.0000	0.004	0.151	0.0071	0.527	0.761
12.490	0.0000	0.054	0.212	0.0212	0.414	0.738
12.495	0.0000	0.017	0.391	0.0266	0.177	0.685
12.500	0.0000	0.033	0.508	0.0438	0.020	0.511
12.505	0.0000	0.013	0.568	0.0375	0.008	0.445
12.510	0.0001	0.008	0.412	0.0327	0.003	0.340
12.515	0.0001	0.008	0.496	0.0383	0.001	0.259
12.520	0.0002	0.006	0.438	0.0449	0.000	0.142
12.525	0.0004	0.004	0.603	0.0344	0.000	0.090
12.530	0.0008	0.004	0.656	0.0548	0.000	0.062
12.535	0.0017	0.002	0.680	0.0388	0.000	0.050
12.540	0.0023	0.004	0.753	0.0282	0.000	0.040
12.545	0.0028	0.004	0.747	0.0344	0.000	0.039
12.550	0.0030	0.004	0.684	0.0428	0.000	0.049
12.555	0.0023	0.004	0.695	0.0343	0.000	0.054
12.560	0.0023	0.004	0.673	0.0279	0.000	0.078
12.565	0.0024	0.004	0.642	0.0596	0.000	0.082
12.570	0.0018	0.002	0.641	0.0284	0.000	0.108
12.575	0.0011	0.004	0.684	0.0265	0.000	0.130
12.580	0.0008	0.004	0.572	0.0098	0.000	0.181
12.585	0.0008	0.004	0.473	0.0621	0.001	0.229
12.590	0.0005	0.004	0.332	0.0296	0.008	0.410
12.595	0.0003	0.006	0.133	0.0150	0.070	0.602
12.600	0.0000	0.017	0.037	0.0103	0.396	0.741
12.605	0.0000	0.029	0.174	0.0210	0.476	0.644
12.610	0.0000	0.025	0.485	0.0462	0.073	0.366
12.615	0.0000	0.046	0.472	0.0417	0.010	0.255
12.620	0.0002	0.075	0.421	0.0427	0.004	0.148
12.625	0.0010	0.025	0.465	0.0255	0.004	0.090
12.630	0.0016	0.025	0.507	0.0248	0.004	0.054
12.635	0.0086	0.025	0.588	0.0255	0.003	0.043
12.640	0.0223	0.025	0.737	0.0137	0.002	0.042
12.645	0.0425	0.015	0.749	0.0164	0.003	0.044
12.650	0.0733	0.025	0.764	0.0193	0.005	0.044
12.655	0.0715	0.021	0.772	0.0112	0.005	0.042
12.660	0.0990	0.021	0.742	0.0131	0.008	0.044
12.665	0.1080	0.029	0.742	0.0137	0.009	0.044
12.670	0.0638	0.019	0.786	0.0137	0.010	0.045
12.675	0.0876	0.019	0.800	0.0115	0.010	0.051
12.680	0.1025	0.025	0.804	0.0069	0.011	0.053
12.685	0.0842	0.021	0.769	0.0086	0.013	0.052
12.690	0.0909	0.025	0.724	0.0129	0.016	0.054
12.695	0.0833	0.021	0.745	0.0140	0.014	0.055
12.700	0.0435	0.027	0.715	0.0130	0.011	0.050
12.705	0.0748	0.035	0.676	0.0178	0.010	0.047
12.710	0.0859	0.031	0.661	0.0207	0.008	0.049
12.715	0.0527	0.015	0.712	0.0191	0.009	0.046
12.720	0.0927	0.017	0.749	0.0137	0.008	0.049
12.725	0.1087	0.010	0.667	0.0129	0.006	0.050
12.730	0.0925	0.013	0.401	0.0182	0.010	0.067
12.735	0.0577	0.019	0.318	0.0204	0.013	0.082
12.740	0.0215	0.025	0.624	0.0150	0.016	0.086
12.745	0.0325	0.027	0.612	0.0174	0.019	0.095
12.750	0.0162	0.019	0.771	0.0194	0.012	0.079
12.755	0.0156	0.021	0.766	0.0248	0.007	0.068
12.760	0.0168	0.015	0.764	0.0213	0.004	0.055
12.765	0.0151	0.008	0.762	0.0197	0.004	0.044
12.770	0.0165	0.015	0.775	0.0119	0.005	0.041
12.775	0.0165	0.008	0.752	0.0190	0.007	0.041
12.780	0.0102	0.015	0.752	0.0165	0.007	0.039
12.785	0.0139	0.004	0.761	0.0148	0.003	0.032
12.790	0.0142	0.013	0.779	0.0107	0.001	0.025
12.795	0.0172	0.023	0.773	0.0118	0.001	0.023
12.800	0.0184	0.006	0.762	0.0149	0.001	0.020
12.805	0.0156	0.017	0.761	0.0137	0.002	0.019
12.810	0.0174	0.021	0.749	0.0123	0.002	0.018
12.815	0.0228	0.027	0.739	0.0149	0.002	0.018
12.820	0.0229	0.004	0.765	0.0164	0.003	0.016
12.825	0.0202	0.006	0.757	0.0153	0.004	0.016
12.830	0.0248	0.010	0.716	0.0172	0.008	0.015
12.835	0.0276	0.017	0.640	0.0183	0.010	0.016
12.840	0.0227	0.023	0.687	0.0195	0.013	0.017
12.845	0.0240	0.031	0.717	0.0150	0.014	0.017
12.850	0.0333	0.035	0.741	0.0167	0.018	0.014
12.855	0.0245	0.027	0.763	0.0181	0.018	0.014
12.860	0.0341	0.037	0.768	0.0208	0.014	0.012
12.865	0.0308	0.025	0.795	0.0170	0.011	0.013
12.870	0.0355	0.035	0.765	0.0124	0.020	0.012
12.875	0.0369	0.044	0.767	0.0162	0.026	0.016
12.880	0.0415	0.044	0.771	0.0166	0.019	0.020
12.885	0.0339	0.027	0.763	0.0146	0.013	0.020
12.890	0.0423	0.035	0.784	0.0157	0.016	0.021
12.895	0.0391	0.029	0.784	0.0142	0.016	0.023
12.900	0.0677	0.040	0.781	0.0124	0.014	0.027
12.905	0.0436	0.040	0.779	0.0167	0.013	0.029
12.910	0.0771	0.040	0.778	0.0147	0.012	0.032
12.915	0.0434	0.037	0.784	0.0112	0.011	0.039
12.920	0.0522	0.017	0.799	0.0145	0.013	0.038
12.925	0.0580	0.035	0.796	0.0141	0.016	0.036
12.930	0.0445	0.029	0.814	0.0165	0.015	0.030
12.935	0.0674	0.031	0.819	0.0134	0.013	0.025
12.940	0.0539	0.029	0.830	0.0140	0.014	0.016
12.945	0.0599	0.035	0.830	0.0147	0.016	0.015
12.950	0.0787	0.035	0.850	0.0090	0.019	0.016
12.955	0.0698	0.033	0.842	0.0073	0.018	0.018
12.960	0.0704	0.031	0.839	0.0073	0.008	0.023
12.965	0.0876	0.031	0.851	0.0063	0.005	0.028
12.970	0.0682	0.027	0.842	0.0084	0.004	0.030
12.975	0.0583	0.027	0.842	0.0050	0.003	0.028
12.980	0.0775	0.035	0.838	0.0067	0.003	0.025
12.985	0.0690	0.029	0.837	0.0063	0.003	0.030
12.990	0.0562	0.023	0.836	0.0061	0.005	0.043
12.995	0.0551	0.023	0.842	0.0069	0.006	0.047
13.000	0.0588	0.023	0.831	0.0052	0.006	0.050
13.005	0.0525	0.023	0.839	0.0066	0.006	0.052
13.010	0.0452	0.023	0.836	0.0073	0.005	0.050
13.015	0.0518	0.031	0.844	0.0066	0.004	0.046
13.020	0.0585	0.033	0.827	0.0125	0.005	0.048
13.025	0.0513	0.027	0.835	0.0080	0.005	0.050
13.030	0.0562	0.031	0.849	0.0114	0.004	0.052
13.035	0.0586	0.031	0.855	0.0070	0.004	0.051
13.040	0.0702	0.035	0.830	0.0144	0.003	0.058
13.045	0.0591	0.035	0.833	0.0165	0.003	0.055
13.050	0.0596	0.027	0.855	0.0117	0.002	0.051
13.055	0.0614	0.027	0.847	0.0108	0.002	0.052
13.060	0.0624	0.013	0.775	0.0137	0.002	0.060
13.065	0.0506	0.015	0.690	0.0183	0.002	0.067
13.070	0.0299	0.017	0.595	0.0250	0.001	0.069
13.075	0.0146	0.019	0.627	0.0292	0.001	0.062
13.080	0.0104	0.019	0.745	0.0328	0.000	0.047
13.085	0.0106	0.015	0.786	0.0189	0.000	0.042
13.090	0.0129	0.019	0.816	0.0125	0.000	0.035
13.095	0.0214	0.021	0.807	0.0143	0.000	0.034
13.100	0.0211	0.031	0.680	0.0162	0.000	0.036
13.105	0.0210	0.031	0.677	0.0225	0.001	0.035
13.110	0.0258	0.017	0.755	0.0160	0.001	0.026
13.115	0.0263	0.017	0.752	0.0153	0.002	0.025
13.120	0.0652	0.019	0.629	0.0266	0.003	0.025
13.125	0.0583	0.027	0.507	0.0272	0.003	0.028
13.130	0.0589	0.033	0.564	0.0325	0.003	0.031
13.135	0.0629	0.027	0.694	0.0216	0.003	0.031
13.140	0.0817	0.017	0.792	0.0137	0.002	0.034
13.145	0.1014	0.021	0.780	0.0107	0.002	0.034
13.150	0.1072	0.025	0.737	0.0161	0.004	0.038
13.155	0.1253	0.021	0.763	0.0142	0.005	0.041
13.160	0.1163	0.025	0.774	0.0104	0.006	0.040
13.165	0.0930	0.021	0.760	0.0091	0.007	0.042
13.170	0.1192	0.025	0.727	0.0104	0.007	0.046
13.175	0.1200	0.017	0.723	0.0135	0.007	0.050
13.180	0.0853	0.015	0.731	0.0155	0.006	0.051
13.185	0.0897	0.017	0.723	0.0119	0.005	0.045
13.190	0.0890	0.029	0.708	0.0130	0.005	0.051
13.195	0.0776	0.021	0.692	0.0120	0.008	0.050
13.200	0.0534	0.021	0.745	0.0123	0.009	0.046
13.205	0.0444	0.027	0.747	0.0100	0.009	0.049
13.210	0.0589	0.031	0.688	0.0140	0.008	0.052
13.215	0.0521	0.037	0.657	0.0163	0.009	0.052
13.220	0.0399	0.027	0.637	0.0199	0.010	0.056
13.225	0.0491	0.023	0.628	0.0208	0.010	0.059
13.230	0.0649	0.019	0.555	0.0198	0.017	0.063
13.235	0.0751	0.021	0.645	0.0237	0.014	0.063
13.240	0.0646	0.035	0.627	0.0184	0.009	0.058
13.245	0.0503	0.040	0.506	0.0227	0.012	0.068
13.250	0.0286	0.048	0.454	0.0296	0.015	0.094
13.255	0.0119	0.052	0.582	0.0343	0.006	0.089
13.260	0.0106	0.040	0.673	0.0342	0.000	0.079
13.265	0.0112	0.015	0.751	0.0208	0.000	0.079
13.270	0.0109	0.008	0.705	0.0192	0.001	0.085
13.275	0.0056	0.006	0.630	0.0166	0.001	0.090
13.280	0.0060	0.008	0.414	0.0338	0.002	0.128
13.285	0.0034	0.008	0.479	0.0195	0.003	0.135
13.290	0.0022	0.021	0.339	0.0241	0.023	0.237
13.295	0.0018	0.031	0.311	0.0146	0.036	0.236
13.300	0.0011	0.040	0.339	0.0160	0.033	0.230
13.305	0.0038	0.048	0.293	0.0177	0.037	0.256
13.310	0.0023	0.040	0.359	0.0135	0.063	0.252
13.315	0.0015	0.046	0.355	0.0125	0.093	0.252
13.320	0.0018	0.062	0.370	0.0223	0.068	0.238
13.325	0.0011	0.052	0.420	0.0104	0.063	0.236
13.330	0.0019	0.052	0.394	0.0167	0.057	0.237
13.335	0.0017	0.052	0.524	0.0106	0.062	0.240
13.340	0.0018	0.058	0.459	0.0156	0.078	0.274
13.345	0.0015	0.060	0.445	0.0152	0.081	0.268
13.350	0.0012	0.058	0.468	0.0254	0.041	0.320
13.355	0.0009	0.050	0.435	0.0205	0.026	0.323
13.360	0.0008	0.029	0.418	0.0122	0.032	0.366
13.365	0.0006	0.046	0.476	0.0119	0.042	0.411
13.370	0.0004	0.042	0.345	0.0129	0.058	0.423
13.375	0.0002	0.058	0.393	0.0115	0.081	0.456
13.380	0.0002	0.054	0.214	0.0173	0.229	0.563
13.385	0.0001	0.121	0.222	0.0115	0.302	0.585
13.390	0.0001	0.133	0.257	0.0133	0.333	0.591
13.395	0.0001	0.165	0.227	0.0125	0.286	0.590
13.400	0.0001	0.119	0.213	0.0130	0.254	0.584
13.405	0.0001	0.121	0.195	0.0200	0.172	0.530
13.410	0.0001	0.142	0.244	0.0119	0.113	0.524
13.415	0.0001	0.067	0.334	0.0191	0.098	0.490
13.420	0.0001	0.083	0.574	0.0264	0.049	0.462
13.425	0.0001	0.077	0.539	0.0278	0.030	0.426
13.430	0.0002	0.048	0.372	0.0171	0.041	0.427
13.435	0.0003	0.044	0.196	0.0287	0.039	0.425
13.440	0.0001	0.079	0.314	0.0263	0.037	0.439
13.445	0.0002	0.048	0.330	0.0292	0.035	0.427
13.450	0.0001	0.046	0.550	0.0187	0.020	0.375
13.455	0.0002	0.048	0.553	0.0103	0.020	0.387
13.460	0.0003	0.046	0.323	0.0122	0.059	0.476
13.465	0.0002	0.075	0.410	0.0124	0.083	0.500
13.470	0.0001	0.077	0.218	0.0207	0.158	0.550
13.475	0.0001	0.102	0.357	0.0172	0.144	0.563
13.480	0.0001	0.113	0.468	0.0091	0.203	0.591
13.485	0.0001	0.085	0.383	0.0110	0.411	0.647
13.490	0.0001	0.163	0.180	0.0104	0.730	0.684
13.495	0.0000	0.254	0.169	0.0119	0.697	0.679
13.500	0.0000	0.192	0.133	0.0161	0.665	0.673
13.505	0.0000	0.217	0.137	0.0096	0.643	0.682
13.510	0.0000	0.254	0.168	0.0106	0.591	0.678
13.515	0.0000	0.108	0.118	0.0155	0.533	0.680
13.520	0.0000	0.265	0.152	0.0169	0.623	0.696
13.525	0.0000	0.190	0.184	0.0103	0.749	0.673
13.530	0.0000	0.158	0.157	0.0097	0.750	0.688
13.535	0.0000	0.279	0.135	0.0091	0.781	0.701
13.540	0.0000	0.198	0.109	0.0088	0.855	0.731
13.545	0.0000	0.260	0.166	0.0111	0.800	0.705
13.550	0.0000	0.179	0.107	0.0112	0.779	0.730
13.555	0.0000	0.196	0.127	0.0099	0.822	0.722
13.560	0.0000	0.250	0.119	0.0089	0.780	0.703
13.565	0.0000	0.165	0.152	0.0088	0.783	0.723
13.570	0.0000	0.242	0.208	0.0106	0.809	0.703
13.575	0.0000	0.215	0.176	0.0110	0.715	0.716
13.580	0.0000	0.229	0.238	0.0110	0.624	0.690
13.585	0.0000	0.192	0.335	0.0176	0.451	0.675
13.590	0.0000	0.196	0.487	0.0164	0.182	0.648
13.595	0.0000	0.113	0.423	0.0305	0.084	0.585
13.600	0.0001	0.071	0.162	0.0853	0.008	0.342
13.605	0.0001	0.029	0.399	0.0560	0.001	0.137
13.610	0.0001	0.008	0.473	0.0748	0.000	0.067
13.615	0.0007	0.004	0.581	0.0293	0.000	0.039
13.620	0.0025	0.004	0.703	0.0223	0.000	0.028
13.625	0.0042	0.004	0.731	0.0302	0.000	0.027
13.630	0.0070	0.004	0.696	0.0218	0.000	0.029
13.635	0.0071	0.004	0.726	0.0317	0.000	0.034
13.640	0.0087	0.004	0.686	0.0288	0.000	0.030
13.645	0.0093	0.004	0.679	0.0260	0.000	0.026
13.650	0.0091	0.004	0.661	0.0251	0.000	0.022
13.655	0.0080	0.004	0.648	0.0237	0.000	0.018
13.660	0.0098	0.008	0.673	0.0258	0.000	0.016
13.665	0.0130	0.008	0.712	0.0245	0.000	0.016
13.670	0.0190	0.008	0.773	0.0141	0.000	0.016
13.675	0.0305	0.010	0.767	0.0236	0.000	0.018
13.680	0.0459	0.008	0.723	0.0178	0.000	0.022
13.685	0.0384	0.008	0.752	0.0187	0.000	0.026
13.690	0.0310	0.010	0.697	0.0129	0.001	0.027
13.695	0.0264	0.008	0.675	0.0172	0.001	0.027
13.700	0.0490	0.015	0.693	0.0243	0.001	0.026
13.705	0.0702	0.015	0.726	0.0209	0.001	0.024
13.710	0.0952	0.013	0.728	0.0190	0.001	0.021
13.715	0.1054	0.015	0.722	0.0196	0.002	0.021
13.720	0.1261	0.013	0.753	0.0191	0.003	0.020
13.725	0.1362	0.019	0.757	0.0182	0.002	0.020
13.730	0.1248	0.023	0.776	0.0121	0.001	0.020
13.735	0.0992	0.025	0.787	0.0086	0.002	0.021
13.740	0.1111	0.023	0.731	0.0094	0.004	0.023
13.745	0.1181	0.025	0.691	0.0113	0.007	0.022
13.750	0.1334	0.023	0.710	0.0115	0.013	0.019
13.755	0.1164	0.023	0.697	0.0076	0.017	0.020
13.760	0.1030	0.023	0.758	0.0099	0.016	0.018
13.765	0.0924	0.023	0.763	0.0089	0.016	0.017
13.770	0.0838	0.023	0.771	0.0095	0.015	0.016
13.775	0.0645	0.023	0.774	0.0079	0.013	0.015
13.780	0.0406	0.033	0.736	0.0080	0.009	0.016
13.785	0.0436	0.027	0.747	0.0094	0.008	0.016
13.790	0.0689	0.029	0.752	0.0086	0.005	0.015
13.795	0.1094	0.029	0.754	0.0099	0.005	0.016
13.800	0.1490	0.029	0.769	0.0083	0.004	0.018
13.805	0.1585	0.023	0.764	0.0077	0.004	0.018
13.810	0.1242	0.025	0.760	0.0063	0.004	0.016
13.815	0.0966	0.025	0.747	0.0070	0.003	0.017
13.820	0.0883	0.025	0.713	0.0151	0.003	0.017
13.825	0.0937	0.021	0.721	0.0129	0.003	0.018
13.830	0.1182	0.031	0.713	0.0160	0.001	0.016
13.835	0.1196	0.023	0.688	0.0218	0.001	0.016
13.840	0.0857	0.031	0.599	0.0205	0.000	0.018
13.845	0.0635	0.015	0.486	0.0347	0.001	0.020
13.850	0.0652	0.015	0.487	0.0364	0.002	0.030
13.855	0.0538	0.010	0.594	0.0232	0.003	0.042
13.860	0.0295	0.010	0.465	0.0249	0.042	0.104
13.865	0.0189	0.013	0.374	0.0216	0.063	0.119
13.870	0.0073	0.044	0.508	0.0202	0.009	0.123
13.875	0.0068	0.027	0.534	0.0243	0.006	0.132
13.880	0.0047	0.019	0.572	0.0148	0.010	0.162
13.885	0.0043	0.025	0.563	0.0170	0.019	0.188
13.890	0.0040	0.031	0.594	0.0247	0.005	0.150
13.895	0.0044	0.035	0.533	0.0196	0.003	0.123
13.900	0.0035	0.021	0.437	0.0140	0.024	0.203
13.905	0.0018	0.019	0.418	0.0132	0.088	0.209
13.910	0.0019	0.042	0.223	0.0141	0.364	0.242
13.915	0.0015	0.050	0.228	0.0171	0.679	0.247
13.920	0.0026	0.081	0.155	0.0157	0.854	0.273
13.925	0.0040	0.115	0.197	0.0149	0.900	0.239
13.930	0.0055	0.131	0.243	0.0124	0.899	0.192
13.935	0.0113	0.115	0.284	0.0114	0.851	0.177
13.940	0.0141	0.115	0.218	0.0150	0.825	0.162
13.945	0.0167	0.110	0.174	0.0138	0.811	0.170
13.950	0.0163	0.121	0.150	0.0161	0.731	0.137
13.955	0.0111	0.113	0.171	0.0169	0.742	0.119
13.960	0.0141	0.117	0.178	0.0132	0.821	0.118
13.965	0.0151	0.117	0.189	0.0169	0.817	0.118
13.970	0.0186	0.125	0.156	0.0184	0.729	0.112
13.975	0.0156	0.113	0.163	0.0161	0.555	0.105
13.980	0.0124	0.110	0.223	0.0146	0.590	0.117
13.985	0.0165	0.098	0.355	0.0369	0.297	0.116
13.990	0.0054	0.123	0.626	0.0365	0.044	0.085
13.995	0.0065	0.035	0.717	0.0247	0.018	0.078
14.000	0.0173	0.019	0.741	0.0216	0.007	0.056
14.005	0.0183	0.015	0.772	0.0209	0.008	0.049
14.010	0.0281	0.017	0.781	0.0098	0.011	0.046
14.015	0.0268	0.015	0.756	0.0132	0.011	0.045
14.020	0.0162	0.015	0.777	0.0134	0.009	0.041
14.025	0.0241	0.013	0.787	0.0094	0.009	0.040
14.030	0.0394	0.008	0.786	0.0084	0.009	0.039
14.035	0.0315	0.015	0.792	0.0058	0.008	0.037
14.040	0.0170	0.010	0.781	0.0071	0.009	0.043
14.045	0.0309	0.017	0.756	0.0060	0.010	0.047
14.050	0.0399	0.013	0.715	0.0133	0.010	0.046
14.055	0.0329	0.019	0.727	0.0208	0.007	0.044
14.060	0.0210	0.015	0.777	0.0168	0.004	0.037
14.065	0.0428	0.019	0.779	0.0107	0.003	0.043
14.070	0.0481	0.010	0.783	0.0101	0.005	0.055
14.075	0.0480	0.008	0.786	0.0120	0.004	0.061
14.080	0.0314	0.019	0.738	0.0172	0.003	0.062
14.085	0.0197	0.015	0.703	0.0185	0.003	0.062
14.090	0.0140	0.010	0.728	0.0311	0.001	0.055
14.095	0.0260	0.004	0.760	0.0132	0.000	0.046
14.100	0.0314	0.006	0.789	0.0098	0.000	0.038
14.105	0.0356	0.004	0.785	0.0088	0.000	0.037
14.110	0.0363	0.004	0.762	0.0128	0.000	0.035
14.115	0.0274	0.006	0.760	0.0250	0.000	0.032
14.120	0.0265	0.004	0.763	0.0077	0.000	0.030
14.125	0.0232	0.008	0.764	0.0101	0.000	0.030
14.130	0.0183	0.013	0.754	0.0108	0.000	0.028
14.135	0.0111	0.004	0.764	0.0105	0.000	0.027
14.140	0.0093	0.004	0.742	0.0078	0.000	0.027
14.145	0.0090	0.008	0.753	0.0080	0.000	0.027
14.150	0.0120	0.008	0.745	0.0107	0.000	0.025
14.155	0.0159	0.008	0.759	0.0092	0.000	0.026
14.160	0.0176	0.015	0.753	0.0068	0.000	0.026
14.165	0.0189	0.004	0.748	0.0082	0.000	0.027
14.170	0.0182	0.008	0.739	0.0085	0.000	0.030
14.175	0.0202	0.006	0.741	0.0086	0.000	0.030
14.180	0.0196	0.008	0.748	0.0049	0.000	0.026
14.185	0.0188	0.008	0.737	0.0125	0.000	0.026
14.190	0.0158	0.004	0.741	0.0082	0.000	0.029
14.195	0.0122	0.004	0.709	0.0156	0.000	0.028
14.200	0.0078	0.004	0.721	0.0179	0.000	0.031
14.205	0.0053	0.004	0.724	0.0178	0.000	0.030
14.210	0.0040	0.013	0.727	0.0163	0.000	0.031
14.215	0.0032	0.004	0.740	0.0106	0.000	0.030
14.220	0.0037	0.004	0.730	0.0097	0.000	0.028
14.225	0.0045	0.008	0.726	0.0081	0.000	0.028
14.230	0.0056	0.008	0.696	0.0126	0.000	0.025
14.235	0.0075	0.008	0.679	0.0132	0.000	0.025
14.240	0.0099	0.008	0.698	0.0167	0.000	0.025
14.245	0.0136	0.008	0.714	0.0163	0.000	0.025
14.250	0.0184	0.008	0.728	0.0179	0.000	0.027
14.255	0.0240	0.008	0.741	0.0150	0.000	0.031
14.260	0.0272	0.008	0.748	0.0196	0.000	0.038
14.265	0.0293	0.008	0.706	0.0141	0.001	0.048
14.270	0.0253	0.010	0.647	0.0153	0.002	0.062
14.275	0.0261	0.013	0.699	0.0145	0.002	0.069
14.280	0.0191	0.008	0.730	0.0096	0.003	0.074
14.285	0.0181	0.008	0.743	0.0084	0.004	0.071
14.290	0.0195	0.015	0.733	0.0106	0.006	0.072
14.295	0.0183	0.017	0.743	0.0092	0.007	0.072
14.300	0.0190	0.021	0.739	0.0074	0.008	0.073
14.305	0.0251	0.021	0.738	0.0111	0.009	0.073
14.310	0.0392	0.023	0.749	0.0060	0.010	0.061
14.315	0.0425	0.029	0.753	0.0059	0.010	0.057
14.320	0.0474	0.029	0.744	0.0056	0.011	0.057
14.325	0.0508	0.031	0.732	0.0075	0.013	0.055
14.330	0.0561	0.035	0.751	0.0092	0.013	0.051
14.335	0.0573	0.021	0.756	0.0102	0.011	0.047
14.340	0.0549	0.029	0.774	0.0073	0.010	0.051
14.345	0.0435	0.031	0.767	0.0059	0.011	0.049
14.350	0.0425	0.025	0.758	0.0083	0.012	0.050
14.355	0.0338	0.033	0.761	0.0050	0.012	0.046
14.360	0.0279	0.033	0.752	0.0069	0.010	0.043
14.365	0.0244	0.025	0.760	0.0065	0.010	0.043
14.370	0.0341	0.029	0.746	0.0072	0.007	0.041
14.375	0.0479	0.035	0.734	0.0114	0.006	0.042
14.380	0.0536	0.033	0.755	0.0140	0.003	0.039
14.385	0.0596	0.029	0.668	0.0168	0.002	0.037
14.390	0.0600	0.025	0.579	0.0367	0.001	0.048
14.395	0.0313	0.008	0.617	0.0487	0.000	0.046
14.400	0.0244	0.008	0.789	0.0199	0.000	0.041
14.405	0.0363	0.006	0.787	0.0185	0.000	0.039
14.410	0.0409	0.004	0.774	0.0058	0.000	0.034
14.415	0.0373	0.004	0.772	0.0066	0.000	0.032
14.420	0.0295	0.004	0.756	0.0112	0.000	0.035
14.425	0.0276	0.008	0.768	0.0096	0.000	0.033
14.430	0.0360	0.010	0.755	0.0121	0.000	0.031
14.435	0.0389	0.004	0.758	0.0132	0.000	0.030
14.440	0.0406	0.013	0.701	0.0144	0.000	0.036
14.445	0.0394	0.008	0.598	0.0288	0.001	0.052
14.450	0.0398	0.004	0.492	0.0241	0.002	0.052
14.455	0.0442	0.008	0.461	0.0231	0.004	0.057
14.460	0.0452	0.029	0.607	0.0201	0.006	0.057
14.465	0.0336	0.033	0.694	0.0123	0.006	0.053
14.470	0.0415	0.029	0.636	0.0154	0.005	0.049
14.475	0.0569	0.029	0.686	0.0163	0.005	0.046
14.480	0.0607	0.015	0.685	0.0109	0.004	0.038
14.485	0.0652	0.017	0.673	0.0142	0.004	0.037
14.490	0.0607	0.017	0.660	0.0116	0.006	0.037
14.495	0.0545	0.015	0.630	0.0179	0.008	0.038
14.500	0.0363	0.019	0.646	0.0149	0.010	0.040
14.505	0.0294	0.025	0.640	0.0108	0.012	0.044
14.510	0.0269	0.023	0.666	0.0082	0.015	0.049
14.515	0.0262	0.031	0.701	0.0103	0.016	0.048
14.520	0.0373	0.027	0.705	0.0093	0.016	0.044
14.525	0.0522	0.027	0.730	0.0058	0.016	0.043
14.530	0.0501	0.031	0.714	0.0070	0.016	0.048
14.535	0.0452	0.029	0.660	0.0102	0.017	0.054
14.540	0.0212	0.027	0.631	0.0157	0.016	0.050
14.545	0.0271	0.029	0.632	0.0110	0.014	0.051
14.550	0.0284	0.029	0.676	0.0050	0.013	0.055
14.555	0.0304	0.023	0.725	0.0089	0.013	0.056
14.560	0.0352	0.029	0.712	0.0054	0.013	0.055
14.565	0.0454	0.031	0.709	0.0075	0.013	0.057
14.570	0.0398	0.023	0.715	0.0098	0.013	0.055
14.575	0.0220	0.025	0.676	0.0075	0.012	0.052
14.580	0.0191	0.031	0.677	0.0081	0.008	0.052
14.585	0.0225	0.017	0.689	0.0063	0.006	0.051
14.590	0.0221	0.023	0.686	0.0063	0.005	0.058
14.595	0.0253	0.021	0.722	0.0085	0.005	0.055
14.600	0.0384	0.023	0.726	0.0052	0.004	0.055
14.605	0.0341	0.023	0.715	0.0107	0.003	0.057
14.610	0.0236	0.015	0.716	0.0088	0.003	0.055
14.615	0.0160	0.021	0.685	0.0118	0.003	0.053
14.620	0.0191	0.013	0.692	0.0094	0.003	0.056
14.625	0.0182	0.010	0.691	0.0053	0.003	0.055
14.630	0.0220	0.021	0.690	0.0101	0.002	0.051
14.635	0.0358	0.015	0.720	0.0075	0.002	0.051
14.640	0.0314	0.015	0.727	0.0087	0.002	0.056
14.645	0.0156	0.015	0.682	0.0107	0.002	0.059
14.650	0.0152	0.015	0.677	0.0099	0.002	0.056
14.655	0.0178	0.010	0.680	0.0074	0.002	0.056
14.660	0.0182	0.010	0.664	0.0129	0.002	0.050
14.665	0.0245	0.015	0.715	0.0191	0.001	0.050
14.670	0.0346	0.017	0.644	0.0287	0.001	0.057
14.675	0.0327	0.008	0.520	0.0439	0.001	0.060
14.680	0.0125	0.008	0.628	0.0257	0.000	0.049
14.685	0.0076	0.008	0.693	0.0162	0.000	0.042
14.690	0.0192	0.006	0.702	0.0188	0.001	0.038
14.695	0.0180	0.013	0.746	0.0121	0.001	0.037
14.700	0.0226	0.010	0.744	0.0135	0.001	0.034
14.705	0.0185	0.010	0.712	0.0183	0.001	0.031
14.710	0.0163	0.013	0.699	0.0248	0.001	0.030
14.715	0.0042	0.006	0.658	0.0166	0.000	0.032
14.720	0.0050	0.008	0.535	0.0276	0.000	0.032
14.725	0.0124	0.006	0.498	0.0321	0.000	0.028
14.730	0.0141	0.013	0.306	0.0223	0.000	0.032
14.735	0.0162	0.019	0.363	0.0263	0.001	0.041
14.740	0.0223	0.010	0.480	0.0192	0.001	0.044
14.745	0.0040	0.027	0.411	0.0247	0.001	0.056
14.750	0.0171	0.025	0.288	0.0175	0.002	0.059
14.755	0.0044	0.023	0.410	0.0156	0.002	0.064
14.760	0.0276	0.027	0.392	0.0104	0.002	0.057
14.765	0.0047	0.029	0.416	0.0132	0.002	0.053
14.770	0.0350	0.031	0.477	0.0166	0.001	0.049
14.775	0.0121	0.033	0.425	0.0202	0.001	0.048
14.780	0.0283	0.023	0.441	0.0275	0.001	0.037
14.785	0.0128	0.023	0.426	0.0127	0.001	0.033
14.790	0.0369	0.019	0.192	0.0253	0.001	0.028
14.795	0.0108	0.019	0.304	0.0290	0.001	0.030
14.800	0.0181	0.019	0.515	0.0143	0.004	0.029
14.805	0.0191	0.023	0.439	0.0209	0.007	0.031
14.810	0.0257	0.025	0.498	0.0148	0.013	0.037
14.815	0.0330	0.037	0.540	0.0178	0.013	0.038
14.820	0.0268	0.025	0.630	0.0167	0.008	0.040
14.825	0.0262	0.021	0.641	0.0166	0.006	0.042
14.830	0.0304	0.019	0.659	0.0162	0.006	0.045
14.835	0.0255	0.025	0.642	0.0173	0.006	0.050
14.840	0.0285	0.017	0.667	0.0218	0.004	0.048
14.845	0.0389	0.017	0.675	0.0243	0.002	0.045
14.850	0.0493	0.013	0.612	0.0297	0.001	0.047
14.855	0.0412	0.010	0.527	0.0253	0.002	0.059
14.860	0.0267	0.004	0.538	0.0458	0.001	0.090
14.865	0.0203	0.008	0.677	0.0680	0.000	0.087
14.870	0.0125	0.004	0.770	0.0152	0.000	0.065
14.875	0.0164	0.004	0.716	0.0193	0.000	0.060
14.880	0.0139	0.004	0.680	0.0123	0.000	0.059
14.885	0.0120	0.013	0.645	0.0223	0.000	0.060
14.890	0.0093	0.004	0.642	0.0198	0.000	0.067
14.895	0.0075	0.004	0.634	0.0145	0.000	0.074
14.900	0.0047	0.004	0.640	0.0247	0.000	0.089
14.905	0.0032	0.008	0.421	0.0248	0.001	0.144
14.910	0.0033	0.004	0.358	0.0159	0.017	0.168
14.915	0.0022	0.008	0.311	0.0104	0.037	0.154
14.920	0.0038	0.062	0.259	0.0130	0.174	0.152
14.925	0.0049	0.077	0.208	0.0295	0.220	0.154
14.930	0.0021	0.102	0.437	0.0249	0.025	0.074
14.935	0.0025	0.071	0.550	0.0232	0.015	0.054
14.940	0.0122	0.019	0.673	0.0212	0.011	0.041
14.945	0.0282	0.015	0.699	0.0210	0.010	0.034
14.950	0.0408	0.010	0.771	0.0078	0.008	0.028
14.955	0.0392	0.010	0.744	0.0097	0.010	0.026
14.960	0.0733	0.013	0.620	0.0178	0.016	0.028
14.965	0.0798	0.017	0.646	0.0202	0.014	0.029
14.970	0.0405	0.037	0.720	0.0109	0.014	0.028
14.975	0.0326	0.027	0.717	0.0144	0.016	0.027
14.980	0.0552	0.031	0.746	0.0079	0.021	0.027
14.985	0.0733	0.025	0.738	0.0116	0.023	0.028
14.990	0.0896	0.044	0.749	0.0092	0.022	0.028
14.995	0.0611	0.031	0.752	0.0091	0.022	0.030
15.000	0.0521	0.029	0.741	0.0112	0.019	0.029
15.005	0.0539	0.035	0.711	0.0108	0.015	0.028
15.010	0.0819	0.040	0.714	0.0109	0.013	0.028
15.015	0.0847	0.033	0.708	0.0123	0.015	0.028
15.020	0.0689	0.040	0.664	0.0098	0.018	0.030
15.025	0.0513	0.037	0.700	0.0096	0.021	0.030
15.030	0.0369	0.033	0.660	0.0142	0.021	0.031
15.035	0.0247	0.035	0.619	0.0151	0.019	0.029
15.040	0.0288	0.033	0.643	0.0163	0.018	0.029
15.045	0.0568	0.031	0.684	0.0135	0.017	0.031
15.050	0.0605	0.033	0.692	0.0107	0.016	0.033
15.055	0.0643	0.035	0.684	0.0139	0.014	0.032
15.060	0.0644	0.040	0.712	0.0114	0.010	0.034
15.065	0.0714	0.040	0.704	0.0110	0.010	0.035
15.070	0.0706	0.042	0.728	0.0095	0.012	0.038
15.075	0.0722	0.042	0.716	0.0067	0.013	0.041
15.080	0.0657	0.042	0.741	0.0084	0.012	0.044
15.085	0.0610	0.042	0.680	0.0104	0.011	0.045
15.090	0.0566	0.046	0.618	0.0131	0.010	0.048
15.095	0.0504	0.037	0.646	0.0146	0.009	0.047
15.100	0.0557	0.037	0.615	0.0145	0.010	0.044
15.105	0.0603	0.033	0.616	0.0175	0.010	0.040
15.110	0.0599	0.033	0.546	0.0183	0.008	0.048
15.115	0.0561	0.023	0.462	0.0352	0.006	0.048
15.120	0.0328	0.025	0.635	0.0251	0.004	0.047
15.125	0.0259	0.010	0.738	0.0098	0.004	0.045
15.130	0.0264	0.015	0.747	0.0071	0.004	0.040
15.135	0.0242	0.015	0.737	0.0075	0.004	0.044
15.140	0.0184	0.017	0.731	0.0091	0.003	0.050
15.145	0.0141	0.021	0.716	0.0107	0.003	0.052
15.150	0.0117	0.010	0.742	0.0081	0.004	0.047
15.155	0.0096	0.017	0.733	0.0071	0.004	0.042
15.160	0.0073	0.017	0.708	0.0125	0.003	0.043
15.165	0.0056	0.015	0.650	0.0190	0.001	0.048
15.170	0.0048	0.019	0.330	0.0225	0.001	0.057
15.175	0.0037	0.008	0.190	0.0321	0.002	0.057
15.180	0.0054	0.021	0.225	0.0210	0.001	0.048
15.185	0.0079	0.023	0.380	0.0222	0.001	0.054
15.190	0.0155	0.031	0.334	0.0170	0.001	0.045
15.195	0.0055	0.033	0.245	0.0207	0.001	0.048
15.200	0.0186	0.023	0.451	0.0270	0.001	0.052
15.205	0.0038	0.040	0.215	0.0154	0.000	0.042
15.210	0.0029	0.013	0.211	0.0298	0.001	0.069
15.215	0.0095	0.033	0.296	0.0319	0.001	0.124
15.220	0.0029	0.031	0.115	0.0325	0.005	0.207
15.225	0.0008	0.023	0.274	0.0435	0.001	0.111
15.230	0.0006	0.019	0.282	0.0131	0.000	0.071
15.235	0.0009	0.019	0.254	0.0205	0.001	0.089
15.240	0.0036	0.015	0.205	0.0608	0.001	0.095
15.245	0.0006	0.023	0.351	0.0230	0.000	0.062
15.250	0.0007	0.019	0.411	0.0276	0.000	0.059
15.255	0.0045	0.008	0.438	0.0536	0.000	0.046
15.260	0.0016	0.006	0.286	0.0591	0.000	0.038
15.265	0.0062	0.006	0.276	0.0509	0.000	0.033
15.270	0.0082	0.008	0.622	0.0446	0.000	0.031
15.275	0.0109	0.004	0.733	0.0349	0.000	0.030
15.280	0.0127	0.006	0.784	0.0152	0.000	0.027
15.285	0.0137	0.004	0.787	0.0133	0.000	0.028
15.290	0.0149	0.004	0.796	0.0089	0.000	0.028
15.295	0.0214	0.006	0.805	0.0071	0.000	0.026
15.300	0.0240	0.004	0.811	0.0100	0.000	0.024
15.305	0.0204	0.006	0.819	0.0107	0.000	0.025
15.310	0.0247	0.004	0.815	0.0075	0.000	0.026
15.315	0.0260	0.006	0.816	0.0039	0.000	0.029
15.320	0.0226	0.006	0.808	0.0119	0.000	0.031
15.325	0.0236	0.004	0.803	0.0136	0.000	0.035
15.330	0.0252	0.006	0.810	0.0105	0.001	0.034
15.335	0.0206	0.006	0.810	0.0062	0.001	0.035
15.340	0.0233	0.004	0.806	0.0062	0.002	0.037
15.345	0.0222	0.006	0.815	0.0101	0.003	0.037
15.350	0.0203	0.006	0.811	0.0133	0.003	0.031
15.355	0.0245	0.006	0.809	0.0117	0.003	0.031
15.360	0.0244	0.006	0.811	0.0147	0.001	0.033
15.365	0.0205	0.004	0.769	0.0158	0.002	0.034
15.370	0.0254	0.010	0.607	0.0258	0.027	0.044
15.375	0.0200	0.010	0.675	0.0154	0.041	0.045
15.380	0.0289	0.027	0.746	0.0144	0.034	0.049
15.385	0.0355	0.031	0.764	0.0160	0.026	0.051
15.390	0.0510	0.040	0.782	0.0143	0.012	0.044
15.395	0.0346	0.031	0.802	0.0106	0.008	0.043
15.400	0.0519	0.035	0.817	0.0087	0.011	0.037
15.405	0.0371	0.040	0.829	0.0098	0.013	0.035
15.410	0.0670	0.035	0.797	0.0086	0.013	0.029
15.415	0.0412	0.040	0.784	0.0138	0.009	0.026
15.420	0.0674	0.040	0.773	0.0142	0.005	0.022
15.425	0.0299	0.033	0.765	0.0160	0.006	0.021
15.430	0.0697	0.031	0.773	0.0201	0.007	0.019
15.435	0.0523	0.031	0.793	0.0178	0.011	0.019
15.440	0.0788	0.035	0.785	0.0181	0.016	0.018
15.445	0.0943	0.031	0.775	0.0184	0.012	0.020
15.450	0.0533	0.035	0.767	0.0194	0.009	0.018
15.455	0.0979	0.033	0.785	0.0179	0.015	0.020
15.460	0.0886	0.035	0.798	0.0150	0.027	0.020
15.465	0.0570	0.033	0.827	0.0134	0.023	0.021
15.470	0.0865	0.031	0.829	0.0109	0.016	0.022
15.475	0.0796	0.025	0.841	0.0063	0.014	0.022
15.480	0.0538	0.029	0.848	0.0054	0.012	0.021
15.485	0.0516	0.031	0.844	0.0051	0.013	0.020
15.490	0.0680	0.031	0.812	0.0128	0.015	0.021
15.495	0.0671	0.025	0.796	0.0168	0.016	0.023
15.500	0.0481	0.029	0.783	0.0178	0.016	0.022
15.505	0.0564	0.031	0.803	0.0248	0.011	0.021
15.510	0.0746	0.031	0.830	0.0165	0.004	0.020
15.515	0.0741	0.035	0.810	0.0145	0.004	0.020
15.520	0.0679	0.033	0.814	0.0164	0.005	0.022
15.525	0.0831	0.035	0.813	0.0126	0.006	0.022
15.530	0.0709	0.033	0.820	0.0076	0.006	0.023
15.535	0.0616	0.033	0.828	0.0077	0.005	0.024
15.540	0.0667	0.033	0.806	0.0086	0.003	0.025
15.545	0.0259	0.035	0.826	0.0126	0.002	0.024
15.550	0.0456	0.031	0.843	0.0106	0.002	0.024
15.555	0.0387	0.033	0.807	0.0102	0.002	0.029
15.560	0.0246	0.037	0.806	0.0123	0.002	0.032
15.565	0.0307	0.025	0.818	0.0143	0.002	0.034
15.570	0.0256	0.013	0.820	0.0126	0.002	0.034
15.575	0.0209	0.017	0.841	0.0121	0.002	0.036
15.580	0.0235	0.021	0.802	0.0176	0.001	0.041
15.585	0.0192	0.021	0.652	0.0165	0.001	0.045
15.590	0.0159	0.013	0.400	0.0235	0.004	0.049
15.595	0.0164	0.023	0.312	0.0217	0.008	0.046
15.600	0.0105	0.023	0.314	0.0239	0.006	0.042
15.605	0.0117	0.037	0.281	0.0130	0.006	0.060
15.610	0.0182	0.040	0.304	0.0239	0.007	0.097
15.615	0.0131	0.042	0.433	0.0215	0.005	0.084
15.620	0.0017	0.027	0.366	0.0305	0.005	0.088
15.625	0.0077	0.037	0.378	0.0276	0.005	0.067
15.630	0.0014	0.027	0.351	0.0207	0.005	0.104
15.635	0.0070	0.021	0.270	0.0283	0.006	0.174
15.640	0.0023	0.021	0.349	0.0185	0.007	0.178
15.645	0.0012	0.027	0.409	0.0183	0.007	0.179
15.650	0.0019	0.027	0.504	0.0429	0.003	0.196
15.655	0.0007	0.021	0.633	0.0361	0.001	0.159
15.660	0.0006	0.006	0.626	0.0326	0.001	0.135
15.665	0.0015	0.017	0.593	0.0376	0.001	0.122
15.670	0.0018	0.010	0.415	0.0254	0.001	0.154
15.675	0.0014	0.010	0.377	0.0717	0.001	0.126
15.680	0.0012	0.006	0.522	0.0489	0.000	0.084
15.685	0.0019	0.004	0.653	0.0345	0.000	0.056
15.690	0.0023	0.006	0.743	0.0348	0.000	0.036
15.695	0.0045	0.004	0.791	0.0277	0.000	0.030
15.700	0.0096	0.006	0.839	0.0085	0.000	0.024
15.705	0.0121	0.006	0.823	0.0194	0.000	0.026
15.710	0.0132	0.004	0.746	0.0156	0.000	0.036
15.715	0.0099	0.006	0.724	0.0279	0.000	0.043
15.720	0.0080	0.004	0.669	0.0172	0.000	0.065
15.725	0.0056	0.006	0.665	0.0159	0.000	0.091
15.730	0.0037	0.004	0.617	0.0112	0.001	0.145
15.735	0.0022	0.006	0.629	0.0083	0.001	0.187
15.740	0.0012	0.004	0.742	0.0204	0.002	0.223
15.745	0.0008	0.010	0.797	0.0066	0.002	0.232
15.750	0.0008	0.008	0.772	0.0147	0.005	0.277
15.755	0.0007	0.015	0.700	0.0151	0.007	0.330
15.760	0.0005	0.008	0.683	0.0138	0.015	0.416
15.765	0.0004	0.027	0.627	0.0127	0.023	0.458
15.770	0.0002	0.017	0.742	0.0101	0.038	0.486
15.775	0.0002	0.031	0.695	0.0138	0.036	0.476
15.780	0.0001	0.029	0.752	0.0089	0.043	0.516
15.785	0.0002	0.040	0.725	0.0102	0.052	0.520
15.790	0.0001	0.025	0.721	0.0132	0.066	0.509
15.795	0.0001	0.035	0.648	0.0099	0.093	0.542
15.800	0.0001	0.062	0.580	0.0087	0.174	0.594
15.805	0.0001	0.065	0.550	0.0085	0.238	0.614
15.810	0.0001	0.087	0.554	0.0101	0.315	0.644
15.815	0.0001	0.115	0.502	0.0098	0.353	0.658
15.820	0.0000	0.142	0.384	0.0099	0.524	0.687
15.825	0.0000	0.135	0.271	0.0098	0.676	0.708
15.830	0.0000	0.210	0.160	0.0108	0.664	0.671
15.835	0.0000	0.212	0.115	0.0101	0.681	0.698
15.840	0.0000	0.229	0.138	0.0086	0.623	0.704
15.845	0.0000	0.217	0.140	0.0110	0.703	0.700
15.850	0.0000	0.227	0.191	0.0095	0.803	0.710
15.855	0.0000	0.204	0.136	0.0113	0.831	0.713
15.860	0.0000	0.235	0.124	0.0092	0.773	0.704
15.865	0.0000	0.219	0.163	0.0103	0.796	0.713
15.870	0.0000	0.208	0.201	0.0098	0.872	0.722
15.875	0.0000	0.221	0.184	0.0095	0.851	0.700
15.880	0.0000	0.196	0.128	0.0098	0.893	0.721
15.885	0.0000	0.246	0.124	0.0104	0.887	0.739
15.890	0.0000	0.212	0.126	0.0096	0.854	0.748
15.895	0.0000	0.240	0.135	0.0096	0.868	0.750
15.900	0.0000	0.215	0.152	0.0091	0.898	0.760
15.905	0.0000	0.221	0.189	0.0096	0.891	0.768
15.910	0.0000	0.225	0.203	0.0130	0.613	0.700
15.915	0.0000	0.208	0.213	0.0089	0.563	0.703
15.920	0.0000	0.175	0.254	0.0096	0.820	0.729
15.925	0.0000	0.250	0.220	0.0111	0.858	0.705
15.930	0.0000	0.221	0.220	0.0105	0.832	0.717
15.935	0.0000	0.244	0.202	0.0094	0.806	0.722
15.940	0.0000	0.223	0.198	0.0094	0.857	0.732
15.945	0.0000	0.221	0.202	0.0098	0.824	0.748
15.950	0.0000	0.210	0.110	0.0370	0.150	0.573
15.955	0.0000	0.242	0.167	0.0219	0.041	0.414
15.960	0.0000	0.188	0.451	0.0808	0.006	0.291
15.965	0.0002	0.054	0.592	0.0389	0.002	0.216
15.970	0.0002	0.008	0.570	0.0196	0.002	0.231
15.975	0.0008	0.006	0.218	0.0537	0.007	0.315
15.980	0.0003	0.019	0.575	0.0657	0.001	0.152
15.985	0.0001	0.027	0.641	0.0216	0.000	0.098
15.990	0.0008	0.006	0.580	0.0199	0.001	0.155
15.995	0.0021	0.004	0.316	0.0224	0.005	0.216
16.000	0.0007	0.025	0.319	0.0577	0.002	0.152
16.005	0.0006	0.023	0.222	0.0177	0.001	0.088
16.010	0.0013	0.010	0.396	0.0372	0.001	0.072
16.015	0.0039	0.017	0.534	0.0234	0.001	0.066
16.020	0.0015	0.006	0.622	0.0256	0.000	0.044
16.025	0.0045	0.006	0.715	0.0138	0.000	0.042
16.030	0.0108	0.008	0.660	0.0139	0.000	0.042
16.035	0.0146	0.006	0.616	0.0233	0.000	0.043
16.040	0.0087	0.013	0.582	0.0210	0.000	0.039
16.045	0.0044	0.010	0.522	0.0406	0.000	0.037
16.050	0.0076	0.010	0.599	0.0229	0.000	0.035
16.055	0.0130	0.008	0.690	0.0263	0.000	0.033
16.060	0.0165	0.010	0.729	0.0198	0.000	0.031
16.065	0.0116	0.008	0.740	0.0241	0.000	0.030
16.070	0.0140	0.010	0.618	0.0204	0.000	0.032
16.075	0.0184	0.008	0.624	0.0428	0.000	0.033
16.080	0.0136	0.008	0.684	0.0304	0.000	0.031
16.085	0.0113	0.010	0.557	0.0322	0.000	0.038
16.090	0.0154	0.008	0.599	0.0250	0.000	0.034
16.095	0.0126	0.010	0.692	0.0390	0.000	0.033
16.100	0.0186	0.008	0.663	0.0321	0.000	0.035
16.105	0.0149	0.010	0.614	0.0169	0.000	0.041
16.110	0.0147	0.010	0.550	0.0325	0.000	0.043
16.115	0.0170	0.010	0.475	0.0341	0.000	0.046
16.120	0.0166	0.008	0.511	0.0431	0.000	0.060
16.125	0.0058	0.010	0.649	0.0404	0.000	0.060
16.130	0.0061	0.006	0.738	0.0245	0.000	0.054
16.135	0.0061	0.008	0.817	0.0287	0.000	0.053
16.140	0.0113	0.006	0.754	0.0262	0.000	0.045
16.145	0.0086	0.008	0.665	0.0281	0.000	0.047
16.150	0.0121	0.008	0.366	0.0457	0.000	0.066
16.155	0.0079	0.017	0.619	0.0416	0.000	0.067
16.160	0.0022	0.008	0.717	0.0181	0.000	0.059
16.165	0.0068	0.023	0.735	0.0302	0.000	0.063
16.170	0.0076	0.008	0.768	0.0092	0.001	0.061
16.175	0.0089	0.006	0.767	0.0192	0.001	0.064
16.180	0.0087	0.013	0.768	0.0288	0.001	0.062
16.185	0.0096	0.004	0.791	0.0244	0.000	0.052
16.190	0.0139	0.006	0.801	0.0190	0.000	0.035
16.195	0.0159	0.004	0.812	0.0130	0.000	0.031
16.200	0.0163	0.006	0.801	0.0116	0.000	0.024
16.205	0.0179	0.004	0.786	0.0101	0.000	0.025
16.210	0.0170	0.004	0.776	0.0096	0.000	0.025
16.215	0.0165	0.006	0.764	0.0129	0.000	0.027
16.220	0.0140	0.004	0.745	0.0162	0.000	0.035
16.225	0.0109	0.006	0.721	0.0193	0.000	0.036
16.230	0.0092	0.004	0.712	0.0114	0.000	0.045
16.235	0.0065	0.004	0.736	0.0115	0.000	0.056
16.240	0.0050	0.004	0.769	0.0221	0.000	0.078
16.245	0.0041	0.004	0.784	0.0139	0.001	0.122
16.250	0.0048	0.006	0.718	0.0151	0.001	0.145
16.255	0.0039	0.013	0.697	0.0192	0.001	0.147
16.260	0.0030	0.004	0.552	0.0110	0.005	0.230
16.265	0.0015	0.010	0.459	0.0239	0.010	0.301
16.270	0.0008	0.008	0.384	0.0150	0.052	0.431
16.275	0.0003	0.060	0.287	0.0194	0.154	0.545
16.280	0.0001	0.094	0.638	0.0095	0.155	0.569
16.285	0.0001	0.042	0.648	0.0090	0.160	0.590
16.290	0.0001	0.096	0.649	0.0097	0.172	0.602
16.295	0.0001	0.073	0.635	0.0097	0.160	0.584
16.300	0.0001	0.098	0.185	0.0123	0.303	0.650
16.305	0.0001	0.071	0.085	0.0162	0.637	0.609
16.310	0.0000	0.131	0.108	0.0134	0.880	0.470
16.315	0.0001	0.169	0.155	0.0146	0.927	0.374
16.320	0.0003	0.160	0.176	0.0123	0.975	0.259
16.325	0.0016	0.146	0.164	0.0108	0.967	0.235
16.330	0.0049	0.154	0.137	0.0135	0.924	0.232
16.335	0.0068	0.158	0.152	0.0123	0.867	0.215
16.340	0.0089	0.131	0.184	0.0136	0.770	0.198
16.345	0.0125	0.144	0.205	0.0197	0.677	0.196
16.350	0.0067	0.123	0.282	0.0249	0.260	0.188
16.355	0.0090	0.096	0.591	0.0601	0.035	0.143
16.360	0.0070	0.102	0.761	0.0498	0.003	0.092
16.365	0.0168	0.035	0.819	0.0455	0.002	0.084
16.370	0.0448	0.008	0.842	0.0227	0.001	0.068
16.375	0.0487	0.006	0.841	0.0260	0.001	0.059
16.380	0.0619	0.008	0.833	0.0239	0.001	0.050
16.385	0.0729	0.013	0.835	0.0221	0.001	0.048
16.390	0.0840	0.008	0.789	0.0187	0.001	0.043
16.395	0.0884	0.013	0.752	0.0133	0.002	0.041
16.400	0.0828	0.008	0.747	0.0105	0.004	0.040
16.405	0.0724	0.010	0.730	0.0105	0.004	0.040
16.410	0.0711	0.008	0.730	0.0182	0.002	0.036
16.415	0.0638	0.008	0.760	0.0203	0.002	0.037
16.420	0.0503	0.008	0.837	0.0162	0.003	0.038
16.425	0.0410	0.008	0.862	0.0105	0.003	0.036
16.430	0.0394	0.008	0.874	0.0101	0.002	0.038
16.435	0.0414	0.013	0.873	0.0100	0.002	0.040
16.440	0.0443	0.013	0.845	0.0126	0.004	0.040
16.445	0.0418	0.021	0.818	0.0150	0.007	0.042
16.450	0.0347	0.017	0.831	0.0185	0.009	0.043
16.455	0.0265	0.015	0.855	0.0177	0.010	0.040
16.460	0.0275	0.017	0.841	0.0176	0.015	0.036
16.465	0.0340	0.017	0.828	0.0170	0.021	0.039
16.470	0.0351	0.019	0.825	0.0134	0.022	0.041
16.475	0.0301	0.025	0.825	0.0137	0.017	0.043
16.480	0.0348	0.023	0.837	0.0136	0.016	0.043
16.485	0.0291	0.017	0.829	0.0145	0.022	0.045
16.490	0.0357	0.017	0.775	0.0174	0.043	0.057
16.495	0.0322	0.019	0.761	0.0196	0.059	0.054
16.500	0.0266	0.021	0.755	0.0163	0.063	0.055
16.505	0.0225	0.035	0.729	0.0158	0.047	0.053
16.510	0.0327	0.035	0.644	0.0179	0.051	0.063
16.515	0.0258	0.042	0.652	0.0196	0.071	0.064
16.520	0.0194	0.040	0.621	0.0187	0.068	0.051
16.525	0.0297	0.044	0.581	0.0198	0.049	0.049
16.530	0.0220	0.037	0.669	0.0176	0.026	0.041
16.535	0.0364	0.021	0.763	0.0100	0.022	0.036
16.540	0.0526	0.019	0.684	0.0106	0.019	0.032
16.545	0.0866	0.029	0.513	0.0210	0.017	0.033
16.550	0.0626	0.019	0.352	0.0457	0.004	0.031
16.555	0.0268	0.029	0.534	0.0371	0.001	0.025
16.560	0.0343	0.021	0.465	0.0189	0.000	0.020
16.565	0.0568	0.017	0.369	0.0202	0.001	0.017
16.570	0.0821	0.025	0.191	0.0349	0.001	0.022
16.575	0.0635	0.029	0.244	0.0246	0.000	0.027
16.580	0.0413	0.021	0.199	0.0306	0.000	0.024
16.585	0.0341	0.023	0.228	0.0271	0.000	0.025
16.590	0.0278	0.029	0.310	0.0313	0.000	0.026
16.595	0.0266	0.023	0.343	0.0242	0.001	0.030
16.600	0.0285	0.027	0.284	0.0297	0.001	0.035
16.605	0.0247	0.027	0.246	0.0199	0.002	0.039
16.610	0.0425	0.029	0.250	0.0262	0.002	0.040
16.615	0.0431	0.027	0.298	0.0343	0.002	0.038
16.620	0.0122	0.021	0.327	0.0281	0.002	0.041
16.625	0.0120	0.025	0.375	0.0206	0.002	0.042
16.630	0.0376	0.031	0.234	0.0357	0.001	0.047
16.635	0.0061	0.023	0.386	0.0310	0.001	0.050
16.640	0.0097	0.025	0.435	0.0212	0.001	0.052
16.645	0.0319	0.029	0.389	0.0268	0.001	0.046
16.650	0.0062	0.021	0.455	0.0244	0.001	0.057
16.655	0.0136	0.031	0.278	0.0148	0.001	0.055
16.660	0.0054	0.025	0.456	0.0271	0.001	0.065
16.665	0.0081	0.033	0.298	0.0168	0.000	0.055
16.670	0.0025	0.027	0.395	0.0280	0.001	0.078
16.675	0.0096	0.023	0.219	0.0332	0.001	0.078
16.680	0.0024	0.029	0.417	0.0202	0.001	0.084
16.685	0.0126	0.015	0.426	0.0556	0.001	0.096
16.690	0.0028	0.027	0.350	0.0127	0.001	0.069
16.695	0.0028	0.029	0.269	0.0275	0.002	0.097
16.700	0.0051	0.010	0.380	0.0522	0.001	0.116
16.705	0.0019	0.010	0.297	0.0231	0.001	0.103
16.710	0.0044	0.006	0.468	0.0309	0.001	0.139
16.715	0.0023	0.008	0.464	0.0252	0.001	0.108
16.720	0.0007	0.023	0.411	0.0158	0.001	0.148
16.725	0.0026	0.013	0.317	0.0458	0.004	0.209
16.730	0.0006	0.019	0.259	0.0264	0.019	0.325
16.735	0.0003	0.067	0.328	0.0199	0.023	0.376
16.740	0.0003	0.046	0.392	0.0125	0.063	0.464
16.745	0.0001	0.035	0.183	0.0256	0.096	0.487
16.750	0.0001	0.087	0.492	0.0329	0.019	0.348
16.755	0.0001	0.096	0.418	0.0138	0.016	0.331
16.760	0.0004	0.015	0.378	0.0569	0.023	0.348
16.765	0.0003	0.050	0.289	0.0286	0.010	0.280
16.770	0.0001	0.050	0.261	0.0072	0.019	0.333
16.775	0.0008	0.060	0.301	0.0255	0.082	0.450
16.780	0.0002	0.104	0.086	0.0127	0.419	0.635
16.785	0.0001	0.158	0.163	0.0104	0.515	0.662
16.790	0.0000	0.158	0.155	0.0732	0.070	0.486
16.795	0.0000	0.233	0.232	0.0362	0.006	0.270
16.800	0.0000	0.179	0.342	0.0251	0.005	0.252
16.805	0.0006	0.010	0.300	0.0729	0.003	0.256
16.810	0.0003	0.025	0.398	0.0599	0.001	0.141
16.815	0.0005	0.006	0.577	0.0545	0.000	0.079
16.820	0.0011	0.004	0.794	0.0220	0.000	0.054
16.825	0.0028	0.004	0.798	0.0067	0.000	0.060
16.830	0.0046	0.004	0.656	0.0180	0.000	0.118
16.835	0.0039	0.004	0.489	0.0317	0.001	0.171
16.840	0.0023	0.006	0.068	0.0210	0.015	0.346
16.845	0.0003	0.023	0.116	0.0279	0.064	0.518
16.850	0.0002	0.037	0.324	0.0126	0.269	0.627
16.855	0.0001	0.152	0.263	0.0177	0.413	0.659
16.860	0.0000	0.202	0.506	0.0114	0.251	0.615
16.865	0.0000	0.113	0.506	0.0085	0.271	0.610
16.870	0.0001	0.071	0.365	0.0108	0.378	0.629
16.875	0.0000	0.144	0.280	0.0097	0.516	0.656
16.880	0.0000	0.181	0.018	0.0325	0.362	0.606
16.885	0.0000	0.212	0.126	0.0128	0.637	0.339
16.890	0.0000	0.202	0.144	0.0091	0.857	0.295
16.895	0.0002	0.117	0.156	0.0120	0.877	0.291
16.900	0.0027	0.165	0.158	0.0121	0.839	0.243
16.905	0.0042	0.156	0.183	0.0107	0.788	0.220
16.910	0.0061	0.146	0.140	0.0177	0.717	0.219
16.915	0.0067	0.135	0.167	0.0179	0.659	0.200
16.920	0.0075	0.121	0.202	0.0153	0.417	0.196
16.925	0.0090	0.098	0.200	0.0141	0.332	0.200
16.930	0.0085	0.092	0.364	0.0234	0.229	0.195
16.935	0.0063	0.110	0.411	0.0235	0.106	0.194
16.940	0.0067	0.071	0.474	0.0624	0.033	0.168
16.945	0.0069	0.060	0.666	0.0666	0.004	0.115
16.950	0.0039	0.037	0.797	0.0322	0.001	0.075
16.955	0.0207	0.006	0.833	0.0290	0.001	0.070
16.960	0.0410	0.008	0.866	0.0188	0.000	0.058
16.965	0.0411	0.006	0.882	0.0129	0.001	0.056
16.970	0.0480	0.008	0.809	0.0188	0.001	0.062
16.975	0.0526	0.008	0.747	0.0308	0.001	0.069
16.980	0.0388	0.006	0.759	0.0172	0.001	0.073
16.985	0.0221	0.013	0.814	0.0169	0.001	0.069
16.990	0.0195	0.015	0.827	0.0117	0.001	0.063
16.995	0.0224	0.010	0.842	0.0090	0.001	0.064
17.000	0.0205	0.017	0.848	0.0079	0.001	0.056
17.005	0.0170	0.010	0.850	0.0080	0.001	0.053
17.010	0.0226	0.010	0.827	0.0069	0.001	0.046
17.015	0.0197	0.015	0.835	0.0206	0.001	0.042
17.020	0.0177	0.006	0.861	0.0040	0.001	0.042
17.025	0.0204	0.013	0.838	0.0075	0.001	0.044
17.030	0.0230	0.006	0.825	0.0073	0.001	0.043
17.035	0.0229	0.006	0.841	0.0174	0.002	0.044
17.040	0.0208	0.006	0.843	0.0042	0.002	0.046
17.045	0.0193	0.008	0.846	0.0038	0.003	0.043
17.050	0.0264	0.006	0.842	0.0025	0.004	0.042
17.055	0.0273	0.006	0.841	0.0096	0.005	0.042
17.060	0.0270	0.006	0.844	0.0078	0.006	0.043
17.065	0.0273	0.017	0.836	0.0081	0.008	0.046
17.070	0.0295	0.010	0.827	0.0129	0.011	0.044
17.075	0.0331	0.010	0.824	0.0132	0.014	0.045
17.080	0.0321	0.010	0.819	0.0114	0.021	0.042
17.085	0.0301	0.019	0.818	0.0125	0.020	0.044
17.090	0.0316	0.019	0.798	0.0149	0.011	0.046
17.095	0.0262	0.010	0.803	0.0169	0.010	0.045
17.100	0.0276	0.006	0.800	0.0156	0.013	0.048
17.105	0.0227	0.006	0.802	0.0149	0.017	0.049
17.110	0.0246	0.006	0.813	0.0109	0.022	0.041
17.115	0.0224	0.015	0.826	0.0066	0.023	0.037
17.120	0.0265	0.015	0.816	0.0051	0.022	0.037
17.125	0.0267	0.023	0.818	0.0094	0.019	0.041
17.130	0.0307	0.015	0.831	0.0082	0.011	0.037
17.135	0.0336	0.023	0.820	0.0079	0.010	0.041
17.140	0.0334	0.027	0.747	0.0145	0.016	0.044
17.145	0.0288	0.035	0.723	0.0181	0.020	0.049
17.150	0.0259	0.042	0.634	0.0234	0.015	0.051
17.155	0.0263	0.033	0.655	0.0228	0.011	0.048
17.160	0.0178	0.037	0.665	0.0189	0.010	0.044
17.165	0.0312	0.029	0.678	0.0116	0.012	0.045
17.170	0.0303	0.010	0.538	0.0196	0.012	0.039
17.175	0.0451	0.021	0.471	0.0244	0.008	0.038
17.180	0.0422	0.023	0.564	0.0252	0.005	0.031
17.185	0.0245	0.027	0.640	0.0198	0.005	0.033
17.190	0.0166	0.027	0.652	0.0171	0.004	0.030
17.195	0.0434	0.021	0.646	0.0208	0.005	0.031
17.200	0.0471	0.019	0.594	0.0188	0.004	0.034
17.205	0.0454	0.031	0.626	0.0211	0.004	0.033
17.210	0.0287	0.035	0.635	0.0153	0.004	0.039
17.215	0.0275	0.031	0.647	0.0147	0.003	0.041
17.220	0.0250	0.031	0.695	0.0116	0.004	0.046
17.225	0.0168	0.027	0.702	0.0136	0.005	0.046
17.230	0.0189	0.027	0.708	0.0109	0.004	0.042
17.235	0.0151	0.025	0.715	0.0115	0.004	0.042
17.240	0.0221	0.027	0.696	0.0106	0.004	0.043
17.245	0.0305	0.025	0.692	0.0172	0.004	0.042
17.250	0.0341	0.031	0.725	0.0117	0.004	0.041
17.255	0.0360	0.029	0.713	0.0088	0.004	0.043
17.260	0.0368	0.029	0.685	0.0122	0.004	0.048
17.265	0.0367	0.027	0.696	0.0168	0.004	0.047
17.270	0.0306	0.029	0.717	0.0095	0.004	0.044
17.275	0.0181	0.029	0.713	0.0117	0.004	0.046
17.280	0.0139	0.027	0.735	0.0085	0.006	0.046
17.285	0.0132	0.027	0.726	0.0077	0.008	0.047
17.290	0.0128	0.029	0.711	0.0095	0.010	0.055
17.295	0.0124	0.027	0.704	0.0079	0.011	0.059
17.300	0.0121	0.027	0.689	0.0112	0.015	0.065
17.305	0.0113	0.025	0.641	0.0117	0.019	0.068
17.310	0.0107	0.023	0.630	0.0144	0.024	0.074
17.315	0.0095	0.027	0.628	0.0159	0.019	0.076
17.320	0.0090	0.033	0.696	0.0164	0.006	0.078
17.325	0.0091	0.013	0.741	0.0145	0.002	0.071
17.330	0.0098	0.004	0.752	0.0147	0.000	0.063
17.335	0.0104	0.004	0.756	0.0107	0.000	0.056
17.340	0.0109	0.004	0.761	0.0107	0.000	0.052
17.345	0.0093	0.004	0.754	0.0111	0.000	0.048
17.350	0.0081	0.004	0.760	0.0128	0.000	0.043
17.355	0.0068	0.004	0.762	0.0103	0.000	0.039
17.360	0.0129	0.004	0.746	0.0155	0.000	0.040
17.365	0.0152	0.004	0.750	0.0089	0.000	0.037
17.370	0.0185	0.004	0.759	0.0089	0.000	0.035
17.375	0.0172	0.006	0.745	0.0188	0.000	0.034
17.380	0.0204	0.004	0.766	0.0203	0.000	0.033
17.385	0.0199	0.004	0.761	0.0131	0.000	0.032
17.390	0.0182	0.006	0.766	0.0172	0.000	0.025
17.395	0.0165	0.004	0.784	0.0274	0.000	0.027
17.400	0.0168	0.004	0.782	0.0191	0.000	0.026
17.405	0.0135	0.004	0.789	0.0137	0.000	0.023
17.410	0.0227	0.006	0.798	0.0096	0.000	0.020
17.415	0.0253	0.004	0.797	0.0125	0.000	0.019
17.420	0.0257	0.006	0.796	0.0057	0.000	0.020
17.425	0.0240	0.004	0.791	0.0103	0.000	0.021
17.430	0.0201	0.004	0.766	0.0166	0.000	0.025
17.435	0.0202	0.006	0.721	0.0192	0.000	0.028
17.440	0.0170	0.004	0.677	0.0203	0.000	0.034
17.445	0.0119	0.004	0.700	0.0149	0.000	0.038
17.450	0.0089	0.004	0.751	0.0227	0.000	0.039
17.455	0.0068	0.004	0.785	0.0209	0.000	0.038
17.460	0.0071	0.006	0.739	0.0144	0.000	0.044
17.465	0.0069	0.004	0.713	0.0143	0.000	0.054
17.470	0.0062	0.004	0.629	0.0169	0.000	0.073
17.475	0.0036	0.004	0.694	0.0164	0.000	0.081
17.480	0.0027	0.004	0.759	0.0201	0.000	0.087
17.485	0.0026	0.004	0.748	0.0220	0.000	0.082
17.490	0.0027	0.004	0.738	0.0254	0.000	0.090
17.495	0.0024	0.004	0.750	0.0250	0.000	0.094
17.500	0.0028	0.006	0.753	0.0178	0.000	0.104
17.505	0.0021	0.004	0.777	0.0100	0.001	0.118
17.510	0.0021	0.004	0.681	0.0145	0.001	0.182
17.515	0.0016	0.010	0.599	0.0158	0.002	0.230
17.520	0.0010	0.008	0.462	0.0149	0.013	0.361
17.525	0.0004	0.008	0.436	0.0244	0.026	0.420
17.530	0.0002	0.025	0.367	0.0121	0.138	0.589
17.535	0.0001	0.052	0.387	0.0111	0.342	0.645
17.540	0.0001	0.104	0.082	0.0199	0.752	0.648
17.545	0.0000	0.158	0.198	0.0163	0.949	0.449
17.550	0.0000	0.219	0.153	0.0105	0.991	0.310
17.555	0.0004	0.169	0.127	0.0105	0.993	0.281
17.560	0.0023	0.173	0.149	0.0105	0.979	0.255
17.565	0.0026	0.165	0.140	0.0154	0.972	0.256
17.570	0.0035	0.160	0.154	0.0121	0.976	0.231
17.575	0.0037	0.119	0.168	0.0121	0.953	0.233
17.580	0.0041	0.160	0.124	0.0131	0.907	0.231
17.585	0.0041	0.148	0.199	0.0155	0.910	0.196
17.590	0.0051	0.148	0.144	0.0138	0.885	0.174
17.595	0.0062	0.123	0.318	0.0283	0.646	0.179
17.600	0.0057	0.119	0.492	0.0436	0.099	0.159
17.605	0.0048	0.050	0.694	0.0476	0.017	0.137
17.610	0.0093	0.027	0.801	0.0211	0.001	0.087
17.615	0.0202	0.006	0.821	0.0128	0.002	0.073
17.620	0.0268	0.010	0.804	0.0093	0.004	0.061
17.625	0.0277	0.004	0.790	0.0157	0.006	0.067
17.630	0.0369	0.006	0.781	0.0140	0.005	0.062
17.635	0.0254	0.019	0.791	0.0159	0.003	0.059
17.640	0.0269	0.021	0.723	0.0243	0.002	0.054
17.645	0.0331	0.008	0.718	0.0392	0.001	0.046
17.650	0.0228	0.006	0.778	0.0207	0.000	0.034
17.655	0.0229	0.004	0.802	0.0061	0.000	0.031
17.660	0.0280	0.004	0.799	0.0037	0.000	0.029
17.665	0.0348	0.006	0.795	0.0039	0.000	0.026
17.670	0.0376	0.004	0.793	0.0019	0.000	0.023
17.675	0.0312	0.006	0.798	0.0054	0.000	0.021
17.680	0.0293	0.004	0.797	0.0065	0.000	0.019
17.685	0.0334	0.006	0.798	0.0072	0.000	0.019
17.690	0.0352	0.004	0.780	0.0081	0.000	0.024
17.695	0.0364	0.006	0.735	0.0159	0.000	0.030
17.700	0.0325	0.004	0.742	0.0190	0.001	0.033
17.705	0.0340	0.004	0.752	0.0164	0.003	0.040
17.710	0.0479	0.010	0.773	0.0101	0.004	0.044
17.715	0.0459	0.010	0.788	0.0082	0.003	0.044
17.720	0.0306	0.025	0.780	0.0065	0.003	0.044
17.725	0.0426	0.021	0.788	0.0066	0.003	0.039
17.730	0.0489	0.015	0.787	0.0069	0.002	0.028
17.735	0.0337	0.019	0.784	0.0084	0.002	0.030
17.740	0.0244	0.029	0.779	0.0080	0.002	0.028
17.745	0.0338	0.019	0.783	0.0067	0.001	0.028
17.750	0.0475	0.017	0.793	0.0065	0.001	0.027
17.755	0.0494	0.015	0.791	0.0078	0.001	0.026
17.760	0.0337	0.017	0.788	0.0099	0.002	0.028
17.765	0.0237	0.019	0.777	0.0077	0.002	0.024
17.770	0.0474	0.015	0.780	0.0082	0.001	0.023
17.775	0.0517	0.015	0.789	0.0076	0.001	0.023
17.780	0.0386	0.015	0.767	0.0125	0.001	0.024
17.785	0.0303	0.017	0.786	0.0092	0.001	0.025
17.790	0.0210	0.013	0.768	0.0069	0.002	0.025
17.795	0.0393	0.015	0.757	0.0095	0.002	0.027
17.800	0.0462	0.021	0.774	0.0081	0.001	0.027
17.805	0.0473	0.019	0.773	0.0068	0.001	0.028
17.810	0.0341	0.017	0.734	0.0108	0.002	0.029
17.815	0.0254	0.017	0.733	0.0126	0.002	0.031
17.820	0.0218	0.017	0.733	0.0100	0.003	0.036
17.825	0.0236	0.013	0.709	0.0130	0.003	0.037
17.830	0.0331	0.017	0.663	0.0168	0.004	0.047
17.835	0.0274	0.015	0.662	0.0173	0.005	0.062
17.840	0.0299	0.017	0.592	0.0174	0.007	0.084
17.845	0.0265	0.008	0.517	0.0256	0.006	0.101
17.850	0.0161	0.013	0.572	0.0258	0.002	0.108
17.855	0.0090	0.010	0.693	0.0212	0.001	0.099
17.860	0.0088	0.010	0.736	0.0240	0.000	0.095
17.865	0.0098	0.006	0.676	0.0229	0.001	0.096
17.870	0.0082	0.006	0.662	0.0284	0.001	0.099
17.875	0.0049	0.004	0.598	0.0182	0.001	0.102
17.880	0.0016	0.015	0.589	0.0341	0.002	0.124
17.885	0.0029	0.008	0.589	0.0270	0.003	0.122
17.890	0.0052	0.013	0.461	0.0314	0.005	0.101
17.895	0.0068	0.010	0.502	0.0197	0.005	0.101
17.900	0.0095	0.013	0.599	0.0219	0.005	0.073
17.905	0.0206	0.010	0.638	0.0241	0.006	0.059
17.910	0.0294	0.019	0.680	0.0111	0.005	0.049
17.915	0.0228	0.015	0.649	0.0168	0.004	0.045
17.920	0.0127	0.017	0.650	0.0197	0.003	0.042
17.925	0.0230	0.010	0.674	0.0166	0.002	0.036
17.930	0.0329	0.010	0.710	0.0084	0.003	0.040
17.935	0.0439	0.010	0.688	0.0097	0.005	0.044
17.940	0.0540	0.010	0.690	0.0066	0.010	0.054
17.945	0.0658	0.015	0.699	0.0098	0.014	0.054
17.950	0.0600	0.021	0.699	0.0070	0.017	0.049
17.955	0.0422	0.017	0.659	0.0116	0.017	0.047
17.960	0.0393	0.019	0.624	0.0233	0.013	0.047
17.965	0.0453	0.010	0.403	0.0220	0.009	0.053
17.970	0.0539	0.010	0.295	0.0460	0.001	0.049
17.975	0.0334	0.010	0.574	0.0323	0.001	0.053
17.980	0.0380	0.008	0.691	0.0232	0.001	0.059
17.985	0.0308	0.006	0.676	0.0249	0.001	0.070
17.990	0.0230	0.008	0.573	0.0142	0.008	0.141
17.995	0.0183	0.013	0.470	0.0150	0.039	0.193
18.000	0.0120	0.015	0.386	0.0144	0.278	0.218
18.005	0.0073	0.031	0.280	0.0113	0.574	0.227
18.010	0.0074	0.148	0.160	0.0124	0.854	0.231
18.015	0.0049	0.171	0.120	0.0129	0.904	0.223
18.020	0.0057	0.196	0.127	0.0130	0.951	0.181
18.025	0.0046	0.200	0.145	0.0115	0.934	0.185
18.030	0.0058	0.198	0.143	0.0130	0.827	0.199
18.035	0.0060	0.204	0.187	0.0147	0.571	0.221
18.040	0.0034	0.129	0.167	0.0148	0.433	0.318
18.045	0.0017	0.138	0.148	0.0217	0.310	0.400
18.050	0.0007	0.106	0.471	0.0204	0.086	0.437
18.055	0.0007	0.029	0.591	0.0153	0.062	0.437
18.060	0.0003	0.031	0.735	0.0104	0.051	0.447
18.065	0.0005	0.027	0.664	0.0107	0.051	0.467
18.070	0.0003	0.044	0.666	0.0123	0.078	0.476
18.075	0.0003	0.052	0.585	0.0175	0.079	0.483
18.080	0.0002	0.067	0.675	0.0109	0.069	0.482
18.085	0.0003	0.052	0.661	0.0194	0.053	0.460
18.090	0.0002	0.031	0.761	0.0101	0.043	0.468
18.095	0.0002	0.027	0.768	0.0114	0.036	0.461
18.100	0.0002	0.027	0.781	0.0068	0.038	0.477
18.105	0.0003	0.031	0.731	0.0120	0.043	0.491
18.110	0.0002	0.027	0.692	0.0083	0.080	0.517
18.115	0.0002	0.040	0.590	0.0095	0.120	0.551
18.120	0.0001	0.048	0.468	0.0104	0.346	0.606
18.125	0.0001	0.115	0.318	0.0118	0.661	0.622
18.130	0.0001	0.175	0.197	0.0098	0.849	0.624
18.135	0.0000	0.256	0.154	0.0130	0.757	0.642
18.140	0.0001	0.260	0.479	0.0376	0.057	0.535
18.145	0.0000	0.200	0.146	0.0158	0.073	0.518
18.150	0.0000	0.121	0.298	0.0167	0.306	0.361
18.155	0.0003	0.000	0.027	0.0282	0.124	0.276
18.160	0.0006	0.058	0.094	0.0831	0.010	0.166
18.165	0.0041	0.046	0.000	0.0648	0.000	0.056
18.170	0.0056	0.019	0.217	0.0988	0.000	0.024
18.175	0.0528	0.002	0.309	0.0780	0.000	0.020
18.180	0.0513	0.000	0.190	0.0216	0.000	0.014
18.185	0.0496	0.004	0.239	0.0417	0.000	0.020
18.190	0.1121	0.002	0.450	0.0315	0.000	0.022
18.195	0.0654	0.015	0.654	0.0307	0.001	0.023
18.200	0.0744	0.023	0.816	0.0191	0.001	0.026
18.205	0.0891	0.021	0.816	0.0179	0.001	0.030
18.210	0.0997	0.023	0.796	0.0207	0.003	0.038
18.215	0.1020	0.023	0.798	0.0254	0.004	0.043
18.220	0.1082	0.023	0.833	0.0202	0.003	0.041
18.225	0.0977	0.025	0.846	0.0157	0.003	0.041
18.230	0.0911	0.025	0.833	0.0081	0.003	0.039
18.235	0.0886	0.019	0.768	0.0246	0.004	0.038
18.240	0.1128	0.021	0.792	0.0303	0.004	0.032
18.245	0.1391	0.021	0.839	0.0219	0.002	0.028
18.250	0.1688	0.027	0.859	0.0123	0.001	0.028
18.255	0.1786	0.025	0.823	0.0120	0.002	0.029
18.260	0.1304	0.029	0.775	0.0164	0.003	0.037
18.265	0.0957	0.031	0.766	0.0185	0.004	0.038
18.270	0.1215	0.029	0.770	0.0223	0.004	0.034
18.275	0.1085	0.025	0.777	0.0218	0.003	0.035
18.280	0.0921	0.029	0.775	0.0204	0.002	0.030
18.285	0.1013	0.021	0.787	0.0202	0.002	0.029
18.290	0.1239	0.023	0.766	0.0189	0.002	0.030
18.295	0.0840	0.033	0.696	0.0185	0.003	0.028
18.300	0.1450	0.029	0.629	0.0238	0.004	0.033
18.305	0.1101	0.027	0.663	0.0226	0.004	0.034
18.310	0.1151	0.023	0.633	0.0214	0.004	0.033
18.315	0.1008	0.019	0.638	0.0242	0.003	0.032
18.320	0.1152	0.017	0.629	0.0185	0.002	0.027
18.325	0.0694	0.017	0.652	0.0246	0.002	0.029
18.330	0.0990	0.023	0.608	0.0216	0.002	0.029
18.335	0.0715	0.019	0.525	0.0203	0.002	0.029
18.340	0.0432	0.023	0.463	0.0257	0.002	0.035
18.345	0.0410	0.031	0.485	0.0258	0.002	0.035
18.350	0.0432	0.017	0.365	0.0290	0.001	0.048
18.355	0.0313	0.017	0.343	0.0320	0.001	0.056
18.360	0.0254	0.019	0.147	0.0500	0.002	0.069
18.365	0.0216	0.010	0.257	0.0307	0.003	0.080
18.370	0.0210	0.010	0.423	0.0305	0.002	0.076
18.375	0.0348	0.010	0.524	0.0252	0.003	0.094
18.380	0.0195	0.013	0.691	0.0272	0.001	0.099
18.385	0.0127	0.008	0.657	0.0303	0.001	0.076
18.390	0.0076	0.015	0.640	0.0214	0.001	0.099
18.395	0.0118	0.008	0.539	0.0324	0.001	0.100
18.400	0.0041	0.015	0.533	0.0248	0.001	0.098
18.405	0.0093	0.010	0.369	0.0367	0.002	0.095
18.410	0.0043	0.015	0.415	0.0272	0.001	0.080
18.415	0.0099	0.010	0.444	0.0570	0.001	0.080
18.420	0.0041	0.008	0.263	0.0434	0.000	0.071
18.425	0.0054	0.015	0.246	0.0407	0.001	0.076
18.430	0.0070	0.021	0.548	0.0229	0.001	0.065
18.435	0.0057	0.004	0.652	0.0233	0.001	0.063
18.440	0.0093	0.010	0.627	0.0169	0.002	0.059
18.445	0.0075	0.008	0.678	0.0261	0.001	0.056
18.450	0.0085	0.013	0.592	0.0191	0.002	0.051
18.455	0.0068	0.015	0.620	0.0221	0.003	0.052
18.460	0.0124	0.025	0.660	0.0180	0.004	0.050
18.465	0.0177	0.017	0.698	0.0208	0.004	0.049
18.470	0.0197	0.027	0.774	0.0131	0.003	0.041
18.475	0.0176	0.015	0.784	0.0102	0.003	0.039
18.480	0.0196	0.025	0.774	0.0131	0.002	0.031
18.485	0.0285	0.019	0.772	0.0197	0.001	0.026
18.490	0.0237	0.008	0.790	0.0150	0.000	0.023
18.495	0.0200	0.013	0.798	0.0133	0.000	0.022
18.500	0.0311	0.010	0.801	0.0138	0.000	0.021
18.505	0.0341	0.010	0.807	0.0107	0.000	0.020
18.510	0.0276	0.010	0.803	0.0059	0.000	0.019
18.515	0.0360	0.010	0.792	0.0096	0.000	0.018
18.520	0.0469	0.010	0.795	0.0122	0.000	0.018
18.525	0.0389	0.010	0.809	0.0069	0.000	0.019
18.530	0.0258	0.010	0.775	0.0124	0.000	0.021
18.535	0.0332	0.010	0.750	0.0153	0.000	0.024
18.540	0.0374	0.015	0.703	0.0185	0.000	0.026
18.545	0.0310	0.019	0.648	0.0228	0.000	0.032
18.550	0.0208	0.013	0.556	0.0308	0.000	0.041
18.555	0.0101	0.017	0.643	0.0317	0.000	0.039
18.560	0.0079	0.004	0.707	0.0352	0.000	0.041
18.565	0.0106	0.006	0.706	0.0145	0.000	0.038
18.570	0.0100	0.004	0.777	0.0151	0.000	0.032
18.575	0.0102	0.004	0.792	0.0195	0.000	0.032
18.580	0.0119	0.004	0.764	0.0281	0.000	0.036
18.585	0.0095	0.006	0.738	0.0292	0.000	0.037
18.590	0.0099	0.004	0.723	0.0203	0.000	0.041
18.595	0.0075	0.004	0.749	0.0170	0.000	0.046
18.600	0.0063	0.004	0.741	0.0325	0.000	0.054
18.605	0.0042	0.004	0.764	0.0148	0.000	0.061
18.610	0.0055	0.006	0.666	0.0217	0.002	0.129
18.615	0.0044	0.004	0.613	0.0107	0.012	0.159
18.620	0.0041	0.004	0.473	0.0429	0.007	0.149
18.625	0.0040	0.019	0.597	0.0280	0.003	0.084
18.630	0.0046	0.004	0.716	0.0216	0.001	0.052
18.635	0.0097	0.019	0.702	0.0283	0.001	0.047
18.640	0.0199	0.013	0.701	0.0277	0.001	0.044
18.645	0.0236	0.010	0.757	0.0223	0.000	0.040
18.650	0.0225	0.013	0.645	0.0151	0.000	0.038
18.655	0.0493	0.010	0.527	0.0255	0.001	0.041
18.660	0.0442	0.013	0.538	0.0270	0.002	0.045
18.665	0.0196	0.015	0.701	0.0145	0.002	0.039
18.670	0.0371	0.019	0.710	0.0114	0.002	0.039
18.675	0.0477	0.021	0.720	0.0139	0.002	0.036
18.680	0.0604	0.027	0.751	0.0126	0.001	0.032
18.685	0.0569	0.015	0.784	0.0071	0.001	0.029
18.690	0.0518	0.015	0.791	0.0053	0.001	0.026
18.695	0.0596	0.025	0.784	0.0050	0.001	0.030
18.700	0.0725	0.019	0.772	0.0061	0.001	0.032
18.705	0.0760	0.023	0.777	0.0089	0.001	0.034
18.710	0.0510	0.029	0.771	0.0091	0.001	0.035
18.715	0.0467	0.027	0.776	0.0133	0.001	0.033
18.720	0.0741	0.025	0.769	0.0128	0.002	0.040
18.725	0.0820	0.019	0.730	0.0123	0.003	0.044
18.730	0.0622	0.023	0.683	0.0127	0.004	0.050
18.735	0.0406	0.023	0.718	0.0144	0.004	0.051
18.740	0.0337	0.035	0.712	0.0170	0.003	0.042
18.745	0.0387	0.031	0.652	0.0186	0.002	0.043
18.750	0.0311	0.015	0.490	0.0493	0.001	0.057
18.755	0.0126	0.010	0.589	0.0373	0.000	0.062
18.760	0.0113	0.006	0.783	0.0143	0.000	0.051
18.765	0.0118	0.004	0.791	0.0097	0.000	0.045
18.770	0.0115	0.010	0.691	0.0127	0.000	0.051
18.775	0.0122	0.004	0.618	0.0291	0.001	0.051
18.780	0.0143	0.010	0.578	0.0277	0.004	0.049
18.785	0.0165	0.006	0.677	0.0277	0.005	0.050
18.790	0.0200	0.023	0.761	0.0218	0.003	0.047
18.795	0.0335	0.013	0.801	0.0153	0.002	0.046
18.800	0.0431	0.010	0.832	0.0094	0.002	0.043
18.805	0.0252	0.013	0.833	0.0068	0.002	0.041
18.810	0.0504	0.013	0.832	0.0072	0.002	0.038
18.815	0.0393	0.010	0.809	0.0093	0.004	0.040
18.820	0.0400	0.013	0.762	0.0110	0.008	0.044
18.825	0.0359	0.010	0.781	0.0134	0.009	0.047
18.830	0.0188	0.021	0.723	0.0155	0.010	0.053
18.835	0.0310	0.037	0.701	0.0183	0.009	0.051
18.840	0.0208	0.029	0.748	0.0182	0.005	0.048
18.845	0.0266	0.015	0.803	0.0123	0.004	0.052
18.850	0.0200	0.006	0.787	0.0138	0.003	0.055
18.855	0.0244	0.010	0.776	0.0140	0.002	0.066
18.860	0.0283	0.013	0.756	0.0242	0.002	0.074
18.865	0.0177	0.010	0.786	0.0222	0.002	0.069
18.870	0.0214	0.010	0.799	0.0144	0.000	0.056
18.875	0.0230	0.004	0.802	0.0124	0.000	0.047
18.880	0.0180	0.010	0.803	0.0081	0.000	0.041
18.885	0.0209	0.004	0.798	0.0132	0.001	0.037
18.890	0.0237	0.006	0.795	0.0101	0.001	0.040
18.895	0.0202	0.006	0.781	0.0113	0.001	0.047
18.900	0.0164	0.004	0.778	0.0106	0.002	0.053
18.905	0.0264	0.006	0.776	0.0099	0.003	0.064
18.910	0.0282	0.010	0.781	0.0089	0.003	0.054
18.915	0.0189	0.013	0.789	0.0079	0.002	0.052
18.920	0.0179	0.017	0.769	0.0096	0.002	0.057
18.925	0.0335	0.015	0.759	0.0105	0.002	0.066
18.930	0.0330	0.019	0.741	0.0117	0.002	0.063
18.935	0.0207	0.013	0.736	0.0122	0.002	0.061
18.940	0.0178	0.017	0.723	0.0145	0.003	0.060
18.945	0.0268	0.019	0.714	0.0163	0.002	0.060
18.950	0.0289	0.021	0.689	0.0155	0.002	0.058
18.955	0.0290	0.025	0.618	0.0180	0.002	0.057
18.960	0.0215	0.023	0.496	0.0322	0.001	0.066
18.965	0.0124	0.017	0.564	0.0492	0.001	0.056
18.970	0.0079	0.004	0.770	0.0151	0.000	0.041
18.975	0.0100	0.004	0.764	0.0121	0.000	0.038
18.980	0.0103	0.004	0.662	0.0158	0.000	0.044
18.985	0.0135	0.010	0.609	0.0214	0.001	0.051
18.990	0.0164	0.010	0.452	0.0232	0.003	0.047
18.995	0.0193	0.019	0.567	0.0227	0.003	0.052
19.000	0.0268	0.029	0.677	0.0086	0.005	0.055
19.005	0.0269	0.035	0.669	0.0140	0.006	0.049
19.010	0.0328	0.040	0.630	0.0130	0.007	0.047
19.015	0.0304	0.040	0.669	0.0156	0.007	0.040
19.020	0.0290	0.037	0.703	0.0096	0.007	0.048
19.025	0.0307	0.033	0.705	0.0125	0.005	0.047
19.030	0.0340	0.033	0.710	0.0068	0.004	0.052
19.035	0.0349	0.033	0.683	0.0112	0.005	0.056
19.040	0.0331	0.037	0.718	0.0086	0.005	0.058
19.045	0.0313	0.037	0.724	0.0076	0.005	0.055
19.050	0.0304	0.040	0.727	0.0058	0.004	0.049
19.055	0.0289	0.031	0.711	0.0075	0.004	0.047
19.060	0.0270	0.033	0.686	0.0100	0.002	0.051
19.065	0.0244	0.035	0.674	0.0120	0.002	0.056
19.070	0.0214	0.029	0.693	0.0123	0.002	0.056
19.075	0.0180	0.027	0.722	0.0073	0.003	0.058
19.080	0.0133	0.037	0.719	0.0071	0.004	0.062
19.085	0.0105	0.037	0.717	0.0111	0.004	0.065
19.090	0.0089	0.029	0.728	0.0058	0.003	0.061
19.095	0.0090	0.021	0.741	0.0076	0.003	0.062
19.100	0.0094	0.029	0.735	0.0094	0.002	0.061
19.105	0.0105	0.025	0.736	0.0116	0.002	0.058
19.110	0.0108	0.025	0.675	0.0168	0.001	0.064
19.115	0.0098	0.015	0.589	0.0341	0.000	0.064
19.120	0.0059	0.013	0.671	0.0525	0.000	0.055
19.125	0.0036	0.006	0.741	0.0160	0.000	0.056
19.130	0.0060	0.004	0.636	0.0178	0.000	0.060
19.135	0.0057	0.004	0.629	0.0238	0.000	0.065
19.140	0.0036	0.004	0.682	0.0229	0.000	0.069
19.145	0.0019	0.004	0.700	0.0144	0.000	0.072
19.150	0.0025	0.004	0.663	0.0221	0.000	0.085
19.155	0.0028	0.025	0.647	0.0341	0.000	0.078
19.160	0.0023	0.004	0.631	0.0368	0.000	0.107
19.165	0.0026	0.002	0.632	0.0420	0.000	0.104
19.170	0.0015	0.004	0.353	0.0318	0.001	0.147
19.175	0.0016	0.004	0.398	0.0382	0.004	0.145
19.180	0.0006	0.006	0.167	0.0363	0.001	0.114
19.185	0.0019	0.021	0.300	0.0438	0.001	0.090
19.190	0.0036	0.017	0.334	0.0264	0.000	0.056
19.195	0.0052	0.021	0.502	0.0189	0.000	0.052
19.200	0.0111	0.015	0.494	0.0244	0.002	0.064
19.205	0.0062	0.015	0.529	0.0187	0.002	0.063
19.210	0.0144	0.008	0.478	0.0219	0.003	0.074
19.215	0.0081	0.019	0.624	0.0138	0.004	0.083
19.220	0.0162	0.013	0.662	0.0220	0.005	0.095
19.225	0.0116	0.015	0.742	0.0144	0.005	0.096
19.230	0.0125	0.021	0.695	0.0146	0.005	0.096
19.235	0.0073	0.023	0.671	0.0192	0.005	0.095
19.240	0.0120	0.029	0.637	0.0185	0.007	0.097
19.245	0.0159	0.025	0.679	0.0198	0.007	0.101
19.250	0.0125	0.019	0.727	0.0200	0.006	0.091
19.255	0.0112	0.027	0.720	0.0165	0.007	0.093
19.260	0.0173	0.029	0.688	0.0151	0.007	0.091
19.265	0.0210	0.031	0.715	0.0133	0.009	0.091
19.270	0.0147	0.023	0.776	0.0143	0.009	0.080
19.275	0.0192	0.033	0.795	0.0075	0.008	0.077
19.280	0.0196	0.031	0.793	0.0084	0.007	0.074
19.285	0.0186	0.044	0.771	0.0095	0.007	0.074
19.290	0.0312	0.035	0.737	0.0171	0.005	0.055
19.295	0.0179	0.019	0.709	0.0183	0.003	0.050
19.300	0.0288	0.025	0.685	0.0208	0.002	0.042
19.305	0.0265	0.023	0.710	0.0212	0.001	0.039
19.310	0.0184	0.017	0.729	0.0219	0.000	0.037
19.315	0.0435	0.019	0.758	0.0148	0.000	0.036
19.320	0.0506	0.010	0.726	0.0152	0.000	0.036
19.325	0.0424	0.010	0.638	0.0198	0.001	0.035
19.330	0.0566	0.017	0.566	0.0205	0.004	0.035
19.335	0.0484	0.017	0.583	0.0191	0.005	0.035
19.340	0.0420	0.017	0.564	0.0210	0.005	0.031
19.345	0.0289	0.015	0.586	0.0215	0.005	0.036
19.350	0.0302	0.023	0.554	0.0212	0.005	0.034
19.355	0.0280	0.017	0.562	0.0205	0.006	0.034
19.360	0.0308	0.017	0.607	0.0195	0.009	0.033
19.365	0.0340	0.021	0.666	0.0167	0.011	0.035
19.370	0.0429	0.029	0.693	0.0173	0.009	0.036
19.375	0.0516	0.021	0.686	0.0159	0.007	0.034
19.380	0.0535	0.019	0.707	0.0152	0.007	0.041
19.385	0.0422	0.015	0.664	0.0095	0.009	0.045
19.390	0.0497	0.010	0.581	0.0209	0.007	0.050
19.395	0.0456	0.013	0.469	0.0254	0.005	0.054
19.400	0.0298	0.017	0.396	0.0229	0.002	0.064
19.405	0.0215	0.019	0.451	0.0251	0.002	0.079
19.410	0.0102	0.008	0.605	0.0196	0.001	0.083
19.415	0.0087	0.013	0.648	0.0246	0.001	0.084
19.420	0.0072	0.010	0.669	0.0263	0.000	0.084
19.425	0.0070	0.006	0.666	0.0286	0.000	0.088
19.430	0.0063	0.006	0.645	0.0305	0.000	0.099
19.435	0.0041	0.008	0.686	0.0397	0.000	0.097
19.440	0.0033	0.013	0.718	0.0115	0.000	0.091
19.445	0.0045	0.004	0.715	0.0188	0.000	0.096
19.450	0.0039	0.004	0.706	0.0111	0.000	0.089
19.455	0.0044	0.004	0.689	0.0207	0.000	0.096
19.460	0.0044	0.008	0.434	0.0326	0.002	0.104
19.465	0.0053	0.004	0.494	0.0253	0.002	0.080
19.470	0.0052	0.004	0.571	0.0185	0.001	0.053
19.475	0.0072	0.013	0.580	0.0188	0.001	0.050
19.480	0.0190	0.013	0.605	0.0178	0.002	0.043
19.485	0.0279	0.017	0.622	0.0146	0.002	0.038
19.490	0.0433	0.010	0.566	0.0154	0.002	0.035
19.495	0.0448	0.013	0.490	0.0259	0.003	0.035
19.500	0.0382	0.010	0.481	0.0208	0.004	0.033
19.505	0.0285	0.017	0.518	0.0261	0.004	0.032
19.510	0.0147	0.021	0.514	0.0279	0.003	0.032
19.515	0.0216	0.027	0.498	0.0179	0.003	0.031
19.520	0.0349	0.019	0.486	0.0218	0.003	0.031
19.525	0.0376	0.021	0.443	0.0344	0.004	0.035
19.530	0.0127	0.023	0.465	0.0306	0.004	0.038
19.535	0.0223	0.013	0.525	0.0180	0.004	0.046
19.540	0.0259	0.019	0.331	0.0513	0.002	0.072
19.545	0.0157	0.023	0.319	0.0282	0.003	0.066
19.550	0.0074	0.015	0.304	0.0235	0.001	0.079
19.555	0.0210	0.015	0.208	0.0546	0.001	0.088
19.560	0.0069	0.023	0.302	0.0216	0.001	0.078
19.565	0.0029	0.015	0.410	0.0259	0.001	0.087
19.570	0.0042	0.021	0.333	0.0207	0.001	0.070
19.575	0.0026	0.010	0.476	0.0288	0.001	0.070
19.580	0.0053	0.019	0.504	0.0311	0.000	0.059
19.585	0.0029	0.015	0.378	0.0313	0.000	0.055
19.590	0.0047	0.010	0.256	0.0358	0.000	0.044
19.595	0.0121	0.015	0.317	0.0269	0.000	0.038
19.600	0.0130	0.013	0.437	0.0253	0.000	0.039
19.605	0.0189	0.015	0.445	0.0327	0.001	0.042
19.610	0.0158	0.015	0.462	0.0287	0.001	0.044
19.615	0.0220	0.015	0.433	0.0222	0.003	0.055
19.620	0.0231	0.015	0.561	0.0180	0.002	0.047
19.625	0.0210	0.017	0.639	0.0137	0.003	0.045
19.630	0.0294	0.019	0.620	0.0127	0.003	0.043
19.635	0.0345	0.017	0.604	0.0160	0.003	0.043
19.640	0.0326	0.015	0.616	0.0138	0.005	0.044
19.645	0.0260	0.019	0.601	0.0139	0.007	0.051
19.650	0.0178	0.023	0.607	0.0131	0.008	0.070
19.655	0.0155	0.015	0.602	0.0134	0.009	0.080
19.660	0.0174	0.015	0.596	0.0105	0.007	0.085
19.665	0.0236	0.019	0.571	0.0190	0.005	0.080
19.670	0.0321	0.013	0.501	0.0183	0.004	0.053
19.675	0.0318	0.013	0.480	0.0243	0.007	0.053
19.680	0.0172	0.015	0.529	0.0236	0.005	0.062
19.685	0.0127	0.015	0.490	0.0300	0.003	0.070
19.690	0.0059	0.006	0.392	0.0362	0.001	0.094
19.695	0.0038	0.042	0.493	0.0355	0.001	0.097
19.700	0.0066	0.002	0.632	0.0389	0.000	0.100
19.705	0.0059	0.004	0.640	0.0434	0.000	0.103
19.710	0.0036	0.013	0.645	0.0227	0.000	0.107
19.715	0.0034	0.004	0.664	0.0234	0.000	0.100
19.720	0.0033	0.004	0.668	0.0271	0.000	0.113
19.725	0.0024	0.002	0.650	0.0239	0.000	0.123
19.730	0.0016	0.004	0.635	0.0217	0.001	0.154
19.735	0.0014	0.004	0.639	0.0370	0.001	0.166
19.740	0.0010	0.008	0.745	0.0198	0.001	0.192
19.745	0.0013	0.013	0.735	0.0239	0.001	0.192
19.750	0.0010	0.013	0.705	0.0169	0.002	0.232
19.755	0.0010	0.004	0.594	0.0166	0.006	0.284
19.760	0.0008	0.008	0.316	0.0126	0.091	0.467
19.765	0.0004	0.075	0.310	0.0127	0.175	0.481
19.770	0.0002	0.069	0.279	0.0153	0.221	0.545
19.775	0.0002	0.081	0.358	0.0244	0.127	0.551
19.780	0.0001	0.129	0.280	0.1037	0.005	0.245
19.785	0.0001	0.052	0.461	0.0274	0.001	0.106
19.790	0.0001	0.027	0.467	0.0489	0.000	0.073
19.795	0.0020	0.004	0.613	0.0386	0.000	0.062
19.800	0.0028	0.004	0.737	0.0206	0.000	0.043
19.805	0.0034	0.004	0.744	0.0113	0.000	0.040
19.810	0.0052	0.004	0.752	0.0117	0.000	0.029
19.815	0.0055	0.004	0.756	0.0084	0.000	0.028
19.820	0.0079	0.008	0.729	0.0110	0.000	0.035
19.825	0.0095	0.004	0.702	0.0170	0.000	0.041
19.830	0.0116	0.008	0.680	0.0148	0.000	0.050
19.835	0.0127	0.010	0.690	0.0149	0.000	0.047
19.840	0.0162	0.008	0.673	0.0186	0.001	0.046
19.845	0.0176	0.013	0.675	0.0186	0.001	0.043
19.850	0.0156	0.025	0.712	0.0122	0.001	0.044
19.855	0.0121	0.027	0.703	0.0127	0.001	0.046
19.860	0.0128	0.021	0.716	0.0121	0.001	0.046
19.865	0.0096	0.013	0.728	0.0117	0.001	0.046
19.870	0.0198	0.021	0.741	0.0110	0.001	0.044
19.875	0.0228	0.023	0.758	0.0140	0.001	0.043
19.880	0.0241	0.023	0.757	0.0110	0.001	0.045
19.885	0.0145	0.017	0.755	0.0120	0.001	0.044
19.890	0.0121	0.021	0.768	0.0111	0.001	0.044
19.895	0.0251	0.023	0.781	0.0120	0.001	0.039
19.900	0.0274	0.019	0.793	0.0116	0.001	0.037
19.905	0.0177	0.021	0.806	0.0129	0.001	0.035
19.910	0.0177	0.019	0.794	0.0075	0.001	0.033
19.915	0.0293	0.021	0.797	0.0079	0.001	0.034
19.920	0.0162	0.021	0.804	0.0076	0.001	0.031
19.925	0.0173	0.019	0.800	0.0061	0.001	0.031
19.930	0.0300	0.023	0.812	0.0090	0.001	0.030
19.935	0.0210	0.025	0.819	0.0091	0.001	0.030
19.940	0.0178	0.019	0.801	0.0055	0.001	0.029
19.945	0.0289	0.023	0.805	0.0057	0.001	0.028
19.950	0.0197	0.025	0.793	0.0080	0.001	0.028
19.955	0.0165	0.019	0.794	0.0083	0.001	0.027
19.960	0.0323	0.023	0.789	0.0081	0.001	0.026
19.965	0.0266	0.023	0.792	0.0106	0.000	0.026
19.970	0.0170	0.021	0.783	0.0103	0.000	0.026
19.975	0.0348	0.027	0.791	0.0103	0.000	0.028
19.980	0.0362	0.023	0.804	0.0095	0.001	0.026
19.985	0.0200	0.021	0.806	0.0088	0.000	0.024
19.990	0.0248	0.017	0.788	0.0073	0.000	0.024
19.995	0.0383	0.023	0.780	0.0084	0.000	0.025
20.000	0.0338	0.021	0.781	0.0086	0.000	0.024
20.005	0.0230	0.023	0.781	0.0090	0.000	0.024
20.010	0.0257	0.017	0.782	0.0098	0.000	0.023
20.015	0.0413	0.023	0.783	0.0079	0.000	0.023
20.020	0.0424	0.019	0.771	0.0112	0.000	0.025
20.025	0.0285	0.013	0.757	0.0136	0.000	0.027
20.030	0.0240	0.017	0.764	0.0089	0.000	0.027
20.035	0.0205	0.019	0.741	0.0085	0.000	0.028
20.040	0.0390	0.015	0.739	0.0167	0.000	0.029
20.045	0.0437	0.015	0.728	0.0147	0.000	0.029
20.050	0.0451	0.015	0.728	0.0164	0.000	0.031
20.055	0.0395	0.017	0.745	0.0151	0.000	0.030
20.060	0.0303	0.015	0.729	0.0184	0.000	0.029
20.065	0.0364	0.013	0.714	0.0174	0.000	0.028
20.070	0.0338	0.019	0.683	0.0167	0.000	0.030
20.075	0.0287	0.017	0.702	0.0172	0.000	0.032
20.080	0.0163	0.017	0.712	0.0119	0.000	0.032
20.085	0.0175	0.017	0.685	0.0152	0.001	0.035
20.090	0.0176	0.017	0.673	0.0149	0.000	0.034
20.095	0.0173	0.013	0.671	0.0179	0.000	0.035
20.100	0.0151	0.017	0.699	0.0181	0.000	0.033
20.105	0.0165	0.013	0.705	0.0177	0.000	0.031
20.110	0.0196	0.010	0.681	0.0140	0.000	0.031
20.115	0.0215	0.013	0.671	0.0175	0.000	0.033
20.120	0.0256	0.010	0.650	0.0184	0.000	0.035
20.125	0.0291	0.010	0.643	0.0161	0.000	0.036
20.130	0.0299	0.013	0.630	0.0209	0.000	0.036
20.135	0.0364	0.010	0.542	0.0320	0.000	0.035
20.140	0.0357	0.010	0.411	0.0311	0.000	0.037
20.145	0.0182	0.010	0.219	0.0303	0.000	0.039
20.150	0.0127	0.013	0.368	0.0314	0.000	0.046
20.155	0.0175	0.008	0.417	0.0233	0.001	0.045
20.160	0.0154	0.008	0.435	0.0359	0.000	0.048
20.165	0.0217	0.010	0.352	0.0453	0.000	0.041
20.170	0.0123	0.010	0.431	0.0208	0.000	0.042
20.175	0.0245	0.010	0.459	0.0223	0.000	0.036
20.180	0.0051	0.006	0.596	0.0269	0.000	0.028
20.185	0.0140	0.013	0.575	0.0402	0.000	0.036
20.190	0.0183	0.013	0.400	0.0612	0.000	0.043
20.195	0.0063	0.010	0.517	0.0245	0.000	0.029
20.200	0.0040	0.013	0.576	0.0382	0.000	0.031
20.205	0.0254	0.010	0.557	0.0327	0.000	0.045
20.210	0.0099	0.013	0.564	0.0250	0.000	0.093
20.215	0.0046	0.013	0.578	0.0239	0.001	0.138
20.220	0.0022	0.015	0.562	0.0409	0.002	0.180
20.225	0.0011	0.013	0.563	0.0240	0.004	0.210
20.230	0.0011	0.010	0.322	0.0298	0.020	0.330
20.235	0.0003	0.029	0.500	0.0182	0.023	0.354
20.240	0.0003	0.025	0.401	0.0146	0.076	0.469
20.245	0.0002	0.085	0.342	0.0127	0.149	0.514
20.250	0.0001	0.073	0.246	0.0121	0.270	0.537
20.255	0.0001	0.117	0.203	0.0101	0.412	0.566
20.260	0.0001	0.154	0.177	0.0138	0.587	0.601
20.265	0.0001	0.242	0.193	0.0163	0.424	0.591
20.270	0.0000	0.217	0.288	0.0108	0.328	0.598
20.275	0.0001	0.108	0.323	0.0103	0.427	0.623
20.280	0.0001	0.156	0.234	0.0120	0.550	0.612
20.285	0.0000	0.188	0.270	0.0106	0.494	0.625
20.290	0.0001	0.200	0.146	0.0715	0.047	0.411
20.295	0.0000	0.094	0.574	0.0256	0.003	0.157
20.300	0.0000	0.135	0.650	0.0246	0.001	0.117
20.305	0.0004	0.027	0.663	0.0475	0.001	0.143
20.310	0.0016	0.017	0.681	0.0193	0.001	0.190
20.315	0.0011	0.019	0.742	0.0185	0.002	0.238
20.320	0.0006	0.017	0.626	0.0199	0.012	0.392
20.325	0.0004	0.021	0.138	0.0452	0.026	0.369
20.330	0.0001	0.042	0.351	0.0285	0.000	0.048
20.335	0.0002	0.048	0.387	0.0167	0.000	0.032
20.340	0.0009	0.017	0.442	0.0239	0.000	0.034
20.345	0.0173	0.027	0.266	0.0222	0.000	0.027
20.350	0.0053	0.025	0.359	0.0198	0.000	0.032
20.355	0.0292	0.027	0.232	0.0185	0.000	0.030
20.360	0.0043	0.027	0.259	0.0353	0.001	0.029
20.365	0.0211	0.023	0.232	0.0213	0.000	0.023
20.370	0.0136	0.025	0.285	0.0329	0.000	0.025
20.375	0.0302	0.029	0.419	0.0224	0.000	0.024
20.380	0.0302	0.021	0.665	0.0089	0.001	0.022
20.385	0.0295	0.027	0.479	0.0173	0.001	0.021
20.390	0.0533	0.029	0.530	0.0174	0.001	0.019
20.395	0.0488	0.029	0.729	0.0084	0.002	0.021
20.400	0.0618	0.033	0.717	0.0068	0.003	0.029
20.405	0.0660	0.035	0.693	0.0077	0.005	0.035
20.410	0.0632	0.023	0.611	0.0171	0.005	0.035
20.415	0.0569	0.033	0.553	0.0159	0.004	0.036
20.420	0.0586	0.033	0.542	0.0203	0.003	0.039
20.425	0.0539	0.023	0.690	0.0087	0.004	0.043
20.430	0.0591	0.029	0.599	0.0155	0.004	0.043
20.435	0.0570	0.029	0.565	0.0202	0.004	0.047
20.440	0.0517	0.015	0.615	0.0122	0.004	0.054
20.445	0.0426	0.025	0.650	0.0156	0.006	0.054
20.450	0.0358	0.025	0.716	0.0145	0.004	0.057
20.455	0.0345	0.025	0.737	0.0141	0.002	0.051
20.460	0.0384	0.021	0.735	0.0184	0.001	0.052
20.465	0.0383	0.017	0.714	0.0204	0.001	0.054
20.470	0.0361	0.013	0.634	0.0281	0.001	0.058
20.475	0.0297	0.008	0.550	0.0271	0.001	0.073
20.480	0.0188	0.004	0.551	0.0419	0.000	0.096
20.485	0.0085	0.004	0.736	0.0289	0.000	0.085
20.490	0.0068	0.004	0.721	0.0080	0.000	0.086
20.495	0.0070	0.004	0.661	0.0160	0.000	0.103
20.500	0.0057	0.004	0.517	0.0136	0.001	0.138
20.505	0.0034	0.008	0.513	0.0254	0.002	0.175
20.510	0.0017	0.010	0.395	0.0188	0.007	0.247
20.515	0.0007	0.008	0.495	0.0140	0.013	0.294
20.520	0.0006	0.029	0.501	0.0148	0.027	0.322
20.525	0.0004	0.044	0.500	0.0104	0.038	0.366
20.530	0.0003	0.050	0.423	0.0140	0.060	0.394
20.535	0.0002	0.056	0.384	0.0124	0.062	0.425
20.540	0.0001	0.073	0.049	0.0297	0.074	0.478
20.545	0.0001	0.062	0.291	0.0211	0.021	0.320
20.550	0.0001	0.094	0.277	0.0092	0.034	0.301
20.555	0.0001	0.090	0.236	0.0226	0.084	0.291
20.560	0.0006	0.079	0.302	0.0193	0.084	0.231
20.565	0.0011	0.085	0.322	0.0142	0.126	0.243
20.570	0.0022	0.075	0.262	0.0112	0.221	0.243
20.575	0.0021	0.075	0.181	0.0144	0.308	0.253
20.580	0.0015	0.104	0.302	0.0121	0.274	0.247
20.585	0.0023	0.115	0.308	0.0133	0.279	0.256
20.590	0.0032	0.096	0.187	0.0117	0.331	0.269
20.595	0.0021	0.110	0.313	0.0183	0.225	0.279
20.600	0.0016	0.094	0.247	0.0142	0.224	0.259
20.605	0.0018	0.092	0.270	0.0186	0.212	0.243
20.610	0.0017	0.085	0.231	0.0564	0.047	0.198
20.615	0.0011	0.071	0.543	0.0536	0.006	0.130
20.620	0.0010	0.056	0.636	0.0368	0.001	0.085
20.625	0.0097	0.006	0.752	0.0304	0.001	0.070
20.630	0.0164	0.008	0.780	0.0164	0.001	0.064
20.635	0.0165	0.008	0.734	0.0159	0.001	0.061
20.640	0.0307	0.006	0.753	0.0074	0.001	0.065
20.645	0.0283	0.004	0.763	0.0089	0.001	0.071
20.650	0.0281	0.004	0.776	0.0120	0.002	0.075
20.655	0.0203	0.010	0.760	0.0188	0.001	0.068
20.660	0.0163	0.004	0.752	0.0204	0.000	0.062
20.665	0.0157	0.004	0.753	0.0189	0.000	0.059
20.670	0.0136	0.004	0.752	0.0203	0.000	0.045
20.675	0.0111	0.004	0.766	0.0159	0.000	0.036
20.680	0.0150	0.004	0.761	0.0180	0.000	0.032
20.685	0.0190	0.006	0.760	0.0127	0.000	0.029
20.690	0.0241	0.004	0.763	0.0134	0.000	0.025
20.695	0.0214	0.004	0.757	0.0183	0.000	0.026
20.700	0.0243	0.004	0.764	0.0263	0.000	0.022
20.705	0.0230	0.004	0.768	0.0101	0.000	0.025
20.710	0.0239	0.004	0.763	0.0154	0.000	0.026
20.715	0.0209	0.006	0.771	0.0251	0.000	0.023
20.720	0.0228	0.004	0.770	0.0122	0.000	0.023
20.725	0.0206	0.004	0.762	0.0174	0.000	0.024
20.730	0.0200	0.004	0.764	0.0138	0.000	0.025
20.735	0.0153	0.004	0.761	0.0102	0.000	0.026
20.740	0.0146	0.004	0.753	0.0183	0.000	0.029
20.745	0.0124	0.004	0.777	0.0141	0.000	0.032
20.750	0.0157	0.004	0.767	0.0167	0.000	0.040
20.755	0.0163	0.006	0.749	0.0134	0.000	0.065
20.760	0.0177	0.004	0.540	0.0149	0.009	0.150
20.765	0.0126	0.008	0.505	0.0161	0.051	0.189
20.770	0.0061	0.021	0.603	0.0115	0.172	0.200
20.775	0.0062	0.017	0.476	0.0130	0.329	0.229
20.780	0.0054	0.065	0.205	0.0150	0.810	0.224
20.785	0.0037	0.167	0.154	0.0162	0.969	0.201
20.790	0.0035	0.192	0.118	0.0110	0.996	0.176
20.795	0.0047	0.192	0.181	0.0122	0.997	0.204
20.800	0.0043	0.200	0.150	0.0124	0.997	0.223
20.805	0.0026	0.231	0.141	0.0113	0.997	0.218
20.810	0.0042	0.194	0.156	0.0135	0.998	0.228
20.815	0.0032	0.221	0.117	0.0101	0.997	0.235
20.820	0.0041	0.202	0.099	0.0137	0.994	0.272
20.825	0.0030	0.219	0.143	0.0129	0.995	0.267
20.830	0.0038	0.235	0.152	0.0114	0.996	0.245
20.835	0.0034	0.215	0.115	0.0134	0.998	0.244
20.840	0.0042	0.221	0.124	0.0134	0.998	0.231
20.845	0.0036	0.231	0.140	0.0144	0.998	0.231
20.850	0.0033	0.221	0.139	0.0123	0.998	0.226
20.855	0.0044	0.200	0.108	0.0125	0.998	0.234
20.860	0.0041	0.217	0.153	0.0130	0.998	0.217
20.865	0.0039	0.215	0.126	0.0130	0.999	0.205
20.870	0.0034	0.210	0.145	0.0121	0.999	0.211
20.875	0.0039	0.215	0.156	0.0140	0.999	0.220
20.880	0.0045	0.208	0.158	0.0130	0.999	0.203
20.885	0.0040	0.208	0.167	0.0117	0.999	0.196
20.890	0.0049	0.208	0.157	0.0156	0.999	0.215
20.895	0.0040	0.227	0.251	0.0128	1.000	0.191
20.900	0.0039	0.217	0.168	0.0140	0.999	0.202
20.905	0.0061	0.210	0.116	0.0137	0.999	0.214
20.910	0.0038	0.212	0.162	0.0156	0.999	0.209
20.915	0.0041	0.202	0.160	0.0132	0.999	0.207
20.920	0.0045	0.190	0.177	0.0125	0.999	0.213
20.925	0.0042	0.204	0.164	0.0108	0.998	0.233
20.930	0.0043	0.171	0.094	0.0158	0.925	0.290
20.935	0.0023	0.181	0.401	0.0399	0.280	0.280
20.940	0.0017	0.144	0.352	0.0326	0.027	0.191
20.945	0.0020	0.035	0.587	0.0348	0.011	0.133
20.950	0.0044	0.021	0.708	0.0155	0.005	0.101
20.955	0.0085	0.008	0.737	0.0152	0.004	0.095
20.960	0.0151	0.008	0.749	0.0174	0.003	0.083
20.965	0.0200	0.004	0.746	0.0091	0.004	0.080
20.970	0.0214	0.008	0.777	0.0103	0.003	0.078
20.975	0.0198	0.010	0.771	0.0086	0.003	0.078
20.980	0.0211	0.008	0.774	0.0092	0.003	0.080
20.985	0.0157	0.017	0.780	0.0108	0.004	0.080
20.990	0.0097	0.010	0.756	0.0095	0.005	0.079
20.995	0.0113	0.017	0.766	0.0070	0.005	0.076
21.000	0.0158	0.008	0.760	0.0082	0.005	0.074
21.005	0.0156	0.013	0.756	0.0087	0.005	0.077
21.010	0.0222	0.013	0.775	0.0065	0.005	0.074
21.015	0.0240	0.008	0.766	0.0107	0.005	0.073
21.020	0.0229	0.015	0.776	0.0078	0.005	0.072
21.025	0.0210	0.008	0.786	0.0065	0.005	0.077
21.030	0.0174	0.008	0.766	0.0082	0.005	0.082
21.035	0.0087	0.015	0.775	0.0075	0.005	0.081
21.040	0.0110	0.008	0.756	0.0069	0.005	0.073
21.045	0.0147	0.017	0.746	0.0082	0.005	0.073
21.050	0.0163	0.008	0.755	0.0137	0.005	0.075
21.055	0.0206	0.008	0.757	0.0066	0.005	0.071
21.060	0.0248	0.008	0.770	0.0092	0.006	0.072
21.065	0.0203	0.023	0.772	0.0087	0.006	0.075
21.070	0.0223	0.013	0.751	0.0103	0.006	0.074
21.075	0.0158	0.013	0.762	0.0148	0.005	0.078
21.080	0.0095	0.019	0.742	0.0090	0.006	0.077
21.085	0.0123	0.013	0.739	0.0152	0.006	0.074
21.090	0.0176	0.019	0.747	0.0128	0.005	0.069
21.095	0.0208	0.013	0.750	0.0094	0.006	0.067
21.100	0.0269	0.010	0.756	0.0111	0.005	0.067
21.105	0.0349	0.008	0.750	0.0107	0.005	0.062
21.110	0.0376	0.008	0.760	0.0120	0.003	0.062
21.115	0.0340	0.015	0.768	0.0114	0.002	0.059
21.120	0.0378	0.008	0.783	0.0174	0.001	0.053
21.125	0.0373	0.008	0.730	0.0099	0.001	0.057
21.130	0.0308	0.008	0.550	0.0198	0.001	0.073
21.135	0.0172	0.008	0.447	0.0312	0.002	0.093
21.140	0.0054	0.013	0.622	0.0326	0.001	0.110
21.145	0.0049	0.013	0.717	0.0184	0.001	0.095
21.150	0.0071	0.004	0.676	0.0232	0.000	0.093
21.155	0.0085	0.008	0.631	0.0440	0.000	0.089
21.160	0.0066	0.017	0.641	0.0348	0.000	0.099
21.165	0.0067	0.002	0.695	0.0223	0.000	0.086
21.170	0.0055	0.013	0.661	0.0244	0.000	0.081
21.175	0.0062	0.004	0.693	0.0383	0.000	0.088
21.180	0.0048	0.004	0.707	0.0284	0.000	0.084
21.185	0.0049	0.004	0.691	0.0230	0.000	0.080
21.190	0.0043	0.002	0.657	0.0170	0.000	0.091
21.195	0.0044	0.004	0.590	0.0260	0.000	0.076
21.200	0.0030	0.004	0.471	0.0191	0.001	0.077
21.205	0.0025	0.004	0.520	0.0272	0.001	0.072
21.210	0.0031	0.015	0.647	0.0218	0.002	0.058
21.215	0.0073	0.017	0.645	0.0234	0.002	0.059
21.220	0.0168	0.015	0.654	0.0209	0.001	0.060
21.225	0.0218	0.017	0.671	0.0184	0.002	0.060
21.230	0.0274	0.013	0.689	0.0084	0.002	0.059
21.235	0.0366	0.013	0.698	0.0081	0.003	0.054
21.240	0.0448	0.010	0.639	0.0163	0.005	0.056
21.245	0.0344	0.017	0.647	0.0132	0.005	0.049
21.250	0.0327	0.021	0.690	0.0082	0.006	0.046
21.255	0.0271	0.015	0.699	0.0114	0.006	0.045
21.260	0.0229	0.021	0.697	0.0123	0.006	0.045
21.265	0.0242	0.015	0.663	0.0084	0.006	0.044
21.270	0.0194	0.019	0.630	0.0204	0.006	0.044
21.275	0.0168	0.025	0.640	0.0132	0.003	0.042
21.280	0.0219	0.019	0.613	0.0114	0.005	0.047
21.285	0.0224	0.023	0.657	0.0205	0.004	0.043
21.290	0.0266	0.019	0.700	0.0066	0.003	0.041
21.295	0.0330	0.021	0.691	0.0165	0.002	0.041
21.300	0.0291	0.023	0.722	0.0069	0.001	0.041
21.305	0.0221	0.023	0.685	0.0125	0.001	0.044
21.310	0.0126	0.027	0.690	0.0138	0.001	0.048
21.315	0.0157	0.019	0.698	0.0091	0.001	0.048
21.320	0.0173	0.015	0.694	0.0073	0.001	0.051
21.325	0.0187	0.010	0.704	0.0084	0.001	0.050
21.330	0.0195	0.017	0.638	0.0122	0.001	0.046
21.335	0.0225	0.015	0.642	0.0176	0.001	0.042
21.340	0.0170	0.015	0.604	0.0205	0.001	0.042
21.345	0.0135	0.010	0.494	0.0232	0.001	0.046
21.350	0.0157	0.008	0.417	0.0231	0.002	0.057
21.355	0.0116	0.010	0.328	0.0340	0.003	0.060
21.360	0.0160	0.015	0.355	0.0282	0.002	0.066
21.365	0.0082	0.019	0.223	0.0197	0.002	0.078
21.370	0.0059	0.013	0.156	0.0362	0.002	0.139
21.375	0.0036	0.004	0.359	0.0461	0.002	0.152
21.380	0.0009	0.037	0.306	0.0308	0.002	0.162
21.385	0.0020	0.008	0.398	0.0285	0.003	0.194
21.390	0.0009	0.017	0.536	0.0221	0.003	0.190
21.395	0.0008	0.010	0.419	0.0209	0.006	0.254
21.400	0.0006	0.008	0.385	0.0214	0.007	0.258
21.405	0.0004	0.021	0.376	0.0172	0.014	0.324
21.410	0.0005	0.013	0.272	0.0148	0.078	0.435
21.415	0.0001	0.060	0.331	0.0127	0.175	0.469
21.420	0.0001	0.133	0.196	0.0131	0.450	0.584
21.425	0.0001	0.202	0.286	0.0098	0.477	0.611
21.430	0.0001	0.156	0.217	0.0117	0.610	0.648
21.435	0.0001	0.219	0.188	0.0112	0.600	0.659
21.440	0.0000	0.217	0.312	0.0113	0.454	0.635
21.445	0.0000	0.171	0.363	0.0133	0.323	0.627
21.450	0.0000	0.177	0.102	0.0156	0.277	0.658
21.455	0.0000	0.098	0.141	0.0303	0.078	0.496
21.460	0.0000	0.121	0.195	0.0131	0.064	0.415
21.465	0.0000	0.131	0.155	0.0301	0.069	0.357
21.470	0.0002	0.058	0.310	0.0547	0.016	0.186
21.475	0.0004	0.040	0.226	0.0163	0.010	0.131
21.480	0.0005	0.029	0.335	0.0422	0.010	0.092
21.485	0.0063	0.017	0.469	0.0230	0.006	0.076
21.490	0.0135	0.015	0.603	0.0159	0.006	0.071
21.495	0.0257	0.013	0.684	0.0189	0.006	0.065
21.500	0.0264	0.015	0.723	0.0088	0.007	0.067
21.505	0.0348	0.013	0.715	0.0123	0.007	0.063
21.510	0.0328	0.015	0.738	0.0058	0.006	0.063
21.515	0.0286	0.013	0.710	0.0083	0.006	0.065
21.520	0.0220	0.010	0.729	0.0067	0.007	0.066
21.525	0.0193	0.015	0.691	0.0114	0.011	0.068
21.530	0.0223	0.021	0.709	0.0143	0.007	0.067
21.535	0.0255	0.010	0.714	0.0132	0.004	0.069
21.540	0.0267	0.013	0.640	0.0174	0.002	0.070
21.545	0.0292	0.010	0.651	0.0183	0.003	0.076
21.550	0.0251	0.008	0.551	0.0240	0.003	0.086
21.555	0.0227	0.008	0.508	0.0302	0.003	0.114
21.560	0.0129	0.004	0.601	0.0198	0.005	0.155
21.565	0.0117	0.002	0.579	0.0152	0.015	0.185
21.570	0.0083	0.008	0.367	0.0185	0.215	0.234
21.575	0.0043	0.021	0.219	0.0128	0.632	0.231
21.580	0.0038	0.092	0.120	0.0164	0.962	0.238
21.585	0.0039	0.167	0.118	0.0150	0.992	0.230
21.590	0.0048	0.173	0.152	0.0128	0.998	0.218
21.595	0.0038	0.188	0.211	0.0135	0.998	0.207
21.600	0.0051	0.192	0.269	0.0178	0.999	0.188
21.605	0.0055	0.194	0.271	0.0175	0.999	0.186
21.610	0.0055	0.200	0.256	0.0152	0.999	0.178
21.615	0.0066	0.196	0.193	0.0135	0.999	0.191
21.620	0.0049	0.202	0.324	0.0140	0.999	0.181
21.625	0.0059	0.202	0.251	0.0130	0.999	0.186
21.630	0.0054	0.200	0.238	0.0143	0.999	0.181
21.635	0.0045	0.208	0.182	0.0147	0.999	0.185
21.640	0.0062	0.181	0.151	0.0125	0.999	0.196
21.645	0.0050	0.200	0.173	0.0161	0.999	0.199
21.650	0.0040	0.210	0.161	0.0131	0.999	0.193
21.655	0.0035	0.200	0.140	0.0152	0.999	0.194
21.660	0.0049	0.196	0.121	0.0139	0.998	0.228
21.665	0.0033	0.188	0.170	0.0154	0.997	0.241
21.670	0.0023	0.165	0.208	0.0108	0.993	0.275
21.675	0.0026	0.150	0.158	0.0171	0.920	0.359
21.680	0.0008	0.171	0.273	0.0427	0.102	0.301
21.685	0.0006	0.123	0.404	0.0360	0.015	0.199
21.690	0.0013	0.044	0.471	0.0276	0.004	0.111
21.695	0.0016	0.006	0.560	0.0182	0.005	0.094
21.700	0.0041	0.013	0.662	0.0098	0.003	0.063
21.705	0.0079	0.010	0.711	0.0131	0.004	0.061
21.710	0.0153	0.008	0.721	0.0072	0.003	0.059
21.715	0.0181	0.008	0.732	0.0080	0.002	0.061
21.720	0.0170	0.006	0.741	0.0112	0.001	0.058
21.725	0.0147	0.008	0.704	0.0128	0.001	0.058
21.730	0.0121	0.006	0.684	0.0156	0.001	0.062
21.735	0.0076	0.006	0.659	0.0342	0.001	0.066
21.740	0.0082	0.008	0.618	0.0180	0.002	0.102
21.745	0.0137	0.006	0.634	0.0174	0.009	0.134
21.750	0.0125	0.013	0.470	0.0161	0.147	0.194
21.755	0.0084	0.033	0.342	0.0137	0.425	0.202
21.760	0.0051	0.062	0.155	0.0161	0.903	0.200
21.765	0.0051	0.160	0.163	0.0137	0.979	0.173
21.770	0.0053	0.196	0.181	0.0156	0.999	0.136
21.775	0.0048	0.192	0.222	0.0162	1.000	0.136
21.780	0.0065	0.194	0.170	0.0158	1.000	0.151
21.785	0.0051	0.198	0.169	0.0146	1.000	0.146
21.790	0.0058	0.221	0.148	0.0126	1.000	0.144
21.795	0.0068	0.219	0.210	0.0130	1.000	0.149
21.800	0.0077	0.208	0.171	0.0155	1.000	0.153
21.805	0.0061	0.202	0.147	0.0162	1.000	0.146
21.810	0.0050	0.215	0.172	0.0128	1.000	0.146
21.815	0.0075	0.210	0.151	0.0150	1.000	0.140
21.820	0.0048	0.217	0.162	0.0121	1.000	0.138
21.825	0.0081	0.212	0.133	0.0131	1.000	0.143
21.830	0.0055	0.206	0.120	0.0175	1.000	0.161
21.835	0.0055	0.227	0.147	0.0147	1.000	0.168
21.840	0.0051	0.215	0.145	0.0151	1.000	0.149
21.845	0.0037	0.196	0.157	0.0108	1.000	0.161
21.850	0.0085	0.194	0.166	0.0128	0.999	0.207
21.855	0.0037	0.192	0.161	0.0119	0.996	0.230
21.860	0.0042	0.225	0.116	0.0101	0.973	0.265
21.865	0.0026	0.181	0.201	0.0123	0.883	0.349
21.870	0.0012	0.158	0.150	0.0702	0.083	0.325
21.875	0.0005	0.169	0.392	0.0315	0.004	0.126
21.880	0.0002	0.108	0.477	0.0306	0.003	0.095
21.885	0.0025	0.025	0.522	0.0206	0.006	0.089
21.890	0.0090	0.010	0.418	0.0284	0.010	0.065
21.895	0.0156	0.010	0.512	0.0230	0.011	0.066
21.900	0.0173	0.017	0.578	0.0173	0.009	0.053
21.905	0.0246	0.023	0.602	0.0154	0.008	0.041
21.910	0.0311	0.019	0.672	0.0139	0.006	0.040
21.915	0.0274	0.027	0.654	0.0071	0.006	0.039
21.920	0.0100	0.021	0.674	0.0045	0.006	0.037
21.925	0.0099	0.019	0.675	0.0090	0.006	0.042
21.930	0.0141	0.019	0.678	0.0093	0.005	0.046
21.935	0.0189	0.029	0.738	0.0061	0.004	0.047
21.940	0.0333	0.031	0.724	0.0085	0.003	0.053
21.945	0.0317	0.027	0.664	0.0094	0.003	0.055
21.950	0.0135	0.017	0.634	0.0126	0.001	0.053
21.955	0.0085	0.023	0.565	0.0196	0.001	0.056
21.960	0.0134	0.021	0.456	0.0265	0.001	0.061
21.965	0.0126	0.015	0.483	0.0351	0.000	0.062
21.970	0.0130	0.010	0.647	0.0197	0.000	0.052
21.975	0.0106	0.006	0.657	0.0263	0.000	0.050
21.980	0.0051	0.002	0.675	0.0094	0.000	0.045
21.985	0.0071	0.004	0.718	0.0251	0.000	0.040
21.990	0.0140	0.002	0.709	0.0203	0.000	0.038
21.995	0.0154	0.008	0.729	0.0170	0.000	0.037
22.000	0.0139	0.004	0.703	0.0224	0.000	0.035
22.005	0.0101	0.004	0.664	0.0469	0.000	0.034
22.010	0.0089	0.004	0.688	0.0196	0.000	0.033
22.015	0.0106	0.002	0.709	0.0241	0.000	0.030
22.020	0.0092	0.004	0.715	0.0237	0.000	0.030
22.025	0.0121	0.004	0.715	0.0295	0.000	0.032
22.030	0.0124	0.004	0.532	0.0219	0.000	0.047
22.035	0.0122	0.004	0.270	0.0756	0.000	0.078
22.040	0.0043	0.002	0.312	0.0167	0.048	0.276
22.045	0.0019	0.004	0.118	0.0136	0.557	0.396
22.050	0.0002	0.169	0.126	0.0142	0.800	0.411
22.055	0.0003	0.196	0.105	0.0081	0.808	0.419
22.060	0.0007	0.229	0.110	0.0104	0.799	0.490
22.065	0.0005	0.208	0.089	0.0142	0.868	0.531
22.070	0.0002	0.212	0.110	0.0114	0.890	0.513
22.075	0.0003	0.208	0.117	0.0089	0.935	0.498
22.080	0.0003	0.219	0.119	0.0085	0.969	0.470
22.085	0.0005	0.237	0.132	0.0110	0.976	0.455
22.090	0.0005	0.246	0.137	0.0104	0.975	0.480
22.095	0.0005	0.208	0.135	0.0129	0.926	0.511
22.100	0.0003	0.169	0.138	0.0150	0.654	0.497
22.105	0.0001	0.167	0.167	0.0459	0.163	0.418
22.110	0.0002	0.121	0.200	0.0410	0.010	0.184
22.115	0.0002	0.025	0.446	0.0157	0.003	0.102
22.120	0.0010	0.023	0.590	0.0249	0.002	0.072
22.125	0.0083	0.013	0.637	0.0095	0.003	0.075
22.130	0.0195	0.010	0.661	0.0096	0.007	0.072
22.135	0.0262	0.017	0.587	0.0102	0.014	0.081
22.140	0.0326	0.010	0.585	0.0157	0.026	0.088
22.145	0.0307	0.013	0.660	0.0086	0.025	0.088
22.150	0.0237	0.008	0.670	0.0157	0.021	0.083
22.155	0.0150	0.010	0.657	0.0070	0.022	0.081
22.160	0.0166	0.019	0.671	0.0058	0.023	0.083
22.165	0.0210	0.019	0.691	0.0085	0.025	0.073
22.170	0.0285	0.010	0.692	0.0076	0.021	0.050
22.175	0.0340	0.015	0.672	0.0129	0.020	0.048
22.180	0.0242	0.015	0.681	0.0118	0.024	0.047
22.185	0.0148	0.015	0.669	0.0079	0.023	0.050
22.190	0.0206	0.015	0.674	0.0086	0.021	0.046
22.195	0.0253	0.010	0.690	0.0105	0.017	0.041
22.200	0.0311	0.015	0.690	0.0058	0.013	0.042
22.205	0.0328	0.015	0.689	0.0102	0.013	0.043
22.210	0.0241	0.019	0.673	0.0124	0.013	0.041
22.215	0.0138	0.019	0.652	0.0101	0.013	0.042
22.220	0.0192	0.013	0.656	0.0085	0.011	0.038
22.225	0.0213	0.023	0.688	0.0081	0.011	0.038
22.230	0.0314	0.027	0.709	0.0075	0.012	0.038
22.235	0.0339	0.025	0.660	0.0065	0.012	0.039
22.240	0.0108	0.042	0.660	0.0065	0.010	0.056
22.245	0.0144	0.023	0.649	0.0101	0.011	0.071
22.250	0.0195	0.029	0.652	0.0084	0.013	0.076
22.255	0.0250	0.033	0.710	0.0086	0.013	0.069
22.260	0.0294	0.027	0.700	0.0127	0.012	0.048
22.265	0.0171	0.019	0.662	0.0095	0.013	0.041
22.270	0.0077	0.037	0.652	0.0078	0.012	0.044
22.275	0.0163	0.031	0.669	0.0116	0.011	0.046
22.280	0.0212	0.027	0.673	0.0133	0.010	0.046
22.285	0.0274	0.027	0.649	0.0094	0.009	0.046
22.290	0.0169	0.027	0.658	0.0094	0.009	0.048
22.295	0.0099	0.023	0.669	0.0109	0.009	0.047
22.300	0.0127	0.013	0.652	0.0100	0.009	0.045
22.305	0.0157	0.023	0.681	0.0176	0.008	0.041
22.310	0.0209	0.019	0.678	0.0147	0.005	0.051
22.315	0.0145	0.008	0.641	0.0163	0.005	0.055
22.320	0.0091	0.013	0.618	0.0332	0.002	0.057
22.325	0.0097	0.006	0.638	0.0242	0.000	0.050
22.330	0.0112	0.006	0.691	0.0164	0.000	0.039
22.335	0.0143	0.006	0.667	0.0166	0.000	0.034
22.340	0.0063	0.006	0.663	0.0130	0.000	0.029
22.345	0.0064	0.008	0.676	0.0223	0.000	0.026
22.350	0.0113	0.006	0.665	0.0219	0.000	0.028
22.355	0.0157	0.006	0.637	0.0300	0.000	0.029
22.360	0.0132	0.006	0.624	0.0334	0.000	0.027
22.365	0.0072	0.006	0.612	0.0374	0.000	0.026
22.370	0.0067	0.008	0.633	0.0204	0.000	0.026
22.375	0.0118	0.006	0.665	0.0328	0.000	0.027
22.380	0.0137	0.006	0.624	0.0389	0.000	0.027
22.385	0.0108	0.006	0.514	0.0502	0.000	0.027
22.390	0.0062	0.006	0.456	0.0391	0.000	0.029
22.395	0.0086	0.008	0.619	0.0307	0.000	0.025
22.400	0.0115	0.006	0.452	0.0252	0.000	0.025
22.405	0.0149	0.004	0.443	0.0483	0.000	0.029
22.410	0.0078	0.006	0.489	0.0490	0.000	0.028
22.415	0.0024	0.004	0.608	0.0210	0.000	0.026
22.420	0.0058	0.008	0.601	0.0383	0.000	0.029
22.425	0.0122	0.006	0.661	0.0229	0.000	0.032
22.430	0.0129	0.004	0.566	0.0287	0.000	0.034
22.435	0.0082	0.004	0.519	0.0541	0.000	0.035
22.440	0.0051	0.006	0.535	0.0520	0.000	0.031
22.445	0.0050	0.004	0.471	0.0210	0.000	0.034
22.450	0.0053	0.004	0.588	0.0506	0.000	0.038
22.455	0.0078	0.002	0.593	0.0399	0.000	0.045
22.460	0.0089	0.004	0.659	0.0284	0.000	0.047
22.465	0.0054	0.004	0.707	0.0454	0.000	0.048
22.470	0.0069	0.002	0.666	0.0527	0.000	0.063
22.475	0.0038	0.004	0.691	0.0313	0.000	0.069
22.480	0.0036	0.004	0.669	0.0454	0.000	0.077
22.485	0.0048	0.002	0.655	0.0329	0.000	0.084
22.490	0.0034	0.004	0.658	0.0384	0.000	0.102
22.495	0.0023	0.004	0.690	0.0256	0.000	0.110
22.500	0.0019	0.004	0.612	0.0200	0.001	0.155
22.505	0.0020	0.004	0.573	0.0334	0.002	0.189
22.510	0.0012	0.013	0.585	0.0222	0.005	0.285
22.515	0.0009	0.008	0.531	0.0190	0.011	0.353
22.520	0.0005	0.013	0.534	0.0136	0.023	0.452
22.525	0.0003	0.021	0.493	0.0095	0.038	0.501
22.530	0.0002	0.033	0.455	0.0091	0.109	0.550
22.535	0.0002	0.067	0.379	0.0159	0.158	0.592
22.540	0.0001	0.100	0.635	0.0099	0.134	0.600
22.545	0.0001	0.058	0.605	0.0165	0.124	0.579
22.550	0.0001	0.073	0.494	0.0093	0.278	0.609
22.555	0.0001	0.083	0.342	0.0098	0.550	0.668
22.560	0.0000	0.183	0.351	0.0135	0.403	0.647
22.565	0.0000	0.169	0.348	0.0101	0.316	0.673
22.570	0.0000	0.102	0.289	0.0171	0.330	0.632
22.575	0.0000	0.102	0.311	0.0089	0.361	0.631
22.580	0.0000	0.133	0.192	0.0102	0.502	0.651
22.585	0.0000	0.142	0.254	0.0102	0.705	0.692
22.590	0.0000	0.212	0.162	0.0099	0.830	0.701
22.595	0.0000	0.231	0.141	0.0092	0.831	0.726
22.600	0.0000	0.229	0.122	0.0115	0.877	0.727
22.605	0.0000	0.237	0.176	0.0102	0.865	0.712
22.610	0.0000	0.223	0.147	0.0101	0.841	0.731
22.615	0.0000	0.229	0.169	0.0097	0.794	0.722
22.620	0.0000	0.192	0.202	0.0103	0.868	0.738
22.625	0.0000	0.223	0.183	0.0092	0.874	0.727
22.630	0.0000	0.237	0.130	0.0094	0.904	0.732
22.635	0.0000	0.254	0.096	0.0103	0.937	0.730
22.640	0.0000	0.215	0.126	0.0095	0.906	0.745
22.645	0.0000	0.204	0.176	0.0102	0.913	0.750
22.650	0.0000	0.206	0.198	0.0090	0.908	0.725
22.655	0.0000	0.206	0.194	0.0091	0.910	0.756
22.660	0.0000	0.223	0.198	0.0100	0.926	0.756
22.665	0.0000	0.223	0.202	0.0103	0.913	0.746
22.670	0.0000	0.229	0.228	0.0137	0.666	0.699
22.675	0.0000	0.223	0.225	0.0100	0.535	0.689
22.680	0.0000	0.179	0.238	0.0099	0.746	0.715
22.685	0.0000	0.196	0.228	0.0109	0.892	0.705
22.690	0.0000	0.215	0.222	0.0091	0.911	0.740
22.695	0.0000	0.206	0.214	0.0096	0.917	0.738
22.700	0.0000	0.235	0.182	0.0101	0.942	0.743
22.705	0.0000	0.215	0.169	0.0090	0.929	0.739
22.710	0.0000	0.225	0.180	0.0095	0.883	0.731
22.715	0.0000	0.204	0.159	0.0095	0.905	0.744
22.720	0.0000	0.223	0.170	0.0100	0.920	0.721
22.725	0.0000	0.202	0.216	0.0095	0.913	0.741
22.730	0.0000	0.196	0.198	0.0084	0.918	0.766
22.735	0.0000	0.217	0.126	0.0104	0.925	0.753
22.740	0.0000	0.221	0.120	0.0094	0.935	0.735
22.745	0.0000	0.244	0.114	0.0093	0.923	0.736
22.750	0.0000	0.246	0.110	0.0096	0.904	0.748
22.755	0.0000	0.177	0.141	0.0087	0.928	0.767
22.760	0.0000	0.250	0.112	0.0099	0.937	0.758
22.765	0.0000	0.223	0.107	0.0113	0.942	0.739
22.770	0.0000	0.231	0.092	0.0097	0.929	0.739
22.775	0.0000	0.242	0.111	0.0106	0.889	0.754
22.780	0.0000	0.233	0.184	0.0094	0.894	0.757
22.785	0.0000	0.188	0.166	0.0102	0.911	0.750
22.790	0.0000	0.208	0.175	0.0097	0.926	0.726
22.795	0.0000	0.210	0.166	0.0095	0.913	0.741
22.800	0.0000	0.248	0.153	0.0107	0.899	0.760
22.805	0.0000	0.183	0.035	0.0193	0.799	0.732
22.810	0.0000	0.237	0.274	0.0229	0.063	0.489
22.815	0.0000	0.217	0.310	0.0146	0.034	0.441
22.820	0.0000	0.087	0.342	0.0113	0.085	0.561
22.825	0.0001	0.079	0.383	0.0104	0.225	0.650
22.830	0.0000	0.144	0.197	0.0711	0.029	0.415
22.835	0.0000	0.148	0.347	0.0659	0.002	0.204
22.840	0.0000	0.079	0.260	0.0348	0.000	0.096
22.845	0.0003	0.006	0.326	0.0364	0.000	0.061
22.850	0.0022	0.013	0.507	0.0152	0.000	0.050
22.855	0.0065	0.008	0.579	0.0196	0.000	0.049
22.860	0.0080	0.010	0.603	0.0163	0.001	0.054
22.865	0.0074	0.013	0.600	0.0119	0.003	0.054
22.870	0.0130	0.008	0.583	0.0156	0.002	0.046
22.875	0.0202	0.019	0.504	0.0133	0.001	0.044
22.880	0.0351	0.015	0.599	0.0145	0.003	0.045
22.885	0.0398	0.015	0.626	0.0105	0.004	0.039
22.890	0.0180	0.023	0.558	0.0242	0.004	0.034
22.895	0.0182	0.021	0.606	0.0109	0.007	0.034
22.900	0.0345	0.013	0.477	0.0151	0.013	0.031
22.905	0.0425	0.021	0.446	0.0181	0.015	0.030
22.910	0.0574	0.021	0.513	0.0198	0.015	0.030
22.915	0.0172	0.023	0.379	0.0180	0.014	0.032
22.920	0.0262	0.033	0.460	0.0144	0.011	0.041
22.925	0.0386	0.037	0.449	0.0198	0.008	0.041
22.930	0.0494	0.031	0.532	0.0171	0.003	0.038
22.935	0.0136	0.019	0.352	0.0279	0.002	0.034
22.940	0.0241	0.027	0.346	0.0163	0.002	0.043
22.945	0.0342	0.021	0.109	0.0762	0.001	0.077
22.950	0.0034	0.021	0.277	0.0305	0.003	0.095
22.955	0.0039	0.008	0.383	0.0320	0.003	0.083
22.960	0.0027	0.021	0.304	0.0270	0.001	0.052
22.965	0.0092	0.013	0.474	0.0216	0.001	0.054
22.970	0.0111	0.019	0.628	0.0179	0.001	0.055
22.975	0.0190	0.017	0.657	0.0117	0.001	0.054
22.980	0.0178	0.004	0.644	0.0136	0.001	0.053
22.985	0.0140	0.006	0.603	0.0147	0.001	0.054
22.990	0.0068	0.004	0.623	0.0148	0.002	0.064
22.995	0.0052	0.004	0.621	0.0206	0.004	0.068
23.000	0.0061	0.013	0.629	0.0152	0.003	0.063
23.005	0.0083	0.006	0.669	0.0142	0.003	0.060
23.010	0.0109	0.004	0.647	0.0151	0.002	0.062
23.015	0.0113	0.017	0.621	0.0254	0.002	0.068
23.020	0.0097	0.006	0.579	0.0182	0.001	0.057
23.025	0.0089	0.004	0.569	0.0226	0.001	0.047
23.030	0.0056	0.008	0.577	0.0226	0.000	0.035
23.035	0.0070	0.013	0.538	0.0217	0.000	0.033
23.040	0.0080	0.021	0.431	0.0305	0.000	0.027
23.045	0.0111	0.019	0.460	0.0221	0.000	0.026
23.050	0.0202	0.017	0.494	0.0206	0.000	0.022
23.055	0.0562	0.021	0.596	0.0222	0.000	0.018
23.060	0.0610	0.021	0.713	0.0078	0.000	0.017
23.065	0.0235	0.021	0.659	0.0096	0.000	0.016
23.070	0.0196	0.021	0.638	0.0122	0.000	0.013
23.075	0.0273	0.021	0.632	0.0105	0.000	0.012
23.080	0.0365	0.021	0.634	0.0104	0.000	0.012
23.085	0.0779	0.021	0.648	0.0147	0.001	0.012
23.090	0.0631	0.027	0.518	0.0261	0.001	0.011
23.095	0.0268	0.025	0.527	0.0118	0.001	0.012
23.100	0.0289	0.027	0.537	0.0188	0.001	0.012
23.105	0.0347	0.029	0.573	0.0206	0.001	0.013
23.110	0.0718	0.029	0.539	0.0264	0.001	0.014
23.115	0.0288	0.025	0.641	0.0104	0.001	0.016
23.120	0.0231	0.025	0.486	0.0266	0.000	0.016
23.125	0.0307	0.025	0.502	0.0225	0.000	0.017
23.130	0.0364	0.021	0.592	0.0159	0.000	0.021
23.135	0.0465	0.025	0.595	0.0172	0.000	0.021
23.140	0.0340	0.025	0.519	0.0253	0.000	0.022
23.145	0.0103	0.017	0.299	0.0302	0.000	0.027
23.150	0.0138	0.010	0.206	0.0299	0.000	0.046
23.155	0.0063	0.010	0.263	0.0436	0.000	0.063
23.160	0.0043	0.021	0.447	0.0214	0.000	0.078
23.165	0.0026	0.013	0.465	0.0196	0.000	0.080
23.170	0.0025	0.021	0.434	0.0217	0.001	0.090
23.175	0.0026	0.023	0.392	0.0181	0.001	0.112
23.180	0.0018	0.017	0.357	0.0340	0.002	0.126
23.185	0.0013	0.021	0.390	0.0205	0.002	0.142
23.190	0.0013	0.029	0.418	0.0263	0.004	0.180
23.195	0.0009	0.029	0.419	0.0305	0.004	0.193
23.200	0.0006	0.027	0.496	0.0272	0.006	0.226
23.205	0.0006	0.033	0.550	0.0195	0.004	0.211
23.210	0.0003	0.042	0.233	0.0225	0.007	0.282
23.215	0.0004	0.029	0.325	0.0399	0.015	0.302
23.220	0.0002	0.037	0.193	0.0208	0.012	0.230
23.225	0.0002	0.052	0.321	0.0201	0.013	0.209
23.230	0.0022	0.035	0.265	0.0349	0.004	0.147
23.235	0.0036	0.027	0.370	0.0416	0.001	0.094
23.240	0.0015	0.013	0.350	0.0367	0.000	0.050
23.245	0.0035	0.013	0.477	0.0270	0.000	0.036
23.250	0.0096	0.013	0.423	0.0299	0.000	0.041
23.255	0.0188	0.010	0.410	0.0402	0.000	0.042
23.260	0.0087	0.013	0.292	0.0424	0.000	0.038
23.265	0.0077	0.008	0.292	0.0499	0.000	0.047
23.270	0.0144	0.013	0.390	0.0407	0.000	0.048
23.275	0.0082	0.013	0.333	0.0254	0.000	0.050
23.280	0.0203	0.010	0.392	0.0303	0.001	0.062
23.285	0.0095	0.008	0.380	0.0181	0.002	0.060
23.290	0.0076	0.010	0.453	0.0559	0.001	0.065
23.295	0.0130	0.013	0.410	0.0305	0.000	0.062
23.300	0.0058	0.004	0.541	0.0386	0.000	0.074
23.305	0.0156	0.008	0.555	0.0607	0.000	0.069
23.310	0.0029	0.006	0.664	0.0236	0.000	0.057
23.315	0.0090	0.004	0.523	0.0467	0.000	0.065
23.320	0.0057	0.006	0.401	0.0376	0.000	0.073
23.325	0.0034	0.002	0.596	0.0417	0.000	0.046
23.330	0.0026	0.004	0.610	0.0220	0.000	0.042
23.335	0.0099	0.006	0.535	0.0595	0.000	0.064
23.340	0.0069	0.004	0.690	0.0292	0.000	0.060
23.345	0.0029	0.006	0.778	0.0104	0.000	0.049
23.350	0.0075	0.004	0.625	0.0519	0.000	0.054
23.355	0.0075	0.006	0.581	0.0468	0.000	0.057
23.360	0.0031	0.004	0.699	0.0292	0.000	0.047
23.365	0.0057	0.004	0.481	0.0377	0.000	0.050
23.370	0.0081	0.006	0.423	0.0482	0.000	0.048
23.375	0.0033	0.010	0.494	0.0686	0.000	0.045
23.380	0.0072	0.006	0.670	0.0245	0.000	0.030
23.385	0.0042	0.004	0.630	0.0293	0.000	0.027
23.390	0.0110	0.004	0.573	0.1156	0.000	0.029
23.395	0.0094	0.006	0.404	0.0346	0.000	0.028
23.400	0.0127	0.006	0.200	0.0541	0.000	0.034
23.405	0.0164	0.002	0.450	0.0593	0.000	0.045
23.410	0.0067	0.004	0.487	0.0497	0.000	0.056
23.415	0.0049	0.004	0.238	0.0376	0.000	0.089
23.420	0.0042	0.031	0.244	0.0270	0.045	0.279
23.425	0.0018	0.008	0.158	0.0119	0.404	0.370
23.430	0.0007	0.073	0.157	0.0149	0.717	0.315
23.435	0.0009	0.165	0.192	0.0104	0.882	0.284
23.440	0.0013	0.200	0.159	0.0124	0.942	0.278
23.445	0.0024	0.204	0.130	0.0146	0.969	0.283
23.450	0.0016	0.200	0.105	0.0140	0.990	0.264
23.455	0.0019	0.202	0.186	0.0135	0.992	0.242
23.460	0.0019	0.185	0.179	0.0124	0.996	0.223
23.465	0.0031	0.183	0.158	0.0129	0.997	0.213
23.470	0.0037	0.196	0.156	0.0165	0.999	0.185
23.475	0.0041	0.165	0.175	0.0140	0.999	0.190
23.480	0.0047	0.158	0.216	0.0172	0.998	0.185
23.485	0.0034	0.163	0.189	0.0159	0.999	0.164
23.490	0.0046	0.146	0.220	0.0195	1.000	0.138
23.495	0.0065	0.133	0.229	0.0135	1.000	0.147
23.500	0.0090	0.121	0.171	0.0193	0.998	0.207
23.505	0.0044	0.150	0.167	0.0153	0.997	0.213
23.510	0.0032	0.125	0.212	0.0161	0.996	0.192
23.515	0.0038	0.135	0.186	0.0169	0.998	0.179
23.520	0.0049	0.135	0.253	0.0143	0.998	0.190
23.525	0.0064	0.140	0.306	0.0116	0.995	0.194
23.530	0.0062	0.160	0.225	0.0124	0.974	0.235
23.535	0.0078	0.146	0.170	0.0171	0.955	0.273
23.540	0.0027	0.135	0.142	0.0120	0.955	0.410
23.545	0.0008	0.163	0.108	0.0135	0.959	0.521
23.550	0.0003	0.175	0.147	0.0106	0.975	0.558
23.555	0.0002	0.225	0.157	0.0104	0.971	0.568
23.560	0.0001	0.208	0.158	0.0193	0.800	0.614
23.565	0.0001	0.208	0.296	0.0266	0.574	0.439
23.570	0.0001	0.208	0.181	0.0140	0.788	0.356
23.575	0.0003	0.106	0.265	0.0113	0.831	0.315
23.580	0.0005	0.119	0.171	0.0124	0.774	0.270
23.585	0.0033	0.129	0.146	0.0141	0.752	0.246
23.590	0.0028	0.115	0.192	0.0144	0.746	0.218
23.595	0.0044	0.127	0.209	0.0202	0.585	0.207
23.600	0.0032	0.113	0.315	0.0148	0.457	0.205
23.605	0.0036	0.094	0.291	0.0214	0.457	0.249
23.610	0.0018	0.092	0.220	0.0701	0.063	0.247
23.615	0.0011	0.075	0.396	0.0471	0.007	0.151
23.620	0.0009	0.017	0.474	0.0293	0.002	0.099
23.625	0.0072	0.008	0.612	0.0324	0.001	0.073
23.630	0.0113	0.008	0.688	0.0125	0.001	0.046
23.635	0.0153	0.006	0.665	0.0130	0.001	0.036
23.640	0.0205	0.008	0.609	0.0160	0.006	0.034
23.645	0.0180	0.013	0.581	0.0188	0.011	0.034
23.650	0.0156	0.023	0.504	0.0218	0.010	0.036
23.655	0.0173	0.023	0.494	0.0289	0.005	0.038
23.660	0.0237	0.015	0.579	0.0214	0.005	0.042
23.665	0.0375	0.017	0.575	0.0246	0.005	0.044
23.670	0.0306	0.015	0.431	0.0316	0.003	0.074
23.675	0.0221	0.008	0.368	0.0286	0.008	0.077
23.680	0.0127	0.019	0.516	0.0248	0.005	0.078
23.685	0.0320	0.019	0.472	0.0360	0.002	0.080
23.690	0.0147	0.013	0.464	0.0296	0.003	0.062
23.695	0.0115	0.015	0.411	0.0406	0.002	0.072
23.700	0.0192	0.010	0.323	0.0271	0.004	0.089
23.705	0.0095	0.010	0.328	0.0291	0.004	0.091
23.710	0.0105	0.015	0.374	0.0246	0.003	0.072
23.715	0.0046	0.008	0.185	0.0296	0.002	0.063
23.720	0.0109	0.027	0.388	0.0564	0.001	0.094
23.725	0.0096	0.017	0.344	0.0372	0.002	0.125
23.730	0.0038	0.013	0.612	0.0254	0.002	0.075
23.735	0.0028	0.013	0.597	0.0296	0.002	0.074
23.740	0.0086	0.017	0.658	0.0212	0.002	0.086
23.745	0.0046	0.015	0.692	0.0292	0.001	0.096
23.750	0.0099	0.013	0.140	0.0452	0.001	0.117
23.755	0.0059	0.013	0.310	0.0236	0.005	0.077
23.760	0.0027	0.017	0.429	0.0248	0.004	0.059
23.765	0.0034	0.015	0.451	0.0490	0.002	0.076
23.770	0.0149	0.015	0.561	0.0171	0.001	0.123
23.775	0.0081	0.017	0.561	0.0262	0.001	0.151
23.780	0.0033	0.015	0.566	0.0139	0.004	0.249
23.785	0.0018	0.013	0.421	0.0208	0.013	0.339
23.790	0.0005	0.029	0.335	0.0410	0.008	0.279
23.795	0.0003	0.019	0.133	0.0238	0.008	0.232
23.800	0.0004	0.017	0.531	0.0318	0.000	0.073
23.805	0.0002	0.027	0.655	0.0278	0.000	0.057
23.810	0.0010	0.013	0.679	0.0290	0.000	0.067
23.815	0.0061	0.015	0.592	0.0208	0.000	0.094
23.820	0.0035	0.013	0.454	0.0525	0.003	0.200
23.825	0.0012	0.013	0.462	0.0287	0.010	0.301
23.830	0.0005	0.021	0.382	0.0265	0.038	0.395
23.835	0.0002	0.071	0.193	0.0181	0.037	0.409
23.840	0.0003	0.040	0.292	0.0244	0.072	0.511
23.845	0.0001	0.090	0.219	0.0321	0.040	0.422
23.850	0.0001	0.037	0.402	0.0546	0.001	0.103
23.855	0.0002	0.027	0.588	0.0262	0.001	0.060
23.860	0.0005	0.008	0.563	0.0228	0.001	0.051
23.865	0.0081	0.013	0.349	0.0506	0.001	0.065
23.870	0.0043	0.013	0.504	0.0208	0.000	0.038
23.875	0.0018	0.008	0.536	0.0142	0.000	0.036
23.880	0.0140	0.017	0.470	0.0416	0.000	0.043
23.885	0.0131	0.008	0.414	0.0255	0.000	0.040
23.890	0.0056	0.019	0.662	0.0442	0.000	0.044
23.895	0.0090	0.004	0.707	0.0177	0.000	0.050
23.900	0.0063	0.004	0.751	0.0273	0.000	0.061
23.905	0.0059	0.004	0.718	0.0197	0.000	0.068
23.910	0.0056	0.004	0.670	0.0275	0.000	0.089
23.915	0.0041	0.004	0.595	0.0275	0.000	0.100
23.920	0.0033	0.004	0.290	0.0184	0.004	0.227
23.925	0.0010	0.029	0.184	0.0635	0.030	0.379
23.930	0.0002	0.058	0.234	0.0170	0.137	0.469
23.935	0.0001	0.062	0.322	0.0187	0.210	0.522
23.940	0.0001	0.058	0.249	0.0129	0.376	0.561
23.945	0.0001	0.142	0.146	0.0113	0.493	0.643
23.950	0.0000	0.185	0.140	0.0118	0.515	0.665
23.955	0.0000	0.154	0.110	0.0191	0.408	0.591
23.960	0.0000	0.202	0.242	0.0131	0.148	0.512
23.965	0.0000	0.158	0.406	0.0205	0.103	0.491
23.970	0.0001	0.123	0.301	0.0302	0.024	0.447
23.975	0.0001	0.050	0.446	0.0304	0.019	0.379
23.980	0.0002	0.027	0.379	0.0370	0.010	0.313
23.985	0.0002	0.031	0.308	0.0218	0.008	0.296
23.990	0.0004	0.027	0.312	0.0414	0.007	0.292
23.995	0.0004	0.035	0.569	0.0392	0.003	0.244
24.000	0.0003	0.029	0.569	0.0264	0.002	0.201
24.005	0.0006	0.027	0.457	0.0443	0.001	0.187
24.010	0.0009	0.027	0.601	0.0306	0.001	0.180
24.015	0.0012	0.027	0.624	0.0344	0.002	0.194
24.020	0.0006	0.029	0.494	0.0157	0.003	0.250
24.025	0.0008	0.027	0.565	0.0356	0.003	0.258
24.030	0.0006	0.073	0.534	0.0221	0.001	0.197
24.035	0.0005	0.027	0.562	0.0150	0.002	0.232
24.040	0.0008	0.027	0.351	0.0606	0.004	0.281
24.045	0.0002	0.031	0.351	0.0606	0.004	0.281
24.050	0.0005	0.029	0.351	0.0606	0.004	0.281
24.055	0.0004	0.027	0.351	0.0606	0.004	0.281


