PULSAR AUTO -- SIGNAL+BOUNDARY DATA, BATCH 3 OF 5
This batch contains clips: 1, 11 (of 14 total clips, indices 0-13, split across 5 batches)
See accompanying prompt (llm_analysis_prompt.txt) for full task context and column definitions.
====================================================================================================

##### CLIP 1  (file=zencastr-en_6044eb9db82b030014de5da5-00004_16.wav, duration=26.972s, sr=44100) #####

trail_thresh=0.00541  speech_thresh=0.00766

--- GOLD TOKENS (idx, text, start_s, end_s) ---
0	the	0.0180	0.1110
1	thing	0.1130	0.3120
2	is	0.3140	0.5560
3	rami	0.5580	1.0050
4	is	1.0070	1.1740
5	that	1.1760	1.3430
6	the-	1.4170	1.5970
7	the-	1.5990	1.8390
8	that	1.8410	2.0010
9	the	2.0030	2.0950
10	thing	2.0970	2.3050
11	that	2.3070	2.4310
12	um	2.5340	2.8160
13	i	2.8270	2.9009
14	think	2.9019	3.0710
15	(())	3.0720	3.3593
16	uh	3.3603	3.6309
17	most	3.6319	3.9320
18	uh	4.0150	4.3170
19	like	4.3190	4.4570
20	in	4.4590	4.5710
21	jordan	4.5730	4.9600
22	definitely	4.9620	5.5030
23	ah	6.0400	6.3740
24	when	6.7890	7.0127
25	you	7.0137	7.4810
26	manage	7.4840	7.9830
27	to	8.0620	8.6050
28	trick	8.6790	8.9316
29	someone	8.9326	9.4210
30	into	9.4230	9.7330
31	buying	9.7350	9.9600
32	something	9.9620	10.4280
33	more	10.4300	10.7400
34	expensive	10.7730	11.2900
35	than	11.2920	11.4440
36	what	11.4460	11.5960
37	it	11.5980	11.7420
38	actually	11.7440	12.3120
39	is	12.3140	12.6580
40	and	13.2530	13.4857
41	um	13.5339	13.8710
42	then	13.8720	14.0730
43	you	14.0750	14.2710
44	become	14.2730	14.7930
45	a	14.8140	15.1310
46	a	15.1500	15.2484
47	kharouf	15.2494	15.7180
48	literally	16.2400	16.7229
49	a	16.7239	16.8324
50	sheep	16.8334	17.1580
51	they	17.7570	17.8970
52	will	17.8990	18.0550
53	call	18.0570	18.2871
54	you	18.2881	18.3912
55	a	18.3922	18.5270
56	sheep	18.5280	18.8180
57	and	19.1350	19.2880
58	there's	19.2900	19.5080
59	like	19.5100	19.6470
60	this	19.6500	19.8760
61	inherent	19.8780	20.3790
62	fear	20.3810	20.8650
63	that's	20.8670	21.0205
64	happening	21.0215	21.3380
65	in	21.3410	21.4230
66	everybody's	21.4250	21.9690
67	mind	21.9710	22.1630
68	at	22.1650	22.2800
69	the	22.3090	22.3633
70	same	22.3643	22.6430
71	time	22.6450	22.8190
72	it's	22.8210	22.9290
73	like	22.9310	23.1600
74	i	23.6510	23.7190
75	don't	23.7220	23.9010
76	care	23.9150	24.1890
77	really	24.1910	24.4453
78	about	24.4463	24.7810
79	the	24.8380	24.9300
80	money	24.9320	25.3720
81	but	25.7040	25.8783
82	i	25.8793	26.0020
83	don't	26.0040	26.1810
84	wanna	26.1830	26.4030
85	be	26.4040	26.4901
86	a	26.4911	26.5537
87	sheep	26.5547	26.8010

--- RAW CTC (wav2vec2 forced-align, PRE-heuristic-refinement; idx, ctc_word_text, word_start_s, word_end_s, word_score, pipe_start_s, pipe_end_s) ---
0	the	0.0200	0.1000	9.846	0.1201	0.1401
1	thing	0.1601	0.3001	12.426	0.3001	0.3402
2	is	0.4002	0.4602	10.966	0.5002	0.5202
3	rami	0.5803	0.8804	7.596	0.9204	0.9804
4	is	1.0805	1.1405	10.311	1.1605	1.1805
5	that	1.2005	1.3206	9.076	1.3606	1.3806
6	the-	1.4006	1.5007	5.998	1.5807	1.6007
7	the-	1.6007	1.7008	5.790	1.8008	1.8208
8	that	1.8408	1.9409	6.788	1.9809	2.0009
9	the	2.0009	2.0809	7.743	2.0809	2.1209
10	thing	2.1209	2.2410	11.063	2.2610	2.3010
11	that	2.3010	2.4211	9.378	2.4611	2.5011
12	um	2.6412	2.7212	5.448	2.7612	2.7812
13	i	2.8613	2.8813	8.518	2.9013	2.9213
14	think	2.9213	3.0614	11.188	3.0814	3.1014
15	(())	3.1814	3.2014	6.313	3.2815	3.3015
16	uh	3.4615	3.5016	3.232	3.5416	3.5616
17	most	3.6616	3.9217	9.858	3.9818	4.0018
18	uh	4.1819	4.2619	1.835	4.3019	4.3219
19	like	4.3419	4.4420	2.597	4.4420	4.4620
20	in	4.5020	4.5420	6.911	4.5620	4.5820
21	jordan	4.6020	4.9022	6.783	4.9222	4.9422
22	definitely	4.9622	5.4624	11.587	5.4624	5.5425
23	ah	6.2028	6.2828	7.431	6.3428	6.3828
24	when	6.8230	6.9831	13.192	7.0031	7.0631
25	you	7.1232	7.2832	12.235	7.4433	7.4833
26	manage	7.5233	7.9035	11.884	7.9635	8.0036
27	to	8.0636	8.2437	12.561	8.3237	8.5838
28	trick	8.7039	8.9040	11.735	8.9240	8.9640
29	someone	9.0040	9.3842	10.978	9.4042	9.4442
30	into	9.5042	9.6843	10.670	9.7043	9.7443
31	buying	9.7443	9.9444	9.993	9.9644	10.0044
32	something	10.0245	10.3646	12.104	10.3846	10.4446
33	more	10.5047	10.6647	15.029	10.6647	10.7048
34	expensive	10.7448	11.2450	13.259	11.2450	11.3050
35	than	11.3050	11.4251	11.498	11.4251	11.4651
36	what	11.4651	11.5852	11.420	11.6052	11.6652
37	it	11.6652	11.7052	11.889	11.7052	11.7652
38	actually	11.8453	12.2454	12.023	12.2454	12.3055
39	is	12.4455	12.5456	12.945	12.5656	12.6456
40	and	13.3259	13.3860	4.993	13.4260	13.4460
41	um	13.7061	13.7661	3.700	13.8261	13.8462
42	then	13.8862	14.0062	11.345	14.0462	14.0863
43	you	14.1063	14.1863	10.952	14.3264	14.3664
44	become	14.3664	14.6865	11.221	14.7065	14.7866
45	a	15.0267	15.0467	8.430	15.1267	15.1467
46	a	15.2668	15.2868	7.997	15.2868	15.3068
47	kharouf	15.3268	15.6269	6.176	15.6670	15.7070
48	literally	16.2872	16.6874	10.917	16.7074	16.7875
49	a	16.8275	16.8475	9.254	16.8675	16.9075
50	sheep	16.9275	17.1476	11.373	17.1676	17.2077
51	they	17.7479	17.8479	9.530	17.8880	17.9080
52	will	17.9080	18.0480	6.114	18.0680	18.0880
53	call	18.0880	18.2681	9.213	18.2881	18.3081
54	you	18.3282	18.4482	5.327	18.5082	18.5282
55	a	18.5282	18.5482	7.405	18.5482	18.5883
56	sheep	18.6083	18.8084	11.399	18.8284	18.8884
57	and	19.1885	19.2686	11.121	19.2686	19.3086
58	there's	19.3086	19.4887	9.155	19.4887	19.5287
59	like	19.5287	19.6287	10.994	19.6287	19.7288
60	this	19.7288	19.8488	10.324	19.8688	19.9089
61	inherent	19.9489	20.3691	11.332	20.4091	20.4491
62	fear	20.4891	20.7492	8.543	20.7692	20.8493
63	that's	20.8693	21.0294	10.224	21.0294	21.0494
64	happening	21.0494	21.3295	9.699	21.3295	21.3495
65	in	21.3495	21.3895	11.756	21.4095	21.4495
66	everybody's	21.4896	21.9498	12.319	21.9498	21.9898
67	mind	22.0098	22.1499	12.040	22.1499	22.2299
68	at	22.2299	22.2699	10.147	22.2699	22.3299
69	the	22.3299	22.3900	10.711	22.3900	22.4300
70	same	22.4300	22.6101	11.330	22.6101	22.6501
71	time	22.6501	22.8101	8.514	22.8101	22.8302
72	it's	22.8302	22.9302	2.614	22.9302	22.9702
73	like	22.9902	23.1503	11.009	23.1503	23.2103
74	i	23.6705	23.6905	10.346	23.7105	23.7306
75	don't	23.7306	23.8906	10.899	23.8906	23.9306
76	care	23.9306	24.1107	12.282	24.1107	24.1707
77	really	24.1908	24.4309	11.804	24.4309	24.5109
78	about	24.5509	24.7710	10.509	24.7910	24.8511
79	the	24.8511	24.9111	10.612	24.9111	24.9511
80	money	24.9711	25.2312	11.531	25.2312	25.3313
81	but	25.7314	25.8515	9.109	25.8715	25.9115
82	i	25.9315	25.9515	7.397	25.9716	26.0116
83	don't	26.0116	26.1716	8.017	26.1716	26.1916
84	wanna	26.1916	26.3717	6.336	26.3917	26.4117
85	be	26.4117	26.4918	10.284	26.5118	26.5718
86	a	26.5718	26.5918	9.377	26.5918	26.6318
87	sheep	26.6318	26.8319	11.287		

--- WHISPER (Groq) OUTPUT (word, start_s, end_s) [independent ASR pass, own word segmentation -- not index-aligned to gold/CTC] ---
The	0.000	0.140
thing	0.140	0.320
is,	0.320	0.800
Rami,	0.800	1.040
is	1.040	1.160
that	1.160	1.400
the	1.400	1.700
thing	1.700	2.240
that	2.240	2.460
I	2.460	2.900
think	2.900	3.080
most,	3.080	4.500
like	4.500	4.520
in	4.520	4.560
Jordan,	4.560	5.040
definitely,	5.040	5.360
when	6.160	6.960
you	6.960	7.360
manage	7.360	7.940
to	7.940	8.460
trick	8.460	8.920
someone	8.920	9.360
into	9.360	9.660
buying	9.660	9.920
something	9.920	10.320
more	10.320	10.660
expensive	10.660	11.080
than	11.080	11.400
what	11.400	11.580
it	11.580	11.700
actually	11.700	12.140
is,	12.140	12.660
then	13.620	14.000
you	14.000	14.240
become	14.240	14.760
a	14.760	15.380
kharouf,	15.380	15.800
literally	15.800	16.660
a	16.660	16.960
sheep.	16.960	17.140
They	17.780	17.900
will	17.900	18.100
call	18.100	18.280
you	18.280	18.420
a	18.420	18.620
sheep.	18.620	19.240
And	18.340	19.280
there's	19.280	19.500
like	19.500	19.640
this	19.640	19.880
inherent	19.880	20.340
fear	20.340	20.760
that's	20.760	21.120
happening	21.120	21.300
in	21.300	21.440
everybody's	21.440	21.960
mind	21.960	22.160
at	22.160	22.280
the	22.280	22.440
same	22.440	22.620
time.	22.620	23.280
It's	22.740	22.920
like,	22.920	23.160
I	23.160	23.720
don't	23.720	23.880
care	23.880	24.100
really	24.100	24.420
about	24.420	24.740
the	24.740	24.940
money,	24.940	25.740
but	25.740	25.840
I	25.840	25.980
don't	25.980	26.160
want	26.160	26.300
to	26.300	26.360
be	26.360	26.500
a	26.500	26.700
sheep.	26.700	26.900

--- SIGNAL TRACE (hop=5ms; time_s, rms, zcr, voicing, spectral_flux, hf_ratio, spectral_flatness) ---
0.000	0.0002	0.005	0.505	0.0000	0.000	0.091
0.005	0.0004	0.005	0.571	0.0304	0.000	0.064
0.010	0.0007	0.005	0.478	0.0194	0.000	0.036
0.015	0.0015	0.005	0.461	0.0655	0.000	0.023
0.020	0.0021	0.002	0.398	0.0304	0.000	0.015
0.025	0.0023	0.005	0.430	0.0595	0.000	0.015
0.030	0.0036	0.005	0.629	0.0206	0.000	0.019
0.035	0.0099	0.009	0.720	0.0108	0.000	0.025
0.040	0.0323	0.009	0.750	0.0120	0.001	0.042
0.045	0.0549	0.009	0.736	0.0174	0.001	0.047
0.050	0.0621	0.009	0.724	0.0093	0.002	0.038
0.055	0.0630	0.014	0.716	0.0120	0.003	0.036
0.060	0.0683	0.007	0.718	0.0137	0.003	0.056
0.065	0.0670	0.023	0.713	0.0103	0.003	0.068
0.070	0.0622	0.018	0.646	0.0153	0.004	0.086
0.075	0.0629	0.023	0.610	0.0162	0.007	0.082
0.080	0.0675	0.032	0.520	0.0285	0.011	0.054
0.085	0.0411	0.014	0.560	0.0290	0.005	0.085
0.090	0.0198	0.005	0.580	0.0211	0.006	0.163
0.095	0.0160	0.005	0.510	0.0102	0.012	0.262
0.100	0.0134	0.002	0.349	0.0110	0.051	0.425
0.105	0.0058	0.018	0.310	0.0134	0.276	0.590
0.110	0.0054	0.057	0.182	0.0106	0.626	0.637
0.115	0.0052	0.166	0.207	0.0086	0.700	0.664
0.120	0.0061	0.186	0.191	0.0116	0.786	0.665
0.125	0.0061	0.209	0.191	0.0094	0.820	0.674
0.130	0.0067	0.232	0.160	0.0114	0.856	0.707
0.135	0.0075	0.227	0.166	0.0097	0.865	0.721
0.140	0.0063	0.248	0.154	0.0097	0.847	0.753
0.145	0.0067	0.234	0.119	0.0099	0.852	0.748
0.150	0.0072	0.268	0.150	0.0096	0.840	0.724
0.155	0.0079	0.255	0.093	0.0094	0.809	0.728
0.160	0.0067	0.236	0.107	0.0094	0.811	0.718
0.165	0.0070	0.230	0.103	0.0107	0.778	0.683
0.170	0.0063	0.200	0.154	0.0187	0.470	0.642
0.175	0.0038	0.207	0.353	0.0475	0.079	0.498
0.180	0.0033	0.127	0.565	0.0197	0.007	0.233
0.185	0.0048	0.009	0.622	0.0189	0.005	0.169
0.190	0.0191	0.020	0.715	0.0221	0.004	0.120
0.195	0.0384	0.011	0.744	0.0164	0.004	0.110
0.200	0.0683	0.020	0.770	0.0153	0.003	0.115
0.205	0.0951	0.018	0.772	0.0099	0.003	0.103
0.210	0.0925	0.025	0.733	0.0117	0.003	0.098
0.215	0.0685	0.020	0.718	0.0145	0.003	0.099
0.220	0.0655	0.016	0.750	0.0124	0.004	0.100
0.224	0.0703	0.011	0.757	0.0159	0.004	0.093
0.229	0.1077	0.018	0.766	0.0109	0.006	0.093
0.234	0.0890	0.011	0.770	0.0099	0.006	0.095
0.239	0.0785	0.018	0.756	0.0137	0.003	0.092
0.244	0.0416	0.020	0.755	0.0172	0.002	0.083
0.249	0.0522	0.016	0.727	0.0103	0.002	0.077
0.254	0.0513	0.025	0.727	0.0145	0.003	0.061
0.259	0.0596	0.018	0.759	0.0176	0.004	0.034
0.264	0.0453	0.016	0.763	0.0144	0.002	0.023
0.269	0.0372	0.018	0.769	0.0074	0.001	0.020
0.274	0.0298	0.005	0.777	0.0103	0.001	0.019
0.279	0.0147	0.011	0.757	0.0125	0.001	0.020
0.284	0.0242	0.009	0.764	0.0107	0.001	0.020
0.289	0.0272	0.011	0.761	0.0110	0.001	0.019
0.294	0.0338	0.020	0.758	0.0116	0.001	0.020
0.299	0.0426	0.014	0.777	0.0097	0.002	0.026
0.304	0.0360	0.016	0.781	0.0085	0.003	0.032
0.309	0.0378	0.009	0.761	0.0097	0.004	0.034
0.314	0.0251	0.016	0.742	0.0121	0.004	0.041
0.319	0.0269	0.014	0.726	0.0194	0.004	0.060
0.324	0.0397	0.020	0.745	0.0186	0.005	0.075
0.329	0.0526	0.016	0.769	0.0107	0.004	0.091
0.334	0.0624	0.011	0.764	0.0111	0.004	0.097
0.339	0.0594	0.018	0.760	0.0140	0.003	0.111
0.344	0.0449	0.016	0.766	0.0126	0.004	0.114
0.349	0.0572	0.011	0.773	0.0098	0.005	0.110
0.354	0.0698	0.011	0.762	0.0133	0.006	0.108
0.359	0.0704	0.011	0.757	0.0186	0.006	0.105
0.364	0.0591	0.011	0.765	0.0134	0.005	0.100
0.369	0.0598	0.032	0.773	0.0118	0.006	0.102
0.374	0.0823	0.025	0.742	0.0156	0.006	0.098
0.379	0.0729	0.016	0.778	0.0166	0.003	0.093
0.384	0.0522	0.018	0.818	0.0114	0.003	0.088
0.389	0.0756	0.020	0.802	0.0112	0.003	0.093
0.394	0.0544	0.020	0.781	0.0143	0.004	0.096
0.399	0.0471	0.023	0.806	0.0146	0.005	0.093
0.404	0.0577	0.032	0.813	0.0110	0.010	0.088
0.409	0.0443	0.036	0.791	0.0152	0.015	0.083
0.414	0.0528	0.020	0.785	0.0178	0.011	0.083
0.419	0.0376	0.016	0.779	0.0135	0.013	0.102
0.424	0.0468	0.011	0.775	0.0109	0.012	0.141
0.429	0.0270	0.011	0.731	0.0136	0.014	0.179
0.434	0.0353	0.016	0.736	0.0116	0.023	0.203
0.439	0.0268	0.014	0.762	0.0116	0.039	0.270
0.444	0.0214	0.016	0.760	0.0092	0.036	0.291
0.449	0.0260	0.020	0.731	0.0102	0.037	0.360
0.454	0.0256	0.009	0.751	0.0090	0.042	0.393
0.459	0.0218	0.039	0.761	0.0086	0.048	0.416
0.464	0.0220	0.014	0.735	0.0091	0.055	0.417
0.469	0.0211	0.034	0.698	0.0108	0.072	0.432
0.474	0.0189	0.027	0.689	0.0093	0.088	0.454
0.479	0.0164	0.050	0.664	0.0089	0.116	0.469
0.484	0.0159	0.048	0.685	0.0101	0.123	0.477
0.489	0.0151	0.050	0.700	0.0093	0.115	0.496
0.494	0.0174	0.048	0.665	0.0093	0.122	0.501
0.499	0.0182	0.027	0.669	0.0078	0.162	0.504
0.504	0.0171	0.050	0.664	0.0092	0.141	0.504
0.509	0.0167	0.045	0.666	0.0103	0.118	0.485
0.514	0.0167	0.032	0.687	0.0092	0.124	0.456
0.519	0.0191	0.048	0.665	0.0094	0.118	0.464
0.524	0.0215	0.027	0.656	0.0102	0.102	0.480
0.529	0.0206	0.041	0.697	0.0106	0.062	0.414
0.534	0.0193	0.023	0.697	0.0124	0.041	0.390
0.539	0.0248	0.023	0.687	0.0120	0.032	0.356
0.544	0.0243	0.032	0.669	0.0123	0.025	0.305
0.549	0.0224	0.023	0.698	0.0106	0.015	0.272
0.554	0.0252	0.018	0.700	0.0110	0.014	0.245
0.559	0.0290	0.018	0.678	0.0130	0.010	0.215
0.564	0.0280	0.023	0.677	0.0157	0.005	0.176
0.569	0.0300	0.023	0.693	0.0191	0.002	0.118
0.574	0.0344	0.009	0.689	0.0172	0.001	0.097
0.579	0.0389	0.009	0.732	0.0199	0.000	0.070
0.584	0.0465	0.011	0.742	0.0103	0.000	0.059
0.589	0.0593	0.009	0.774	0.0114	0.000	0.048
0.594	0.0701	0.009	0.765	0.0111	0.000	0.048
0.599	0.0726	0.009	0.728	0.0128	0.001	0.057
0.604	0.0664	0.009	0.701	0.0161	0.001	0.061
0.609	0.0575	0.009	0.710	0.0129	0.001	0.054
0.614	0.0546	0.014	0.722	0.0126	0.001	0.051
0.619	0.0593	0.014	0.710	0.0152	0.001	0.055
0.624	0.0671	0.014	0.722	0.0099	0.001	0.051
0.629	0.0824	0.018	0.692	0.0186	0.000	0.049
0.634	0.0929	0.014	0.716	0.0150	0.000	0.043
0.639	0.1054	0.011	0.726	0.0125	0.001	0.042
0.644	0.1142	0.014	0.725	0.0124	0.001	0.046
0.649	0.1322	0.014	0.729	0.0124	0.001	0.049
0.654	0.1359	0.014	0.687	0.0104	0.001	0.053
0.659	0.1366	0.011	0.579	0.0145	0.002	0.064
0.663	0.1102	0.018	0.577	0.0156	0.002	0.071
0.668	0.0659	0.016	0.684	0.0117	0.002	0.075
0.673	0.0384	0.016	0.657	0.0109	0.003	0.084
0.678	0.0422	0.016	0.642	0.0100	0.004	0.093
0.683	0.0445	0.014	0.652	0.0129	0.004	0.089
0.688	0.0456	0.027	0.642	0.0132	0.003	0.085
0.693	0.0820	0.036	0.687	0.0143	0.003	0.071
0.698	0.0857	0.025	0.720	0.0139	0.002	0.062
0.703	0.0470	0.020	0.653	0.0086	0.001	0.059
0.708	0.0347	0.020	0.535	0.0225	0.001	0.055
0.713	0.0287	0.018	0.442	0.0234	0.002	0.058
0.718	0.0318	0.011	0.517	0.0369	0.001	0.052
0.723	0.0342	0.011	0.609	0.0254	0.001	0.032
0.728	0.0201	0.007	0.672	0.0141	0.000	0.023
0.733	0.0108	0.009	0.667	0.0131	0.000	0.023
0.738	0.0203	0.007	0.671	0.0198	0.000	0.024
0.743	0.0246	0.007	0.703	0.0335	0.000	0.023
0.748	0.0306	0.009	0.682	0.0201	0.000	0.027
0.753	0.0206	0.005	0.658	0.0187	0.000	0.031
0.758	0.0136	0.009	0.666	0.0127	0.000	0.037
0.763	0.0209	0.007	0.666	0.0223	0.000	0.037
0.768	0.0248	0.007	0.678	0.0207	0.000	0.037
0.773	0.0321	0.007	0.673	0.0153	0.000	0.035
0.778	0.0217	0.007	0.646	0.0145	0.000	0.037
0.783	0.0173	0.007	0.576	0.0184	0.000	0.049
0.788	0.0230	0.009	0.568	0.0266	0.000	0.072
0.793	0.0318	0.007	0.544	0.0221	0.000	0.073
0.798	0.0475	0.007	0.660	0.0117	0.000	0.080
0.803	0.0158	0.016	0.661	0.0088	0.000	0.082
0.808	0.0166	0.016	0.659	0.0059	0.001	0.092
0.813	0.0440	0.011	0.658	0.0069	0.001	0.095
0.818	0.0537	0.009	0.659	0.0052	0.001	0.091
0.823	0.0173	0.009	0.660	0.0054	0.001	0.089
0.828	0.0188	0.011	0.647	0.0075	0.001	0.085
0.833	0.0478	0.020	0.655	0.0077	0.001	0.082
0.838	0.0466	0.007	0.662	0.0085	0.002	0.079
0.843	0.0122	0.016	0.661	0.0075	0.003	0.082
0.848	0.0244	0.016	0.649	0.0061	0.003	0.088
0.853	0.0541	0.018	0.659	0.0085	0.002	0.087
0.858	0.0310	0.009	0.665	0.0074	0.002	0.089
0.863	0.0094	0.025	0.639	0.0082	0.002	0.091
0.868	0.0306	0.018	0.650	0.0077	0.003	0.093
0.873	0.0470	0.023	0.661	0.0087	0.002	0.088
0.878	0.0198	0.009	0.662	0.0179	0.001	0.086
0.883	0.0090	0.016	0.654	0.0114	0.002	0.090
0.888	0.0350	0.011	0.598	0.0221	0.001	0.093
0.893	0.0419	0.007	0.661	0.0182	0.001	0.091
0.898	0.0115	0.011	0.650	0.0214	0.001	0.091
0.903	0.0240	0.011	0.614	0.0139	0.002	0.097
0.908	0.0419	0.016	0.661	0.0083	0.002	0.099
0.913	0.0177	0.007	0.657	0.0110	0.003	0.098
0.918	0.0084	0.014	0.649	0.0103	0.002	0.103
0.923	0.0247	0.011	0.663	0.0107	0.001	0.099
0.928	0.0363	0.009	0.660	0.0092	0.001	0.096
0.933	0.0171	0.011	0.659	0.0113	0.001	0.100
0.938	0.0090	0.016	0.648	0.0164	0.001	0.117
0.943	0.0228	0.011	0.692	0.0148	0.001	0.108
0.948	0.0314	0.011	0.675	0.0271	0.001	0.089
0.953	0.0234	0.007	0.638	0.0218	0.001	0.072
0.958	0.0109	0.007	0.631	0.0306	0.001	0.076
0.963	0.0071	0.011	0.610	0.0216	0.001	0.083
0.968	0.0134	0.011	0.558	0.0195	0.001	0.073
0.973	0.0159	0.009	0.586	0.0266	0.001	0.076
0.978	0.0099	0.016	0.634	0.0351	0.001	0.103
0.983	0.0077	0.009	0.655	0.0186	0.003	0.135
0.988	0.0098	0.009	0.486	0.0340	0.004	0.140
0.993	0.0079	0.023	0.351	0.0248	0.007	0.166
0.998	0.0048	0.018	0.389	0.0225	0.007	0.167
1.003	0.0070	0.009	0.544	0.0378	0.005	0.152
1.008	0.0038	0.016	0.610	0.0250	0.003	0.154
1.013	0.0044	0.023	0.493	0.0241	0.003	0.151
1.018	0.0106	0.011	0.395	0.0247	0.003	0.130
1.023	0.0117	0.009	0.477	0.0235	0.003	0.136
1.028	0.0108	0.011	0.514	0.0255	0.004	0.152
1.033	0.0153	0.016	0.641	0.0269	0.004	0.138
1.038	0.0140	0.023	0.641	0.0144	0.003	0.126
1.043	0.0260	0.011	0.658	0.0152	0.003	0.121
1.048	0.0278	0.009	0.651	0.0151	0.004	0.111
1.053	0.0165	0.007	0.650	0.0188	0.004	0.102
1.058	0.0181	0.007	0.665	0.0218	0.004	0.094
1.063	0.0321	0.011	0.656	0.0106	0.006	0.091
1.068	0.0546	0.011	0.615	0.0162	0.008	0.099
1.073	0.0493	0.014	0.586	0.0155	0.008	0.117
1.078	0.0202	0.005	0.598	0.0159	0.007	0.167
1.083	0.0108	0.007	0.606	0.0103	0.009	0.206
1.088	0.0225	0.020	0.643	0.0083	0.018	0.238
1.093	0.0248	0.018	0.611	0.0091	0.024	0.273
1.098	0.0091	0.018	0.610	0.0086	0.034	0.330
1.102	0.0098	0.025	0.596	0.0074	0.045	0.358
1.107	0.0134	0.039	0.586	0.0127	0.037	0.362
1.112	0.0145	0.027	0.629	0.0085	0.037	0.377
1.117	0.0051	0.064	0.574	0.0097	0.063	0.432
1.122	0.0107	0.066	0.525	0.0165	0.105	0.443
1.127	0.0127	0.023	0.568	0.0085	0.120	0.454
1.132	0.0064	0.061	0.551	0.0111	0.123	0.474
1.137	0.0082	0.080	0.553	0.0089	0.148	0.477
1.142	0.0086	0.070	0.566	0.0102	0.142	0.497
1.147	0.0074	0.045	0.551	0.0109	0.172	0.464
1.152	0.0057	0.089	0.523	0.0085	0.205	0.482
1.157	0.0058	0.109	0.450	0.0182	0.195	0.469
1.162	0.0080	0.030	0.524	0.0104	0.185	0.497
1.167	0.0043	0.114	0.512	0.0126	0.166	0.475
1.172	0.0052	0.098	0.496	0.0137	0.163	0.443
1.177	0.0066	0.043	0.563	0.0098	0.156	0.455
1.182	0.0029	0.073	0.554	0.0094	0.149	0.471
1.187	0.0044	0.089	0.569	0.0123	0.082	0.426
1.192	0.0048	0.050	0.506	0.0169	0.048	0.386
1.197	0.0082	0.025	0.467	0.0328	0.015	0.263
1.202	0.0043	0.018	0.416	0.0251	0.008	0.205
1.207	0.0051	0.014	0.494	0.0195	0.003	0.116
1.212	0.0099	0.025	0.587	0.0265	0.002	0.078
1.217	0.0274	0.009	0.628	0.0207	0.001	0.061
1.222	0.0617	0.011	0.681	0.0172	0.001	0.059
1.227	0.0790	0.011	0.691	0.0150	0.001	0.053
1.232	0.0755	0.011	0.662	0.0141	0.001	0.054
1.237	0.0626	0.014	0.643	0.0125	0.001	0.065
1.242	0.0602	0.011	0.639	0.0123	0.001	0.067
1.247	0.0606	0.009	0.674	0.0093	0.001	0.071
1.252	0.0575	0.014	0.712	0.0051	0.001	0.068
1.257	0.0752	0.011	0.711	0.0059	0.001	0.071
1.262	0.0689	0.011	0.682	0.0102	0.001	0.067
1.267	0.0394	0.011	0.673	0.0139	0.001	0.069
1.272	0.0413	0.011	0.685	0.0074	0.002	0.068
1.277	0.0527	0.011	0.684	0.0080	0.001	0.069
1.282	0.0577	0.016	0.709	0.0075	0.001	0.065
1.287	0.0800	0.011	0.700	0.0137	0.001	0.064
1.292	0.0774	0.011	0.666	0.0133	0.001	0.062
1.297	0.0479	0.011	0.604	0.0147	0.001	0.076
1.302	0.0401	0.014	0.386	0.0287	0.001	0.087
1.307	0.0414	0.011	0.232	0.0433	0.001	0.076
1.312	0.0310	0.016	0.328	0.0511	0.000	0.049
1.317	0.0157	0.005	0.451	0.0252	0.001	0.056
1.322	0.0070	0.011	0.386	0.0231	0.005	0.077
1.327	0.0116	0.011	0.457	0.0339	0.002	0.065
1.332	0.0091	0.011	0.455	0.0290	0.000	0.043
1.337	0.0043	0.009	0.437	0.0254	0.000	0.036
1.342	0.0043	0.011	0.389	0.0358	0.000	0.042
1.347	0.0039	0.009	0.505	0.0226	0.000	0.047
1.352	0.0019	0.007	0.545	0.0298	0.000	0.047
1.357	0.0018	0.014	0.583	0.0152	0.000	0.054
1.362	0.0022	0.011	0.520	0.0200	0.000	0.056
1.367	0.0015	0.011	0.573	0.0287	0.000	0.048
1.372	0.0012	0.016	0.630	0.0232	0.000	0.044
1.377	0.0021	0.014	0.652	0.0184	0.000	0.044
1.382	0.0019	0.011	0.660	0.0223	0.000	0.044
1.387	0.0019	0.011	0.642	0.0150	0.000	0.051
1.392	0.0026	0.011	0.575	0.0137	0.000	0.072
1.397	0.0021	0.011	0.365	0.0200	0.027	0.345
1.402	0.0012	0.011	0.199	0.0133	0.135	0.465
1.407	0.0010	0.036	0.305	0.0149	0.291	0.489
1.412	0.0024	0.091	0.170	0.0224	0.149	0.417
1.417	0.0027	0.075	0.338	0.0428	0.009	0.204
1.422	0.0048	0.052	0.367	0.0299	0.004	0.133
1.427	0.0109	0.025	0.544	0.0275	0.003	0.092
1.432	0.0109	0.009	0.607	0.0172	0.002	0.084
1.437	0.0316	0.011	0.647	0.0153	0.001	0.082
1.442	0.0670	0.011	0.667	0.0116	0.002	0.087
1.447	0.0944	0.014	0.646	0.0194	0.003	0.086
1.452	0.0801	0.009	0.659	0.0120	0.002	0.079
1.457	0.0560	0.011	0.678	0.0080	0.001	0.074
1.462	0.0552	0.016	0.678	0.0144	0.002	0.074
1.467	0.0595	0.016	0.666	0.0169	0.001	0.077
1.472	0.0810	0.016	0.661	0.0123	0.001	0.081
1.477	0.0761	0.014	0.671	0.0116	0.001	0.080
1.482	0.0540	0.011	0.666	0.0087	0.001	0.075
1.487	0.0541	0.011	0.663	0.0189	0.001	0.080
1.492	0.0533	0.009	0.695	0.0183	0.000	0.075
1.497	0.0842	0.011	0.615	0.0168	0.000	0.062
1.502	0.0684	0.011	0.494	0.0179	0.000	0.073
1.507	0.0320	0.009	0.392	0.0300	0.000	0.095
1.512	0.0120	0.011	0.408	0.0246	0.000	0.092
1.517	0.0188	0.007	0.549	0.0273	0.000	0.077
1.522	0.0125	0.005	0.606	0.0193	0.000	0.072
1.527	0.0047	0.014	0.612	0.0150	0.000	0.068
1.532	0.0129	0.007	0.624	0.0155	0.000	0.059
1.537	0.0206	0.005	0.647	0.0069	0.000	0.056
1.541	0.0101	0.007	0.638	0.0071	0.000	0.057
1.546	0.0081	0.007	0.592	0.0164	0.001	0.067
1.551	0.0119	0.009	0.565	0.0175	0.001	0.059
1.556	0.0124	0.007	0.597	0.0075	0.000	0.064
1.561	0.0038	0.005	0.627	0.0154	0.000	0.061
1.566	0.0077	0.007	0.608	0.0141	0.000	0.035
1.571	0.0094	0.007	0.608	0.0120	0.000	0.043
1.576	0.0119	0.005	0.566	0.0135	0.000	0.072
1.581	0.0042	0.009	0.535	0.0130	0.000	0.079
1.586	0.0092	0.007	0.549	0.0233	0.009	0.173
1.591	0.0098	0.005	0.587	0.0249	0.012	0.188
1.596	0.0036	0.007	0.530	0.0447	0.002	0.221
1.601	0.0074	0.011	0.464	0.0477	0.004	0.280
1.606	0.0071	0.005	0.243	0.0276	0.036	0.322
1.611	0.0033	0.011	0.243	0.0395	0.024	0.263
1.616	0.0058	0.034	0.458	0.0221	0.002	0.127
1.621	0.0102	0.011	0.546	0.0142	0.002	0.103
1.626	0.0376	0.014	0.609	0.0190	0.002	0.080
1.631	0.0464	0.009	0.598	0.0156	0.001	0.064
1.636	0.0332	0.011	0.662	0.0101	0.000	0.057
1.641	0.0572	0.016	0.679	0.0086	0.000	0.054
1.646	0.0778	0.011	0.627	0.0099	0.001	0.069
1.651	0.0875	0.016	0.642	0.0156	0.001	0.071
1.656	0.0806	0.011	0.683	0.0114	0.001	0.073
1.661	0.0592	0.011	0.674	0.0067	0.001	0.071
1.666	0.0442	0.011	0.661	0.0105	0.001	0.077
1.671	0.0478	0.011	0.674	0.0169	0.001	0.076
1.676	0.0518	0.014	0.672	0.0147	0.001	0.077
1.681	0.0556	0.018	0.675	0.0091	0.001	0.082
1.686	0.0467	0.011	0.670	0.0100	0.001	0.091
1.691	0.0257	0.009	0.667	0.0119	0.001	0.092
1.696	0.0246	0.016	0.655	0.0117	0.001	0.097
1.701	0.0283	0.011	0.672	0.0140	0.001	0.094
1.706	0.0323	0.011	0.662	0.0229	0.001	0.104
1.711	0.0282	0.011	0.651	0.0221	0.001	0.103
1.716	0.0137	0.023	0.654	0.0254	0.001	0.091
1.721	0.0194	0.016	0.654	0.0148	0.001	0.101
1.726	0.0201	0.009	0.650	0.0102	0.000	0.086
1.731	0.0254	0.011	0.615	0.0185	0.000	0.078
1.736	0.0133	0.011	0.554	0.0162	0.001	0.091
1.741	0.0185	0.014	0.548	0.0222	0.001	0.114
1.746	0.0129	0.014	0.625	0.0271	0.001	0.121
1.751	0.0173	0.011	0.605	0.0202	0.001	0.110
1.756	0.0117	0.014	0.612	0.0237	0.001	0.099
1.761	0.0111	0.009	0.547	0.0253	0.000	0.098
1.766	0.0145	0.011	0.463	0.0251	0.001	0.103
1.771	0.0237	0.009	0.461	0.0218	0.002	0.128
1.776	0.0086	0.009	0.546	0.0242	0.002	0.124
1.781	0.0029	0.020	0.405	0.0325	0.002	0.140
1.786	0.0044	0.009	0.560	0.0351	0.000	0.082
1.791	0.0047	0.011	0.682	0.0268	0.000	0.054
1.796	0.0054	0.005	0.668	0.0223	0.000	0.036
1.801	0.0038	0.005	0.671	0.0267	0.000	0.030
1.806	0.0056	0.002	0.671	0.0253	0.000	0.027
1.811	0.0051	0.005	0.701	0.0217	0.000	0.022
1.816	0.0085	0.002	0.693	0.0104	0.000	0.021
1.821	0.0063	0.005	0.661	0.0122	0.000	0.020
1.826	0.0043	0.002	0.656	0.0112	0.000	0.025
1.831	0.0072	0.005	0.652	0.0116	0.000	0.047
1.836	0.0081	0.002	0.631	0.0139	0.000	0.103
1.841	0.0045	0.005	0.618	0.0119	0.003	0.235
1.846	0.0041	0.007	0.545	0.0096	0.017	0.307
1.851	0.0056	0.027	0.406	0.0220	0.022	0.292
1.856	0.0088	0.020	0.524	0.0355	0.004	0.164
1.861	0.0075	0.018	0.529	0.0262	0.001	0.109
1.866	0.0100	0.009	0.630	0.0154	0.002	0.087
1.871	0.0105	0.009	0.676	0.0148	0.002	0.085
1.876	0.0292	0.007	0.687	0.0139	0.002	0.085
1.881	0.0572	0.011	0.727	0.0090	0.002	0.087
1.886	0.0616	0.009	0.724	0.0110	0.002	0.099
1.891	0.0424	0.014	0.673	0.0085	0.002	0.097
1.896	0.0260	0.011	0.677	0.0078	0.002	0.090
1.901	0.0312	0.011	0.693	0.0099	0.002	0.090
1.906	0.0420	0.011	0.677	0.0129	0.002	0.101
1.911	0.0599	0.011	0.697	0.0116	0.003	0.105
1.916	0.0567	0.009	0.694	0.0111	0.003	0.100
1.921	0.0270	0.011	0.635	0.0217	0.002	0.107
1.926	0.0157	0.011	0.603	0.0191	0.002	0.111
1.931	0.0172	0.011	0.601	0.0162	0.002	0.113
1.936	0.0248	0.007	0.596	0.0125	0.002	0.116
1.941	0.0263	0.014	0.591	0.0179	0.001	0.117
1.946	0.0088	0.005	0.617	0.0179	0.000	0.094
1.951	0.0045	0.002	0.643	0.0196	0.000	0.071
1.956	0.0090	0.014	0.663	0.0199	0.000	0.038
1.961	0.0168	0.002	0.667	0.0168	0.000	0.031
1.966	0.0117	0.005	0.659	0.0126	0.000	0.028
1.971	0.0058	0.005	0.681	0.0144	0.000	0.028
1.976	0.0094	0.002	0.667	0.0116	0.000	0.046
1.980	0.0071	0.002	0.672	0.0185	0.000	0.078
1.985	0.0112	0.005	0.639	0.0094	0.000	0.091
1.990	0.0041	0.005	0.638	0.0150	0.001	0.159
1.995	0.0071	0.007	0.629	0.0101	0.007	0.254
2.000	0.0059	0.023	0.574	0.0190	0.014	0.296
2.005	0.0089	0.025	0.482	0.0213	0.024	0.301
2.010	0.0053	0.005	0.423	0.0328	0.013	0.236
2.015	0.0074	0.032	0.509	0.0261	0.007	0.152
2.020	0.0078	0.007	0.611	0.0187	0.005	0.113
2.025	0.0136	0.023	0.677	0.0158	0.003	0.085
2.030	0.0375	0.014	0.739	0.0110	0.004	0.092
2.035	0.0567	0.007	0.660	0.0120	0.014	0.126
2.040	0.0571	0.009	0.630	0.0148	0.014	0.126
2.045	0.0414	0.032	0.706	0.0157	0.003	0.103
2.050	0.0409	0.009	0.615	0.0125	0.004	0.126
2.055	0.0273	0.007	0.537	0.0175	0.008	0.233
2.060	0.0169	0.007	0.475	0.0141	0.014	0.363
2.065	0.0102	0.020	0.495	0.0086	0.036	0.539
2.070	0.0080	0.032	0.478	0.0219	0.062	0.600
2.075	0.0092	0.007	0.359	0.0145	0.199	0.659
2.080	0.0029	0.077	0.267	0.0104	0.428	0.710
2.085	0.0038	0.136	0.122	0.0093	0.684	0.756
2.090	0.0030	0.225	0.145	0.0104	0.693	0.747
2.095	0.0021	0.239	0.219	0.0104	0.607	0.731
2.100	0.0032	0.207	0.235	0.0106	0.583	0.765
2.105	0.0025	0.173	0.245	0.0090	0.607	0.750
2.110	0.0020	0.209	0.207	0.0102	0.667	0.755
2.115	0.0025	0.207	0.179	0.0110	0.697	0.749
2.120	0.0027	0.223	0.147	0.0088	0.732	0.743
2.125	0.0025	0.195	0.150	0.0116	0.734	0.718
2.130	0.0031	0.205	0.150	0.0099	0.651	0.684
2.135	0.0032	0.175	0.157	0.0134	0.484	0.613
2.140	0.0038	0.139	0.173	0.0322	0.210	0.528
2.145	0.0025	0.102	0.548	0.0314	0.011	0.262
2.150	0.0026	0.032	0.663	0.0238	0.006	0.164
2.155	0.0133	0.011	0.755	0.0193	0.005	0.104
2.160	0.0279	0.018	0.754	0.0172	0.004	0.096
2.165	0.0290	0.025	0.791	0.0159	0.004	0.093
2.170	0.0217	0.020	0.795	0.0138	0.005	0.096
2.175	0.0223	0.023	0.787	0.0119	0.005	0.101
2.180	0.0277	0.025	0.783	0.0123	0.006	0.105
2.185	0.0169	0.016	0.768	0.0122	0.007	0.098
2.190	0.0220	0.009	0.749	0.0146	0.007	0.094
2.195	0.0240	0.016	0.730	0.0181	0.007	0.099
2.200	0.0159	0.025	0.769	0.0131	0.005	0.091
2.205	0.0183	0.014	0.783	0.0234	0.002	0.074
2.210	0.0225	0.007	0.796	0.0177	0.001	0.062
2.215	0.0182	0.005	0.801	0.0109	0.000	0.054
2.220	0.0173	0.007	0.781	0.0122	0.000	0.048
2.225	0.0213	0.005	0.749	0.0249	0.000	0.043
2.230	0.0216	0.007	0.715	0.0310	0.000	0.044
2.235	0.0169	0.005	0.740	0.0192	0.000	0.034
2.240	0.0093	0.005	0.749	0.0141	0.000	0.029
2.245	0.0097	0.005	0.688	0.0207	0.000	0.028
2.250	0.0103	0.005	0.712	0.0166	0.000	0.028
2.255	0.0071	0.005	0.740	0.0113	0.000	0.026
2.260	0.0076	0.005	0.668	0.0189	0.000	0.027
2.265	0.0082	0.005	0.640	0.0176	0.000	0.027
2.270	0.0046	0.005	0.701	0.0162	0.000	0.026
2.275	0.0077	0.005	0.622	0.0391	0.000	0.028
2.280	0.0080	0.002	0.693	0.0217	0.000	0.028
2.285	0.0077	0.005	0.716	0.0228	0.000	0.105
2.290	0.0069	0.005	0.659	0.0091	0.001	0.160
2.295	0.0047	0.005	0.456	0.0190	0.006	0.286
2.300	0.0045	0.002	0.359	0.0339	0.015	0.277
2.305	0.0047	0.005	0.484	0.0281	0.009	0.184
2.310	0.0076	0.027	0.617	0.0273	0.004	0.115
2.315	0.0166	0.023	0.736	0.0094	0.003	0.106
2.320	0.0421	0.009	0.740	0.0128	0.003	0.112
2.325	0.0581	0.014	0.676	0.0154	0.003	0.111
2.330	0.0512	0.018	0.722	0.0102	0.003	0.097
2.335	0.0510	0.014	0.736	0.0068	0.003	0.096
2.340	0.0574	0.007	0.737	0.0081	0.003	0.095
2.345	0.0592	0.014	0.734	0.0094	0.003	0.091
2.350	0.0617	0.014	0.742	0.0085	0.003	0.094
2.355	0.0641	0.014	0.749	0.0040	0.003	0.090
2.360	0.0673	0.014	0.748	0.0062	0.003	0.093
2.365	0.0691	0.014	0.737	0.0085	0.003	0.098
2.370	0.0658	0.009	0.728	0.0126	0.004	0.087
2.375	0.0633	0.009	0.713	0.0114	0.003	0.089
2.380	0.0596	0.009	0.604	0.0160	0.003	0.097
2.385	0.0463	0.009	0.384	0.0296	0.003	0.129
2.390	0.0308	0.016	0.320	0.0516	0.001	0.127
2.395	0.0077	0.011	0.566	0.0329	0.000	0.044
2.400	0.0100	0.002	0.449	0.0339	0.000	0.053
2.405	0.0072	0.005	0.424	0.0251	0.000	0.051
2.410	0.0074	0.005	0.443	0.0341	0.000	0.059
2.415	0.0023	0.007	0.498	0.0406	0.001	0.068
2.420	0.0037	0.011	0.436	0.0341	0.000	0.070
2.424	0.0030	0.014	0.364	0.0226	0.001	0.088
2.429	0.0023	0.011	0.473	0.0233	0.000	0.088
2.434	0.0013	0.011	0.556	0.0190	0.000	0.095
2.439	0.0020	0.009	0.586	0.0207	0.001	0.095
2.444	0.0015	0.014	0.576	0.0356	0.000	0.091
2.449	0.0013	0.009	0.569	0.0218	0.000	0.100
2.454	0.0016	0.002	0.630	0.0308	0.000	0.092
2.459	0.0012	0.005	0.693	0.0181	0.000	0.087
2.464	0.0013	0.005	0.697	0.0176	0.000	0.093
2.469	0.0017	0.005	0.642	0.0146	0.000	0.098
2.474	0.0015	0.007	0.614	0.0263	0.000	0.109
2.479	0.0010	0.009	0.706	0.0251	0.000	0.102
2.484	0.0007	0.014	0.730	0.0159	0.000	0.100
2.489	0.0009	0.011	0.641	0.0235	0.000	0.105
2.494	0.0008	0.014	0.583	0.0155	0.000	0.109
2.499	0.0006	0.018	0.593	0.0103	0.000	0.125
2.504	0.0007	0.016	0.302	0.0152	0.005	0.242
2.509	0.0006	0.016	0.239	0.0133	0.170	0.509
2.514	0.0005	0.009	0.139	0.0081	0.457	0.688
2.519	0.0005	0.052	0.148	0.0120	0.612	0.703
2.524	0.0009	0.193	0.264	0.0177	0.447	0.607
2.529	0.0013	0.182	0.267	0.0246	0.226	0.496
2.534	0.0020	0.150	0.428	0.0430	0.018	0.269
2.539	0.0044	0.032	0.564	0.0261	0.006	0.174
2.544	0.0084	0.011	0.572	0.0222	0.004	0.119
2.549	0.0159	0.023	0.565	0.0291	0.004	0.111
2.554	0.0136	0.007	0.633	0.0172	0.003	0.101
2.559	0.0230	0.014	0.654	0.0188	0.002	0.083
2.564	0.0383	0.011	0.667	0.0163	0.002	0.074
2.569	0.0612	0.011	0.697	0.0175	0.001	0.079
2.574	0.0834	0.011	0.695	0.0106	0.001	0.077
2.579	0.0782	0.011	0.668	0.0147	0.001	0.080
2.584	0.0555	0.011	0.635	0.0128	0.002	0.084
2.589	0.0504	0.011	0.643	0.0153	0.002	0.080
2.594	0.0441	0.011	0.674	0.0119	0.002	0.066
2.599	0.0596	0.011	0.694	0.0075	0.002	0.075
2.604	0.0647	0.011	0.647	0.0125	0.002	0.079
2.609	0.0362	0.020	0.643	0.0166	0.001	0.074
2.614	0.0414	0.014	0.672	0.0157	0.001	0.066
2.619	0.0540	0.016	0.669	0.0066	0.001	0.074
2.624	0.0755	0.014	0.677	0.0156	0.001	0.070
2.629	0.0691	0.014	0.649	0.0204	0.001	0.061
2.634	0.0315	0.014	0.663	0.0151	0.001	0.058
2.639	0.0538	0.016	0.677	0.0111	0.000	0.054
2.644	0.0629	0.018	0.652	0.0123	0.000	0.049
2.649	0.0754	0.020	0.653	0.0173	0.000	0.048
2.654	0.0319	0.020	0.660	0.0074	0.000	0.042
2.659	0.0602	0.018	0.672	0.0093	0.000	0.048
2.664	0.0718	0.014	0.666	0.0086	0.000	0.049
2.669	0.0840	0.018	0.648	0.0116	0.000	0.052
2.674	0.0400	0.018	0.642	0.0120	0.000	0.058
2.679	0.0535	0.014	0.630	0.0115	0.000	0.056
2.684	0.0602	0.018	0.609	0.0149	0.000	0.051
2.689	0.0667	0.011	0.601	0.0221	0.000	0.048
2.694	0.0307	0.009	0.601	0.0140	0.000	0.049
2.699	0.0345	0.009	0.538	0.0169	0.000	0.051
2.704	0.0220	0.011	0.410	0.0321	0.000	0.055
2.709	0.0335	0.007	0.521	0.0252	0.000	0.062
2.714	0.0095	0.007	0.615	0.0372	0.000	0.050
2.719	0.0110	0.011	0.588	0.0242	0.000	0.038
2.724	0.0209	0.007	0.662	0.0099	0.000	0.032
2.729	0.0141	0.005	0.668	0.0090	0.000	0.032
2.734	0.0068	0.007	0.661	0.0078	0.000	0.024
2.739	0.0168	0.009	0.674	0.0073	0.000	0.024
2.744	0.0237	0.005	0.656	0.0111	0.000	0.024
2.749	0.0147	0.007	0.654	0.0091	0.000	0.026
2.754	0.0099	0.007	0.649	0.0057	0.000	0.030
2.759	0.0125	0.007	0.641	0.0084	0.000	0.032
2.764	0.0171	0.007	0.620	0.0243	0.000	0.036
2.769	0.0089	0.007	0.508	0.0244	0.000	0.037
2.774	0.0068	0.007	0.322	0.0288	0.000	0.071
2.779	0.0079	0.007	0.307	0.0400	0.000	0.082
2.784	0.0031	0.007	0.217	0.0353	0.000	0.068
2.789	0.0025	0.018	0.343	0.0333	0.000	0.068
2.794	0.0083	0.018	0.431	0.0464	0.001	0.090
2.799	0.0029	0.014	0.624	0.0248	0.001	0.083
2.804	0.0091	0.014	0.561	0.0265	0.002	0.143
2.809	0.0052	0.014	0.679	0.0222	0.003	0.139
2.814	0.0029	0.014	0.531	0.0217	0.002	0.127
2.819	0.0049	0.014	0.454	0.0238	0.005	0.155
2.824	0.0029	0.020	0.351	0.0417	0.003	0.133
2.829	0.0057	0.014	0.502	0.0391	0.003	0.110
2.834	0.0022	0.014	0.551	0.0186	0.001	0.103
2.839	0.0100	0.014	0.526	0.0252	0.002	0.108
2.844	0.0058	0.014	0.352	0.0236	0.002	0.099
2.849	0.0105	0.011	0.413	0.0237	0.002	0.107
2.854	0.0171	0.018	0.539	0.0223	0.002	0.127
2.859	0.0084	0.018	0.541	0.0184	0.004	0.162
2.863	0.0219	0.009	0.588	0.0142	0.009	0.166
2.868	0.0160	0.016	0.581	0.0149	0.006	0.139
2.873	0.0285	0.018	0.402	0.0116	0.005	0.173
2.878	0.0176	0.014	0.159	0.0213	0.022	0.355
2.883	0.0049	0.034	0.445	0.0099	0.090	0.569
2.888	0.0072	0.039	0.414	0.0098	0.173	0.624
2.893	0.0057	0.068	0.303	0.0135	0.350	0.713
2.898	0.0056	0.116	0.256	0.0134	0.458	0.731
2.903	0.0045	0.164	0.217	0.0099	0.565	0.714
2.908	0.0037	0.198	0.151	0.0103	0.645	0.742
2.913	0.0030	0.200	0.123	0.0088	0.675	0.736
2.918	0.0031	0.207	0.118	0.0113	0.637	0.712
2.923	0.0031	0.186	0.120	0.0127	0.607	0.654
2.928	0.0030	0.139	0.110	0.0188	0.530	0.602
2.933	0.0034	0.145	0.443	0.0326	0.083	0.423
2.938	0.0035	0.098	0.512	0.0256	0.032	0.294
2.943	0.0085	0.036	0.631	0.0184	0.012	0.145
2.948	0.0120	0.009	0.666	0.0176	0.006	0.145
2.953	0.0147	0.005	0.717	0.0166	0.006	0.135
2.958	0.0163	0.011	0.753	0.0161	0.004	0.114
2.963	0.0244	0.014	0.665	0.0197	0.002	0.103
2.968	0.0343	0.014	0.652	0.0237	0.004	0.123
2.973	0.0285	0.014	0.748	0.0172	0.005	0.123
2.978	0.0278	0.009	0.770	0.0115	0.005	0.114
2.983	0.0435	0.014	0.777	0.0101	0.005	0.113
2.988	0.0362	0.011	0.754	0.0182	0.003	0.104
2.993	0.0298	0.005	0.719	0.0227	0.002	0.099
2.998	0.0147	0.005	0.704	0.0251	0.001	0.112
3.003	0.0091	0.007	0.685	0.0222	0.001	0.117
3.008	0.0090	0.009	0.743	0.0259	0.001	0.105
3.013	0.0095	0.005	0.769	0.0237	0.000	0.082
3.018	0.0097	0.005	0.723	0.0185	0.000	0.069
3.023	0.0081	0.005	0.704	0.0230	0.000	0.058
3.028	0.0050	0.005	0.698	0.0109	0.000	0.072
3.033	0.0035	0.005	0.609	0.0225	0.001	0.167
3.038	0.0035	0.005	0.551	0.0201	0.036	0.396
3.043	0.0029	0.007	0.349	0.0078	0.199	0.517
3.048	0.0021	0.045	0.289	0.0152	0.170	0.527
3.053	0.0024	0.073	0.346	0.0097	0.226	0.550
3.058	0.0020	0.077	0.256	0.0131	0.390	0.624
3.063	0.0017	0.132	0.203	0.0250	0.304	0.600
3.068	0.0016	0.127	0.328	0.0308	0.093	0.455
3.073	0.0015	0.107	0.434	0.0359	0.017	0.302
3.078	0.0056	0.052	0.536	0.0368	0.004	0.195
3.083	0.0080	0.023	0.647	0.0217	0.003	0.138
3.088	0.0166	0.007	0.746	0.0185	0.002	0.132
3.093	0.0209	0.018	0.751	0.0151	0.002	0.123
3.098	0.0288	0.009	0.746	0.0178	0.002	0.126
3.103	0.0378	0.009	0.619	0.0160	0.003	0.140
3.108	0.0373	0.007	0.592	0.0182	0.004	0.148
3.113	0.0284	0.014	0.620	0.0229	0.004	0.156
3.118	0.0269	0.014	0.665	0.0213	0.003	0.156
3.123	0.0373	0.011	0.633	0.0218	0.002	0.122
3.128	0.0423	0.011	0.637	0.0207	0.002	0.105
3.133	0.0522	0.011	0.707	0.0176	0.001	0.095
3.138	0.0504	0.011	0.734	0.0130	0.001	0.100
3.143	0.0487	0.011	0.636	0.0150	0.002	0.107
3.148	0.0512	0.011	0.583	0.0187	0.002	0.119
3.153	0.0439	0.011	0.655	0.0188	0.002	0.122
3.158	0.0454	0.011	0.683	0.0101	0.002	0.116
3.163	0.0384	0.011	0.675	0.0084	0.002	0.111
3.168	0.0254	0.011	0.656	0.0123	0.001	0.117
3.173	0.0321	0.009	0.673	0.0121	0.001	0.117
3.178	0.0339	0.011	0.691	0.0101	0.001	0.113
3.183	0.0476	0.011	0.676	0.0073	0.001	0.109
3.188	0.0302	0.011	0.670	0.0199	0.001	0.096
3.193	0.0317	0.009	0.681	0.0125	0.002	0.103
3.198	0.0391	0.011	0.673	0.0091	0.001	0.091
3.203	0.0535	0.011	0.685	0.0137	0.001	0.085
3.208	0.0519	0.009	0.663	0.0201	0.001	0.091
3.213	0.0381	0.011	0.664	0.0089	0.001	0.074
3.218	0.0421	0.009	0.675	0.0091	0.001	0.080
3.223	0.0415	0.011	0.658	0.0081	0.001	0.082
3.228	0.0457	0.011	0.660	0.0115	0.001	0.086
3.233	0.0346	0.009	0.664	0.0089	0.001	0.079
3.238	0.0356	0.011	0.658	0.0118	0.001	0.071
3.243	0.0351	0.009	0.658	0.0185	0.000	0.065
3.248	0.0450	0.011	0.662	0.0138	0.000	0.064
3.253	0.0322	0.009	0.675	0.0129	0.001	0.065
3.258	0.0301	0.011	0.667	0.0118	0.000	0.076
3.263	0.0356	0.009	0.678	0.0113	0.001	0.073
3.268	0.0477	0.011	0.677	0.0112	0.000	0.066
3.273	0.0416	0.011	0.673	0.0100	0.000	0.059
3.278	0.0287	0.009	0.696	0.0152	0.000	0.061
3.283	0.0307	0.011	0.705	0.0147	0.000	0.052
3.288	0.0388	0.011	0.671	0.0099	0.000	0.052
3.293	0.0404	0.009	0.642	0.0209	0.000	0.049
3.298	0.0186	0.011	0.586	0.0150	0.000	0.059
3.302	0.0213	0.009	0.464	0.0213	0.000	0.058
3.307	0.0196	0.011	0.474	0.0273	0.000	0.060
3.312	0.0145	0.009	0.593	0.0222	0.001	0.070
3.317	0.0095	0.018	0.589	0.0254	0.000	0.072
3.322	0.0094	0.018	0.560	0.0257	0.000	0.072
3.327	0.0118	0.020	0.551	0.0227	0.001	0.087
3.332	0.0081	0.018	0.370	0.0218	0.003	0.114
3.337	0.0083	0.027	0.422	0.0277	0.001	0.085
3.342	0.0098	0.014	0.544	0.0261	0.000	0.073
3.347	0.0150	0.014	0.611	0.0314	0.000	0.071
3.352	0.0170	0.016	0.641	0.0246	0.000	0.054
3.357	0.0137	0.009	0.668	0.0285	0.000	0.060
3.362	0.0205	0.011	0.743	0.0210	0.000	0.059
3.367	0.0280	0.014	0.724	0.0145	0.000	0.057
3.372	0.0432	0.011	0.743	0.0108	0.000	0.060
3.377	0.0545	0.011	0.731	0.0132	0.000	0.065
3.382	0.0538	0.011	0.713	0.0145	0.000	0.060
3.387	0.0470	0.011	0.745	0.0111	0.001	0.071
3.392	0.0377	0.011	0.735	0.0085	0.001	0.076
3.397	0.0385	0.011	0.717	0.0078	0.001	0.070
3.402	0.0427	0.011	0.713	0.0071	0.001	0.068
3.407	0.0591	0.014	0.703	0.0125	0.000	0.058
3.412	0.0668	0.009	0.704	0.0139	0.000	0.059
3.417	0.0507	0.014	0.689	0.0084	0.000	0.061
3.422	0.0410	0.009	0.678	0.0047	0.001	0.063
3.427	0.0406	0.011	0.676	0.0157	0.001	0.067
3.432	0.0437	0.011	0.681	0.0195	0.001	0.060
3.437	0.0595	0.011	0.689	0.0117	0.001	0.060
3.442	0.0535	0.011	0.690	0.0098	0.001	0.059
3.447	0.0449	0.011	0.682	0.0147	0.001	0.061
3.452	0.0416	0.011	0.691	0.0155	0.001	0.063
3.457	0.0437	0.009	0.697	0.0241	0.001	0.067
3.462	0.0622	0.011	0.694	0.0203	0.001	0.073
3.467	0.0596	0.011	0.683	0.0060	0.001	0.074
3.472	0.0416	0.011	0.697	0.0058	0.001	0.068
3.477	0.0374	0.011	0.698	0.0117	0.001	0.071
3.482	0.0425	0.009	0.693	0.0109	0.000	0.065
3.487	0.0592	0.011	0.678	0.0183	0.000	0.069
3.492	0.0590	0.011	0.677	0.0162	0.000	0.066
3.497	0.0394	0.011	0.667	0.0158	0.000	0.065
3.502	0.0336	0.011	0.696	0.0161	0.000	0.057
3.507	0.0359	0.009	0.702	0.0173	0.000	0.052
3.512	0.0454	0.011	0.659	0.0112	0.000	0.055
3.517	0.0340	0.011	0.625	0.0193	0.000	0.062
3.522	0.0299	0.009	0.540	0.0190	0.000	0.052
3.527	0.0257	0.011	0.493	0.0326	0.000	0.064
3.532	0.0221	0.011	0.553	0.0142	0.001	0.075
3.537	0.0107	0.014	0.604	0.0240	0.001	0.069
3.542	0.0083	0.014	0.580	0.0180	0.000	0.059
3.547	0.0094	0.009	0.540	0.0213	0.000	0.063
3.552	0.0113	0.011	0.573	0.0244	0.000	0.055
3.557	0.0102	0.009	0.545	0.0285	0.000	0.047
3.562	0.0098	0.009	0.438	0.0222	0.000	0.059
3.567	0.0128	0.011	0.480	0.0332	0.000	0.067
3.572	0.0119	0.011	0.513	0.0317	0.000	0.066
3.577	0.0099	0.007	0.487	0.0420	0.000	0.049
3.582	0.0048	0.007	0.562	0.0293	0.000	0.033
3.587	0.0038	0.009	0.597	0.0406	0.000	0.030
3.592	0.0024	0.005	0.642	0.0374	0.000	0.023
3.597	0.0080	0.002	0.672	0.0232	0.000	0.020
3.602	0.0081	0.005	0.677	0.0214	0.000	0.017
3.607	0.0056	0.005	0.664	0.0214	0.000	0.015
3.612	0.0069	0.002	0.675	0.0226	0.000	0.015
3.617	0.0105	0.005	0.674	0.0315	0.000	0.016
3.622	0.0130	0.002	0.640	0.0369	0.000	0.027
3.627	0.0140	0.005	0.589	0.0175	0.000	0.039
3.632	0.0040	0.005	0.672	0.0141	0.000	0.036
3.637	0.0117	0.007	0.672	0.0156	0.000	0.037
3.642	0.0212	0.009	0.689	0.0109	0.001	0.037
3.647	0.0272	0.007	0.712	0.0204	0.001	0.038
3.652	0.0273	0.005	0.712	0.0184	0.001	0.037
3.657	0.0102	0.005	0.678	0.0183	0.001	0.039
3.662	0.0126	0.005	0.681	0.0109	0.002	0.041
3.667	0.0227	0.002	0.710	0.0083	0.001	0.061
3.672	0.0234	0.005	0.655	0.0112	0.002	0.110
3.677	0.0290	0.005	0.579	0.0195	0.002	0.108
3.682	0.0321	0.007	0.633	0.0211	0.001	0.067
3.687	0.0356	0.009	0.710	0.0210	0.001	0.057
3.692	0.0557	0.009	0.750	0.0106	0.001	0.060
3.697	0.0367	0.009	0.722	0.0121	0.001	0.061
3.702	0.0281	0.007	0.729	0.0151	0.001	0.062
3.707	0.0222	0.007	0.693	0.0063	0.002	0.068
3.712	0.0236	0.009	0.720	0.0077	0.002	0.077
3.717	0.0267	0.009	0.691	0.0130	0.003	0.077
3.722	0.0285	0.007	0.721	0.0125	0.002	0.080
3.727	0.0295	0.009	0.730	0.0064	0.002	0.077
3.732	0.0318	0.009	0.734	0.0068	0.004	0.079
3.737	0.0342	0.009	0.731	0.0112	0.003	0.082
3.741	0.0393	0.009	0.736	0.0146	0.001	0.076
3.746	0.0413	0.009	0.746	0.0112	0.001	0.078
3.751	0.0412	0.009	0.750	0.0118	0.001	0.070
3.756	0.0418	0.011	0.745	0.0105	0.001	0.076
3.761	0.0434	0.009	0.737	0.0153	0.002	0.075
3.766	0.0478	0.009	0.763	0.0132	0.002	0.070
3.771	0.0480	0.016	0.761	0.0075	0.001	0.065
3.776	0.0524	0.009	0.772	0.0079	0.001	0.066
3.781	0.0483	0.011	0.767	0.0148	0.001	0.064
3.786	0.0586	0.009	0.757	0.0089	0.002	0.066
3.791	0.0697	0.009	0.778	0.0105	0.002	0.064
3.796	0.0651	0.009	0.767	0.0148	0.003	0.067
3.801	0.0665	0.009	0.697	0.0120	0.004	0.085
3.806	0.0630	0.011	0.611	0.0181	0.006	0.128
3.811	0.0499	0.009	0.491	0.0178	0.025	0.255
3.816	0.0287	0.014	0.613	0.0124	0.054	0.306
3.821	0.0239	0.014	0.618	0.0092	0.115	0.383
3.826	0.0227	0.045	0.536	0.0125	0.169	0.439
3.831	0.0182	0.036	0.430	0.0126	0.367	0.503
3.836	0.0149	0.073	0.286	0.0122	0.504	0.521
3.841	0.0116	0.114	0.133	0.0123	0.768	0.566
3.846	0.0081	0.173	0.131	0.0115	0.883	0.563
3.851	0.0107	0.173	0.172	0.0126	0.941	0.507
3.856	0.0129	0.209	0.154	0.0116	0.960	0.480
3.861	0.0140	0.173	0.113	0.0125	0.973	0.512
3.866	0.0096	0.180	0.118	0.0125	0.976	0.521
3.871	0.0173	0.180	0.136	0.0115	0.976	0.500
3.876	0.0114	0.200	0.176	0.0103	0.977	0.492
3.881	0.0116	0.205	0.157	0.0134	0.952	0.553
3.886	0.0120	0.189	0.177	0.0116	0.948	0.513
3.891	0.0107	0.159	0.158	0.0128	0.937	0.584
3.896	0.0097	0.200	0.147	0.0129	0.946	0.557
3.901	0.0079	0.200	0.128	0.0109	0.950	0.518
3.906	0.0077	0.170	0.141	0.0121	0.940	0.530
3.911	0.0081	0.168	0.182	0.0105	0.944	0.503
3.916	0.0063	0.186	0.173	0.0105	0.927	0.514
3.921	0.0061	0.161	0.148	0.0116	0.884	0.597
3.926	0.0034	0.175	0.152	0.0138	0.792	0.597
3.931	0.0014	0.166	0.294	0.0197	0.321	0.551
3.936	0.0009	0.100	0.460	0.0112	0.212	0.533
3.941	0.0006	0.077	0.553	0.0149	0.182	0.495
3.946	0.0007	0.091	0.588	0.0172	0.126	0.374
3.951	0.0007	0.043	0.607	0.0138	0.105	0.331
3.956	0.0008	0.030	0.586	0.0157	0.083	0.340
3.961	0.0007	0.041	0.670	0.0128	0.074	0.340
3.966	0.0006	0.034	0.657	0.0119	0.083	0.343
3.971	0.0005	0.041	0.588	0.0169	0.070	0.343
3.976	0.0005	0.032	0.637	0.0222	0.048	0.326
3.981	0.0005	0.014	0.693	0.0224	0.027	0.283
3.986	0.0006	0.030	0.537	0.0187	0.017	0.252
3.991	0.0005	0.018	0.161	0.0153	0.409	0.369
3.996	0.0005	0.009	0.158	0.0072	0.530	0.503
4.001	0.0005	0.025	0.120	0.0102	0.545	0.667
4.006	0.0027	0.123	0.156	0.0120	0.623	0.658
4.011	0.0014	0.193	0.298	0.0284	0.341	0.541
4.016	0.0023	0.152	0.429	0.0455	0.052	0.371
4.021	0.0019	0.125	0.471	0.0279	0.006	0.145
4.026	0.0088	0.027	0.657	0.0182	0.004	0.137
4.031	0.0190	0.014	0.691	0.0115	0.006	0.147
4.036	0.0303	0.018	0.668	0.0230	0.004	0.137
4.041	0.0289	0.014	0.673	0.0170	0.003	0.131
4.046	0.0266	0.014	0.657	0.0245	0.002	0.123
4.051	0.0232	0.014	0.682	0.0195	0.002	0.102
4.056	0.0232	0.014	0.684	0.0128	0.002	0.105
4.061	0.0252	0.011	0.689	0.0119	0.002	0.093
4.066	0.0254	0.014	0.680	0.0204	0.002	0.075
4.071	0.0372	0.011	0.670	0.0181	0.002	0.076
4.076	0.0439	0.011	0.675	0.0103	0.002	0.081
4.081	0.0551	0.014	0.667	0.0109	0.003	0.098
4.086	0.0699	0.011	0.681	0.0119	0.004	0.109
4.091	0.0648	0.011	0.686	0.0128	0.005	0.108
4.096	0.0403	0.011	0.669	0.0071	0.005	0.108
4.101	0.0398	0.011	0.683	0.0070	0.003	0.101
4.106	0.0406	0.009	0.680	0.0103	0.002	0.084
4.111	0.0450	0.011	0.673	0.0183	0.003	0.081
4.116	0.0594	0.014	0.681	0.0114	0.003	0.084
4.121	0.0504	0.009	0.669	0.0113	0.003	0.089
4.126	0.0335	0.011	0.672	0.0099	0.003	0.098
4.131	0.0365	0.011	0.678	0.0089	0.004	0.100
4.136	0.0404	0.009	0.698	0.0111	0.004	0.105
4.141	0.0501	0.018	0.690	0.0179	0.004	0.099
4.146	0.0442	0.009	0.664	0.0091	0.003	0.092
4.151	0.0223	0.011	0.666	0.0181	0.003	0.097
4.156	0.0303	0.011	0.674	0.0122	0.003	0.097
4.161	0.0338	0.009	0.670	0.0154	0.003	0.101
4.166	0.0461	0.014	0.669	0.0138	0.002	0.099
4.171	0.0377	0.014	0.676	0.0081	0.002	0.090
4.176	0.0178	0.020	0.672	0.0113	0.003	0.097
4.180	0.0228	0.020	0.673	0.0104	0.003	0.109
4.185	0.0273	0.018	0.698	0.0219	0.002	0.096
4.190	0.0409	0.016	0.700	0.0137	0.003	0.095
4.195	0.0345	0.011	0.660	0.0256	0.003	0.095
4.200	0.0148	0.030	0.663	0.0226	0.002	0.096
4.205	0.0257	0.009	0.664	0.0145	0.002	0.103
4.210	0.0265	0.016	0.650	0.0138	0.001	0.094
4.215	0.0299	0.011	0.662	0.0144	0.001	0.096
4.220	0.0149	0.009	0.657	0.0144	0.001	0.107
4.225	0.0248	0.011	0.667	0.0118	0.002	0.112
4.230	0.0272	0.014	0.660	0.0129	0.001	0.095
4.235	0.0304	0.014	0.627	0.0140	0.001	0.100
4.240	0.0137	0.009	0.643	0.0195	0.001	0.099
4.245	0.0179	0.009	0.649	0.0236	0.000	0.088
4.250	0.0206	0.011	0.645	0.0198	0.000	0.085
4.255	0.0269	0.011	0.662	0.0186	0.000	0.073
4.260	0.0320	0.009	0.682	0.0192	0.000	0.072
4.265	0.0249	0.011	0.681	0.0173	0.000	0.068
4.270	0.0263	0.009	0.589	0.0228	0.000	0.071
4.275	0.0310	0.011	0.555	0.0345	0.000	0.073
4.280	0.0325	0.016	0.548	0.0373	0.000	0.089
4.285	0.0177	0.009	0.521	0.0274	0.000	0.098
4.290	0.0114	0.007	0.547	0.0219	0.001	0.104
4.295	0.0047	0.007	0.590	0.0259	0.000	0.100
4.300	0.0071	0.016	0.624	0.0161	0.001	0.139
4.305	0.0119	0.009	0.616	0.0115	0.001	0.142
4.310	0.0080	0.011	0.692	0.0176	0.001	0.129
4.315	0.0071	0.007	0.632	0.0084	0.001	0.136
4.320	0.0050	0.009	0.658	0.0150	0.001	0.119
4.325	0.0087	0.020	0.714	0.0131	0.001	0.102
4.330	0.0150	0.007	0.709	0.0113	0.001	0.079
4.335	0.0201	0.009	0.711	0.0162	0.001	0.078
4.340	0.0186	0.009	0.695	0.0173	0.001	0.092
4.345	0.0107	0.007	0.657	0.0162	0.000	0.084
4.350	0.0066	0.007	0.668	0.0162	0.000	0.072
4.355	0.0108	0.018	0.678	0.0134	0.000	0.070
4.360	0.0168	0.011	0.683	0.0166	0.000	0.066
4.365	0.0257	0.011	0.723	0.0158	0.000	0.065
4.370	0.0311	0.011	0.721	0.0149	0.001	0.070
4.375	0.0315	0.011	0.675	0.0115	0.001	0.073
4.380	0.0211	0.011	0.636	0.0133	0.001	0.081
4.385	0.0167	0.011	0.595	0.0143	0.002	0.102
4.390	0.0171	0.016	0.547	0.0257	0.003	0.114
4.395	0.0168	0.023	0.614	0.0263	0.002	0.104
4.400	0.0231	0.007	0.562	0.0204	0.007	0.128
4.405	0.0216	0.014	0.380	0.0362	0.010	0.173
4.410	0.0066	0.023	0.478	0.0211	0.005	0.208
4.415	0.0037	0.002	0.504	0.0269	0.004	0.212
4.420	0.0043	0.005	0.425	0.0206	0.004	0.242
4.425	0.0037	0.016	0.444	0.0222	0.004	0.250
4.430	0.0019	0.016	0.379	0.0174	0.010	0.285
4.435	0.0020	0.011	0.250	0.0208	0.031	0.366
4.440	0.0015	0.039	0.247	0.0157	0.075	0.418
4.445	0.0012	0.061	0.365	0.0124	0.115	0.476
4.450	0.0015	0.055	0.219	0.0153	0.223	0.481
4.455	0.0015	0.102	0.161	0.0331	0.152	0.430
4.460	0.0015	0.086	0.419	0.0304	0.014	0.289
4.465	0.0017	0.027	0.523	0.0163	0.009	0.287
4.470	0.0065	0.016	0.616	0.0248	0.004	0.200
4.475	0.0051	0.027	0.606	0.0309	0.002	0.138
4.480	0.0094	0.005	0.645	0.0175	0.001	0.104
4.485	0.0155	0.009	0.686	0.0127	0.001	0.091
4.490	0.0255	0.007	0.714	0.0103	0.000	0.072
4.495	0.0400	0.009	0.754	0.0146	0.000	0.069
4.500	0.0543	0.007	0.666	0.0244	0.000	0.074
4.505	0.0465	0.009	0.580	0.0262	0.000	0.074
4.510	0.0369	0.005	0.612	0.0300	0.001	0.042
4.515	0.0126	0.005	0.686	0.0191	0.001	0.037
4.520	0.0164	0.005	0.706	0.0175	0.001	0.037
4.525	0.0167	0.005	0.688	0.0205	0.001	0.040
4.530	0.0207	0.002	0.686	0.0244	0.001	0.041
4.535	0.0211	0.005	0.734	0.0104	0.001	0.042
4.540	0.0281	0.005	0.719	0.0105	0.001	0.045
4.545	0.0345	0.009	0.749	0.0105	0.001	0.065
4.550	0.0358	0.005	0.741	0.0112	0.002	0.095
4.555	0.0341	0.007	0.653	0.0293	0.001	0.079
4.560	0.0285	0.005	0.638	0.0398	0.000	0.049
4.565	0.0163	0.005	0.686	0.0282	0.000	0.087
4.570	0.0085	0.005	0.720	0.0337	0.000	0.083
4.575	0.0150	0.005	0.684	0.0165	0.000	0.036
4.580	0.0140	0.002	0.633	0.0173	0.000	0.043
4.585	0.0087	0.005	0.512	0.0230	0.003	0.135
4.590	0.0106	0.005	0.332	0.0159	0.075	0.287
4.595	0.0098	0.011	0.240	0.0132	0.125	0.333
4.600	0.0090	0.068	0.311	0.0168	0.157	0.343
4.605	0.0119	0.084	0.457	0.0241	0.094	0.348
4.610	0.0167	0.059	0.592	0.0355	0.010	0.242
4.615	0.0162	0.020	0.635	0.0302	0.002	0.140
4.620	0.0233	0.005	0.703	0.0188	0.001	0.089
4.624	0.0260	0.014	0.731	0.0187	0.000	0.078
4.629	0.0429	0.007	0.710	0.0203	0.000	0.069
4.634	0.0386	0.007	0.720	0.0234	0.000	0.061
4.639	0.0273	0.009	0.762	0.0314	0.000	0.057
4.644	0.0457	0.011	0.769	0.0230	0.000	0.052
4.649	0.0275	0.016	0.748	0.0180	0.000	0.048
4.654	0.0487	0.011	0.709	0.0220	0.000	0.051
4.659	0.0245	0.014	0.816	0.0152	0.001	0.050
4.664	0.0409	0.014	0.828	0.0151	0.001	0.043
4.669	0.0296	0.016	0.823	0.0193	0.000	0.050
4.674	0.0434	0.014	0.798	0.0149	0.000	0.048
4.679	0.0299	0.014	0.820	0.0214	0.000	0.044
4.684	0.0335	0.016	0.845	0.0162	0.000	0.038
4.689	0.0394	0.014	0.866	0.0063	0.000	0.038
4.694	0.0386	0.016	0.834	0.0099	0.000	0.041
4.699	0.0376	0.016	0.830	0.0141	0.000	0.051
4.704	0.0418	0.016	0.837	0.0113	0.001	0.047
4.709	0.0345	0.016	0.839	0.0110	0.000	0.048
4.714	0.0313	0.016	0.846	0.0104	0.000	0.048
4.719	0.0360	0.016	0.846	0.0126	0.001	0.053
4.724	0.0332	0.014	0.853	0.0096	0.001	0.052
4.729	0.0276	0.018	0.782	0.0214	0.000	0.051
4.734	0.0278	0.016	0.714	0.0297	0.000	0.048
4.739	0.0308	0.011	0.564	0.0465	0.000	0.043
4.744	0.0141	0.011	0.704	0.0614	0.000	0.029
4.749	0.0117	0.007	0.796	0.0183	0.000	0.025
4.754	0.0154	0.007	0.796	0.0186	0.000	0.023
4.759	0.0128	0.007	0.819	0.0156	0.000	0.020
4.764	0.0128	0.007	0.796	0.0175	0.000	0.019
4.769	0.0157	0.007	0.754	0.0206	0.000	0.055
4.774	0.0111	0.005	0.738	0.0148	0.000	0.088
4.779	0.0149	0.011	0.724	0.0184	0.001	0.114
4.784	0.0173	0.011	0.612	0.0262	0.001	0.109
4.789	0.0171	0.005	0.603	0.0337	0.000	0.081
4.794	0.0189	0.007	0.674	0.0284	0.000	0.075
4.799	0.0259	0.014	0.720	0.0268	0.000	0.078
4.804	0.0410	0.009	0.725	0.0214	0.000	0.073
4.809	0.0485	0.011	0.653	0.0265	0.000	0.063
4.814	0.0531	0.009	0.593	0.0246	0.000	0.068
4.819	0.0341	0.009	0.642	0.0164	0.000	0.078
4.824	0.0242	0.009	0.657	0.0188	0.000	0.073
4.829	0.0227	0.014	0.604	0.0215	0.000	0.062
4.834	0.0305	0.023	0.669	0.0183	0.000	0.063
4.839	0.0483	0.007	0.619	0.0145	0.000	0.062
4.844	0.0457	0.009	0.619	0.0319	0.000	0.058
4.849	0.0454	0.009	0.667	0.0395	0.000	0.040
4.854	0.0185	0.005	0.676	0.0151	0.000	0.032
4.859	0.0141	0.014	0.665	0.0200	0.000	0.032
4.864	0.0162	0.007	0.685	0.0139	0.000	0.032
4.869	0.0225	0.009	0.675	0.0098	0.000	0.030
4.874	0.0337	0.007	0.711	0.0234	0.000	0.030
4.879	0.0354	0.007	0.708	0.0215	0.000	0.031
4.884	0.0192	0.007	0.667	0.0282	0.000	0.030
4.889	0.0092	0.009	0.662	0.0141	0.000	0.032
4.894	0.0212	0.007	0.675	0.0122	0.000	0.032
4.899	0.0270	0.007	0.694	0.0128	0.000	0.029
4.904	0.0311	0.007	0.673	0.0108	0.000	0.028
4.909	0.0163	0.007	0.664	0.0170	0.000	0.029
4.914	0.0089	0.009	0.670	0.0203	0.000	0.027
4.919	0.0180	0.007	0.620	0.0175	0.000	0.031
4.924	0.0223	0.007	0.628	0.0157	0.000	0.030
4.929	0.0168	0.005	0.637	0.0140	0.000	0.027
4.934	0.0049	0.009	0.637	0.0232	0.000	0.024
4.939	0.0118	0.007	0.647	0.0201	0.000	0.023
4.944	0.0113	0.002	0.649	0.0140	0.000	0.022
4.949	0.0105	0.005	0.646	0.0091	0.000	0.022
4.954	0.0043	0.005	0.644	0.0137	0.000	0.032
4.959	0.0096	0.007	0.162	0.0397	0.002	0.152
4.964	0.0093	0.002	0.360	0.0371	0.002	0.147
4.969	0.0075	0.009	0.558	0.0167	0.001	0.108
4.974	0.0175	0.016	0.581	0.0218	0.001	0.100
4.979	0.0347	0.007	0.646	0.0203	0.001	0.097
4.984	0.0331	0.018	0.653	0.0175	0.001	0.093
4.989	0.0502	0.016	0.666	0.0138	0.001	0.087
4.994	0.0535	0.014	0.686	0.0164	0.001	0.079
4.999	0.0760	0.027	0.674	0.0199	0.001	0.069
5.004	0.0826	0.014	0.713	0.0168	0.000	0.059
5.009	0.0835	0.014	0.725	0.0121	0.000	0.053
5.014	0.0838	0.014	0.725	0.0107	0.000	0.051
5.019	0.0824	0.014	0.738	0.0174	0.000	0.064
5.024	0.0744	0.009	0.728	0.0091	0.000	0.062
5.029	0.0611	0.009	0.669	0.0206	0.001	0.063
5.034	0.0455	0.009	0.680	0.0182	0.001	0.063
5.039	0.0402	0.009	0.621	0.0174	0.001	0.101
5.044	0.0304	0.009	0.575	0.0162	0.002	0.191
5.049	0.0268	0.009	0.341	0.0109	0.028	0.453
5.054	0.0211	0.011	0.362	0.0127	0.083	0.575
5.059	0.0136	0.055	0.417	0.0098	0.181	0.622
5.063	0.0062	0.086	0.312	0.0099	0.299	0.638
5.068	0.0096	0.098	0.206	0.0110	0.495	0.646
5.073	0.0090	0.136	0.178	0.0111	0.641	0.639
5.078	0.0063	0.161	0.119	0.0104	0.676	0.622
5.083	0.0065	0.220	0.166	0.0113	0.744	0.620
5.088	0.0078	0.214	0.111	0.0099	0.776	0.630
5.093	0.0063	0.218	0.119	0.0111	0.723	0.635
5.098	0.0049	0.193	0.188	0.0127	0.699	0.623
5.103	0.0058	0.198	0.251	0.0139	0.522	0.590
5.108	0.0047	0.214	0.296	0.0102	0.397	0.582
5.113	0.0100	0.132	0.322	0.0112	0.440	0.593
5.118	0.0085	0.141	0.252	0.0109	0.487	0.603
5.123	0.0070	0.180	0.202	0.0105	0.501	0.613
5.128	0.0074	0.150	0.154	0.0126	0.444	0.593
5.133	0.0043	0.168	0.179	0.0263	0.219	0.523
5.138	0.0027	0.102	0.232	0.0876	0.004	0.181
5.143	0.0028	0.055	0.451	0.0534	0.000	0.081
5.148	0.0042	0.005	0.636	0.0248	0.000	0.048
5.153	0.0185	0.005	0.698	0.0188	0.000	0.044
5.158	0.0334	0.002	0.715	0.0271	0.000	0.041
5.163	0.0311	0.005	0.675	0.0184	0.000	0.037
5.168	0.0168	0.005	0.664	0.0172	0.000	0.036
5.173	0.0093	0.014	0.673	0.0147	0.001	0.035
5.178	0.0191	0.007	0.681	0.0146	0.001	0.052
5.183	0.0259	0.007	0.700	0.0298	0.001	0.073
5.188	0.0342	0.009	0.682	0.0322	0.001	0.069
5.193	0.0241	0.005	0.629	0.0195	0.001	0.064
5.198	0.0107	0.009	0.633	0.0155	0.001	0.083
5.203	0.0116	0.011	0.635	0.0227	0.001	0.085
5.208	0.0221	0.011	0.644	0.0134	0.001	0.078
5.213	0.0467	0.011	0.664	0.0115	0.001	0.075
5.218	0.0320	0.016	0.676	0.0058	0.001	0.072
5.223	0.0176	0.009	0.658	0.0108	0.001	0.075
5.228	0.0218	0.011	0.611	0.0169	0.001	0.077
5.233	0.0517	0.016	0.611	0.0187	0.001	0.080
5.238	0.0401	0.007	0.456	0.0214	0.001	0.119
5.243	0.0126	0.007	0.235	0.0330	0.002	0.173
5.248	0.0137	0.011	0.421	0.0448	0.001	0.120
5.253	0.0106	0.005	0.413	0.0464	0.000	0.079
5.258	0.0019	0.000	0.188	0.0272	0.000	0.060
5.263	0.0053	0.005	0.188	0.0361	0.001	0.083
5.268	0.0020	0.009	0.349	0.0186	0.006	0.087
5.273	0.0023	0.014	0.334	0.0215	0.013	0.115
5.278	0.0010	0.011	0.485	0.0307	0.003	0.138
5.283	0.0010	0.016	0.530	0.0226	0.001	0.127
5.288	0.0015	0.014	0.507	0.0316	0.001	0.114
5.293	0.0009	0.011	0.430	0.0282	0.000	0.116
5.298	0.0008	0.007	0.511	0.0359	0.000	0.097
5.303	0.0007	0.016	0.652	0.0305	0.000	0.085
5.308	0.0009	0.009	0.564	0.0252	0.000	0.109
5.313	0.0008	0.011	0.059	0.0299	0.004	0.179
5.318	0.0006	0.011	0.086	0.0099	0.124	0.188
5.323	0.0006	0.011	0.092	0.0042	0.136	0.213
5.328	0.0009	0.039	0.085	0.0178	0.277	0.341
5.333	0.0038	0.127	0.136	0.0252	0.331	0.342
5.338	0.0014	0.080	0.304	0.0346	0.072	0.238
5.343	0.0026	0.066	0.308	0.0478	0.021	0.183
5.348	0.0043	0.014	0.451	0.0580	0.004	0.127
5.353	0.0029	0.020	0.568	0.0362	0.001	0.083
5.358	0.0087	0.007	0.644	0.0335	0.000	0.061
5.363	0.0143	0.007	0.659	0.0287	0.000	0.058
5.368	0.0091	0.007	0.619	0.0489	0.000	0.071
5.373	0.0134	0.005	0.592	0.0227	0.000	0.099
5.378	0.0179	0.007	0.612	0.0175	0.000	0.100
5.383	0.0101	0.007	0.561	0.0496	0.000	0.094
5.388	0.0131	0.009	0.453	0.0408	0.000	0.070
5.393	0.0208	0.009	0.573	0.0378	0.000	0.075
5.398	0.0061	0.014	0.606	0.0305	0.000	0.079
5.403	0.0165	0.009	0.562	0.0223	0.000	0.068
5.408	0.0313	0.009	0.600	0.0231	0.000	0.067
5.413	0.0153	0.011	0.533	0.0256	0.001	0.074
5.418	0.0206	0.009	0.558	0.0253	0.000	0.071
5.423	0.0108	0.009	0.534	0.0418	0.001	0.080
5.428	0.0106	0.014	0.505	0.0347	0.000	0.080
5.433	0.0227	0.007	0.629	0.0582	0.001	0.070
5.438	0.0073	0.009	0.507	0.0199	0.000	0.067
5.443	0.0200	0.007	0.619	0.0236	0.001	0.065
5.448	0.0099	0.014	0.573	0.0546	0.001	0.070
5.453	0.0063	0.018	0.540	0.0192	0.001	0.073
5.458	0.0172	0.009	0.628	0.0487	0.001	0.068
5.463	0.0034	0.016	0.510	0.0218	0.001	0.078
5.468	0.0145	0.007	0.595	0.0193	0.002	0.085
5.473	0.0078	0.005	0.533	0.0351	0.002	0.095
5.478	0.0062	0.005	0.533	0.0321	0.000	0.073
5.483	0.0099	0.007	0.552	0.0323	0.000	0.069
5.488	0.0041	0.005	0.424	0.0342	0.000	0.073
5.493	0.0101	0.005	0.423	0.0712	0.000	0.070
5.498	0.0024	0.005	0.266	0.0625	0.000	0.100
5.502	0.0022	0.007	0.327	0.1048	0.000	0.094
5.507	0.0011	0.002	0.530	0.0414	0.000	0.087
5.512	0.0019	0.002	0.625	0.0373	0.000	0.078
5.517	0.0021	0.005	0.511	0.0657	0.000	0.070
5.522	0.0033	0.002	0.477	0.0652	0.000	0.066
5.527	0.0021	0.005	0.432	0.0730	0.000	0.085
5.532	0.0007	0.000	0.461	0.0421	0.000	0.076
5.537	0.0014	0.007	0.517	0.0729	0.000	0.083
5.542	0.0006	0.005	0.571	0.0180	0.000	0.095
5.547	0.0013	0.007	0.566	0.0177	0.000	0.113
5.552	0.0005	0.005	0.633	0.0329	0.000	0.101
5.557	0.0011	0.005	0.544	0.0185	0.000	0.109
5.562	0.0010	0.007	0.551	0.0267	0.000	0.121
5.567	0.0009	0.009	0.540	0.0119	0.001	0.128
5.572	0.0006	0.005	0.501	0.0196	0.002	0.132
5.577	0.0005	0.016	0.450	0.0234	0.005	0.133
5.582	0.0009	0.014	0.374	0.0227	0.005	0.141
5.587	0.0008	0.027	0.330	0.0165	0.022	0.197
5.592	0.0008	0.039	0.160	0.0204	0.049	0.234
5.597	0.0005	0.032	0.136	0.0142	0.075	0.291
5.602	0.0004	0.043	0.144	0.0165	0.075	0.285
5.607	0.0005	0.045	0.193	0.0149	0.074	0.240
5.612	0.0006	0.032	0.204	0.0210	0.091	0.257
5.617	0.0003	0.052	0.250	0.0146	0.132	0.258
5.622	0.0006	0.055	0.212	0.0187	0.145	0.265
5.627	0.0004	0.064	0.219	0.0167	0.102	0.290
5.632	0.0005	0.059	0.357	0.0198	0.061	0.301
5.637	0.0005	0.077	0.314	0.0140	0.060	0.288
5.642	0.0007	0.064	0.252	0.0156	0.095	0.300
5.647	0.0010	0.050	0.164	0.0156	0.178	0.321
5.652	0.0005	0.064	0.185	0.0181	0.152	0.301
5.657	0.0006	0.057	0.173	0.0146	0.185	0.320
5.662	0.0008	0.064	0.189	0.0152	0.214	0.327
5.667	0.0008	0.089	0.192	0.0137	0.221	0.312
5.672	0.0008	0.082	0.182	0.0129	0.270	0.311
5.677	0.0010	0.080	0.159	0.0171	0.241	0.351
5.682	0.0007	0.077	0.155	0.0133	0.214	0.330
5.687	0.0006	0.086	0.128	0.0157	0.248	0.349
5.692	0.0010	0.084	0.181	0.0181	0.217	0.346
5.697	0.0010	0.093	0.179	0.0160	0.133	0.342
5.702	0.0010	0.080	0.205	0.0134	0.171	0.353
5.707	0.0016	0.086	0.167	0.0139	0.308	0.347
5.712	0.0015	0.066	0.133	0.0132	0.356	0.344
5.717	0.0011	0.100	0.137	0.0166	0.266	0.370
5.722	0.0012	0.100	0.179	0.0127	0.217	0.368
5.727	0.0013	0.077	0.280	0.0120	0.264	0.367
5.732	0.0012	0.093	0.229	0.0141	0.248	0.334
5.737	0.0015	0.080	0.151	0.0139	0.272	0.387
5.742	0.0014	0.093	0.176	0.0136	0.274	0.383
5.747	0.0012	0.091	0.196	0.0126	0.279	0.400
5.752	0.0017	0.077	0.115	0.0136	0.294	0.412
5.757	0.0016	0.093	0.181	0.0144	0.229	0.428
5.762	0.0016	0.091	0.188	0.0145	0.204	0.411
5.767	0.0014	0.098	0.127	0.0133	0.265	0.422
5.772	0.0021	0.089	0.141	0.0163	0.273	0.422
5.777	0.0015	0.095	0.156	0.0115	0.295	0.430
5.782	0.0015	0.086	0.170	0.0151	0.309	0.418
5.787	0.0018	0.091	0.180	0.0121	0.329	0.392
5.792	0.0018	0.075	0.196	0.0124	0.362	0.401
5.797	0.0014	0.116	0.153	0.0143	0.329	0.415
5.802	0.0013	0.102	0.142	0.0131	0.356	0.400
5.807	0.0015	0.100	0.165	0.0140	0.306	0.373
5.812	0.0013	0.084	0.170	0.0138	0.274	0.384
5.817	0.0012	0.107	0.159	0.0148	0.265	0.377
5.822	0.0015	0.077	0.117	0.0159	0.246	0.357
5.827	0.0014	0.075	0.146	0.0143	0.222	0.335
5.832	0.0015	0.070	0.149	0.0133	0.236	0.334
5.837	0.0012	0.095	0.165	0.0137	0.207	0.372
5.842	0.0014	0.086	0.162	0.0147	0.195	0.357
5.847	0.0009	0.075	0.169	0.0148	0.243	0.322
5.852	0.0010	0.080	0.136	0.0141	0.199	0.314
5.857	0.0010	0.068	0.124	0.0170	0.227	0.340
5.862	0.0007	0.082	0.161	0.0163	0.179	0.329
5.867	0.0006	0.075	0.184	0.0145	0.200	0.291
5.872	0.0006	0.057	0.141	0.0156	0.237	0.282
5.877	0.0007	0.073	0.243	0.0176	0.279	0.309
5.882	0.0005	0.082	0.196	0.0183	0.202	0.307
5.887	0.0003	0.070	0.227	0.0201	0.176	0.300
5.892	0.0004	0.073	0.178	0.0166	0.143	0.306
5.897	0.0004	0.050	0.171	0.0184	0.115	0.311
5.902	0.0003	0.064	0.257	0.0151	0.084	0.357
5.907	0.0002	0.052	0.275	0.0167	0.051	0.406
5.912	0.0003	0.082	0.340	0.0285	0.021	0.316
5.917	0.0003	0.032	0.341	0.0246	0.008	0.212
5.922	0.0005	0.030	0.366	0.0220	0.009	0.267
5.927	0.0005	0.036	0.342	0.0230	0.020	0.386
5.932	0.0002	0.036	0.191	0.0160	0.043	0.504
5.937	0.0001	0.039	0.157	0.0261	0.057	0.563
5.941	0.0000	0.066	0.221	0.0210	0.037	0.511
5.946	0.0001	0.023	0.174	0.0134	0.040	0.574
5.951	0.0001	0.020	0.246	0.0091	0.075	0.641
5.956	0.0001	0.034	0.147	0.0121	0.174	0.718
5.961	0.0000	0.075	0.237	0.0102	0.201	0.711
5.966	0.0000	0.000	0.177	0.0180	0.398	0.771
5.971	0.0000	0.059	0.107	0.0125	0.519	0.808
5.976	0.0000	0.005	0.074	0.0071	0.513	0.811
5.981	0.0000	0.050	0.057	0.0100	0.628	0.830
5.986	0.0000	0.005	0.110	0.0118	0.812	0.804
5.991	0.0000	0.000	0.083	0.0096	0.795	0.917
5.996	0.0000	0.005	0.099	0.0069	0.670	0.836
6.001	0.0000	0.000	0.105	0.0067	0.702	0.847
6.006	0.0000	0.027	0.087	0.0070	0.704	0.822
6.011	0.0000	0.018	0.124	0.0131	0.764	0.838
6.016	0.0000	0.000	0.151	0.0118	0.668	0.810
6.021	0.0000	0.000	0.062	0.0060	0.611	0.816
6.026	0.0000	0.000	0.198	0.0375	0.002	0.174
6.031	0.0000	0.005	0.151	0.0659	0.000	0.111
6.036	0.0000	0.009	0.267	0.0643	0.000	0.052
6.041	0.0003	0.018	0.325	0.0293	0.000	0.045
6.046	0.0039	0.023	0.558	0.0136	0.000	0.054
6.051	0.0327	0.014	0.625	0.0148	0.000	0.061
6.056	0.0233	0.016	0.645	0.0136	0.001	0.064
6.061	0.0247	0.014	0.633	0.0146	0.001	0.068
6.066	0.0299	0.014	0.589	0.0219	0.001	0.073
6.071	0.0407	0.016	0.617	0.0120	0.001	0.063
6.076	0.0340	0.014	0.645	0.0119	0.001	0.063
6.081	0.0353	0.014	0.653	0.0099	0.001	0.067
6.086	0.0496	0.014	0.677	0.0094	0.001	0.064
6.091	0.0796	0.016	0.659	0.0093	0.001	0.069
6.096	0.0736	0.016	0.659	0.0105	0.001	0.067
6.101	0.0584	0.018	0.670	0.0088	0.001	0.072
6.106	0.0625	0.018	0.680	0.0108	0.001	0.065
6.111	0.0717	0.018	0.665	0.0066	0.001	0.062
6.116	0.0773	0.016	0.664	0.0124	0.001	0.068
6.121	0.0617	0.018	0.662	0.0096	0.001	0.071
6.126	0.0605	0.018	0.642	0.0153	0.002	0.073
6.131	0.0689	0.018	0.665	0.0156	0.002	0.072
6.136	0.0780	0.016	0.678	0.0090	0.001	0.070
6.141	0.0689	0.018	0.670	0.0192	0.001	0.072
6.146	0.0675	0.018	0.649	0.0130	0.001	0.075
6.151	0.0650	0.018	0.652	0.0139	0.001	0.069
6.156	0.0754	0.016	0.675	0.0075	0.001	0.061
6.161	0.0718	0.016	0.664	0.0092	0.001	0.056
6.166	0.0645	0.018	0.653	0.0070	0.001	0.059
6.171	0.0600	0.014	0.659	0.0065	0.001	0.068
6.176	0.0710	0.016	0.652	0.0075	0.001	0.058
6.181	0.0695	0.018	0.646	0.0089	0.001	0.052
6.186	0.0637	0.011	0.662	0.0059	0.001	0.048
6.191	0.0562	0.018	0.661	0.0072	0.001	0.048
6.196	0.0692	0.016	0.668	0.0054	0.000	0.050
6.201	0.0747	0.014	0.666	0.0047	0.000	0.045
6.206	0.0691	0.016	0.661	0.0057	0.001	0.049
6.211	0.0604	0.014	0.661	0.0048	0.000	0.045
6.216	0.0680	0.016	0.657	0.0026	0.000	0.051
6.221	0.0767	0.011	0.658	0.0050	0.000	0.058
6.226	0.0590	0.014	0.657	0.0051	0.000	0.049
6.231	0.0536	0.014	0.656	0.0064	0.000	0.049
6.236	0.0651	0.016	0.652	0.0042	0.000	0.049
6.241	0.0753	0.011	0.662	0.0054	0.000	0.047
6.246	0.0511	0.014	0.655	0.0072	0.000	0.038
6.251	0.0566	0.014	0.650	0.0090	0.000	0.040
6.256	0.0774	0.016	0.629	0.0125	0.000	0.042
6.261	0.0746	0.011	0.647	0.0089	0.000	0.045
6.266	0.0344	0.014	0.652	0.0092	0.000	0.040
6.271	0.0545	0.014	0.657	0.0080	0.000	0.039
6.276	0.0767	0.016	0.644	0.0103	0.000	0.035
6.281	0.0719	0.011	0.639	0.0139	0.000	0.031
6.286	0.0245	0.014	0.602	0.0139	0.000	0.030
6.291	0.0421	0.009	0.600	0.0140	0.000	0.031
6.296	0.0574	0.011	0.546	0.0197	0.000	0.035
6.301	0.0435	0.009	0.484	0.0300	0.000	0.038
6.306	0.0162	0.009	0.472	0.0532	0.000	0.047
6.311	0.0104	0.005	0.575	0.0348	0.000	0.043
6.316	0.0215	0.007	0.656	0.0127	0.000	0.034
6.321	0.0104	0.007	0.659	0.0099	0.000	0.032
6.326	0.0140	0.007	0.666	0.0083	0.000	0.026
6.331	0.0215	0.007	0.665	0.0077	0.000	0.026
6.336	0.0205	0.007	0.650	0.0119	0.000	0.028
6.341	0.0096	0.007	0.650	0.0134	0.000	0.027
6.346	0.0120	0.007	0.543	0.0094	0.000	0.029
6.351	0.0144	0.007	0.521	0.0336	0.000	0.028
6.356	0.0128	0.007	0.490	0.0473	0.000	0.031
6.361	0.0037	0.009	0.302	0.0179	0.000	0.038
6.366	0.0068	0.011	0.244	0.0332	0.000	0.037
6.371	0.0029	0.007	0.343	0.0381	0.000	0.036
6.376	0.0037	0.007	0.285	0.0389	0.000	0.041
6.380	0.0026	0.014	0.418	0.0198	0.000	0.049
6.385	0.0017	0.016	0.593	0.0147	0.000	0.053
6.390	0.0015	0.014	0.586	0.0209	0.000	0.054
6.395	0.0016	0.011	0.564	0.0157	0.000	0.065
6.400	0.0012	0.018	0.613	0.0202	0.000	0.068
6.405	0.0013	0.014	0.615	0.0101	0.000	0.080
6.410	0.0009	0.014	0.535	0.0124	0.000	0.096
6.415	0.0006	0.014	0.190	0.0265	0.000	0.104
6.420	0.0006	0.014	0.282	0.0276	0.001	0.093
6.425	0.0007	0.025	0.335	0.0188	0.005	0.072
6.430	0.0003	0.020	0.350	0.0203	0.006	0.065
6.435	0.0014	0.023	0.306	0.0202	0.003	0.087
6.440	0.0017	0.018	0.303	0.0305	0.004	0.127
6.445	0.0006	0.020	0.261	0.0265	0.008	0.146
6.450	0.0006	0.027	0.223	0.0219	0.008	0.151
6.455	0.0007	0.030	0.198	0.0200	0.011	0.161
6.460	0.0012	0.030	0.285	0.0204	0.023	0.189
6.465	0.0012	0.032	0.348	0.0232	0.018	0.183
6.470	0.0009	0.045	0.341	0.0139	0.020	0.207
6.475	0.0021	0.030	0.277	0.0156	0.071	0.236
6.480	0.0016	0.045	0.168	0.0209	0.093	0.251
6.485	0.0010	0.048	0.236	0.0226	0.068	0.241
6.490	0.0009	0.043	0.209	0.0149	0.071	0.236
6.495	0.0013	0.039	0.197	0.0227	0.086	0.180
6.500	0.0007	0.068	0.342	0.0208	0.082	0.152
6.505	0.0011	0.059	0.304	0.0295	0.125	0.158
6.510	0.0004	0.052	0.298	0.0127	0.133	0.227
6.515	0.0004	0.068	0.142	0.0178	0.337	0.631
6.520	0.0000	0.057	0.112	0.0116	0.499	0.720
6.525	0.0000	0.041	0.118	0.0081	0.509	0.747
6.530	0.0000	0.018	0.084	0.0123	0.525	0.809
6.535	0.0000	0.000	0.143	0.0078	0.753	0.860
6.540	0.0000	0.000	0.333	0.0052	0.819	0.948
6.545	0.0000	0.005	0.000	0.0315	0.402	0.815
6.550	0.0000	0.000	0.218	0.0107	0.228	0.701
6.555	0.0000	0.000	0.213	0.0118	0.197	0.650
6.560	0.0000	0.009	0.259	0.0166	0.185	0.663
6.565	0.0000	0.014	0.395	0.0155	0.130	0.613
6.570	0.0000	0.027	0.374	0.0091	0.118	0.619
6.575	0.0000	0.032	0.288	0.0087	0.210	0.659
6.580	0.0000	0.005	0.045	0.0132	0.714	0.901
6.585	0.0000	0.000	0.000	0.0007	0.821	0.996
6.590	0.0000	0.005	0.000	0.0291	0.534	0.969
6.595	0.0000	0.000	0.000	0.0000	0.000	1.000
6.600	0.0000	0.000	0.000	0.0000	0.000	1.000
6.605	0.0000	0.000	0.000	0.0000	0.000	1.000
6.610	0.0000	0.000	0.000	0.0000	0.000	1.000
6.615	0.0000	0.000	0.000	0.0000	0.000	1.000
6.620	0.0000	0.000	0.000	0.0000	0.000	1.000
6.625	0.0000	0.000	0.000	0.0000	0.000	1.000
6.630	0.0000	0.000	0.000	0.0000	0.000	1.000
6.635	0.0000	0.000	0.000	0.0000	0.000	1.000
6.640	0.0000	0.000	0.000	0.0000	0.000	1.000
6.645	0.0000	0.000	0.000	0.0000	0.000	1.000
6.650	0.0000	0.000	0.000	0.0000	0.000	1.000
6.655	0.0000	0.000	0.000	0.0000	0.000	1.000
6.660	0.0000	0.000	0.000	0.0000	0.000	1.000
6.665	0.0000	0.000	0.000	0.0000	0.000	1.000
6.670	0.0000	0.000	0.000	0.0000	0.000	1.000
6.675	0.0000	0.000	0.000	0.0000	0.000	1.000
6.680	0.0000	0.000	0.000	0.0000	0.000	1.000
6.685	0.0000	0.000	0.000	0.0506	0.688	0.984
6.690	0.0000	0.000	0.000	0.0001	0.821	0.998
6.695	0.0000	0.000	0.000	0.0001	0.821	0.999
6.700	0.0000	0.005	0.000	0.0008	0.820	0.998
6.705	0.0000	0.000	0.000	0.0000	0.000	1.000
6.710	0.0000	0.000	0.000	0.0000	0.000	1.000
6.715	0.0000	0.000	0.000	0.0000	0.000	1.000
6.720	0.0000	0.000	0.000	0.0000	0.000	1.000
6.725	0.0000	0.000	0.000	0.0000	0.000	1.000
6.730	0.0000	0.000	0.000	0.0000	0.000	1.000
6.735	0.0000	0.000	0.026	0.0367	0.331	0.776
6.740	0.0000	0.000	0.363	0.0187	0.138	0.673
6.745	0.0000	0.000	0.301	0.0091	0.083	0.633
6.750	0.0000	0.018	0.297	0.0096	0.114	0.661
6.755	0.0000	0.018	0.044	0.0108	0.440	0.744
6.760	0.0000	0.032	0.381	0.0885	0.023	0.490
6.765	0.0000	0.005	0.429	0.0377	0.003	0.279
6.770	0.0000	0.018	0.510	0.0523	0.001	0.183
6.775	0.0002	0.016	0.413	0.0468	0.000	0.083
6.780	0.0003	0.018	0.542	0.0783	0.000	0.058
6.785	0.0011	0.016	0.597	0.0225	0.000	0.033
6.790	0.0016	0.009	0.633	0.0221	0.000	0.026
6.795	0.0042	0.009	0.663	0.0295	0.000	0.026
6.800	0.0096	0.007	0.654	0.0368	0.000	0.029
6.805	0.0091	0.009	0.602	0.0332	0.000	0.036
6.810	0.0078	0.007	0.652	0.0236	0.000	0.044
6.815	0.0085	0.009	0.653	0.0153	0.000	0.065
6.820	0.0147	0.005	0.692	0.0212	0.000	0.076
6.824	0.0222	0.002	0.714	0.0207	0.001	0.112
6.829	0.0230	0.005	0.668	0.0063	0.001	0.144
6.834	0.0105	0.005	0.644	0.0120	0.001	0.154
6.839	0.0123	0.005	0.645	0.0120	0.001	0.141
6.844	0.0186	0.002	0.638	0.0207	0.001	0.115
6.849	0.0222	0.009	0.670	0.0202	0.001	0.090
6.854	0.0466	0.007	0.662	0.0223	0.001	0.066
6.859	0.0577	0.009	0.688	0.0221	0.000	0.056
6.864	0.0730	0.009	0.726	0.0118	0.000	0.043
6.869	0.0902	0.009	0.740	0.0066	0.000	0.041
6.874	0.1019	0.009	0.727	0.0111	0.000	0.047
6.879	0.1051	0.009	0.730	0.0131	0.001	0.051
6.884	0.1102	0.009	0.747	0.0076	0.001	0.057
6.889	0.1183	0.009	0.737	0.0071	0.002	0.060
6.894	0.1221	0.009	0.730	0.0103	0.002	0.073
6.899	0.1190	0.009	0.734	0.0100	0.001	0.078
6.904	0.1151	0.009	0.745	0.0081	0.001	0.071
6.909	0.1133	0.009	0.734	0.0086	0.001	0.082
6.914	0.1020	0.009	0.745	0.0064	0.002	0.086
6.919	0.0916	0.009	0.730	0.0067	0.002	0.080
6.924	0.0790	0.009	0.674	0.0156	0.002	0.085
6.929	0.0710	0.009	0.620	0.0345	0.001	0.083
6.934	0.0575	0.007	0.665	0.0338	0.000	0.060
6.939	0.0373	0.005	0.766	0.0101	0.000	0.045
6.944	0.0468	0.005	0.754	0.0047	0.000	0.048
6.949	0.0464	0.005	0.756	0.0072	0.000	0.046
6.954	0.0461	0.005	0.757	0.0046	0.000	0.044
6.959	0.0447	0.005	0.749	0.0062	0.000	0.044
6.964	0.0438	0.005	0.759	0.0066	0.000	0.042
6.969	0.0430	0.005	0.753	0.0062	0.000	0.041
6.974	0.0435	0.005	0.757	0.0044	0.000	0.040
6.979	0.0432	0.005	0.749	0.0049	0.000	0.042
6.984	0.0426	0.005	0.760	0.0044	0.000	0.039
6.989	0.0425	0.005	0.748	0.0030	0.000	0.047
6.994	0.0421	0.005	0.748	0.0098	0.000	0.071
6.999	0.0416	0.005	0.736	0.0075	0.001	0.088
7.004	0.0418	0.005	0.764	0.0107	0.002	0.089
7.009	0.0431	0.009	0.750	0.0063	0.002	0.088
7.014	0.0445	0.009	0.755	0.0074	0.005	0.094
7.019	0.0438	0.009	0.744	0.0087	0.008	0.103
7.024	0.0414	0.014	0.751	0.0051	0.010	0.099
7.029	0.0400	0.018	0.747	0.0113	0.010	0.102
7.034	0.0382	0.018	0.736	0.0081	0.008	0.101
7.039	0.0371	0.014	0.742	0.0166	0.006	0.103
7.044	0.0371	0.014	0.748	0.0084	0.008	0.090
7.049	0.0354	0.014	0.762	0.0076	0.008	0.087
7.054	0.0374	0.016	0.741	0.0098	0.012	0.094
7.059	0.0387	0.014	0.749	0.0087	0.012	0.099
7.064	0.0394	0.014	0.727	0.0093	0.013	0.107
7.069	0.0394	0.014	0.723	0.0117	0.010	0.115
7.074	0.0394	0.018	0.729	0.0101	0.013	0.133
7.079	0.0371	0.018	0.714	0.0066	0.018	0.147
7.084	0.0352	0.018	0.711	0.0141	0.020	0.169
7.089	0.0313	0.020	0.695	0.0080	0.018	0.181
7.094	0.0272	0.018	0.704	0.0101	0.020	0.223
7.099	0.0221	0.018	0.692	0.0090	0.021	0.233
7.104	0.0170	0.014	0.701	0.0091	0.024	0.246
7.109	0.0140	0.018	0.713	0.0109	0.020	0.246
7.114	0.0140	0.018	0.683	0.0101	0.025	0.262
7.119	0.0152	0.018	0.697	0.0105	0.024	0.264
7.124	0.0163	0.009	0.706	0.0109	0.034	0.265
7.129	0.0185	0.014	0.706	0.0095	0.037	0.266
7.134	0.0194	0.018	0.706	0.0107	0.035	0.275
7.139	0.0196	0.009	0.692	0.0125	0.027	0.266
7.144	0.0191	0.018	0.713	0.0160	0.022	0.269
7.149	0.0179	0.014	0.710	0.0121	0.018	0.255
7.154	0.0171	0.014	0.731	0.0155	0.013	0.227
7.159	0.0216	0.009	0.748	0.0172	0.010	0.196
7.164	0.0291	0.011	0.754	0.0119	0.010	0.167
7.169	0.0336	0.009	0.750	0.0145	0.008	0.156
7.174	0.0357	0.011	0.767	0.0135	0.006	0.118
7.179	0.0346	0.014	0.790	0.0164	0.006	0.105
7.184	0.0351	0.011	0.784	0.0153	0.003	0.107
7.189	0.0476	0.018	0.778	0.0126	0.002	0.104
7.194	0.0488	0.016	0.782	0.0140	0.003	0.099
7.199	0.0428	0.014	0.785	0.0174	0.002	0.102
7.204	0.0467	0.016	0.797	0.0101	0.002	0.092
7.209	0.0535	0.011	0.803	0.0085	0.003	0.086
7.214	0.0485	0.007	0.801	0.0110	0.004	0.087
7.219	0.0555	0.007	0.801	0.0156	0.006	0.092
7.224	0.0517	0.005	0.815	0.0120	0.004	0.080
7.229	0.0488	0.007	0.815	0.0078	0.002	0.076
7.234	0.0540	0.007	0.810	0.0075	0.002	0.079
7.239	0.0458	0.007	0.831	0.0093	0.002	0.084
7.244	0.0579	0.007	0.830	0.0061	0.002	0.073
7.249	0.0545	0.007	0.826	0.0069	0.002	0.077
7.254	0.0633	0.007	0.829	0.0082	0.002	0.072
7.259	0.0528	0.007	0.835	0.0051	0.001	0.077
7.263	0.0628	0.011	0.818	0.0048	0.002	0.078
7.268	0.0504	0.016	0.816	0.0083	0.002	0.077
7.273	0.0534	0.016	0.833	0.0088	0.002	0.079
7.278	0.0509	0.020	0.827	0.0060	0.003	0.080
7.283	0.0519	0.020	0.822	0.0067	0.003	0.079
7.288	0.0508	0.011	0.817	0.0094	0.003	0.082
7.293	0.0407	0.016	0.827	0.0089	0.002	0.085
7.298	0.0472	0.009	0.824	0.0108	0.002	0.079
7.303	0.0399	0.007	0.809	0.0088	0.002	0.074
7.308	0.0496	0.007	0.821	0.0112	0.002	0.079
7.313	0.0368	0.011	0.807	0.0082	0.002	0.078
7.318	0.0500	0.011	0.810	0.0101	0.002	0.072
7.323	0.0488	0.016	0.816	0.0066	0.003	0.069
7.328	0.0403	0.005	0.804	0.0091	0.003	0.071
7.333	0.0475	0.007	0.824	0.0074	0.002	0.064
7.338	0.0379	0.007	0.819	0.0050	0.002	0.067
7.343	0.0427	0.007	0.812	0.0068	0.002	0.063
7.348	0.0472	0.005	0.814	0.0082	0.002	0.067
7.353	0.0357	0.007	0.805	0.0104	0.002	0.059
7.358	0.0505	0.007	0.807	0.0056	0.002	0.063
7.363	0.0470	0.007	0.814	0.0054	0.003	0.063
7.368	0.0387	0.005	0.808	0.0104	0.003	0.064
7.373	0.0532	0.007	0.811	0.0041	0.002	0.059
7.378	0.0453	0.007	0.816	0.0039	0.002	0.062
7.383	0.0379	0.005	0.804	0.0056	0.003	0.054
7.388	0.0547	0.007	0.807	0.0081	0.003	0.058
7.393	0.0469	0.007	0.817	0.0055	0.003	0.057
7.398	0.0390	0.005	0.813	0.0056	0.003	0.060
7.403	0.0568	0.007	0.805	0.0086	0.003	0.058
7.408	0.0479	0.007	0.805	0.0111	0.002	0.056
7.413	0.0377	0.005	0.802	0.0070	0.002	0.051
7.418	0.0510	0.007	0.804	0.0067	0.002	0.055
7.423	0.0498	0.005	0.821	0.0115	0.002	0.051
7.428	0.0325	0.007	0.817	0.0130	0.002	0.055
7.433	0.0446	0.005	0.799	0.0102	0.001	0.055
7.438	0.0454	0.007	0.799	0.0057	0.001	0.056
7.443	0.0303	0.007	0.798	0.0059	0.001	0.060
7.448	0.0291	0.005	0.794	0.0096	0.000	0.066
7.453	0.0390	0.007	0.775	0.0106	0.000	0.067
7.458	0.0334	0.005	0.736	0.0125	0.001	0.080
7.463	0.0172	0.007	0.680	0.0232	0.001	0.094
7.468	0.0172	0.009	0.734	0.0268	0.001	0.081
7.473	0.0152	0.005	0.720	0.0196	0.000	0.065
7.478	0.0196	0.005	0.679	0.0290	0.000	0.066
7.483	0.0216	0.007	0.690	0.0314	0.000	0.055
7.488	0.0156	0.009	0.705	0.0503	0.000	0.050
7.493	0.0219	0.007	0.773	0.0205	0.000	0.045
7.498	0.0251	0.005	0.798	0.0128	0.000	0.045
7.503	0.0283	0.007	0.768	0.0080	0.000	0.041
7.508	0.0273	0.005	0.773	0.0069	0.000	0.043
7.513	0.0175	0.005	0.779	0.0096	0.001	0.044
7.518	0.0318	0.007	0.767	0.0074	0.001	0.045
7.523	0.0315	0.005	0.719	0.0063	0.001	0.059
7.528	0.0362	0.005	0.622	0.0283	0.001	0.076
7.533	0.0368	0.005	0.664	0.0367	0.001	0.066
7.538	0.0340	0.016	0.743	0.0238	0.001	0.071
7.543	0.0384	0.009	0.787	0.0127	0.001	0.076
7.548	0.0400	0.011	0.788	0.0083	0.001	0.076
7.553	0.0470	0.009	0.765	0.0082	0.002	0.078
7.558	0.0692	0.011	0.759	0.0086	0.002	0.088
7.563	0.0730	0.011	0.770	0.0081	0.002	0.094
7.568	0.0887	0.009	0.762	0.0084	0.003	0.108
7.573	0.0851	0.011	0.779	0.0079	0.003	0.101
7.578	0.0712	0.009	0.778	0.0092	0.003	0.109
7.583	0.0503	0.016	0.763	0.0072	0.004	0.103
7.588	0.0344	0.025	0.779	0.0106	0.004	0.104
7.593	0.0418	0.020	0.775	0.0068	0.004	0.107
7.598	0.0642	0.023	0.758	0.0091	0.004	0.117
7.603	0.0815	0.027	0.788	0.0086	0.003	0.099
7.608	0.0830	0.020	0.794	0.0054	0.004	0.098
7.613	0.0583	0.025	0.763	0.0068	0.004	0.099
7.618	0.0428	0.020	0.768	0.0109	0.004	0.114
7.623	0.0490	0.025	0.790	0.0103	0.004	0.109
7.628	0.0815	0.032	0.795	0.0057	0.003	0.104
7.633	0.0933	0.025	0.793	0.0053	0.004	0.101
7.638	0.0689	0.016	0.784	0.0093	0.005	0.125
7.643	0.0468	0.016	0.794	0.0062	0.004	0.107
7.648	0.0613	0.018	0.795	0.0076	0.005	0.108
7.653	0.0804	0.016	0.792	0.0042	0.006	0.097
7.658	0.0753	0.016	0.784	0.0088	0.007	0.113
7.663	0.0497	0.018	0.791	0.0053	0.008	0.109
7.668	0.0329	0.025	0.783	0.0093	0.007	0.115
7.673	0.0613	0.023	0.785	0.0074	0.006	0.105
7.678	0.0715	0.020	0.786	0.0065	0.006	0.102
7.683	0.0556	0.020	0.777	0.0110	0.005	0.104
7.688	0.0352	0.025	0.743	0.0195	0.004	0.114
7.693	0.0512	0.027	0.655	0.0324	0.003	0.100
7.698	0.0656	0.016	0.596	0.0437	0.002	0.085
7.702	0.0478	0.009	0.628	0.0261	0.001	0.059
7.707	0.0285	0.011	0.805	0.0186	0.001	0.056
7.712	0.0221	0.011	0.776	0.0220	0.001	0.047
7.717	0.0249	0.005	0.786	0.0178	0.001	0.050
7.722	0.0284	0.018	0.800	0.0081	0.001	0.048
7.727	0.0399	0.016	0.795	0.0115	0.000	0.050
7.732	0.0352	0.014	0.781	0.0049	0.001	0.046
7.737	0.0191	0.016	0.775	0.0157	0.001	0.051
7.742	0.0258	0.005	0.763	0.0127	0.001	0.065
7.747	0.0304	0.005	0.742	0.0185	0.001	0.068
7.752	0.0390	0.011	0.748	0.0140	0.001	0.071
7.757	0.0327	0.009	0.782	0.0146	0.000	0.068
7.762	0.0185	0.011	0.781	0.0169	0.000	0.061
7.767	0.0403	0.011	0.783	0.0153	0.001	0.065
7.772	0.0534	0.011	0.796	0.0084	0.001	0.061
7.777	0.0691	0.011	0.790	0.0099	0.001	0.067
7.782	0.0596	0.009	0.779	0.0090	0.001	0.058
7.787	0.0352	0.011	0.778	0.0107	0.001	0.055
7.792	0.0432	0.011	0.793	0.0056	0.001	0.055
7.797	0.0574	0.020	0.786	0.0081	0.001	0.060
7.802	0.0810	0.009	0.783	0.0087	0.001	0.065
7.807	0.0692	0.011	0.790	0.0131	0.001	0.073
7.812	0.0485	0.016	0.761	0.0085	0.001	0.076
7.817	0.0340	0.018	0.769	0.0112	0.001	0.082
7.822	0.0511	0.025	0.747	0.0151	0.001	0.099
7.827	0.0591	0.030	0.700	0.0135	0.003	0.130
7.832	0.0583	0.014	0.681	0.0111	0.010	0.186
7.837	0.0435	0.016	0.652	0.0104	0.026	0.233
7.842	0.0313	0.009	0.659	0.0110	0.069	0.288
7.847	0.0235	0.014	0.566	0.0120	0.128	0.312
7.852	0.0230	0.039	0.389	0.0156	0.345	0.314
7.857	0.0196	0.064	0.243	0.0138	0.395	0.313
7.862	0.0245	0.086	0.200	0.0134	0.638	0.342
7.867	0.0230	0.109	0.198	0.0136	0.785	0.343
7.872	0.0198	0.114	0.149	0.0122	0.784	0.342
7.877	0.0181	0.134	0.153	0.0141	0.745	0.342
7.882	0.0170	0.136	0.132	0.0122	0.738	0.377
7.887	0.0177	0.118	0.181	0.0149	0.804	0.362
7.892	0.0148	0.136	0.193	0.0149	0.781	0.334
7.897	0.0220	0.120	0.225	0.0116	0.835	0.354
7.902	0.0212	0.111	0.176	0.0125	0.872	0.379
7.907	0.0224	0.145	0.166	0.0128	0.878	0.397
7.912	0.0182	0.125	0.149	0.0136	0.865	0.402
7.917	0.0143	0.143	0.156	0.0119	0.886	0.390
7.922	0.0210	0.145	0.140	0.0137	0.858	0.404
7.927	0.0179	0.157	0.123	0.0128	0.831	0.388
7.932	0.0198	0.150	0.118	0.0147	0.846	0.375
7.937	0.0212	0.141	0.116	0.0144	0.876	0.409
7.942	0.0168	0.136	0.127	0.0144	0.899	0.405
7.947	0.0168	0.132	0.159	0.0128	0.890	0.381
7.952	0.0181	0.143	0.169	0.0131	0.855	0.378
7.957	0.0174	0.150	0.162	0.0132	0.889	0.367
7.962	0.0142	0.130	0.175	0.0133	0.906	0.400
7.967	0.0132	0.168	0.122	0.0130	0.920	0.431
7.972	0.0059	0.170	0.150	0.0127	0.838	0.425
7.977	0.0049	0.159	0.117	0.0137	0.696	0.441
7.982	0.0021	0.127	0.170	0.0125	0.677	0.504
7.987	0.0012	0.114	0.218	0.0127	0.637	0.490
7.992	0.0010	0.125	0.336	0.0137	0.510	0.432
7.997	0.0007	0.098	0.407	0.0140	0.469	0.390
8.002	0.0006	0.098	0.435	0.0119	0.367	0.325
8.007	0.0007	0.093	0.487	0.0126	0.308	0.342
8.012	0.0007	0.073	0.502	0.0117	0.317	0.391
8.017	0.0006	0.084	0.508	0.0147	0.242	0.413
8.022	0.0004	0.064	0.548	0.0106	0.215	0.423
8.027	0.0005	0.068	0.503	0.0109	0.251	0.448
8.032	0.0005	0.059	0.294	0.0132	0.483	0.532
8.037	0.0005	0.059	0.160	0.0128	0.733	0.569
8.042	0.0004	0.109	0.139	0.0119	0.802	0.574
8.047	0.0007	0.150	0.148	0.0157	0.808	0.521
8.052	0.0008	0.152	0.120	0.0116	0.823	0.467
8.057	0.0013	0.164	0.162	0.0125	0.825	0.454
8.062	0.0035	0.170	0.162	0.0101	0.870	0.463
8.067	0.0038	0.173	0.163	0.0120	0.925	0.470
8.072	0.0075	0.193	0.136	0.0115	0.970	0.472
8.077	0.0063	0.193	0.099	0.0126	0.981	0.473
8.082	0.0088	0.218	0.091	0.0116	0.976	0.479
8.087	0.0104	0.207	0.125	0.0132	0.978	0.449
8.092	0.0083	0.214	0.145	0.0127	0.977	0.428
8.097	0.0100	0.200	0.140	0.0131	0.959	0.422
8.102	0.0109	0.155	0.220	0.0255	0.665	0.420
8.107	0.0077	0.168	0.423	0.0369	0.207	0.360
8.112	0.0052	0.107	0.584	0.0304	0.027	0.219
8.117	0.0160	0.018	0.683	0.0271	0.007	0.155
8.122	0.0267	0.007	0.736	0.0126	0.003	0.098
8.127	0.0368	0.014	0.744	0.0092	0.002	0.088
8.132	0.0425	0.014	0.738	0.0116	0.002	0.076
8.137	0.0473	0.020	0.747	0.0128	0.003	0.071
8.141	0.0518	0.014	0.749	0.0055	0.002	0.075
8.146	0.0542	0.016	0.741	0.0070	0.002	0.070
8.151	0.0549	0.014	0.744	0.0084	0.001	0.065
8.156	0.0547	0.007	0.751	0.0088	0.001	0.066
8.161	0.0554	0.009	0.750	0.0102	0.000	0.062
8.166	0.0545	0.009	0.751	0.0109	0.000	0.064
8.171	0.0536	0.009	0.748	0.0057	0.000	0.066
8.176	0.0518	0.009	0.746	0.0057	0.000	0.064
8.181	0.0493	0.009	0.743	0.0057	0.001	0.065
8.186	0.0477	0.009	0.744	0.0056	0.001	0.073
8.191	0.0470	0.009	0.738	0.0053	0.001	0.065
8.196	0.0474	0.009	0.743	0.0058	0.000	0.070
8.201	0.0488	0.009	0.745	0.0067	0.000	0.068
8.206	0.0498	0.009	0.742	0.0078	0.000	0.077
8.211	0.0495	0.009	0.743	0.0133	0.000	0.073
8.216	0.0483	0.009	0.745	0.0116	0.000	0.071
8.221	0.0455	0.007	0.743	0.0091	0.000	0.069
8.226	0.0403	0.009	0.732	0.0108	0.000	0.072
8.231	0.0357	0.009	0.744	0.0168	0.000	0.075
8.236	0.0357	0.009	0.731	0.0059	0.000	0.068
8.241	0.0378	0.007	0.728	0.0119	0.000	0.069
8.246	0.0326	0.009	0.730	0.0114	0.000	0.070
8.251	0.0264	0.009	0.724	0.0066	0.000	0.064
8.256	0.0340	0.009	0.737	0.0186	0.000	0.064
8.261	0.0424	0.007	0.759	0.0196	0.000	0.061
8.266	0.0410	0.009	0.731	0.0189	0.001	0.061
8.271	0.0479	0.009	0.741	0.0116	0.001	0.056
8.276	0.0622	0.009	0.734	0.0120	0.000	0.056
8.281	0.0611	0.007	0.733	0.0081	0.001	0.065
8.286	0.0575	0.009	0.736	0.0174	0.001	0.072
8.291	0.0635	0.009	0.736	0.0158	0.000	0.060
8.296	0.0541	0.007	0.746	0.0071	0.000	0.054
8.301	0.0411	0.009	0.727	0.0163	0.000	0.051
8.306	0.0455	0.007	0.788	0.0084	0.000	0.053
8.311	0.0362	0.009	0.785	0.0114	0.000	0.056
8.316	0.0441	0.009	0.782	0.0075	0.000	0.058
8.321	0.0509	0.007	0.802	0.0254	0.000	0.054
8.326	0.0496	0.009	0.754	0.0063	0.000	0.052
8.331	0.0650	0.007	0.774	0.0187	0.000	0.050
8.336	0.0597	0.009	0.747	0.0093	0.000	0.055
8.341	0.0623	0.014	0.734	0.0082	0.001	0.064
8.346	0.0629	0.007	0.738	0.0148	0.000	0.061
8.351	0.0475	0.009	0.726	0.0153	0.000	0.054
8.356	0.0481	0.009	0.774	0.0056	0.000	0.054
8.361	0.0433	0.007	0.764	0.0074	0.001	0.065
8.366	0.0386	0.009	0.755	0.0129	0.000	0.063
8.371	0.0484	0.007	0.748	0.0144	0.000	0.051
8.376	0.0428	0.009	0.726	0.0090	0.000	0.052
8.381	0.0609	0.007	0.727	0.0101	0.000	0.056
8.386	0.0558	0.009	0.726	0.0104	0.000	0.058
8.391	0.0591	0.009	0.727	0.0067	0.000	0.055
8.396	0.0492	0.007	0.712	0.0061	0.000	0.056
8.401	0.0409	0.009	0.723	0.0114	0.000	0.056
8.406	0.0418	0.007	0.710	0.0093	0.000	0.056
8.411	0.0357	0.009	0.705	0.0058	0.000	0.051
8.416	0.0463	0.007	0.723	0.0085	0.000	0.061
8.421	0.0451	0.009	0.711	0.0078	0.000	0.065
8.426	0.0617	0.007	0.729	0.0069	0.000	0.058
8.431	0.0554	0.009	0.726	0.0112	0.000	0.050
8.436	0.0577	0.009	0.725	0.0067	0.000	0.055
8.441	0.0445	0.007	0.725	0.0082	0.000	0.059
8.446	0.0413	0.009	0.701	0.0074	0.000	0.060
8.451	0.0393	0.007	0.699	0.0059	0.000	0.061
8.456	0.0367	0.009	0.702	0.0052	0.000	0.061
8.461	0.0400	0.007	0.701	0.0050	0.000	0.060
8.466	0.0486	0.009	0.723	0.0068	0.000	0.061
8.471	0.0525	0.007	0.725	0.0118	0.000	0.057
8.476	0.0493	0.009	0.727	0.0055	0.000	0.058
8.481	0.0417	0.007	0.723	0.0028	0.000	0.065
8.486	0.0321	0.009	0.693	0.0052	0.000	0.073
8.491	0.0337	0.007	0.694	0.0108	0.000	0.063
8.496	0.0292	0.007	0.699	0.0100	0.001	0.063
8.501	0.0325	0.009	0.694	0.0087	0.000	0.071
8.506	0.0465	0.007	0.719	0.0063	0.000	0.067
8.511	0.0437	0.009	0.722	0.0085	0.000	0.061
8.516	0.0412	0.009	0.695	0.0087	0.000	0.062
8.521	0.0280	0.007	0.708	0.0070	0.000	0.061
8.526	0.0315	0.007	0.697	0.0071	0.000	0.064
8.531	0.0252	0.009	0.696	0.0113	0.000	0.062
8.536	0.0355	0.007	0.725	0.0096	0.000	0.068
8.541	0.0445	0.007	0.713	0.0057	0.000	0.094
8.546	0.0429	0.009	0.700	0.0093	0.001	0.123
8.551	0.0388	0.007	0.650	0.0102	0.002	0.164
8.556	0.0213	0.007	0.591	0.0211	0.003	0.192
8.561	0.0140	0.009	0.579	0.0222	0.003	0.206
8.566	0.0151	0.007	0.636	0.0144	0.003	0.188
8.571	0.0165	0.020	0.667	0.0164	0.002	0.160
8.576	0.0151	0.009	0.629	0.0119	0.002	0.172
8.580	0.0065	0.009	0.603	0.0222	0.003	0.189
8.585	0.0061	0.002	0.601	0.0283	0.002	0.180
8.590	0.0059	0.005	0.601	0.0246	0.000	0.125
8.595	0.0076	0.009	0.532	0.0320	0.000	0.094
8.600	0.0033	0.002	0.355	0.0377	0.000	0.093
8.605	0.0026	0.002	0.244	0.0787	0.000	0.107
8.610	0.0006	0.005	0.365	0.0444	0.000	0.138
8.615	0.0006	0.007	0.638	0.0186	0.000	0.119
8.620	0.0008	0.009	0.611	0.0211	0.000	0.129
8.625	0.0008	0.007	0.584	0.0133	0.001	0.171
8.630	0.0005	0.007	0.633	0.0430	0.001	0.207
8.635	0.0002	0.011	0.714	0.0283	0.001	0.182
8.640	0.0003	0.007	0.754	0.0382	0.000	0.157
8.645	0.0004	0.009	0.820	0.0188	0.000	0.138
8.650	0.0005	0.007	0.835	0.0114	0.000	0.120
8.655	0.0006	0.009	0.841	0.0106	0.000	0.134
8.660	0.0006	0.007	0.367	0.0276	0.024	0.231
8.665	0.0006	0.009	0.180	0.0230	0.190	0.321
8.670	0.0005	0.016	0.176	0.0131	0.227	0.412
8.675	0.0005	0.066	0.135	0.0183	0.244	0.426
8.680	0.0018	0.089	0.171	0.0098	0.457	0.475
8.685	0.0026	0.116	0.143	0.0087	0.609	0.502
8.690	0.0080	0.141	0.122	0.0130	0.697	0.514
8.695	0.0060	0.161	0.119	0.0107	0.626	0.521
8.700	0.0062	0.132	0.103	0.0135	0.731	0.549
8.705	0.0062	0.155	0.138	0.0110	0.745	0.565
8.710	0.0065	0.195	0.142	0.0107	0.600	0.560
8.715	0.0090	0.164	0.158	0.0118	0.560	0.567
8.720	0.0093	0.164	0.205	0.0123	0.481	0.531
8.725	0.0096	0.168	0.232	0.0119	0.448	0.547
8.730	0.0082	0.118	0.169	0.0162	0.334	0.519
8.735	0.0056	0.130	0.352	0.0286	0.171	0.434
8.740	0.0054	0.118	0.580	0.0260	0.023	0.289
8.745	0.0066	0.039	0.707	0.0242	0.008	0.200
8.750	0.0133	0.014	0.742	0.0188	0.002	0.144
8.755	0.0099	0.011	0.726	0.0209	0.001	0.111
8.760	0.0197	0.018	0.780	0.0146	0.000	0.076
8.765	0.0337	0.016	0.776	0.0146	0.000	0.070
8.770	0.0326	0.020	0.780	0.0147	0.000	0.064
8.775	0.0246	0.016	0.796	0.0148	0.000	0.063
8.780	0.0378	0.018	0.821	0.0133	0.000	0.064
8.785	0.0375	0.016	0.825	0.0085	0.000	0.064
8.790	0.0287	0.023	0.805	0.0076	0.000	0.061
8.795	0.0417	0.025	0.802	0.0090	0.001	0.063
8.800	0.0168	0.027	0.798	0.0114	0.001	0.072
8.805	0.0389	0.023	0.789	0.0157	0.001	0.074
8.810	0.0323	0.016	0.784	0.0177	0.002	0.077
8.815	0.0225	0.027	0.782	0.0196	0.001	0.075
8.820	0.0314	0.025	0.752	0.0125	0.001	0.087
8.825	0.0216	0.041	0.660	0.0192	0.002	0.094
8.830	0.0256	0.018	0.595	0.0223	0.004	0.150
8.835	0.0157	0.011	0.558	0.0222	0.005	0.187
8.840	0.0069	0.041	0.510	0.0312	0.001	0.151
8.845	0.0065	0.005	0.499	0.0239	0.000	0.101
8.850	0.0067	0.016	0.487	0.0194	0.000	0.077
8.855	0.0040	0.005	0.484	0.0224	0.000	0.059
8.860	0.0042	0.018	0.555	0.0201	0.000	0.063
8.865	0.0045	0.009	0.564	0.0265	0.000	0.069
8.870	0.0021	0.016	0.701	0.0165	0.000	0.081
8.875	0.0020	0.011	0.699	0.0157	0.000	0.085
8.880	0.0013	0.014	0.634	0.0255	0.000	0.091
8.885	0.0012	0.011	0.581	0.0155	0.001	0.095
8.890	0.0009	0.032	0.558	0.0184	0.001	0.115
8.895	0.0006	0.016	0.562	0.0261	0.001	0.133
8.900	0.0006	0.036	0.135	0.0397	0.006	0.173
8.905	0.0003	0.027	0.145	0.0380	0.324	0.218
8.910	0.0004	0.034	0.176	0.0084	0.353	0.209
8.915	0.0005	0.057	0.153	0.0088	0.349	0.253
8.920	0.0104	0.082	0.120	0.0196	0.682	0.406
8.925	0.0044	0.089	0.148	0.0111	0.887	0.433
8.930	0.0034	0.139	0.162	0.0129	0.938	0.465
8.935	0.0048	0.143	0.171	0.0138	0.965	0.482
8.940	0.0052	0.182	0.134	0.0114	0.978	0.499
8.945	0.0098	0.152	0.197	0.0117	0.970	0.529
8.950	0.0094	0.161	0.151	0.0133	0.978	0.516
8.955	0.0086	0.166	0.124	0.0122	0.979	0.526
8.960	0.0096	0.159	0.132	0.0108	0.955	0.538
8.965	0.0107	0.170	0.146	0.0123	0.948	0.545
8.970	0.0094	0.170	0.190	0.0117	0.971	0.519
8.975	0.0083	0.166	0.170	0.0125	0.973	0.527
8.980	0.0110	0.168	0.166	0.0122	0.966	0.520
8.985	0.0107	0.164	0.159	0.0144	0.961	0.530
8.990	0.0094	0.182	0.157	0.0124	0.977	0.497
8.995	0.0097	0.152	0.173	0.0113	0.977	0.466
9.000	0.0144	0.136	0.197	0.0136	0.972	0.486
9.005	0.0096	0.152	0.260	0.0120	0.972	0.440
9.010	0.0116	0.139	0.229	0.0150	0.966	0.429
9.015	0.0106	0.139	0.240	0.0141	0.945	0.395
9.020	0.0065	0.136	0.141	0.0365	0.505	0.355
9.024	0.0061	0.116	0.435	0.0446	0.033	0.205
9.029	0.0032	0.068	0.595	0.0190	0.003	0.091
9.034	0.0072	0.020	0.710	0.0195	0.002	0.068
9.039	0.0258	0.011	0.611	0.0138	0.002	0.066
9.044	0.0484	0.009	0.454	0.0372	0.002	0.073
9.049	0.0373	0.009	0.638	0.0271	0.001	0.065
9.054	0.0363	0.009	0.707	0.0153	0.001	0.062
9.059	0.0439	0.018	0.687	0.0188	0.001	0.056
9.064	0.0511	0.018	0.621	0.0229	0.000	0.052
9.069	0.0489	0.014	0.680	0.0198	0.000	0.052
9.074	0.0413	0.011	0.684	0.0136	0.000	0.054
9.079	0.0427	0.014	0.687	0.0125	0.000	0.054
9.084	0.0487	0.011	0.711	0.0109	0.000	0.053
9.089	0.0501	0.011	0.631	0.0159	0.000	0.060
9.094	0.0718	0.014	0.701	0.0202	0.000	0.062
9.099	0.0696	0.011	0.720	0.0125	0.000	0.057
9.104	0.0474	0.011	0.642	0.0191	0.000	0.055
9.109	0.0249	0.016	0.608	0.0175	0.001	0.059
9.114	0.0121	0.016	0.573	0.0244	0.001	0.067
9.119	0.0139	0.011	0.552	0.0189	0.001	0.073
9.124	0.0255	0.007	0.579	0.0302	0.001	0.075
9.129	0.0273	0.009	0.653	0.0130	0.000	0.064
9.134	0.0143	0.005	0.639	0.0118	0.000	0.057
9.139	0.0106	0.007	0.633	0.0164	0.001	0.056
9.144	0.0166	0.014	0.664	0.0148	0.001	0.047
9.149	0.0229	0.007	0.670	0.0159	0.000	0.040
9.154	0.0180	0.005	0.674	0.0063	0.000	0.039
9.159	0.0094	0.009	0.652	0.0112	0.000	0.046
9.164	0.0160	0.007	0.653	0.0100	0.000	0.047
9.169	0.0208	0.007	0.628	0.0186	0.001	0.049
9.174	0.0176	0.005	0.647	0.0197	0.001	0.050
9.179	0.0062	0.009	0.655	0.0154	0.000	0.056
9.184	0.0153	0.007	0.632	0.0192	0.000	0.064
9.189	0.0207	0.005	0.643	0.0127	0.000	0.065
9.194	0.0119	0.016	0.665	0.0220	0.001	0.062
9.199	0.0105	0.007	0.601	0.0077	0.001	0.086
9.204	0.0167	0.007	0.603	0.0226	0.001	0.107
9.209	0.0203	0.007	0.581	0.0261	0.001	0.101
9.214	0.0088	0.007	0.600	0.0363	0.000	0.072
9.219	0.0109	0.014	0.576	0.0180	0.000	0.045
9.224	0.0318	0.011	0.639	0.0118	0.001	0.047
9.229	0.0167	0.009	0.632	0.0276	0.001	0.056
9.234	0.0119	0.009	0.513	0.0204	0.000	0.051
9.239	0.0334	0.014	0.615	0.0154	0.001	0.048
9.244	0.0148	0.011	0.637	0.0240	0.001	0.049
9.249	0.0118	0.007	0.634	0.0224	0.000	0.046
9.254	0.0218	0.014	0.642	0.0113	0.000	0.046
9.259	0.0209	0.011	0.646	0.0159	0.001	0.052
9.264	0.0114	0.011	0.552	0.0172	0.001	0.058
9.269	0.0153	0.016	0.529	0.0165	0.001	0.064
9.274	0.0278	0.009	0.631	0.0239	0.001	0.063
9.279	0.0111	0.011	0.633	0.0206	0.000	0.061
9.284	0.0152	0.016	0.611	0.0162	0.000	0.058
9.289	0.0269	0.009	0.625	0.0286	0.000	0.061
9.294	0.0106	0.011	0.541	0.0191	0.001	0.062
9.299	0.0162	0.016	0.543	0.0150	0.001	0.061
9.304	0.0226	0.014	0.627	0.0253	0.001	0.064
9.309	0.0110	0.016	0.608	0.0154	0.001	0.070
9.314	0.0185	0.018	0.642	0.0155	0.001	0.061
9.319	0.0154	0.011	0.639	0.0281	0.000	0.064
9.324	0.0113	0.011	0.539	0.0174	0.000	0.070
9.329	0.0247	0.014	0.599	0.0145	0.000	0.059
9.334	0.0150	0.011	0.649	0.0316	0.000	0.053
9.339	0.0121	0.011	0.559	0.0130	0.000	0.062
9.344	0.0281	0.014	0.600	0.0180	0.000	0.059
9.349	0.0143	0.016	0.514	0.0461	0.000	0.051
9.354	0.0104	0.011	0.417	0.0499	0.000	0.040
9.359	0.0258	0.009	0.496	0.0486	0.000	0.024
9.364	0.0074	0.007	0.626	0.0280	0.000	0.022
9.369	0.0151	0.007	0.595	0.0281	0.000	0.024
9.374	0.0242	0.005	0.664	0.0186	0.000	0.022
9.379	0.0124	0.007	0.654	0.0499	0.000	0.024
9.384	0.0117	0.007	0.592	0.0219	0.000	0.023
9.389	0.0215	0.007	0.640	0.0146	0.000	0.025
9.394	0.0145	0.005	0.647	0.0362	0.000	0.027
9.399	0.0059	0.007	0.638	0.0251	0.000	0.028
9.404	0.0103	0.007	0.641	0.0124	0.000	0.029
9.409	0.0159	0.007	0.632	0.0223	0.000	0.032
9.414	0.0070	0.007	0.560	0.0224	0.000	0.046
9.419	0.0061	0.007	0.561	0.0300	0.000	0.058
9.424	0.0120	0.005	0.530	0.0268	0.000	0.065
9.429	0.0143	0.016	0.445	0.0255	0.000	0.062
9.434	0.0047	0.014	0.512	0.0214	0.001	0.081
9.439	0.0091	0.018	0.509	0.0132	0.001	0.102
9.444	0.0169	0.009	0.618	0.0186	0.001	0.106
9.449	0.0039	0.023	0.588	0.0259	0.001	0.106
9.454	0.0062	0.023	0.536	0.0227	0.002	0.121
9.459	0.0184	0.011	0.526	0.0211	0.001	0.128
9.463	0.0076	0.014	0.623	0.0151	0.001	0.121
9.468	0.0068	0.009	0.649	0.0106	0.002	0.129
9.473	0.0134	0.011	0.648	0.0154	0.002	0.121
9.478	0.0268	0.009	0.669	0.0216	0.001	0.110
9.483	0.0181	0.011	0.653	0.0158	0.001	0.101
9.488	0.0074	0.016	0.651	0.0258	0.001	0.087
9.493	0.0135	0.016	0.701	0.0110	0.001	0.093
9.498	0.0332	0.011	0.727	0.0218	0.001	0.102
9.503	0.0345	0.014	0.671	0.0141	0.001	0.096
9.508	0.0163	0.005	0.589	0.0364	0.001	0.074
9.513	0.0058	0.007	0.599	0.0192	0.000	0.049
9.518	0.0167	0.007	0.630	0.0201	0.000	0.031
9.523	0.0328	0.009	0.674	0.0135	0.000	0.028
9.528	0.0209	0.005	0.678	0.0087	0.000	0.027
9.533	0.0107	0.009	0.687	0.0218	0.000	0.024
9.538	0.0192	0.007	0.659	0.0163	0.000	0.027
9.543	0.0261	0.009	0.658	0.0265	0.000	0.029
9.548	0.0274	0.002	0.613	0.0243	0.000	0.037
9.553	0.0070	0.009	0.584	0.0237	0.000	0.039
9.558	0.0078	0.002	0.486	0.0519	0.000	0.036
9.563	0.0100	0.005	0.432	0.0298	0.000	0.035
9.568	0.0078	0.002	0.326	0.0331	0.000	0.043
9.573	0.0031	0.005	0.341	0.0406	0.000	0.049
9.578	0.0030	0.007	0.260	0.0844	0.000	0.068
9.583	0.0017	0.007	0.409	0.0574	0.000	0.068
9.588	0.0012	0.011	0.603	0.0251	0.000	0.071
9.593	0.0017	0.009	0.580	0.0156	0.000	0.089
9.598	0.0010	0.011	0.486	0.0422	0.000	0.128
9.603	0.0004	0.011	0.596	0.0274	0.000	0.116
9.608	0.0005	0.011	0.632	0.0127	0.001	0.145
9.613	0.0008	0.009	0.224	0.0249	0.014	0.244
9.618	0.0004	0.011	0.132	0.0131	0.554	0.555
9.623	0.0004	0.018	0.155	0.0107	0.727	0.563
9.628	0.0009	0.102	0.139	0.0102	0.785	0.543
9.633	0.0031	0.170	0.127	0.0107	0.739	0.555
9.638	0.0053	0.157	0.106	0.0272	0.519	0.506
9.643	0.0044	0.182	0.281	0.0459	0.137	0.412
9.648	0.0035	0.120	0.484	0.0440	0.004	0.180
9.653	0.0082	0.009	0.635	0.0326	0.001	0.114
9.658	0.0266	0.007	0.723	0.0158	0.001	0.085
9.663	0.0310	0.014	0.732	0.0203	0.001	0.086
9.668	0.0305	0.007	0.733	0.0207	0.000	0.079
9.673	0.0246	0.009	0.665	0.0192	0.000	0.082
9.678	0.0229	0.007	0.588	0.0324	0.000	0.093
9.683	0.0190	0.007	0.556	0.0298	0.000	0.088
9.688	0.0160	0.014	0.597	0.0380	0.000	0.078
9.693	0.0166	0.002	0.672	0.0247	0.000	0.051
9.698	0.0127	0.005	0.711	0.0125	0.000	0.029
9.703	0.0052	0.005	0.695	0.0366	0.000	0.024
9.708	0.0090	0.002	0.684	0.0371	0.000	0.022
9.713	0.0095	0.005	0.667	0.0206	0.000	0.021
9.718	0.0090	0.005	0.667	0.0204	0.000	0.022
9.723	0.0105	0.002	0.656	0.0172	0.000	0.021
9.728	0.0057	0.005	0.661	0.0135	0.000	0.022
9.733	0.0055	0.005	0.672	0.0162	0.000	0.033
9.738	0.0067	0.002	0.564	0.0197	0.002	0.183
9.743	0.0067	0.005	0.590	0.0219	0.002	0.187
9.748	0.0103	0.007	0.541	0.0292	0.001	0.134
9.753	0.0145	0.005	0.599	0.0338	0.000	0.084
9.758	0.0143	0.007	0.694	0.0217	0.000	0.053
9.763	0.0181	0.009	0.716	0.0196	0.000	0.048
9.768	0.0237	0.009	0.707	0.0180	0.001	0.049
9.773	0.0261	0.007	0.674	0.0209	0.001	0.048
9.778	0.0272	0.009	0.711	0.0150	0.001	0.056
9.783	0.0357	0.014	0.708	0.0148	0.001	0.057
9.788	0.0434	0.014	0.700	0.0208	0.000	0.052
9.793	0.0503	0.011	0.732	0.0172	0.000	0.043
9.798	0.0559	0.014	0.709	0.0168	0.000	0.053
9.803	0.0813	0.014	0.734	0.0135	0.000	0.052
9.808	0.0847	0.011	0.745	0.0060	0.000	0.052
9.813	0.0840	0.014	0.738	0.0089	0.001	0.056
9.818	0.0809	0.014	0.717	0.0136	0.001	0.067
9.823	0.0735	0.014	0.723	0.0090	0.001	0.065
9.828	0.0680	0.014	0.739	0.0072	0.002	0.086
9.833	0.0674	0.014	0.732	0.0092	0.002	0.091
9.838	0.0665	0.016	0.726	0.0107	0.002	0.092
9.843	0.0633	0.014	0.729	0.0088	0.002	0.085
9.848	0.0606	0.014	0.730	0.0092	0.004	0.091
9.853	0.0564	0.011	0.725	0.0084	0.005	0.098
9.858	0.0450	0.014	0.712	0.0109	0.005	0.112
9.863	0.0363	0.014	0.717	0.0105	0.005	0.108
9.868	0.0349	0.018	0.724	0.0082	0.005	0.102
9.873	0.0328	0.014	0.720	0.0068	0.004	0.089
9.878	0.0303	0.011	0.717	0.0122	0.004	0.095
9.883	0.0279	0.014	0.726	0.0104	0.004	0.095
9.888	0.0263	0.009	0.732	0.0087	0.005	0.093
9.893	0.0275	0.009	0.738	0.0108	0.003	0.087
9.898	0.0287	0.009	0.746	0.0094	0.002	0.082
9.902	0.0288	0.009	0.739	0.0097	0.002	0.087
9.907	0.0277	0.009	0.737	0.0122	0.001	0.082
9.912	0.0252	0.011	0.737	0.0140	0.001	0.076
9.917	0.0218	0.009	0.679	0.0100	0.001	0.086
9.922	0.0165	0.009	0.664	0.0279	0.001	0.090
9.927	0.0133	0.005	0.701	0.0150	0.001	0.081
9.932	0.0100	0.005	0.563	0.0229	0.001	0.095
9.937	0.0156	0.009	0.526	0.0141	0.014	0.157
9.942	0.0102	0.011	0.619	0.0115	0.054	0.211
9.947	0.0098	0.018	0.506	0.0156	0.198	0.285
9.952	0.0111	0.020	0.347	0.0121	0.409	0.357
9.957	0.0096	0.050	0.209	0.0150	0.763	0.420
9.962	0.0100	0.111	0.187	0.0104	0.889	0.447
9.967	0.0108	0.116	0.184	0.0142	0.937	0.483
9.972	0.0094	0.164	0.149	0.0163	0.959	0.471
9.977	0.0077	0.136	0.148	0.0127	0.978	0.444
9.982	0.0102	0.155	0.134	0.0117	0.969	0.496
9.987	0.0107	0.155	0.135	0.0132	0.958	0.494
9.992	0.0074	0.164	0.135	0.0160	0.974	0.446
9.997	0.0071	0.150	0.225	0.0149	0.979	0.433
10.002	0.0091	0.139	0.191	0.0118	0.972	0.467
10.007	0.0088	0.139	0.126	0.0153	0.957	0.458
10.012	0.0099	0.143	0.206	0.0140	0.962	0.441
10.017	0.0069	0.150	0.187	0.0114	0.956	0.437
10.022	0.0082	0.155	0.150	0.0117	0.942	0.474
10.027	0.0094	0.136	0.171	0.0130	0.924	0.490
10.032	0.0062	0.168	0.153	0.0151	0.913	0.449
10.037	0.0060	0.132	0.166	0.0433	0.404	0.338
10.042	0.0051	0.125	0.412	0.0433	0.029	0.206
10.047	0.0024	0.100	0.583	0.0220	0.004	0.110
10.052	0.0121	0.009	0.736	0.0158	0.001	0.081
10.057	0.0196	0.007	0.701	0.0144	0.001	0.069
10.062	0.0265	0.009	0.662	0.0138	0.001	0.076
10.067	0.0262	0.014	0.698	0.0188	0.001	0.070
10.072	0.0218	0.009	0.714	0.0155	0.001	0.067
10.077	0.0202	0.014	0.735	0.0072	0.000	0.059
10.082	0.0181	0.014	0.682	0.0167	0.001	0.055
10.087	0.0169	0.011	0.667	0.0172	0.001	0.060
10.092	0.0171	0.014	0.635	0.0123	0.001	0.059
10.097	0.0193	0.011	0.669	0.0100	0.002	0.057
10.102	0.0163	0.014	0.731	0.0138	0.002	0.053
10.107	0.0405	0.016	0.640	0.0136	0.001	0.052
10.112	0.0438	0.023	0.611	0.0315	0.001	0.056
10.117	0.0398	0.014	0.619	0.0333	0.001	0.049
10.122	0.0202	0.007	0.696	0.0168	0.001	0.038
10.127	0.0145	0.007	0.730	0.0101	0.001	0.039
10.132	0.0103	0.005	0.692	0.0183	0.000	0.035
10.137	0.0143	0.014	0.691	0.0230	0.000	0.034
10.142	0.0173	0.007	0.721	0.0159	0.000	0.033
10.147	0.0206	0.009	0.692	0.0122	0.000	0.034
10.152	0.0285	0.009	0.737	0.0249	0.000	0.036
10.157	0.0286	0.007	0.728	0.0369	0.000	0.033
10.162	0.0280	0.009	0.678	0.0201	0.000	0.035
10.167	0.0156	0.005	0.637	0.0281	0.000	0.039
10.172	0.0068	0.005	0.651	0.0157	0.000	0.042
10.177	0.0119	0.002	0.653	0.0192	0.000	0.050
10.182	0.0123	0.005	0.636	0.0136	0.000	0.048
10.187	0.0136	0.005	0.447	0.0445	0.000	0.090
10.192	0.0070	0.002	0.308	0.0141	0.004	0.207
10.197	0.0012	0.007	0.382	0.0398	0.005	0.237
10.202	0.0029	0.016	0.473	0.0164	0.012	0.305
10.207	0.0036	0.005	0.329	0.0245	0.076	0.544
10.212	0.0026	0.020	0.321	0.0121	0.260	0.646
10.217	0.0018	0.116	0.403	0.0119	0.398	0.678
10.222	0.0013	0.143	0.434	0.0106	0.399	0.680
10.227	0.0014	0.141	0.247	0.0119	0.437	0.701
10.232	0.0017	0.168	0.184	0.0105	0.568	0.708
10.237	0.0012	0.148	0.149	0.0102	0.667	0.692
10.242	0.0022	0.202	0.116	0.0099	0.690	0.696
10.247	0.0030	0.175	0.110	0.0121	0.596	0.641
10.252	0.0034	0.189	0.124	0.0189	0.423	0.582
10.257	0.0040	0.152	0.258	0.0590	0.021	0.294
10.262	0.0019	0.068	0.418	0.0378	0.004	0.157
10.267	0.0083	0.014	0.609	0.0224	0.002	0.103
10.272	0.0264	0.009	0.668	0.0150	0.002	0.100
10.277	0.0192	0.007	0.680	0.0165	0.003	0.101
10.282	0.0211	0.007	0.671	0.0136	0.002	0.103
10.287	0.0214	0.011	0.653	0.0147	0.002	0.095
10.292	0.0289	0.009	0.704	0.0156	0.002	0.093
10.297	0.0442	0.007	0.712	0.0196	0.001	0.089
10.302	0.0368	0.009	0.661	0.0081	0.001	0.090
10.307	0.0161	0.005	0.656	0.0145	0.001	0.091
10.312	0.0091	0.014	0.672	0.0120	0.001	0.091
10.317	0.0200	0.016	0.669	0.0134	0.001	0.100
10.322	0.0369	0.007	0.666	0.0120	0.001	0.093
10.327	0.0278	0.009	0.656	0.0129	0.001	0.071
10.332	0.0121	0.005	0.652	0.0207	0.001	0.058
10.337	0.0080	0.011	0.675	0.0233	0.001	0.038
10.341	0.0193	0.018	0.724	0.0248	0.000	0.034
10.346	0.0316	0.007	0.718	0.0344	0.000	0.029
10.351	0.0246	0.007	0.671	0.0136	0.000	0.029
10.356	0.0118	0.007	0.670	0.0156	0.000	0.030
10.361	0.0110	0.007	0.690	0.0047	0.000	0.029
10.366	0.0196	0.009	0.689	0.0076	0.000	0.030
10.371	0.0293	0.007	0.681	0.0094	0.000	0.028
10.376	0.0244	0.007	0.650	0.0142	0.000	0.028
10.381	0.0105	0.007	0.683	0.0268	0.000	0.027
10.386	0.0092	0.007	0.638	0.0244	0.000	0.030
10.391	0.0192	0.009	0.659	0.0301	0.000	0.031
10.396	0.0236	0.007	0.656	0.0278	0.000	0.047
10.401	0.0123	0.005	0.645	0.0193	0.000	0.051
10.406	0.0033	0.005	0.656	0.0208	0.000	0.047
10.411	0.0106	0.007	0.661	0.0089	0.000	0.045
10.416	0.0150	0.007	0.645	0.0145	0.000	0.044
10.421	0.0140	0.005	0.619	0.0202	0.000	0.040
10.426	0.0035	0.005	0.662	0.0121	0.000	0.028
10.431	0.0047	0.002	0.660	0.0174	0.000	0.025
10.436	0.0055	0.005	0.661	0.0086	0.000	0.022
10.441	0.0114	0.002	0.649	0.0224	0.000	0.024
10.446	0.0070	0.005	0.653	0.0170	0.000	0.020
10.451	0.0049	0.005	0.684	0.0318	0.000	0.017
10.456	0.0087	0.002	0.682	0.0349	0.000	0.018
10.461	0.0121	0.005	0.706	0.0419	0.000	0.017
10.466	0.0160	0.002	0.722	0.0395	0.000	0.017
10.471	0.0158	0.005	0.700	0.0148	0.000	0.017
10.476	0.0089	0.005	0.710	0.0096	0.000	0.020
10.481	0.0079	0.005	0.693	0.0225	0.000	0.022
10.486	0.0127	0.002	0.688	0.0286	0.000	0.025
10.491	0.0151	0.005	0.725	0.0121	0.000	0.026
10.496	0.0186	0.005	0.719	0.0121	0.000	0.027
10.501	0.0201	0.002	0.713	0.0135	0.000	0.030
10.506	0.0197	0.005	0.707	0.0262	0.000	0.031
10.511	0.0155	0.005	0.703	0.0185	0.000	0.033
10.516	0.0075	0.005	0.667	0.0098	0.000	0.036
10.521	0.0137	0.005	0.630	0.0281	0.001	0.071
10.526	0.0162	0.002	0.624	0.0271	0.001	0.084
10.531	0.0149	0.005	0.662	0.0273	0.001	0.049
10.536	0.0095	0.005	0.668	0.0173	0.000	0.033
10.541	0.0241	0.009	0.711	0.0206	0.000	0.034
10.546	0.0424	0.007	0.733	0.0118	0.000	0.036
10.551	0.0448	0.009	0.733	0.0112	0.000	0.037
10.556	0.0457	0.014	0.724	0.0124	0.001	0.043
10.561	0.0448	0.009	0.722	0.0169	0.000	0.049
10.566	0.0433	0.009	0.745	0.0076	0.000	0.049
10.571	0.0434	0.009	0.751	0.0056	0.001	0.045
10.576	0.0446	0.009	0.744	0.0127	0.000	0.045
10.581	0.0460	0.009	0.745	0.0136	0.000	0.046
10.586	0.0460	0.009	0.754	0.0072	0.001	0.043
10.591	0.0442	0.009	0.756	0.0127	0.001	0.042
10.596	0.0410	0.011	0.760	0.0156	0.001	0.046
10.601	0.0383	0.009	0.740	0.0091	0.001	0.050
10.606	0.0345	0.009	0.771	0.0092	0.001	0.052
10.611	0.0277	0.009	0.776	0.0130	0.001	0.052
10.616	0.0231	0.011	0.753	0.0092	0.001	0.054
10.621	0.0222	0.009	0.770	0.0095	0.000	0.053
10.626	0.0237	0.009	0.751	0.0149	0.000	0.055
10.631	0.0234	0.011	0.753	0.0119	0.001	0.058
10.636	0.0290	0.009	0.748	0.0067	0.001	0.064
10.641	0.0307	0.009	0.737	0.0112	0.001	0.062
10.646	0.0298	0.009	0.726	0.0149	0.001	0.061
10.651	0.0269	0.014	0.743	0.0117	0.000	0.057
10.656	0.0300	0.009	0.752	0.0068	0.000	0.056
10.661	0.0348	0.011	0.750	0.0058	0.000	0.059
10.666	0.0376	0.009	0.743	0.0083	0.001	0.063
10.671	0.0401	0.009	0.745	0.0126	0.001	0.065
10.676	0.0449	0.009	0.745	0.0048	0.001	0.069
10.681	0.0468	0.009	0.744	0.0057	0.000	0.077
10.686	0.0476	0.009	0.735	0.0086	0.000	0.071
10.691	0.0481	0.009	0.735	0.0136	0.000	0.060
10.696	0.0465	0.009	0.731	0.0149	0.000	0.060
10.701	0.0392	0.009	0.699	0.0090	0.000	0.068
10.706	0.0296	0.007	0.633	0.0136	0.001	0.119
10.711	0.0184	0.009	0.555	0.0193	0.003	0.153
10.716	0.0106	0.023	0.404	0.0286	0.010	0.227
10.721	0.0076	0.034	0.541	0.0305	0.008	0.235
10.726	0.0062	0.030	0.635	0.0260	0.004	0.236
10.731	0.0061	0.018	0.572	0.0122	0.004	0.281
10.736	0.0059	0.005	0.332	0.0223	0.023	0.408
10.741	0.0040	0.011	0.266	0.0197	0.054	0.446
10.746	0.0014	0.041	0.515	0.0144	0.057	0.421
10.751	0.0011	0.045	0.443	0.0151	0.105	0.386
10.756	0.0019	0.045	0.321	0.0144	0.362	0.401
10.761	0.0017	0.066	0.174	0.0113	0.628	0.442
10.766	0.0024	0.089	0.140	0.0122	0.818	0.478
10.771	0.0039	0.127	0.159	0.0131	0.878	0.477
10.776	0.0040	0.155	0.161	0.0115	0.962	0.428
10.780	0.0049	0.173	0.151	0.0118	0.970	0.448
10.785	0.0097	0.143	0.148	0.0113	0.962	0.507
10.790	0.0096	0.159	0.132	0.0118	0.966	0.511
10.795	0.0078	0.180	0.136	0.0108	0.967	0.509
10.800	0.0090	0.175	0.104	0.0114	0.960	0.531
10.805	0.0081	0.195	0.103	0.0118	0.959	0.602
10.810	0.0062	0.200	0.124	0.0128	0.877	0.646
10.815	0.0052	0.232	0.175	0.0095	0.655	0.616
10.820	0.0038	0.180	0.173	0.0111	0.705	0.620
10.825	0.0019	0.148	0.124	0.0099	0.853	0.684
10.830	0.0019	0.195	0.134	0.0099	0.846	0.692
10.835	0.0013	0.177	0.103	0.0104	0.801	0.700
10.840	0.0007	0.227	0.159	0.0098	0.757	0.695
10.845	0.0005	0.223	0.299	0.0139	0.487	0.688
10.850	0.0004	0.159	0.426	0.0191	0.268	0.625
10.855	0.0003	0.123	0.552	0.0108	0.163	0.594
10.860	0.0004	0.036	0.538	0.0121	0.143	0.587
10.865	0.0004	0.077	0.270	0.0327	0.206	0.526
10.870	0.0005	0.041	0.402	0.0336	0.093	0.461
10.875	0.0006	0.077	0.491	0.0306	0.016	0.347
10.880	0.0014	0.014	0.536	0.0357	0.008	0.260
10.885	0.0044	0.005	0.535	0.0411	0.001	0.104
10.890	0.0065	0.005	0.559	0.0271	0.000	0.070
10.895	0.0130	0.005	0.709	0.0153	0.000	0.059
10.900	0.0213	0.007	0.725	0.0163	0.000	0.061
10.905	0.0347	0.009	0.698	0.0200	0.000	0.064
10.910	0.0378	0.009	0.722	0.0146	0.000	0.065
10.915	0.0442	0.014	0.741	0.0084	0.001	0.065
10.920	0.0479	0.014	0.736	0.0103	0.001	0.068
10.925	0.0464	0.014	0.713	0.0105	0.001	0.083
10.930	0.0400	0.011	0.721	0.0151	0.001	0.085
10.935	0.0272	0.011	0.735	0.0091	0.002	0.082
10.940	0.0229	0.014	0.712	0.0059	0.002	0.085
10.945	0.0142	0.011	0.744	0.0081	0.002	0.087
10.950	0.0089	0.016	0.673	0.0084	0.002	0.084
10.955	0.0075	0.023	0.688	0.0073	0.002	0.075
10.960	0.0085	0.020	0.717	0.0105	0.002	0.072
10.965	0.0168	0.027	0.676	0.0137	0.002	0.064
10.970	0.0349	0.011	0.726	0.0116	0.001	0.060
10.975	0.0369	0.014	0.721	0.0196	0.001	0.054
10.980	0.0370	0.009	0.728	0.0135	0.001	0.059
10.985	0.0240	0.007	0.722	0.0136	0.001	0.049
10.990	0.0176	0.007	0.675	0.0151	0.000	0.048
10.995	0.0092	0.018	0.685	0.0256	0.000	0.038
11.000	0.0106	0.011	0.705	0.0120	0.000	0.039
11.005	0.0151	0.005	0.657	0.0164	0.000	0.040
11.010	0.0269	0.005	0.665	0.0317	0.000	0.046
11.015	0.0264	0.002	0.649	0.0346	0.000	0.071
11.020	0.0173	0.005	0.605	0.0419	0.001	0.115
11.025	0.0091	0.005	0.437	0.0151	0.012	0.303
11.030	0.0121	0.002	0.316	0.0192	0.055	0.398
11.035	0.0051	0.018	0.225	0.0133	0.430	0.460
11.040	0.0032	0.064	0.128	0.0122	0.660	0.481
11.045	0.0025	0.118	0.123	0.0132	0.883	0.475
11.050	0.0030	0.161	0.144	0.0124	0.937	0.488
11.055	0.0034	0.157	0.125	0.0120	0.938	0.489
11.060	0.0044	0.157	0.113	0.0133	0.931	0.497
11.065	0.0039	0.166	0.173	0.0129	0.947	0.458
11.070	0.0045	0.170	0.165	0.0147	0.963	0.459
11.075	0.0058	0.195	0.184	0.0122	0.976	0.430
11.080	0.0086	0.166	0.198	0.0123	0.979	0.441
11.085	0.0094	0.168	0.170	0.0150	0.985	0.456
11.090	0.0076	0.177	0.147	0.0137	0.988	0.435
11.095	0.0071	0.161	0.164	0.0138	0.988	0.401
11.100	0.0068	0.152	0.178	0.0124	0.986	0.407
11.105	0.0082	0.161	0.145	0.0118	0.985	0.428
11.110	0.0069	0.170	0.167	0.0110	0.976	0.458
11.115	0.0081	0.173	0.155	0.0135	0.959	0.459
11.120	0.0047	0.200	0.146	0.0143	0.956	0.466
11.125	0.0041	0.150	0.076	0.0158	0.846	0.405
11.130	0.0033	0.161	0.259	0.0568	0.171	0.306
11.135	0.0026	0.132	0.556	0.0341	0.005	0.153
11.140	0.0030	0.041	0.633	0.0204	0.002	0.100
11.145	0.0081	0.007	0.680	0.0165	0.002	0.074
11.150	0.0183	0.009	0.672	0.0120	0.003	0.073
11.155	0.0242	0.009	0.671	0.0179	0.001	0.069
11.160	0.0337	0.007	0.711	0.0145	0.000	0.061
11.165	0.0400	0.009	0.720	0.0149	0.000	0.055
11.170	0.0288	0.009	0.677	0.0135	0.000	0.053
11.175	0.0207	0.007	0.668	0.0112	0.000	0.050
11.180	0.0233	0.007	0.630	0.0236	0.000	0.053
11.185	0.0251	0.007	0.611	0.0173	0.000	0.077
11.190	0.0319	0.007	0.644	0.0142	0.001	0.113
11.195	0.0265	0.009	0.678	0.0094	0.001	0.162
11.200	0.0116	0.005	0.651	0.0145	0.001	0.191
11.205	0.0062	0.014	0.641	0.0124	0.002	0.199
11.210	0.0141	0.030	0.666	0.0183	0.002	0.195
11.215	0.0184	0.016	0.688	0.0181	0.002	0.173
11.220	0.0167	0.009	0.633	0.0075	0.002	0.215
11.224	0.0041	0.005	0.665	0.0156	0.002	0.213
11.229	0.0067	0.002	0.651	0.0223	0.002	0.176
11.234	0.0099	0.009	0.661	0.0234	0.000	0.099
11.239	0.0137	0.002	0.666	0.0169	0.000	0.066
11.244	0.0073	0.005	0.649	0.0135	0.000	0.051
11.249	0.0053	0.005	0.655	0.0150	0.000	0.053
11.254	0.0073	0.002	0.655	0.0138	0.000	0.033
11.259	0.0075	0.002	0.656	0.0171	0.000	0.033
11.264	0.0061	0.005	0.652	0.0134	0.000	0.036
11.269	0.0039	0.002	0.653	0.0180	0.000	0.039
11.274	0.0064	0.005	0.585	0.0510	0.000	0.063
11.279	0.0066	0.002	0.640	0.0350	0.000	0.112
11.284	0.0011	0.005	0.596	0.0401	0.002	0.211
11.289	0.0055	0.016	0.570	0.0371	0.008	0.295
11.294	0.0051	0.002	0.560	0.0148	0.037	0.395
11.299	0.0024	0.032	0.431	0.0245	0.042	0.389
11.304	0.0049	0.052	0.444	0.0338	0.008	0.256
11.309	0.0059	0.002	0.563	0.0332	0.002	0.155
11.314	0.0157	0.014	0.652	0.0171	0.002	0.130
11.319	0.0166	0.007	0.652	0.0160	0.002	0.127
11.324	0.0195	0.011	0.659	0.0145	0.002	0.116
11.329	0.0206	0.007	0.677	0.0184	0.002	0.107
11.334	0.0285	0.009	0.670	0.0099	0.002	0.117
11.339	0.0562	0.016	0.723	0.0107	0.002	0.122
11.344	0.0568	0.009	0.708	0.0104	0.002	0.113
11.349	0.0278	0.020	0.657	0.0082	0.002	0.114
11.354	0.0162	0.011	0.669	0.0091	0.002	0.113
11.359	0.0210	0.011	0.681	0.0084	0.001	0.113
11.364	0.0370	0.016	0.697	0.0073	0.001	0.103
11.369	0.0538	0.011	0.678	0.0141	0.001	0.099
11.374	0.0356	0.020	0.680	0.0125	0.001	0.091
11.379	0.0174	0.009	0.665	0.0282	0.000	0.078
11.384	0.0166	0.011	0.640	0.0240	0.000	0.080
11.389	0.0281	0.011	0.669	0.0256	0.000	0.074
11.394	0.0465	0.009	0.547	0.0269	0.000	0.051
11.399	0.0221	0.007	0.516	0.0355	0.000	0.034
11.404	0.0084	0.007	0.651	0.0247	0.000	0.028
11.409	0.0137	0.002	0.709	0.0174	0.000	0.027
11.414	0.0241	0.007	0.679	0.0134	0.000	0.031
11.419	0.0251	0.005	0.643	0.0201	0.000	0.040
11.424	0.0113	0.007	0.682	0.0180	0.000	0.038
11.429	0.0116	0.011	0.657	0.0173	0.000	0.033
11.434	0.0101	0.007	0.667	0.0149	0.000	0.031
11.439	0.0169	0.009	0.718	0.0102	0.000	0.034
11.444	0.0338	0.007	0.717	0.0102	0.000	0.032
11.449	0.0352	0.009	0.672	0.0175	0.000	0.032
11.454	0.0172	0.007	0.674	0.0184	0.000	0.034
11.459	0.0146	0.007	0.666	0.0165	0.000	0.036
11.464	0.0159	0.007	0.671	0.0162	0.000	0.033
11.469	0.0265	0.007	0.716	0.0119	0.000	0.034
11.474	0.0436	0.009	0.714	0.0099	0.000	0.033
11.479	0.0416	0.009	0.668	0.0164	0.000	0.036
11.484	0.0219	0.007	0.673	0.0139	0.000	0.039
11.489	0.0201	0.011	0.677	0.0124	0.000	0.040
11.494	0.0283	0.011	0.673	0.0128	0.000	0.043
11.499	0.0422	0.011	0.716	0.0150	0.000	0.047
11.504	0.0638	0.011	0.718	0.0128	0.000	0.045
11.509	0.0578	0.011	0.679	0.0148	0.000	0.049
11.514	0.0407	0.011	0.683	0.0109	0.000	0.053
11.519	0.0387	0.011	0.691	0.0102	0.000	0.056
11.524	0.0487	0.011	0.684	0.0117	0.000	0.059
11.529	0.0623	0.011	0.705	0.0118	0.000	0.067
11.534	0.0808	0.011	0.707	0.0165	0.000	0.065
11.539	0.0743	0.011	0.676	0.0050	0.000	0.065
11.544	0.0436	0.011	0.661	0.0098	0.000	0.066
11.549	0.0415	0.011	0.670	0.0283	0.000	0.065
11.554	0.0527	0.011	0.657	0.0186	0.000	0.062
11.559	0.0745	0.011	0.629	0.0164	0.000	0.063
11.564	0.0730	0.009	0.445	0.0410	0.000	0.071
11.569	0.0220	0.011	0.387	0.0328	0.000	0.079
11.574	0.0219	0.011	0.399	0.0423	0.000	0.076
11.579	0.0105	0.016	0.516	0.0252	0.000	0.084
11.584	0.0217	0.002	0.631	0.0131	0.000	0.075
11.589	0.0268	0.009	0.632	0.0236	0.000	0.080
11.594	0.0246	0.007	0.674	0.0163	0.001	0.088
11.599	0.0270	0.007	0.670	0.0113	0.001	0.090
11.604	0.0296	0.007	0.678	0.0151	0.001	0.094
11.609	0.0370	0.009	0.707	0.0098	0.001	0.088
11.614	0.0479	0.007	0.713	0.0102	0.001	0.079
11.619	0.0444	0.009	0.678	0.0130	0.001	0.092
11.624	0.0281	0.011	0.689	0.0086	0.002	0.099
11.629	0.0275	0.007	0.692	0.0084	0.002	0.106
11.634	0.0254	0.007	0.683	0.0095	0.002	0.112
11.639	0.0336	0.009	0.716	0.0127	0.003	0.122
11.644	0.0473	0.007	0.703	0.0083	0.003	0.119
11.649	0.0386	0.014	0.676	0.0169	0.003	0.114
11.654	0.0336	0.014	0.684	0.0238	0.002	0.103
11.659	0.0180	0.011	0.634	0.0128	0.002	0.097
11.663	0.0118	0.016	0.581	0.0192	0.001	0.095
11.668	0.0151	0.014	0.464	0.0280	0.001	0.093
11.673	0.0162	0.011	0.543	0.0350	0.000	0.069
11.678	0.0217	0.009	0.639	0.0222	0.001	0.087
11.683	0.0214	0.009	0.489	0.0457	0.001	0.112
11.688	0.0116	0.011	0.501	0.0258	0.002	0.129
11.693	0.0171	0.009	0.568	0.0226	0.003	0.159
11.698	0.0116	0.011	0.615	0.0284	0.003	0.182
11.703	0.0080	0.018	0.620	0.0206	0.006	0.169
11.708	0.0123	0.016	0.415	0.0226	0.030	0.188
11.713	0.0057	0.039	0.361	0.0183	0.028	0.200
11.718	0.0057	0.041	0.396	0.0226	0.013	0.166
11.723	0.0091	0.041	0.271	0.0218	0.029	0.161
11.728	0.0040	0.036	0.245	0.0199	0.079	0.222
11.733	0.0055	0.043	0.293	0.0171	0.062	0.240
11.738	0.0065	0.061	0.372	0.0210	0.045	0.213
11.743	0.0066	0.034	0.492	0.0234	0.021	0.145
11.748	0.0065	0.030	0.534	0.0186	0.011	0.119
11.753	0.0168	0.014	0.591	0.0082	0.012	0.131
11.758	0.0116	0.023	0.605	0.0123	0.015	0.149
11.763	0.0103	0.030	0.599	0.0070	0.015	0.168
11.768	0.0143	0.018	0.591	0.0117	0.021	0.192
11.773	0.0180	0.020	0.628	0.0108	0.013	0.163
11.778	0.0136	0.025	0.581	0.0151	0.011	0.149
11.783	0.0135	0.023	0.642	0.0093	0.008	0.129
11.788	0.0193	0.014	0.674	0.0100	0.022	0.150
11.793	0.0272	0.020	0.621	0.0099	0.027	0.157
11.798	0.0163	0.025	0.615	0.0167	0.019	0.155
11.803	0.0108	0.034	0.607	0.0128	0.013	0.141
11.808	0.0196	0.018	0.623	0.0085	0.015	0.141
11.813	0.0305	0.016	0.687	0.0091	0.022	0.142
11.818	0.0312	0.020	0.647	0.0106	0.020	0.147
11.823	0.0135	0.025	0.632	0.0103	0.013	0.150
11.828	0.0125	0.034	0.656	0.0100	0.015	0.144
11.833	0.0180	0.023	0.628	0.0105	0.024	0.165
11.838	0.0253	0.020	0.633	0.0121	0.033	0.172
11.843	0.0320	0.018	0.654	0.0112	0.039	0.173
11.848	0.0178	0.025	0.603	0.0115	0.029	0.174
11.853	0.0137	0.018	0.622	0.0092	0.018	0.161
11.858	0.0112	0.014	0.520	0.0130	0.021	0.170
11.863	0.0120	0.036	0.425	0.0189	0.021	0.184
11.868	0.0256	0.020	0.438	0.0196	0.024	0.184
11.873	0.0184	0.027	0.373	0.0235	0.028	0.236
11.878	0.0036	0.032	0.477	0.0176	0.028	0.281
11.883	0.0031	0.007	0.383	0.0203	0.029	0.308
11.888	0.0044	0.020	0.356	0.0141	0.090	0.295
11.893	0.0022	0.018	0.380	0.0159	0.073	0.286
11.898	0.0048	0.057	0.228	0.0196	0.059	0.334
11.903	0.0021	0.041	0.265	0.0232	0.083	0.359
11.908	0.0017	0.064	0.297	0.0107	0.060	0.341
11.913	0.0021	0.045	0.226	0.0174	0.119	0.386
11.918	0.0020	0.082	0.201	0.0188	0.068	0.384
11.923	0.0012	0.089	0.198	0.0211	0.114	0.388
11.928	0.0031	0.070	0.152	0.0155	0.225	0.343
11.933	0.0013	0.089	0.193	0.0151	0.426	0.329
11.938	0.0042	0.091	0.168	0.0185	0.356	0.310
11.943	0.0065	0.093	0.227	0.0121	0.341	0.302
11.948	0.0080	0.098	0.197	0.0179	0.323	0.307
11.953	0.0114	0.095	0.248	0.0145	0.261	0.307
11.958	0.0106	0.091	0.215	0.0123	0.313	0.312
11.963	0.0102	0.100	0.144	0.0172	0.372	0.335
11.968	0.0096	0.116	0.152	0.0136	0.332	0.339
11.973	0.0124	0.091	0.193	0.0211	0.354	0.312
11.978	0.0123	0.107	0.212	0.0173	0.230	0.288
11.983	0.0096	0.098	0.239	0.0152	0.241	0.269
11.988	0.0201	0.093	0.166	0.0130	0.353	0.285
11.993	0.0175	0.095	0.159	0.0173	0.317	0.287
11.998	0.0139	0.084	0.192	0.0131	0.278	0.279
12.003	0.0162	0.107	0.151	0.0134	0.270	0.292
12.008	0.0216	0.091	0.220	0.0156	0.297	0.324
12.013	0.0154	0.093	0.231	0.0143	0.404	0.357
12.018	0.0131	0.107	0.150	0.0153	0.421	0.361
12.023	0.0088	0.105	0.108	0.0186	0.440	0.378
12.028	0.0081	0.120	0.204	0.0253	0.331	0.328
12.033	0.0050	0.123	0.398	0.0409	0.022	0.177
12.038	0.0062	0.057	0.589	0.0286	0.005	0.120
12.043	0.0198	0.014	0.702	0.0253	0.001	0.085
12.048	0.0310	0.014	0.712	0.0186	0.000	0.069
12.053	0.0286	0.007	0.718	0.0157	0.000	0.057
12.058	0.0237	0.014	0.684	0.0138	0.000	0.058
12.063	0.0271	0.007	0.707	0.0212	0.000	0.059
12.068	0.0209	0.009	0.697	0.0125	0.000	0.054
12.073	0.0329	0.007	0.689	0.0197	0.000	0.061
12.078	0.0329	0.009	0.689	0.0204	0.000	0.075
12.083	0.0436	0.007	0.564	0.0208	0.001	0.088
12.088	0.0338	0.009	0.450	0.0231	0.002	0.095
12.093	0.0150	0.005	0.569	0.0230	0.002	0.062
12.098	0.0066	0.014	0.662	0.0338	0.001	0.050
12.102	0.0117	0.002	0.673	0.0222	0.000	0.033
12.107	0.0146	0.014	0.697	0.0270	0.000	0.033
12.112	0.0183	0.007	0.651	0.0159	0.000	0.049
12.117	0.0125	0.005	0.648	0.0080	0.001	0.051
12.122	0.0061	0.009	0.674	0.0108	0.001	0.053
12.127	0.0149	0.011	0.666	0.0144	0.001	0.056
12.132	0.0194	0.007	0.613	0.0076	0.011	0.133
12.137	0.0157	0.005	0.636	0.0109	0.023	0.155
12.142	0.0064	0.016	0.528	0.0143	0.040	0.187
12.147	0.0163	0.027	0.583	0.0462	0.008	0.137
12.152	0.0181	0.007	0.600	0.0185	0.001	0.108
12.157	0.0194	0.007	0.660	0.0172	0.001	0.099
12.162	0.0135	0.007	0.652	0.0049	0.001	0.090
12.167	0.0289	0.007	0.658	0.0058	0.001	0.090
12.172	0.0438	0.007	0.664	0.0127	0.001	0.085
12.177	0.0223	0.007	0.663	0.0073	0.001	0.079
12.182	0.0197	0.007	0.658	0.0068	0.001	0.084
12.187	0.0332	0.007	0.667	0.0052	0.001	0.081
12.192	0.0457	0.007	0.666	0.0077	0.001	0.079
12.197	0.0287	0.007	0.664	0.0069	0.001	0.084
12.202	0.0228	0.007	0.670	0.0111	0.001	0.089
12.207	0.0351	0.007	0.691	0.0115	0.001	0.086
12.212	0.0479	0.007	0.692	0.0122	0.001	0.071
12.217	0.0372	0.007	0.730	0.0112	0.001	0.069
12.222	0.0285	0.007	0.739	0.0114	0.000	0.071
12.227	0.0355	0.007	0.712	0.0081	0.001	0.068
12.232	0.0466	0.007	0.703	0.0140	0.000	0.064
12.237	0.0446	0.007	0.728	0.0105	0.000	0.070
12.242	0.0326	0.007	0.752	0.0136	0.000	0.068
12.247	0.0274	0.007	0.752	0.0148	0.000	0.064
12.252	0.0339	0.007	0.752	0.0102	0.000	0.066
12.257	0.0418	0.009	0.758	0.0148	0.000	0.069
12.262	0.0382	0.007	0.759	0.0157	0.000	0.074
12.267	0.0318	0.007	0.789	0.0095	0.001	0.084
12.272	0.0280	0.007	0.785	0.0123	0.001	0.094
12.277	0.0297	0.009	0.713	0.0134	0.001	0.100
12.282	0.0394	0.007	0.693	0.0117	0.002	0.100
12.287	0.0372	0.007	0.718	0.0157	0.001	0.103
12.292	0.0222	0.009	0.688	0.0095	0.001	0.094
12.297	0.0209	0.007	0.721	0.0124	0.002	0.091
12.302	0.0177	0.014	0.740	0.0138	0.002	0.105
12.307	0.0233	0.016	0.718	0.0182	0.001	0.097
12.312	0.0280	0.014	0.701	0.0161	0.001	0.102
12.317	0.0341	0.007	0.690	0.0174	0.001	0.108
12.322	0.0300	0.009	0.717	0.0174	0.002	0.112
12.327	0.0327	0.014	0.729	0.0078	0.002	0.113
12.332	0.0374	0.009	0.707	0.0105	0.002	0.119
12.337	0.0367	0.009	0.727	0.0102	0.002	0.128
12.342	0.0368	0.009	0.753	0.0075	0.002	0.133
12.347	0.0405	0.009	0.748	0.0054	0.002	0.119
12.352	0.0433	0.009	0.751	0.0048	0.002	0.108
12.357	0.0438	0.009	0.746	0.0065	0.002	0.114
12.362	0.0466	0.009	0.750	0.0069	0.003	0.114
12.367	0.0458	0.009	0.756	0.0051	0.004	0.112
12.372	0.0471	0.009	0.755	0.0068	0.004	0.110
12.377	0.0465	0.009	0.751	0.0051	0.004	0.117
12.382	0.0451	0.009	0.752	0.0067	0.004	0.121
12.387	0.0428	0.009	0.728	0.0090	0.003	0.129
12.392	0.0413	0.009	0.723	0.0129	0.003	0.118
12.397	0.0408	0.009	0.735	0.0082	0.003	0.123
12.402	0.0409	0.009	0.709	0.0114	0.003	0.115
12.407	0.0414	0.009	0.680	0.0183	0.002	0.108
12.412	0.0417	0.009	0.661	0.0192	0.002	0.102
12.417	0.0386	0.009	0.655	0.0182	0.002	0.103
12.422	0.0257	0.011	0.651	0.0212	0.002	0.092
12.427	0.0196	0.014	0.622	0.0192	0.001	0.086
12.432	0.0201	0.011	0.622	0.0197	0.001	0.068
12.437	0.0268	0.011	0.625	0.0219	0.001	0.075
12.442	0.0376	0.011	0.632	0.0216	0.000	0.065
12.447	0.0501	0.011	0.634	0.0220	0.000	0.063
12.452	0.0316	0.009	0.636	0.0221	0.000	0.055
12.457	0.0268	0.011	0.618	0.0149	0.000	0.055
12.462	0.0347	0.009	0.567	0.0251	0.000	0.057
12.467	0.0479	0.011	0.579	0.0231	0.000	0.059
12.472	0.0203	0.009	0.613	0.0418	0.000	0.056
12.477	0.0111	0.009	0.541	0.0314	0.000	0.062
12.482	0.0243	0.007	0.560	0.0246	0.000	0.066
12.487	0.0186	0.007	0.644	0.0361	0.000	0.063
12.492	0.0096	0.007	0.646	0.0333	0.000	0.074
12.497	0.0184	0.005	0.628	0.0159	0.001	0.076
12.502	0.0226	0.011	0.648	0.0139	0.001	0.089
12.507	0.0098	0.007	0.652	0.0169	0.001	0.092
12.512	0.0102	0.007	0.634	0.0116	0.002	0.119
12.517	0.0213	0.007	0.641	0.0205	0.001	0.124
12.522	0.0099	0.007	0.640	0.0173	0.002	0.129
12.527	0.0080	0.007	0.656	0.0120	0.002	0.144
12.532	0.0135	0.016	0.648	0.0153	0.004	0.191
12.537	0.0178	0.025	0.639	0.0184	0.005	0.206
12.541	0.0129	0.005	0.639	0.0136	0.010	0.224
12.546	0.0043	0.014	0.662	0.0187	0.015	0.219
12.551	0.0070	0.020	0.669	0.0145	0.018	0.245
12.556	0.0089	0.005	0.692	0.0127	0.015	0.256
12.561	0.0126	0.005	0.707	0.0081	0.028	0.278
12.566	0.0122	0.002	0.693	0.0097	0.029	0.268
12.571	0.0116	0.014	0.702	0.0154	0.033	0.264
12.576	0.0072	0.009	0.700	0.0103	0.047	0.260
12.581	0.0077	0.009	0.687	0.0208	0.038	0.281
12.586	0.0081	0.014	0.716	0.0103	0.044	0.274
12.591	0.0095	0.018	0.709	0.0076	0.051	0.302
12.596	0.0097	0.018	0.677	0.0105	0.067	0.312
12.601	0.0091	0.009	0.679	0.0097	0.092	0.334
12.606	0.0089	0.023	0.665	0.0102	0.106	0.335
12.611	0.0088	0.023	0.664	0.0093	0.132	0.339
12.616	0.0091	0.032	0.677	0.0099	0.116	0.343
12.621	0.0101	0.032	0.691	0.0106	0.111	0.350
12.626	0.0095	0.032	0.683	0.0097	0.128	0.355
12.631	0.0095	0.027	0.664	0.0103	0.136	0.356
12.636	0.0085	0.036	0.652	0.0096	0.142	0.381
12.641	0.0076	0.045	0.646	0.0116	0.147	0.419
12.646	0.0070	0.041	0.602	0.0126	0.183	0.409
12.651	0.0060	0.055	0.514	0.0114	0.365	0.381
12.656	0.0069	0.084	0.389	0.0116	0.553	0.394
12.661	0.0054	0.120	0.237	0.0146	0.794	0.423
12.666	0.0036	0.161	0.163	0.0128	0.938	0.460
12.671	0.0029	0.168	0.138	0.0126	0.984	0.435
12.676	0.0035	0.182	0.135	0.0163	0.989	0.428
12.681	0.0031	0.200	0.164	0.0128	0.995	0.419
12.686	0.0040	0.173	0.201	0.0118	0.993	0.433
12.691	0.0034	0.166	0.221	0.0124	0.987	0.407
12.696	0.0026	0.182	0.195	0.0141	0.989	0.406
12.701	0.0032	0.170	0.195	0.0138	0.993	0.386
12.706	0.0028	0.159	0.184	0.0118	0.992	0.390
12.711	0.0037	0.159	0.136	0.0134	0.983	0.407
12.716	0.0023	0.157	0.126	0.0143	0.978	0.413
12.721	0.0023	0.161	0.160	0.0172	0.985	0.382
12.726	0.0022	0.180	0.145	0.0137	0.988	0.363
12.731	0.0023	0.148	0.181	0.0165	0.984	0.362
12.736	0.0021	0.161	0.242	0.0136	0.985	0.363
12.741	0.0028	0.155	0.241	0.0117	0.985	0.349
12.746	0.0033	0.150	0.206	0.0125	0.984	0.359
12.751	0.0026	0.157	0.201	0.0113	0.984	0.349
12.756	0.0019	0.170	0.144	0.0130	0.978	0.365
12.761	0.0016	0.170	0.213	0.0131	0.980	0.353
12.766	0.0014	0.161	0.233	0.0161	0.982	0.367
12.771	0.0010	0.159	0.210	0.0168	0.983	0.346
12.776	0.0008	0.143	0.184	0.0154	0.983	0.344
12.781	0.0006	0.139	0.318	0.0197	0.979	0.343
12.786	0.0004	0.132	0.205	0.0139	0.979	0.355
12.791	0.0004	0.157	0.237	0.0147	0.961	0.417
12.796	0.0002	0.136	0.199	0.0143	0.852	0.529
12.801	0.0001	0.143	0.209	0.0080	0.621	0.628
12.806	0.0001	0.139	0.210	0.0141	0.613	0.638
12.811	0.0001	0.127	0.256	0.0120	0.608	0.632
12.816	0.0000	0.105	0.271	0.0110	0.664	0.659
12.821	0.0000	0.123	0.246	0.0115	0.572	0.692
12.826	0.0000	0.091	0.377	0.0137	0.467	0.689
12.831	0.0000	0.105	0.418	0.0088	0.314	0.705
12.836	0.0000	0.082	0.379	0.0108	0.364	0.729
12.841	0.0000	0.064	0.340	0.0131	0.282	0.709
12.846	0.0000	0.066	0.264	0.0116	0.223	0.713
12.851	0.0000	0.052	0.170	0.0128	0.347	0.658
12.856	0.0000	0.048	0.154	0.0082	0.312	0.654
12.861	0.0000	0.073	0.178	0.0194	0.192	0.656
12.866	0.0000	0.057	0.227	0.0136	0.166	0.650
12.871	0.0000	0.052	0.197	0.0141	0.131	0.606
12.876	0.0000	0.050	0.153	0.0127	0.140	0.596
12.881	0.0000	0.055	0.342	0.0170	0.144	0.550
12.886	0.0000	0.068	0.228	0.0171	0.106	0.534
12.891	0.0000	0.080	0.365	0.0169	0.145	0.506
12.896	0.0001	0.082	0.262	0.0209	0.134	0.468
12.901	0.0000	0.050	0.475	0.0245	0.131	0.430
12.906	0.0001	0.066	0.528	0.0194	0.087	0.393
12.911	0.0001	0.057	0.526	0.0142	0.070	0.400
12.916	0.0002	0.041	0.443	0.0176	0.069	0.387
12.921	0.0001	0.041	0.290	0.0125	0.143	0.431
12.926	0.0001	0.048	0.214	0.0153	0.286	0.455
12.931	0.0001	0.068	0.224	0.0189	0.243	0.411
12.936	0.0001	0.077	0.245	0.0157	0.217	0.409
12.941	0.0001	0.084	0.343	0.0197	0.168	0.398
12.946	0.0001	0.089	0.352	0.0163	0.165	0.388
12.951	0.0001	0.070	0.293	0.0163	0.155	0.406
12.956	0.0001	0.070	0.247	0.0192	0.113	0.423
12.961	0.0001	0.066	0.298	0.0120	0.125	0.449
12.966	0.0001	0.068	0.299	0.0152	0.167	0.454
12.971	0.0001	0.070	0.307	0.0128	0.166	0.427
12.976	0.0001	0.070	0.416	0.0139	0.180	0.418
12.980	0.0001	0.075	0.470	0.0134	0.231	0.391
12.985	0.0001	0.082	0.371	0.0134	0.203	0.381
12.990	0.0001	0.068	0.314	0.0158	0.209	0.396
12.995	0.0001	0.080	0.230	0.0153	0.267	0.385
13.000	0.0001	0.077	0.207	0.0142	0.381	0.380
13.005	0.0001	0.080	0.241	0.0141	0.427	0.424
13.010	0.0001	0.098	0.190	0.0136	0.294	0.404
13.015	0.0001	0.086	0.215	0.0155	0.361	0.369
13.020	0.0002	0.091	0.164	0.0169	0.311	0.372
13.025	0.0001	0.091	0.181	0.0154	0.294	0.380
13.030	0.0002	0.082	0.182	0.0136	0.435	0.398
13.035	0.0002	0.073	0.205	0.0148	0.500	0.421
13.040	0.0002	0.098	0.213	0.0154	0.409	0.398
13.045	0.0001	0.086	0.146	0.0162	0.394	0.395
13.050	0.0001	0.095	0.183	0.0137	0.389	0.383
13.055	0.0001	0.080	0.197	0.0127	0.369	0.390
13.060	0.0001	0.075	0.176	0.0151	0.301	0.413
13.065	0.0001	0.098	0.215	0.0140	0.207	0.409
13.070	0.0001	0.070	0.252	0.0167	0.172	0.421
13.075	0.0001	0.070	0.246	0.0133	0.141	0.431
13.080	0.0001	0.055	0.246	0.0146	0.111	0.455
13.085	0.0001	0.057	0.251	0.0139	0.110	0.501
13.090	0.0001	0.052	0.212	0.0145	0.096	0.513
13.095	0.0001	0.059	0.236	0.0128	0.127	0.549
13.100	0.0001	0.055	0.208	0.0145	0.192	0.593
13.105	0.0000	0.070	0.140	0.0169	0.150	0.581
13.110	0.0000	0.057	0.174	0.0171	0.064	0.506
13.115	0.0000	0.043	0.228	0.0178	0.060	0.496
13.120	0.0000	0.048	0.260	0.0172	0.045	0.496
13.125	0.0000	0.039	0.212	0.0157	0.046	0.508
13.130	0.0001	0.011	0.248	0.0163	0.055	0.516
13.135	0.0000	0.039	0.230	0.0161	0.069	0.521
13.140	0.0001	0.020	0.314	0.0113	0.064	0.544
13.145	0.0000	0.034	0.367	0.0129	0.108	0.602
13.150	0.0000	0.034	0.246	0.0121	0.260	0.728
13.155	0.0000	0.045	0.100	0.0162	0.223	0.711
13.160	0.0000	0.014	0.160	0.0130	0.100	0.650
13.165	0.0000	0.014	0.209	0.0096	0.143	0.699
13.170	0.0000	0.041	0.199	0.0125	0.211	0.722
13.175	0.0000	0.023	0.125	0.0159	0.173	0.697
13.180	0.0000	0.027	0.114	0.0135	0.237	0.705
13.185	0.0000	0.036	0.212	0.0179	0.200	0.704
13.190	0.0000	0.011	0.320	0.0104	0.097	0.672
13.195	0.0000	0.005	0.306	0.0102	0.110	0.667
13.200	0.0000	0.039	0.162	0.0137	0.266	0.746
13.205	0.0000	0.023	0.142	0.0083	0.333	0.772
13.210	0.0000	0.014	0.141	0.0150	0.335	0.746
13.215	0.0000	0.005	0.144	0.0107	0.234	0.712
13.220	0.0000	0.018	0.127	0.0064	0.266	0.723
13.225	0.0000	0.005	0.000	0.0265	0.347	0.789
13.230	0.0000	0.005	0.086	0.0291	0.133	0.671
13.235	0.0000	0.000	0.180	0.0666	0.007	0.360
13.240	0.0000	0.039	0.391	0.0460	0.000	0.112
13.245	0.0000	0.016	0.361	0.0214	0.000	0.075
13.250	0.0007	0.011	0.147	0.0622	0.000	0.058
13.255	0.0036	0.011	0.408	0.0517	0.000	0.040
13.260	0.0038	0.007	0.586	0.0199	0.000	0.040
13.265	0.0228	0.011	0.658	0.0174	0.000	0.045
13.270	0.0269	0.009	0.683	0.0173	0.000	0.048
13.275	0.0295	0.011	0.671	0.0153	0.000	0.052
13.280	0.0344	0.011	0.669	0.0167	0.001	0.067
13.285	0.0450	0.011	0.691	0.0090	0.001	0.072
13.290	0.0571	0.011	0.668	0.0115	0.001	0.070
13.295	0.0442	0.009	0.666	0.0093	0.001	0.062
13.300	0.0403	0.011	0.662	0.0115	0.001	0.059
13.305	0.0478	0.011	0.694	0.0119	0.001	0.056
13.310	0.0766	0.011	0.712	0.0130	0.001	0.062
13.315	0.0873	0.009	0.660	0.0130	0.001	0.065
13.320	0.0482	0.011	0.592	0.0322	0.001	0.070
13.325	0.0403	0.011	0.585	0.0235	0.001	0.070
13.330	0.0455	0.016	0.637	0.0190	0.002	0.073
13.335	0.0389	0.009	0.716	0.0176	0.001	0.064
13.340	0.0544	0.007	0.683	0.0147	0.000	0.061
13.345	0.0517	0.009	0.586	0.0176	0.000	0.071
13.350	0.0291	0.007	0.506	0.0252	0.000	0.083
13.355	0.0101	0.007	0.618	0.0334	0.000	0.060
13.360	0.0107	0.011	0.669	0.0230	0.000	0.033
13.365	0.0153	0.005	0.706	0.0297	0.000	0.033
13.370	0.0207	0.002	0.700	0.0288	0.000	0.032
13.375	0.0166	0.005	0.672	0.0182	0.000	0.040
13.380	0.0096	0.005	0.662	0.0081	0.000	0.058
13.385	0.0078	0.005	0.641	0.0146	0.000	0.070
13.390	0.0067	0.002	0.624	0.0156	0.001	0.101
13.395	0.0089	0.005	0.658	0.0309	0.001	0.113
13.400	0.0125	0.007	0.649	0.0216	0.001	0.111
13.405	0.0115	0.009	0.553	0.0218	0.001	0.110
13.410	0.0121	0.005	0.544	0.0281	0.001	0.100
13.415	0.0049	0.011	0.560	0.0220	0.001	0.096
13.420	0.0080	0.009	0.640	0.0369	0.001	0.073
13.424	0.0064	0.014	0.682	0.0193	0.001	0.063
13.429	0.0093	0.009	0.708	0.0249	0.001	0.059
13.434	0.0101	0.009	0.745	0.0231	0.000	0.050
13.439	0.0129	0.009	0.693	0.0159	0.000	0.061
13.444	0.0141	0.009	0.598	0.0240	0.001	0.074
13.449	0.0082	0.009	0.549	0.0320	0.001	0.079
13.454	0.0042	0.011	0.644	0.0190	0.001	0.084
13.459	0.0070	0.009	0.609	0.0166	0.001	0.088
13.464	0.0077	0.011	0.490	0.0244	0.003	0.141
13.469	0.0035	0.011	0.507	0.0201	0.018	0.199
13.474	0.0023	0.020	0.430	0.0165	0.035	0.259
13.479	0.0023	0.034	0.400	0.0122	0.094	0.336
13.484	0.0015	0.039	0.479	0.0155	0.120	0.357
13.489	0.0008	0.064	0.561	0.0132	0.077	0.300
13.494	0.0008	0.045	0.545	0.0145	0.083	0.259
13.499	0.0010	0.048	0.432	0.0204	0.064	0.257
13.504	0.0005	0.045	0.460	0.0329	0.089	0.266
13.509	0.0003	0.057	0.390	0.0229	0.089	0.281
13.514	0.0006	0.064	0.349	0.0122	0.169	0.383
13.519	0.0008	0.077	0.351	0.0226	0.161	0.392
13.524	0.0006	0.086	0.219	0.0259	0.046	0.303
13.529	0.0008	0.059	0.340	0.0430	0.010	0.213
13.534	0.0009	0.045	0.416	0.0421	0.002	0.126
13.539	0.0016	0.030	0.405	0.0369	0.001	0.086
13.544	0.0052	0.014	0.444	0.0445	0.001	0.077
13.549	0.0081	0.014	0.607	0.0191	0.001	0.074
13.554	0.0169	0.011	0.665	0.0176	0.000	0.069
13.559	0.0294	0.014	0.675	0.0140	0.000	0.074
13.564	0.0474	0.011	0.685	0.0172	0.000	0.068
13.569	0.0594	0.011	0.665	0.0189	0.001	0.070
13.574	0.0685	0.011	0.654	0.0186	0.001	0.081
13.579	0.0544	0.014	0.650	0.0116	0.002	0.100
13.584	0.0445	0.009	0.646	0.0127	0.003	0.097
13.589	0.0384	0.011	0.666	0.0163	0.003	0.088
13.594	0.0454	0.011	0.698	0.0107	0.003	0.085
13.599	0.0598	0.011	0.678	0.0074	0.004	0.087
13.604	0.0399	0.011	0.680	0.0074	0.005	0.089
13.609	0.0464	0.009	0.680	0.0070	0.003	0.079
13.614	0.0453	0.020	0.679	0.0103	0.003	0.080
13.619	0.0595	0.016	0.689	0.0085	0.003	0.087
13.624	0.0661	0.011	0.668	0.0090	0.003	0.087
13.629	0.0436	0.011	0.677	0.0103	0.003	0.076
13.634	0.0455	0.009	0.678	0.0134	0.002	0.078
13.639	0.0476	0.011	0.673	0.0119	0.002	0.080
13.644	0.0593	0.011	0.689	0.0085	0.001	0.077
13.649	0.0653	0.011	0.653	0.0128	0.001	0.072
13.654	0.0374	0.016	0.669	0.0166	0.001	0.071
13.659	0.0369	0.009	0.672	0.0134	0.001	0.066
13.664	0.0429	0.011	0.680	0.0097	0.001	0.069
13.669	0.0660	0.011	0.687	0.0149	0.001	0.072
13.674	0.0583	0.011	0.663	0.0182	0.001	0.073
13.679	0.0369	0.014	0.667	0.0155	0.001	0.075
13.684	0.0518	0.014	0.680	0.0098	0.001	0.078
13.689	0.0556	0.016	0.679	0.0103	0.001	0.072
13.694	0.0698	0.014	0.667	0.0122	0.002	0.068
13.699	0.0314	0.018	0.666	0.0126	0.002	0.078
13.704	0.0455	0.009	0.670	0.0077	0.002	0.068
13.709	0.0548	0.016	0.663	0.0117	0.001	0.060
13.714	0.0758	0.011	0.670	0.0074	0.001	0.059
13.719	0.0615	0.014	0.662	0.0088	0.002	0.064
13.724	0.0390	0.011	0.670	0.0066	0.002	0.069
13.729	0.0513	0.009	0.656	0.0088	0.003	0.076
13.734	0.0511	0.011	0.663	0.0075	0.003	0.071
13.739	0.0620	0.011	0.654	0.0094	0.002	0.075
13.744	0.0247	0.009	0.662	0.0109	0.002	0.084
13.749	0.0340	0.009	0.653	0.0159	0.001	0.070
13.754	0.0411	0.016	0.680	0.0111	0.001	0.065
13.759	0.0629	0.011	0.661	0.0076	0.001	0.070
13.764	0.0283	0.011	0.638	0.0112	0.001	0.069
13.769	0.0226	0.009	0.583	0.0160	0.001	0.075
13.774	0.0257	0.009	0.561	0.0202	0.001	0.071
13.779	0.0405	0.016	0.573	0.0193	0.000	0.067
13.784	0.0177	0.011	0.627	0.0250	0.000	0.056
13.789	0.0056	0.011	0.663	0.0112	0.000	0.048
13.794	0.0169	0.007	0.680	0.0107	0.000	0.037
13.799	0.0318	0.007	0.667	0.0106	0.000	0.027
13.804	0.0188	0.007	0.668	0.0077	0.000	0.026
13.809	0.0118	0.007	0.675	0.0107	0.000	0.024
13.814	0.0231	0.009	0.704	0.0161	0.000	0.021
13.819	0.0352	0.007	0.701	0.0287	0.000	0.020
13.824	0.0284	0.005	0.669	0.0144	0.000	0.021
13.829	0.0152	0.009	0.639	0.0260	0.000	0.024
13.834	0.0222	0.007	0.619	0.0218	0.000	0.027
13.839	0.0212	0.009	0.664	0.0154	0.000	0.040
13.844	0.0225	0.005	0.659	0.0115	0.000	0.039
13.849	0.0083	0.007	0.659	0.0163	0.000	0.059
13.854	0.0100	0.007	0.668	0.0167	0.000	0.085
13.859	0.0152	0.005	0.649	0.0090	0.001	0.183
13.863	0.0177	0.002	0.661	0.0098	0.003	0.259
13.868	0.0158	0.005	0.653	0.0083	0.008	0.296
13.873	0.0059	0.005	0.646	0.0111	0.012	0.311
13.878	0.0115	0.011	0.582	0.0177	0.013	0.328
13.883	0.0091	0.009	0.598	0.0191	0.008	0.277
13.888	0.0163	0.002	0.507	0.0224	0.006	0.180
13.893	0.0249	0.005	0.589	0.0245	0.006	0.137
13.898	0.0323	0.023	0.663	0.0153	0.004	0.118
13.903	0.0396	0.009	0.699	0.0140	0.004	0.116
13.908	0.0518	0.007	0.736	0.0096	0.005	0.128
13.913	0.0619	0.020	0.728	0.0082	0.006	0.131
13.918	0.0699	0.023	0.717	0.0117	0.005	0.124
13.923	0.0685	0.027	0.740	0.0071	0.007	0.124
13.928	0.0690	0.023	0.735	0.0075	0.007	0.123
13.933	0.0679	0.018	0.733	0.0081	0.007	0.117
13.938	0.0731	0.018	0.746	0.0069	0.007	0.114
13.943	0.0755	0.018	0.728	0.0064	0.007	0.106
13.948	0.0823	0.023	0.708	0.0121	0.007	0.112
13.953	0.0821	0.023	0.732	0.0082	0.008	0.109
13.958	0.0855	0.027	0.724	0.0078	0.006	0.099
13.963	0.0886	0.027	0.658	0.0104	0.007	0.101
13.968	0.0873	0.027	0.654	0.0142	0.011	0.100
13.973	0.0823	0.032	0.715	0.0127	0.009	0.086
13.978	0.0813	0.036	0.729	0.0074	0.008	0.092
13.983	0.0753	0.018	0.722	0.0128	0.006	0.108
13.988	0.0638	0.014	0.700	0.0147	0.004	0.103
13.993	0.0448	0.009	0.690	0.0174	0.004	0.099
13.998	0.0405	0.016	0.635	0.0316	0.002	0.089
14.003	0.0336	0.011	0.569	0.0380	0.002	0.078
14.008	0.0182	0.009	0.683	0.0149	0.001	0.052
14.013	0.0214	0.002	0.720	0.0126	0.001	0.044
14.018	0.0262	0.005	0.700	0.0282	0.000	0.041
14.023	0.0339	0.005	0.748	0.0087	0.000	0.039
14.028	0.0401	0.005	0.727	0.0131	0.000	0.040
14.033	0.0428	0.005	0.735	0.0200	0.000	0.036
14.038	0.0408	0.002	0.735	0.0131	0.000	0.036
14.043	0.0380	0.005	0.722	0.0113	0.000	0.034
14.048	0.0321	0.005	0.731	0.0166	0.000	0.032
14.053	0.0229	0.005	0.718	0.0105	0.000	0.036
14.058	0.0139	0.005	0.687	0.0207	0.001	0.072
14.063	0.0153	0.005	0.687	0.0261	0.001	0.080
14.068	0.0217	0.005	0.731	0.0091	0.002	0.074
14.073	0.0210	0.005	0.692	0.0203	0.003	0.074
14.078	0.0269	0.007	0.711	0.0106	0.004	0.081
14.083	0.0309	0.014	0.729	0.0118	0.005	0.082
14.088	0.0323	0.009	0.725	0.0104	0.006	0.087
14.093	0.0337	0.018	0.737	0.0061	0.006	0.087
14.098	0.0334	0.014	0.718	0.0122	0.003	0.088
14.103	0.0344	0.018	0.733	0.0106	0.003	0.093
14.108	0.0377	0.014	0.754	0.0063	0.002	0.093
14.113	0.0388	0.005	0.745	0.0075	0.002	0.095
14.118	0.0381	0.005	0.743	0.0132	0.002	0.093
14.123	0.0357	0.005	0.732	0.0128	0.003	0.096
14.128	0.0330	0.005	0.738	0.0097	0.004	0.109
14.133	0.0304	0.009	0.724	0.0171	0.004	0.095
14.138	0.0307	0.007	0.729	0.0174	0.002	0.083
14.143	0.0329	0.009	0.743	0.0137	0.002	0.080
14.148	0.0401	0.009	0.740	0.0165	0.002	0.073
14.153	0.0373	0.009	0.725	0.0108	0.002	0.069
14.158	0.0501	0.014	0.688	0.0181	0.002	0.080
14.163	0.0562	0.020	0.728	0.0175	0.002	0.083
14.168	0.0497	0.009	0.789	0.0087	0.002	0.082
14.173	0.0389	0.011	0.783	0.0112	0.001	0.082
14.178	0.0396	0.014	0.777	0.0133	0.001	0.084
14.183	0.0369	0.014	0.774	0.0113	0.001	0.075
14.188	0.0516	0.016	0.780	0.0084	0.001	0.081
14.193	0.0521	0.020	0.788	0.0107	0.001	0.077
14.198	0.0355	0.009	0.800	0.0082	0.001	0.081
14.203	0.0333	0.014	0.804	0.0065	0.001	0.082
14.208	0.0554	0.011	0.803	0.0059	0.001	0.080
14.213	0.0549	0.011	0.795	0.0070	0.001	0.074
14.218	0.0369	0.011	0.801	0.0088	0.001	0.071
14.223	0.0373	0.011	0.805	0.0073	0.001	0.067
14.228	0.0490	0.011	0.796	0.0085	0.001	0.070
14.233	0.0412	0.011	0.799	0.0104	0.000	0.057
14.238	0.0361	0.014	0.804	0.0063	0.000	0.056
14.243	0.0498	0.011	0.771	0.0086	0.000	0.058
14.248	0.0421	0.009	0.665	0.0250	0.000	0.069
14.253	0.0177	0.007	0.574	0.0385	0.000	0.076
14.258	0.0171	0.009	0.730	0.0494	0.000	0.044
14.263	0.0154	0.005	0.790	0.0507	0.000	0.029
14.268	0.0241	0.005	0.794	0.0253	0.000	0.029
14.273	0.0202	0.007	0.779	0.0126	0.000	0.025
14.278	0.0182	0.005	0.774	0.0114	0.000	0.021
14.283	0.0166	0.007	0.775	0.0156	0.000	0.023
14.288	0.0153	0.005	0.773	0.0083	0.000	0.088
14.293	0.0128	0.007	0.771	0.0152	0.000	0.109
14.298	0.0131	0.005	0.763	0.0064	0.001	0.158
14.302	0.0106	0.005	0.764	0.0116	0.001	0.188
14.307	0.0130	0.005	0.720	0.0118	0.003	0.208
14.312	0.0138	0.016	0.687	0.0275	0.003	0.186
14.317	0.0140	0.005	0.665	0.0217	0.001	0.135
14.322	0.0176	0.005	0.690	0.0229	0.001	0.116
14.327	0.0223	0.014	0.762	0.0116	0.001	0.088
14.332	0.0289	0.011	0.787	0.0104	0.001	0.092
14.337	0.0405	0.014	0.785	0.0100	0.001	0.109
14.342	0.0293	0.011	0.783	0.0111	0.002	0.116
14.347	0.0369	0.009	0.757	0.0107	0.003	0.128
14.352	0.0336	0.014	0.745	0.0155	0.003	0.127
14.357	0.0555	0.005	0.776	0.0126	0.004	0.129
14.362	0.0510	0.011	0.743	0.0107	0.003	0.116
14.367	0.0527	0.009	0.633	0.0200	0.005	0.140
14.372	0.0273	0.016	0.622	0.0153	0.008	0.168
14.377	0.0236	0.014	0.536	0.0218	0.010	0.223
14.382	0.0202	0.018	0.561	0.0208	0.008	0.222
14.387	0.0151	0.018	0.575	0.0276	0.004	0.181
14.392	0.0130	0.007	0.454	0.0260	0.001	0.128
14.397	0.0099	0.005	0.329	0.0309	0.000	0.075
14.402	0.0053	0.009	0.319	0.0493	0.000	0.080
14.407	0.0040	0.011	0.372	0.0390	0.000	0.064
14.412	0.0035	0.005	0.641	0.0349	0.000	0.068
14.417	0.0030	0.011	0.713	0.0255	0.000	0.056
14.422	0.0021	0.005	0.756	0.0193	0.000	0.052
14.427	0.0014	0.005	0.774	0.0201	0.000	0.041
14.432	0.0027	0.011	0.787	0.0244	0.000	0.039
14.437	0.0034	0.005	0.814	0.0124	0.000	0.036
14.442	0.0041	0.005	0.790	0.0134	0.000	0.036
14.447	0.0037	0.007	0.670	0.0177	0.000	0.063
14.452	0.0030	0.005	0.058	0.0278	0.005	0.196
14.457	0.0018	0.005	0.299	0.0057	0.135	0.362
14.462	0.0023	0.011	0.279	0.0060	0.168	0.406
14.467	0.0031	0.041	0.257	0.0122	0.260	0.505
14.472	0.0116	0.109	0.230	0.0130	0.322	0.526
14.477	0.0125	0.109	0.127	0.0189	0.290	0.488
14.482	0.0072	0.105	0.193	0.0246	0.194	0.455
14.487	0.0074	0.073	0.452	0.0304	0.021	0.255
14.492	0.0072	0.066	0.615	0.0209	0.015	0.193
14.497	0.0201	0.011	0.695	0.0156	0.011	0.160
14.502	0.0232	0.014	0.740	0.0112	0.008	0.139
14.507	0.0289	0.014	0.711	0.0096	0.016	0.133
14.512	0.0356	0.011	0.706	0.0118	0.020	0.126
14.517	0.0414	0.014	0.723	0.0125	0.015	0.107
14.522	0.0421	0.014	0.702	0.0119	0.006	0.096
14.527	0.0511	0.011	0.722	0.0135	0.002	0.075
14.532	0.0663	0.009	0.752	0.0094	0.002	0.074
14.537	0.0741	0.018	0.752	0.0085	0.003	0.075
14.542	0.0816	0.014	0.757	0.0094	0.004	0.072
14.547	0.0906	0.014	0.732	0.0116	0.003	0.077
14.552	0.1028	0.018	0.717	0.0124	0.002	0.077
14.557	0.1043	0.020	0.743	0.0132	0.001	0.066
14.562	0.1144	0.018	0.746	0.0088	0.001	0.061
14.567	0.1230	0.014	0.742	0.0113	0.000	0.060
14.572	0.1278	0.014	0.748	0.0114	0.000	0.055
14.577	0.1299	0.014	0.753	0.0036	0.000	0.052
14.582	0.1285	0.014	0.742	0.0043	0.001	0.054
14.587	0.1254	0.014	0.704	0.0129	0.000	0.061
14.592	0.1177	0.014	0.714	0.0152	0.000	0.059
14.597	0.1117	0.018	0.742	0.0069	0.000	0.053
14.602	0.1063	0.016	0.742	0.0102	0.000	0.059
14.607	0.0874	0.014	0.729	0.0072	0.001	0.065
14.612	0.0628	0.014	0.721	0.0150	0.001	0.061
14.617	0.0484	0.016	0.735	0.0098	0.001	0.060
14.622	0.0442	0.016	0.732	0.0083	0.001	0.058
14.627	0.0360	0.018	0.742	0.0120	0.001	0.050
14.632	0.0319	0.011	0.738	0.0109	0.001	0.046
14.637	0.0241	0.009	0.715	0.0102	0.001	0.047
14.642	0.0245	0.011	0.658	0.0164	0.002	0.047
14.647	0.0209	0.014	0.654	0.0151	0.002	0.051
14.652	0.0183	0.007	0.619	0.0186	0.002	0.056
14.657	0.0155	0.009	0.674	0.0194	0.002	0.067
14.662	0.0256	0.005	0.715	0.0169	0.002	0.063
14.667	0.0302	0.005	0.743	0.0089	0.001	0.054
14.672	0.0314	0.005	0.741	0.0079	0.001	0.046
14.677	0.0323	0.005	0.747	0.0060	0.001	0.040
14.682	0.0326	0.009	0.744	0.0099	0.001	0.039
14.687	0.0332	0.009	0.747	0.0072	0.001	0.042
14.692	0.0328	0.007	0.747	0.0073	0.001	0.039
14.697	0.0328	0.009	0.743	0.0075	0.001	0.041
14.702	0.0322	0.005	0.743	0.0078	0.002	0.042
14.707	0.0313	0.005	0.739	0.0124	0.002	0.042
14.712	0.0300	0.005	0.745	0.0079	0.002	0.041
14.717	0.0282	0.005	0.734	0.0110	0.001	0.042
14.722	0.0253	0.005	0.737	0.0099	0.002	0.043
14.727	0.0236	0.005	0.745	0.0072	0.001	0.043
14.732	0.0224	0.005	0.744	0.0068	0.001	0.040
14.737	0.0215	0.005	0.746	0.0073	0.001	0.044
14.741	0.0194	0.009	0.731	0.0095	0.001	0.047
14.746	0.0171	0.009	0.730	0.0089	0.001	0.046
14.751	0.0147	0.005	0.733	0.0091	0.000	0.046
14.756	0.0135	0.005	0.739	0.0087	0.000	0.043
14.761	0.0122	0.009	0.741	0.0065	0.001	0.043
14.766	0.0116	0.009	0.715	0.0159	0.000	0.036
14.771	0.0107	0.009	0.717	0.0165	0.000	0.037
14.776	0.0099	0.018	0.701	0.0133	0.000	0.046
14.781	0.0071	0.014	0.673	0.0230	0.001	0.051
14.786	0.0040	0.020	0.686	0.0211	0.001	0.048
14.791	0.0037	0.016	0.673	0.0168	0.001	0.052
14.796	0.0041	0.023	0.693	0.0171	0.001	0.056
14.801	0.0039	0.023	0.643	0.0259	0.001	0.055
14.806	0.0040	0.020	0.348	0.0271	0.001	0.052
14.811	0.0039	0.018	0.300	0.0397	0.001	0.062
14.816	0.0031	0.018	0.478	0.0186	0.000	0.061
14.821	0.0045	0.020	0.360	0.0188	0.000	0.063
14.826	0.0110	0.018	0.368	0.0406	0.000	0.056
14.831	0.0088	0.014	0.526	0.0225	0.000	0.056
14.836	0.0050	0.018	0.549	0.0271	0.000	0.051
14.841	0.0080	0.018	0.606	0.0234	0.000	0.055
14.846	0.0103	0.014	0.635	0.0112	0.000	0.057
14.851	0.0133	0.014	0.632	0.0197	0.000	0.059
14.856	0.0084	0.014	0.464	0.0365	0.000	0.072
14.861	0.0107	0.016	0.359	0.0300	0.000	0.076
14.866	0.0142	0.014	0.554	0.0333	0.000	0.062
14.871	0.0146	0.014	0.612	0.0139	0.000	0.061
14.876	0.0144	0.016	0.681	0.0227	0.000	0.060
14.881	0.0104	0.014	0.700	0.0146	0.000	0.053
14.886	0.0137	0.011	0.611	0.0232	0.000	0.060
14.891	0.0162	0.011	0.564	0.0213	0.000	0.066
14.896	0.0181	0.011	0.617	0.0135	0.001	0.068
14.901	0.0190	0.011	0.618	0.0129	0.001	0.065
14.906	0.0355	0.014	0.633	0.0191	0.001	0.058
14.911	0.0470	0.011	0.631	0.0157	0.001	0.061
14.916	0.0238	0.016	0.661	0.0083	0.001	0.066
14.921	0.0309	0.014	0.673	0.0096	0.001	0.068
14.926	0.0515	0.016	0.672	0.0126	0.001	0.062
14.931	0.0829	0.018	0.665	0.0118	0.001	0.063
14.936	0.0822	0.014	0.667	0.0086	0.001	0.072
14.941	0.0261	0.020	0.681	0.0161	0.001	0.072
14.946	0.0480	0.025	0.673	0.0159	0.001	0.072
14.951	0.0719	0.020	0.704	0.0138	0.001	0.076
14.956	0.0988	0.023	0.712	0.0126	0.002	0.068
14.961	0.0857	0.025	0.666	0.0135	0.002	0.069
14.966	0.0365	0.023	0.670	0.0149	0.002	0.067
14.971	0.0523	0.020	0.684	0.0119	0.002	0.067
14.976	0.0616	0.027	0.671	0.0094	0.001	0.070
14.981	0.0839	0.020	0.667	0.0056	0.001	0.068
14.986	0.0360	0.016	0.625	0.0174	0.001	0.063
14.991	0.0373	0.023	0.648	0.0162	0.001	0.053
14.996	0.0560	0.020	0.677	0.0116	0.000	0.052
15.001	0.0894	0.018	0.667	0.0066	0.000	0.054
15.006	0.0823	0.018	0.661	0.0106	0.000	0.053
15.011	0.0314	0.018	0.659	0.0106	0.000	0.053
15.016	0.0538	0.014	0.662	0.0070	0.000	0.052
15.021	0.0628	0.020	0.664	0.0076	0.000	0.051
15.026	0.0808	0.014	0.655	0.0106	0.000	0.053
15.031	0.0324	0.014	0.664	0.0072	0.000	0.050
15.036	0.0525	0.018	0.667	0.0044	0.000	0.046
15.041	0.0649	0.014	0.663	0.0079	0.000	0.044
15.046	0.0824	0.014	0.654	0.0090	0.000	0.044
15.051	0.0378	0.014	0.646	0.0123	0.000	0.043
15.056	0.0450	0.014	0.629	0.0115	0.000	0.045
15.061	0.0538	0.014	0.621	0.0118	0.000	0.042
15.066	0.0730	0.011	0.541	0.0266	0.000	0.042
15.071	0.0212	0.009	0.393	0.0322	0.000	0.038
15.076	0.0240	0.009	0.316	0.0514	0.000	0.037
15.081	0.0119	0.011	0.399	0.0339	0.000	0.027
15.086	0.0129	0.005	0.654	0.0100	0.000	0.024
15.091	0.0071	0.009	0.658	0.0085	0.000	0.024
15.096	0.0128	0.007	0.643	0.0109	0.000	0.024
15.101	0.0148	0.007	0.656	0.0104	0.000	0.025
15.106	0.0092	0.005	0.638	0.0161	0.000	0.025
15.111	0.0046	0.009	0.625	0.0129	0.000	0.024
15.116	0.0073	0.011	0.581	0.0121	0.000	0.025
15.121	0.0087	0.011	0.591	0.0128	0.000	0.027
15.126	0.0071	0.005	0.523	0.0182	0.000	0.032
15.131	0.0017	0.009	0.451	0.0239	0.000	0.035
15.136	0.0026	0.007	0.333	0.0467	0.000	0.036
15.141	0.0027	0.009	0.304	0.0325	0.000	0.045
15.146	0.0017	0.011	0.321	0.0483	0.000	0.044
15.151	0.0025	0.016	0.447	0.0427	0.000	0.047
15.156	0.0037	0.020	0.508	0.0275	0.000	0.044
15.161	0.0086	0.020	0.456	0.0417	0.000	0.054
15.166	0.0050	0.020	0.364	0.0437	0.000	0.060
15.171	0.0061	0.025	0.472	0.0324	0.000	0.072
15.176	0.0078	0.025	0.296	0.0389	0.000	0.065
15.180	0.0053	0.027	0.350	0.0498	0.000	0.070
15.185	0.0090	0.023	0.540	0.0351	0.001	0.063
15.190	0.0127	0.014	0.578	0.0217	0.000	0.060
15.195	0.0249	0.016	0.515	0.0294	0.001	0.071
15.200	0.0341	0.016	0.532	0.0280	0.001	0.068
15.205	0.0366	0.016	0.577	0.0165	0.001	0.069
15.210	0.0384	0.016	0.542	0.0177	0.002	0.075
15.215	0.0397	0.014	0.465	0.0284	0.003	0.096
15.220	0.0391	0.014	0.452	0.0261	0.004	0.106
15.225	0.0461	0.014	0.456	0.0211	0.006	0.132
15.230	0.0472	0.039	0.429	0.0170	0.013	0.187
15.235	0.0130	0.036	0.482	0.0161	0.025	0.302
15.240	0.0117	0.036	0.298	0.0134	0.057	0.392
15.245	0.0134	0.057	0.218	0.0180	0.074	0.425
15.250	0.0102	0.064	0.237	0.0234	0.061	0.403
15.255	0.0184	0.032	0.267	0.0088	0.077	0.399
15.260	0.0101	0.055	0.215	0.0138	0.248	0.542
15.265	0.0136	0.089	0.200	0.0102	0.524	0.617
15.270	0.0077	0.145	0.204	0.0120	0.412	0.576
15.275	0.0154	0.125	0.202	0.0144	0.268	0.553
15.280	0.0132	0.084	0.248	0.0169	0.162	0.525
15.285	0.0089	0.098	0.190	0.0113	0.268	0.549
15.290	0.0178	0.052	0.117	0.0115	0.421	0.586
15.295	0.0116	0.102	0.165	0.0135	0.325	0.541
15.300	0.0092	0.123	0.158	0.0137	0.208	0.497
15.305	0.0202	0.086	0.246	0.0114	0.306	0.588
15.310	0.0116	0.091	0.150	0.0160	0.220	0.566
15.315	0.0137	0.127	0.223	0.0160	0.164	0.534
15.320	0.0143	0.061	0.169	0.0126	0.164	0.549
15.325	0.0144	0.091	0.256	0.0149	0.159	0.529
15.330	0.0115	0.045	0.237	0.0203	0.112	0.510
15.335	0.0145	0.048	0.433	0.0329	0.030	0.355
15.340	0.0109	0.064	0.566	0.0185	0.016	0.244
15.345	0.0141	0.007	0.605	0.0106	0.013	0.221
15.350	0.0131	0.027	0.645	0.0124	0.013	0.180
15.355	0.0379	0.025	0.699	0.0124	0.007	0.130
15.360	0.0591	0.018	0.735	0.0087	0.004	0.123
15.365	0.0695	0.014	0.697	0.0098	0.006	0.120
15.370	0.0275	0.014	0.637	0.0156	0.008	0.112
15.375	0.0252	0.011	0.650	0.0135	0.007	0.094
15.380	0.0330	0.009	0.619	0.0155	0.005	0.094
15.385	0.0383	0.014	0.658	0.0141	0.004	0.093
15.390	0.0704	0.011	0.714	0.0137	0.003	0.083
15.395	0.0652	0.014	0.697	0.0097	0.002	0.073
15.400	0.0657	0.011	0.666	0.0221	0.001	0.072
15.405	0.0367	0.011	0.697	0.0171	0.001	0.063
15.410	0.0298	0.011	0.660	0.0174	0.001	0.061
15.415	0.0276	0.018	0.682	0.0188	0.001	0.060
15.420	0.0386	0.011	0.661	0.0172	0.001	0.066
15.425	0.0366	0.009	0.523	0.0257	0.001	0.063
15.430	0.0326	0.007	0.394	0.0338	0.000	0.072
15.435	0.0231	0.018	0.320	0.0545	0.000	0.058
15.440	0.0138	0.005	0.321	0.0390	0.000	0.070
15.445	0.0164	0.002	0.531	0.0405	0.000	0.046
15.450	0.0169	0.005	0.668	0.0341	0.000	0.038
15.455	0.0381	0.009	0.754	0.0154	0.000	0.032
15.460	0.0509	0.009	0.748	0.0175	0.000	0.034
15.465	0.0543	0.009	0.750	0.0070	0.000	0.030
15.470	0.0547	0.009	0.747	0.0095	0.000	0.026
15.475	0.0554	0.009	0.748	0.0051	0.000	0.024
15.480	0.0572	0.009	0.751	0.0042	0.000	0.025
15.485	0.0574	0.009	0.740	0.0110	0.000	0.026
15.490	0.0552	0.009	0.734	0.0130	0.000	0.026
15.495	0.0535	0.009	0.737	0.0108	0.000	0.024
15.500	0.0527	0.009	0.741	0.0154	0.000	0.029
15.505	0.0503	0.009	0.704	0.0159	0.000	0.036
15.510	0.0421	0.007	0.678	0.0247	0.000	0.036
15.515	0.0298	0.009	0.689	0.0236	0.000	0.038
15.520	0.0283	0.007	0.663	0.0145	0.000	0.040
15.525	0.0199	0.009	0.656	0.0189	0.000	0.037
15.530	0.0252	0.007	0.530	0.0209	0.000	0.035
15.535	0.0306	0.007	0.523	0.0238	0.000	0.031
15.540	0.0348	0.009	0.636	0.0182	0.000	0.029
15.545	0.0126	0.007	0.493	0.0383	0.000	0.023
15.550	0.0084	0.005	0.431	0.0328	0.000	0.025
15.555	0.0203	0.007	0.480	0.0368	0.000	0.022
15.560	0.0068	0.007	0.546	0.0323	0.000	0.024
15.565	0.0051	0.009	0.414	0.0372	0.000	0.030
15.570	0.0199	0.007	0.425	0.0775	0.000	0.039
15.575	0.0012	0.009	0.270	0.0797	0.000	0.065
15.580	0.0101	0.007	0.214	0.0453	0.000	0.125
15.585	0.0095	0.002	0.322	0.0599	0.004	0.272
15.590	0.0025	0.016	0.202	0.0271	0.012	0.351
15.595	0.0039	0.002	0.305	0.0127	0.050	0.503
15.600	0.0017	0.016	0.257	0.0117	0.186	0.625
15.605	0.0023	0.032	0.161	0.0111	0.447	0.657
15.610	0.0015	0.109	0.100	0.0101	0.594	0.676
15.615	0.0023	0.152	0.080	0.0106	0.692	0.676
15.620	0.0026	0.164	0.073	0.0107	0.789	0.673
15.624	0.0029	0.186	0.097	0.0102	0.705	0.662
15.629	0.0036	0.202	0.093	0.0116	0.721	0.673
15.634	0.0048	0.143	0.098	0.0109	0.766	0.673
15.639	0.0043	0.195	0.115	0.0104	0.693	0.670
15.644	0.0054	0.209	0.140	0.0108	0.679	0.652
15.649	0.0050	0.168	0.181	0.0106	0.613	0.652
15.654	0.0055	0.186	0.176	0.0117	0.616	0.632
15.659	0.0059	0.170	0.215	0.0120	0.591	0.637
15.664	0.0057	0.164	0.233	0.0108	0.597	0.627
15.669	0.0074	0.170	0.229	0.0109	0.719	0.619
15.674	0.0065	0.166	0.141	0.0118	0.787	0.624
15.679	0.0068	0.211	0.121	0.0106	0.783	0.609
15.684	0.0076	0.218	0.136	0.0105	0.741	0.582
15.689	0.0077	0.225	0.168	0.0122	0.651	0.595
15.694	0.0079	0.207	0.177	0.0114	0.629	0.613
15.699	0.0067	0.205	0.159	0.0098	0.619	0.587
15.704	0.0073	0.170	0.144	0.0126	0.727	0.590
15.709	0.0057	0.198	0.119	0.0103	0.687	0.571
15.714	0.0064	0.195	0.119	0.0127	0.711	0.581
15.719	0.0065	0.195	0.143	0.0105	0.715	0.591
15.724	0.0051	0.207	0.156	0.0125	0.612	0.603
15.729	0.0050	0.207	0.122	0.0116	0.540	0.588
15.734	0.0043	0.145	0.195	0.0115	0.591	0.580
15.739	0.0037	0.159	0.200	0.0108	0.582	0.609
15.744	0.0038	0.180	0.196	0.0109	0.472	0.623
15.749	0.0030	0.161	0.204	0.0115	0.462	0.592
15.754	0.0033	0.166	0.168	0.0113	0.446	0.578
15.759	0.0023	0.116	0.158	0.0103	0.494	0.569
15.764	0.0020	0.134	0.161	0.0121	0.479	0.559
15.769	0.0017	0.143	0.147	0.0118	0.398	0.530
15.774	0.0019	0.091	0.175	0.0120	0.481	0.552
15.779	0.0011	0.125	0.172	0.0144	0.507	0.517
15.784	0.0007	0.136	0.140	0.0111	0.357	0.462
15.789	0.0007	0.095	0.154	0.0131	0.330	0.457
15.794	0.0007	0.107	0.180	0.0203	0.155	0.433
15.799	0.0003	0.091	0.318	0.0183	0.095	0.391
15.804	0.0003	0.070	0.322	0.0153	0.086	0.409
15.809	0.0002	0.061	0.314	0.0191	0.060	0.452
15.814	0.0002	0.030	0.289	0.0130	0.147	0.621
15.819	0.0001	0.052	0.159	0.0139	0.231	0.701
15.824	0.0000	0.057	0.131	0.0085	0.486	0.784
15.829	0.0000	0.086	0.101	0.0120	0.559	0.809
15.834	0.0000	0.032	0.144	0.0094	0.456	0.786
15.839	0.0000	0.045	0.112	0.0086	0.419	0.767
15.844	0.0000	0.036	0.087	0.0117	0.593	0.820
15.849	0.0000	0.023	0.099	0.0113	0.641	0.831
15.854	0.0000	0.016	0.109	0.0076	0.523	0.808
15.859	0.0000	0.030	0.121	0.0104	0.509	0.794
15.864	0.0000	0.032	0.154	0.0107	0.392	0.770
15.869	0.0000	0.023	0.252	0.0090	0.304	0.761
15.874	0.0000	0.014	0.234	0.0115	0.309	0.746
15.879	0.0000	0.014	0.259	0.0085	0.288	0.747
15.884	0.0000	0.041	0.195	0.0110	0.314	0.756
15.889	0.0000	0.050	0.128	0.0096	0.465	0.819
15.894	0.0000	0.014	0.122	0.0105	0.593	0.814
15.899	0.0000	0.027	0.110	0.0093	0.556	0.815
15.904	0.0000	0.014	0.160	0.0051	0.497	0.812
15.909	0.0000	0.032	0.001	0.0076	0.437	0.798
15.914	0.0000	0.000	0.000	0.0172	0.794	0.996
15.919	0.0000	0.000	0.000	0.0001	0.821	0.999
15.924	0.0000	0.000	0.000	0.0025	0.819	0.998
15.929	0.0000	0.000	0.166	0.0139	0.747	0.860
15.934	0.0000	0.000	0.143	0.0040	0.704	0.874
15.939	0.0000	0.005	0.143	0.0074	0.704	0.842
15.944	0.0000	0.005	0.100	0.0094	0.703	0.858
15.949	0.0000	0.009	0.166	0.0106	0.818	0.850
15.954	0.0000	0.000	0.000	0.0027	0.826	0.862
15.959	0.0000	0.009	0.000	0.0055	0.823	0.915
15.964	0.0000	0.000	0.000	0.0000	0.000	1.000
15.969	0.0000	0.000	0.000	0.0000	0.000	1.000
15.974	0.0000	0.000	0.000	0.0000	0.000	1.000
15.979	0.0000	0.000	0.000	0.0000	0.000	1.000
15.984	0.0000	0.000	0.000	0.0000	0.000	1.000
15.989	0.0000	0.000	0.000	0.0000	0.000	1.000
15.994	0.0000	0.000	0.000	0.0000	0.000	1.000
15.999	0.0000	0.000	0.000	0.0000	0.000	1.000
16.004	0.0000	0.000	0.000	0.0000	0.000	1.000
16.009	0.0000	0.000	0.000	0.0000	0.000	1.000
16.014	0.0000	0.000	0.000	0.0000	0.000	1.000
16.019	0.0000	0.000	0.000	0.0000	0.000	1.000
16.024	0.0000	0.000	0.000	0.0000	0.000	1.000
16.029	0.0000	0.000	0.000	0.0000	0.000	1.000
16.034	0.0000	0.000	0.000	0.0000	0.000	1.000
16.039	0.0000	0.000	0.000	0.0000	0.000	1.000
16.044	0.0000	0.000	0.000	0.0354	0.768	0.818
16.049	0.0000	0.000	0.023	0.0266	0.363	0.782
16.054	0.0000	0.000	0.212	0.0063	0.224	0.709
16.059	0.0000	0.000	0.277	0.0066	0.308	0.738
16.063	0.0000	0.023	0.201	0.0169	0.345	0.738
16.068	0.0000	0.027	0.180	0.0074	0.342	0.751
16.073	0.0000	0.045	0.247	0.0112	0.392	0.752
16.078	0.0000	0.032	0.150	0.0123	0.310	0.739
16.083	0.0000	0.050	0.047	0.0083	0.339	0.756
16.088	0.0000	0.000	0.027	0.0186	0.591	0.809
16.093	0.0000	0.005	0.499	0.0047	0.822	0.997
16.098	0.0000	0.005	0.000	0.0023	0.819	0.999
16.103	0.0000	0.000	0.000	0.0005	0.821	0.999
16.108	0.0000	0.000	0.000	0.0000	0.821	0.999
16.113	0.0000	0.000	0.500	0.0118	0.812	0.832
16.118	0.0000	0.000	0.000	0.0017	0.821	0.999
16.123	0.0000	0.000	0.000	0.0030	0.819	0.996
16.128	0.0000	0.000	0.000	0.0114	0.820	0.988
16.133	0.0000	0.000	0.141	0.0113	0.735	0.898
16.138	0.0000	0.005	0.141	0.0076	0.602	0.874
16.143	0.0000	0.000	0.109	0.0011	0.603	0.883
16.148	0.0000	0.018	0.099	0.0198	0.848	0.864
16.153	0.0000	0.000	0.165	0.0044	0.889	0.862
16.158	0.0000	0.005	0.164	0.0072	0.784	0.862
16.163	0.0000	0.000	0.331	0.0042	0.678	0.789
16.168	0.0000	0.000	0.000	0.0139	0.608	0.791
16.173	0.0000	0.000	0.000	0.0574	0.566	0.794
16.178	0.0000	0.000	0.000	0.0002	0.716	0.789
16.183	0.0000	0.000	0.001	0.0001	0.717	0.784
16.188	0.0000	0.000	0.000	0.0013	0.714	0.792
16.193	0.0000	0.000	0.000	0.0000	0.000	1.000
16.198	0.0000	0.000	0.000	0.0492	0.740	0.990
16.203	0.0000	0.000	0.118	0.0088	0.771	0.862
16.208	0.0000	0.000	0.089	0.0218	0.466	0.790
16.213	0.0000	0.005	0.319	0.0192	0.049	0.493
16.218	0.0000	0.027	0.253	0.0231	0.051	0.475
16.223	0.0000	0.027	0.386	0.0565	0.007	0.257
16.228	0.0001	0.043	0.188	0.0665	0.001	0.144
16.233	0.0002	0.005	0.327	0.0245	0.001	0.091
16.238	0.0007	0.018	0.402	0.0315	0.000	0.072
16.243	0.0020	0.009	0.592	0.0181	0.000	0.035
16.248	0.0031	0.018	0.627	0.0197	0.000	0.026
16.253	0.0077	0.011	0.666	0.0308	0.000	0.032
16.258	0.0138	0.009	0.700	0.0248	0.000	0.043
16.263	0.0188	0.005	0.714	0.0100	0.000	0.059
16.268	0.0243	0.005	0.714	0.0226	0.001	0.074
16.273	0.0286	0.002	0.696	0.0164	0.002	0.110
16.278	0.0257	0.014	0.668	0.0123	0.003	0.116
16.283	0.0224	0.018	0.673	0.0191	0.003	0.135
16.288	0.0159	0.018	0.461	0.0169	0.006	0.160
16.293	0.0184	0.014	0.510	0.0329	0.005	0.129
16.298	0.0201	0.014	0.602	0.0338	0.002	0.102
16.303	0.0378	0.016	0.649	0.0165	0.001	0.091
16.308	0.0746	0.011	0.693	0.0171	0.003	0.097
16.313	0.1136	0.009	0.762	0.0109	0.006	0.096
16.318	0.1002	0.011	0.767	0.0120	0.008	0.103
16.323	0.0970	0.018	0.781	0.0063	0.010	0.109
16.328	0.0589	0.030	0.771	0.0075	0.009	0.114
16.333	0.0572	0.030	0.712	0.0122	0.005	0.119
16.338	0.0662	0.020	0.639	0.0178	0.004	0.151
16.343	0.0582	0.030	0.548	0.0418	0.002	0.181
16.348	0.0360	0.014	0.602	0.0496	0.001	0.125
16.353	0.0197	0.005	0.604	0.0145	0.001	0.075
16.358	0.0210	0.005	0.520	0.0161	0.001	0.069
16.363	0.0171	0.005	0.474	0.0251	0.000	0.056
16.368	0.0100	0.016	0.442	0.0257	0.001	0.051
16.373	0.0096	0.011	0.602	0.0420	0.001	0.071
16.378	0.0052	0.011	0.655	0.0252	0.001	0.072
16.383	0.0024	0.011	0.722	0.0302	0.001	0.060
16.388	0.0035	0.016	0.721	0.0269	0.000	0.059
16.393	0.0032	0.009	0.750	0.0163	0.000	0.055
16.398	0.0033	0.009	0.751	0.0171	0.000	0.051
16.403	0.0025	0.020	0.765	0.0250	0.000	0.045
16.408	0.0028	0.009	0.741	0.0120	0.000	0.097
16.413	0.0015	0.020	0.395	0.0114	0.018	0.407
16.418	0.0033	0.014	0.241	0.0177	0.254	0.607
16.423	0.0036	0.014	0.199	0.0072	0.625	0.625
16.428	0.0030	0.120	0.153	0.0100	0.717	0.635
16.433	0.0107	0.180	0.205	0.0136	0.796	0.622
16.438	0.0081	0.200	0.316	0.0198	0.490	0.553
16.443	0.0098	0.189	0.618	0.0329	0.046	0.349
16.448	0.0171	0.075	0.699	0.0222	0.012	0.244
16.453	0.0403	0.025	0.754	0.0135	0.003	0.171
16.458	0.0582	0.018	0.659	0.0142	0.003	0.182
16.463	0.0439	0.009	0.420	0.0324	0.003	0.212
16.468	0.0137	0.009	0.589	0.0300	0.003	0.194
16.473	0.0166	0.014	0.724	0.0193	0.002	0.152
16.478	0.0183	0.011	0.774	0.0156	0.001	0.122
16.483	0.0286	0.009	0.737	0.0121	0.001	0.105
16.488	0.0341	0.009	0.704	0.0109	0.000	0.098
16.493	0.0388	0.009	0.697	0.0148	0.000	0.087
16.498	0.0396	0.011	0.730	0.0142	0.000	0.079
16.502	0.0463	0.016	0.767	0.0147	0.000	0.066
16.507	0.0695	0.014	0.758	0.0110	0.000	0.067
16.512	0.0862	0.014	0.773	0.0123	0.000	0.070
16.517	0.0842	0.016	0.749	0.0070	0.000	0.071
16.522	0.0767	0.009	0.743	0.0237	0.000	0.068
16.527	0.0818	0.009	0.737	0.0167	0.000	0.069
16.532	0.0718	0.009	0.739	0.0122	0.000	0.073
16.537	0.0618	0.009	0.764	0.0088	0.000	0.080
16.542	0.0614	0.009	0.696	0.0143	0.001	0.080
16.547	0.0596	0.011	0.634	0.0167	0.001	0.082
16.552	0.0509	0.009	0.481	0.0243	0.001	0.084
16.557	0.0357	0.025	0.515	0.0299	0.002	0.073
16.562	0.0198	0.027	0.661	0.0218	0.003	0.065
16.567	0.0242	0.018	0.679	0.0114	0.005	0.078
16.572	0.0296	0.018	0.625	0.0119	0.005	0.080
16.577	0.0290	0.018	0.666	0.0151	0.004	0.089
16.582	0.0288	0.014	0.669	0.0158	0.004	0.105
16.587	0.0252	0.020	0.655	0.0111	0.007	0.114
16.592	0.0278	0.018	0.615	0.0161	0.004	0.113
16.597	0.0195	0.009	0.501	0.0199	0.002	0.126
16.602	0.0111	0.014	0.559	0.0252	0.001	0.130
16.607	0.0143	0.018	0.612	0.0209	0.001	0.115
16.612	0.0209	0.014	0.691	0.0146	0.001	0.095
16.617	0.0515	0.011	0.711	0.0101	0.001	0.098
16.622	0.0588	0.023	0.718	0.0120	0.002	0.116
16.627	0.0859	0.014	0.716	0.0097	0.002	0.111
16.632	0.0808	0.011	0.725	0.0047	0.002	0.107
16.637	0.0987	0.014	0.721	0.0103	0.002	0.109
16.642	0.0873	0.016	0.721	0.0124	0.001	0.090
16.647	0.0759	0.018	0.751	0.0085	0.002	0.095
16.652	0.0663	0.011	0.728	0.0054	0.001	0.096
16.657	0.0518	0.014	0.742	0.0187	0.001	0.096
16.662	0.0677	0.011	0.753	0.0146	0.001	0.094
16.667	0.0593	0.014	0.742	0.0194	0.001	0.089
16.672	0.0771	0.018	0.760	0.0160	0.002	0.095
16.677	0.0846	0.016	0.709	0.0188	0.002	0.092
16.682	0.0769	0.023	0.654	0.0166	0.002	0.106
16.687	0.0594	0.032	0.592	0.0107	0.003	0.121
16.692	0.0495	0.018	0.556	0.0174	0.015	0.156
16.697	0.0375	0.023	0.605	0.0182	0.017	0.168
16.702	0.0321	0.034	0.616	0.0180	0.006	0.099
16.707	0.0295	0.039	0.645	0.0204	0.003	0.052
16.712	0.0315	0.045	0.662	0.0099	0.003	0.062
16.717	0.0282	0.043	0.670	0.0127	0.003	0.066
16.722	0.0233	0.041	0.674	0.0116	0.003	0.061
16.727	0.0196	0.032	0.661	0.0123	0.003	0.083
16.732	0.0224	0.032	0.633	0.0126	0.004	0.089
16.737	0.0167	0.020	0.651	0.0162	0.006	0.057
16.742	0.0223	0.018	0.651	0.0169	0.008	0.041
16.747	0.0299	0.018	0.613	0.0155	0.008	0.049
16.752	0.0319	0.016	0.472	0.0211	0.013	0.064
16.757	0.0329	0.023	0.239	0.0238	0.043	0.087
16.762	0.0405	0.030	0.385	0.0172	0.041	0.101
16.767	0.0286	0.052	0.265	0.0182	0.024	0.088
16.772	0.0471	0.027	0.408	0.0195	0.015	0.068
16.777	0.0408	0.045	0.259	0.0248	0.006	0.077
16.782	0.0332	0.016	0.292	0.0230	0.004	0.109
16.787	0.0459	0.025	0.384	0.0285	0.002	0.109
16.792	0.0255	0.030	0.477	0.0194	0.003	0.127
16.797	0.0684	0.023	0.481	0.0178	0.003	0.137
16.802	0.0676	0.027	0.454	0.0208	0.004	0.085
16.807	0.0994	0.027	0.474	0.0191	0.004	0.048
16.812	0.1288	0.041	0.376	0.0205	0.003	0.026
16.817	0.0863	0.027	0.520	0.0182	0.003	0.026
16.822	0.0817	0.027	0.357	0.0213	0.012	0.046
16.827	0.0363	0.023	0.419	0.0143	0.053	0.069
16.832	0.0296	0.041	0.243	0.0219	0.333	0.125
16.837	0.0286	0.045	0.227	0.0128	0.539	0.156
16.842	0.0177	0.095	0.160	0.0146	0.649	0.212
16.847	0.0245	0.093	0.142	0.0155	0.672	0.251
16.852	0.0332	0.123	0.169	0.0123	0.736	0.277
16.857	0.0302	0.125	0.199	0.0156	0.775	0.273
16.862	0.0379	0.134	0.265	0.0134	0.818	0.284
16.867	0.0446	0.136	0.190	0.0160	0.841	0.284
16.872	0.0393	0.132	0.178	0.0174	0.708	0.261
16.877	0.0444	0.132	0.181	0.0139	0.640	0.261
16.882	0.0355	0.111	0.153	0.0133	0.641	0.260
16.887	0.0443	0.114	0.159	0.0153	0.661	0.227
16.892	0.0375	0.123	0.232	0.0149	0.644	0.198
16.897	0.0661	0.116	0.176	0.0157	0.658	0.205
16.902	0.0448	0.107	0.169	0.0161	0.668	0.214
16.907	0.0569	0.105	0.165	0.0151	0.712	0.224
16.912	0.0496	0.114	0.201	0.0160	0.547	0.239
16.917	0.0491	0.109	0.233	0.0183	0.537	0.245
16.922	0.0407	0.109	0.194	0.0173	0.589	0.223
16.927	0.0399	0.109	0.240	0.0183	0.735	0.203
16.932	0.0433	0.120	0.220	0.0130	0.782	0.213
16.937	0.0727	0.123	0.218	0.0159	0.723	0.219
16.941	0.0606	0.116	0.171	0.0160	0.546	0.225
16.946	0.0435	0.111	0.171	0.0168	0.611	0.212
16.951	0.0494	0.111	0.226	0.0156	0.652	0.220
16.956	0.0543	0.111	0.153	0.0143	0.671	0.221
16.961	0.0379	0.105	0.212	0.0181	0.690	0.237
16.966	0.0385	0.105	0.230	0.0147	0.686	0.208
16.971	0.0447	0.111	0.206	0.0167	0.681	0.226
16.976	0.0518	0.111	0.197	0.0161	0.598	0.212
16.981	0.0306	0.109	0.206	0.0162	0.524	0.226
16.986	0.0401	0.100	0.249	0.0212	0.393	0.220
16.991	0.0304	0.082	0.407	0.0192	0.189	0.199
16.996	0.0283	0.061	0.537	0.0295	0.070	0.169
17.001	0.0288	0.041	0.689	0.0193	0.018	0.083
17.006	0.0282	0.018	0.716	0.0128	0.012	0.060
17.011	0.0289	0.018	0.732	0.0163	0.006	0.104
17.016	0.0300	0.018	0.744	0.0089	0.005	0.115
17.021	0.0346	0.027	0.713	0.0118	0.005	0.107
17.026	0.0370	0.036	0.693	0.0197	0.004	0.099
17.031	0.0396	0.043	0.732	0.0093	0.004	0.100
17.036	0.0411	0.041	0.754	0.0102	0.007	0.115
17.041	0.0341	0.036	0.736	0.0071	0.011	0.112
17.046	0.0291	0.045	0.635	0.0144	0.009	0.116
17.051	0.0268	0.039	0.555	0.0219	0.006	0.112
17.056	0.0296	0.036	0.633	0.0174	0.006	0.110
17.061	0.0303	0.018	0.648	0.0222	0.004	0.058
17.066	0.0303	0.023	0.631	0.0176	0.002	0.026
17.071	0.0292	0.018	0.624	0.0230	0.001	0.015
17.076	0.0271	0.014	0.676	0.0187	0.000	0.015
17.081	0.0261	0.014	0.686	0.0199	0.000	0.013
17.086	0.0255	0.014	0.663	0.0215	0.000	0.012
17.091	0.0254	0.014	0.534	0.0328	0.000	0.010
17.096	0.0317	0.009	0.364	0.0345	0.000	0.012
17.101	0.0357	0.002	0.471	0.0378	0.000	0.011
17.106	0.0187	0.007	0.537	0.0324	0.000	0.011
17.111	0.0250	0.005	0.490	0.0462	0.000	0.012
17.116	0.0058	0.005	0.393	0.0605	0.000	0.015
17.121	0.0123	0.007	0.481	0.0385	0.000	0.017
17.126	0.0079	0.005	0.501	0.0432	0.000	0.022
17.131	0.0044	0.002	0.436	0.0649	0.000	0.030
17.136	0.0054	0.007	0.361	0.0717	0.000	0.032
17.141	0.0038	0.002	0.370	0.0239	0.000	0.053
17.146	0.0011	0.007	0.230	0.0729	0.000	0.055
17.151	0.0015	0.005	0.417	0.0146	0.000	0.093
17.156	0.0021	0.002	0.183	0.0234	0.001	0.160
17.161	0.0002	0.009	0.308	0.0426	0.006	0.278
17.166	0.0002	0.009	0.412	0.0322	0.011	0.343
17.171	0.0001	0.059	0.611	0.0143	0.025	0.511
17.176	0.0001	0.068	0.661	0.0121	0.057	0.575
17.181	0.0000	0.061	0.154	0.0250	0.335	0.759
17.186	0.0000	0.000	0.167	0.0093	0.811	0.993
17.191	0.0000	0.000	0.000	0.0077	0.786	0.995
17.196	0.0000	0.000	0.000	0.0000	0.000	1.000
17.201	0.0000	0.000	0.000	0.2092	0.020	0.551
17.206	0.0000	0.000	0.000	0.0009	0.496	0.701
17.211	0.0000	0.000	0.002	0.0001	0.498	0.697
17.216	0.0000	0.000	0.248	0.0063	0.483	0.721
17.221	0.0000	0.000	0.091	0.0139	0.475	0.719
17.226	0.0000	0.000	0.226	0.0069	0.549	0.727
17.231	0.0000	0.014	0.267	0.0135	0.334	0.728
17.236	0.0000	0.109	0.250	0.0109	0.192	0.719
17.241	0.0000	0.045	0.226	0.0121	0.507	0.743
17.246	0.0000	0.086	0.154	0.0209	0.537	0.708
17.251	0.0000	0.109	0.273	0.0098	0.663	0.521
17.256	0.0000	0.125	0.236	0.0106	0.756	0.532
17.261	0.0002	0.102	0.219	0.0161	0.802	0.556
17.266	0.0002	0.098	0.347	0.0176	0.710	0.478
17.271	0.0001	0.105	0.268	0.0123	0.496	0.587
17.276	0.0000	0.077	0.219	0.0134	0.520	0.709
17.281	0.0000	0.066	0.172	0.0127	0.549	0.776
17.286	0.0000	0.023	0.128	0.0094	0.632	0.807
17.291	0.0000	0.009	0.087	0.0078	0.613	0.829
17.296	0.0000	0.050	0.100	0.0176	0.494	0.761
17.301	0.0000	0.005	0.143	0.0120	0.403	0.714
17.306	0.0000	0.014	0.208	0.0117	0.421	0.701
17.311	0.0000	0.048	0.185	0.0120	0.609	0.637
17.316	0.0000	0.093	0.288	0.0148	0.585	0.584
17.321	0.0000	0.132	0.357	0.0245	0.268	0.549
17.326	0.0001	0.091	0.422	0.0313	0.064	0.525
17.331	0.0000	0.043	0.367	0.0156	0.060	0.568
17.336	0.0001	0.034	0.236	0.0184	0.094	0.589
17.341	0.0000	0.032	0.168	0.0188	0.132	0.583
17.346	0.0000	0.020	0.210	0.0168	0.113	0.580
17.351	0.0000	0.052	0.356	0.0274	0.038	0.506
17.356	0.0000	0.036	0.406	0.0138	0.027	0.492
17.361	0.0001	0.023	0.215	0.0190	0.042	0.482
17.366	0.0001	0.036	0.311	0.0193	0.052	0.468
17.371	0.0001	0.039	0.281	0.0136	0.107	0.503
17.376	0.0001	0.034	0.256	0.0215	0.126	0.493
17.380	0.0001	0.036	0.246	0.0123	0.171	0.497
17.385	0.0001	0.045	0.272	0.0117	0.218	0.482
17.390	0.0000	0.086	0.300	0.0161	0.122	0.470
17.395	0.0001	0.064	0.212	0.0131	0.134	0.441
17.400	0.0001	0.055	0.248	0.0186	0.169	0.381
17.405	0.0001	0.082	0.308	0.0173	0.136	0.315
17.410	0.0002	0.070	0.204	0.0156	0.157	0.307
17.415	0.0003	0.059	0.202	0.0183	0.159	0.355
17.420	0.0003	0.080	0.209	0.0140	0.179	0.395
17.425	0.0005	0.066	0.165	0.0134	0.222	0.403
17.430	0.0004	0.080	0.174	0.0160	0.259	0.417
17.435	0.0006	0.091	0.252	0.0152	0.227	0.434
17.440	0.0005	0.107	0.129	0.0142	0.208	0.421
17.445	0.0010	0.084	0.129	0.0132	0.220	0.418
17.450	0.0014	0.089	0.127	0.0148	0.209	0.431
17.455	0.0010	0.091	0.179	0.0155	0.252	0.415
17.460	0.0010	0.084	0.157	0.0127	0.335	0.443
17.465	0.0016	0.109	0.211	0.0138	0.315	0.442
17.470	0.0012	0.107	0.222	0.0119	0.276	0.426
17.475	0.0019	0.091	0.186	0.0133	0.260	0.423
17.480	0.0021	0.077	0.201	0.0150	0.241	0.421
17.485	0.0016	0.102	0.142	0.0135	0.294	0.413
17.490	0.0022	0.095	0.172	0.0145	0.307	0.374
17.495	0.0023	0.093	0.197	0.0146	0.279	0.370
17.500	0.0028	0.098	0.188	0.0133	0.231	0.415
17.505	0.0024	0.086	0.206	0.0145	0.251	0.403
17.510	0.0020	0.093	0.131	0.0149	0.271	0.349
17.515	0.0026	0.095	0.152	0.0141	0.236	0.338
17.520	0.0029	0.075	0.150	0.0145	0.342	0.370
17.525	0.0026	0.093	0.145	0.0126	0.338	0.358
17.530	0.0030	0.089	0.161	0.0145	0.378	0.355
17.535	0.0028	0.086	0.159	0.0127	0.330	0.355
17.540	0.0025	0.077	0.154	0.0149	0.230	0.370
17.545	0.0027	0.086	0.179	0.0128	0.212	0.372
17.550	0.0035	0.070	0.226	0.0177	0.210	0.357
17.555	0.0026	0.068	0.261	0.0134	0.163	0.346
17.560	0.0024	0.086	0.179	0.0137	0.184	0.367
17.565	0.0039	0.070	0.154	0.0143	0.269	0.401
17.570	0.0024	0.089	0.174	0.0124	0.366	0.400
17.575	0.0021	0.091	0.145	0.0155	0.373	0.366
17.580	0.0023	0.100	0.223	0.0140	0.266	0.385
17.585	0.0023	0.084	0.254	0.0111	0.283	0.391
17.590	0.0025	0.080	0.174	0.0143	0.331	0.405
17.595	0.0015	0.091	0.203	0.0143	0.368	0.405
17.600	0.0015	0.089	0.216	0.0123	0.375	0.392
17.605	0.0015	0.091	0.213	0.0131	0.415	0.392
17.610	0.0013	0.100	0.242	0.0163	0.276	0.342
17.615	0.0011	0.102	0.307	0.0156	0.216	0.322
17.620	0.0016	0.084	0.166	0.0146	0.306	0.314
17.625	0.0011	0.084	0.179	0.0186	0.328	0.321
17.630	0.0008	0.095	0.186	0.0207	0.315	0.242
17.635	0.0008	0.068	0.206	0.0275	0.444	0.174
17.640	0.0006	0.098	0.285	0.0258	0.306	0.156
17.645	0.0006	0.089	0.346	0.0208	0.255	0.164
17.650	0.0005	0.070	0.364	0.0236	0.276	0.201
17.655	0.0006	0.059	0.371	0.0174	0.235	0.207
17.660	0.0005	0.059	0.378	0.0146	0.168	0.218
17.665	0.0005	0.059	0.341	0.0153	0.193	0.245
17.670	0.0005	0.066	0.293	0.0212	0.308	0.281
17.675	0.0003	0.064	0.356	0.0157	0.321	0.296
17.680	0.0003	0.089	0.235	0.0207	0.266	0.354
17.685	0.0001	0.093	0.287	0.0154	0.293	0.467
17.690	0.0001	0.061	0.224	0.0124	0.427	0.660
17.695	0.0000	0.057	0.169	0.0089	0.389	0.693
17.700	0.0000	0.002	0.000	0.5917	0.000	0.132
17.705	0.0000	0.000	0.000	0.0008	0.648	0.785
17.710	0.0000	0.000	0.083	0.0089	0.606	0.783
17.715	0.0000	0.005	0.155	0.0258	0.247	0.729
17.720	0.0000	0.000	0.434	0.0164	0.075	0.588
17.725	0.0000	0.005	0.356	0.0129	0.085	0.618
17.730	0.0000	0.014	0.380	0.0481	0.017	0.476
17.735	0.0000	0.009	0.180	0.1550	0.003	0.304
17.740	0.0000	0.005	0.366	0.0349	0.001	0.193
17.745	0.0001	0.005	0.346	0.0622	0.002	0.169
17.750	0.0003	0.005	0.414	0.0306	0.001	0.179
17.755	0.0011	0.009	0.577	0.0249	0.001	0.168
17.760	0.0019	0.005	0.523	0.0422	0.001	0.176
17.765	0.0075	0.005	0.556	0.0331	0.001	0.157
17.770	0.0094	0.005	0.460	0.0273	0.001	0.126
17.775	0.0200	0.005	0.561	0.0200	0.001	0.123
17.780	0.0313	0.009	0.686	0.0112	0.001	0.127
17.785	0.0716	0.009	0.733	0.0083	0.001	0.130
17.790	0.1039	0.014	0.742	0.0076	0.002	0.126
17.795	0.1228	0.018	0.733	0.0135	0.003	0.135
17.800	0.1292	0.018	0.726	0.0136	0.002	0.125
17.805	0.1303	0.018	0.743	0.0123	0.003	0.118
17.810	0.1185	0.018	0.762	0.0060	0.004	0.122
17.815	0.1187	0.020	0.757	0.0160	0.004	0.109
17.820	0.1192	0.020	0.751	0.0118	0.003	0.094
17.824	0.1186	0.020	0.765	0.0064	0.003	0.078
17.829	0.1195	0.020	0.759	0.0075	0.002	0.071
17.834	0.1297	0.018	0.755	0.0073	0.002	0.066
17.839	0.1173	0.018	0.749	0.0083	0.002	0.078
17.844	0.1251	0.016	0.750	0.0054	0.002	0.078
17.849	0.1249	0.014	0.748	0.0141	0.002	0.081
17.854	0.1285	0.009	0.753	0.0061	0.002	0.073
17.859	0.1211	0.009	0.762	0.0078	0.001	0.076
17.864	0.1177	0.009	0.753	0.0133	0.001	0.071
17.869	0.1105	0.011	0.755	0.0168	0.001	0.072
17.874	0.0965	0.009	0.763	0.0080	0.001	0.075
17.879	0.0950	0.009	0.763	0.0111	0.001	0.074
17.884	0.0854	0.011	0.769	0.0161	0.001	0.069
17.889	0.0788	0.009	0.754	0.0091	0.001	0.078
17.894	0.0648	0.009	0.762	0.0055	0.002	0.076
17.899	0.0703	0.009	0.743	0.0123	0.002	0.085
17.904	0.0778	0.011	0.753	0.0082	0.002	0.088
17.909	0.0841	0.009	0.757	0.0051	0.003	0.081
17.914	0.0886	0.009	0.752	0.0062	0.003	0.078
17.919	0.1094	0.011	0.751	0.0116	0.002	0.085
17.924	0.1233	0.009	0.762	0.0040	0.003	0.091
17.929	0.1342	0.009	0.777	0.0067	0.003	0.086
17.934	0.1350	0.009	0.765	0.0118	0.003	0.079
17.939	0.1349	0.011	0.772	0.0141	0.005	0.088
17.944	0.1281	0.009	0.780	0.0090	0.005	0.092
17.949	0.1093	0.009	0.755	0.0123	0.005	0.078
17.954	0.0865	0.016	0.703	0.0179	0.006	0.081
17.959	0.0736	0.009	0.535	0.0215	0.010	0.101
17.964	0.0494	0.014	0.446	0.0235	0.009	0.108
17.969	0.0304	0.036	0.501	0.0300	0.010	0.101
17.974	0.0169	0.009	0.628	0.0218	0.008	0.086
17.979	0.0158	0.018	0.596	0.0286	0.002	0.046
17.984	0.0127	0.007	0.642	0.0245	0.002	0.047
17.989	0.0130	0.014	0.517	0.0225	0.000	0.033
17.994	0.0117	0.005	0.483	0.0305	0.000	0.021
17.999	0.0083	0.005	0.478	0.0189	0.000	0.021
18.004	0.0070	0.007	0.418	0.0426	0.000	0.025
18.009	0.0039	0.005	0.479	0.0370	0.000	0.036
18.014	0.0033	0.005	0.568	0.0393	0.000	0.041
18.019	0.0026	0.005	0.723	0.0284	0.000	0.046
18.024	0.0018	0.005	0.765	0.0140	0.000	0.055
18.029	0.0020	0.005	0.717	0.0213	0.000	0.071
18.034	0.0015	0.005	0.640	0.0130	0.000	0.089
18.039	0.0013	0.005	0.369	0.0276	0.000	0.157
18.044	0.0006	0.009	0.389	0.0259	0.001	0.190
18.049	0.0003	0.005	0.086	0.0407	0.063	0.262
18.054	0.0002	0.016	0.315	0.0155	0.288	0.299
18.059	0.0002	0.018	0.483	0.0158	0.151	0.279
18.064	0.0011	0.068	0.432	0.0109	0.129	0.311
18.069	0.0102	0.050	0.391	0.0222	0.232	0.365
18.074	0.0099	0.048	0.346	0.0111	0.203	0.362
18.079	0.0172	0.068	0.231	0.0163	0.294	0.440
18.084	0.0275	0.057	0.163	0.0254	0.195	0.428
18.089	0.0111	0.123	0.465	0.0288	0.076	0.281
18.094	0.0271	0.036	0.579	0.0252	0.038	0.213
18.099	0.0162	0.039	0.495	0.0198	0.022	0.220
18.104	0.0338	0.018	0.621	0.0169	0.024	0.157
18.109	0.0412	0.016	0.756	0.0213	0.013	0.112
18.114	0.1131	0.016	0.774	0.0113	0.011	0.112
18.119	0.1819	0.009	0.792	0.0087	0.013	0.111
18.124	0.1758	0.016	0.786	0.0090	0.011	0.098
18.129	0.1373	0.016	0.756	0.0080	0.004	0.100
18.134	0.1262	0.011	0.751	0.0104	0.003	0.098
18.139	0.1266	0.011	0.784	0.0120	0.002	0.089
18.144	0.1743	0.009	0.792	0.0097	0.002	0.082
18.149	0.1801	0.011	0.783	0.0067	0.003	0.084
18.154	0.1306	0.011	0.782	0.0081	0.003	0.079
18.159	0.1194	0.011	0.786	0.0135	0.002	0.072
18.164	0.1493	0.020	0.794	0.0100	0.002	0.068
18.169	0.1830	0.020	0.796	0.0084	0.002	0.069
18.174	0.1664	0.020	0.796	0.0030	0.002	0.065
18.179	0.1410	0.025	0.790	0.0075	0.002	0.069
18.184	0.1616	0.016	0.795	0.0061	0.002	0.063
18.189	0.1829	0.014	0.797	0.0056	0.002	0.059
18.194	0.1718	0.014	0.796	0.0033	0.002	0.060
18.199	0.1378	0.009	0.793	0.0083	0.002	0.058
18.204	0.1438	0.014	0.793	0.0047	0.002	0.055
18.209	0.1907	0.014	0.793	0.0067	0.002	0.065
18.214	0.1873	0.016	0.793	0.0052	0.002	0.062
18.219	0.1360	0.020	0.796	0.0092	0.002	0.060
18.224	0.1392	0.016	0.803	0.0078	0.001	0.057
18.229	0.1921	0.016	0.788	0.0135	0.001	0.062
18.234	0.1936	0.016	0.746	0.0113	0.001	0.057
18.239	0.1321	0.016	0.573	0.0217	0.002	0.063
18.244	0.0861	0.014	0.565	0.0268	0.003	0.053
18.249	0.0580	0.018	0.746	0.0142	0.002	0.052
18.254	0.0613	0.034	0.777	0.0113	0.002	0.053
18.259	0.0483	0.030	0.798	0.0095	0.002	0.049
18.263	0.0467	0.039	0.760	0.0105	0.002	0.055
18.268	0.0549	0.034	0.700	0.0159	0.002	0.077
18.273	0.0569	0.048	0.714	0.0185	0.002	0.086
18.278	0.0464	0.034	0.726	0.0168	0.003	0.097
18.283	0.0588	0.025	0.763	0.0158	0.003	0.094
18.288	0.0906	0.016	0.778	0.0128	0.003	0.100
18.293	0.0865	0.020	0.786	0.0094	0.003	0.095
18.298	0.0719	0.030	0.782	0.0056	0.004	0.096
18.303	0.0597	0.027	0.768	0.0068	0.006	0.108
18.308	0.0818	0.025	0.765	0.0119	0.005	0.116
18.313	0.0747	0.018	0.771	0.0097	0.005	0.101
18.318	0.0440	0.020	0.789	0.0079	0.005	0.072
18.323	0.0474	0.018	0.781	0.0071	0.005	0.038
18.328	0.0734	0.020	0.771	0.0127	0.006	0.028
18.333	0.0699	0.018	0.782	0.0102	0.005	0.029
18.338	0.0438	0.020	0.767	0.0112	0.003	0.030
18.343	0.0498	0.016	0.759	0.0134	0.002	0.024
18.348	0.0680	0.011	0.760	0.0151	0.001	0.022
18.353	0.0781	0.011	0.772	0.0129	0.001	0.033
18.358	0.0818	0.009	0.758	0.0082	0.001	0.083
18.363	0.0645	0.011	0.734	0.0125	0.001	0.093
18.368	0.0777	0.011	0.700	0.0205	0.001	0.074
18.373	0.0955	0.011	0.712	0.0199	0.001	0.049
18.378	0.1400	0.009	0.759	0.0099	0.000	0.038
18.383	0.1545	0.016	0.765	0.0061	0.001	0.046
18.388	0.1553	0.009	0.744	0.0104	0.002	0.067
18.393	0.1722	0.011	0.739	0.0108	0.002	0.076
18.398	0.1441	0.016	0.715	0.0111	0.003	0.086
18.403	0.1375	0.014	0.708	0.0100	0.004	0.095
18.408	0.1110	0.027	0.707	0.0127	0.007	0.116
18.413	0.1188	0.025	0.741	0.0091	0.009	0.110
18.418	0.1115	0.018	0.762	0.0055	0.011	0.112
18.423	0.1080	0.020	0.711	0.0094	0.013	0.116
18.428	0.1031	0.020	0.640	0.0176	0.015	0.128
18.433	0.0909	0.025	0.702	0.0138	0.012	0.115
18.438	0.0681	0.030	0.755	0.0082	0.009	0.120
18.443	0.0638	0.032	0.749	0.0068	0.007	0.124
18.448	0.0740	0.036	0.713	0.0133	0.007	0.121
18.453	0.0761	0.036	0.730	0.0089	0.006	0.115
18.458	0.0637	0.039	0.731	0.0092	0.004	0.111
18.463	0.0605	0.039	0.733	0.0071	0.004	0.100
18.468	0.0654	0.039	0.701	0.0129	0.003	0.092
18.473	0.0713	0.036	0.714	0.0113	0.003	0.088
18.478	0.0793	0.036	0.728	0.0078	0.004	0.091
18.483	0.0836	0.034	0.701	0.0085	0.005	0.098
18.488	0.1014	0.025	0.666	0.0171	0.003	0.100
18.493	0.1018	0.023	0.713	0.0165	0.001	0.084
18.498	0.0930	0.018	0.639	0.0148	0.000	0.038
18.503	0.0886	0.009	0.581	0.0213	0.001	0.031
18.508	0.0805	0.009	0.610	0.0140	0.009	0.066
18.513	0.0602	0.018	0.452	0.0146	0.033	0.112
18.518	0.0359	0.030	0.431	0.0144	0.132	0.205
18.523	0.0350	0.032	0.391	0.0116	0.207	0.275
18.528	0.0514	0.052	0.265	0.0129	0.437	0.337
18.533	0.0395	0.091	0.139	0.0151	0.608	0.334
18.538	0.0332	0.098	0.150	0.0140	0.648	0.355
18.543	0.0322	0.127	0.215	0.0144	0.644	0.377
18.548	0.0355	0.125	0.170	0.0139	0.748	0.379
18.553	0.0373	0.105	0.136	0.0146	0.720	0.371
18.558	0.0273	0.125	0.164	0.0134	0.616	0.398
18.563	0.0513	0.127	0.125	0.0155	0.516	0.390
18.568	0.0290	0.118	0.120	0.0136	0.613	0.363
18.573	0.0330	0.114	0.195	0.0139	0.659	0.361
18.578	0.0326	0.116	0.151	0.0134	0.634	0.360
18.583	0.0335	0.130	0.150	0.0138	0.644	0.345
18.588	0.0306	0.114	0.136	0.0151	0.710	0.315
18.593	0.0434	0.123	0.152	0.0158	0.551	0.333
18.598	0.0506	0.105	0.150	0.0158	0.561	0.325
18.603	0.0330	0.111	0.151	0.0157	0.733	0.325
18.608	0.0457	0.107	0.216	0.0154	0.691	0.294
18.613	0.0562	0.120	0.190	0.0119	0.696	0.295
18.618	0.0650	0.111	0.153	0.0161	0.695	0.309
18.623	0.0395	0.130	0.152	0.0184	0.681	0.306
18.628	0.0470	0.125	0.147	0.0147	0.642	0.287
18.633	0.0445	0.105	0.139	0.0146	0.769	0.290
18.638	0.0537	0.118	0.203	0.0159	0.723	0.326
18.643	0.0460	0.111	0.178	0.0149	0.712	0.334
18.648	0.0317	0.116	0.211	0.0166	0.429	0.335
18.653	0.0289	0.107	0.409	0.0287	0.202	0.301
18.658	0.0209	0.077	0.630	0.0263	0.023	0.215
18.663	0.0205	0.014	0.742	0.0138	0.009	0.171
18.668	0.0204	0.016	0.736	0.0155	0.004	0.126
18.673	0.0292	0.014	0.742	0.0146	0.003	0.114
18.678	0.0367	0.014	0.770	0.0097	0.003	0.108
18.683	0.0481	0.020	0.716	0.0133	0.003	0.108
18.688	0.0472	0.018	0.648	0.0204	0.003	0.110
18.693	0.0338	0.020	0.668	0.0185	0.003	0.105
18.698	0.0253	0.023	0.673	0.0151	0.003	0.106
18.702	0.0345	0.018	0.622	0.0181	0.002	0.112
18.707	0.0352	0.027	0.627	0.0234	0.002	0.120
18.712	0.0352	0.011	0.634	0.0228	0.002	0.122
18.717	0.0372	0.014	0.633	0.0204	0.001	0.115
18.722	0.0360	0.018	0.634	0.0330	0.001	0.101
18.727	0.0298	0.009	0.626	0.0304	0.001	0.089
18.732	0.0358	0.011	0.600	0.0272	0.001	0.071
18.737	0.0234	0.018	0.616	0.0153	0.000	0.061
18.742	0.0462	0.007	0.553	0.0221	0.000	0.059
18.747	0.0518	0.007	0.381	0.0348	0.000	0.092
18.752	0.0383	0.007	0.336	0.0714	0.000	0.102
18.757	0.0078	0.007	0.483	0.0219	0.000	0.040
18.762	0.0116	0.005	0.529	0.0314	0.000	0.026
18.767	0.0116	0.005	0.533	0.0333	0.000	0.027
18.772	0.0071	0.007	0.559	0.0206	0.000	0.026
18.777	0.0077	0.005	0.355	0.0318	0.000	0.036
18.782	0.0056	0.005	0.346	0.0616	0.000	0.034
18.787	0.0024	0.009	0.198	0.0594	0.000	0.036
18.792	0.0015	0.007	0.359	0.0434	0.000	0.042
18.797	0.0033	0.007	0.336	0.0631	0.000	0.053
18.802	0.0009	0.005	0.330	0.0385	0.000	0.062
18.807	0.0017	0.007	0.401	0.0477	0.000	0.086
18.812	0.0004	0.025	0.351	0.0373	0.000	0.095
18.817	0.0011	0.007	0.362	0.0323	0.000	0.100
18.822	0.0005	0.014	0.298	0.0240	0.000	0.136
18.827	0.0007	0.009	0.315	0.0734	0.001	0.183
18.832	0.0002	0.007	0.360	0.0425	0.001	0.169
18.837	0.0003	0.005	0.524	0.0514	0.002	0.205
18.842	0.0003	0.005	0.544	0.0192	0.005	0.201
18.847	0.0005	0.007	0.482	0.0602	0.004	0.180
18.852	0.0003	0.009	0.465	0.0149	0.010	0.195
18.857	0.0006	0.007	0.412	0.0161	0.099	0.247
18.862	0.0005	0.023	0.400	0.0184	0.226	0.231
18.867	0.0004	0.039	0.296	0.0154	0.414	0.249
18.872	0.0005	0.089	0.275	0.0154	0.520	0.268
18.877	0.0006	0.080	0.148	0.0133	0.635	0.328
18.882	0.0008	0.116	0.129	0.0128	0.585	0.369
18.887	0.0012	0.132	0.154	0.0120	0.607	0.442
18.892	0.0018	0.114	0.129	0.0131	0.709	0.492
18.897	0.0020	0.150	0.107	0.0109	0.558	0.470
18.902	0.0032	0.152	0.109	0.0124	0.529	0.468
18.907	0.0044	0.127	0.110	0.0115	0.585	0.462
18.912	0.0033	0.123	0.110	0.0144	0.623	0.471
18.917	0.0031	0.145	0.143	0.0126	0.587	0.457
18.922	0.0045	0.141	0.156	0.0132	0.564	0.448
18.927	0.0057	0.130	0.137	0.0136	0.503	0.449
18.932	0.0064	0.130	0.165	0.0117	0.537	0.472
18.937	0.0051	0.130	0.120	0.0105	0.542	0.500
18.942	0.0051	0.127	0.109	0.0136	0.620	0.508
18.947	0.0043	0.118	0.190	0.0132	0.523	0.518
18.952	0.0032	0.134	0.225	0.0090	0.473	0.554
18.957	0.0046	0.109	0.173	0.0127	0.618	0.592
18.962	0.0040	0.168	0.102	0.0128	0.620	0.561
18.967	0.0030	0.125	0.120	0.0133	0.531	0.550
18.972	0.0034	0.157	0.133	0.0115	0.400	0.508
18.977	0.0024	0.118	0.102	0.0110	0.385	0.526
18.982	0.0033	0.127	0.132	0.0125	0.364	0.501
18.987	0.0025	0.107	0.140	0.0143	0.378	0.461
18.992	0.0016	0.093	0.142	0.0140	0.353	0.396
18.997	0.0015	0.095	0.162	0.0189	0.229	0.255
19.002	0.0009	0.091	0.191	0.0174	0.140	0.279
19.007	0.0011	0.057	0.323	0.0234	0.055	0.297
19.012	0.0012	0.052	0.425	0.0283	0.028	0.233
19.017	0.0014	0.036	0.534	0.0173	0.016	0.178
19.022	0.0035	0.007	0.569	0.0164	0.010	0.164
19.027	0.0021	0.014	0.588	0.0154	0.003	0.111
19.032	0.0053	0.016	0.516	0.0190	0.002	0.110
19.037	0.0054	0.018	0.387	0.0203	0.003	0.113
19.042	0.0033	0.016	0.246	0.0283	0.004	0.115
19.047	0.0022	0.036	0.244	0.0212	0.002	0.149
19.052	0.0012	0.030	0.259	0.0313	0.002	0.186
19.057	0.0004	0.036	0.208	0.0186	0.005	0.301
19.062	0.0002	0.030	0.244	0.0212	0.013	0.409
19.067	0.0001	0.027	0.196	0.0192	0.313	0.651
19.072	0.0001	0.009	0.176	0.0048	0.788	0.669
19.077	0.0000	0.020	0.103	0.0140	0.637	0.683
19.082	0.0001	0.130	0.102	0.0369	0.084	0.648
19.087	0.0000	0.009	0.300	0.0158	0.098	0.662
19.092	0.0000	0.014	0.206	0.0295	0.062	0.583
19.097	0.0000	0.014	0.161	0.0135	0.091	0.610
19.102	0.0000	0.009	0.150	0.0122	0.173	0.679
19.107	0.0000	0.018	0.337	0.0627	0.036	0.507
19.112	0.0000	0.027	0.537	0.0383	0.004	0.295
19.117	0.0000	0.020	0.533	0.0423	0.001	0.169
19.122	0.0001	0.018	0.386	0.0296	0.000	0.100
19.127	0.0004	0.016	0.406	0.0461	0.000	0.063
19.132	0.0016	0.018	0.518	0.0455	0.000	0.040
19.137	0.0014	0.016	0.423	0.0314	0.000	0.033
19.141	0.0045	0.016	0.491	0.0361	0.000	0.037
19.146	0.0073	0.014	0.623	0.0165	0.000	0.051
19.151	0.0111	0.016	0.668	0.0141	0.000	0.062
19.156	0.0196	0.016	0.578	0.0183	0.001	0.078
19.161	0.0334	0.014	0.302	0.0226	0.002	0.078
19.166	0.0303	0.016	0.505	0.0244	0.001	0.055
19.171	0.0342	0.020	0.632	0.0122	0.002	0.052
19.176	0.0343	0.027	0.704	0.0076	0.005	0.068
19.181	0.0565	0.025	0.692	0.0092	0.007	0.083
19.186	0.0793	0.030	0.634	0.0130	0.011	0.112
19.191	0.1063	0.034	0.603	0.0161	0.009	0.115
19.196	0.1273	0.025	0.434	0.0178	0.008	0.122
19.201	0.1391	0.027	0.397	0.0191	0.007	0.131
19.206	0.1417	0.027	0.647	0.0105	0.007	0.131
19.211	0.1047	0.025	0.680	0.0143	0.009	0.127
19.216	0.1182	0.023	0.644	0.0197	0.004	0.103
19.221	0.0998	0.030	0.705	0.0165	0.002	0.101
19.226	0.1041	0.030	0.681	0.0132	0.003	0.100
19.231	0.1145	0.030	0.675	0.0163	0.004	0.105
19.236	0.1119	0.030	0.674	0.0155	0.004	0.105
19.241	0.1101	0.016	0.660	0.0154	0.003	0.109
19.246	0.0999	0.030	0.606	0.0322	0.003	0.105
19.251	0.0798	0.018	0.624	0.0401	0.002	0.087
19.256	0.0451	0.009	0.775	0.0170	0.001	0.068
19.261	0.0401	0.014	0.763	0.0223	0.001	0.057
19.266	0.0387	0.016	0.761	0.0134	0.000	0.050
19.271	0.0340	0.009	0.763	0.0185	0.000	0.047
19.276	0.0267	0.005	0.759	0.0146	0.000	0.041
19.281	0.0214	0.005	0.765	0.0110	0.000	0.039
19.286	0.0204	0.005	0.692	0.0144	0.000	0.052
19.291	0.0231	0.005	0.668	0.0202	0.000	0.054
19.296	0.0229	0.005	0.701	0.0108	0.000	0.049
19.301	0.0155	0.005	0.711	0.0149	0.000	0.060
19.306	0.0119	0.005	0.668	0.0138	0.001	0.108
19.311	0.0137	0.005	0.654	0.0157	0.004	0.130
19.316	0.0175	0.005	0.496	0.0266	0.006	0.117
19.321	0.0223	0.005	0.497	0.0310	0.004	0.107
19.326	0.0267	0.014	0.626	0.0274	0.002	0.095
19.331	0.0415	0.032	0.672	0.0266	0.002	0.090
19.336	0.0782	0.011	0.726	0.0266	0.001	0.084
19.341	0.1086	0.009	0.771	0.0215	0.001	0.076
19.346	0.1517	0.011	0.785	0.0059	0.001	0.066
19.351	0.2086	0.011	0.787	0.0062	0.001	0.058
19.356	0.2095	0.011	0.793	0.0067	0.001	0.058
19.361	0.2199	0.011	0.802	0.0061	0.001	0.059
19.366	0.2136	0.011	0.800	0.0059	0.000	0.056
19.371	0.2359	0.011	0.792	0.0060	0.001	0.064
19.376	0.2612	0.009	0.793	0.0095	0.001	0.066
19.381	0.2305	0.011	0.788	0.0099	0.001	0.066
19.386	0.1857	0.011	0.768	0.0084	0.001	0.072
19.391	0.1682	0.011	0.759	0.0083	0.002	0.069
19.396	0.1827	0.016	0.717	0.0154	0.002	0.073
19.401	0.1904	0.020	0.704	0.0123	0.002	0.086
19.406	0.1313	0.020	0.639	0.0150	0.013	0.153
19.411	0.0715	0.039	0.618	0.0140	0.021	0.211
19.416	0.0722	0.030	0.711	0.0094	0.047	0.313
19.421	0.0510	0.034	0.701	0.0099	0.092	0.354
19.426	0.0388	0.027	0.565	0.0117	0.180	0.417
19.431	0.0257	0.036	0.497	0.0140	0.256	0.411
19.436	0.0304	0.057	0.449	0.0094	0.358	0.420
19.441	0.0294	0.089	0.417	0.0102	0.320	0.481
19.446	0.0259	0.091	0.471	0.0104	0.219	0.519
19.451	0.0203	0.089	0.511	0.0090	0.231	0.508
19.456	0.0174	0.114	0.450	0.0107	0.283	0.506
19.461	0.0244	0.050	0.367	0.0106	0.383	0.520
19.466	0.0120	0.143	0.330	0.0093	0.419	0.516
19.471	0.0164	0.130	0.384	0.0124	0.315	0.516
19.476	0.0116	0.116	0.525	0.0116	0.215	0.506
19.481	0.0128	0.102	0.567	0.0122	0.161	0.509
19.486	0.0195	0.055	0.605	0.0167	0.077	0.454
19.491	0.0154	0.032	0.598	0.0209	0.032	0.401
19.496	0.0220	0.034	0.609	0.0199	0.012	0.232
19.501	0.0216	0.032	0.674	0.0209	0.007	0.166
19.506	0.0144	0.018	0.716	0.0192	0.003	0.114
19.511	0.0378	0.018	0.745	0.0096	0.002	0.099
19.516	0.0943	0.011	0.802	0.0075	0.001	0.078
19.521	0.1332	0.009	0.798	0.0088	0.001	0.082
19.526	0.1453	0.011	0.761	0.0119	0.003	0.091
19.531	0.1157	0.011	0.766	0.0124	0.004	0.096
19.536	0.0975	0.020	0.772	0.0091	0.003	0.093
19.541	0.1221	0.020	0.755	0.0104	0.004	0.103
19.546	0.1587	0.009	0.707	0.0113	0.005	0.114
19.551	0.1414	0.020	0.668	0.0174	0.006	0.120
19.556	0.0994	0.014	0.513	0.0187	0.011	0.159
19.561	0.0399	0.025	0.401	0.0266	0.021	0.215
19.566	0.0315	0.025	0.333	0.0152	0.046	0.311
19.571	0.0174	0.034	0.455	0.0129	0.047	0.351
19.576	0.0090	0.057	0.586	0.0165	0.028	0.353
19.580	0.0125	0.032	0.621	0.0156	0.016	0.296
19.585	0.0099	0.020	0.696	0.0168	0.008	0.232
19.590	0.0083	0.030	0.717	0.0225	0.002	0.134
19.595	0.0076	0.011	0.716	0.0161	0.000	0.043
19.600	0.0041	0.023	0.747	0.0185	0.000	0.042
19.605	0.0029	0.020	0.735	0.0184	0.000	0.041
19.610	0.0020	0.011	0.755	0.0158	0.000	0.037
19.615	0.0040	0.016	0.675	0.0128	0.002	0.077
19.620	0.0049	0.009	0.544	0.0237	0.032	0.157
19.625	0.0060	0.011	0.439	0.0116	0.080	0.210
19.630	0.0057	0.036	0.375	0.0110	0.106	0.261
19.635	0.0104	0.045	0.283	0.0136	0.262	0.362
19.640	0.0045	0.077	0.261	0.0115	0.414	0.480
19.645	0.0058	0.120	0.314	0.0123	0.409	0.537
19.650	0.0063	0.134	0.426	0.0132	0.272	0.502
19.655	0.0066	0.100	0.229	0.0293	0.103	0.398
19.660	0.0078	0.068	0.408	0.0395	0.052	0.376
19.665	0.0084	0.032	0.352	0.0446	0.015	0.338
19.670	0.0077	0.032	0.271	0.0451	0.008	0.304
19.675	0.0134	0.009	0.300	0.0792	0.002	0.165
19.680	0.0072	0.014	0.399	0.0727	0.001	0.112
19.685	0.0043	0.009	0.683	0.0316	0.001	0.140
19.690	0.0151	0.005	0.761	0.0131	0.001	0.162
19.695	0.0212	0.005	0.725	0.0105	0.001	0.179
19.700	0.0193	0.005	0.725	0.0065	0.001	0.199
19.705	0.0180	0.009	0.687	0.0080	0.005	0.311
19.710	0.0187	0.005	0.690	0.0113	0.008	0.352
19.715	0.0185	0.009	0.679	0.0262	0.006	0.291
19.720	0.0265	0.027	0.655	0.0216	0.004	0.234
19.725	0.0335	0.009	0.718	0.0167	0.002	0.144
19.730	0.0482	0.014	0.722	0.0111	0.004	0.113
19.735	0.0571	0.016	0.709	0.0144	0.011	0.101
19.740	0.0714	0.014	0.755	0.0174	0.012	0.097
19.745	0.0535	0.020	0.775	0.0140	0.007	0.084
19.750	0.0759	0.025	0.781	0.0128	0.005	0.071
19.755	0.0858	0.020	0.806	0.0063	0.002	0.072
19.760	0.1253	0.014	0.795	0.0066	0.002	0.076
19.765	0.1158	0.016	0.755	0.0158	0.003	0.111
19.770	0.0787	0.020	0.719	0.0137	0.005	0.127
19.775	0.0535	0.014	0.667	0.0122	0.018	0.196
19.780	0.0527	0.039	0.620	0.0124	0.043	0.260
19.785	0.0534	0.034	0.597	0.0118	0.107	0.346
19.790	0.0485	0.020	0.555	0.0140	0.132	0.378
19.795	0.0328	0.052	0.474	0.0117	0.208	0.429
19.800	0.0333	0.050	0.405	0.0116	0.381	0.439
19.805	0.0185	0.059	0.321	0.0106	0.512	0.464
19.810	0.0233	0.123	0.246	0.0120	0.624	0.475
19.815	0.0222	0.111	0.162	0.0098	0.747	0.524
19.820	0.0211	0.159	0.136	0.0121	0.721	0.569
19.825	0.0145	0.159	0.097	0.0101	0.881	0.569
19.830	0.0120	0.175	0.114	0.0128	0.916	0.553
19.835	0.0176	0.191	0.155	0.0092	0.893	0.560
19.840	0.0140	0.191	0.154	0.0099	0.898	0.593
19.845	0.0161	0.191	0.121	0.0116	0.865	0.533
19.850	0.0169	0.189	0.150	0.0126	0.857	0.525
19.855	0.0181	0.186	0.212	0.0109	0.829	0.529
19.860	0.0176	0.175	0.240	0.0159	0.647	0.505
19.865	0.0125	0.166	0.491	0.0207	0.277	0.452
19.870	0.0166	0.107	0.589	0.0164	0.167	0.409
19.875	0.0193	0.055	0.646	0.0184	0.061	0.345
19.880	0.0277	0.027	0.654	0.0260	0.027	0.249
19.885	0.0330	0.039	0.699	0.0216	0.010	0.164
19.890	0.0404	0.036	0.720	0.0189	0.007	0.130
19.895	0.0505	0.023	0.761	0.0127	0.003	0.092
19.900	0.0435	0.011	0.787	0.0141	0.002	0.076
19.905	0.0560	0.014	0.768	0.0085	0.001	0.068
19.910	0.0897	0.016	0.763	0.0086	0.001	0.066
19.915	0.0952	0.014	0.767	0.0105	0.001	0.065
19.920	0.1174	0.016	0.768	0.0066	0.001	0.067
19.925	0.1235	0.014	0.772	0.0119	0.001	0.075
19.930	0.0913	0.011	0.736	0.0140	0.001	0.077
19.935	0.0854	0.018	0.657	0.0221	0.001	0.085
19.940	0.0441	0.014	0.642	0.0395	0.001	0.085
19.945	0.0159	0.014	0.740	0.0246	0.000	0.057
19.950	0.0180	0.005	0.782	0.0178	0.000	0.045
19.955	0.0295	0.007	0.750	0.0097	0.000	0.041
19.960	0.0383	0.005	0.756	0.0082	0.000	0.040
19.965	0.0416	0.005	0.759	0.0084	0.000	0.035
19.970	0.0415	0.005	0.748	0.0133	0.000	0.034
19.975	0.0458	0.005	0.764	0.0148	0.000	0.034
19.980	0.0485	0.005	0.749	0.0078	0.000	0.036
19.985	0.0491	0.005	0.752	0.0169	0.000	0.038
19.990	0.0487	0.005	0.750	0.0091	0.001	0.041
19.995	0.0482	0.005	0.689	0.0106	0.001	0.061
20.000	0.0473	0.005	0.611	0.0217	0.002	0.098
20.005	0.0472	0.005	0.682	0.0174	0.004	0.112
20.010	0.0559	0.011	0.707	0.0155	0.007	0.122
20.015	0.0823	0.009	0.769	0.0118	0.013	0.135
20.020	0.0983	0.009	0.757	0.0088	0.010	0.130
20.024	0.0766	0.009	0.712	0.0139	0.010	0.139
20.029	0.0523	0.018	0.734	0.0149	0.009	0.163
20.034	0.0342	0.034	0.716	0.0107	0.008	0.172
20.039	0.0354	0.025	0.746	0.0104	0.009	0.162
20.044	0.0492	0.023	0.725	0.0078	0.013	0.169
20.049	0.0600	0.014	0.724	0.0097	0.016	0.186
20.054	0.0647	0.014	0.718	0.0093	0.018	0.187
20.059	0.0707	0.014	0.719	0.0071	0.015	0.196
20.064	0.0712	0.007	0.723	0.0096	0.012	0.227
20.069	0.0712	0.009	0.718	0.0098	0.009	0.205
20.074	0.0686	0.005	0.729	0.0078	0.012	0.213
20.079	0.0689	0.005	0.716	0.0085	0.015	0.222
20.084	0.0657	0.007	0.708	0.0106	0.011	0.217
20.089	0.0651	0.007	0.723	0.0091	0.009	0.221
20.094	0.0639	0.018	0.708	0.0147	0.009	0.219
20.099	0.0676	0.009	0.719	0.0095	0.008	0.208
20.104	0.0685	0.005	0.739	0.0124	0.008	0.188
20.109	0.0757	0.009	0.732	0.0129	0.006	0.184
20.114	0.0777	0.009	0.745	0.0137	0.006	0.175
20.119	0.0952	0.005	0.707	0.0121	0.008	0.177
20.124	0.1034	0.020	0.700	0.0141	0.012	0.182
20.129	0.0839	0.014	0.717	0.0103	0.013	0.181
20.134	0.0405	0.020	0.744	0.0139	0.008	0.166
20.139	0.0639	0.018	0.750	0.0150	0.008	0.162
20.144	0.1089	0.014	0.765	0.0159	0.004	0.137
20.149	0.0834	0.018	0.773	0.0137	0.004	0.119
20.154	0.0566	0.023	0.759	0.0149	0.003	0.115
20.159	0.1093	0.014	0.759	0.0160	0.003	0.111
20.164	0.1172	0.018	0.796	0.0103	0.003	0.096
20.169	0.0792	0.023	0.793	0.0071	0.004	0.092
20.174	0.1452	0.011	0.803	0.0113	0.004	0.088
20.179	0.1295	0.011	0.797	0.0144	0.002	0.082
20.184	0.1421	0.023	0.805	0.0141	0.001	0.064
20.189	0.1591	0.016	0.819	0.0105	0.001	0.065
20.194	0.1134	0.020	0.795	0.0165	0.002	0.071
20.199	0.1570	0.020	0.789	0.0167	0.002	0.069
20.204	0.1416	0.016	0.814	0.0077	0.001	0.060
20.209	0.1521	0.023	0.815	0.0101	0.001	0.064
20.214	0.1259	0.023	0.804	0.0132	0.001	0.060
20.219	0.1308	0.023	0.821	0.0077	0.001	0.065
20.224	0.1365	0.018	0.810	0.0094	0.002	0.065
20.229	0.0947	0.018	0.791	0.0153	0.003	0.073
20.234	0.1287	0.011	0.822	0.0056	0.002	0.073
20.239	0.0630	0.014	0.814	0.0063	0.003	0.078
20.244	0.1144	0.014	0.821	0.0094	0.002	0.079
20.249	0.0920	0.016	0.821	0.0099	0.003	0.084
20.254	0.0899	0.023	0.805	0.0066	0.003	0.078
20.259	0.1008	0.020	0.815	0.0102	0.004	0.083
20.264	0.0540	0.032	0.795	0.0130	0.004	0.092
20.269	0.1014	0.032	0.788	0.0125	0.004	0.093
20.274	0.0704	0.027	0.791	0.0142	0.002	0.080
20.279	0.0581	0.020	0.777	0.0134	0.002	0.083
20.284	0.0661	0.011	0.745	0.0187	0.001	0.089
20.289	0.0371	0.011	0.752	0.0264	0.001	0.075
20.294	0.0449	0.009	0.825	0.0188	0.000	0.053
20.299	0.0360	0.007	0.833	0.0092	0.000	0.052
20.304	0.0438	0.007	0.794	0.0168	0.000	0.055
20.309	0.0465	0.007	0.788	0.0214	0.000	0.054
20.314	0.0338	0.005	0.792	0.0204	0.000	0.062
20.319	0.0345	0.007	0.769	0.0117	0.000	0.075
20.324	0.0317	0.005	0.742	0.0190	0.000	0.065
20.329	0.0227	0.007	0.726	0.0297	0.000	0.048
20.334	0.0207	0.005	0.752	0.0181	0.000	0.028
20.339	0.0161	0.007	0.703	0.0177	0.000	0.025
20.344	0.0154	0.005	0.633	0.0348	0.000	0.030
20.349	0.0081	0.007	0.668	0.0246	0.000	0.029
20.354	0.0067	0.005	0.792	0.0135	0.000	0.061
20.359	0.0071	0.005	0.723	0.0090	0.001	0.157
20.364	0.0078	0.005	0.399	0.0142	0.069	0.464
20.369	0.0067	0.016	0.185	0.0128	0.439	0.579
20.374	0.0023	0.084	0.149	0.0121	0.857	0.596
20.379	0.0038	0.168	0.183	0.0108	0.925	0.643
20.384	0.0071	0.182	0.147	0.0099	0.928	0.682
20.389	0.0077	0.186	0.126	0.0112	0.943	0.684
20.394	0.0103	0.211	0.096	0.0089	0.900	0.696
20.399	0.0118	0.207	0.086	0.0095	0.873	0.714
20.404	0.0119	0.227	0.134	0.0102	0.914	0.726
20.409	0.0099	0.295	0.100	0.0091	0.911	0.698
20.414	0.0124	0.270	0.100	0.0099	0.922	0.712
20.419	0.0119	0.255	0.106	0.0107	0.918	0.713
20.424	0.0123	0.277	0.116	0.0101	0.936	0.682
20.429	0.0135	0.268	0.094	0.0122	0.943	0.667
20.434	0.0164	0.270	0.134	0.0109	0.946	0.661
20.439	0.0151	0.259	0.103	0.0098	0.960	0.673
20.444	0.0175	0.302	0.102	0.0111	0.952	0.679
20.449	0.0149	0.291	0.109	0.0106	0.960	0.659
20.454	0.0175	0.255	0.111	0.0090	0.975	0.653
20.459	0.0156	0.273	0.103	0.0109	0.968	0.662
20.463	0.0135	0.277	0.102	0.0107	0.979	0.649
20.468	0.0172	0.284	0.107	0.0107	0.982	0.616
20.473	0.0178	0.282	0.145	0.0114	0.984	0.594
20.478	0.0181	0.275	0.136	0.0123	0.986	0.589
20.483	0.0183	0.273	0.160	0.0104	0.985	0.589
20.488	0.0160	0.289	0.151	0.0130	0.981	0.619
20.493	0.0125	0.270	0.185	0.0101	0.956	0.613
20.498	0.0169	0.270	0.138	0.0139	0.858	0.647
20.503	0.0110	0.273	0.447	0.0191	0.349	0.631
20.508	0.0086	0.207	0.596	0.0193	0.162	0.601
20.513	0.0137	0.077	0.693	0.0209	0.054	0.501
20.518	0.0148	0.048	0.684	0.0210	0.024	0.407
20.523	0.0173	0.014	0.723	0.0251	0.009	0.271
20.528	0.0188	0.014	0.748	0.0234	0.003	0.181
20.533	0.0327	0.007	0.792	0.0160	0.002	0.113
20.538	0.0434	0.007	0.817	0.0181	0.002	0.099
20.543	0.0471	0.007	0.834	0.0101	0.002	0.083
20.548	0.0668	0.007	0.818	0.0094	0.002	0.082
20.553	0.0579	0.007	0.823	0.0034	0.004	0.086
20.558	0.0556	0.005	0.821	0.0103	0.004	0.099
20.563	0.0577	0.011	0.815	0.0042	0.004	0.096
20.568	0.0508	0.016	0.817	0.0077	0.004	0.106
20.573	0.0616	0.011	0.823	0.0094	0.004	0.094
20.578	0.0501	0.007	0.818	0.0050	0.004	0.102
20.583	0.0510	0.007	0.824	0.0080	0.005	0.101
20.588	0.0526	0.005	0.810	0.0132	0.005	0.108
20.593	0.0425	0.007	0.801	0.0103	0.003	0.096
20.598	0.0506	0.007	0.799	0.0067	0.003	0.108
20.603	0.0406	0.011	0.781	0.0130	0.002	0.108
20.608	0.0396	0.009	0.757	0.0173	0.002	0.107
20.613	0.0478	0.011	0.778	0.0170	0.002	0.099
20.618	0.0339	0.025	0.769	0.0147	0.001	0.091
20.623	0.0508	0.023	0.705	0.0207	0.001	0.085
20.628	0.0535	0.016	0.672	0.0248	0.001	0.079
20.633	0.0377	0.018	0.667	0.0245	0.001	0.078
20.638	0.0519	0.011	0.676	0.0243	0.001	0.078
20.643	0.0827	0.011	0.694	0.0233	0.001	0.068
20.648	0.0967	0.011	0.720	0.0235	0.001	0.065
20.653	0.1052	0.014	0.745	0.0153	0.001	0.060
20.658	0.1299	0.011	0.729	0.0127	0.001	0.061
20.663	0.1347	0.014	0.666	0.0156	0.001	0.069
20.668	0.1184	0.011	0.627	0.0203	0.001	0.073
20.673	0.1083	0.014	0.693	0.0188	0.000	0.062
20.678	0.0876	0.014	0.713	0.0132	0.000	0.059
20.683	0.0874	0.014	0.643	0.0175	0.001	0.053
20.688	0.0840	0.014	0.633	0.0190	0.001	0.059
20.693	0.0841	0.023	0.676	0.0150	0.002	0.067
20.698	0.0955	0.018	0.718	0.0164	0.002	0.065
20.703	0.0907	0.027	0.705	0.0133	0.001	0.062
20.708	0.0958	0.025	0.654	0.0226	0.001	0.063
20.713	0.0922	0.030	0.689	0.0145	0.000	0.057
20.718	0.0618	0.032	0.696	0.0103	0.001	0.055
20.723	0.0586	0.027	0.669	0.0146	0.001	0.055
20.728	0.0379	0.020	0.645	0.0163	0.001	0.054
20.733	0.0416	0.018	0.691	0.0130	0.001	0.051
20.738	0.0485	0.020	0.706	0.0101	0.001	0.053
20.743	0.0638	0.020	0.688	0.0117	0.000	0.057
20.748	0.0702	0.018	0.715	0.0131	0.000	0.060
20.753	0.0851	0.016	0.728	0.0096	0.001	0.057
20.758	0.0824	0.011	0.714	0.0128	0.001	0.058
20.763	0.0669	0.011	0.720	0.0109	0.001	0.061
20.768	0.0493	0.011	0.677	0.0127	0.001	0.072
20.773	0.0314	0.011	0.683	0.0136	0.001	0.076
20.778	0.0455	0.014	0.705	0.0104	0.001	0.089
20.783	0.0594	0.011	0.703	0.0082	0.001	0.091
20.788	0.0660	0.014	0.712	0.0099	0.002	0.092
20.793	0.0737	0.011	0.708	0.0129	0.002	0.090
20.798	0.0640	0.009	0.705	0.0153	0.002	0.100
20.803	0.0365	0.007	0.697	0.0176	0.001	0.096
20.808	0.0303	0.007	0.607	0.0250	0.001	0.091
20.813	0.0236	0.009	0.605	0.0256	0.000	0.092
20.818	0.0269	0.011	0.639	0.0100	0.001	0.098
20.823	0.0315	0.007	0.672	0.0122	0.001	0.094
20.828	0.0275	0.009	0.666	0.0189	0.001	0.087
20.833	0.0171	0.007	0.659	0.0200	0.001	0.087
20.838	0.0106	0.020	0.660	0.0178	0.001	0.090
20.843	0.0127	0.011	0.668	0.0175	0.001	0.079
20.848	0.0171	0.007	0.712	0.0197	0.001	0.081
20.853	0.0223	0.009	0.682	0.0219	0.001	0.077
20.858	0.0183	0.007	0.628	0.0119	0.001	0.089
20.863	0.0134	0.007	0.621	0.0160	0.001	0.089
20.868	0.0071	0.007	0.639	0.0183	0.001	0.085
20.873	0.0143	0.014	0.666	0.0148	0.001	0.090
20.878	0.0362	0.007	0.713	0.0085	0.001	0.092
20.883	0.0431	0.009	0.730	0.0061	0.001	0.102
20.888	0.0386	0.007	0.698	0.0129	0.001	0.101
20.893	0.0311	0.009	0.698	0.0092	0.001	0.094
20.898	0.0242	0.007	0.686	0.0135	0.001	0.103
20.902	0.0244	0.007	0.666	0.0189	0.001	0.112
20.907	0.0243	0.014	0.680	0.0160	0.001	0.111
20.912	0.0392	0.007	0.616	0.0202	0.002	0.143
20.917	0.0331	0.014	0.561	0.0204	0.002	0.147
20.922	0.0143	0.005	0.596	0.0261	0.000	0.118
20.927	0.0061	0.005	0.607	0.0210	0.001	0.101
20.932	0.0091	0.007	0.549	0.0097	0.007	0.191
20.937	0.0116	0.007	0.564	0.0096	0.015	0.259
20.942	0.0054	0.018	0.564	0.0259	0.015	0.286
20.947	0.0038	0.020	0.516	0.0273	0.015	0.317
20.952	0.0039	0.027	0.382	0.0124	0.045	0.394
20.957	0.0035	0.016	0.185	0.0279	0.111	0.441
20.962	0.0017	0.089	0.168	0.0135	0.466	0.640
20.967	0.0008	0.111	0.107	0.0117	0.687	0.627
20.972	0.0006	0.202	0.096	0.0121	0.837	0.617
20.977	0.0011	0.245	0.160	0.0122	0.914	0.622
20.982	0.0012	0.227	0.128	0.0116	0.968	0.583
20.987	0.0031	0.236	0.149	0.0104	0.935	0.598
20.992	0.0061	0.225	0.169	0.0114	0.947	0.589
20.997	0.0074	0.227	0.162	0.0105	0.954	0.566
21.002	0.0083	0.198	0.118	0.0111	0.885	0.551
21.007	0.0081	0.191	0.100	0.0236	0.624	0.511
21.012	0.0070	0.161	0.425	0.0320	0.058	0.268
21.017	0.0045	0.109	0.612	0.0217	0.025	0.197
21.022	0.0257	0.014	0.703	0.0152	0.012	0.183
21.027	0.0455	0.027	0.699	0.0098	0.009	0.160
21.032	0.0502	0.023	0.706	0.0104	0.009	0.148
21.037	0.0603	0.023	0.711	0.0099	0.007	0.151
21.042	0.0677	0.018	0.704	0.0102	0.007	0.143
21.047	0.0776	0.023	0.675	0.0140	0.005	0.121
21.052	0.0816	0.014	0.705	0.0134	0.004	0.112
21.057	0.0945	0.023	0.705	0.0102	0.003	0.112
21.062	0.0995	0.018	0.698	0.0126	0.004	0.110
21.067	0.0910	0.018	0.722	0.0134	0.002	0.093
21.072	0.0888	0.014	0.749	0.0116	0.001	0.093
21.077	0.0957	0.014	0.734	0.0107	0.002	0.097
21.082	0.0932	0.014	0.744	0.0113	0.001	0.080
21.087	0.0925	0.014	0.741	0.0085	0.001	0.080
21.092	0.0948	0.016	0.764	0.0073	0.001	0.074
21.097	0.1011	0.014	0.756	0.0086	0.001	0.063
21.102	0.1041	0.014	0.721	0.0136	0.000	0.050
21.107	0.0953	0.014	0.619	0.0180	0.000	0.052
21.112	0.0722	0.009	0.382	0.0324	0.001	0.090
21.117	0.0343	0.009	0.334	0.0315	0.001	0.126
21.122	0.0200	0.014	0.462	0.0251	0.000	0.105
21.127	0.0148	0.016	0.443	0.0248	0.000	0.081
21.132	0.0105	0.005	0.491	0.0137	0.000	0.047
21.137	0.0042	0.009	0.461	0.0261	0.000	0.041
21.142	0.0053	0.005	0.464	0.0114	0.000	0.061
21.147	0.0049	0.011	0.467	0.0283	0.000	0.067
21.152	0.0034	0.014	0.478	0.0217	0.000	0.068
21.157	0.0027	0.009	0.406	0.0303	0.000	0.070
21.162	0.0021	0.009	0.463	0.0270	0.000	0.078
21.167	0.0020	0.016	0.542	0.0172	0.000	0.094
21.172	0.0029	0.005	0.575	0.0109	0.001	0.128
21.177	0.0037	0.002	0.564	0.0120	0.002	0.232
21.182	0.0037	0.009	0.555	0.0242	0.007	0.314
21.187	0.0028	0.014	0.612	0.0122	0.016	0.362
21.192	0.0046	0.005	0.632	0.0142	0.020	0.368
21.197	0.0071	0.023	0.664	0.0149	0.011	0.375
21.202	0.0101	0.014	0.608	0.0286	0.006	0.300
21.207	0.0144	0.009	0.610	0.0249	0.002	0.218
21.212	0.0189	0.014	0.654	0.0281	0.000	0.108
21.217	0.0328	0.009	0.689	0.0209	0.000	0.067
21.222	0.0445	0.009	0.737	0.0129	0.000	0.055
21.227	0.0625	0.009	0.755	0.0161	0.000	0.054
21.232	0.0800	0.009	0.737	0.0128	0.000	0.062
21.237	0.0864	0.009	0.661	0.0144	0.000	0.078
21.242	0.0775	0.009	0.506	0.0370	0.000	0.078
21.247	0.0429	0.002	0.580	0.0332	0.000	0.069
21.252	0.0268	0.005	0.698	0.0150	0.000	0.074
21.257	0.0316	0.009	0.701	0.0135	0.000	0.079
21.262	0.0368	0.009	0.691	0.0149	0.001	0.085
21.267	0.0384	0.014	0.731	0.0187	0.000	0.084
21.272	0.0430	0.009	0.754	0.0054	0.000	0.080
21.277	0.0495	0.011	0.746	0.0099	0.001	0.081
21.282	0.0420	0.014	0.746	0.0079	0.001	0.075
21.287	0.0407	0.018	0.743	0.0109	0.001	0.076
21.292	0.0423	0.018	0.749	0.0106	0.001	0.069
21.297	0.0429	0.011	0.746	0.0068	0.001	0.067
21.302	0.0379	0.009	0.745	0.0091	0.000	0.064
21.307	0.0298	0.009	0.735	0.0063	0.000	0.067
21.312	0.0241	0.009	0.742	0.0140	0.000	0.067
21.317	0.0203	0.009	0.706	0.0179	0.000	0.067
21.322	0.0226	0.009	0.744	0.0055	0.000	0.065
21.327	0.0252	0.009	0.712	0.0102	0.000	0.066
21.332	0.0255	0.007	0.679	0.0179	0.000	0.060
21.337	0.0250	0.009	0.668	0.0162	0.000	0.056
21.341	0.0294	0.018	0.609	0.0279	0.000	0.044
21.346	0.0395	0.007	0.681	0.0236	0.000	0.035
21.351	0.0352	0.009	0.746	0.0079	0.000	0.029
21.356	0.0394	0.009	0.739	0.0120	0.000	0.029
21.361	0.0345	0.007	0.741	0.0144	0.000	0.032
21.366	0.0239	0.009	0.729	0.0091	0.000	0.033
21.371	0.0183	0.007	0.723	0.0118	0.000	0.033
21.376	0.0169	0.009	0.707	0.0115	0.000	0.032
21.381	0.0145	0.009	0.732	0.0084	0.000	0.033
21.386	0.0152	0.009	0.696	0.0249	0.000	0.033
21.391	0.0161	0.007	0.637	0.0188	0.000	0.055
21.396	0.0153	0.009	0.643	0.0272	0.000	0.077
21.401	0.0187	0.009	0.613	0.0253	0.001	0.088
21.406	0.0204	0.009	0.600	0.0174	0.002	0.103
21.411	0.0297	0.014	0.648	0.0123	0.003	0.110
21.416	0.0428	0.030	0.712	0.0110	0.004	0.107
21.421	0.0596	0.023	0.719	0.0082	0.003	0.112
21.426	0.0693	0.023	0.749	0.0084	0.003	0.111
21.431	0.0796	0.016	0.718	0.0100	0.004	0.100
21.436	0.0834	0.027	0.655	0.0186	0.004	0.104
21.441	0.0720	0.020	0.701	0.0150	0.003	0.107
21.446	0.0490	0.014	0.734	0.0080	0.002	0.103
21.451	0.0551	0.009	0.710	0.0108	0.001	0.100
21.456	0.0596	0.009	0.694	0.0144	0.002	0.093
21.461	0.0622	0.009	0.733	0.0196	0.001	0.082
21.466	0.0678	0.009	0.755	0.0158	0.001	0.073
21.471	0.0765	0.009	0.766	0.0100	0.000	0.062
21.476	0.0927	0.009	0.730	0.0088	0.000	0.066
21.481	0.0956	0.009	0.622	0.0180	0.000	0.097
21.486	0.0778	0.009	0.529	0.0244	0.001	0.155
21.491	0.0406	0.005	0.702	0.0088	0.006	0.277
21.496	0.0339	0.005	0.702	0.0081	0.013	0.361
21.501	0.0288	0.009	0.702	0.0073	0.025	0.422
21.506	0.0270	0.018	0.707	0.0081	0.027	0.453
21.511	0.0253	0.018	0.688	0.0091	0.038	0.500
21.516	0.0254	0.009	0.675	0.0083	0.046	0.493
21.521	0.0228	0.027	0.687	0.0079	0.038	0.502
21.526	0.0220	0.027	0.691	0.0083	0.033	0.487
21.531	0.0213	0.027	0.709	0.0077	0.031	0.484
21.536	0.0208	0.018	0.709	0.0086	0.027	0.464
21.541	0.0210	0.018	0.717	0.0144	0.024	0.437
21.546	0.0220	0.032	0.732	0.0108	0.019	0.387
21.551	0.0231	0.009	0.723	0.0192	0.008	0.325
21.556	0.0244	0.009	0.737	0.0243	0.003	0.250
21.561	0.0253	0.016	0.743	0.0166	0.001	0.172
21.566	0.0314	0.005	0.775	0.0117	0.001	0.130
21.571	0.0293	0.009	0.780	0.0134	0.000	0.072
21.576	0.0227	0.009	0.783	0.0131	0.000	0.056
21.581	0.0302	0.007	0.763	0.0107	0.000	0.054
21.586	0.0353	0.005	0.762	0.0102	0.000	0.055
21.591	0.0451	0.005	0.789	0.0115	0.000	0.062
21.596	0.0519	0.007	0.790	0.0087	0.000	0.061
21.601	0.0514	0.005	0.779	0.0108	0.000	0.061
21.606	0.0428	0.005	0.744	0.0123	0.000	0.072
21.611	0.0210	0.011	0.678	0.0200	0.000	0.090
21.616	0.0222	0.005	0.668	0.0297	0.000	0.110
21.621	0.0206	0.009	0.704	0.0283	0.000	0.091
21.626	0.0188	0.005	0.724	0.0225	0.000	0.066
21.631	0.0166	0.005	0.766	0.0132	0.000	0.028
21.636	0.0170	0.005	0.712	0.0148	0.000	0.018
21.641	0.0171	0.002	0.682	0.0395	0.000	0.014
21.646	0.0131	0.005	0.669	0.0399	0.000	0.014
21.651	0.0082	0.005	0.709	0.0105	0.000	0.012
21.656	0.0081	0.005	0.688	0.0448	0.000	0.012
21.661	0.0117	0.005	0.574	0.0262	0.000	0.028
21.666	0.0112	0.002	0.679	0.0310	0.000	0.075
21.671	0.0083	0.005	0.683	0.0073	0.004	0.240
21.676	0.0094	0.005	0.583	0.0252	0.012	0.366
21.681	0.0068	0.009	0.602	0.0235	0.011	0.388
21.686	0.0062	0.007	0.541	0.0205	0.012	0.385
21.691	0.0067	0.023	0.440	0.0342	0.006	0.267
21.696	0.0049	0.041	0.491	0.0381	0.002	0.165
21.701	0.0110	0.014	0.647	0.0197	0.001	0.074
21.706	0.0232	0.009	0.719	0.0143	0.001	0.066
21.711	0.0395	0.009	0.735	0.0094	0.001	0.065
21.716	0.0636	0.009	0.736	0.0097	0.001	0.068
21.721	0.0705	0.009	0.737	0.0084	0.001	0.068
21.726	0.0770	0.009	0.742	0.0087	0.001	0.066
21.731	0.0820	0.009	0.737	0.0087	0.001	0.064
21.736	0.0853	0.011	0.743	0.0067	0.001	0.069
21.741	0.0856	0.014	0.737	0.0083	0.001	0.070
21.746	0.0888	0.014	0.741	0.0087	0.001	0.069
21.751	0.0914	0.014	0.738	0.0096	0.001	0.072
21.756	0.0936	0.014	0.734	0.0092	0.001	0.072
21.761	0.0899	0.014	0.739	0.0087	0.001	0.079
21.766	0.0867	0.009	0.728	0.0078	0.001	0.082
21.771	0.0822	0.014	0.709	0.0181	0.001	0.072
21.776	0.0786	0.009	0.666	0.0208	0.000	0.060
21.780	0.0670	0.009	0.519	0.0249	0.000	0.059
21.785	0.0543	0.014	0.311	0.0545	0.000	0.060
21.790	0.0206	0.005	0.455	0.0453	0.001	0.081
21.795	0.0128	0.005	0.558	0.0381	0.000	0.073
21.800	0.0144	0.014	0.690	0.0176	0.000	0.066
21.805	0.0220	0.009	0.728	0.0112	0.000	0.061
21.810	0.0405	0.009	0.750	0.0108	0.000	0.050
21.815	0.0543	0.009	0.734	0.0147	0.000	0.044
21.820	0.0578	0.009	0.744	0.0102	0.000	0.041
21.825	0.0579	0.007	0.741	0.0085	0.000	0.039
21.830	0.0538	0.009	0.735	0.0067	0.000	0.038
21.835	0.0528	0.009	0.751	0.0049	0.000	0.043
21.840	0.0580	0.009	0.734	0.0188	0.000	0.051
21.845	0.0662	0.009	0.736	0.0115	0.000	0.056
21.850	0.0724	0.009	0.709	0.0089	0.002	0.072
21.855	0.0729	0.009	0.699	0.0077	0.003	0.085
21.860	0.0653	0.009	0.649	0.0126	0.010	0.142
21.865	0.0525	0.009	0.612	0.0166	0.029	0.187
21.870	0.0381	0.016	0.656	0.0127	0.037	0.254
21.875	0.0347	0.018	0.635	0.0134	0.049	0.299
21.880	0.0269	0.009	0.665	0.0101	0.073	0.337
21.885	0.0168	0.023	0.629	0.0129	0.070	0.331
21.890	0.0151	0.023	0.631	0.0088	0.072	0.332
21.895	0.0156	0.036	0.604	0.0091	0.084	0.333
21.900	0.0131	0.025	0.583	0.0091	0.079	0.377
21.905	0.0107	0.032	0.622	0.0166	0.092	0.408
21.910	0.0149	0.030	0.664	0.0181	0.071	0.355
21.915	0.0141	0.027	0.650	0.0127	0.054	0.342
21.920	0.0114	0.023	0.670	0.0107	0.045	0.360
21.925	0.0128	0.014	0.662	0.0109	0.040	0.349
21.930	0.0120	0.011	0.671	0.0139	0.017	0.311
21.935	0.0115	0.009	0.727	0.0082	0.015	0.291
21.940	0.0180	0.005	0.725	0.0163	0.006	0.271
21.945	0.0193	0.002	0.661	0.0158	0.003	0.210
21.950	0.0175	0.005	0.726	0.0376	0.001	0.110
21.955	0.0118	0.005	0.721	0.0179	0.000	0.083
21.960	0.0150	0.005	0.645	0.0186	0.000	0.078
21.965	0.0117	0.005	0.653	0.0243	0.000	0.064
21.970	0.0123	0.002	0.691	0.0314	0.000	0.042
21.975	0.0126	0.005	0.716	0.0316	0.000	0.037
21.980	0.0169	0.005	0.711	0.0140	0.000	0.037
21.985	0.0236	0.005	0.738	0.0111	0.000	0.039
21.990	0.0293	0.002	0.720	0.0099	0.000	0.048
21.995	0.0297	0.005	0.657	0.0164	0.000	0.053
22.000	0.0300	0.005	0.607	0.0217	0.000	0.050
22.005	0.0314	0.009	0.678	0.0216	0.000	0.049
22.010	0.0453	0.009	0.728	0.0164	0.000	0.042
22.015	0.0625	0.009	0.740	0.0121	0.000	0.044
22.020	0.0623	0.014	0.736	0.0102	0.000	0.050
22.025	0.0485	0.014	0.730	0.0121	0.000	0.048
22.030	0.0378	0.014	0.737	0.0144	0.000	0.049
22.035	0.0359	0.018	0.732	0.0079	0.000	0.050
22.040	0.0284	0.018	0.723	0.0111	0.000	0.045
22.045	0.0203	0.011	0.690	0.0092	0.000	0.050
22.050	0.0148	0.014	0.719	0.0110	0.001	0.058
22.055	0.0252	0.016	0.681	0.0110	0.001	0.061
22.060	0.0310	0.014	0.697	0.0099	0.001	0.066
22.065	0.0409	0.020	0.721	0.0126	0.000	0.067
22.070	0.0430	0.023	0.662	0.0087	0.001	0.065
22.075	0.0504	0.023	0.712	0.0090	0.001	0.064
22.080	0.0664	0.020	0.709	0.0141	0.001	0.068
22.085	0.0724	0.027	0.736	0.0066	0.001	0.069
22.090	0.0788	0.018	0.740	0.0064	0.001	0.070
22.095	0.0780	0.020	0.733	0.0065	0.001	0.072
22.100	0.0704	0.027	0.737	0.0099	0.001	0.073
22.105	0.0514	0.025	0.738	0.0069	0.001	0.079
22.110	0.0379	0.025	0.716	0.0158	0.001	0.077
22.115	0.0291	0.023	0.626	0.0177	0.001	0.075
22.120	0.0222	0.020	0.434	0.0374	0.001	0.083
22.125	0.0168	0.016	0.409	0.0470	0.000	0.065
22.130	0.0114	0.009	0.629	0.0263	0.000	0.045
22.135	0.0282	0.009	0.711	0.0166	0.000	0.039
22.140	0.0223	0.009	0.722	0.0067	0.000	0.036
22.145	0.0201	0.007	0.652	0.0176	0.000	0.039
22.150	0.0160	0.005	0.670	0.0282	0.000	0.055
22.155	0.0096	0.005	0.450	0.0178	0.001	0.066
22.160	0.0089	0.014	0.579	0.0454	0.000	0.080
22.165	0.0102	0.009	0.575	0.0205	0.000	0.070
22.170	0.0153	0.009	0.645	0.0282	0.000	0.071
22.175	0.0212	0.009	0.664	0.0106	0.000	0.071
22.180	0.0284	0.014	0.679	0.0132	0.001	0.081
22.185	0.0412	0.011	0.703	0.0143	0.001	0.085
22.190	0.0493	0.014	0.705	0.0125	0.001	0.096
22.195	0.0678	0.011	0.752	0.0091	0.001	0.098
22.200	0.0778	0.011	0.739	0.0109	0.001	0.107
22.205	0.0761	0.011	0.689	0.0129	0.002	0.112
22.210	0.0447	0.014	0.626	0.0191	0.002	0.120
22.215	0.0284	0.011	0.519	0.0226	0.002	0.130
22.220	0.0269	0.007	0.295	0.0419	0.002	0.140
22.224	0.0181	0.016	0.224	0.0426	0.001	0.102
22.229	0.0105	0.007	0.343	0.0327	0.000	0.044
22.234	0.0084	0.005	0.334	0.0229	0.000	0.047
22.239	0.0035	0.007	0.274	0.0284	0.000	0.046
22.244	0.0037	0.014	0.194	0.0402	0.000	0.061
22.249	0.0015	0.016	0.525	0.0274	0.000	0.059
22.254	0.0014	0.011	0.609	0.0302	0.000	0.063
22.259	0.0009	0.018	0.674	0.0219	0.000	0.061
22.264	0.0013	0.011	0.674	0.0138	0.000	0.066
22.269	0.0013	0.011	0.545	0.0224	0.000	0.085
22.274	0.0012	0.014	0.468	0.0303	0.000	0.103
22.279	0.0009	0.009	0.435	0.0365	0.001	0.173
22.284	0.0004	0.007	0.425	0.0137	0.039	0.512
22.289	0.0005	0.009	0.149	0.0137	0.405	0.674
22.294	0.0005	0.089	0.138	0.0094	0.506	0.634
22.299	0.0004	0.130	0.185	0.0339	0.328	0.550
22.304	0.0015	0.159	0.336	0.0488	0.039	0.330
22.309	0.0018	0.102	0.451	0.0486	0.004	0.153
22.314	0.0077	0.030	0.598	0.0192	0.001	0.097
22.319	0.0092	0.009	0.743	0.0109	0.001	0.071
22.324	0.0222	0.009	0.713	0.0197	0.001	0.073
22.329	0.0315	0.009	0.690	0.0099	0.003	0.094
22.334	0.0341	0.011	0.649	0.0123	0.004	0.125
22.339	0.0339	0.014	0.593	0.0097	0.011	0.220
22.344	0.0385	0.007	0.653	0.0140	0.019	0.266
22.349	0.0352	0.005	0.560	0.0095	0.071	0.407
22.354	0.0162	0.009	0.502	0.0144	0.130	0.446
22.359	0.0154	0.045	0.402	0.0118	0.248	0.485
22.364	0.0137	0.070	0.329	0.0126	0.444	0.501
22.369	0.0097	0.089	0.197	0.0109	0.762	0.533
22.374	0.0080	0.159	0.145	0.0135	0.897	0.549
22.379	0.0082	0.175	0.144	0.0108	0.961	0.534
22.384	0.0086	0.209	0.126	0.0117	0.963	0.522
22.389	0.0098	0.184	0.131	0.0122	0.953	0.529
22.394	0.0107	0.193	0.148	0.0134	0.960	0.494
22.399	0.0101	0.180	0.164	0.0116	0.962	0.488
22.404	0.0102	0.191	0.161	0.0112	0.970	0.508
22.409	0.0106	0.209	0.132	0.0123	0.964	0.489
22.414	0.0088	0.189	0.153	0.0141	0.969	0.475
22.419	0.0075	0.191	0.142	0.0123	0.979	0.461
22.424	0.0088	0.168	0.118	0.0115	0.978	0.481
22.429	0.0093	0.189	0.130	0.0112	0.968	0.478
22.434	0.0086	0.180	0.144	0.0137	0.964	0.458
22.439	0.0079	0.173	0.174	0.0129	0.976	0.427
22.444	0.0116	0.173	0.205	0.0141	0.975	0.407
22.449	0.0090	0.150	0.152	0.0187	0.851	0.397
22.454	0.0087	0.132	0.264	0.0465	0.188	0.324
22.459	0.0048	0.118	0.502	0.0311	0.010	0.154
22.464	0.0082	0.016	0.628	0.0161	0.003	0.114
22.469	0.0092	0.009	0.700	0.0171	0.002	0.095
22.474	0.0268	0.009	0.705	0.0096	0.002	0.090
22.479	0.0397	0.009	0.743	0.0105	0.001	0.079
22.484	0.0507	0.007	0.720	0.0094	0.002	0.080
22.489	0.0561	0.009	0.708	0.0099	0.003	0.086
22.494	0.0521	0.009	0.709	0.0131	0.002	0.089
22.499	0.0506	0.009	0.679	0.0152	0.006	0.091
22.504	0.0571	0.009	0.709	0.0103	0.006	0.092
22.509	0.0666	0.014	0.702	0.0157	0.002	0.088
22.514	0.0647	0.011	0.722	0.0129	0.001	0.081
22.519	0.0655	0.009	0.709	0.0117	0.001	0.091
22.524	0.0629	0.009	0.740	0.0129	0.001	0.098
22.529	0.0601	0.009	0.745	0.0114	0.002	0.092
22.534	0.0458	0.011	0.734	0.0126	0.001	0.077
22.539	0.0375	0.009	0.737	0.0134	0.000	0.067
22.544	0.0346	0.009	0.740	0.0077	0.000	0.062
22.549	0.0314	0.011	0.743	0.0138	0.000	0.052
22.554	0.0275	0.009	0.728	0.0120	0.000	0.044
22.559	0.0232	0.009	0.732	0.0101	0.000	0.035
22.564	0.0185	0.014	0.685	0.0236	0.000	0.033
22.569	0.0159	0.009	0.690	0.0161	0.000	0.032
22.574	0.0140	0.002	0.690	0.0260	0.000	0.026
22.579	0.0149	0.005	0.685	0.0247	0.000	0.020
22.584	0.0208	0.005	0.735	0.0137	0.000	0.019
22.589	0.0264	0.005	0.720	0.0174	0.000	0.024
22.594	0.0252	0.005	0.700	0.0217	0.000	0.029
22.599	0.0225	0.002	0.677	0.0426	0.000	0.031
22.604	0.0158	0.005	0.608	0.0430	0.000	0.027
22.609	0.0075	0.005	0.560	0.0399	0.000	0.020
22.614	0.0064	0.005	0.496	0.0264	0.000	0.025
22.619	0.0066	0.002	0.539	0.0307	0.000	0.035
22.624	0.0032	0.005	0.568	0.0354	0.000	0.041
22.629	0.0035	0.002	0.485	0.0803	0.000	0.061
22.634	0.0013	0.005	0.570	0.0343	0.000	0.092
22.639	0.0011	0.005	0.645	0.0187	0.001	0.145
22.644	0.0009	0.005	0.237	0.0224	0.065	0.534
22.649	0.0010	0.005	0.133	0.0128	0.848	0.598
22.654	0.0008	0.039	0.111	0.0096	0.942	0.536
22.659	0.0021	0.200	0.191	0.0157	0.812	0.524
22.663	0.0057	0.186	0.243	0.0516	0.158	0.428
22.668	0.0030	0.127	0.433	0.0489	0.002	0.149
22.673	0.0052	0.009	0.634	0.0244	0.001	0.106
22.678	0.0075	0.020	0.707	0.0151	0.001	0.090
22.683	0.0473	0.011	0.658	0.0176	0.002	0.094
22.688	0.0459	0.009	0.692	0.0213	0.001	0.090
22.693	0.0344	0.009	0.715	0.0142	0.001	0.083
22.698	0.0321	0.009	0.729	0.0111	0.001	0.073
22.703	0.0345	0.014	0.738	0.0101	0.001	0.075
22.708	0.0388	0.014	0.731	0.0124	0.001	0.073
22.713	0.0426	0.014	0.727	0.0148	0.001	0.075
22.718	0.0434	0.014	0.734	0.0109	0.001	0.075
22.723	0.0391	0.014	0.712	0.0132	0.001	0.075
22.728	0.0391	0.014	0.688	0.0218	0.001	0.074
22.733	0.0442	0.014	0.688	0.0167	0.001	0.063
22.738	0.0469	0.011	0.681	0.0154	0.001	0.057
22.743	0.0494	0.014	0.642	0.0179	0.001	0.059
22.748	0.0574	0.011	0.623	0.0188	0.001	0.056
22.753	0.0625	0.011	0.676	0.0221	0.001	0.053
22.758	0.0793	0.014	0.721	0.0071	0.000	0.053
22.763	0.0780	0.009	0.694	0.0117	0.000	0.050
22.768	0.0467	0.011	0.652	0.0149	0.000	0.049
22.773	0.0339	0.011	0.625	0.0168	0.000	0.049
22.778	0.0304	0.011	0.642	0.0189	0.000	0.042
22.783	0.0390	0.014	0.675	0.0158	0.001	0.041
22.788	0.0512	0.007	0.688	0.0148	0.001	0.044
22.793	0.0474	0.009	0.671	0.0217	0.000	0.041
22.798	0.0243	0.007	0.668	0.0233	0.000	0.040
22.803	0.0132	0.007	0.667	0.0233	0.000	0.036
22.808	0.0188	0.007	0.690	0.0190	0.000	0.040
22.813	0.0312	0.007	0.722	0.0110	0.000	0.037
22.818	0.0448	0.009	0.711	0.0116	0.000	0.040
22.823	0.0401	0.009	0.679	0.0239	0.000	0.043
22.828	0.0255	0.007	0.685	0.0167	0.000	0.049
22.833	0.0241	0.007	0.689	0.0209	0.001	0.054
22.838	0.0261	0.007	0.673	0.0221	0.002	0.084
22.843	0.0350	0.007	0.696	0.0149	0.003	0.119
22.848	0.0388	0.009	0.667	0.0192	0.010	0.174
22.853	0.0276	0.007	0.623	0.0098	0.015	0.209
22.858	0.0155	0.007	0.619	0.0104	0.039	0.269
22.863	0.0092	0.011	0.610	0.0082	0.071	0.280
22.868	0.0111	0.041	0.605	0.0097	0.080	0.312
22.873	0.0199	0.011	0.567	0.0098	0.112	0.313
22.878	0.0138	0.032	0.585	0.0124	0.160	0.324
22.883	0.0094	0.036	0.608	0.0097	0.186	0.300
22.888	0.0086	0.043	0.604	0.0141	0.120	0.313
22.893	0.0128	0.030	0.635	0.0104	0.091	0.299
22.898	0.0160	0.025	0.625	0.0112	0.061	0.291
22.903	0.0070	0.048	0.623	0.0138	0.036	0.290
22.908	0.0067	0.016	0.579	0.0130	0.024	0.308
22.913	0.0066	0.018	0.563	0.0314	0.012	0.279
22.918	0.0099	0.002	0.608	0.0233	0.004	0.212
22.923	0.0022	0.009	0.614	0.0146	0.013	0.240
22.928	0.0064	0.020	0.486	0.0146	0.058	0.292
22.933	0.0063	0.039	0.558	0.0315	0.030	0.266
22.938	0.0071	0.036	0.623	0.0284	0.012	0.186
22.943	0.0060	0.005	0.606	0.0175	0.011	0.171
22.948	0.0054	0.023	0.654	0.0245	0.004	0.138
22.953	0.0097	0.016	0.671	0.0305	0.001	0.086
22.958	0.0164	0.009	0.690	0.0132	0.000	0.067
22.963	0.0224	0.007	0.712	0.0140	0.000	0.051
22.968	0.0266	0.007	0.685	0.0226	0.000	0.034
22.973	0.0210	0.007	0.668	0.0161	0.000	0.031
22.978	0.0113	0.007	0.565	0.0245	0.000	0.032
22.983	0.0197	0.009	0.580	0.0346	0.000	0.034
22.988	0.0338	0.011	0.556	0.0229	0.000	0.045
22.993	0.0456	0.009	0.621	0.0196	0.000	0.050
22.998	0.0336	0.011	0.598	0.0156	0.001	0.053
23.003	0.0415	0.011	0.594	0.0199	0.001	0.056
23.008	0.0442	0.014	0.624	0.0161	0.001	0.051
23.013	0.0631	0.014	0.638	0.0132	0.001	0.055
23.018	0.0429	0.009	0.654	0.0100	0.001	0.053
23.023	0.0313	0.018	0.622	0.0118	0.001	0.046
23.028	0.0622	0.016	0.622	0.0113	0.001	0.053
23.033	0.0815	0.014	0.647	0.0118	0.001	0.051
23.038	0.0531	0.014	0.645	0.0093	0.000	0.050
23.043	0.0381	0.011	0.618	0.0096	0.000	0.048
23.048	0.0532	0.018	0.594	0.0180	0.000	0.057
23.053	0.0714	0.014	0.636	0.0176	0.000	0.058
23.058	0.0317	0.014	0.619	0.0263	0.000	0.051
23.063	0.0434	0.011	0.605	0.0148	0.000	0.056
23.068	0.0450	0.016	0.542	0.0205	0.001	0.077
23.073	0.0526	0.016	0.585	0.0388	0.001	0.085
23.078	0.0236	0.014	0.587	0.0159	0.001	0.097
23.083	0.0276	0.014	0.529	0.0156	0.001	0.085
23.088	0.0379	0.020	0.503	0.0272	0.001	0.077
23.093	0.0242	0.009	0.474	0.0421	0.001	0.077
23.098	0.0130	0.016	0.298	0.0293	0.002	0.121
23.102	0.0128	0.027	0.348	0.0382	0.002	0.117
23.107	0.0092	0.011	0.357	0.0468	0.001	0.119
23.112	0.0047	0.034	0.291	0.0336	0.000	0.089
23.117	0.0048	0.005	0.192	0.0441	0.000	0.066
23.122	0.0015	0.009	0.490	0.0289	0.000	0.084
23.127	0.0013	0.011	0.538	0.0324	0.002	0.141
23.132	0.0020	0.014	0.600	0.0367	0.001	0.123
23.137	0.0009	0.014	0.501	0.0202	0.000	0.106
23.142	0.0011	0.011	0.425	0.0251	0.000	0.111
23.147	0.0009	0.016	0.344	0.0336	0.001	0.181
23.152	0.0004	0.014	0.503	0.0159	0.035	0.337
23.157	0.0006	0.014	0.504	0.0064	0.093	0.411
23.162	0.0004	0.023	0.502	0.0085	0.125	0.448
23.167	0.0005	0.075	0.630	0.0224	0.057	0.374
23.172	0.0005	0.023	0.663	0.0149	0.034	0.368
23.177	0.0005	0.027	0.683	0.0391	0.003	0.267
23.182	0.0004	0.014	0.758	0.0128	0.003	0.277
23.187	0.0004	0.014	0.614	0.0150	0.008	0.355
23.192	0.0003	0.014	0.527	0.0166	0.015	0.375
23.197	0.0002	0.020	0.322	0.0114	0.064	0.488
23.202	0.0001	0.041	0.281	0.0122	0.198	0.554
23.207	0.0001	0.050	0.300	0.0181	0.176	0.529
23.212	0.0001	0.105	0.263	0.0140	0.148	0.479
23.217	0.0001	0.073	0.267	0.0131	0.228	0.453
23.222	0.0002	0.064	0.201	0.0165	0.183	0.449
23.227	0.0001	0.084	0.173	0.0159	0.141	0.426
23.232	0.0002	0.077	0.275	0.0180	0.128	0.406
23.237	0.0003	0.086	0.310	0.0112	0.136	0.390
23.242	0.0003	0.070	0.268	0.0141	0.161	0.407
23.247	0.0006	0.073	0.327	0.0174	0.138	0.358
23.252	0.0004	0.080	0.301	0.0154	0.150	0.326
23.257	0.0006	0.084	0.297	0.0147	0.164	0.335
23.262	0.0007	0.070	0.231	0.0133	0.171	0.354
23.267	0.0007	0.068	0.169	0.0156	0.214	0.361
23.272	0.0006	0.089	0.175	0.0173	0.246	0.342
23.277	0.0004	0.086	0.220	0.0141	0.214	0.322
23.282	0.0007	0.089	0.205	0.0101	0.218	0.343
23.287	0.0011	0.073	0.200	0.0145	0.258	0.353
23.292	0.0009	0.095	0.231	0.0126	0.288	0.348
23.297	0.0007	0.084	0.145	0.0114	0.421	0.378
23.302	0.0006	0.091	0.128	0.0133	0.461	0.395
23.307	0.0006	0.116	0.139	0.0169	0.313	0.377
23.312	0.0006	0.118	0.203	0.0173	0.256	0.350
23.317	0.0007	0.089	0.233	0.0151	0.213	0.333
23.322	0.0009	0.075	0.224	0.0143	0.239	0.348
23.327	0.0012	0.080	0.218	0.0138	0.267	0.364
23.332	0.0015	0.098	0.136	0.0137	0.261	0.355
23.337	0.0010	0.093	0.202	0.0143	0.319	0.355
23.342	0.0012	0.098	0.195	0.0127	0.362	0.359
23.347	0.0013	0.095	0.231	0.0127	0.378	0.351
23.352	0.0010	0.095	0.196	0.0118	0.362	0.367
23.357	0.0014	0.091	0.183	0.0120	0.461	0.373
23.362	0.0014	0.089	0.177	0.0114	0.512	0.375
23.367	0.0013	0.105	0.204	0.0151	0.424	0.365
23.372	0.0014	0.123	0.195	0.0143	0.396	0.352
23.377	0.0011	0.089	0.188	0.0128	0.503	0.380
23.382	0.0012	0.098	0.206	0.0126	0.558	0.365
23.387	0.0011	0.120	0.164	0.0151	0.475	0.361
23.392	0.0009	0.116	0.180	0.0123	0.487	0.361
23.397	0.0010	0.105	0.185	0.0158	0.492	0.343
23.402	0.0009	0.105	0.216	0.0130	0.377	0.328
23.407	0.0008	0.102	0.230	0.0134	0.284	0.327
23.412	0.0008	0.082	0.180	0.0134	0.289	0.327
23.417	0.0007	0.098	0.173	0.0124	0.386	0.366
23.422	0.0005	0.102	0.168	0.0147	0.329	0.372
23.427	0.0006	0.089	0.172	0.0137	0.466	0.357
23.432	0.0005	0.114	0.132	0.0163	0.504	0.351
23.437	0.0004	0.111	0.148	0.0138	0.504	0.349
23.442	0.0004	0.123	0.257	0.0190	0.398	0.354
23.447	0.0003	0.095	0.358	0.0141	0.275	0.324
23.452	0.0003	0.080	0.331	0.0128	0.280	0.308
23.457	0.0002	0.095	0.349	0.0111	0.288	0.362
23.462	0.0002	0.091	0.270	0.0153	0.342	0.400
23.467	0.0002	0.105	0.260	0.0143	0.231	0.417
23.472	0.0001	0.086	0.271	0.0124	0.255	0.440
23.477	0.0001	0.084	0.155	0.0134	0.249	0.517
23.482	0.0001	0.105	0.202	0.0154	0.190	0.527
23.487	0.0001	0.064	0.226	0.0130	0.143	0.522
23.492	0.0001	0.066	0.216	0.0148	0.184	0.573
23.497	0.0000	0.073	0.195	0.0142	0.131	0.559
23.502	0.0000	0.050	0.208	0.0157	0.094	0.548
23.507	0.0000	0.034	0.207	0.0147	0.076	0.541
23.512	0.0000	0.043	0.203	0.0119	0.089	0.568
23.517	0.0000	0.034	0.239	0.0170	0.084	0.573
23.522	0.0000	0.041	0.252	0.0106	0.095	0.599
23.527	0.0000	0.023	0.077	0.0336	0.164	0.641
23.532	0.0000	0.018	0.074	0.0523	0.064	0.581
23.537	0.0000	0.020	0.179	0.0188	0.021	0.481
23.541	0.0000	0.030	0.277	0.0128	0.027	0.498
23.546	0.0001	0.023	0.183	0.0187	0.153	0.616
23.551	0.0001	0.014	0.058	0.0312	0.267	0.651
23.556	0.0000	0.150	0.551	0.0609	0.020	0.440
23.561	0.0000	0.023	0.707	0.0374	0.004	0.305
23.566	0.0000	0.023	0.748	0.0151	0.003	0.327
23.571	0.0002	0.016	0.716	0.0094	0.008	0.428
23.576	0.0001	0.016	0.590	0.0130	0.040	0.594
23.581	0.0001	0.016	0.519	0.0104	0.125	0.671
23.586	0.0000	0.034	0.120	0.0126	0.662	0.844
23.591	0.0000	0.000	0.200	0.0099	0.749	0.872
23.596	0.0000	0.000	0.248	0.0054	0.726	0.876
23.601	0.0000	0.009	0.330	0.0045	0.788	0.918
23.606	0.0000	0.005	0.000	0.0017	0.783	0.995
23.611	0.0000	0.000	0.000	0.1992	0.000	0.000
23.616	0.0000	0.000	0.126	0.0226	0.093	0.384
23.621	0.0000	0.000	0.183	0.0148	0.202	0.330
23.626	0.0000	0.005	0.367	0.0396	0.124	0.293
23.631	0.0001	0.084	0.489	0.0226	0.121	0.228
23.636	0.0002	0.050	0.195	0.0253	0.261	0.231
23.641	0.0006	0.048	0.416	0.0215	0.230	0.216
23.646	0.0009	0.077	0.235	0.0349	0.044	0.149
23.651	0.0026	0.057	0.384	0.0367	0.006	0.118
23.656	0.0038	0.027	0.243	0.0242	0.004	0.109
23.661	0.0076	0.027	0.406	0.0323	0.003	0.087
23.666	0.0189	0.023	0.581	0.0268	0.001	0.079
23.671	0.0267	0.027	0.620	0.0159	0.001	0.080
23.676	0.0517	0.023	0.574	0.0265	0.001	0.074
23.681	0.1140	0.027	0.496	0.0232	0.001	0.075
23.686	0.1597	0.018	0.356	0.0241	0.003	0.095
23.691	0.1794	0.018	0.523	0.0198	0.005	0.118
23.696	0.0822	0.018	0.726	0.0225	0.005	0.114
23.701	0.0965	0.016	0.769	0.0186	0.004	0.116
23.706	0.0948	0.014	0.824	0.0178	0.003	0.099
23.711	0.1213	0.016	0.778	0.0206	0.002	0.085
23.716	0.1543	0.018	0.600	0.0273	0.001	0.067
23.721	0.1225	0.016	0.302	0.0707	0.000	0.063
23.726	0.0111	0.011	0.567	0.0293	0.002	0.144
23.731	0.0207	0.007	0.629	0.0250	0.002	0.149
23.736	0.0290	0.016	0.764	0.0292	0.001	0.100
23.741	0.0335	0.016	0.805	0.0185	0.001	0.088
23.746	0.0552	0.018	0.821	0.0138	0.001	0.086
23.751	0.0500	0.020	0.825	0.0191	0.001	0.084
23.756	0.0594	0.014	0.850	0.0125	0.001	0.073
23.761	0.0504	0.011	0.843	0.0167	0.001	0.065
23.766	0.0507	0.011	0.830	0.0142	0.001	0.069
23.771	0.0699	0.009	0.831	0.0191	0.001	0.070
23.776	0.0569	0.016	0.836	0.0142	0.001	0.073
23.781	0.0554	0.007	0.832	0.0162	0.001	0.080
23.786	0.0671	0.016	0.830	0.0195	0.002	0.082
23.791	0.0524	0.014	0.826	0.0203	0.002	0.077
23.796	0.0494	0.011	0.818	0.0186	0.003	0.077
23.801	0.0603	0.007	0.775	0.0203	0.003	0.082
23.806	0.0458	0.011	0.768	0.0276	0.002	0.094
23.811	0.0439	0.005	0.751	0.0197	0.002	0.116
23.816	0.0316	0.007	0.797	0.0236	0.001	0.098
23.821	0.0344	0.007	0.785	0.0263	0.001	0.087
23.826	0.0374	0.007	0.680	0.0263	0.002	0.123
23.831	0.0358	0.005	0.556	0.0437	0.003	0.137
23.836	0.0149	0.009	0.700	0.0238	0.001	0.088
23.841	0.0214	0.007	0.634	0.0364	0.001	0.064
23.846	0.0165	0.005	0.623	0.0138	0.000	0.025
23.851	0.0149	0.005	0.351	0.0283	0.000	0.033
23.856	0.0065	0.005	0.241	0.0261	0.000	0.037
23.861	0.0052	0.007	0.185	0.0497	0.000	0.039
23.866	0.0036	0.007	0.369	0.0380	0.000	0.053
23.871	0.0010	0.009	0.455	0.0361	0.000	0.051
23.876	0.0020	0.011	0.531	0.0310	0.000	0.066
23.881	0.0014	0.011	0.443	0.0296	0.000	0.079
23.886	0.0006	0.018	0.508	0.0345	0.000	0.077
23.891	0.0009	0.011	0.646	0.0267	0.000	0.090
23.896	0.0008	0.014	0.703	0.0338	0.000	0.090
23.901	0.0006	0.014	0.616	0.0224	0.000	0.088
23.906	0.0007	0.011	0.322	0.0229	0.001	0.149
23.911	0.0004	0.014	0.226	0.0232	0.012	0.182
23.916	0.0007	0.023	0.214	0.0067	0.819	0.593
23.921	0.0006	0.030	0.149	0.0068	0.797	0.595
23.926	0.0012	0.073	0.155	0.0155	0.537	0.522
23.931	0.0331	0.145	0.173	0.0191	0.277	0.455
23.936	0.0180	0.093	0.299	0.0092	0.219	0.461
23.941	0.0187	0.080	0.177	0.0149	0.175	0.461
23.946	0.0167	0.075	0.374	0.0304	0.102	0.372
23.951	0.0179	0.080	0.478	0.0247	0.043	0.310
23.956	0.0144	0.050	0.669	0.0183	0.020	0.241
23.961	0.0441	0.034	0.698	0.0188	0.016	0.202
23.966	0.0586	0.016	0.730	0.0131	0.022	0.174
23.971	0.0601	0.011	0.762	0.0145	0.016	0.158
23.976	0.1069	0.030	0.734	0.0128	0.016	0.150
23.980	0.0697	0.025	0.771	0.0185	0.017	0.148
23.985	0.1092	0.034	0.810	0.0159	0.011	0.118
23.990	0.0961	0.036	0.818	0.0139	0.006	0.113
23.995	0.1122	0.032	0.805	0.0117	0.003	0.104
24.000	0.1107	0.016	0.816	0.0146	0.003	0.096
24.005	0.1017	0.032	0.816	0.0076	0.003	0.097
24.010	0.1166	0.023	0.818	0.0108	0.004	0.091
24.015	0.1144	0.030	0.823	0.0084	0.004	0.081
24.020	0.1290	0.011	0.826	0.0106	0.003	0.078
24.025	0.1375	0.016	0.817	0.0138	0.003	0.080
24.030	0.1415	0.011	0.816	0.0168	0.003	0.076
24.035	0.1600	0.016	0.825	0.0055	0.002	0.066
24.040	0.1491	0.011	0.811	0.0092	0.002	0.064
24.045	0.1760	0.014	0.785	0.0228	0.001	0.065
24.050	0.1902	0.014	0.794	0.0232	0.001	0.059
24.055	0.1724	0.014	0.815	0.0126	0.001	0.052
24.060	0.1909	0.011	0.803	0.0102	0.001	0.055
24.065	0.1609	0.014	0.761	0.0163	0.001	0.064
24.070	0.1460	0.011	0.756	0.0183	0.001	0.068
24.075	0.1130	0.014	0.788	0.0154	0.000	0.071
24.080	0.0872	0.011	0.807	0.0121	0.000	0.064
24.085	0.0939	0.014	0.764	0.0150	0.000	0.052
24.090	0.0883	0.011	0.737	0.0202	0.000	0.047
24.095	0.0699	0.011	0.766	0.0102	0.000	0.042
24.100	0.0697	0.016	0.798	0.0102	0.000	0.041
24.105	0.0623	0.011	0.747	0.0143	0.000	0.038
24.110	0.0395	0.011	0.741	0.0169	0.000	0.043
24.115	0.0517	0.014	0.771	0.0169	0.000	0.050
24.120	0.0529	0.009	0.761	0.0138	0.000	0.053
24.125	0.0505	0.011	0.735	0.0158	0.000	0.061
24.130	0.0365	0.009	0.762	0.0139	0.000	0.065
24.135	0.0166	0.011	0.748	0.0103	0.000	0.067
24.140	0.0352	0.005	0.741	0.0078	0.000	0.086
24.145	0.0397	0.005	0.717	0.0122	0.000	0.098
24.150	0.0395	0.005	0.724	0.0174	0.000	0.107
24.155	0.0425	0.009	0.735	0.0174	0.000	0.113
24.160	0.0335	0.007	0.766	0.0230	0.000	0.100
24.165	0.0358	0.005	0.761	0.0109	0.000	0.112
24.170	0.0340	0.005	0.753	0.0108	0.000	0.117
24.175	0.0302	0.005	0.756	0.0099	0.000	0.103
24.180	0.0238	0.005	0.753	0.0136	0.000	0.098
24.185	0.0198	0.005	0.738	0.0133	0.000	0.078
24.190	0.0250	0.007	0.747	0.0140	0.000	0.059
24.195	0.0425	0.005	0.718	0.0156	0.000	0.057
24.200	0.0458	0.005	0.737	0.0170	0.001	0.056
24.205	0.0671	0.009	0.782	0.0116	0.000	0.049
24.210	0.0742	0.016	0.780	0.0097	0.000	0.049
24.215	0.0739	0.018	0.733	0.0201	0.000	0.052
24.220	0.0584	0.018	0.735	0.0199	0.001	0.052
24.225	0.0475	0.025	0.773	0.0062	0.001	0.056
24.230	0.0664	0.018	0.758	0.0093	0.001	0.057
24.235	0.0726	0.027	0.742	0.0146	0.001	0.070
24.240	0.0739	0.025	0.718	0.0174	0.001	0.079
24.245	0.0604	0.018	0.769	0.0121	0.002	0.088
24.250	0.0446	0.020	0.779	0.0084	0.002	0.083
24.255	0.0517	0.018	0.726	0.0185	0.002	0.074
24.260	0.0642	0.023	0.722	0.0238	0.002	0.078
24.265	0.0636	0.016	0.766	0.0144	0.001	0.077
24.270	0.0506	0.020	0.787	0.0139	0.001	0.077
24.275	0.0583	0.014	0.794	0.0128	0.001	0.078
24.280	0.0593	0.020	0.803	0.0140	0.001	0.079
24.285	0.0530	0.020	0.822	0.0108	0.001	0.077
24.290	0.0561	0.014	0.812	0.0107	0.000	0.081
24.295	0.0619	0.016	0.725	0.0130	0.001	0.088
24.300	0.0492	0.007	0.647	0.0208	0.002	0.099
24.305	0.0344	0.005	0.726	0.0217	0.003	0.109
24.310	0.0272	0.005	0.780	0.0120	0.010	0.144
24.315	0.0250	0.011	0.752	0.0087	0.015	0.160
24.320	0.0213	0.014	0.753	0.0178	0.006	0.194
24.325	0.0270	0.011	0.788	0.0125	0.004	0.183
24.330	0.0310	0.005	0.799	0.0087	0.004	0.167
24.335	0.0283	0.011	0.784	0.0073	0.004	0.165
24.340	0.0275	0.005	0.777	0.0142	0.003	0.142
24.345	0.0334	0.011	0.741	0.0125	0.002	0.136
24.350	0.0377	0.005	0.757	0.0153	0.001	0.137
24.355	0.0385	0.011	0.806	0.0113	0.001	0.115
24.360	0.0421	0.011	0.807	0.0112	0.001	0.112
24.365	0.0466	0.005	0.786	0.0097	0.004	0.105
24.370	0.0598	0.007	0.796	0.0094	0.006	0.102
24.375	0.0572	0.009	0.805	0.0101	0.005	0.105
24.380	0.0436	0.016	0.805	0.0083	0.006	0.131
24.385	0.0553	0.011	0.788	0.0093	0.008	0.132
24.390	0.0563	0.018	0.776	0.0117	0.007	0.120
24.395	0.0442	0.027	0.793	0.0060	0.004	0.140
24.400	0.0508	0.025	0.796	0.0117	0.003	0.140
24.405	0.0526	0.025	0.773	0.0123	0.003	0.136
24.410	0.0409	0.011	0.774	0.0116	0.003	0.135
24.415	0.0350	0.023	0.780	0.0076	0.005	0.151
24.420	0.0554	0.016	0.769	0.0123	0.005	0.139
24.424	0.0596	0.020	0.723	0.0131	0.007	0.141
24.429	0.0535	0.020	0.706	0.0178	0.006	0.133
24.434	0.0713	0.020	0.719	0.0230	0.002	0.117
24.439	0.0877	0.011	0.745	0.0180	0.001	0.101
24.444	0.1044	0.011	0.795	0.0135	0.001	0.085
24.449	0.1581	0.011	0.798	0.0101	0.001	0.085
24.454	0.2107	0.011	0.757	0.0101	0.001	0.094
24.459	0.2127	0.011	0.709	0.0124	0.002	0.096
24.464	0.1667	0.011	0.712	0.0132	0.001	0.091
24.469	0.0994	0.011	0.752	0.0124	0.001	0.087
24.474	0.0947	0.009	0.765	0.0094	0.001	0.085
24.479	0.1034	0.011	0.764	0.0054	0.001	0.095
24.484	0.1276	0.009	0.765	0.0096	0.001	0.099
24.489	0.1326	0.011	0.753	0.0129	0.001	0.099
24.494	0.1317	0.009	0.747	0.0084	0.002	0.104
24.499	0.1148	0.016	0.751	0.0113	0.001	0.096
24.504	0.0890	0.016	0.680	0.0213	0.000	0.080
24.509	0.0784	0.009	0.569	0.0220	0.000	0.073
24.514	0.0971	0.009	0.266	0.0531	0.000	0.070
24.519	0.0402	0.007	0.477	0.0577	0.000	0.042
24.524	0.0175	0.005	0.701	0.0312	0.000	0.019
24.529	0.0269	0.002	0.713	0.0233	0.000	0.019
24.534	0.0276	0.007	0.716	0.0243	0.000	0.015
24.539	0.0255	0.005	0.635	0.0177	0.000	0.014
24.544	0.0206	0.002	0.637	0.0261	0.000	0.013
24.549	0.0167	0.005	0.661	0.0158	0.000	0.012
24.554	0.0096	0.005	0.636	0.0225	0.000	0.012
24.559	0.0177	0.005	0.660	0.0280	0.000	0.014
24.564	0.0111	0.005	0.691	0.0240	0.000	0.013
24.569	0.0145	0.005	0.716	0.0333	0.000	0.012
24.574	0.0168	0.002	0.732	0.0263	0.000	0.014
24.579	0.0187	0.005	0.663	0.0170	0.001	0.070
24.584	0.0156	0.005	0.497	0.0368	0.004	0.139
24.589	0.0113	0.005	0.487	0.0392	0.002	0.134
24.594	0.0155	0.009	0.545	0.0267	0.000	0.082
24.599	0.0259	0.007	0.599	0.0267	0.000	0.064
24.604	0.0536	0.011	0.726	0.0203	0.000	0.060
24.609	0.0832	0.009	0.768	0.0124	0.000	0.060
24.614	0.1177	0.009	0.776	0.0135	0.001	0.068
24.619	0.1206	0.009	0.741	0.0204	0.001	0.069
24.624	0.1223	0.011	0.763	0.0128	0.001	0.074
24.629	0.1220	0.009	0.771	0.0119	0.001	0.080
24.634	0.1093	0.011	0.762	0.0102	0.001	0.073
24.639	0.1018	0.018	0.775	0.0089	0.001	0.080
24.644	0.1064	0.014	0.768	0.0055	0.002	0.083
24.649	0.1001	0.016	0.772	0.0062	0.001	0.082
24.654	0.0933	0.016	0.762	0.0055	0.001	0.079
24.659	0.0901	0.014	0.759	0.0104	0.001	0.080
24.664	0.1041	0.014	0.765	0.0078	0.001	0.073
24.669	0.1466	0.018	0.759	0.0044	0.002	0.079
24.674	0.1488	0.014	0.777	0.0056	0.002	0.080
24.679	0.1452	0.016	0.770	0.0093	0.003	0.088
24.684	0.1432	0.020	0.775	0.0111	0.002	0.089
24.689	0.1022	0.018	0.770	0.0101	0.002	0.101
24.694	0.0904	0.016	0.758	0.0123	0.002	0.099
24.699	0.0779	0.009	0.717	0.0151	0.002	0.093
24.704	0.0782	0.011	0.564	0.0257	0.001	0.116
24.709	0.0988	0.009	0.319	0.0488	0.001	0.121
24.714	0.0346	0.005	0.508	0.0285	0.000	0.053
24.719	0.0158	0.005	0.629	0.0180	0.000	0.056
24.724	0.0166	0.009	0.539	0.0334	0.000	0.058
24.729	0.0100	0.005	0.399	0.0309	0.001	0.059
24.734	0.0071	0.005	0.455	0.0322	0.001	0.055
24.739	0.0051	0.011	0.571	0.0290	0.000	0.064
24.744	0.0047	0.018	0.706	0.0253	0.000	0.052
24.749	0.0038	0.016	0.700	0.0218	0.000	0.041
24.754	0.0043	0.014	0.734	0.0280	0.000	0.036
24.759	0.0036	0.016	0.739	0.0247	0.000	0.035
24.764	0.0038	0.014	0.777	0.0161	0.000	0.034
24.769	0.0037	0.016	0.756	0.0141	0.000	0.035
24.774	0.0028	0.016	0.716	0.0193	0.000	0.041
24.779	0.0023	0.016	0.720	0.0160	0.000	0.044
24.784	0.0018	0.014	0.732	0.0131	0.000	0.047
24.789	0.0017	0.016	0.743	0.0135	0.000	0.051
24.794	0.0020	0.016	0.734	0.0162	0.000	0.055
24.799	0.0021	0.016	0.739	0.0156	0.000	0.055
24.804	0.0015	0.014	0.761	0.0105	0.000	0.052
24.809	0.0013	0.016	0.757	0.0188	0.000	0.048
24.814	0.0012	0.016	0.745	0.0207	0.000	0.045
24.819	0.0012	0.016	0.734	0.0229	0.000	0.050
24.824	0.0017	0.014	0.729	0.0128	0.001	0.170
24.829	0.0016	0.016	0.660	0.0201	0.017	0.336
24.834	0.0020	0.016	0.297	0.0306	0.082	0.410
24.839	0.0022	0.039	0.264	0.0596	0.014	0.264
24.844	0.0033	0.057	0.554	0.0352	0.001	0.117
24.849	0.0078	0.009	0.644	0.0237	0.001	0.083
24.854	0.0211	0.009	0.770	0.0083	0.001	0.076
24.859	0.0650	0.009	0.751	0.0112	0.001	0.076
24.863	0.0922	0.011	0.676	0.0183	0.001	0.063
24.868	0.0899	0.009	0.607	0.0199	0.001	0.067
24.873	0.0701	0.009	0.494	0.0297	0.001	0.083
24.878	0.0415	0.007	0.487	0.0522	0.000	0.098
24.883	0.0166	0.002	0.723	0.0246	0.000	0.061
24.888	0.0156	0.005	0.709	0.0140	0.000	0.037
24.893	0.0156	0.005	0.682	0.0221	0.001	0.041
24.898	0.0168	0.005	0.719	0.0217	0.001	0.037
24.903	0.0248	0.005	0.707	0.0137	0.000	0.035
24.908	0.0367	0.005	0.730	0.0276	0.001	0.034
24.913	0.0405	0.002	0.731	0.0086	0.000	0.029
24.918	0.0382	0.005	0.734	0.0142	0.000	0.030
24.923	0.0372	0.005	0.736	0.0136	0.000	0.029
24.928	0.0287	0.005	0.731	0.0138	0.000	0.032
24.933	0.0215	0.005	0.733	0.0143	0.001	0.032
24.938	0.0217	0.005	0.714	0.0182	0.001	0.033
24.943	0.0239	0.005	0.742	0.0115	0.001	0.035
24.948	0.0244	0.005	0.700	0.0191	0.001	0.035
24.953	0.0244	0.007	0.718	0.0139	0.001	0.034
24.958	0.0219	0.009	0.689	0.0129	0.002	0.053
24.963	0.0215	0.005	0.548	0.0309	0.001	0.078
24.968	0.0258	0.005	0.569	0.0286	0.001	0.069
24.973	0.0346	0.005	0.634	0.0203	0.001	0.058
24.978	0.0353	0.009	0.686	0.0199	0.001	0.065
24.983	0.0546	0.009	0.707	0.0101	0.001	0.064
24.988	0.0828	0.016	0.745	0.0059	0.001	0.064
24.993	0.0938	0.018	0.726	0.0143	0.001	0.066
24.998	0.1039	0.018	0.737	0.0083	0.001	0.074
25.003	0.1044	0.018	0.737	0.0060	0.001	0.071
25.008	0.1028	0.011	0.739	0.0104	0.001	0.080
25.013	0.1007	0.014	0.737	0.0084	0.001	0.079
25.018	0.0975	0.011	0.729	0.0127	0.001	0.080
25.023	0.0837	0.023	0.733	0.0082	0.001	0.084
25.028	0.0690	0.020	0.728	0.0082	0.001	0.086
25.033	0.0673	0.018	0.724	0.0115	0.002	0.081
25.038	0.0512	0.016	0.715	0.0129	0.001	0.085
25.043	0.0327	0.016	0.730	0.0118	0.001	0.087
25.048	0.0262	0.018	0.740	0.0090	0.002	0.088
25.053	0.0250	0.009	0.745	0.0091	0.002	0.087
25.058	0.0261	0.009	0.726	0.0157	0.001	0.080
25.063	0.0260	0.016	0.620	0.0297	0.001	0.065
25.068	0.0246	0.023	0.493	0.0467	0.001	0.061
25.073	0.0220	0.007	0.679	0.0295	0.000	0.043
25.078	0.0166	0.005	0.752	0.0133	0.000	0.044
25.083	0.0190	0.005	0.754	0.0113	0.000	0.040
25.088	0.0170	0.005	0.769	0.0140	0.000	0.035
25.093	0.0169	0.005	0.738	0.0160	0.000	0.034
25.098	0.0195	0.007	0.762	0.0151	0.000	0.034
25.103	0.0252	0.005	0.732	0.0165	0.001	0.041
25.108	0.0330	0.005	0.751	0.0164	0.001	0.052
25.113	0.0356	0.005	0.750	0.0207	0.001	0.061
25.118	0.0450	0.005	0.749	0.0123	0.001	0.070
25.123	0.0565	0.014	0.784	0.0114	0.003	0.084
25.128	0.0613	0.011	0.778	0.0086	0.004	0.095
25.133	0.0555	0.009	0.763	0.0137	0.004	0.106
25.138	0.0365	0.016	0.753	0.0149	0.004	0.110
25.143	0.0285	0.018	0.767	0.0130	0.005	0.116
25.148	0.0405	0.014	0.773	0.0096	0.005	0.111
25.153	0.0586	0.011	0.763	0.0151	0.005	0.113
25.158	0.0466	0.005	0.763	0.0175	0.005	0.120
25.163	0.0264	0.007	0.791	0.0152	0.003	0.101
25.168	0.0385	0.005	0.802	0.0089	0.003	0.104
25.173	0.0452	0.007	0.793	0.0130	0.002	0.104
25.178	0.0326	0.007	0.797	0.0154	0.002	0.090
25.183	0.0355	0.005	0.814	0.0104	0.003	0.083
25.188	0.0437	0.011	0.809	0.0093	0.006	0.090
25.193	0.0323	0.016	0.803	0.0138	0.005	0.101
25.198	0.0449	0.011	0.801	0.0151	0.003	0.105
25.203	0.0371	0.009	0.815	0.0132	0.002	0.102
25.208	0.0388	0.011	0.812	0.0098	0.002	0.102
25.213	0.0398	0.007	0.813	0.0094	0.002	0.091
25.218	0.0374	0.011	0.824	0.0102	0.001	0.087
25.223	0.0432	0.011	0.835	0.0120	0.001	0.077
25.228	0.0386	0.007	0.823	0.0042	0.001	0.074
25.233	0.0455	0.007	0.836	0.0067	0.001	0.073
25.238	0.0348	0.007	0.833	0.0102	0.001	0.074
25.243	0.0432	0.007	0.825	0.0152	0.001	0.071
25.248	0.0347	0.007	0.823	0.0136	0.000	0.067
25.253	0.0361	0.007	0.845	0.0063	0.000	0.057
25.258	0.0322	0.007	0.827	0.0124	0.000	0.059
25.263	0.0338	0.007	0.830	0.0116	0.001	0.062
25.268	0.0268	0.007	0.836	0.0165	0.001	0.057
25.273	0.0241	0.007	0.836	0.0101	0.000	0.056
25.278	0.0220	0.009	0.839	0.0099	0.000	0.057
25.283	0.0212	0.007	0.835	0.0189	0.000	0.056
25.288	0.0221	0.007	0.826	0.0194	0.000	0.057
25.293	0.0187	0.007	0.827	0.0146	0.000	0.050
25.298	0.0182	0.007	0.811	0.0144	0.000	0.050
25.302	0.0139	0.007	0.815	0.0128	0.000	0.045
25.307	0.0131	0.007	0.796	0.0129	0.000	0.043
25.312	0.0110	0.007	0.810	0.0247	0.000	0.037
25.317	0.0103	0.007	0.824	0.0193	0.000	0.038
25.322	0.0103	0.007	0.787	0.0398	0.000	0.038
25.327	0.0113	0.007	0.794	0.0356	0.000	0.034
25.332	0.0081	0.005	0.821	0.0148	0.000	0.031
25.337	0.0099	0.007	0.789	0.0140	0.000	0.030
25.342	0.0094	0.007	0.811	0.0131	0.000	0.028
25.347	0.0081	0.005	0.816	0.0148	0.000	0.026
25.352	0.0091	0.007	0.775	0.0267	0.000	0.027
25.357	0.0087	0.005	0.749	0.0197	0.000	0.033
25.362	0.0076	0.007	0.704	0.0295	0.000	0.049
25.367	0.0055	0.005	0.688	0.0184	0.000	0.060
25.372	0.0040	0.005	0.641	0.0368	0.000	0.076
25.377	0.0028	0.007	0.644	0.0429	0.000	0.084
25.382	0.0020	0.005	0.544	0.0243	0.000	0.119
25.387	0.0016	0.005	0.364	0.0247	0.002	0.226
25.392	0.0005	0.016	0.585	0.0324	0.002	0.241
25.397	0.0003	0.005	0.687	0.0279	0.001	0.262
25.402	0.0003	0.007	0.641	0.0230	0.003	0.341
25.407	0.0002	0.011	0.758	0.0358	0.003	0.337
25.412	0.0001	0.009	0.854	0.0065	0.003	0.355
25.417	0.0002	0.007	0.838	0.0100	0.003	0.355
25.422	0.0002	0.007	0.736	0.0244	0.005	0.373
25.427	0.0001	0.007	0.722	0.0128	0.010	0.467
25.432	0.0001	0.011	0.547	0.0154	0.013	0.453
25.437	0.0001	0.011	0.599	0.0332	0.013	0.458
25.442	0.0000	0.014	0.471	0.0097	0.012	0.449
25.447	0.0001	0.005	0.558	0.0095	0.022	0.534
25.452	0.0001	0.030	0.500	0.0211	0.025	0.563
25.457	0.0000	0.009	0.649	0.0092	0.024	0.553
25.462	0.0001	0.007	0.448	0.0103	0.050	0.607
25.467	0.0000	0.011	0.329	0.0190	0.054	0.631
25.472	0.0000	0.011	0.609	0.0138	0.055	0.636
25.477	0.0000	0.034	0.573	0.0191	0.059	0.623
25.482	0.0000	0.009	0.435	0.0097	0.069	0.635
25.487	0.0000	0.005	0.240	0.0111	0.268	0.738
25.492	0.0000	0.027	0.407	0.0137	0.467	0.788
25.497	0.0000	0.036	0.576	0.0163	0.245	0.760
25.502	0.0000	0.041	0.616	0.0126	0.098	0.678
25.507	0.0000	0.048	0.594	0.0096	0.115	0.673
25.512	0.0000	0.039	0.161	0.0110	0.249	0.716
25.517	0.0000	0.000	0.064	0.0139	0.728	0.985
25.522	0.0000	0.000	0.000	0.0282	0.576	0.973
25.527	0.0000	0.000	0.169	0.0201	0.307	0.752
25.532	0.0000	0.000	0.305	0.0084	0.327	0.766
25.537	0.0000	0.027	0.267	0.0095	0.290	0.737
25.542	0.0000	0.027	0.333	0.0120	0.270	0.731
25.547	0.0000	0.032	0.289	0.0179	0.202	0.736
25.552	0.0000	0.005	0.395	0.0081	0.145	0.699
25.557	0.0000	0.055	0.285	0.0071	0.200	0.719
25.562	0.0000	0.000	0.001	0.0129	0.536	0.913
25.567	0.0000	0.000	0.002	0.0001	0.542	0.916
25.572	0.0000	0.009	0.000	0.0075	0.522	0.909
25.577	0.0000	0.000	0.000	0.0000	0.000	1.000
25.582	0.0000	0.000	0.000	0.0000	0.000	1.000
25.587	0.0000	0.000	0.000	0.0000	0.000	1.000
25.592	0.0000	0.000	0.139	0.0045	0.650	0.833
25.597	0.0000	0.000	0.118	0.0056	0.668	0.847
25.602	0.0000	0.000	0.127	0.0089	0.592	0.797
25.607	0.0000	0.005	0.117	0.0088	0.606	0.806
25.612	0.0000	0.023	0.220	0.0073	0.743	0.851
25.617	0.0000	0.014	0.001	0.0056	0.785	0.870
25.622	0.0000	0.000	0.001	0.0154	0.731	0.874
25.627	0.0000	0.000	0.119	0.0130	0.634	0.820
25.632	0.0000	0.000	0.181	0.0218	0.268	0.747
25.637	0.0000	0.014	0.367	0.0170	0.150	0.710
25.642	0.0000	0.025	0.167	0.0522	0.015	0.481
25.647	0.0000	0.045	0.305	0.0750	0.003	0.297
25.652	0.0000	0.002	0.459	0.0367	0.000	0.139
25.657	0.0001	0.005	0.277	0.0773	0.000	0.121
25.662	0.0006	0.005	0.530	0.0439	0.000	0.056
25.667	0.0004	0.005	0.504	0.0614	0.000	0.040
25.672	0.0013	0.005	0.228	0.0454	0.000	0.027
25.677	0.0016	0.005	0.354	0.0415	0.000	0.026
25.682	0.0037	0.005	0.317	0.0809	0.000	0.026
25.687	0.0008	0.007	0.500	0.0369	0.000	0.020
25.692	0.0035	0.002	0.585	0.0303	0.000	0.020
25.697	0.0043	0.005	0.637	0.0109	0.000	0.025
25.702	0.0058	0.002	0.577	0.0216	0.026	0.192
25.707	0.0027	0.005	0.594	0.0050	0.074	0.231
25.712	0.0049	0.009	0.595	0.0391	0.027	0.202
25.717	0.0073	0.030	0.578	0.0278	0.005	0.136
25.722	0.0080	0.007	0.316	0.0386	0.004	0.145
25.727	0.0038	0.014	0.275	0.0437	0.003	0.125
25.732	0.0057	0.005	0.478	0.0389	0.001	0.072
25.737	0.0131	0.011	0.602	0.0236	0.000	0.054
25.741	0.0193	0.009	0.653	0.0167	0.000	0.055
25.746	0.0545	0.007	0.720	0.0146	0.000	0.049
25.751	0.0738	0.014	0.729	0.0114	0.000	0.045
25.756	0.0875	0.011	0.729	0.0061	0.000	0.052
25.761	0.0896	0.011	0.736	0.0059	0.001	0.062
25.766	0.0583	0.014	0.690	0.0163	0.001	0.069
25.771	0.0587	0.011	0.711	0.0073	0.001	0.064
25.776	0.0522	0.011	0.698	0.0061	0.002	0.075
25.781	0.0625	0.014	0.697	0.0071	0.002	0.073
25.786	0.0631	0.011	0.723	0.0095	0.002	0.078
25.791	0.0706	0.011	0.709	0.0079	0.002	0.077
25.796	0.0856	0.018	0.719	0.0071	0.003	0.085
25.801	0.0838	0.014	0.722	0.0091	0.003	0.095
25.806	0.0807	0.011	0.719	0.0079	0.004	0.109
25.811	0.0546	0.011	0.715	0.0108	0.003	0.105
25.816	0.0599	0.011	0.693	0.0089	0.003	0.096
25.821	0.0531	0.011	0.680	0.0100	0.002	0.088
25.826	0.0560	0.011	0.671	0.0184	0.001	0.078
25.831	0.0607	0.014	0.508	0.0216	0.001	0.065
25.836	0.0837	0.011	0.393	0.0234	0.001	0.070
25.841	0.0729	0.014	0.143	0.0803	0.000	0.069
25.846	0.0099	0.005	0.349	0.0356	0.001	0.091
25.851	0.0149	0.005	0.375	0.0359	0.001	0.078
25.856	0.0148	0.005	0.455	0.0379	0.001	0.063
25.861	0.0221	0.014	0.646	0.0138	0.001	0.062
25.866	0.0523	0.016	0.715	0.0114	0.001	0.063
25.871	0.0823	0.014	0.705	0.0061	0.001	0.065
25.876	0.1155	0.011	0.732	0.0094	0.001	0.066
25.881	0.1165	0.011	0.718	0.0135	0.001	0.066
25.886	0.1040	0.016	0.706	0.0059	0.001	0.067
25.891	0.0681	0.018	0.719	0.0066	0.001	0.067
25.896	0.0576	0.016	0.690	0.0099	0.001	0.075
25.901	0.0832	0.011	0.700	0.0084	0.002	0.082
25.906	0.0884	0.011	0.701	0.0075	0.001	0.089
25.911	0.0998	0.014	0.688	0.0113	0.001	0.077
25.916	0.1292	0.016	0.716	0.0094	0.001	0.074
25.921	0.1338	0.016	0.719	0.0110	0.001	0.069
25.926	0.1221	0.011	0.679	0.0077	0.001	0.075
25.931	0.0801	0.011	0.611	0.0141	0.002	0.086
25.936	0.0583	0.018	0.519	0.0223	0.004	0.096
25.941	0.0583	0.007	0.433	0.0324	0.002	0.107
25.946	0.0452	0.007	0.378	0.0324	0.002	0.123
25.951	0.0304	0.014	0.464	0.0934	0.000	0.077
25.956	0.0209	0.002	0.717	0.0138	0.000	0.033
25.961	0.0150	0.005	0.702	0.0167	0.000	0.029
25.966	0.0152	0.005	0.674	0.0325	0.000	0.026
25.971	0.0171	0.005	0.677	0.0316	0.000	0.023
25.976	0.0163	0.002	0.676	0.0175	0.000	0.023
25.981	0.0131	0.005	0.656	0.0263	0.000	0.024
25.986	0.0188	0.002	0.632	0.0135	0.000	0.025
25.991	0.0132	0.005	0.585	0.0291	0.000	0.025
25.996	0.0074	0.005	0.585	0.0140	0.000	0.026
26.001	0.0096	0.007	0.614	0.0220	0.000	0.030
26.006	0.0070	0.005	0.617	0.0105	0.000	0.085
26.011	0.0094	0.002	0.543	0.0163	0.007	0.295
26.016	0.0039	0.005	0.490	0.0126	0.030	0.403
26.021	0.0075	0.007	0.263	0.0454	0.019	0.335
26.026	0.0093	0.032	0.417	0.0326	0.007	0.216
26.031	0.0159	0.002	0.661	0.0106	0.006	0.128
26.036	0.0476	0.014	0.681	0.0119	0.006	0.125
26.041	0.0776	0.009	0.695	0.0144	0.008	0.123
26.046	0.0764	0.009	0.718	0.0072	0.012	0.133
26.051	0.0901	0.014	0.701	0.0115	0.011	0.118
26.056	0.0908	0.014	0.720	0.0096	0.011	0.101
26.061	0.0995	0.018	0.740	0.0073	0.008	0.097
26.066	0.1093	0.014	0.758	0.0063	0.006	0.091
26.071	0.1193	0.018	0.716	0.0110	0.005	0.094
26.076	0.1236	0.014	0.702	0.0143	0.003	0.080
26.081	0.1036	0.009	0.754	0.0115	0.002	0.073
26.086	0.1030	0.011	0.741	0.0099	0.001	0.075
26.091	0.0950	0.009	0.765	0.0121	0.001	0.075
26.096	0.0916	0.009	0.750	0.0079	0.001	0.073
26.101	0.0728	0.009	0.749	0.0074	0.001	0.070
26.106	0.0635	0.009	0.763	0.0087	0.001	0.062
26.111	0.0590	0.014	0.742	0.0132	0.000	0.061
26.116	0.0586	0.011	0.765	0.0157	0.000	0.055
26.121	0.0566	0.009	0.748	0.0097	0.000	0.057
26.126	0.0561	0.009	0.769	0.0089	0.000	0.063
26.131	0.0532	0.009	0.747	0.0091	0.001	0.068
26.136	0.0503	0.009	0.744	0.0092	0.001	0.065
26.141	0.0441	0.009	0.741	0.0076	0.001	0.057
26.146	0.0337	0.009	0.749	0.0044	0.001	0.057
26.151	0.0308	0.009	0.749	0.0071	0.001	0.052
26.156	0.0308	0.009	0.747	0.0036	0.001	0.054
26.161	0.0294	0.009	0.747	0.0066	0.001	0.055
26.166	0.0293	0.009	0.747	0.0032	0.000	0.061
26.171	0.0301	0.009	0.749	0.0067	0.000	0.066
26.176	0.0319	0.009	0.747	0.0030	0.000	0.062
26.180	0.0327	0.009	0.745	0.0055	0.000	0.070
26.185	0.0336	0.009	0.746	0.0044	0.001	0.073
26.190	0.0364	0.011	0.740	0.0070	0.001	0.070
26.195	0.0414	0.009	0.735	0.0090	0.002	0.073
26.200	0.0428	0.009	0.738	0.0105	0.002	0.067
26.205	0.0428	0.014	0.717	0.0048	0.002	0.068
26.210	0.0384	0.018	0.703	0.0165	0.002	0.069
26.215	0.0388	0.014	0.714	0.0103	0.002	0.074
26.220	0.0437	0.023	0.730	0.0109	0.002	0.081
26.225	0.0421	0.025	0.737	0.0101	0.002	0.084
26.230	0.0448	0.020	0.726	0.0094	0.002	0.093
26.235	0.0479	0.018	0.724	0.0077	0.003	0.088
26.240	0.0459	0.016	0.643	0.0148	0.003	0.085
26.245	0.0410	0.018	0.526	0.0296	0.003	0.078
26.250	0.0413	0.014	0.552	0.0541	0.001	0.062
26.255	0.0150	0.011	0.648	0.0264	0.001	0.054
26.260	0.0229	0.005	0.735	0.0103	0.001	0.054
26.265	0.0211	0.005	0.737	0.0111	0.001	0.054
26.270	0.0217	0.005	0.743	0.0086	0.001	0.046
26.275	0.0226	0.009	0.746	0.0057	0.002	0.042
26.280	0.0261	0.009	0.707	0.0046	0.002	0.045
26.285	0.0298	0.009	0.676	0.0129	0.002	0.059
26.290	0.0344	0.005	0.599	0.0217	0.001	0.080
26.295	0.0377	0.009	0.615	0.0188	0.001	0.083
26.300	0.0342	0.014	0.671	0.0169	0.001	0.090
26.305	0.0473	0.018	0.712	0.0147	0.001	0.082
26.310	0.0788	0.009	0.722	0.0125	0.001	0.088
26.315	0.1004	0.014	0.720	0.0096	0.001	0.098
26.320	0.1084	0.009	0.649	0.0165	0.001	0.098
26.325	0.1097	0.007	0.535	0.0226	0.001	0.089
26.330	0.0988	0.009	0.317	0.0427	0.001	0.092
26.335	0.0588	0.007	0.429	0.0522	0.000	0.074
26.340	0.0199	0.007	0.690	0.0392	0.000	0.027
26.345	0.0187	0.005	0.671	0.0227	0.000	0.021
26.350	0.0196	0.002	0.657	0.0126	0.000	0.018
26.355	0.0141	0.005	0.661	0.0404	0.000	0.017
26.360	0.0211	0.002	0.662	0.0421	0.000	0.016
26.365	0.0184	0.005	0.644	0.0191	0.000	0.016
26.370	0.0079	0.005	0.645	0.0260	0.000	0.023
26.375	0.0157	0.002	0.568	0.0151	0.005	0.142
26.380	0.0124	0.005	0.602	0.0101	0.028	0.227
26.385	0.0156	0.020	0.502	0.0168	0.019	0.263
26.390	0.0131	0.009	0.512	0.0247	0.009	0.264
26.395	0.0060	0.036	0.499	0.0302	0.007	0.242
26.400	0.0133	0.011	0.547	0.0299	0.001	0.136
26.405	0.0142	0.005	0.650	0.0250	0.001	0.113
26.410	0.0403	0.011	0.701	0.0123	0.001	0.097
26.415	0.0595	0.014	0.690	0.0108	0.001	0.097
26.420	0.0502	0.007	0.700	0.0166	0.001	0.106
26.425	0.0423	0.007	0.717	0.0084	0.001	0.103
26.430	0.0366	0.009	0.709	0.0094	0.001	0.096
26.435	0.0375	0.009	0.694	0.0279	0.001	0.104
26.440	0.0475	0.018	0.704	0.0112	0.002	0.108
26.445	0.0515	0.011	0.705	0.0120	0.002	0.118
26.450	0.0529	0.009	0.686	0.0238	0.001	0.100
26.455	0.0659	0.009	0.707	0.0209	0.001	0.098
26.460	0.0824	0.007	0.714	0.0105	0.001	0.108
26.465	0.0829	0.009	0.724	0.0131	0.001	0.103
26.470	0.1014	0.009	0.729	0.0078	0.002	0.094
26.475	0.0933	0.011	0.761	0.0062	0.002	0.097
26.480	0.0819	0.009	0.715	0.0095	0.002	0.097
26.485	0.0756	0.007	0.721	0.0072	0.002	0.094
26.490	0.0668	0.009	0.683	0.0065	0.002	0.094
26.495	0.0759	0.007	0.705	0.0079	0.003	0.093
26.500	0.0732	0.009	0.698	0.0050	0.003	0.096
26.505	0.0938	0.007	0.718	0.0064	0.002	0.092
26.510	0.0875	0.014	0.717	0.0074	0.002	0.101
26.515	0.0768	0.007	0.689	0.0079	0.002	0.103
26.520	0.0572	0.009	0.707	0.0088	0.001	0.099
26.525	0.0580	0.007	0.671	0.0085	0.001	0.090
26.530	0.0462	0.007	0.574	0.0200	0.001	0.099
26.535	0.0482	0.009	0.557	0.0168	0.002	0.116
26.540	0.0604	0.007	0.502	0.0128	0.023	0.198
26.545	0.0475	0.023	0.452	0.0133	0.080	0.238
26.550	0.0269	0.023	0.254	0.0145	0.283	0.285
26.555	0.0255	0.061	0.196	0.0153	0.380	0.277
26.560	0.0146	0.091	0.130	0.0152	0.469	0.311
26.565	0.0316	0.098	0.143	0.0134	0.538	0.319
26.570	0.0268	0.120	0.190	0.0154	0.590	0.320
26.575	0.0294	0.118	0.241	0.0152	0.429	0.331
26.580	0.0292	0.116	0.306	0.0142	0.376	0.326
26.585	0.0358	0.109	0.219	0.0159	0.403	0.362
26.590	0.0280	0.102	0.235	0.0137	0.441	0.316
26.595	0.0189	0.102	0.130	0.0140	0.570	0.310
26.600	0.0241	0.100	0.191	0.0199	0.657	0.305
26.605	0.0236	0.098	0.167	0.0182	0.526	0.274
26.610	0.0218	0.125	0.184	0.0153	0.516	0.256
26.615	0.0488	0.109	0.203	0.0143	0.621	0.254
26.620	0.0328	0.114	0.203	0.0163	0.469	0.268
26.624	0.0447	0.109	0.188	0.0164	0.455	0.271
26.629	0.0329	0.100	0.162	0.0149	0.628	0.253
26.634	0.0405	0.111	0.203	0.0144	0.683	0.253
26.639	0.0382	0.114	0.147	0.0145	0.705	0.256
26.644	0.0345	0.120	0.173	0.0172	0.766	0.260
26.649	0.0277	0.118	0.152	0.0141	0.650	0.256
26.654	0.0399	0.130	0.134	0.0157	0.642	0.266
26.659	0.0337	0.116	0.143	0.0153	0.633	0.260
26.664	0.0313	0.100	0.167	0.0165	0.663	0.258
26.669	0.0244	0.123	0.181	0.0165	0.474	0.268
26.674	0.0249	0.105	0.218	0.0171	0.374	0.282
26.679	0.0147	0.093	0.229	0.0135	0.287	0.274
26.684	0.0115	0.080	0.185	0.0193	0.190	0.240
26.689	0.0109	0.075	0.333	0.0333	0.039	0.154
26.694	0.0059	0.075	0.493	0.0333	0.010	0.115
26.699	0.0081	0.043	0.561	0.0284	0.004	0.092
26.704	0.0206	0.018	0.630	0.0308	0.002	0.078
26.709	0.0316	0.011	0.676	0.0187	0.001	0.071
26.714	0.0407	0.016	0.653	0.0200	0.002	0.073
26.719	0.0270	0.007	0.655	0.0112	0.002	0.071
26.724	0.0268	0.007	0.648	0.0106	0.002	0.072
26.729	0.0414	0.007	0.645	0.0108	0.002	0.074
26.734	0.0488	0.011	0.656	0.0123	0.002	0.072
26.739	0.0280	0.007	0.640	0.0199	0.001	0.081
26.744	0.0242	0.007	0.630	0.0265	0.000	0.080
26.749	0.0409	0.011	0.553	0.0222	0.000	0.086
26.754	0.0268	0.007	0.602	0.0399	0.000	0.087
26.759	0.0126	0.005	0.515	0.0252	0.000	0.081
26.764	0.0268	0.007	0.629	0.0195	0.000	0.064
26.769	0.0111	0.009	0.464	0.0474	0.000	0.061
26.774	0.0065	0.007	0.240	0.0355	0.000	0.051
26.779	0.0193	0.005	0.306	0.1071	0.000	0.057
26.784	0.0012	0.000	0.156	0.0275	0.000	0.049
26.789	0.0057	0.005	0.191	0.0457	0.001	0.078
26.794	0.0040	0.007	0.212	0.0959	0.003	0.145
26.799	0.0014	0.002	0.411	0.0333	0.004	0.144
26.804	0.0005	0.009	0.482	0.0175	0.005	0.146
26.809	0.0010	0.007	0.402	0.0385	0.013	0.211
26.814	0.0005	0.018	0.512	0.0328	0.017	0.256
26.819	0.0002	0.016	0.431	0.0238	0.014	0.290
26.824	0.0002	0.007	0.401	0.0105	0.028	0.332
26.829	0.0002	0.009	0.173	0.0302	0.086	0.466
26.834	0.0000	0.041	0.359	0.0371	0.055	0.466
26.839	0.0001	0.039	0.186	0.0203	0.044	0.447
26.844	0.0001	0.014	0.356	0.0181	0.045	0.466
26.849	0.0000	0.048	0.261	0.0227	0.010	0.360
26.854	0.0000	0.027	0.351	0.0168	0.012	0.395
26.859	0.0002	0.007	0.106	0.0380	0.071	0.370
26.864	0.0000	0.025	0.391	0.0087	0.118	0.337
26.869	0.0001	0.014	0.353	0.0116	0.106	0.318
26.874	0.0003	0.052	0.359	0.0175	0.129	0.328
26.879	0.0013	0.057	0.341	0.0159	0.148	0.363
26.884	0.0011	0.077	0.350	0.0185	0.101	0.366
26.889	0.0007	0.070	0.398	0.0156	0.100	0.292
26.894	0.0006	0.075	0.271	0.0237	0.053	0.282
26.899	0.0004	0.059	0.166	0.0216	0.024	0.312
26.904	0.0003	0.036	0.270	0.0333	0.025	0.386
26.909	0.0001	0.039	0.273	0.0355	0.009	0.386
26.914	0.0001	0.002	0.167	0.0183	0.010	0.437
26.919	0.0002	0.007	0.177	0.0242	0.021	0.478
26.924	0.0001	0.011	0.397	0.0341	0.029	0.522
26.929	0.0000	0.034	0.395	0.0122	0.033	0.553
26.934	0.0001	0.025	0.409	0.0220	0.036	0.570
26.939	0.0000	0.025	0.370	0.0096	0.051	0.578
26.944	0.0000	0.020	0.366	0.0298	0.079	0.647
26.949	0.0000	0.039	0.370	0.0121	0.055	0.607
26.954	0.0000	0.014	0.314	0.0086	0.065	0.613
26.959	0.0000	0.018	0.314	0.0086	0.065	0.613
26.964	0.0000	0.039	0.314	0.0086	0.065	0.613
26.969	0.0000	0.016	0.314	0.0086	0.065	0.613


##### CLIP 11  (file=zencastr-en_606b213bf79637001587fcad-00002_42.wav, duration=20.796s, sr=48000) #####

trail_thresh=0.00353  speech_thresh=0.00512

--- GOLD TOKENS (idx, text, start_s, end_s) ---
0	so	0.0000	0.1890
1	time	0.1950	0.5390
2	and	0.5410	0.6930
3	oh	1.1330	1.2940
4	sorry	1.4280	1.7100
5	i	3.4789	3.5661
6	was	3.5671	3.6620
7	just	3.6640	3.8130
8	gonna	3.8220	3.9981
9	say	3.9991	4.1591
10	so	4.1601	4.3420
11	time	4.3550	4.6881
12	in	4.6891	4.7948
13	front	4.7958	5.0757
14	of	5.0767	5.2314
15	the	5.2324	5.3420
16	t	5.3440	5.6420
17	v	5.6440	5.9580
18	was	5.9600	6.2030
19	sort	6.2050	6.4356
20	of	6.4366	6.6230
21	s-	7.7100	7.8160
22	specific	8.0710	8.9611
23	a-	8.9621	9.0960
24	and	9.0970	9.4997
25	and	9.5007	9.8437
26	you	10.6170	10.7270
27	know	10.7290	10.9760
28	watched	11.6980	12.3537
29	to	12.3547	12.4503
30	let	12.4513	12.6020
31	him	12.6030	12.7870
32	while	12.7880	13.0290
33	watching	13.0310	13.4035
34	over	13.4045	13.5732
35	your	13.5742	13.7154
36	shoulder	13.7164	14.2440
37	but	14.2460	14.3700
38	then	14.3730	14.4926
39	i	14.4936	14.7140
40	imagine	14.7160	15.2400
41	rest	15.2420	15.5150
42	of	15.5170	15.6310
43	your	15.6330	15.7980
44	time	15.8000	16.0990
45	awake	16.1000	16.4870
46	was	16.5100	16.6630
47	spent	16.6650	17.0660
48	thinking	17.5020	17.8112
49	about	17.8122	18.0960
50	when	18.0980	18.2630
51	you	18.2660	18.4200
52	could	18.4220	18.5371
53	be	18.5381	18.6160
54	in	18.6170	18.7220
55	front	18.7800	18.8680
56	of	18.8690	18.9690
57	the	18.9710	19.0457
58	television	19.0467	19.5024
59	again	19.5034	19.9060
60	is	20.3580	20.4450
61	that	20.4470	20.6830

--- RAW CTC (wav2vec2 forced-align, PRE-heuristic-refinement; idx, ctc_word_text, word_start_s, word_end_s, word_score, pipe_start_s, pipe_end_s) ---
0	so	0.0200	0.1201	9.508	0.1801	0.2202
1	time	0.2402	0.5204	10.544	0.5204	0.5604
2	and	0.5804	0.6405	8.713	0.6605	0.7005
3	oh	1.2209	1.2610	4.793	1.4611	1.4811
4	sorry	1.4811	1.6813	2.261	1.7614	1.7814
5	i	3.4827	3.5027	9.855	3.5427	3.5627
6	was	3.5627	3.6228	4.820	3.6428	3.6828
7	just	3.6828	3.8029	6.326	3.8029	3.8229
8	gonna	3.8229	4.0031	3.428	4.0031	4.0631
9	say	4.0631	4.1432	7.613	4.1632	4.2032
10	so	4.2032	4.2833	10.159	4.3233	4.3834
11	time	4.3834	4.6436	10.868	4.6636	4.7036
12	in	4.7236	4.7637	10.982	4.8037	4.8437
13	front	4.8637	5.0639	11.356	5.0839	5.1239
14	of	5.1239	5.1640	11.092	5.1640	5.2440
15	the	5.2440	5.3241	10.915	5.3241	5.3641
16	t	5.3841	5.4042	11.964	5.5843	5.6243
17	v	5.6443	5.6644	10.251	5.9246	5.9846
18	was	6.0046	6.1047	9.978	6.1247	6.2048
19	sort	6.2048	6.4049	12.189	6.4450	6.5050
20	of	6.5250	6.5651	11.876	6.5651	6.6651
21	s-	7.7860	7.8060	7.096	8.1863	8.2063
22	specific	8.2263	8.8868	9.226	8.9669	9.0269
23	a-	9.0269	9.0470	2.924	9.0470	9.0670
24	and	9.3072	9.4072	7.482	9.4273	9.4473
25	and	9.6074	9.7075	8.210	9.7475	9.8075
26	you	10.6282	10.7082	9.594	10.7082	10.7483
27	know	10.7483	10.8684	10.785	10.8884	10.9885
28	watched	11.9492	12.3495	10.054	12.3495	12.3895
29	to	12.3895	12.4496	6.654	12.4696	12.4896
30	let	12.4896	12.6297	6.397	12.6297	12.6497
31	him	12.6497	12.7098	2.750	12.7298	12.7698
32	while	12.7898	12.9900	10.390	13.0100	13.0500
33	watching	13.0500	13.4103	12.563	13.4103	13.4503
34	over	13.4503	13.5704	11.681	13.5704	13.6305
35	your	13.6305	13.7506	12.128	13.7706	13.8106
36	shoulder	13.8106	14.1509	14.094	14.1709	14.2309
37	but	14.2510	14.3310	11.181	14.3310	14.3711
38	then	14.3711	14.4711	10.900	14.5112	14.5512
39	i	14.5712	14.5912	10.202	14.6313	14.6913
40	imagine	14.7313	15.1116	12.677	15.1316	15.2317
41	rest	15.2717	15.4919	11.902	15.5119	15.5520
42	of	15.5720	15.6120	11.362	15.6120	15.6520
43	your	15.6520	15.7922	11.705	15.7922	15.8522
44	time	15.8522	16.0724	12.295	16.0924	16.1524
45	awake	16.1724	16.4727	11.098	16.4927	16.5327
46	was	16.5527	16.6528	11.347	16.6928	16.7329
47	spent	16.7529	17.0531	12.095	17.0731	17.1132
48	thinking	17.4935	17.7937	12.329	17.8137	17.8537
49	about	17.8738	18.0539	11.637	18.0539	18.1139
50	when	18.1139	18.2340	11.715	18.2741	18.3141
51	you	18.3341	18.3942	11.134	18.3942	18.4342
52	could	18.4342	18.5543	11.102	18.5543	18.5743
53	be	18.5743	18.6143	12.075	18.6343	18.6744
54	in	18.6744	18.7144	12.450	18.7144	18.7544
55	front	18.7544	18.8945	12.806	18.8945	18.9146
56	of	18.9146	18.9546	12.368	18.9546	18.9946
57	the	18.9946	19.0547	11.679	19.0547	19.0747
58	television	19.0747	19.4950	10.642	19.5150	19.5550
59	again	19.5751	19.7752	13.983	19.7752	19.8953
60	is	20.3757	20.4157	4.493	20.4357	20.4557
61	that	20.4557	20.6959	5.661		

--- WHISPER (Groq) OUTPUT (word, start_s, end_s) [independent ASR pass, own word segmentation -- not index-aligned to gold/CTC] ---
So	0.000	0.120
time	0.120	0.520
in,	0.520	0.700
oh,	0.700	1.280
sorry.	1.280	2.140
I	3.440	3.560
was	3.560	3.700
just	3.700	3.860
going	3.860	3.960
to	3.960	4.000
say,	4.000	4.280
so	4.280	4.300
time	4.300	4.600
in	4.600	4.780
front	4.780	5.020
of	5.020	5.180
the	5.180	5.320
TV	5.320	5.680
was	5.680	6.120
sort	6.120	6.360
of	6.360	6.660
specific	6.660	8.600
and,	8.600	9.360
you	9.360	10.720
know,	10.720	11.940
watched	11.940	12.340
while	12.340	12.900
watching	12.900	13.360
over	13.360	13.580
your	13.580	13.720
shoulder.	13.720	14.580
But	14.240	14.340
then	14.340	14.500
I	14.500	14.640
imagine	14.640	15.120
rest	15.120	15.500
of	15.500	15.640
your	15.640	15.760
time	15.760	16.100
awake	16.100	16.460
was	16.460	16.700
spent	16.700	17.060
thinking	17.060	17.700
about	17.700	18.020
when	18.020	18.260
you	18.260	18.420
could	18.420	18.540
be	18.540	18.620
in	18.620	18.760
front	18.760	18.880
of	18.880	18.980
the	18.980	19.040
television	19.040	19.420
again.	19.420	19.800
Is	20.340	20.480
that?	20.480	21.240

--- SIGNAL TRACE (hop=5ms; time_s, rms, zcr, voicing, spectral_flux, hf_ratio, spectral_flatness) ---
0.000	0.0083	0.210	0.174	0.0000	0.998	0.226
0.005	0.0101	0.227	0.173	0.0126	0.997	0.237
0.010	0.0137	0.208	0.155	0.0146	0.997	0.240
0.015	0.0087	0.248	0.126	0.0132	0.997	0.233
0.020	0.0083	0.237	0.166	0.0123	0.997	0.231
0.025	0.0116	0.215	0.135	0.0119	0.997	0.234
0.030	0.0090	0.210	0.134	0.0117	0.995	0.240
0.035	0.0080	0.223	0.126	0.0122	0.993	0.253
0.040	0.0066	0.196	0.142	0.0175	0.944	0.285
0.045	0.0039	0.144	0.243	0.0453	0.513	0.252
0.050	0.0021	0.127	0.618	0.0389	0.012	0.100
0.055	0.0025	0.077	0.740	0.0245	0.004	0.075
0.060	0.0140	0.006	0.758	0.0161	0.003	0.064
0.065	0.0350	0.010	0.680	0.0241	0.003	0.055
0.070	0.0331	0.010	0.682	0.0365	0.002	0.045
0.075	0.0336	0.013	0.700	0.0360	0.001	0.035
0.080	0.0555	0.008	0.734	0.0258	0.000	0.029
0.085	0.0491	0.010	0.745	0.0166	0.001	0.029
0.090	0.0450	0.010	0.720	0.0151	0.001	0.029
0.095	0.0517	0.010	0.730	0.0120	0.002	0.031
0.100	0.0587	0.008	0.770	0.0066	0.002	0.030
0.105	0.0559	0.008	0.747	0.0100	0.002	0.031
0.110	0.0581	0.010	0.731	0.0144	0.002	0.034
0.115	0.0517	0.008	0.678	0.0141	0.003	0.042
0.120	0.0358	0.013	0.528	0.0267	0.002	0.066
0.125	0.0241	0.015	0.485	0.0432	0.001	0.092
0.130	0.0117	0.008	0.721	0.0234	0.000	0.093
0.135	0.0083	0.004	0.723	0.0265	0.000	0.098
0.140	0.0071	0.004	0.741	0.0158	0.000	0.088
0.145	0.0066	0.004	0.738	0.0118	0.000	0.086
0.150	0.0053	0.004	0.732	0.0150	0.000	0.087
0.155	0.0053	0.004	0.706	0.0137	0.000	0.085
0.160	0.0056	0.004	0.759	0.0307	0.000	0.073
0.165	0.0049	0.004	0.756	0.0210	0.000	0.072
0.170	0.0052	0.004	0.720	0.0229	0.000	0.094
0.175	0.0048	0.004	0.633	0.0201	0.000	0.112
0.180	0.0037	0.006	0.493	0.0291	0.001	0.167
0.185	0.0020	0.004	0.160	0.0391	0.007	0.284
0.190	0.0008	0.015	0.125	0.0123	0.191	0.277
0.195	0.0010	0.033	0.127	0.0136	0.356	0.281
0.200	0.0008	0.056	0.149	0.0128	0.704	0.257
0.205	0.0048	0.135	0.157	0.0125	0.922	0.232
0.210	0.0082	0.194	0.164	0.0110	0.951	0.216
0.215	0.0152	0.171	0.136	0.0112	0.909	0.218
0.220	0.0136	0.148	0.091	0.0204	0.466	0.195
0.225	0.0075	0.117	0.115	0.0206	0.290	0.189
0.230	0.0079	0.056	0.326	0.0267	0.066	0.156
0.235	0.0041	0.056	0.450	0.0205	0.024	0.128
0.240	0.0053	0.029	0.479	0.0179	0.021	0.097
0.245	0.0100	0.015	0.443	0.0145	0.020	0.086
0.250	0.0112	0.040	0.426	0.0185	0.029	0.095
0.255	0.0112	0.042	0.423	0.0163	0.030	0.099
0.260	0.0138	0.042	0.383	0.0173	0.021	0.109
0.265	0.0116	0.040	0.438	0.0194	0.027	0.104
0.270	0.0117	0.048	0.420	0.0163	0.043	0.106
0.275	0.0128	0.048	0.337	0.0197	0.049	0.115
0.280	0.0103	0.052	0.318	0.0178	0.040	0.108
0.285	0.0124	0.058	0.322	0.0154	0.039	0.123
0.290	0.0129	0.052	0.296	0.0172	0.048	0.138
0.295	0.0096	0.060	0.282	0.0178	0.046	0.136
0.300	0.0091	0.071	0.400	0.0219	0.024	0.131
0.305	0.0068	0.067	0.576	0.0291	0.011	0.120
0.310	0.0088	0.042	0.662	0.0268	0.003	0.092
0.315	0.0107	0.023	0.609	0.0260	0.002	0.068
0.320	0.0142	0.027	0.648	0.0358	0.001	0.048
0.325	0.0228	0.015	0.740	0.0208	0.001	0.039
0.330	0.0256	0.027	0.814	0.0174	0.001	0.031
0.335	0.0537	0.025	0.833	0.0160	0.000	0.028
0.340	0.0667	0.027	0.842	0.0104	0.001	0.032
0.345	0.0799	0.033	0.816	0.0169	0.001	0.033
0.350	0.0718	0.033	0.744	0.0253	0.000	0.031
0.355	0.0897	0.031	0.726	0.0218	0.000	0.034
0.360	0.0470	0.031	0.769	0.0122	0.001	0.036
0.365	0.0658	0.031	0.781	0.0105	0.001	0.038
0.370	0.0251	0.031	0.812	0.0105	0.001	0.041
0.375	0.0490	0.029	0.822	0.0087	0.001	0.040
0.380	0.0289	0.031	0.767	0.0130	0.002	0.042
0.385	0.0504	0.031	0.766	0.0195	0.002	0.039
0.390	0.0303	0.031	0.797	0.0102	0.002	0.037
0.395	0.0505	0.031	0.789	0.0139	0.002	0.038
0.400	0.0284	0.031	0.786	0.0115	0.003	0.037
0.405	0.0493	0.037	0.778	0.0155	0.004	0.039
0.410	0.0308	0.031	0.791	0.0149	0.003	0.040
0.415	0.0469	0.033	0.795	0.0109	0.004	0.041
0.420	0.0310	0.031	0.789	0.0143	0.003	0.043
0.425	0.0444	0.035	0.810	0.0129	0.003	0.041
0.430	0.0432	0.031	0.824	0.0094	0.003	0.040
0.435	0.0352	0.033	0.831	0.0099	0.004	0.041
0.440	0.0421	0.035	0.832	0.0064	0.005	0.039
0.445	0.0294	0.033	0.835	0.0059	0.006	0.038
0.450	0.0460	0.035	0.835	0.0053	0.005	0.038
0.455	0.0425	0.033	0.835	0.0047	0.005	0.040
0.460	0.0333	0.035	0.830	0.0059	0.004	0.039
0.465	0.0394	0.048	0.827	0.0122	0.004	0.039
0.470	0.0430	0.044	0.766	0.0152	0.003	0.042
0.475	0.0339	0.044	0.695	0.0235	0.002	0.051
0.480	0.0368	0.027	0.639	0.0522	0.001	0.071
0.485	0.0122	0.015	0.825	0.0196	0.001	0.065
0.490	0.0179	0.008	0.839	0.0081	0.000	0.063
0.495	0.0169	0.006	0.839	0.0075	0.000	0.061
0.500	0.0186	0.006	0.840	0.0107	0.000	0.056
0.505	0.0224	0.006	0.834	0.0134	0.000	0.055
0.510	0.0190	0.006	0.835	0.0079	0.000	0.055
0.515	0.0204	0.006	0.838	0.0149	0.000	0.053
0.520	0.0189	0.008	0.836	0.0080	0.000	0.052
0.525	0.0200	0.006	0.842	0.0038	0.000	0.050
0.530	0.0219	0.006	0.834	0.0118	0.000	0.051
0.535	0.0238	0.006	0.764	0.0178	0.000	0.049
0.540	0.0263	0.006	0.746	0.0216	0.002	0.044
0.545	0.0229	0.006	0.769	0.0188	0.005	0.043
0.550	0.0285	0.037	0.778	0.0138	0.009	0.039
0.555	0.0256	0.046	0.757	0.0183	0.011	0.041
0.560	0.0378	0.025	0.794	0.0144	0.010	0.029
0.565	0.0283	0.031	0.792	0.0134	0.006	0.023
0.570	0.0453	0.033	0.771	0.0172	0.003	0.026
0.575	0.0431	0.029	0.763	0.0182	0.001	0.027
0.580	0.0505	0.029	0.775	0.0173	0.000	0.027
0.585	0.0337	0.033	0.753	0.0148	0.000	0.024
0.590	0.0487	0.031	0.761	0.0171	0.000	0.016
0.595	0.0268	0.021	0.708	0.0206	0.000	0.015
0.600	0.0390	0.019	0.706	0.0358	0.001	0.015
0.605	0.0212	0.015	0.742	0.0327	0.000	0.013
0.610	0.0222	0.004	0.808	0.0193	0.000	0.013
0.615	0.0273	0.006	0.803	0.0092	0.000	0.013
0.620	0.0252	0.006	0.798	0.0130	0.000	0.013
0.625	0.0260	0.004	0.801	0.0104	0.000	0.013
0.630	0.0303	0.006	0.801	0.0081	0.000	0.012
0.635	0.0298	0.006	0.802	0.0111	0.000	0.013
0.640	0.0267	0.004	0.798	0.0145	0.000	0.014
0.645	0.0295	0.006	0.797	0.0174	0.000	0.014
0.650	0.0294	0.004	0.799	0.0101	0.000	0.018
0.655	0.0267	0.006	0.805	0.0080	0.000	0.028
0.660	0.0256	0.004	0.804	0.0080	0.000	0.048
0.665	0.0227	0.004	0.771	0.0137	0.000	0.067
0.670	0.0223	0.006	0.657	0.0126	0.001	0.107
0.675	0.0173	0.004	0.542	0.0105	0.004	0.172
0.680	0.0084	0.015	0.452	0.0148	0.074	0.294
0.685	0.0037	0.025	0.521	0.0212	0.140	0.304
0.690	0.0018	0.056	0.607	0.0143	0.149	0.334
0.695	0.0023	0.054	0.558	0.0111	0.229	0.323
0.700	0.0022	0.056	0.606	0.0127	0.244	0.319
0.705	0.0021	0.075	0.658	0.0168	0.175	0.317
0.710	0.0021	0.110	0.761	0.0340	0.042	0.318
0.715	0.0022	0.042	0.789	0.0474	0.009	0.287
0.720	0.0023	0.015	0.783	0.0105	0.014	0.269
0.725	0.0023	0.008	0.771	0.0174	0.018	0.278
0.730	0.0018	0.019	0.735	0.0164	0.008	0.268
0.735	0.0015	0.010	0.670	0.0314	0.009	0.274
0.740	0.0010	0.004	0.570	0.0331	0.011	0.300
0.745	0.0007	0.023	0.359	0.0242	0.016	0.394
0.750	0.0003	0.010	0.544	0.0671	0.005	0.322
0.755	0.0001	0.015	0.654	0.0506	0.002	0.245
0.760	0.0003	0.006	0.791	0.0226	0.000	0.170
0.765	0.0005	0.004	0.817	0.0160	0.000	0.144
0.770	0.0007	0.006	0.819	0.0144	0.000	0.129
0.775	0.0009	0.006	0.809	0.0124	0.000	0.140
0.780	0.0009	0.004	0.753	0.0285	0.000	0.178
0.785	0.0007	0.006	0.774	0.0284	0.000	0.188
0.790	0.0006	0.004	0.782	0.0044	0.001	0.207
0.795	0.0006	0.006	0.783	0.0196	0.001	0.208
0.800	0.0005	0.006	0.779	0.0157	0.000	0.197
0.805	0.0005	0.004	0.782	0.0078	0.000	0.181
0.810	0.0005	0.004	0.801	0.0187	0.000	0.178
0.815	0.0006	0.006	0.787	0.0190	0.000	0.172
0.820	0.0006	0.004	0.789	0.0258	0.000	0.175
0.825	0.0005	0.006	0.764	0.0167	0.000	0.177
0.830	0.0005	0.004	0.705	0.0158	0.001	0.210
0.835	0.0005	0.004	0.733	0.0447	0.001	0.198
0.840	0.0004	0.006	0.732	0.0179	0.001	0.221
0.845	0.0005	0.004	0.740	0.0342	0.001	0.219
0.850	0.0004	0.004	0.754	0.0298	0.000	0.194
0.855	0.0004	0.004	0.766	0.0258	0.000	0.180
0.860	0.0004	0.004	0.771	0.0229	0.000	0.188
0.865	0.0006	0.006	0.745	0.0163	0.001	0.206
0.870	0.0006	0.004	0.752	0.0557	0.001	0.193
0.875	0.0004	0.004	0.746	0.0231	0.001	0.205
0.880	0.0004	0.004	0.768	0.0268	0.001	0.211
0.885	0.0004	0.006	0.768	0.0398	0.001	0.191
0.890	0.0005	0.004	0.781	0.0453	0.000	0.188
0.895	0.0005	0.004	0.751	0.0146	0.000	0.182
0.900	0.0005	0.004	0.709	0.0384	0.001	0.212
0.905	0.0004	0.006	0.741	0.0477	0.001	0.213
0.910	0.0005	0.004	0.733	0.0089	0.001	0.241
0.915	0.0004	0.004	0.737	0.0242	0.001	0.239
0.920	0.0004	0.004	0.781	0.0129	0.001	0.239
0.925	0.0003	0.004	0.758	0.0166	0.001	0.261
0.930	0.0004	0.004	0.753	0.0278	0.001	0.267
0.935	0.0004	0.010	0.764	0.0111	0.001	0.286
0.940	0.0005	0.004	0.740	0.0212	0.001	0.261
0.945	0.0004	0.004	0.687	0.0334	0.001	0.247
0.950	0.0004	0.004	0.748	0.0293	0.001	0.216
0.955	0.0004	0.006	0.729	0.0071	0.001	0.245
0.960	0.0005	0.004	0.722	0.0068	0.006	0.337
0.965	0.0004	0.015	0.762	0.0091	0.009	0.353
0.970	0.0005	0.025	0.786	0.0088	0.011	0.342
0.975	0.0004	0.013	0.779	0.0323	0.011	0.348
0.980	0.0005	0.019	0.740	0.0316	0.012	0.355
0.985	0.0005	0.021	0.641	0.0113	0.014	0.357
0.990	0.0005	0.008	0.613	0.0216	0.012	0.355
0.995	0.0003	0.027	0.687	0.0099	0.013	0.351
1.000	0.0006	0.008	0.711	0.0312	0.019	0.370
1.005	0.0004	0.013	0.688	0.0148	0.023	0.410
1.010	0.0004	0.008	0.665	0.0108	0.042	0.450
1.015	0.0004	0.017	0.650	0.0169	0.068	0.411
1.020	0.0003	0.048	0.565	0.0090	0.120	0.458
1.025	0.0004	0.052	0.419	0.0118	0.162	0.508
1.030	0.0003	0.050	0.299	0.0230	0.231	0.551
1.035	0.0001	0.117	0.341	0.0172	0.231	0.557
1.040	0.0001	0.065	0.203	0.0215	0.324	0.557
1.045	0.0001	0.156	0.279	0.0260	0.218	0.556
1.050	0.0001	0.160	0.318	0.0110	0.135	0.547
1.055	0.0001	0.042	0.123	0.0128	0.203	0.571
1.060	0.0001	0.087	0.126	0.0240	0.357	0.576
1.065	0.0001	0.152	0.185	0.0138	0.390	0.557
1.070	0.0002	0.133	0.200	0.0117	0.231	0.541
1.075	0.0001	0.169	0.228	0.0164	0.182	0.544
1.080	0.0001	0.160	0.325	0.0612	0.017	0.360
1.085	0.0001	0.079	0.173	0.0760	0.008	0.305
1.090	0.0004	0.019	0.348	0.0308	0.003	0.252
1.095	0.0007	0.000	0.304	0.0208	0.002	0.214
1.100	0.0007	0.002	0.349	0.0070	0.002	0.225
1.105	0.0005	0.006	0.352	0.0735	0.002	0.228
1.110	0.0010	0.015	0.300	0.0552	0.013	0.261
1.115	0.0012	0.002	0.384	0.0144	0.036	0.238
1.120	0.0014	0.023	0.356	0.0264	0.025	0.243
1.125	0.0014	0.031	0.199	0.0338	0.008	0.268
1.130	0.0007	0.008	0.243	0.0497	0.006	0.081
1.135	0.0003	0.019	0.543	0.0286	0.004	0.040
1.140	0.0004	0.040	0.527	0.0325	0.001	0.027
1.145	0.0256	0.023	0.510	0.0247	0.000	0.025
1.150	0.0412	0.015	0.510	0.0321	0.002	0.020
1.155	0.0246	0.015	0.574	0.0254	0.003	0.020
1.160	0.0277	0.015	0.493	0.0285	0.003	0.021
1.165	0.0669	0.015	0.555	0.0240	0.003	0.024
1.170	0.0985	0.015	0.689	0.0197	0.002	0.027
1.175	0.0593	0.021	0.741	0.0144	0.001	0.028
1.180	0.0683	0.019	0.719	0.0195	0.002	0.028
1.185	0.0621	0.017	0.710	0.0163	0.002	0.029
1.190	0.0787	0.015	0.670	0.0199	0.002	0.027
1.195	0.0841	0.017	0.663	0.0218	0.002	0.029
1.200	0.0789	0.010	0.682	0.0196	0.002	0.030
1.205	0.0717	0.008	0.720	0.0190	0.001	0.026
1.210	0.0560	0.008	0.698	0.0201	0.001	0.025
1.215	0.0507	0.010	0.731	0.0188	0.000	0.025
1.220	0.0468	0.008	0.732	0.0193	0.000	0.025
1.225	0.0467	0.008	0.706	0.0210	0.000	0.025
1.230	0.0460	0.008	0.743	0.0200	0.000	0.026
1.235	0.0417	0.008	0.730	0.0121	0.000	0.027
1.240	0.0423	0.006	0.644	0.0192	0.000	0.027
1.245	0.0343	0.008	0.609	0.0228	0.000	0.030
1.250	0.0215	0.008	0.579	0.0325	0.000	0.037
1.255	0.0156	0.008	0.677	0.0280	0.000	0.037
1.260	0.0158	0.004	0.692	0.0138	0.000	0.039
1.265	0.0157	0.004	0.654	0.0247	0.000	0.042
1.270	0.0136	0.004	0.626	0.0172	0.000	0.055
1.275	0.0104	0.004	0.545	0.0233	0.000	0.071
1.280	0.0067	0.013	0.539	0.0318	0.000	0.077
1.285	0.0025	0.002	0.601	0.0316	0.000	0.086
1.290	0.0016	0.008	0.635	0.0237	0.000	0.097
1.295	0.0022	0.008	0.688	0.0170	0.000	0.108
1.300	0.0028	0.008	0.657	0.0173	0.001	0.132
1.305	0.0017	0.008	0.650	0.0293	0.001	0.153
1.310	0.0012	0.008	0.612	0.0144	0.002	0.147
1.315	0.0012	0.010	0.534	0.0180	0.002	0.149
1.320	0.0022	0.008	0.391	0.0263	0.004	0.219
1.325	0.0010	0.015	0.453	0.0256	0.005	0.226
1.330	0.0008	0.025	0.305	0.0208	0.005	0.205
1.335	0.0009	0.017	0.396	0.0259	0.003	0.179
1.340	0.0007	0.015	0.347	0.0327	0.002	0.173
1.345	0.0011	0.019	0.434	0.0762	0.001	0.141
1.350	0.0012	0.008	0.507	0.0457	0.000	0.095
1.355	0.0016	0.006	0.549	0.0452	0.000	0.094
1.360	0.0034	0.006	0.443	0.0498	0.001	0.147
1.365	0.0026	0.002	0.135	0.0240	0.003	0.201
1.370	0.0007	0.013	0.166	0.0214	0.013	0.278
1.375	0.0004	0.037	0.107	0.0259	0.025	0.280
1.380	0.0006	0.029	0.109	0.0310	0.014	0.195
1.385	0.0003	0.044	0.179	0.0138	0.153	0.251
1.390	0.0011	0.025	0.495	0.0325	0.159	0.261
1.395	0.0016	0.081	0.597	0.0339	0.040	0.268
1.400	0.0033	0.008	0.574	0.0124	0.175	0.262
1.405	0.0035	0.025	0.301	0.0117	0.487	0.274
1.410	0.0025	0.085	0.134	0.0112	0.931	0.267
1.415	0.0019	0.188	0.116	0.0104	0.961	0.268
1.420	0.0032	0.179	0.106	0.0138	0.987	0.235
1.425	0.0026	0.215	0.113	0.0116	0.985	0.214
1.430	0.0030	0.215	0.134	0.0124	0.984	0.191
1.435	0.0044	0.198	0.120	0.0129	0.991	0.164
1.440	0.0049	0.210	0.126	0.0122	0.993	0.162
1.445	0.0053	0.215	0.132	0.0113	0.984	0.183
1.450	0.0049	0.202	0.130	0.0125	0.984	0.196
1.455	0.0046	0.179	0.124	0.0128	0.990	0.183
1.460	0.0043	0.204	0.128	0.0138	0.987	0.187
1.465	0.0061	0.204	0.108	0.0124	0.985	0.196
1.470	0.0063	0.190	0.129	0.0118	0.966	0.228
1.475	0.0056	0.185	0.193	0.0109	0.933	0.260
1.480	0.0040	0.171	0.114	0.0136	0.748	0.306
1.485	0.0030	0.146	0.099	0.0181	0.406	0.336
1.490	0.0017	0.115	0.284	0.0674	0.019	0.220
1.495	0.0015	0.060	0.508	0.0262	0.003	0.119
1.500	0.0019	0.023	0.638	0.0266	0.002	0.084
1.505	0.0142	0.006	0.659	0.0304	0.001	0.073
1.510	0.0250	0.004	0.707	0.0233	0.001	0.065
1.515	0.0252	0.017	0.709	0.0177	0.001	0.060
1.520	0.0232	0.015	0.680	0.0143	0.001	0.058
1.525	0.0238	0.013	0.704	0.0121	0.001	0.056
1.530	0.0199	0.013	0.697	0.0189	0.000	0.051
1.535	0.0199	0.013	0.675	0.0144	0.001	0.048
1.540	0.0210	0.013	0.661	0.0139	0.001	0.042
1.545	0.0238	0.010	0.706	0.0134	0.000	0.039
1.550	0.0268	0.013	0.656	0.0140	0.000	0.035
1.555	0.0344	0.013	0.704	0.0149	0.000	0.031
1.560	0.0374	0.013	0.689	0.0115	0.000	0.027
1.565	0.0374	0.010	0.671	0.0168	0.000	0.027
1.570	0.0309	0.013	0.696	0.0101	0.000	0.025
1.575	0.0145	0.010	0.660	0.0122	0.000	0.023
1.580	0.0183	0.019	0.665	0.0096	0.000	0.027
1.585	0.0223	0.013	0.610	0.0119	0.000	0.028
1.590	0.0219	0.015	0.672	0.0085	0.000	0.033
1.595	0.0299	0.013	0.710	0.0080	0.001	0.038
1.600	0.0371	0.017	0.680	0.0076	0.001	0.047
1.605	0.0258	0.013	0.669	0.0107	0.001	0.051
1.610	0.0151	0.015	0.631	0.0136	0.001	0.054
1.615	0.0138	0.015	0.601	0.0148	0.001	0.049
1.620	0.0140	0.019	0.530	0.0284	0.001	0.054
1.625	0.0221	0.010	0.563	0.0263	0.001	0.054
1.630	0.0240	0.023	0.486	0.0346	0.000	0.050
1.635	0.0261	0.010	0.361	0.0426	0.000	0.046
1.640	0.0131	0.010	0.289	0.0591	0.000	0.041
1.645	0.0097	0.006	0.268	0.0509	0.000	0.042
1.650	0.0113	0.010	0.397	0.0323	0.000	0.039
1.655	0.0157	0.008	0.441	0.0319	0.000	0.039
1.660	0.0132	0.010	0.387	0.0325	0.000	0.039
1.665	0.0195	0.008	0.430	0.0538	0.000	0.044
1.670	0.0160	0.008	0.547	0.0379	0.000	0.042
1.675	0.0118	0.006	0.596	0.0329	0.000	0.048
1.680	0.0099	0.008	0.635	0.0201	0.000	0.057
1.685	0.0064	0.006	0.598	0.0312	0.000	0.065
1.690	0.0031	0.006	0.541	0.0150	0.001	0.103
1.695	0.0046	0.006	0.569	0.0179	0.001	0.128
1.700	0.0051	0.013	0.538	0.0289	0.009	0.198
1.705	0.0031	0.013	0.531	0.0129	0.024	0.242
1.710	0.0019	0.017	0.472	0.0132	0.074	0.263
1.715	0.0015	0.029	0.454	0.0153	0.077	0.286
1.720	0.0014	0.035	0.458	0.0154	0.090	0.311
1.725	0.0011	0.042	0.514	0.0177	0.086	0.300
1.730	0.0012	0.050	0.517	0.0201	0.029	0.278
1.735	0.0012	0.033	0.503	0.0143	0.015	0.275
1.740	0.0015	0.017	0.581	0.0239	0.005	0.214
1.745	0.0012	0.017	0.665	0.0458	0.001	0.156
1.750	0.0022	0.013	0.745	0.0199	0.000	0.114
1.755	0.0021	0.004	0.733	0.0181	0.000	0.106
1.760	0.0019	0.004	0.691	0.0224	0.000	0.109
1.765	0.0016	0.004	0.600	0.0197	0.000	0.132
1.770	0.0013	0.004	0.410	0.0337	0.001	0.237
1.775	0.0006	0.004	0.271	0.0384	0.006	0.338
1.780	0.0002	0.042	0.246	0.0175	0.045	0.531
1.785	0.0001	0.004	0.233	0.0123	0.097	0.621
1.790	0.0000	0.017	0.218	0.0111	0.112	0.632
1.795	0.0000	0.033	0.178	0.0199	0.128	0.660
1.800	0.0000	0.033	0.224	0.0130	0.273	0.700
1.805	0.0000	0.037	0.128	0.0123	0.368	0.730
1.810	0.0000	0.008	0.226	0.0082	0.291	0.706
1.815	0.0000	0.035	0.177	0.0094	0.368	0.724
1.820	0.0000	0.031	0.128	0.0103	0.480	0.759
1.825	0.0000	0.033	0.103	0.0105	0.445	0.747
1.830	0.0000	0.004	0.064	0.0143	0.377	0.746
1.835	0.0000	0.025	0.129	0.0308	0.194	0.693
1.840	0.0000	0.017	0.215	0.0371	0.082	0.638
1.845	0.0000	0.058	0.224	0.0226	0.038	0.600
1.850	0.0000	0.000	0.246	0.0122	0.024	0.552
1.855	0.0000	0.015	0.357	0.0459	0.024	0.562
1.860	0.0001	0.015	0.339	0.0182	0.023	0.543
1.865	0.0001	0.006	0.386	0.0090	0.029	0.563
1.870	0.0001	0.002	0.381	0.0259	0.046	0.598
1.875	0.0000	0.000	0.254	0.0235	0.024	0.544
1.880	0.0000	0.019	0.250	0.0127	0.014	0.501
1.885	0.0000	0.006	0.284	0.0676	0.016	0.523
1.890	0.0000	0.023	0.240	0.0070	0.031	0.592
1.895	0.0001	0.010	0.273	0.0085	0.052	0.631
1.900	0.0001	0.004	0.320	0.0091	0.122	0.692
1.905	0.0000	0.102	0.194	0.0281	0.125	0.691
1.910	0.0000	0.065	0.282	0.0176	0.148	0.719
1.915	0.0000	0.052	0.219	0.0082	0.208	0.735
1.920	0.0000	0.098	0.149	0.0091	0.420	0.776
1.925	0.0000	0.023	0.122	0.0104	0.550	0.770
1.930	0.0000	0.123	0.093	0.0115	0.903	0.713
1.935	0.0000	0.060	0.128	0.0104	0.957	0.641
1.940	0.0000	0.250	0.175	0.0111	0.959	0.620
1.945	0.0001	0.260	0.162	0.0096	0.961	0.652
1.950	0.0001	0.294	0.221	0.0104	0.954	0.669
1.955	0.0000	0.273	0.215	0.0097	0.952	0.659
1.960	0.0000	0.258	0.236	0.0100	0.947	0.631
1.965	0.0000	0.265	0.266	0.0112	0.947	0.621
1.970	0.0000	0.275	0.258	0.0099	0.946	0.634
1.975	0.0001	0.283	0.213	0.0099	0.936	0.653
1.980	0.0000	0.267	0.169	0.0115	0.924	0.685
1.985	0.0000	0.302	0.182	0.0105	0.908	0.678
1.990	0.0000	0.283	0.187	0.0102	0.886	0.638
1.995	0.0000	0.283	0.178	0.0103	0.875	0.679
2.000	0.0000	0.281	0.152	0.0100	0.890	0.705
2.005	0.0000	0.277	0.140	0.0103	0.908	0.699
2.010	0.0000	0.281	0.180	0.0095	0.884	0.685
2.015	0.0000	0.283	0.179	0.0096	0.907	0.686
2.020	0.0000	0.256	0.173	0.0101	0.884	0.691
2.025	0.0000	0.283	0.198	0.0099	0.875	0.687
2.030	0.0000	0.229	0.207	0.0108	0.900	0.671
2.035	0.0000	0.235	0.223	0.0101	0.890	0.684
2.040	0.0000	0.223	0.177	0.0110	0.891	0.678
2.045	0.0000	0.171	0.145	0.0096	0.906	0.669
2.050	0.0000	0.179	0.156	0.0106	0.899	0.695
2.055	0.0000	0.117	0.161	0.0102	0.859	0.677
2.060	0.0000	0.113	0.229	0.0091	0.860	0.712
2.065	0.0000	0.133	0.208	0.0092	0.862	0.721
2.070	0.0000	0.158	0.160	0.0090	0.876	0.724
2.075	0.0000	0.181	0.136	0.0110	0.771	0.696
2.080	0.0000	0.160	0.133	0.0099	0.766	0.702
2.085	0.0000	0.181	0.127	0.0094	0.818	0.729
2.090	0.0000	0.250	0.147	0.0098	0.871	0.705
2.095	0.0000	0.212	0.159	0.0096	0.900	0.685
2.100	0.0000	0.285	0.186	0.0109	0.906	0.683
2.105	0.0000	0.271	0.159	0.0109	0.885	0.688
2.110	0.0000	0.294	0.126	0.0099	0.901	0.718
2.115	0.0000	0.265	0.121	0.0102	0.884	0.718
2.120	0.0000	0.273	0.103	0.0109	0.811	0.692
2.125	0.0000	0.269	0.107	0.0096	0.863	0.720
2.130	0.0000	0.287	0.154	0.0114	0.874	0.691
2.135	0.0000	0.285	0.169	0.0088	0.845	0.684
2.140	0.0000	0.273	0.193	0.0099	0.755	0.674
2.145	0.0000	0.263	0.148	0.0097	0.789	0.709
2.150	0.0000	0.200	0.149	0.0103	0.793	0.693
2.155	0.0000	0.196	0.163	0.0101	0.820	0.719
2.160	0.0000	0.229	0.155	0.0092	0.875	0.721
2.165	0.0000	0.154	0.159	0.0103	0.825	0.706
2.170	0.0000	0.163	0.107	0.0093	0.827	0.711
2.175	0.0000	0.062	0.119	0.0112	0.849	0.731
2.180	0.0000	0.100	0.165	0.0100	0.823	0.705
2.185	0.0000	0.060	0.169	0.0102	0.868	0.716
2.190	0.0000	0.119	0.137	0.0105	0.813	0.724
2.195	0.0000	0.129	0.135	0.0108	0.805	0.704
2.200	0.0000	0.188	0.155	0.0097	0.829	0.729
2.205	0.0000	0.121	0.101	0.0106	0.823	0.715
2.210	0.0000	0.267	0.226	0.0174	0.662	0.623
2.215	0.0000	0.212	0.288	0.0170	0.583	0.546
2.220	0.0001	0.154	0.293	0.0088	0.631	0.518
2.225	0.0001	0.125	0.292	0.0116	0.641	0.561
2.230	0.0001	0.131	0.197	0.0134	0.444	0.604
2.235	0.0001	0.181	0.186	0.0075	0.457	0.620
2.240	0.0001	0.165	0.189	0.0116	0.716	0.674
2.245	0.0001	0.204	0.134	0.0108	0.769	0.680
2.250	0.0000	0.237	0.239	0.0107	0.641	0.690
2.255	0.0000	0.254	0.157	0.0097	0.642	0.699
2.260	0.0000	0.233	0.171	0.0199	0.431	0.644
2.265	0.0000	0.223	0.313	0.0208	0.141	0.524
2.270	0.0000	0.163	0.297	0.0090	0.093	0.495
2.275	0.0001	0.102	0.249	0.0155	0.162	0.531
2.280	0.0001	0.110	0.154	0.0114	0.225	0.561
2.285	0.0001	0.115	0.168	0.0144	0.274	0.577
2.290	0.0001	0.154	0.282	0.0161	0.142	0.506
2.295	0.0001	0.165	0.309	0.0082	0.121	0.495
2.300	0.0002	0.069	0.218	0.0110	0.286	0.591
2.305	0.0001	0.150	0.162	0.0096	0.396	0.619
2.310	0.0001	0.173	0.134	0.0097	0.591	0.680
2.315	0.0001	0.133	0.142	0.0102	0.721	0.692
2.320	0.0000	0.185	0.178	0.0106	0.757	0.657
2.325	0.0000	0.227	0.173	0.0100	0.722	0.665
2.330	0.0000	0.277	0.163	0.0098	0.720	0.677
2.335	0.0000	0.212	0.208	0.0118	0.718	0.678
2.340	0.0000	0.254	0.303	0.0154	0.357	0.602
2.345	0.0001	0.231	0.297	0.0107	0.235	0.563
2.350	0.0001	0.098	0.227	0.0116	0.487	0.640
2.355	0.0001	0.202	0.135	0.0119	0.780	0.677
2.360	0.0000	0.254	0.129	0.0097	0.709	0.647
2.365	0.0000	0.235	0.163	0.0151	0.529	0.617
2.370	0.0000	0.242	0.144	0.0211	0.345	0.606
2.375	0.0000	0.227	0.274	0.0103	0.324	0.602
2.380	0.0001	0.119	0.318	0.0102	0.284	0.599
2.385	0.0001	0.131	0.240	0.0091	0.238	0.566
2.390	0.0001	0.058	0.231	0.0098	0.233	0.567
2.395	0.0000	0.119	0.198	0.0090	0.289	0.612
2.400	0.0001	0.131	0.199	0.0097	0.490	0.662
2.405	0.0001	0.148	0.229	0.0098	0.623	0.696
2.410	0.0000	0.223	0.199	0.0096	0.682	0.668
2.415	0.0000	0.106	0.097	0.0115	0.604	0.666
2.420	0.0000	0.248	0.136	0.0094	0.780	0.711
2.425	0.0000	0.146	0.156	0.0103	0.844	0.702
2.430	0.0000	0.183	0.142	0.0095	0.763	0.697
2.435	0.0000	0.204	0.128	0.0100	0.763	0.696
2.440	0.0000	0.177	0.146	0.0100	0.825	0.704
2.445	0.0000	0.210	0.103	0.0131	0.697	0.689
2.450	0.0000	0.142	0.144	0.0087	0.570	0.677
2.455	0.0000	0.175	0.158	0.0160	0.604	0.680
2.460	0.0000	0.204	0.146	0.0126	0.535	0.672
2.465	0.0000	0.171	0.160	0.0110	0.494	0.664
2.470	0.0000	0.240	0.106	0.0101	0.553	0.655
2.475	0.0000	0.131	0.164	0.0155	0.658	0.643
2.480	0.0000	0.281	0.103	0.0134	0.550	0.652
2.485	0.0000	0.248	0.127	0.0097	0.601	0.656
2.490	0.0000	0.152	0.131	0.0084	0.676	0.686
2.495	0.0000	0.263	0.115	0.0105	0.733	0.692
2.500	0.0000	0.265	0.142	0.0105	0.808	0.702
2.505	0.0000	0.246	0.100	0.0103	0.862	0.695
2.510	0.0000	0.223	0.116	0.0105	0.913	0.719
2.515	0.0000	0.254	0.140	0.0107	0.907	0.722
2.520	0.0000	0.233	0.137	0.0106	0.863	0.691
2.525	0.0000	0.252	0.169	0.0100	0.891	0.668
2.530	0.0000	0.221	0.172	0.0110	0.898	0.706
2.535	0.0000	0.246	0.208	0.0103	0.858	0.693
2.540	0.0000	0.244	0.219	0.0093	0.882	0.690
2.545	0.0000	0.229	0.206	0.0089	0.879	0.677
2.550	0.0000	0.202	0.189	0.0098	0.799	0.706
2.555	0.0000	0.275	0.167	0.0230	0.611	0.696
2.560	0.0000	0.208	0.130	0.0268	0.382	0.658
2.565	0.0000	0.119	0.322	0.0163	0.208	0.618
2.570	0.0000	0.167	0.323	0.0152	0.095	0.549
2.575	0.0000	0.135	0.301	0.0111	0.089	0.564
2.580	0.0001	0.052	0.370	0.0093	0.099	0.609
2.585	0.0001	0.052	0.342	0.0081	0.117	0.600
2.590	0.0001	0.004	0.396	0.0118	0.131	0.618
2.595	0.0000	0.102	0.341	0.0172	0.102	0.586
2.600	0.0000	0.073	0.124	0.0256	0.123	0.605
2.605	0.0001	0.035	0.279	0.0097	0.261	0.658
2.610	0.0000	0.085	0.247	0.0126	0.325	0.649
2.615	0.0001	0.042	0.227	0.0138	0.325	0.633
2.620	0.0001	0.163	0.157	0.0145	0.660	0.689
2.625	0.0000	0.225	0.139	0.0125	0.559	0.657
2.630	0.0000	0.154	0.127	0.0106	0.653	0.676
2.635	0.0000	0.210	0.098	0.0114	0.667	0.663
2.640	0.0000	0.263	0.163	0.0099	0.615	0.682
2.645	0.0000	0.227	0.171	0.0088	0.602	0.688
2.650	0.0000	0.212	0.222	0.0099	0.684	0.679
2.655	0.0000	0.188	0.124	0.0111	0.738	0.682
2.660	0.0000	0.227	0.151	0.0107	0.816	0.707
2.665	0.0000	0.221	0.098	0.0106	0.840	0.705
2.670	0.0000	0.244	0.137	0.0094	0.842	0.729
2.675	0.0000	0.235	0.114	0.0089	0.852	0.721
2.680	0.0000	0.256	0.154	0.0106	0.810	0.704
2.685	0.0000	0.254	0.143	0.0118	0.756	0.677
2.690	0.0000	0.260	0.197	0.0221	0.564	0.671
2.695	0.0000	0.208	0.208	0.0124	0.386	0.673
2.700	0.0000	0.250	0.272	0.0084	0.255	0.647
2.705	0.0000	0.035	0.247	0.0348	0.244	0.638
2.710	0.0000	0.160	0.228	0.0100	0.208	0.622
2.715	0.0001	0.119	0.268	0.0092	0.206	0.632
2.720	0.0001	0.004	0.229	0.0094	0.209	0.620
2.725	0.0000	0.194	0.245	0.0378	0.191	0.585
2.730	0.0000	0.123	0.230	0.0093	0.218	0.651
2.735	0.0001	0.083	0.228	0.0107	0.281	0.630
2.740	0.0000	0.190	0.157	0.0110	0.369	0.662
2.745	0.0000	0.144	0.110	0.0093	0.400	0.654
2.750	0.0000	0.131	0.182	0.0101	0.601	0.684
2.755	0.0000	0.198	0.127	0.0092	0.536	0.689
2.760	0.0000	0.129	0.149	0.0095	0.587	0.688
2.765	0.0000	0.235	0.176	0.0098	0.650	0.697
2.770	0.0000	0.194	0.165	0.0089	0.772	0.704
2.775	0.0000	0.223	0.065	0.0082	0.785	0.759
2.780	0.0000	0.144	0.017	0.0390	0.183	0.669
2.785	0.0000	0.050	0.286	0.0390	0.002	0.222
2.790	0.0000	0.046	0.323	0.0138	0.001	0.155
2.795	0.0000	0.044	0.325	0.0150	0.002	0.230
2.800	0.0004	0.021	0.385	0.0243	0.035	0.468
2.805	0.0001	0.037	0.257	0.0192	0.084	0.565
2.810	0.0000	0.042	0.220	0.0277	0.064	0.562
2.815	0.0000	0.035	0.254	0.0119	0.064	0.592
2.820	0.0000	0.000	0.270	0.0281	0.033	0.579
2.825	0.0000	0.044	0.153	0.0391	0.028	0.546
2.830	0.0000	0.015	0.034	0.0077	0.090	0.657
2.835	0.0000	0.050	0.000	0.0109	0.210	0.730
2.840	0.0000	0.025	0.120	0.0086	0.627	0.819
2.845	0.0000	0.021	0.104	0.0083	0.732	0.838
2.850	0.0000	0.008	0.082	0.0092	0.773	0.843
2.855	0.0000	0.021	0.068	0.0097	0.722	0.854
2.860	0.0000	0.017	0.081	0.0083	0.707	0.826
2.865	0.0000	0.042	0.075	0.0083	0.657	0.839
2.870	0.0000	0.025	0.114	0.0106	0.545	0.803
2.875	0.0000	0.017	0.089	0.0066	0.565	0.795
2.880	0.0000	0.013	0.127	0.0109	0.708	0.846
2.885	0.0000	0.013	0.114	0.0080	0.642	0.835
2.890	0.0000	0.004	0.116	0.0095	0.737	0.843
2.895	0.0000	0.013	0.117	0.0129	0.728	0.818
2.900	0.0000	0.000	0.131	0.0066	0.699	0.815
2.905	0.0000	0.021	0.122	0.0080	0.700	0.824
2.910	0.0000	0.029	0.077	0.0116	0.714	0.838
2.915	0.0000	0.021	0.056	0.0079	0.654	0.806
2.920	0.0000	0.008	0.103	0.0113	0.669	0.824
2.925	0.0000	0.013	0.091	0.0083	0.690	0.805
2.930	0.0000	0.013	0.094	0.0088	0.788	0.840
2.935	0.0000	0.108	0.104	0.0084	0.741	0.830
2.940	0.0000	0.083	0.087	0.0103	0.665	0.836
2.945	0.0000	0.054	0.097	0.0076	0.682	0.836
2.950	0.0000	0.008	0.118	0.0100	0.749	0.838
2.955	0.0000	0.042	0.064	0.0108	0.713	0.832
2.960	0.0000	0.017	0.095	0.0078	0.684	0.766
2.965	0.0000	0.129	0.090	0.0095	0.725	0.787
2.970	0.0000	0.104	0.081	0.0121	0.632	0.803
2.975	0.0000	0.000	0.296	0.0465	0.178	0.696
2.980	0.0000	0.054	0.667	0.0232	0.018	0.427
2.985	0.0000	0.071	0.658	0.0056	0.015	0.392
2.990	0.0001	0.037	0.589	0.0120	0.163	0.569
2.995	0.0001	0.096	0.252	0.0116	0.704	0.639
3.000	0.0001	0.221	0.176	0.0125	0.804	0.670
3.005	0.0000	0.246	0.160	0.0101	0.666	0.666
3.010	0.0000	0.202	0.161	0.0093	0.803	0.688
3.015	0.0000	0.208	0.145	0.0103	0.894	0.688
3.020	0.0000	0.227	0.153	0.0093	0.913	0.698
3.025	0.0000	0.258	0.182	0.0098	0.932	0.714
3.030	0.0000	0.221	0.147	0.0099	0.926	0.686
3.035	0.0000	0.242	0.158	0.0101	0.937	0.684
3.040	0.0000	0.233	0.128	0.0101	0.926	0.674
3.045	0.0000	0.258	0.150	0.0097	0.906	0.695
3.050	0.0000	0.246	0.159	0.0108	0.920	0.703
3.055	0.0000	0.229	0.225	0.0103	0.926	0.707
3.060	0.0000	0.279	0.179	0.0092	0.909	0.702
3.065	0.0000	0.225	0.173	0.0095	0.832	0.779
3.070	0.0000	0.183	0.106	0.0099	0.499	0.777
3.075	0.0000	0.046	0.096	0.0083	0.580	0.798
3.080	0.0000	0.046	0.111	0.0134	0.644	0.778
3.085	0.0000	0.037	0.107	0.0086	0.537	0.793
3.090	0.0000	0.008	0.086	0.0095	0.692	0.828
3.095	0.0000	0.013	0.085	0.0088	0.713	0.800
3.100	0.0000	0.025	0.147	0.0079	0.690	0.840
3.105	0.0000	0.013	0.142	0.0100	0.620	0.802
3.110	0.0000	0.004	0.147	0.0073	0.565	0.807
3.115	0.0000	0.000	0.099	0.0079	0.730	0.848
3.120	0.0000	0.017	0.087	0.0105	0.768	0.854
3.125	0.0000	0.021	0.115	0.0060	0.728	0.827
3.130	0.0000	0.046	0.083	0.0107	0.749	0.833
3.135	0.0000	0.008	0.067	0.0077	0.763	0.838
3.140	0.0000	0.033	0.086	0.0085	0.819	0.845
3.145	0.0000	0.000	0.096	0.0085	0.835	0.844
3.150	0.0000	0.025	0.072	0.0108	0.761	0.846
3.155	0.0000	0.008	0.105	0.0076	0.701	0.849
3.160	0.0000	0.004	0.086	0.0089	0.716	0.846
3.165	0.0000	0.029	0.073	0.0097	0.778	0.838
3.170	0.0000	0.021	0.084	0.0098	0.682	0.831
3.175	0.0000	0.004	0.093	0.0071	0.692	0.851
3.180	0.0000	0.017	0.072	0.0087	0.633	0.833
3.185	0.0000	0.021	0.107	0.0076	0.625	0.825
3.190	0.0000	0.017	0.107	0.0136	0.755	0.856
3.195	0.0000	0.000	0.083	0.0068	0.759	0.832
3.200	0.0000	0.010	0.135	0.0113	0.570	0.802
3.205	0.0000	0.010	0.132	0.0075	0.512	0.809
3.210	0.0000	0.013	0.108	0.0105	0.705	0.819
3.215	0.0000	0.013	0.086	0.0102	0.708	0.841
3.220	0.0000	0.013	0.124	0.0092	0.760	0.827
3.225	0.0000	0.017	0.130	0.0095	0.780	0.814
3.230	0.0000	0.096	0.114	0.0097	0.876	0.750
3.235	0.0000	0.158	0.131	0.0092	0.860	0.737
3.240	0.0000	0.212	0.131	0.0101	0.708	0.717
3.245	0.0000	0.212	0.196	0.0140	0.537	0.684
3.250	0.0000	0.210	0.191	0.0122	0.271	0.618
3.255	0.0000	0.146	0.215	0.0163	0.202	0.564
3.260	0.0001	0.127	0.144	0.0189	0.156	0.485
3.265	0.0001	0.098	0.148	0.0145	0.285	0.402
3.270	0.0001	0.090	0.142	0.0149	0.372	0.354
3.275	0.0003	0.083	0.094	0.0111	0.523	0.382
3.280	0.0003	0.081	0.085	0.0087	0.698	0.401
3.285	0.0017	0.146	0.169	0.0142	0.561	0.389
3.290	0.0017	0.135	0.408	0.0309	0.188	0.300
3.295	0.0017	0.102	0.381	0.0198	0.092	0.257
3.300	0.0021	0.052	0.337	0.0114	0.087	0.247
3.305	0.0070	0.035	0.307	0.0141	0.132	0.265
3.310	0.0039	0.040	0.312	0.0258	0.102	0.232
3.315	0.0021	0.067	0.373	0.0145	0.084	0.216
3.320	0.0037	0.040	0.274	0.0141	0.181	0.245
3.325	0.0032	0.060	0.196	0.0213	0.170	0.240
3.330	0.0026	0.067	0.237	0.0195	0.188	0.219
3.335	0.0020	0.037	0.310	0.0154	0.162	0.214
3.340	0.0028	0.060	0.315	0.0157	0.117	0.214
3.345	0.0025	0.052	0.263	0.0195	0.078	0.203
3.350	0.0031	0.075	0.212	0.0180	0.060	0.190
3.355	0.0050	0.050	0.186	0.0223	0.077	0.181
3.360	0.0024	0.069	0.196	0.0176	0.068	0.176
3.365	0.0030	0.058	0.211	0.0144	0.058	0.178
3.370	0.0037	0.046	0.270	0.0224	0.035	0.162
3.375	0.0031	0.042	0.313	0.0129	0.039	0.144
3.380	0.0048	0.040	0.229	0.0216	0.095	0.143
3.385	0.0047	0.044	0.204	0.0202	0.079	0.127
3.390	0.0035	0.048	0.206	0.0202	0.031	0.104
3.395	0.0071	0.046	0.218	0.0260	0.027	0.103
3.400	0.0065	0.046	0.190	0.0229	0.025	0.080
3.405	0.0044	0.040	0.279	0.0248	0.016	0.081
3.410	0.0055	0.040	0.336	0.0226	0.004	0.058
3.415	0.0065	0.031	0.373	0.0202	0.004	0.055
3.420	0.0101	0.029	0.295	0.0228	0.005	0.063
3.425	0.0074	0.035	0.274	0.0182	0.006	0.079
3.430	0.0065	0.040	0.177	0.0343	0.005	0.102
3.435	0.0040	0.035	0.292	0.0239	0.003	0.112
3.440	0.0030	0.031	0.391	0.0236	0.003	0.147
3.445	0.0028	0.040	0.424	0.0251	0.006	0.201
3.450	0.0016	0.035	0.177	0.0302	0.032	0.350
3.455	0.0003	0.033	0.207	0.0307	0.015	0.304
3.460	0.0003	0.029	0.108	0.0269	0.007	0.278
3.465	0.0006	0.015	0.128	0.0245	0.015	0.325
3.470	0.0005	0.027	0.198	0.0430	0.000	0.059
3.475	0.0003	0.067	0.291	0.0149	0.000	0.027
3.480	0.0005	0.006	0.313	0.0249	0.000	0.030
3.485	0.0177	0.019	0.314	0.0730	0.000	0.069
3.490	0.0050	0.019	0.146	0.0533	0.001	0.073
3.495	0.0017	0.017	0.397	0.0206	0.001	0.035
3.500	0.0008	0.023	0.333	0.0241	0.003	0.026
3.505	0.0113	0.017	0.324	0.0207	0.008	0.023
3.510	0.0190	0.017	0.419	0.0312	0.005	0.021
3.515	0.0553	0.023	0.392	0.0219	0.008	0.014
3.520	0.0247	0.021	0.331	0.0260	0.005	0.014
3.525	0.1083	0.021	0.385	0.0441	0.003	0.013
3.530	0.0595	0.023	0.708	0.0185	0.004	0.012
3.535	0.0904	0.017	0.744	0.0199	0.003	0.014
3.540	0.1147	0.019	0.780	0.0117	0.002	0.016
3.545	0.1003	0.023	0.696	0.0154	0.001	0.018
3.550	0.0866	0.015	0.593	0.0300	0.002	0.026
3.555	0.0681	0.015	0.692	0.0187	0.001	0.027
3.560	0.0679	0.008	0.783	0.0140	0.001	0.027
3.565	0.0716	0.010	0.780	0.0182	0.001	0.027
3.570	0.0534	0.010	0.780	0.0113	0.001	0.027
3.575	0.0410	0.008	0.751	0.0166	0.001	0.031
3.580	0.0622	0.010	0.730	0.0219	0.001	0.033
3.585	0.0581	0.010	0.737	0.0152	0.001	0.036
3.590	0.0404	0.010	0.758	0.0148	0.003	0.060
3.595	0.0239	0.008	0.759	0.0135	0.003	0.093
3.600	0.0275	0.015	0.764	0.0085	0.009	0.134
3.605	0.0278	0.008	0.767	0.0090	0.022	0.163
3.610	0.0227	0.015	0.734	0.0079	0.064	0.180
3.615	0.0207	0.021	0.698	0.0093	0.087	0.190
3.620	0.0171	0.031	0.628	0.0094	0.166	0.191
3.625	0.0169	0.046	0.568	0.0110	0.259	0.185
3.630	0.0131	0.075	0.396	0.0116	0.537	0.186
3.635	0.0094	0.108	0.273	0.0128	0.724	0.211
3.640	0.0068	0.177	0.168	0.0121	0.944	0.235
3.645	0.0052	0.244	0.145	0.0103	0.967	0.251
3.650	0.0064	0.237	0.132	0.0100	0.950	0.261
3.655	0.0062	0.202	0.123	0.0127	0.939	0.279
3.660	0.0058	0.208	0.108	0.0109	0.956	0.285
3.665	0.0052	0.219	0.196	0.0146	0.962	0.288
3.670	0.0058	0.202	0.182	0.0115	0.982	0.247
3.675	0.0062	0.240	0.161	0.0121	0.985	0.236
3.680	0.0107	0.242	0.164	0.0135	0.986	0.229
3.685	0.0094	0.244	0.168	0.0140	0.989	0.224
3.690	0.0110	0.208	0.159	0.0116	0.993	0.191
3.695	0.0119	0.244	0.137	0.0123	0.989	0.210
3.700	0.0136	0.227	0.121	0.0113	0.983	0.197
3.705	0.0089	0.200	0.126	0.0118	0.978	0.202
3.710	0.0101	0.194	0.182	0.0145	0.973	0.199
3.715	0.0075	0.181	0.231	0.0161	0.894	0.192
3.720	0.0081	0.167	0.415	0.0208	0.392	0.200
3.725	0.0072	0.123	0.545	0.0148	0.255	0.196
3.730	0.0098	0.065	0.638	0.0141	0.161	0.192
3.735	0.0107	0.046	0.675	0.0114	0.163	0.188
3.740	0.0113	0.044	0.714	0.0103	0.129	0.195
3.745	0.0114	0.035	0.734	0.0111	0.099	0.189
3.750	0.0111	0.040	0.711	0.0103	0.116	0.191
3.755	0.0111	0.037	0.680	0.0104	0.138	0.195
3.760	0.0100	0.027	0.644	0.0099	0.168	0.189
3.765	0.0096	0.042	0.605	0.0115	0.168	0.200
3.770	0.0080	0.040	0.536	0.0121	0.245	0.201
3.775	0.0068	0.058	0.504	0.0112	0.326	0.205
3.780	0.0050	0.052	0.369	0.0135	0.413	0.234
3.785	0.0044	0.090	0.268	0.0199	0.240	0.229
3.790	0.0021	0.092	0.194	0.0142	0.160	0.246
3.795	0.0039	0.069	0.141	0.0132	0.203	0.284
3.800	0.0017	0.056	0.219	0.0136	0.251	0.323
3.805	0.0012	0.081	0.206	0.0149	0.185	0.341
3.810	0.0009	0.077	0.184	0.0151	0.147	0.311
3.815	0.0006	0.079	0.151	0.0145	0.225	0.303
3.820	0.0007	0.117	0.158	0.0156	0.318	0.289
3.825	0.0010	0.163	0.214	0.0213	0.128	0.242
3.830	0.0015	0.138	0.274	0.0127	0.113	0.215
3.835	0.0026	0.062	0.367	0.0278	0.141	0.222
3.840	0.0018	0.117	0.508	0.0391	0.050	0.164
3.845	0.0046	0.048	0.618	0.0486	0.011	0.123
3.850	0.0083	0.031	0.756	0.0185	0.003	0.076
3.855	0.0176	0.006	0.809	0.0164	0.004	0.064
3.860	0.0307	0.017	0.713	0.0199	0.006	0.058
3.865	0.0305	0.017	0.662	0.0260	0.005	0.051
3.870	0.0452	0.025	0.693	0.0222	0.005	0.042
3.875	0.0344	0.021	0.716	0.0161	0.005	0.039
3.880	0.0652	0.019	0.735	0.0130	0.008	0.044
3.885	0.0544	0.023	0.689	0.0158	0.010	0.051
3.890	0.0453	0.027	0.698	0.0192	0.008	0.051
3.895	0.0532	0.021	0.726	0.0153	0.010	0.049
3.900	0.0307	0.029	0.755	0.0130	0.012	0.047
3.905	0.0264	0.023	0.755	0.0143	0.010	0.045
3.910	0.0440	0.019	0.734	0.0169	0.007	0.042
3.915	0.0407	0.013	0.732	0.0226	0.004	0.043
3.920	0.0147	0.019	0.764	0.0197	0.002	0.042
3.925	0.0196	0.004	0.787	0.0145	0.001	0.040
3.930	0.0293	0.004	0.796	0.0111	0.000	0.036
3.935	0.0312	0.006	0.788	0.0087	0.000	0.037
3.940	0.0307	0.006	0.784	0.0104	0.000	0.038
3.945	0.0252	0.004	0.785	0.0116	0.000	0.037
3.950	0.0277	0.004	0.803	0.0133	0.000	0.035
3.955	0.0366	0.006	0.809	0.0128	0.000	0.031
3.960	0.0392	0.006	0.801	0.0140	0.000	0.029
3.965	0.0362	0.004	0.811	0.0135	0.000	0.041
3.970	0.0413	0.006	0.813	0.0131	0.001	0.044
3.975	0.0438	0.004	0.788	0.0140	0.001	0.044
3.980	0.0353	0.006	0.748	0.0095	0.005	0.084
3.985	0.0299	0.004	0.750	0.0099	0.018	0.124
3.990	0.0318	0.010	0.677	0.0108	0.091	0.164
3.995	0.0227	0.027	0.605	0.0102	0.166	0.183
4.000	0.0180	0.046	0.454	0.0103	0.497	0.176
4.005	0.0169	0.087	0.283	0.0110	0.718	0.177
4.010	0.0144	0.198	0.181	0.0126	0.901	0.184
4.015	0.0126	0.229	0.184	0.0164	0.960	0.180
4.020	0.0115	0.237	0.193	0.0126	0.968	0.162
4.025	0.0148	0.246	0.162	0.0141	0.968	0.161
4.030	0.0146	0.250	0.163	0.0125	0.979	0.171
4.035	0.0119	0.237	0.140	0.0109	0.969	0.171
4.040	0.0123	0.227	0.120	0.0124	0.944	0.181
4.045	0.0102	0.223	0.165	0.0122	0.904	0.187
4.050	0.0109	0.196	0.494	0.0376	0.298	0.176
4.055	0.0066	0.194	0.662	0.0462	0.056	0.152
4.060	0.0074	0.048	0.797	0.0279	0.005	0.106
4.065	0.0200	0.019	0.825	0.0168	0.003	0.085
4.070	0.0289	0.023	0.734	0.0163	0.003	0.064
4.075	0.0372	0.015	0.646	0.0284	0.003	0.054
4.080	0.0222	0.021	0.596	0.0312	0.003	0.044
4.085	0.0385	0.010	0.606	0.0267	0.004	0.040
4.090	0.0427	0.015	0.683	0.0194	0.005	0.041
4.095	0.0449	0.010	0.658	0.0200	0.005	0.037
4.100	0.0559	0.015	0.587	0.0226	0.006	0.036
4.105	0.0667	0.017	0.642	0.0213	0.006	0.038
4.110	0.0503	0.013	0.642	0.0189	0.006	0.037
4.115	0.0447	0.013	0.642	0.0250	0.005	0.035
4.120	0.0535	0.010	0.689	0.0258	0.002	0.033
4.125	0.0652	0.008	0.664	0.0256	0.001	0.035
4.130	0.0564	0.010	0.641	0.0284	0.002	0.045
4.135	0.0421	0.008	0.679	0.0178	0.003	0.058
4.140	0.0215	0.006	0.721	0.0136	0.012	0.116
4.145	0.0251	0.013	0.655	0.0098	0.039	0.165
4.150	0.0250	0.037	0.524	0.0135	0.204	0.210
4.155	0.0168	0.033	0.403	0.0136	0.509	0.208
4.160	0.0135	0.108	0.236	0.0100	0.854	0.190
4.165	0.0112	0.190	0.172	0.0119	0.896	0.185
4.170	0.0113	0.219	0.136	0.0129	0.959	0.183
4.175	0.0087	0.223	0.140	0.0112	0.970	0.181
4.180	0.0112	0.231	0.180	0.0125	0.968	0.194
4.185	0.0128	0.248	0.170	0.0117	0.980	0.187
4.190	0.0120	0.231	0.161	0.0109	0.991	0.166
4.195	0.0073	0.240	0.145	0.0122	0.988	0.155
4.200	0.0135	0.227	0.146	0.0123	0.986	0.148
4.205	0.0114	0.219	0.140	0.0118	0.982	0.155
4.210	0.0121	0.223	0.150	0.0150	0.867	0.163
4.215	0.0093	0.169	0.448	0.0469	0.258	0.137
4.220	0.0066	0.148	0.684	0.0443	0.012	0.089
4.225	0.0095	0.035	0.746	0.0378	0.002	0.065
4.230	0.0202	0.004	0.758	0.0308	0.000	0.043
4.235	0.0376	0.010	0.753	0.0241	0.000	0.037
4.240	0.0464	0.010	0.730	0.0219	0.000	0.031
4.245	0.0342	0.010	0.736	0.0206	0.000	0.029
4.250	0.0522	0.010	0.786	0.0123	0.000	0.025
4.255	0.0569	0.010	0.769	0.0101	0.001	0.028
4.260	0.0618	0.015	0.756	0.0091	0.003	0.033
4.265	0.0429	0.013	0.738	0.0121	0.003	0.034
4.270	0.0341	0.010	0.731	0.0157	0.003	0.038
4.275	0.0314	0.008	0.737	0.0156	0.003	0.037
4.280	0.0345	0.010	0.659	0.0228	0.002	0.042
4.285	0.0463	0.013	0.529	0.0217	0.002	0.054
4.290	0.0387	0.008	0.271	0.0796	0.003	0.111
4.295	0.0108	0.019	0.641	0.0512	0.001	0.095
4.300	0.0108	0.004	0.760	0.0230	0.000	0.078
4.305	0.0129	0.004	0.721	0.0215	0.000	0.077
4.310	0.0097	0.004	0.771	0.0167	0.000	0.064
4.315	0.0083	0.004	0.771	0.0118	0.000	0.061
4.320	0.0093	0.004	0.716	0.0157	0.000	0.072
4.325	0.0080	0.004	0.613	0.0376	0.000	0.085
4.330	0.0060	0.006	0.428	0.0258	0.001	0.120
4.335	0.0029	0.006	0.218	0.0235	0.002	0.185
4.340	0.0006	0.013	0.411	0.0231	0.005	0.249
4.345	0.0008	0.017	0.345	0.0370	0.009	0.286
4.350	0.0003	0.019	0.127	0.0279	0.173	0.269
4.355	0.0006	0.010	0.129	0.0173	0.428	0.284
4.360	0.0007	0.021	0.172	0.0107	0.896	0.257
4.365	0.0059	0.106	0.148	0.0114	0.973	0.234
4.370	0.0166	0.160	0.152	0.0125	0.921	0.240
4.375	0.0155	0.142	0.102	0.0156	0.634	0.253
4.380	0.0066	0.125	0.102	0.0138	0.357	0.226
4.385	0.0082	0.081	0.134	0.0193	0.241	0.189
4.390	0.0041	0.071	0.160	0.0168	0.138	0.145
4.395	0.0047	0.067	0.143	0.0193	0.127	0.135
4.400	0.0070	0.062	0.296	0.0189	0.045	0.103
4.405	0.0065	0.058	0.273	0.0147	0.041	0.099
4.410	0.0090	0.042	0.304	0.0197	0.044	0.113
4.415	0.0118	0.062	0.297	0.0163	0.046	0.124
4.420	0.0105	0.050	0.316	0.0184	0.030	0.118
4.425	0.0107	0.054	0.247	0.0157	0.036	0.131
4.430	0.0103	0.060	0.253	0.0168	0.059	0.149
4.435	0.0082	0.065	0.186	0.0173	0.050	0.135
4.440	0.0065	0.067	0.349	0.0245	0.026	0.126
4.445	0.0071	0.056	0.460	0.0249	0.013	0.108
4.450	0.0078	0.023	0.533	0.0223	0.003	0.083
4.455	0.0141	0.015	0.552	0.0324	0.002	0.066
4.460	0.0170	0.019	0.732	0.0296	0.001	0.039
4.465	0.0216	0.015	0.768	0.0203	0.001	0.034
4.470	0.0261	0.021	0.758	0.0244	0.001	0.032
4.475	0.0698	0.023	0.738	0.0245	0.001	0.034
4.480	0.0743	0.019	0.770	0.0260	0.001	0.033
4.485	0.0624	0.025	0.808	0.0222	0.001	0.031
4.490	0.1033	0.031	0.826	0.0094	0.001	0.028
4.495	0.0429	0.033	0.836	0.0056	0.001	0.028
4.500	0.0976	0.029	0.843	0.0051	0.001	0.026
4.505	0.0663	0.031	0.837	0.0046	0.001	0.030
4.510	0.0787	0.033	0.830	0.0065	0.002	0.043
4.515	0.0757	0.031	0.810	0.0115	0.003	0.043
4.520	0.0515	0.033	0.822	0.0053	0.003	0.046
4.525	0.0786	0.033	0.822	0.0074	0.004	0.058
4.530	0.0323	0.033	0.799	0.0095	0.004	0.057
4.535	0.0708	0.033	0.804	0.0140	0.005	0.055
4.540	0.0479	0.031	0.809	0.0103	0.005	0.050
4.545	0.0630	0.040	0.826	0.0109	0.004	0.051
4.550	0.0611	0.031	0.839	0.0076	0.004	0.047
4.555	0.0320	0.042	0.831	0.0075	0.003	0.044
4.560	0.0594	0.029	0.836	0.0088	0.003	0.049
4.565	0.0539	0.033	0.832	0.0076	0.003	0.044
4.570	0.0321	0.037	0.820	0.0079	0.003	0.042
4.575	0.0534	0.035	0.820	0.0088	0.003	0.041
4.580	0.0469	0.033	0.825	0.0062	0.003	0.043
4.585	0.0365	0.033	0.824	0.0078	0.004	0.043
4.590	0.0397	0.035	0.833	0.0098	0.004	0.036
4.595	0.0337	0.033	0.826	0.0100	0.004	0.039
4.600	0.0407	0.046	0.820	0.0113	0.003	0.043
4.605	0.0411	0.044	0.791	0.0146	0.003	0.050
4.610	0.0264	0.037	0.708	0.0238	0.002	0.059
4.615	0.0306	0.025	0.682	0.0468	0.001	0.070
4.620	0.0145	0.010	0.815	0.0173	0.000	0.067
4.625	0.0177	0.006	0.834	0.0109	0.000	0.062
4.630	0.0185	0.006	0.826	0.0095	0.000	0.062
4.635	0.0184	0.006	0.826	0.0089	0.000	0.059
4.640	0.0203	0.006	0.821	0.0093	0.000	0.056
4.645	0.0193	0.006	0.816	0.0122	0.000	0.059
4.650	0.0214	0.006	0.820	0.0106	0.000	0.056
4.655	0.0196	0.006	0.814	0.0080	0.000	0.050
4.660	0.0193	0.006	0.826	0.0095	0.000	0.050
4.665	0.0216	0.004	0.825	0.0103	0.000	0.050
4.670	0.0212	0.006	0.801	0.0099	0.000	0.053
4.675	0.0254	0.006	0.728	0.0190	0.001	0.060
4.680	0.0225	0.006	0.744	0.0191	0.003	0.049
4.685	0.0309	0.010	0.769	0.0129	0.004	0.043
4.690	0.0317	0.031	0.804	0.0102	0.006	0.040
4.695	0.0231	0.029	0.768	0.0085	0.008	0.039
4.700	0.0432	0.023	0.793	0.0126	0.006	0.041
4.705	0.0281	0.025	0.791	0.0134	0.004	0.042
4.710	0.0428	0.023	0.705	0.0181	0.003	0.041
4.715	0.0479	0.037	0.657	0.0226	0.003	0.043
4.720	0.0265	0.037	0.642	0.0561	0.001	0.041
4.725	0.0145	0.025	0.756	0.0418	0.000	0.039
4.730	0.0240	0.006	0.811	0.0091	0.000	0.039
4.735	0.0282	0.010	0.805	0.0138	0.000	0.037
4.740	0.0255	0.004	0.806	0.0101	0.000	0.030
4.745	0.0326	0.006	0.807	0.0070	0.000	0.030
4.750	0.0330	0.004	0.814	0.0079	0.000	0.030
4.755	0.0285	0.006	0.815	0.0095	0.000	0.029
4.760	0.0322	0.006	0.812	0.0098	0.000	0.026
4.765	0.0350	0.004	0.807	0.0115	0.000	0.026
4.770	0.0318	0.006	0.807	0.0182	0.000	0.033
4.775	0.0315	0.006	0.788	0.0208	0.000	0.041
4.780	0.0311	0.004	0.713	0.0241	0.000	0.072
4.785	0.0296	0.006	0.674	0.0171	0.002	0.118
4.790	0.0186	0.008	0.506	0.0277	0.135	0.147
4.795	0.0125	0.008	0.424	0.0233	0.603	0.120
4.800	0.0088	0.098	0.188	0.0158	0.919	0.142
4.805	0.0149	0.277	0.156	0.0175	0.952	0.169
4.810	0.0128	0.267	0.186	0.0160	0.952	0.186
4.815	0.0091	0.237	0.185	0.0149	0.949	0.210
4.820	0.0089	0.258	0.299	0.0125	0.940	0.231
4.825	0.0070	0.258	0.175	0.0149	0.873	0.254
4.830	0.0048	0.248	0.190	0.0116	0.817	0.261
4.835	0.0032	0.244	0.248	0.0121	0.799	0.243
4.840	0.0039	0.242	0.271	0.0112	0.789	0.273
4.845	0.0039	0.248	0.232	0.0119	0.787	0.293
4.850	0.0027	0.219	0.158	0.0136	0.849	0.283
4.855	0.0033	0.229	0.148	0.0152	0.927	0.255
4.860	0.0026	0.215	0.139	0.0099	0.962	0.236
4.865	0.0037	0.248	0.117	0.0120	0.958	0.259
4.870	0.0036	0.242	0.136	0.0130	0.959	0.275
4.875	0.0036	0.227	0.138	0.0144	0.975	0.248
4.880	0.0045	0.254	0.154	0.0177	0.989	0.229
4.885	0.0054	0.271	0.179	0.0117	0.989	0.237
4.890	0.0047	0.263	0.107	0.0104	0.964	0.291
4.895	0.0027	0.231	0.195	0.0320	0.593	0.316
4.900	0.0027	0.223	0.605	0.0401	0.005	0.115
4.905	0.0016	0.163	0.699	0.0244	0.001	0.058
4.910	0.0117	0.010	0.771	0.0225	0.001	0.030
4.915	0.0335	0.027	0.771	0.0173	0.002	0.025
4.920	0.0342	0.029	0.769	0.0150	0.003	0.020
4.925	0.0599	0.025	0.795	0.0150	0.002	0.019
4.930	0.0711	0.023	0.822	0.0128	0.001	0.016
4.935	0.0762	0.021	0.863	0.0113	0.002	0.017
4.940	0.1255	0.025	0.836	0.0068	0.004	0.020
4.945	0.0992	0.027	0.816	0.0073	0.006	0.022
4.950	0.1138	0.027	0.814	0.0081	0.007	0.025
4.955	0.0899	0.029	0.822	0.0075	0.008	0.028
4.960	0.0787	0.033	0.824	0.0076	0.008	0.021
4.965	0.0794	0.031	0.822	0.0065	0.008	0.025
4.970	0.0456	0.031	0.818	0.0111	0.008	0.029
4.975	0.0782	0.033	0.825	0.0111	0.006	0.030
4.980	0.0665	0.025	0.823	0.0064	0.007	0.033
4.985	0.0673	0.025	0.838	0.0073	0.008	0.036
4.990	0.0743	0.031	0.849	0.0085	0.010	0.036
4.995	0.0507	0.025	0.857	0.0054	0.010	0.034
5.000	0.0800	0.035	0.846	0.0042	0.010	0.035
5.005	0.0773	0.025	0.830	0.0054	0.010	0.035
5.010	0.0466	0.031	0.837	0.0066	0.012	0.038
5.015	0.0746	0.027	0.847	0.0078	0.014	0.039
5.020	0.0688	0.029	0.820	0.0148	0.016	0.036
5.025	0.0455	0.027	0.798	0.0151	0.015	0.038
5.030	0.0660	0.027	0.730	0.0230	0.007	0.040
5.035	0.0370	0.019	0.778	0.0130	0.005	0.042
5.040	0.0255	0.019	0.817	0.0151	0.008	0.039
5.045	0.0256	0.027	0.811	0.0132	0.011	0.039
5.050	0.0270	0.013	0.812	0.0136	0.014	0.037
5.055	0.0254	0.023	0.808	0.0116	0.011	0.037
5.060	0.0298	0.010	0.724	0.0151	0.007	0.041
5.065	0.0277	0.015	0.682	0.0188	0.010	0.048
5.070	0.0308	0.015	0.776	0.0161	0.019	0.046
5.075	0.0259	0.031	0.797	0.0089	0.017	0.047
5.080	0.0557	0.046	0.725	0.0137	0.019	0.058
5.085	0.0428	0.037	0.697	0.0166	0.016	0.061
5.090	0.0535	0.042	0.738	0.0146	0.012	0.048
5.095	0.0408	0.033	0.750	0.0144	0.008	0.043
5.100	0.0540	0.035	0.737	0.0161	0.003	0.037
5.105	0.0508	0.037	0.725	0.0185	0.003	0.031
5.110	0.0416	0.021	0.725	0.0197	0.002	0.036
5.115	0.0532	0.029	0.734	0.0166	0.002	0.036
5.120	0.0257	0.015	0.745	0.0116	0.001	0.039
5.125	0.0180	0.021	0.752	0.0102	0.002	0.047
5.130	0.0293	0.015	0.754	0.0171	0.002	0.056
5.135	0.0221	0.010	0.754	0.0171	0.002	0.061
5.140	0.0174	0.004	0.761	0.0153	0.002	0.066
5.145	0.0158	0.004	0.776	0.0117	0.001	0.059
5.150	0.0181	0.006	0.795	0.0137	0.001	0.059
5.155	0.0208	0.004	0.798	0.0122	0.001	0.056
5.160	0.0171	0.006	0.769	0.0136	0.000	0.059
5.165	0.0141	0.004	0.756	0.0079	0.000	0.069
5.170	0.0128	0.004	0.778	0.0095	0.001	0.082
5.175	0.0150	0.006	0.765	0.0117	0.001	0.090
5.180	0.0162	0.004	0.724	0.0251	0.001	0.100
5.185	0.0137	0.004	0.725	0.0165	0.000	0.098
5.190	0.0104	0.006	0.759	0.0125	0.000	0.073
5.195	0.0099	0.004	0.779	0.0098	0.000	0.067
5.200	0.0101	0.004	0.775	0.0069	0.000	0.065
5.205	0.0096	0.004	0.759	0.0090	0.000	0.083
5.210	0.0094	0.004	0.730	0.0103	0.001	0.106
5.215	0.0089	0.004	0.723	0.0100	0.002	0.111
5.220	0.0106	0.006	0.705	0.0121	0.003	0.096
5.225	0.0113	0.008	0.687	0.0128	0.005	0.081
5.230	0.0146	0.013	0.635	0.0128	0.008	0.070
5.235	0.0189	0.025	0.633	0.0239	0.007	0.072
5.240	0.0194	0.021	0.722	0.0158	0.007	0.072
5.245	0.0259	0.015	0.781	0.0103	0.006	0.063
5.250	0.0377	0.008	0.763	0.0095	0.007	0.052
5.255	0.0465	0.010	0.743	0.0139	0.007	0.048
5.260	0.0481	0.008	0.722	0.0144	0.007	0.042
5.265	0.0562	0.010	0.711	0.0138	0.007	0.052
5.270	0.0617	0.013	0.710	0.0142	0.008	0.061
5.275	0.0569	0.013	0.690	0.0126	0.008	0.071
5.280	0.0487	0.008	0.583	0.0192	0.006	0.089
5.285	0.0378	0.008	0.412	0.0370	0.003	0.104
5.290	0.0200	0.010	0.386	0.0543	0.004	0.182
5.295	0.0090	0.004	0.668	0.0515	0.001	0.147
5.300	0.0057	0.008	0.748	0.0191	0.000	0.091
5.305	0.0096	0.004	0.711	0.0125	0.000	0.085
5.310	0.0095	0.004	0.758	0.0221	0.000	0.075
5.315	0.0097	0.004	0.770	0.0163	0.000	0.071
5.320	0.0099	0.004	0.702	0.0281	0.000	0.070
5.325	0.0084	0.004	0.580	0.0126	0.000	0.087
5.330	0.0060	0.004	0.383	0.0331	0.002	0.163
5.335	0.0027	0.008	0.128	0.0266	0.025	0.341
5.340	0.0009	0.029	0.113	0.0140	0.358	0.315
5.345	0.0005	0.010	0.112	0.0094	0.656	0.311
5.350	0.0033	0.077	0.069	0.0092	0.862	0.307
5.355	0.0079	0.198	0.087	0.0115	0.912	0.293
5.360	0.0067	0.200	0.119	0.0101	0.952	0.226
5.365	0.0066	0.194	0.107	0.0115	0.954	0.203
5.370	0.0067	0.190	0.162	0.0125	0.950	0.196
5.375	0.0076	0.183	0.170	0.0132	0.961	0.198
5.380	0.0090	0.183	0.169	0.0121	0.950	0.189
5.385	0.0082	0.125	0.183	0.0110	0.929	0.189
5.390	0.0079	0.140	0.140	0.0135	0.905	0.183
5.395	0.0062	0.163	0.127	0.0158	0.899	0.177
5.400	0.0062	0.127	0.201	0.0126	0.858	0.164
5.405	0.0065	0.144	0.217	0.0128	0.824	0.155
5.410	0.0083	0.117	0.171	0.0120	0.861	0.195
5.415	0.0078	0.138	0.155	0.0130	0.769	0.233
5.420	0.0055	0.129	0.132	0.0142	0.571	0.264
5.425	0.0032	0.100	0.131	0.0129	0.620	0.276
5.430	0.0024	0.121	0.242	0.0505	0.235	0.248
5.435	0.0017	0.127	0.551	0.0730	0.014	0.161
5.440	0.0021	0.065	0.738	0.0231	0.002	0.083
5.445	0.0085	0.010	0.785	0.0151	0.002	0.074
5.450	0.0235	0.006	0.758	0.0122	0.004	0.062
5.455	0.0232	0.004	0.750	0.0156	0.006	0.058
5.460	0.0293	0.004	0.759	0.0123	0.007	0.062
5.465	0.0256	0.006	0.772	0.0117	0.005	0.066
5.470	0.0215	0.004	0.765	0.0114	0.005	0.067
5.475	0.0137	0.006	0.769	0.0123	0.007	0.067
5.480	0.0186	0.008	0.752	0.0072	0.009	0.079
5.485	0.0180	0.008	0.742	0.0097	0.010	0.075
5.490	0.0225	0.008	0.775	0.0116	0.010	0.070
5.495	0.0265	0.008	0.765	0.0112	0.009	0.068
5.500	0.0252	0.010	0.774	0.0094	0.008	0.071
5.505	0.0255	0.008	0.776	0.0070	0.007	0.076
5.510	0.0227	0.008	0.774	0.0095	0.010	0.072
5.515	0.0156	0.013	0.774	0.0097	0.009	0.069
5.520	0.0117	0.023	0.749	0.0066	0.008	0.072
5.525	0.0190	0.013	0.760	0.0072	0.008	0.074
5.530	0.0214	0.017	0.756	0.0051	0.007	0.074
5.535	0.0216	0.021	0.755	0.0091	0.008	0.077
5.540	0.0270	0.017	0.763	0.0117	0.009	0.074
5.545	0.0335	0.017	0.757	0.0083	0.009	0.069
5.550	0.0307	0.019	0.775	0.0084	0.004	0.065
5.555	0.0297	0.017	0.764	0.0093	0.003	0.061
5.560	0.0295	0.013	0.767	0.0132	0.001	0.061
5.565	0.0244	0.008	0.752	0.0144	0.001	0.060
5.570	0.0144	0.004	0.702	0.0192	0.001	0.064
5.575	0.0095	0.006	0.725	0.0129	0.001	0.066
5.580	0.0111	0.004	0.704	0.0126	0.001	0.066
5.585	0.0109	0.008	0.695	0.0135	0.000	0.067
5.590	0.0101	0.013	0.722	0.0120	0.000	0.069
5.595	0.0088	0.006	0.700	0.0131	0.000	0.066
5.600	0.0070	0.008	0.721	0.0136	0.000	0.062
5.605	0.0040	0.004	0.682	0.0142	0.000	0.067
5.610	0.0026	0.013	0.673	0.0106	0.000	0.074
5.615	0.0040	0.008	0.688	0.0334	0.000	0.076
5.620	0.0069	0.017	0.660	0.0154	0.000	0.081
5.625	0.0083	0.019	0.687	0.0101	0.000	0.077
5.630	0.0070	0.004	0.706	0.0088	0.000	0.076
5.635	0.0075	0.008	0.719	0.0190	0.000	0.077
5.640	0.0072	0.019	0.723	0.0104	0.000	0.075
5.645	0.0067	0.013	0.667	0.0066	0.000	0.074
5.650	0.0040	0.017	0.638	0.0139	0.001	0.074
5.655	0.0016	0.021	0.603	0.0136	0.001	0.079
5.660	0.0038	0.021	0.529	0.0182	0.001	0.060
5.665	0.0084	0.019	0.564	0.0226	0.002	0.055
5.670	0.0132	0.008	0.615	0.0188	0.003	0.049
5.675	0.0215	0.021	0.662	0.0140	0.004	0.053
5.680	0.0334	0.021	0.624	0.0174	0.008	0.058
5.685	0.0376	0.013	0.629	0.0176	0.012	0.062
5.690	0.0301	0.013	0.690	0.0135	0.012	0.060
5.695	0.0264	0.017	0.747	0.0102	0.010	0.059
5.700	0.0285	0.037	0.740	0.0057	0.015	0.056
5.705	0.0296	0.017	0.745	0.0068	0.020	0.054
5.710	0.0304	0.013	0.734	0.0088	0.024	0.065
5.715	0.0309	0.019	0.744	0.0072	0.023	0.060
5.720	0.0311	0.017	0.739	0.0106	0.021	0.069
5.725	0.0317	0.017	0.742	0.0083	0.021	0.069
5.730	0.0321	0.021	0.743	0.0082	0.023	0.065
5.735	0.0317	0.017	0.728	0.0105	0.022	0.062
5.740	0.0313	0.021	0.696	0.0138	0.024	0.054
5.745	0.0293	0.017	0.686	0.0164	0.025	0.052
5.750	0.0279	0.008	0.696	0.0148	0.018	0.044
5.755	0.0274	0.008	0.697	0.0149	0.019	0.047
5.760	0.0259	0.013	0.676	0.0134	0.019	0.052
5.765	0.0223	0.013	0.675	0.0161	0.020	0.053
5.770	0.0211	0.013	0.682	0.0099	0.021	0.053
5.775	0.0221	0.017	0.683	0.0165	0.017	0.053
5.780	0.0247	0.017	0.730	0.0095	0.009	0.046
5.785	0.0242	0.013	0.726	0.0069	0.007	0.044
5.790	0.0257	0.017	0.706	0.0142	0.006	0.044
5.795	0.0278	0.017	0.723	0.0114	0.006	0.045
5.800	0.0289	0.013	0.719	0.0136	0.006	0.045
5.805	0.0320	0.021	0.717	0.0114	0.006	0.044
5.810	0.0345	0.017	0.727	0.0107	0.007	0.044
5.815	0.0410	0.017	0.724	0.0128	0.006	0.044
5.820	0.0446	0.021	0.728	0.0094	0.006	0.046
5.825	0.0493	0.013	0.734	0.0083	0.006	0.044
5.830	0.0477	0.015	0.726	0.0094	0.007	0.042
5.835	0.0476	0.013	0.742	0.0043	0.008	0.043
5.840	0.0468	0.013	0.712	0.0142	0.007	0.044
5.845	0.0530	0.008	0.727	0.0100	0.006	0.045
5.850	0.0552	0.013	0.709	0.0114	0.006	0.044
5.855	0.0590	0.017	0.709	0.0141	0.006	0.044
5.860	0.0589	0.015	0.723	0.0095	0.006	0.041
5.865	0.0549	0.017	0.725	0.0136	0.005	0.039
5.870	0.0503	0.025	0.722	0.0085	0.008	0.037
5.875	0.0480	0.021	0.720	0.0084	0.008	0.041
5.880	0.0494	0.017	0.725	0.0142	0.005	0.036
5.885	0.0435	0.017	0.714	0.0117	0.004	0.034
5.890	0.0330	0.015	0.724	0.0100	0.003	0.037
5.895	0.0271	0.017	0.706	0.0144	0.003	0.038
5.900	0.0280	0.017	0.714	0.0151	0.002	0.046
5.905	0.0306	0.015	0.714	0.0195	0.001	0.048
5.910	0.0292	0.008	0.711	0.0164	0.001	0.048
5.915	0.0252	0.013	0.681	0.0236	0.001	0.047
5.920	0.0278	0.008	0.598	0.0170	0.000	0.055
5.925	0.0269	0.006	0.610	0.0166	0.000	0.062
5.930	0.0185	0.008	0.642	0.0260	0.000	0.064
5.935	0.0167	0.008	0.689	0.0150	0.000	0.063
5.940	0.0119	0.015	0.678	0.0170	0.000	0.073
5.945	0.0089	0.019	0.609	0.0208	0.000	0.080
5.950	0.0057	0.015	0.626	0.0294	0.000	0.076
5.955	0.0027	0.004	0.656	0.0427	0.000	0.075
5.960	0.0050	0.004	0.572	0.0305	0.000	0.063
5.965	0.0066	0.002	0.376	0.0194	0.000	0.066
5.970	0.0070	0.008	0.362	0.0339	0.000	0.058
5.975	0.0041	0.004	0.611	0.0336	0.000	0.059
5.980	0.0085	0.004	0.576	0.0473	0.000	0.073
5.985	0.0030	0.006	0.743	0.0362	0.000	0.064
5.990	0.0048	0.004	0.301	0.0245	0.000	0.101
5.995	0.0070	0.004	0.249	0.0500	0.001	0.111
6.000	0.0039	0.008	0.251	0.0267	0.002	0.089
6.005	0.0043	0.006	0.367	0.0341	0.001	0.062
6.010	0.0021	0.015	0.336	0.0276	0.002	0.041
6.015	0.0092	0.010	0.265	0.0444	0.001	0.034
6.020	0.0143	0.015	0.480	0.0262	0.001	0.039
6.025	0.0283	0.013	0.562	0.0190	0.001	0.032
6.030	0.0364	0.015	0.663	0.0128	0.002	0.030
6.035	0.0432	0.013	0.693	0.0149	0.002	0.029
6.040	0.0570	0.010	0.698	0.0126	0.002	0.032
6.045	0.0514	0.013	0.727	0.0064	0.003	0.032
6.050	0.0465	0.015	0.696	0.0126	0.003	0.033
6.055	0.0440	0.010	0.655	0.0184	0.004	0.036
6.060	0.0180	0.013	0.656	0.0211	0.004	0.040
6.065	0.0194	0.010	0.675	0.0202	0.003	0.043
6.070	0.0223	0.008	0.721	0.0182	0.001	0.052
6.075	0.0186	0.008	0.658	0.0245	0.001	0.061
6.080	0.0158	0.006	0.647	0.0115	0.004	0.097
6.085	0.0084	0.008	0.657	0.0088	0.015	0.138
6.090	0.0080	0.004	0.446	0.0123	0.150	0.200
6.095	0.0083	0.008	0.378	0.0136	0.427	0.226
6.100	0.0072	0.117	0.141	0.0155	0.835	0.239
6.105	0.0072	0.175	0.140	0.0169	0.965	0.229
6.110	0.0060	0.219	0.160	0.0111	0.981	0.219
6.115	0.0109	0.225	0.165	0.0110	0.969	0.215
6.120	0.0080	0.210	0.125	0.0105	0.946	0.224
6.125	0.0076	0.212	0.154	0.0107	0.945	0.220
6.130	0.0060	0.217	0.137	0.0131	0.959	0.214
6.135	0.0069	0.215	0.164	0.0123	0.975	0.204
6.140	0.0065	0.198	0.208	0.0109	0.989	0.199
6.145	0.0070	0.208	0.206	0.0115	0.993	0.195
6.150	0.0073	0.204	0.126	0.0146	0.993	0.193
6.155	0.0059	0.204	0.107	0.0133	0.996	0.189
6.160	0.0062	0.196	0.098	0.0129	0.997	0.195
6.165	0.0077	0.192	0.121	0.0135	0.996	0.209
6.170	0.0069	0.192	0.123	0.0122	0.995	0.204
6.175	0.0073	0.198	0.121	0.0115	0.995	0.201
6.180	0.0069	0.210	0.097	0.0120	0.996	0.201
6.185	0.0062	0.204	0.118	0.0110	0.996	0.212
6.190	0.0073	0.215	0.127	0.0134	0.996	0.232
6.195	0.0046	0.200	0.108	0.0120	0.996	0.217
6.200	0.0063	0.221	0.142	0.0113	0.996	0.210
6.205	0.0072	0.192	0.131	0.0102	0.996	0.206
6.210	0.0083	0.194	0.125	0.0137	0.993	0.227
6.215	0.0079	0.198	0.123	0.0139	0.989	0.239
6.220	0.0055	0.190	0.192	0.0143	0.942	0.250
6.225	0.0047	0.135	0.055	0.0227	0.640	0.259
6.230	0.0037	0.125	0.432	0.0490	0.007	0.125
6.235	0.0017	0.090	0.438	0.0334	0.001	0.073
6.240	0.0134	0.031	0.589	0.0297	0.000	0.048
6.245	0.0368	0.008	0.694	0.0186	0.000	0.041
6.250	0.0394	0.008	0.701	0.0177	0.001	0.039
6.255	0.0404	0.008	0.726	0.0086	0.001	0.041
6.260	0.0391	0.008	0.741	0.0111	0.000	0.040
6.265	0.0412	0.008	0.735	0.0087	0.000	0.040
6.270	0.0412	0.008	0.738	0.0109	0.000	0.033
6.275	0.0396	0.008	0.736	0.0075	0.000	0.027
6.280	0.0383	0.013	0.744	0.0095	0.000	0.023
6.285	0.0384	0.008	0.741	0.0093	0.000	0.024
6.290	0.0370	0.013	0.739	0.0099	0.000	0.025
6.295	0.0370	0.006	0.732	0.0103	0.000	0.025
6.300	0.0269	0.013	0.732	0.0092	0.000	0.025
6.305	0.0157	0.013	0.716	0.0091	0.000	0.027
6.310	0.0157	0.013	0.717	0.0089	0.000	0.024
6.315	0.0207	0.010	0.711	0.0117	0.000	0.023
6.320	0.0284	0.013	0.714	0.0086	0.000	0.023
6.325	0.0395	0.010	0.698	0.0123	0.000	0.022
6.330	0.0455	0.013	0.686	0.0095	0.000	0.019
6.335	0.0445	0.013	0.702	0.0086	0.000	0.019
6.340	0.0530	0.010	0.654	0.0109	0.000	0.020
6.345	0.0601	0.013	0.681	0.0142	0.000	0.021
6.350	0.0596	0.013	0.685	0.0110	0.001	0.023
6.355	0.0556	0.015	0.671	0.0171	0.001	0.023
6.360	0.0530	0.010	0.703	0.0109	0.001	0.023
6.365	0.0377	0.010	0.669	0.0085	0.001	0.022
6.370	0.0358	0.015	0.669	0.0101	0.000	0.023
6.375	0.0384	0.017	0.672	0.0104	0.001	0.021
6.380	0.0374	0.015	0.656	0.0128	0.000	0.023
6.385	0.0501	0.015	0.693	0.0144	0.000	0.022
6.390	0.0689	0.015	0.617	0.0162	0.000	0.023
6.395	0.0594	0.015	0.453	0.0321	0.000	0.026
6.400	0.0307	0.021	0.437	0.0306	0.000	0.032
6.405	0.0120	0.015	0.575	0.0173	0.000	0.033
6.410	0.0069	0.017	0.617	0.0097	0.000	0.032
6.415	0.0130	0.021	0.633	0.0205	0.000	0.034
6.420	0.0196	0.006	0.606	0.0261	0.000	0.036
6.425	0.0276	0.025	0.647	0.0238	0.001	0.037
6.430	0.0420	0.015	0.690	0.0142	0.001	0.042
6.435	0.0433	0.015	0.692	0.0070	0.001	0.039
6.440	0.0472	0.017	0.693	0.0069	0.001	0.033
6.445	0.0340	0.010	0.685	0.0084	0.001	0.030
6.450	0.0373	0.013	0.676	0.0103	0.003	0.034
6.455	0.0410	0.010	0.680	0.0075	0.005	0.034
6.460	0.0311	0.015	0.697	0.0045	0.007	0.034
6.465	0.0278	0.013	0.719	0.0072	0.007	0.033
6.470	0.0337	0.015	0.701	0.0068	0.007	0.036
6.475	0.0439	0.017	0.718	0.0110	0.007	0.033
6.480	0.0448	0.019	0.729	0.0048	0.006	0.032
6.485	0.0398	0.010	0.715	0.0065	0.006	0.032
6.490	0.0292	0.013	0.721	0.0054	0.006	0.037
6.495	0.0283	0.010	0.700	0.0040	0.006	0.038
6.500	0.0321	0.010	0.703	0.0050	0.005	0.038
6.505	0.0308	0.010	0.706	0.0054	0.005	0.041
6.510	0.0332	0.013	0.701	0.0068	0.005	0.039
6.515	0.0358	0.010	0.725	0.0080	0.004	0.040
6.520	0.0477	0.013	0.724	0.0075	0.004	0.036
6.525	0.0462	0.010	0.725	0.0109	0.003	0.034
6.530	0.0452	0.010	0.715	0.0135	0.002	0.031
6.535	0.0289	0.010	0.652	0.0153	0.001	0.032
6.540	0.0273	0.010	0.639	0.0138	0.001	0.038
6.545	0.0218	0.010	0.637	0.0138	0.001	0.040
6.550	0.0203	0.010	0.632	0.0143	0.001	0.048
6.555	0.0291	0.017	0.705	0.0154	0.001	0.051
6.560	0.0343	0.013	0.714	0.0136	0.001	0.055
6.565	0.0233	0.006	0.687	0.0231	0.000	0.061
6.570	0.0190	0.008	0.681	0.0257	0.000	0.063
6.575	0.0068	0.006	0.637	0.0216	0.000	0.069
6.580	0.0024	0.006	0.640	0.0198	0.001	0.091
6.585	0.0075	0.013	0.677	0.0314	0.001	0.096
6.590	0.0131	0.002	0.693	0.0304	0.002	0.123
6.595	0.0114	0.004	0.701	0.0124	0.010	0.148
6.600	0.0110	0.004	0.618	0.0124	0.083	0.163
6.605	0.0063	0.037	0.533	0.0217	0.153	0.185
6.610	0.0057	0.042	0.332	0.0179	0.473	0.182
6.615	0.0043	0.094	0.207	0.0170	0.783	0.179
6.620	0.0039	0.237	0.198	0.0144	0.940	0.201
6.625	0.0039	0.260	0.183	0.0150	0.932	0.253
6.630	0.0034	0.256	0.347	0.0159	0.772	0.336
6.635	0.0020	0.208	0.245	0.0136	0.781	0.333
6.640	0.0013	0.210	0.242	0.0102	0.759	0.339
6.645	0.0015	0.192	0.275	0.0113	0.721	0.336
6.650	0.0012	0.198	0.223	0.0107	0.762	0.349
6.655	0.0013	0.169	0.213	0.0123	0.738	0.373
6.660	0.0012	0.173	0.158	0.0109	0.804	0.365
6.665	0.0011	0.140	0.170	0.0112	0.852	0.366
6.670	0.0012	0.167	0.132	0.0109	0.851	0.400
6.675	0.0009	0.156	0.149	0.0099	0.820	0.435
6.680	0.0007	0.158	0.164	0.0111	0.704	0.470
6.685	0.0005	0.131	0.209	0.0094	0.674	0.537
6.690	0.0004	0.156	0.179	0.0164	0.494	0.581
6.695	0.0002	0.185	0.349	0.0166	0.292	0.570
6.700	0.0001	0.144	0.525	0.0095	0.164	0.541
6.705	0.0001	0.106	0.469	0.0110	0.164	0.516
6.710	0.0002	0.077	0.378	0.0081	0.224	0.546
6.715	0.0001	0.127	0.366	0.0098	0.276	0.581
6.720	0.0001	0.156	0.340	0.0099	0.316	0.581
6.725	0.0001	0.119	0.268	0.0103	0.497	0.611
6.730	0.0000	0.165	0.251	0.0091	0.584	0.625
6.735	0.0001	0.215	0.242	0.0099	0.579	0.622
6.740	0.0001	0.221	0.272	0.0104	0.552	0.624
6.745	0.0001	0.219	0.235	0.0096	0.608	0.619
6.750	0.0001	0.185	0.176	0.0113	0.817	0.630
6.755	0.0001	0.248	0.155	0.0089	0.861	0.626
6.760	0.0000	0.283	0.147	0.0106	0.877	0.640
6.765	0.0000	0.250	0.165	0.0094	0.849	0.635
6.770	0.0000	0.240	0.149	0.0098	0.867	0.659
6.775	0.0000	0.260	0.208	0.0097	0.891	0.660
6.780	0.0000	0.285	0.164	0.0093	0.871	0.661
6.785	0.0000	0.223	0.192	0.0094	0.858	0.680
6.790	0.0000	0.242	0.157	0.0111	0.857	0.649
6.795	0.0000	0.229	0.163	0.0099	0.887	0.678
6.800	0.0000	0.223	0.103	0.0095	0.928	0.675
6.805	0.0000	0.231	0.117	0.0088	0.932	0.697
6.810	0.0000	0.258	0.151	0.0112	0.931	0.693
6.815	0.0000	0.240	0.162	0.0104	0.931	0.678
6.820	0.0000	0.252	0.180	0.0090	0.953	0.701
6.825	0.0000	0.256	0.189	0.0090	0.943	0.703
6.830	0.0000	0.256	0.172	0.0093	0.906	0.691
6.835	0.0000	0.240	0.199	0.0087	0.932	0.709
6.840	0.0000	0.258	0.188	0.0103	0.937	0.711
6.845	0.0000	0.244	0.162	0.0100	0.928	0.700
6.850	0.0000	0.246	0.168	0.0103	0.922	0.693
6.855	0.0000	0.254	0.210	0.0102	0.918	0.703
6.860	0.0000	0.250	0.213	0.0098	0.902	0.716
6.865	0.0000	0.231	0.192	0.0092	0.923	0.725
6.870	0.0000	0.260	0.172	0.0094	0.930	0.712
6.875	0.0000	0.252	0.150	0.0102	0.891	0.719
6.880	0.0000	0.260	0.121	0.0097	0.884	0.708
6.885	0.0000	0.223	0.139	0.0105	0.923	0.698
6.890	0.0000	0.246	0.163	0.0096	0.940	0.701
6.895	0.0000	0.246	0.157	0.0098	0.938	0.708
6.900	0.0000	0.254	0.187	0.0104	0.926	0.727
6.905	0.0000	0.248	0.196	0.0092	0.938	0.722
6.910	0.0000	0.267	0.189	0.0102	0.944	0.718
6.915	0.0000	0.256	0.148	0.0094	0.941	0.730
6.920	0.0000	0.235	0.151	0.0087	0.935	0.734
6.925	0.0000	0.265	0.173	0.0093	0.935	0.739
6.930	0.0000	0.248	0.209	0.0093	0.936	0.727
6.935	0.0000	0.250	0.212	0.0098	0.914	0.695
6.940	0.0000	0.246	0.170	0.0093	0.927	0.724
6.945	0.0000	0.242	0.184	0.0096	0.933	0.718
6.950	0.0000	0.242	0.160	0.0089	0.891	0.744
6.955	0.0000	0.237	0.152	0.0107	0.862	0.732
6.960	0.0000	0.237	0.173	0.0093	0.876	0.723
6.965	0.0000	0.221	0.175	0.0100	0.899	0.749
6.970	0.0000	0.221	0.153	0.0094	0.914	0.739
6.975	0.0000	0.231	0.131	0.0098	0.919	0.757
6.980	0.0000	0.227	0.107	0.0096	0.923	0.732
6.985	0.0000	0.225	0.097	0.0103	0.892	0.728
6.990	0.0000	0.206	0.092	0.0098	0.872	0.728
6.995	0.0000	0.217	0.156	0.0100	0.888	0.732
7.000	0.0000	0.185	0.137	0.0096	0.894	0.748
7.005	0.0000	0.237	0.153	0.0098	0.869	0.737
7.010	0.0000	0.163	0.153	0.0091	0.874	0.724
7.015	0.0000	0.237	0.156	0.0093	0.901	0.739
7.020	0.0000	0.196	0.090	0.0107	0.905	0.723
7.025	0.0000	0.225	0.099	0.0103	0.859	0.725
7.030	0.0000	0.188	0.101	0.0100	0.882	0.730
7.035	0.0000	0.250	0.156	0.0100	0.903	0.749
7.040	0.0000	0.208	0.168	0.0097	0.903	0.755
7.045	0.0000	0.212	0.141	0.0091	0.888	0.766
7.050	0.0000	0.204	0.137	0.0096	0.874	0.758
7.055	0.0000	0.229	0.111	0.0096	0.880	0.733
7.060	0.0000	0.196	0.147	0.0090	0.868	0.733
7.065	0.0000	0.217	0.159	0.0094	0.887	0.761
7.070	0.0000	0.204	0.171	0.0098	0.869	0.753
7.075	0.0000	0.198	0.146	0.0096	0.895	0.738
7.080	0.0000	0.202	0.151	0.0090	0.928	0.751
7.085	0.0000	0.252	0.133	0.0094	0.910	0.754
7.090	0.0000	0.215	0.148	0.0094	0.903	0.725
7.095	0.0000	0.200	0.154	0.0093	0.924	0.745
7.100	0.0000	0.250	0.177	0.0095	0.932	0.727
7.105	0.0000	0.221	0.221	0.0095	0.928	0.742
7.110	0.0000	0.215	0.129	0.0096	0.879	0.739
7.115	0.0000	0.217	0.143	0.0248	0.494	0.692
7.120	0.0000	0.235	0.451	0.0148	0.078	0.525
7.125	0.0000	0.179	0.532	0.0189	0.053	0.501
7.130	0.0002	0.058	0.531	0.0107	0.059	0.556
7.135	0.0001	0.029	0.583	0.0093	0.113	0.596
7.140	0.0001	0.069	0.432	0.0098	0.365	0.696
7.145	0.0001	0.144	0.362	0.0094	0.479	0.683
7.150	0.0000	0.154	0.280	0.0099	0.755	0.724
7.155	0.0000	0.171	0.161	0.0110	0.905	0.747
7.160	0.0000	0.204	0.188	0.0115	0.792	0.737
7.165	0.0000	0.202	0.202	0.0104	0.594	0.716
7.170	0.0000	0.206	0.232	0.0092	0.637	0.709
7.175	0.0000	0.163	0.316	0.0148	0.516	0.697
7.180	0.0000	0.210	0.270	0.0085	0.368	0.646
7.185	0.0000	0.181	0.255	0.0102	0.552	0.711
7.190	0.0000	0.202	0.185	0.0107	0.720	0.725
7.195	0.0000	0.190	0.172	0.0094	0.681	0.716
7.200	0.0000	0.215	0.158	0.0091	0.815	0.730
7.205	0.0000	0.215	0.141	0.0100	0.871	0.744
7.210	0.0000	0.221	0.107	0.0093	0.871	0.734
7.215	0.0000	0.237	0.251	0.0136	0.779	0.742
7.220	0.0000	0.208	0.079	0.0316	0.179	0.586
7.225	0.0000	0.204	0.214	0.0296	0.068	0.526
7.230	0.0001	0.052	0.211	0.0100	0.088	0.541
7.235	0.0001	0.087	0.192	0.0108	0.207	0.602
7.240	0.0000	0.106	0.222	0.0176	0.494	0.660
7.245	0.0000	0.163	0.106	0.0112	0.499	0.652
7.250	0.0000	0.158	0.120	0.0094	0.791	0.717
7.255	0.0000	0.177	0.147	0.0109	0.811	0.730
7.260	0.0000	0.254	0.051	0.0652	0.136	0.570
7.265	0.0000	0.227	0.309	0.0273	0.012	0.325
7.270	0.0000	0.237	0.238	0.0187	0.016	0.325
7.275	0.0004	0.031	0.234	0.0245	0.021	0.315
7.280	0.0003	0.023	0.181	0.0204	0.009	0.241
7.285	0.0007	0.035	0.157	0.0208	0.009	0.259
7.290	0.0007	0.029	0.117	0.0257	0.051	0.403
7.295	0.0002	0.069	0.105	0.0253	0.056	0.411
7.300	0.0001	0.037	0.268	0.0140	0.020	0.285
7.305	0.0003	0.050	0.218	0.0130	0.017	0.262
7.310	0.0009	0.035	0.226	0.0198	0.031	0.283
7.315	0.0005	0.044	0.309	0.0146	0.043	0.304
7.320	0.0006	0.048	0.266	0.0188	0.053	0.318
7.325	0.0004	0.056	0.192	0.0168	0.044	0.322
7.330	0.0003	0.071	0.176	0.0191	0.051	0.338
7.335	0.0004	0.048	0.220	0.0259	0.034	0.303
7.340	0.0003	0.058	0.287	0.0150	0.023	0.335
7.345	0.0003	0.037	0.342	0.0157	0.040	0.363
7.350	0.0003	0.056	0.317	0.0136	0.024	0.349
7.355	0.0003	0.048	0.299	0.0141	0.034	0.387
7.360	0.0003	0.056	0.251	0.0190	0.038	0.359
7.365	0.0003	0.037	0.300	0.0144	0.049	0.378
7.370	0.0002	0.048	0.255	0.0149	0.042	0.394
7.375	0.0002	0.052	0.263	0.0127	0.057	0.436
7.380	0.0002	0.060	0.152	0.0181	0.065	0.412
7.385	0.0002	0.083	0.165	0.0181	0.052	0.403
7.390	0.0001	0.050	0.326	0.0251	0.042	0.408
7.395	0.0002	0.065	0.398	0.0170	0.028	0.393
7.400	0.0002	0.042	0.429	0.0133	0.026	0.381
7.405	0.0003	0.052	0.404	0.0147	0.032	0.390
7.410	0.0003	0.071	0.293	0.0238	0.037	0.414
7.415	0.0002	0.040	0.341	0.0129	0.040	0.427
7.420	0.0002	0.054	0.454	0.0206	0.035	0.409
7.425	0.0002	0.044	0.547	0.0160	0.034	0.434
7.430	0.0002	0.054	0.551	0.0113	0.069	0.492
7.435	0.0002	0.048	0.413	0.0146	0.118	0.539
7.440	0.0001	0.090	0.213	0.0188	0.117	0.498
7.445	0.0001	0.090	0.241	0.0141	0.107	0.500
7.450	0.0001	0.075	0.351	0.0208	0.074	0.485
7.455	0.0001	0.096	0.405	0.0169	0.061	0.460
7.460	0.0001	0.062	0.425	0.0126	0.104	0.511
7.465	0.0001	0.054	0.323	0.0123	0.119	0.528
7.470	0.0001	0.083	0.250	0.0117	0.198	0.563
7.475	0.0001	0.087	0.197	0.0123	0.238	0.596
7.480	0.0001	0.131	0.281	0.0140	0.231	0.573
7.485	0.0001	0.108	0.375	0.0166	0.175	0.550
7.490	0.0001	0.087	0.421	0.0106	0.126	0.542
7.495	0.0001	0.077	0.449	0.0163	0.122	0.530
7.500	0.0001	0.113	0.477	0.0114	0.086	0.516
7.505	0.0001	0.077	0.523	0.0087	0.112	0.541
7.510	0.0001	0.071	0.400	0.0101	0.158	0.577
7.515	0.0001	0.085	0.533	0.0202	0.153	0.583
7.520	0.0001	0.133	0.542	0.0141	0.083	0.547
7.525	0.0001	0.060	0.597	0.0120	0.122	0.539
7.530	0.0001	0.065	0.428	0.0177	0.193	0.576
7.535	0.0000	0.150	0.421	0.0096	0.200	0.577
7.540	0.0001	0.090	0.294	0.0105	0.367	0.633
7.545	0.0000	0.154	0.244	0.0102	0.436	0.641
7.550	0.0000	0.152	0.255	0.0121	0.416	0.652
7.555	0.0000	0.171	0.211	0.0087	0.475	0.675
7.560	0.0000	0.158	0.152	0.0099	0.729	0.696
7.565	0.0000	0.227	0.149	0.0111	0.761	0.695
7.570	0.0000	0.237	0.169	0.0095	0.772	0.695
7.575	0.0000	0.181	0.161	0.0092	0.824	0.720
7.580	0.0000	0.246	0.163	0.0097	0.860	0.712
7.585	0.0000	0.221	0.126	0.0102	0.830	0.711
7.590	0.0000	0.254	0.136	0.0104	0.865	0.693
7.595	0.0000	0.206	0.089	0.0101	0.910	0.726
7.600	0.0000	0.217	0.113	0.0088	0.886	0.745
7.605	0.0000	0.217	0.131	0.0107	0.901	0.738
7.610	0.0000	0.235	0.161	0.0087	0.898	0.738
7.615	0.0000	0.250	0.179	0.0090	0.880	0.732
7.620	0.0000	0.246	0.161	0.0090	0.855	0.739
7.625	0.0000	0.188	0.190	0.0097	0.892	0.744
7.630	0.0000	0.183	0.162	0.0100	0.858	0.731
7.635	0.0000	0.244	0.170	0.0097	0.844	0.703
7.640	0.0000	0.273	0.171	0.0094	0.835	0.736
7.645	0.0000	0.196	0.173	0.0099	0.879	0.726
7.650	0.0000	0.217	0.143	0.0092	0.877	0.739
7.655	0.0000	0.240	0.094	0.0101	0.868	0.750
7.660	0.0000	0.192	0.104	0.0096	0.835	0.721
7.665	0.0000	0.240	0.104	0.0092	0.888	0.735
7.670	0.0000	0.221	0.058	0.0278	0.973	0.653
7.675	0.0000	0.206	0.088	0.0201	0.996	0.450
7.680	0.0000	0.196	0.137	0.0246	0.999	0.304
7.685	0.0001	0.215	0.174	0.0149	1.000	0.259
7.690	0.0004	0.256	0.167	0.0152	1.000	0.229
7.695	0.0013	0.250	0.196	0.0162	1.000	0.207
7.700	0.0018	0.254	0.161	0.0111	1.000	0.199
7.705	0.0037	0.260	0.123	0.0143	1.000	0.212
7.710	0.0039	0.254	0.161	0.0147	0.999	0.212
7.715	0.0028	0.240	0.106	0.0158	0.999	0.192
7.720	0.0044	0.248	0.127	0.0135	0.999	0.176
7.725	0.0069	0.219	0.147	0.0128	0.999	0.174
7.730	0.0084	0.260	0.144	0.0115	0.999	0.180
7.735	0.0093	0.256	0.122	0.0137	0.998	0.181
7.740	0.0076	0.263	0.132	0.0113	0.999	0.192
7.745	0.0098	0.231	0.132	0.0130	0.998	0.198
7.750	0.0086	0.254	0.120	0.0138	0.998	0.191
7.755	0.0098	0.254	0.106	0.0149	0.998	0.180
7.760	0.0091	0.240	0.117	0.0134	0.998	0.173
7.765	0.0115	0.271	0.125	0.0118	0.998	0.177
7.770	0.0119	0.265	0.119	0.0170	0.998	0.190
7.775	0.0089	0.277	0.113	0.0129	0.998	0.196
7.780	0.0094	0.273	0.132	0.0124	0.994	0.223
7.785	0.0111	0.273	0.125	0.0138	0.994	0.236
7.790	0.0078	0.254	0.141	0.0127	0.993	0.263
7.795	0.0052	0.244	0.108	0.0127	0.992	0.277
7.800	0.0047	0.225	0.135	0.0102	0.995	0.286
7.805	0.0039	0.240	0.117	0.0097	0.995	0.310
7.810	0.0033	0.258	0.124	0.0111	0.993	0.344
7.815	0.0023	0.252	0.125	0.0100	0.988	0.391
7.820	0.0018	0.233	0.110	0.0120	0.949	0.496
7.825	0.0007	0.227	0.145	0.0098	0.918	0.511
7.830	0.0005	0.198	0.138	0.0110	0.874	0.580
7.835	0.0002	0.237	0.133	0.0110	0.845	0.582
7.840	0.0002	0.252	0.165	0.0118	0.807	0.624
7.845	0.0001	0.227	0.201	0.0110	0.848	0.605
7.850	0.0001	0.231	0.186	0.0106	0.931	0.629
7.855	0.0001	0.265	0.168	0.0094	0.950	0.632
7.860	0.0001	0.267	0.181	0.0095	0.940	0.667
7.865	0.0000	0.265	0.240	0.0100	0.943	0.661
7.870	0.0000	0.248	0.252	0.0099	0.944	0.669
7.875	0.0000	0.269	0.229	0.0096	0.948	0.653
7.880	0.0000	0.287	0.211	0.0103	0.940	0.648
7.885	0.0000	0.258	0.283	0.0086	0.944	0.666
7.890	0.0000	0.260	0.200	0.0109	0.955	0.680
7.895	0.0000	0.250	0.189	0.0095	0.955	0.675
7.900	0.0000	0.292	0.176	0.0098	0.938	0.656
7.905	0.0000	0.244	0.189	0.0099	0.947	0.674
7.910	0.0000	0.277	0.173	0.0106	0.957	0.669
7.915	0.0000	0.269	0.171	0.0106	0.946	0.699
7.920	0.0000	0.231	0.189	0.0102	0.954	0.675
7.925	0.0000	0.267	0.148	0.0099	0.943	0.685
7.930	0.0000	0.242	0.164	0.0102	0.936	0.680
7.935	0.0000	0.244	0.152	0.0104	0.943	0.677
7.940	0.0000	0.258	0.188	0.0100	0.947	0.704
7.945	0.0000	0.229	0.186	0.0096	0.950	0.693
7.950	0.0000	0.248	0.185	0.0104	0.942	0.732
7.955	0.0000	0.237	0.181	0.0097	0.941	0.712
7.960	0.0000	0.244	0.189	0.0090	0.909	0.714
7.965	0.0000	0.244	0.205	0.0095	0.873	0.696
7.970	0.0000	0.198	0.178	0.0097	0.900	0.711
7.975	0.0000	0.248	0.187	0.0096	0.912	0.726
7.980	0.0000	0.225	0.120	0.0093	0.905	0.720
7.985	0.0000	0.217	0.148	0.0099	0.946	0.707
7.990	0.0000	0.267	0.175	0.0104	0.919	0.710
7.995	0.0000	0.248	0.189	0.0096	0.895	0.720
8.000	0.0000	0.235	0.135	0.0091	0.898	0.755
8.005	0.0000	0.225	0.133	0.0106	0.894	0.770
8.010	0.0000	0.217	0.094	0.0576	0.143	0.588
8.015	0.0000	0.196	0.310	0.0767	0.014	0.327
8.020	0.0000	0.200	0.445	0.0334	0.002	0.194
8.025	0.0001	0.027	0.431	0.0299	0.002	0.209
8.030	0.0009	0.008	0.370	0.0567	0.007	0.319
8.035	0.0005	0.019	0.374	0.0760	0.008	0.332
8.040	0.0002	0.017	0.278	0.0292	0.005	0.319
8.045	0.0003	0.008	0.446	0.0307	0.004	0.237
8.050	0.0003	0.008	0.604	0.0259	0.001	0.143
8.055	0.0004	0.010	0.456	0.0524	0.000	0.126
8.060	0.0012	0.006	0.187	0.0373	0.000	0.099
8.065	0.0017	0.004	0.235	0.0293	0.002	0.127
8.070	0.0025	0.006	0.297	0.0519	0.002	0.111
8.075	0.0012	0.008	0.459	0.0448	0.001	0.082
8.080	0.0047	0.015	0.706	0.0235	0.001	0.060
8.085	0.0082	0.008	0.785	0.0117	0.001	0.051
8.090	0.0134	0.008	0.748	0.0126	0.003	0.064
8.095	0.0122	0.008	0.739	0.0102	0.006	0.088
8.100	0.0091	0.004	0.751	0.0085	0.022	0.135
8.105	0.0142	0.004	0.719	0.0094	0.042	0.149
8.110	0.0172	0.042	0.650	0.0116	0.138	0.156
8.115	0.0152	0.040	0.571	0.0110	0.263	0.155
8.120	0.0133	0.075	0.465	0.0123	0.453	0.194
8.125	0.0104	0.083	0.340	0.0116	0.556	0.206
8.130	0.0098	0.171	0.174	0.0163	0.798	0.196
8.135	0.0084	0.185	0.140	0.0169	0.925	0.178
8.140	0.0094	0.254	0.174	0.0158	0.986	0.177
8.145	0.0127	0.260	0.160	0.0183	0.996	0.170
8.150	0.0123	0.277	0.225	0.0164	0.999	0.160
8.155	0.0143	0.265	0.303	0.0161	0.999	0.145
8.160	0.0157	0.256	0.305	0.0151	0.999	0.150
8.165	0.0132	0.275	0.211	0.0172	0.999	0.161
8.170	0.0200	0.265	0.205	0.0167	0.999	0.159
8.175	0.0151	0.281	0.185	0.0163	0.999	0.149
8.180	0.0169	0.252	0.175	0.0127	0.999	0.157
8.185	0.0154	0.269	0.190	0.0146	0.998	0.171
8.190	0.0140	0.260	0.219	0.0146	0.998	0.161
8.195	0.0115	0.252	0.197	0.0128	0.998	0.163
8.200	0.0120	0.267	0.137	0.0157	0.998	0.177
8.205	0.0145	0.271	0.144	0.0129	0.998	0.180
8.210	0.0169	0.256	0.130	0.0140	0.998	0.189
8.215	0.0135	0.248	0.137	0.0121	0.994	0.198
8.220	0.0134	0.248	0.133	0.0144	0.762	0.216
8.225	0.0160	0.246	0.103	0.0169	0.385	0.264
8.230	0.0089	0.094	0.152	0.0183	0.205	0.324
8.235	0.0025	0.146	0.178	0.0102	0.136	0.311
8.240	0.0047	0.042	0.141	0.0199	0.122	0.385
8.245	0.0007	0.073	0.337	0.0423	0.115	0.409
8.250	0.0007	0.096	0.417	0.0176	0.175	0.473
8.255	0.0005	0.094	0.244	0.0126	0.309	0.525
8.260	0.0004	0.144	0.203	0.0116	0.542	0.578
8.265	0.0002	0.123	0.221	0.0116	0.598	0.529
8.270	0.0001	0.260	0.204	0.0138	0.576	0.538
8.275	0.0002	0.181	0.252	0.0124	0.540	0.529
8.280	0.0001	0.131	0.268	0.0094	0.608	0.559
8.285	0.0001	0.167	0.218	0.0118	0.691	0.584
8.290	0.0001	0.240	0.190	0.0100	0.753	0.605
8.295	0.0001	0.212	0.177	0.0106	0.851	0.622
8.300	0.0001	0.244	0.156	0.0101	0.914	0.607
8.305	0.0001	0.237	0.152	0.0089	0.925	0.614
8.310	0.0001	0.271	0.187	0.0094	0.898	0.653
8.315	0.0001	0.269	0.192	0.0085	0.909	0.662
8.320	0.0000	0.275	0.054	0.1165	0.065	0.575
8.325	0.0000	0.175	0.094	0.0672	0.034	0.268
8.330	0.0000	0.246	0.591	0.0197	0.018	0.157
8.335	0.0002	0.085	0.641	0.0218	0.014	0.167
8.340	0.0141	0.006	0.716	0.0175	0.007	0.158
8.345	0.0132	0.025	0.777	0.0237	0.003	0.117
8.350	0.0185	0.010	0.813	0.0235	0.001	0.049
8.355	0.0299	0.006	0.826	0.0152	0.002	0.032
8.360	0.0359	0.010	0.841	0.0139	0.004	0.030
8.365	0.0333	0.017	0.844	0.0111	0.005	0.027
8.370	0.0441	0.010	0.845	0.0151	0.005	0.029
8.375	0.0420	0.015	0.851	0.0141	0.004	0.031
8.380	0.0378	0.008	0.852	0.0137	0.003	0.040
8.385	0.0480	0.006	0.837	0.0204	0.002	0.054
8.390	0.0375	0.008	0.799	0.0187	0.002	0.083
8.395	0.0365	0.006	0.766	0.0117	0.007	0.133
8.400	0.0346	0.015	0.698	0.0121	0.063	0.186
8.405	0.0225	0.023	0.617	0.0139	0.190	0.196
8.410	0.0173	0.048	0.366	0.0140	0.638	0.198
8.415	0.0131	0.125	0.194	0.0137	0.890	0.200
8.420	0.0106	0.221	0.189	0.0146	0.986	0.188
8.425	0.0103	0.248	0.191	0.0131	0.991	0.178
8.430	0.0145	0.254	0.190	0.0148	0.993	0.173
8.435	0.0188	0.252	0.153	0.0153	0.995	0.174
8.440	0.0214	0.263	0.184	0.0117	0.998	0.178
8.445	0.0135	0.269	0.151	0.0164	0.996	0.187
8.450	0.0104	0.279	0.179	0.0143	0.993	0.195
8.455	0.0150	0.263	0.231	0.0148	0.995	0.192
8.460	0.0121	0.271	0.237	0.0143	0.998	0.174
8.465	0.0113	0.277	0.221	0.0164	0.996	0.178
8.470	0.0121	0.267	0.161	0.0188	0.993	0.171
8.475	0.0124	0.279	0.164	0.0199	0.994	0.168
8.480	0.0129	0.271	0.176	0.0158	0.997	0.157
8.485	0.0157	0.267	0.147	0.0153	0.998	0.162
8.490	0.0163	0.269	0.152	0.0137	0.999	0.162
8.495	0.0129	0.269	0.205	0.0161	0.999	0.163
8.500	0.0107	0.267	0.153	0.0160	0.999	0.149
8.505	0.0109	0.258	0.153	0.0153	0.999	0.148
8.510	0.0134	0.277	0.166	0.0131	0.999	0.163
8.515	0.0187	0.267	0.165	0.0174	0.999	0.159
8.520	0.0129	0.275	0.170	0.0138	0.999	0.147
8.525	0.0165	0.271	0.148	0.0164	0.999	0.153
8.530	0.0152	0.260	0.213	0.0144	0.999	0.155
8.535	0.0115	0.263	0.191	0.0146	0.999	0.152
8.540	0.0207	0.258	0.139	0.0171	0.999	0.153
8.545	0.0169	0.254	0.145	0.0136	0.999	0.151
8.550	0.0204	0.269	0.126	0.0162	0.999	0.144
8.555	0.0153	0.275	0.137	0.0114	0.998	0.156
8.560	0.0133	0.250	0.131	0.0121	0.994	0.198
8.565	0.0106	0.237	0.279	0.0215	0.897	0.233
8.570	0.0048	0.242	0.607	0.0374	0.158	0.168
8.575	0.0047	0.208	0.687	0.0405	0.025	0.121
8.580	0.0117	0.029	0.769	0.0170	0.009	0.078
8.585	0.0205	0.010	0.797	0.0139	0.013	0.051
8.590	0.0301	0.013	0.783	0.0189	0.022	0.043
8.595	0.0304	0.019	0.789	0.0202	0.019	0.038
8.600	0.0447	0.033	0.828	0.0163	0.007	0.035
8.605	0.0497	0.044	0.829	0.0123	0.005	0.033
8.610	0.0460	0.033	0.836	0.0096	0.004	0.039
8.615	0.0662	0.029	0.814	0.0164	0.003	0.047
8.620	0.0556	0.019	0.797	0.0192	0.001	0.047
8.625	0.0486	0.031	0.821	0.0227	0.001	0.051
8.630	0.0586	0.017	0.800	0.0213	0.001	0.061
8.635	0.0390	0.019	0.725	0.0336	0.001	0.079
8.640	0.0264	0.008	0.695	0.0221	0.002	0.153
8.645	0.0235	0.006	0.653	0.0128	0.011	0.218
8.650	0.0146	0.008	0.528	0.0118	0.154	0.264
8.655	0.0103	0.040	0.388	0.0111	0.396	0.266
8.660	0.0055	0.138	0.274	0.0132	0.741	0.246
8.665	0.0044	0.196	0.207	0.0129	0.827	0.261
8.670	0.0047	0.269	0.183	0.0118	0.742	0.304
8.675	0.0037	0.242	0.183	0.0118	0.755	0.324
8.680	0.0029	0.225	0.186	0.0124	0.757	0.338
8.685	0.0022	0.210	0.212	0.0107	0.721	0.343
8.690	0.0026	0.210	0.201	0.0114	0.663	0.354
8.695	0.0024	0.206	0.224	0.0107	0.690	0.373
8.700	0.0022	0.225	0.211	0.0120	0.628	0.387
8.705	0.0014	0.198	0.236	0.0114	0.648	0.391
8.710	0.0017	0.177	0.246	0.0114	0.762	0.386
8.715	0.0016	0.235	0.244	0.0121	0.796	0.381
8.720	0.0013	0.250	0.207	0.0121	0.816	0.363
8.725	0.0018	0.229	0.207	0.0120	0.840	0.360
8.730	0.0018	0.200	0.184	0.0104	0.826	0.371
8.735	0.0014	0.235	0.192	0.0128	0.640	0.385
8.740	0.0017	0.221	0.319	0.0421	0.111	0.300
8.745	0.0012	0.140	0.590	0.0432	0.006	0.151
8.750	0.0016	0.073	0.770	0.0197	0.001	0.065
8.755	0.0088	0.008	0.814	0.0147	0.002	0.056
8.760	0.0330	0.017	0.732	0.0186	0.007	0.062
8.765	0.0344	0.027	0.665	0.0204	0.010	0.059
8.770	0.0306	0.035	0.707	0.0210	0.008	0.050
8.775	0.0509	0.027	0.705	0.0209	0.008	0.040
8.780	0.0493	0.035	0.705	0.0281	0.005	0.034
8.785	0.0510	0.031	0.768	0.0254	0.002	0.028
8.790	0.0753	0.013	0.819	0.0111	0.002	0.024
8.795	0.0719	0.013	0.813	0.0144	0.002	0.025
8.800	0.0997	0.013	0.811	0.0144	0.002	0.024
8.805	0.0867	0.013	0.809	0.0145	0.002	0.023
8.810	0.1046	0.023	0.814	0.0133	0.002	0.023
8.815	0.0904	0.023	0.825	0.0105	0.002	0.023
8.820	0.0925	0.023	0.799	0.0106	0.003	0.024
8.825	0.0937	0.025	0.732	0.0181	0.004	0.024
8.830	0.0845	0.019	0.600	0.0222	0.009	0.034
8.835	0.0810	0.025	0.603	0.0195	0.014	0.040
8.840	0.0329	0.042	0.685	0.0225	0.017	0.046
8.845	0.0421	0.042	0.676	0.0243	0.015	0.047
8.850	0.0254	0.048	0.643	0.0253	0.015	0.063
8.855	0.0281	0.044	0.493	0.0265	0.016	0.081
8.860	0.0175	0.044	0.470	0.0250	0.005	0.139
8.865	0.0066	0.017	0.486	0.0191	0.022	0.193
8.870	0.0042	0.010	0.632	0.0310	0.024	0.208
8.875	0.0031	0.033	0.691	0.0404	0.004	0.184
8.880	0.0026	0.017	0.802	0.0088	0.006	0.213
8.885	0.0030	0.013	0.752	0.0096	0.013	0.245
8.890	0.0020	0.010	0.758	0.0136	0.021	0.285
8.895	0.0020	0.025	0.796	0.0289	0.009	0.255
8.900	0.0016	0.017	0.794	0.0165	0.004	0.229
8.905	0.0021	0.013	0.785	0.0160	0.003	0.228
8.910	0.0016	0.013	0.825	0.0149	0.002	0.212
8.915	0.0017	0.013	0.782	0.0126	0.003	0.211
8.920	0.0017	0.015	0.608	0.0188	0.006	0.267
8.925	0.0007	0.027	0.417	0.0198	0.016	0.318
8.930	0.0004	0.040	0.080	0.0381	0.106	0.261
8.935	0.0004	0.050	0.187	0.0159	0.064	0.181
8.940	0.0005	0.048	0.161	0.0195	0.042	0.164
8.945	0.0062	0.065	0.360	0.0480	0.018	0.120
8.950	0.0043	0.083	0.380	0.0176	0.017	0.052
8.955	0.0107	0.027	0.569	0.0213	0.017	0.041
8.960	0.0307	0.031	0.705	0.0099	0.008	0.038
8.965	0.0576	0.027	0.606	0.0195	0.004	0.035
8.970	0.0577	0.031	0.421	0.0301	0.003	0.040
8.975	0.0305	0.019	0.442	0.0219	0.002	0.044
8.980	0.0158	0.015	0.527	0.0216	0.002	0.053
8.985	0.0156	0.021	0.529	0.0181	0.005	0.063
8.990	0.0199	0.017	0.558	0.0210	0.004	0.057
8.995	0.0505	0.027	0.563	0.0257	0.003	0.037
9.000	0.0491	0.021	0.586	0.0169	0.002	0.024
9.005	0.0706	0.017	0.602	0.0244	0.002	0.022
9.010	0.0590	0.019	0.569	0.0131	0.002	0.024
9.015	0.0908	0.017	0.580	0.0159	0.003	0.024
9.020	0.0742	0.017	0.625	0.0129	0.003	0.023
9.025	0.0949	0.021	0.647	0.0144	0.004	0.025
9.030	0.0730	0.023	0.668	0.0133	0.004	0.024
9.035	0.0927	0.021	0.681	0.0125	0.005	0.026
9.040	0.0734	0.021	0.712	0.0092	0.004	0.026
9.045	0.0911	0.025	0.699	0.0141	0.005	0.029
9.050	0.0745	0.025	0.680	0.0132	0.005	0.031
9.055	0.0840	0.025	0.572	0.0173	0.005	0.030
9.060	0.0476	0.037	0.673	0.0109	0.005	0.030
9.065	0.0522	0.029	0.608	0.0125	0.005	0.031
9.070	0.0442	0.037	0.436	0.0175	0.004	0.033
9.075	0.0458	0.046	0.390	0.0183	0.004	0.030
9.080	0.0416	0.035	0.381	0.0245	0.002	0.033
9.085	0.0372	0.029	0.388	0.0234	0.001	0.043
9.090	0.0416	0.019	0.379	0.0262	0.001	0.052
9.095	0.0382	0.019	0.465	0.0165	0.002	0.058
9.100	0.0157	0.025	0.486	0.0171	0.003	0.075
9.105	0.0208	0.017	0.327	0.0186	0.003	0.079
9.110	0.0352	0.025	0.463	0.0220	0.003	0.078
9.115	0.0126	0.015	0.348	0.0202	0.003	0.073
9.120	0.0242	0.025	0.345	0.0316	0.002	0.104
9.125	0.0120	0.017	0.473	0.0329	0.005	0.076
9.130	0.0048	0.015	0.491	0.0199	0.002	0.067
9.135	0.0290	0.029	0.490	0.0562	0.001	0.090
9.140	0.0127	0.015	0.146	0.0302	0.002	0.174
9.145	0.0042	0.017	0.443	0.0227	0.004	0.094
9.150	0.0036	0.015	0.519	0.0193	0.002	0.066
9.155	0.0013	0.048	0.528	0.0446	0.001	0.070
9.160	0.0177	0.017	0.256	0.0506	0.002	0.094
9.165	0.0070	0.015	0.454	0.0232	0.003	0.048
9.170	0.0037	0.015	0.489	0.0253	0.002	0.043
9.175	0.0279	0.023	0.417	0.0400	0.001	0.055
9.180	0.0179	0.015	0.503	0.0121	0.001	0.035
9.185	0.0068	0.015	0.458	0.0300	0.001	0.035
9.190	0.0284	0.023	0.384	0.0285	0.000	0.033
9.195	0.0104	0.015	0.442	0.0345	0.000	0.032
9.200	0.0314	0.019	0.450	0.0251	0.000	0.027
9.205	0.0107	0.017	0.392	0.0159	0.000	0.025
9.210	0.0297	0.015	0.390	0.0295	0.000	0.023
9.215	0.0438	0.019	0.443	0.0351	0.000	0.021
9.220	0.0171	0.021	0.455	0.0203	0.000	0.018
9.225	0.0283	0.013	0.503	0.0264	0.000	0.018
9.230	0.0349	0.017	0.386	0.0250	0.001	0.020
9.235	0.0366	0.019	0.475	0.0153	0.002	0.023
9.240	0.0511	0.019	0.563	0.0154	0.006	0.026
9.245	0.0482	0.021	0.655	0.0110	0.009	0.026
9.250	0.0473	0.040	0.739	0.0061	0.013	0.025
9.255	0.0523	0.029	0.758	0.0070	0.016	0.025
9.260	0.0477	0.029	0.747	0.0053	0.018	0.027
9.265	0.0421	0.040	0.761	0.0059	0.018	0.027
9.270	0.0447	0.029	0.740	0.0052	0.019	0.028
9.275	0.0423	0.021	0.733	0.0067	0.019	0.030
9.280	0.0406	0.021	0.721	0.0044	0.020	0.030
9.285	0.0367	0.021	0.729	0.0100	0.022	0.032
9.290	0.0370	0.023	0.740	0.0056	0.024	0.030
9.295	0.0352	0.029	0.749	0.0038	0.025	0.031
9.300	0.0321	0.033	0.733	0.0074	0.026	0.035
9.305	0.0324	0.031	0.736	0.0048	0.022	0.031
9.310	0.0290	0.033	0.740	0.0045	0.020	0.049
9.315	0.0276	0.033	0.732	0.0045	0.021	0.065
9.320	0.0257	0.035	0.744	0.0031	0.020	0.068
9.325	0.0225	0.037	0.742	0.0035	0.019	0.062
9.330	0.0215	0.035	0.731	0.0050	0.019	0.048
9.335	0.0207	0.044	0.734	0.0066	0.018	0.042
9.340	0.0198	0.027	0.741	0.0046	0.017	0.035
9.345	0.0187	0.033	0.744	0.0062	0.015	0.034
9.350	0.0191	0.033	0.735	0.0062	0.013	0.036
9.355	0.0186	0.029	0.729	0.0071	0.012	0.037
9.360	0.0176	0.033	0.711	0.0105	0.008	0.038
9.365	0.0163	0.031	0.693	0.0116	0.007	0.036
9.370	0.0137	0.029	0.678	0.0125	0.006	0.044
9.375	0.0108	0.025	0.704	0.0122	0.005	0.047
9.380	0.0091	0.021	0.738	0.0081	0.003	0.046
9.385	0.0089	0.013	0.743	0.0045	0.002	0.045
9.390	0.0093	0.013	0.721	0.0082	0.002	0.047
9.395	0.0096	0.017	0.675	0.0137	0.002	0.046
9.400	0.0090	0.013	0.598	0.0247	0.002	0.046
9.405	0.0084	0.021	0.583	0.0215	0.002	0.042
9.410	0.0078	0.017	0.488	0.0276	0.001	0.037
9.415	0.0110	0.021	0.310	0.0233	0.000	0.040
9.420	0.0128	0.010	0.275	0.0193	0.000	0.046
9.425	0.0234	0.015	0.294	0.0370	0.000	0.046
9.430	0.0194	0.010	0.479	0.0246	0.000	0.038
9.435	0.0047	0.023	0.388	0.0226	0.000	0.044
9.440	0.0169	0.015	0.357	0.0285	0.000	0.039
9.445	0.0068	0.017	0.364	0.0422	0.000	0.052
9.450	0.0141	0.015	0.520	0.0264	0.000	0.051
9.455	0.0051	0.015	0.530	0.0158	0.000	0.047
9.460	0.0153	0.015	0.478	0.0476	0.000	0.098
9.465	0.0069	0.015	0.159	0.0388	0.001	0.155
9.470	0.0023	0.015	0.493	0.0231	0.000	0.066
9.475	0.0014	0.021	0.516	0.0183	0.000	0.055
9.480	0.0036	0.013	0.518	0.0509	0.000	0.088
9.485	0.0084	0.015	0.495	0.0427	0.001	0.163
9.490	0.0025	0.017	0.609	0.0354	0.001	0.195
9.495	0.0015	0.015	0.166	0.0661	0.001	0.135
9.500	0.0012	0.017	0.533	0.0202	0.000	0.055
9.505	0.0004	0.031	0.486	0.0226	0.000	0.054
9.510	0.0161	0.015	0.455	0.0259	0.001	0.056
9.515	0.0071	0.017	0.461	0.0174	0.001	0.031
9.520	0.0020	0.021	0.416	0.0258	0.000	0.039
9.525	0.0225	0.015	0.408	0.0316	0.001	0.044
9.530	0.0052	0.015	0.478	0.0146	0.001	0.042
9.535	0.0168	0.015	0.392	0.0218	0.001	0.031
9.540	0.0042	0.023	0.301	0.0289	0.001	0.035
9.545	0.0145	0.021	0.332	0.0164	0.001	0.037
9.550	0.0281	0.019	0.263	0.0261	0.001	0.033
9.555	0.0243	0.023	0.363	0.0168	0.004	0.031
9.560	0.0138	0.023	0.476	0.0125	0.016	0.037
9.565	0.0160	0.025	0.499	0.0161	0.021	0.035
9.570	0.0256	0.029	0.634	0.0194	0.013	0.035
9.575	0.0440	0.031	0.702	0.0104	0.012	0.034
9.580	0.0468	0.021	0.678	0.0118	0.019	0.032
9.585	0.0618	0.021	0.623	0.0152	0.019	0.034
9.590	0.0569	0.027	0.655	0.0139	0.015	0.035
9.595	0.0597	0.029	0.716	0.0092	0.014	0.035
9.600	0.0578	0.029	0.725	0.0063	0.012	0.037
9.605	0.0569	0.029	0.703	0.0121	0.011	0.037
9.610	0.0567	0.025	0.726	0.0054	0.011	0.036
9.615	0.0551	0.021	0.730	0.0063	0.011	0.037
9.620	0.0557	0.025	0.683	0.0117	0.010	0.038
9.625	0.0558	0.027	0.708	0.0115	0.009	0.036
9.630	0.0555	0.029	0.713	0.0097	0.009	0.033
9.635	0.0551	0.021	0.688	0.0149	0.009	0.032
9.640	0.0518	0.021	0.612	0.0143	0.009	0.031
9.645	0.0472	0.029	0.519	0.0288	0.007	0.042
9.650	0.0410	0.019	0.491	0.0668	0.000	0.048
9.655	0.0216	0.006	0.767	0.0120	0.000	0.040
9.660	0.0283	0.006	0.745	0.0066	0.000	0.037
9.665	0.0281	0.008	0.747	0.0078	0.000	0.036
9.670	0.0278	0.004	0.748	0.0064	0.000	0.033
9.675	0.0277	0.004	0.753	0.0071	0.000	0.031
9.680	0.0279	0.004	0.752	0.0043	0.000	0.030
9.685	0.0280	0.004	0.747	0.0058	0.000	0.029
9.690	0.0274	0.004	0.748	0.0047	0.000	0.030
9.695	0.0275	0.004	0.749	0.0057	0.000	0.029
9.700	0.0288	0.004	0.754	0.0034	0.000	0.028
9.705	0.0298	0.004	0.752	0.0042	0.000	0.030
9.710	0.0305	0.004	0.755	0.0039	0.000	0.030
9.715	0.0302	0.004	0.749	0.0047	0.000	0.030
9.720	0.0298	0.004	0.758	0.0056	0.000	0.030
9.725	0.0292	0.004	0.751	0.0035	0.000	0.033
9.730	0.0288	0.004	0.756	0.0060	0.000	0.035
9.735	0.0277	0.004	0.750	0.0034	0.000	0.038
9.740	0.0266	0.004	0.759	0.0091	0.000	0.034
9.745	0.0257	0.004	0.749	0.0049	0.000	0.036
9.750	0.0242	0.004	0.747	0.0087	0.000	0.039
9.755	0.0220	0.004	0.745	0.0074	0.000	0.039
9.760	0.0198	0.004	0.736	0.0080	0.000	0.040
9.765	0.0176	0.004	0.739	0.0092	0.000	0.041
9.770	0.0154	0.004	0.720	0.0104	0.000	0.044
9.775	0.0134	0.004	0.721	0.0165	0.000	0.047
9.780	0.0112	0.004	0.695	0.0226	0.000	0.050
9.785	0.0092	0.004	0.651	0.0239	0.000	0.052
9.790	0.0077	0.004	0.653	0.0397	0.000	0.065
9.795	0.0053	0.002	0.647	0.0277	0.000	0.072
9.800	0.0025	0.013	0.681	0.0199	0.000	0.074
9.805	0.0030	0.004	0.692	0.0406	0.000	0.071
9.810	0.0044	0.006	0.526	0.0628	0.000	0.073
9.815	0.0042	0.004	0.541	0.0480	0.000	0.056
9.820	0.0028	0.004	0.602	0.0198	0.000	0.085
9.825	0.0052	0.004	0.393	0.0479	0.001	0.144
9.830	0.0017	0.010	0.437	0.0254	0.007	0.257
9.835	0.0010	0.008	0.236	0.0287	0.022	0.337
9.840	0.0001	0.094	0.358	0.0154	0.025	0.362
9.845	0.0004	0.021	0.308	0.0130	0.049	0.407
9.850	0.0003	0.023	0.306	0.0096	0.303	0.524
9.855	0.0001	0.200	0.254	0.0229	0.209	0.514
9.860	0.0001	0.104	0.392	0.0143	0.146	0.515
9.865	0.0001	0.075	0.336	0.0112	0.174	0.536
9.870	0.0001	0.083	0.177	0.0126	0.264	0.567
9.875	0.0001	0.096	0.278	0.0161	0.256	0.527
9.880	0.0001	0.104	0.343	0.0083	0.184	0.474
9.885	0.0001	0.113	0.283	0.0114	0.241	0.488
9.890	0.0001	0.142	0.345	0.0092	0.425	0.590
9.895	0.0001	0.146	0.327	0.0099	0.532	0.632
9.900	0.0001	0.190	0.273	0.0108	0.538	0.617
9.905	0.0001	0.202	0.286	0.0096	0.585	0.612
9.910	0.0001	0.221	0.219	0.0104	0.778	0.643
9.915	0.0001	0.233	0.139	0.0098	0.826	0.656
9.920	0.0000	0.244	0.160	0.0116	0.911	0.675
9.925	0.0000	0.240	0.180	0.0108	0.924	0.678
9.930	0.0000	0.250	0.205	0.0083	0.935	0.673
9.935	0.0000	0.254	0.199	0.0102	0.956	0.648
9.940	0.0001	0.273	0.168	0.0100	0.960	0.654
9.945	0.0000	0.275	0.139	0.0099	0.959	0.653
9.950	0.0000	0.267	0.178	0.0100	0.942	0.674
9.955	0.0000	0.265	0.124	0.0117	0.915	0.659
9.960	0.0000	0.267	0.158	0.0089	0.878	0.638
9.965	0.0000	0.250	0.166	0.0102	0.898	0.658
9.970	0.0000	0.279	0.202	0.0096	0.905	0.684
9.975	0.0000	0.240	0.211	0.0102	0.905	0.688
9.980	0.0000	0.250	0.175	0.0101	0.897	0.705
9.985	0.0000	0.231	0.136	0.0109	0.775	0.700
9.990	0.0000	0.225	0.062	0.0282	0.341	0.659
9.995	0.0000	0.221	0.353	0.0566	0.036	0.445
10.000	0.0000	0.177	0.388	0.0426	0.005	0.285
10.005	0.0001	0.048	0.362	0.0576	0.002	0.235
10.010	0.0004	0.004	0.459	0.0660	0.000	0.086
10.015	0.0005	0.010	0.592	0.0266	0.000	0.050
10.020	0.0022	0.004	0.711	0.0394	0.000	0.033
10.025	0.0044	0.004	0.699	0.0352	0.000	0.032
10.030	0.0087	0.004	0.679	0.0316	0.000	0.038
10.035	0.0077	0.004	0.702	0.0216	0.000	0.040
10.040	0.0068	0.004	0.731	0.0293	0.000	0.037
10.045	0.0067	0.004	0.746	0.0245	0.000	0.038
10.050	0.0077	0.004	0.729	0.0116	0.000	0.034
10.055	0.0077	0.004	0.749	0.0183	0.000	0.032
10.060	0.0088	0.004	0.749	0.0249	0.000	0.032
10.065	0.0094	0.004	0.718	0.0145	0.000	0.029
10.070	0.0091	0.002	0.749	0.0201	0.000	0.032
10.075	0.0083	0.004	0.727	0.0049	0.000	0.032
10.080	0.0070	0.004	0.717	0.0135	0.000	0.032
10.085	0.0060	0.004	0.741	0.0238	0.000	0.035
10.090	0.0062	0.004	0.720	0.0117	0.000	0.033
10.095	0.0072	0.004	0.721	0.0424	0.000	0.034
10.100	0.0082	0.004	0.731	0.0105	0.000	0.039
10.105	0.0084	0.002	0.717	0.0079	0.000	0.038
10.110	0.0076	0.004	0.694	0.0263	0.000	0.042
10.115	0.0066	0.004	0.679	0.0244	0.000	0.049
10.120	0.0053	0.004	0.580	0.0347	0.000	0.063
10.125	0.0040	0.004	0.463	0.0485	0.000	0.073
10.130	0.0024	0.002	0.551	0.0330	0.000	0.073
10.135	0.0022	0.004	0.538	0.0182	0.001	0.105
10.140	0.0026	0.004	0.296	0.0349	0.005	0.236
10.145	0.0006	0.015	0.500	0.0268	0.005	0.223
10.150	0.0005	0.008	0.631	0.0511	0.003	0.212
10.155	0.0009	0.013	0.754	0.0333	0.002	0.175
10.160	0.0008	0.008	0.796	0.0178	0.001	0.171
10.165	0.0013	0.004	0.747	0.0346	0.001	0.162
10.170	0.0011	0.006	0.658	0.0061	0.004	0.221
10.175	0.0014	0.008	0.442	0.0348	0.014	0.328
10.180	0.0005	0.004	0.461	0.0123	0.083	0.522
10.185	0.0002	0.052	0.493	0.0124	0.103	0.530
10.190	0.0001	0.048	0.398	0.0116	0.188	0.599
10.195	0.0001	0.104	0.190	0.0253	0.208	0.581
10.200	0.0001	0.081	0.021	0.0442	0.015	0.333
10.205	0.0001	0.133	0.386	0.0354	0.005	0.195
10.210	0.0001	0.075	0.387	0.0112	0.002	0.127
10.215	0.0003	0.040	0.385	0.0108	0.001	0.128
10.220	0.0089	0.021	0.078	0.0238	0.043	0.330
10.225	0.0009	0.040	0.292	0.0224	0.042	0.344
10.230	0.0006	0.050	0.247	0.0173	0.020	0.318
10.235	0.0006	0.029	0.139	0.0258	0.022	0.350
10.240	0.0004	0.048	0.119	0.0483	0.011	0.334
10.245	0.0005	0.004	0.148	0.1018	0.005	0.269
10.250	0.0004	0.017	0.435	0.0176	0.002	0.201
10.255	0.0010	0.029	0.385	0.1140	0.003	0.231
10.260	0.0013	0.010	0.336	0.0336	0.002	0.210
10.265	0.0003	0.010	0.310	0.0189	0.003	0.210
10.270	0.0004	0.010	0.197	0.0839	0.005	0.269
10.275	0.0005	0.006	0.081	0.0133	0.020	0.381
10.280	0.0004	0.027	0.109	0.0149	0.169	0.552
10.285	0.0001	0.131	0.197	0.0242	0.158	0.558
10.290	0.0001	0.027	0.415	0.0101	0.156	0.611
10.295	0.0002	0.117	0.162	0.0189	0.192	0.621
10.300	0.0000	0.140	0.068	0.0659	0.036	0.464
10.305	0.0001	0.040	0.225	0.0757	0.002	0.168
10.310	0.0001	0.050	0.580	0.0262	0.000	0.077
10.315	0.0003	0.008	0.516	0.0130	0.000	0.074
10.320	0.0036	0.004	0.461	0.0462	0.000	0.101
10.325	0.0021	0.004	0.507	0.0609	0.000	0.078
10.330	0.0013	0.006	0.709	0.0349	0.000	0.045
10.335	0.0027	0.004	0.638	0.0276	0.000	0.043
10.340	0.0064	0.004	0.512	0.0255	0.000	0.066
10.345	0.0047	0.004	0.525	0.0357	0.000	0.065
10.350	0.0037	0.006	0.403	0.0279	0.001	0.117
10.355	0.0030	0.004	0.365	0.0335	0.001	0.177
10.360	0.0007	0.004	0.704	0.0169	0.002	0.230
10.365	0.0010	0.008	0.667	0.0196	0.003	0.264
10.370	0.0006	0.010	0.754	0.0079	0.005	0.283
10.375	0.0006	0.004	0.664	0.0248	0.007	0.336
10.380	0.0004	0.017	0.620	0.0093	0.022	0.432
10.385	0.0004	0.023	0.428	0.0127	0.116	0.528
10.390	0.0002	0.075	0.344	0.0142	0.369	0.576
10.395	0.0001	0.158	0.366	0.0098	0.329	0.591
10.400	0.0001	0.113	0.195	0.0154	0.470	0.679
10.405	0.0000	0.144	0.039	0.0261	0.291	0.602
10.410	0.0000	0.156	0.220	0.0060	0.121	0.346
10.415	0.0001	0.133	0.224	0.0089	0.141	0.326
10.420	0.0004	0.048	0.220	0.0130	0.170	0.286
10.425	0.0007	0.090	0.108	0.0105	0.103	0.275
10.430	0.0020	0.065	0.096	0.0336	0.198	0.482
10.435	0.0003	0.085	0.152	0.0113	0.325	0.558
10.440	0.0003	0.148	0.148	0.0122	0.364	0.634
10.445	0.0001	0.160	0.120	0.0122	0.481	0.662
10.450	0.0001	0.148	0.135	0.0158	0.648	0.658
10.455	0.0001	0.177	0.212	0.0115	0.623	0.634
10.460	0.0001	0.215	0.156	0.0098	0.684	0.595
10.465	0.0001	0.169	0.108	0.0112	0.706	0.600
10.470	0.0001	0.175	0.129	0.0110	0.725	0.569
10.475	0.0001	0.169	0.136	0.0085	0.724	0.594
10.480	0.0001	0.142	0.066	0.0105	0.617	0.638
10.485	0.0001	0.188	0.119	0.0201	0.375	0.539
10.490	0.0001	0.158	0.196	0.0095	0.423	0.457
10.495	0.0001	0.190	0.191	0.0078	0.591	0.455
10.500	0.0003	0.144	0.193	0.0195	0.521	0.484
10.505	0.0002	0.215	0.192	0.0084	0.386	0.428
10.510	0.0001	0.225	0.201	0.0124	0.541	0.454
10.515	0.0007	0.133	0.198	0.0133	0.724	0.481
10.520	0.0004	0.119	0.141	0.0125	0.707	0.557
10.525	0.0002	0.148	0.123	0.0171	0.406	0.474
10.530	0.0001	0.208	0.129	0.0055	0.350	0.439
10.535	0.0001	0.171	0.119	0.0230	0.786	0.507
10.540	0.0001	0.215	0.149	0.0093	0.912	0.460
10.545	0.0001	0.235	0.135	0.0076	0.956	0.446
10.550	0.0002	0.200	0.070	0.0161	0.786	0.549
10.555	0.0002	0.233	0.158	0.0089	0.714	0.543
10.560	0.0002	0.202	0.154	0.0118	0.787	0.614
10.565	0.0001	0.237	0.165	0.0095	0.876	0.632
10.570	0.0001	0.269	0.196	0.0107	0.934	0.654
10.575	0.0001	0.269	0.221	0.0082	0.945	0.697
10.580	0.0001	0.263	0.054	0.0116	0.920	0.714
10.585	0.0000	0.242	0.167	0.0285	0.268	0.586
10.590	0.0000	0.275	0.156	0.0078	0.075	0.441
10.595	0.0000	0.198	0.211	0.0159	0.117	0.492
10.600	0.0001	0.121	0.437	0.0374	0.078	0.335
10.605	0.0001	0.092	0.348	0.0238	0.081	0.285
10.610	0.0003	0.065	0.299	0.0297	0.101	0.210
10.615	0.0008	0.062	0.374	0.0540	0.030	0.149
10.620	0.0012	0.037	0.548	0.0286	0.005	0.094
10.625	0.0026	0.023	0.605	0.0298	0.003	0.085
10.630	0.0127	0.008	0.709	0.0190	0.002	0.068
10.635	0.0132	0.008	0.751	0.0142	0.002	0.056
10.640	0.0176	0.006	0.773	0.0112	0.002	0.051
10.645	0.0197	0.008	0.772	0.0109	0.002	0.049
10.650	0.0137	0.004	0.753	0.0082	0.003	0.052
10.655	0.0166	0.010	0.748	0.0124	0.004	0.051
10.660	0.0197	0.004	0.713	0.0142	0.005	0.048
10.665	0.0283	0.017	0.695	0.0203	0.004	0.047
10.670	0.0326	0.010	0.707	0.0199	0.002	0.040
10.675	0.0343	0.008	0.722	0.0206	0.002	0.039
10.680	0.0365	0.013	0.737	0.0194	0.001	0.035
10.685	0.0316	0.010	0.777	0.0175	0.001	0.032
10.690	0.0394	0.008	0.722	0.0108	0.001	0.032
10.695	0.0440	0.008	0.595	0.0195	0.002	0.033
10.700	0.0445	0.015	0.455	0.0225	0.006	0.040
10.705	0.0294	0.017	0.521	0.0255	0.006	0.046
10.710	0.0168	0.019	0.687	0.0250	0.002	0.045
10.715	0.0058	0.019	0.713	0.0076	0.002	0.043
10.720	0.0036	0.004	0.683	0.0113	0.003	0.038
10.725	0.0046	0.013	0.675	0.0130	0.003	0.035
10.730	0.0065	0.004	0.715	0.0117	0.003	0.028
10.735	0.0088	0.029	0.715	0.0074	0.004	0.027
10.740	0.0118	0.031	0.673	0.0102	0.008	0.028
10.745	0.0121	0.027	0.636	0.0168	0.013	0.029
10.750	0.0166	0.037	0.624	0.0112	0.016	0.029
10.755	0.0207	0.025	0.666	0.0116	0.012	0.027
10.760	0.0275	0.017	0.647	0.0129	0.010	0.032
10.765	0.0278	0.023	0.640	0.0133	0.009	0.031
10.770	0.0412	0.025	0.669	0.0136	0.005	0.034
10.775	0.0404	0.019	0.686	0.0119	0.003	0.035
10.780	0.0354	0.013	0.685	0.0135	0.002	0.033
10.785	0.0262	0.023	0.656	0.0117	0.002	0.031
10.790	0.0139	0.019	0.652	0.0146	0.002	0.027
10.795	0.0169	0.021	0.654	0.0104	0.001	0.024
10.800	0.0246	0.017	0.661	0.0133	0.001	0.025
10.805	0.0317	0.023	0.717	0.0095	0.001	0.024
10.810	0.0515	0.015	0.712	0.0103	0.001	0.023
10.815	0.0480	0.019	0.679	0.0121	0.001	0.023
10.820	0.0400	0.015	0.691	0.0114	0.001	0.024
10.825	0.0210	0.013	0.674	0.0113	0.001	0.024
10.830	0.0286	0.019	0.684	0.0104	0.001	0.022
10.835	0.0466	0.019	0.708	0.0103	0.001	0.021
10.840	0.0534	0.015	0.676	0.0127	0.001	0.024
10.845	0.0646	0.013	0.659	0.0145	0.001	0.025
10.850	0.0494	0.015	0.658	0.0097	0.002	0.030
10.855	0.0259	0.015	0.655	0.0149	0.002	0.031
10.860	0.0277	0.015	0.648	0.0134	0.002	0.030
10.865	0.0270	0.008	0.680	0.0141	0.002	0.030
10.870	0.0303	0.013	0.653	0.0140	0.002	0.030
10.875	0.0421	0.019	0.688	0.0124	0.002	0.032
10.880	0.0433	0.010	0.703	0.0120	0.002	0.035
10.885	0.0444	0.010	0.704	0.0141	0.001	0.036
10.890	0.0359	0.010	0.711	0.0128	0.001	0.032
10.895	0.0296	0.010	0.683	0.0078	0.001	0.034
10.900	0.0283	0.010	0.648	0.0130	0.001	0.032
10.905	0.0315	0.013	0.632	0.0215	0.000	0.032
10.910	0.0422	0.010	0.596	0.0336	0.000	0.031
10.915	0.0427	0.008	0.644	0.0146	0.000	0.033
10.920	0.0302	0.008	0.716	0.0152	0.000	0.033
10.925	0.0221	0.006	0.727	0.0152	0.000	0.034
10.930	0.0197	0.008	0.690	0.0157	0.000	0.039
10.935	0.0132	0.006	0.613	0.0204	0.000	0.045
10.940	0.0071	0.006	0.625	0.0235	0.000	0.047
10.945	0.0025	0.008	0.662	0.0211	0.000	0.050
10.950	0.0052	0.004	0.669	0.0214	0.000	0.062
10.955	0.0056	0.004	0.659	0.0388	0.000	0.071
10.960	0.0072	0.002	0.631	0.0378	0.000	0.087
10.965	0.0058	0.008	0.592	0.0273	0.000	0.088
10.970	0.0033	0.004	0.583	0.0205	0.000	0.090
10.975	0.0016	0.008	0.535	0.0269	0.001	0.099
10.980	0.0030	0.008	0.449	0.0225	0.002	0.137
10.985	0.0015	0.008	0.472	0.0300	0.004	0.169
10.990	0.0007	0.010	0.447	0.0190	0.008	0.228
10.995	0.0006	0.015	0.549	0.0280	0.008	0.238
11.000	0.0005	0.017	0.584	0.0122	0.009	0.245
11.005	0.0007	0.025	0.489	0.0122	0.014	0.257
11.010	0.0007	0.033	0.444	0.0265	0.012	0.273
11.015	0.0003	0.025	0.586	0.0226	0.009	0.251
11.020	0.0004	0.033	0.687	0.0092	0.008	0.245
11.025	0.0005	0.015	0.590	0.0093	0.011	0.276
11.030	0.0004	0.042	0.440	0.0142	0.020	0.347
11.035	0.0002	0.025	0.489	0.0226	0.023	0.357
11.040	0.0002	0.077	0.629	0.0185	0.016	0.368
11.045	0.0004	0.019	0.704	0.0128	0.016	0.370
11.050	0.0004	0.019	0.689	0.0083	0.017	0.356
11.055	0.0003	0.019	0.628	0.0104	0.029	0.384
11.060	0.0002	0.015	0.571	0.0092	0.068	0.472
11.065	0.0001	0.052	0.646	0.0108	0.076	0.481
11.070	0.0001	0.085	0.614	0.0097	0.084	0.508
11.075	0.0001	0.040	0.539	0.0094	0.139	0.542
11.080	0.0001	0.069	0.423	0.0095	0.325	0.584
11.085	0.0001	0.158	0.382	0.0091	0.368	0.600
11.090	0.0001	0.115	0.296	0.0097	0.525	0.613
11.095	0.0000	0.179	0.182	0.0101	0.664	0.630
11.100	0.0000	0.246	0.129	0.0102	0.704	0.618
11.105	0.0001	0.221	0.157	0.0108	0.724	0.625
11.110	0.0000	0.229	0.153	0.0096	0.843	0.663
11.115	0.0000	0.246	0.163	0.0101	0.892	0.673
11.120	0.0000	0.233	0.137	0.0093	0.903	0.710
11.125	0.0000	0.265	0.167	0.0102	0.933	0.695
11.130	0.0000	0.269	0.183	0.0110	0.915	0.695
11.135	0.0000	0.271	0.166	0.0104	0.884	0.688
11.140	0.0000	0.252	0.191	0.0102	0.895	0.693
11.145	0.0000	0.277	0.204	0.0094	0.916	0.704
11.150	0.0000	0.233	0.221	0.0093	0.930	0.706
11.155	0.0000	0.229	0.299	0.0094	0.925	0.697
11.160	0.0000	0.246	0.203	0.0124	0.940	0.702
11.165	0.0000	0.237	0.154	0.0092	0.920	0.697
11.170	0.0000	0.265	0.129	0.0098	0.821	0.704
11.175	0.0000	0.198	0.128	0.0099	0.715	0.705
11.180	0.0000	0.215	0.144	0.0093	0.677	0.710
11.185	0.0000	0.202	0.114	0.0114	0.712	0.700
11.190	0.0000	0.163	0.173	0.0087	0.734	0.685
11.195	0.0000	0.237	0.164	0.0107	0.818	0.681
11.200	0.0000	0.223	0.273	0.0089	0.808	0.672
11.205	0.0000	0.250	0.287	0.0085	0.773	0.725
11.210	0.0000	0.260	0.212	0.0097	0.780	0.728
11.215	0.0000	0.208	0.191	0.0103	0.883	0.722
11.220	0.0000	0.204	0.165	0.0113	0.879	0.714
11.225	0.0000	0.283	0.172	0.0121	0.784	0.715
11.230	0.0000	0.281	0.164	0.0120	0.676	0.716
11.235	0.0000	0.173	0.183	0.0090	0.613	0.712
11.240	0.0000	0.275	0.228	0.0091	0.543	0.702
11.245	0.0000	0.110	0.154	0.0133	0.483	0.679
11.250	0.0000	0.242	0.137	0.0138	0.504	0.673
11.255	0.0000	0.173	0.234	0.0088	0.606	0.704
11.260	0.0000	0.202	0.187	0.0098	0.603	0.689
11.265	0.0000	0.252	0.139	0.0098	0.606	0.674
11.270	0.0000	0.087	0.151	0.0114	0.640	0.683
11.275	0.0000	0.256	0.146	0.0167	0.456	0.651
11.280	0.0000	0.198	0.277	0.0131	0.303	0.660
11.285	0.0000	0.135	0.268	0.0300	0.135	0.624
11.290	0.0000	0.094	0.344	0.0484	0.049	0.520
11.295	0.0001	0.023	0.307	0.0205	0.044	0.511
11.300	0.0001	0.040	0.317	0.0144	0.028	0.480
11.305	0.0001	0.000	0.334	0.0488	0.023	0.477
11.310	0.0001	0.027	0.277	0.0607	0.042	0.508
11.315	0.0001	0.044	0.280	0.0100	0.089	0.556
11.320	0.0001	0.077	0.238	0.0113	0.232	0.634
11.325	0.0001	0.077	0.236	0.0133	0.410	0.665
11.330	0.0000	0.096	0.244	0.0098	0.592	0.698
11.335	0.0000	0.237	0.208	0.0144	0.443	0.688
11.340	0.0000	0.079	0.212	0.0169	0.446	0.676
11.345	0.0000	0.202	0.147	0.0103	0.624	0.716
11.350	0.0000	0.244	0.143	0.0096	0.620	0.690
11.355	0.0000	0.125	0.157	0.0131	0.610	0.728
11.360	0.0000	0.225	0.100	0.0101	0.756	0.756
11.365	0.0000	0.208	0.124	0.0094	0.736	0.767
11.370	0.0000	0.179	0.136	0.0094	0.812	0.754
11.375	0.0000	0.188	0.141	0.0109	0.816	0.745
11.380	0.0000	0.223	0.137	0.0093	0.835	0.751
11.385	0.0000	0.235	0.171	0.0096	0.823	0.729
11.390	0.0000	0.217	0.117	0.0090	0.813	0.741
11.395	0.0000	0.210	0.106	0.0108	0.858	0.720
11.400	0.0000	0.252	0.098	0.0091	0.870	0.760
11.405	0.0000	0.196	0.134	0.0107	0.874	0.752
11.410	0.0000	0.208	0.120	0.0098	0.864	0.740
11.415	0.0000	0.225	0.078	0.0094	0.889	0.757
11.420	0.0000	0.221	0.111	0.0170	0.952	0.643
11.425	0.0000	0.198	0.131	0.0059	0.973	0.575
11.430	0.0000	0.235	0.126	0.0128	0.881	0.689
11.435	0.0000	0.221	0.086	0.0106	0.778	0.719
11.440	0.0000	0.212	0.142	0.0098	0.817	0.747
11.445	0.0000	0.217	0.141	0.0092	0.837	0.739
11.450	0.0000	0.229	0.138	0.0089	0.858	0.750
11.455	0.0000	0.171	0.160	0.0090	0.888	0.744
11.460	0.0000	0.200	0.135	0.0094	0.889	0.733
11.465	0.0000	0.217	0.123	0.0107	0.847	0.719
11.470	0.0000	0.212	0.122	0.0099	0.804	0.710
11.475	0.0000	0.158	0.151	0.0113	0.869	0.700
11.480	0.0000	0.212	0.225	0.0238	0.607	0.724
11.485	0.0000	0.227	0.249	0.0225	0.101	0.548
11.490	0.0000	0.202	0.016	0.0462	0.022	0.372
11.495	0.0001	0.069	0.361	0.0434	0.002	0.178
11.500	0.0001	0.156	0.506	0.0291	0.001	0.134
11.505	0.0001	0.052	0.521	0.0346	0.001	0.174
11.510	0.0016	0.006	0.444	0.0372	0.005	0.293
11.515	0.0006	0.004	0.412	0.0120	0.017	0.389
11.520	0.0003	0.013	0.213	0.0160	0.145	0.558
11.525	0.0001	0.121	0.188	0.0270	0.147	0.540
11.530	0.0000	0.108	0.293	0.0105	0.049	0.431
11.535	0.0001	0.138	0.338	0.0124	0.067	0.480
11.540	0.0002	0.081	0.358	0.0164	0.134	0.587
11.545	0.0001	0.054	0.368	0.0093	0.217	0.599
11.550	0.0001	0.106	0.241	0.0103	0.492	0.686
11.555	0.0001	0.156	0.118	0.0093	0.708	0.731
11.560	0.0000	0.194	0.171	0.0100	0.768	0.726
11.565	0.0000	0.192	0.136	0.0099	0.785	0.718
11.570	0.0000	0.192	0.134	0.0096	0.820	0.712
11.575	0.0000	0.196	0.113	0.0086	0.863	0.733
11.580	0.0000	0.263	0.152	0.0093	0.894	0.724
11.585	0.0000	0.219	0.170	0.0096	0.900	0.721
11.590	0.0000	0.235	0.137	0.0093	0.885	0.741
11.595	0.0000	0.210	0.129	0.0120	0.745	0.728
11.600	0.0000	0.227	0.153	0.0086	0.680	0.725
11.605	0.0000	0.194	0.155	0.0112	0.781	0.719
11.610	0.0000	0.206	0.175	0.0098	0.821	0.731
11.615	0.0000	0.192	0.182	0.0092	0.859	0.732
11.620	0.0000	0.258	0.186	0.0096	0.865	0.774
11.625	0.0000	0.183	0.178	0.0105	0.881	0.736
11.630	0.0000	0.229	0.169	0.0098	0.894	0.720
11.635	0.0000	0.227	0.182	0.0107	0.909	0.743
11.640	0.0000	0.233	0.153	0.0098	0.891	0.749
11.645	0.0000	0.225	0.153	0.0097	0.832	0.725
11.650	0.0000	0.231	0.175	0.0094	0.834	0.735
11.655	0.0000	0.196	0.169	0.0093	0.817	0.716
11.660	0.0000	0.221	0.104	0.0307	0.358	0.672
11.665	0.0000	0.210	0.354	0.0371	0.068	0.508
11.670	0.0000	0.177	0.471	0.0271	0.018	0.368
11.675	0.0001	0.013	0.489	0.0124	0.020	0.403
11.680	0.0002	0.008	0.226	0.0262	0.089	0.545
11.685	0.0001	0.046	0.060	0.0588	0.026	0.432
11.690	0.0000	0.158	0.379	0.0989	0.001	0.131
11.695	0.0001	0.025	0.446	0.0365	0.000	0.060
11.700	0.0006	0.008	0.641	0.0288	0.000	0.035
11.705	0.0032	0.004	0.595	0.0302	0.000	0.034
11.710	0.0062	0.004	0.498	0.0196	0.000	0.045
11.715	0.0037	0.004	0.489	0.0455	0.000	0.040
11.720	0.0039	0.004	0.470	0.0307	0.000	0.056
11.725	0.0049	0.002	0.308	0.0569	0.000	0.050
11.730	0.0024	0.004	0.411	0.0236	0.000	0.062
11.735	0.0047	0.004	0.435	0.0695	0.000	0.086
11.740	0.0016	0.006	0.448	0.0572	0.000	0.075
11.745	0.0024	0.004	0.569	0.0610	0.000	0.072
11.750	0.0022	0.004	0.540	0.0335	0.000	0.072
11.755	0.0034	0.006	0.279	0.0371	0.001	0.117
11.760	0.0020	0.008	0.356	0.0514	0.000	0.082
11.765	0.0002	0.013	0.258	0.0314	0.000	0.080
11.770	0.0026	0.004	0.468	0.0578	0.000	0.091
11.775	0.0020	0.008	0.336	0.0481	0.000	0.068
11.780	0.0014	0.006	0.484	0.0538	0.000	0.082
11.785	0.0031	0.004	0.353	0.0549	0.000	0.070
11.790	0.0008	0.006	0.465	0.0373	0.000	0.065
11.795	0.0030	0.004	0.317	0.0385	0.000	0.052
11.800	0.0013	0.004	0.285	0.0418	0.000	0.047
11.805	0.0046	0.006	0.327	0.0562	0.000	0.035
11.810	0.0039	0.004	0.637	0.0565	0.000	0.036
11.815	0.0021	0.004	0.699	0.0348	0.000	0.031
11.820	0.0045	0.004	0.755	0.0190	0.000	0.027
11.825	0.0074	0.004	0.752	0.0073	0.000	0.025
11.830	0.0092	0.004	0.769	0.0137	0.000	0.024
11.835	0.0099	0.004	0.750	0.0101	0.000	0.023
11.840	0.0105	0.004	0.760	0.0127	0.000	0.020
11.845	0.0099	0.004	0.758	0.0067	0.000	0.021
11.850	0.0105	0.004	0.729	0.0070	0.000	0.022
11.855	0.0096	0.004	0.746	0.0060	0.000	0.023
11.860	0.0090	0.004	0.752	0.0137	0.000	0.025
11.865	0.0094	0.004	0.742	0.0072	0.000	0.025
11.870	0.0089	0.004	0.742	0.0034	0.000	0.026
11.875	0.0090	0.004	0.739	0.0095	0.000	0.025
11.880	0.0085	0.004	0.743	0.0057	0.000	0.025
11.885	0.0089	0.004	0.743	0.0070	0.000	0.024
11.890	0.0091	0.004	0.748	0.0039	0.000	0.023
11.895	0.0098	0.004	0.747	0.0082	0.000	0.022
11.900	0.0104	0.004	0.749	0.0053	0.000	0.022
11.905	0.0109	0.004	0.748	0.0035	0.000	0.024
11.910	0.0119	0.004	0.639	0.0144	0.000	0.036
11.915	0.0126	0.004	0.709	0.0361	0.000	0.038
11.920	0.0134	0.004	0.718	0.0351	0.000	0.030
11.925	0.0224	0.004	0.697	0.0356	0.000	0.023
11.930	0.0193	0.006	0.718	0.0216	0.000	0.018
11.935	0.0246	0.006	0.715	0.0226	0.000	0.017
11.940	0.0302	0.010	0.757	0.0171	0.000	0.014
11.945	0.0475	0.008	0.751	0.0186	0.000	0.014
11.950	0.0456	0.010	0.732	0.0202	0.000	0.012
11.955	0.0494	0.008	0.734	0.0171	0.000	0.012
11.960	0.0357	0.010	0.763	0.0180	0.000	0.011
11.965	0.0844	0.010	0.783	0.0144	0.000	0.012
11.970	0.1260	0.010	0.801	0.0270	0.000	0.013
11.975	0.1473	0.010	0.748	0.0342	0.000	0.014
11.980	0.1464	0.010	0.706	0.0338	0.000	0.017
11.985	0.1148	0.010	0.738	0.0207	0.000	0.018
11.990	0.0720	0.015	0.772	0.0200	0.000	0.018
11.995	0.1115	0.017	0.782	0.0155	0.000	0.016
12.000	0.1601	0.015	0.785	0.0107	0.000	0.015
12.005	0.1551	0.015	0.791	0.0210	0.000	0.015
12.010	0.1198	0.017	0.804	0.0077	0.000	0.016
12.015	0.1476	0.015	0.768	0.0141	0.000	0.016
12.020	0.1949	0.017	0.767	0.0279	0.000	0.015
12.025	0.1847	0.015	0.773	0.0227	0.000	0.015
12.030	0.2026	0.019	0.720	0.0163	0.000	0.016
12.035	0.1761	0.021	0.627	0.0263	0.001	0.018
12.040	0.1247	0.023	0.681	0.0208	0.001	0.018
12.045	0.1289	0.013	0.750	0.0118	0.002	0.018
12.050	0.1553	0.019	0.726	0.0175	0.003	0.016
12.055	0.1460	0.021	0.670	0.0207	0.003	0.014
12.060	0.1154	0.019	0.605	0.0200	0.004	0.013
12.065	0.0711	0.023	0.618	0.0234	0.006	0.012
12.070	0.0638	0.027	0.627	0.0214	0.006	0.013
12.075	0.0713	0.023	0.643	0.0250	0.006	0.013
12.080	0.0611	0.027	0.728	0.0143	0.006	0.012
12.085	0.0963	0.027	0.743	0.0097	0.005	0.012
12.090	0.1127	0.025	0.746	0.0063	0.006	0.011
12.095	0.1393	0.025	0.711	0.0098	0.007	0.011
12.100	0.1475	0.031	0.649	0.0186	0.007	0.010
12.105	0.1360	0.025	0.627	0.0251	0.006	0.011
12.110	0.1363	0.027	0.582	0.0232	0.004	0.010
12.115	0.1364	0.027	0.583	0.0275	0.004	0.010
12.120	0.1312	0.027	0.562	0.0229	0.003	0.011
12.125	0.1011	0.029	0.588	0.0216	0.002	0.012
12.130	0.0641	0.029	0.558	0.0215	0.002	0.014
12.135	0.0493	0.025	0.522	0.0258	0.001	0.016
12.140	0.0473	0.019	0.588	0.0225	0.000	0.017
12.145	0.0536	0.021	0.600	0.0232	0.000	0.015
12.150	0.0477	0.021	0.686	0.0179	0.001	0.016
12.155	0.0367	0.019	0.689	0.0177	0.000	0.019
12.160	0.0565	0.023	0.562	0.0293	0.000	0.026
12.165	0.0508	0.015	0.496	0.0439	0.000	0.038
12.170	0.0214	0.013	0.668	0.0395	0.000	0.043
12.175	0.0147	0.004	0.775	0.0276	0.000	0.051
12.180	0.0181	0.006	0.680	0.0154	0.000	0.054
12.185	0.0144	0.004	0.599	0.0180	0.000	0.068
12.190	0.0090	0.006	0.509	0.0235	0.001	0.089
12.195	0.0042	0.008	0.550	0.0219	0.001	0.096
12.200	0.0031	0.013	0.518	0.0234	0.001	0.088
12.205	0.0024	0.015	0.539	0.0260	0.001	0.101
12.210	0.0028	0.027	0.321	0.0192	0.016	0.125
12.215	0.0024	0.021	0.292	0.0233	0.080	0.143
12.220	0.0022	0.019	0.243	0.0113	0.078	0.142
12.225	0.0025	0.058	0.200	0.0155	0.129	0.170
12.230	0.0047	0.048	0.184	0.0153	0.143	0.215
12.235	0.0030	0.067	0.233	0.0165	0.202	0.233
12.240	0.0030	0.060	0.222	0.0149	0.268	0.214
12.245	0.0029	0.073	0.186	0.0156	0.326	0.211
12.250	0.0068	0.075	0.229	0.0131	0.308	0.194
12.255	0.0070	0.100	0.174	0.0149	0.302	0.201
12.260	0.0122	0.081	0.196	0.0152	0.403	0.179
12.265	0.0101	0.092	0.278	0.0134	0.402	0.158
12.270	0.0140	0.094	0.217	0.0133	0.390	0.167
12.275	0.0130	0.092	0.192	0.0152	0.403	0.180
12.280	0.0111	0.121	0.169	0.0165	0.362	0.175
12.285	0.0141	0.106	0.178	0.0125	0.344	0.184
12.290	0.0161	0.106	0.235	0.0126	0.514	0.188
12.295	0.0135	0.127	0.204	0.0173	0.442	0.184
12.300	0.0149	0.106	0.256	0.0153	0.403	0.182
12.305	0.0146	0.098	0.212	0.0134	0.418	0.186
12.310	0.0141	0.102	0.146	0.0152	0.371	0.195
12.315	0.0139	0.104	0.169	0.0173	0.348	0.186
12.320	0.0083	0.100	0.184	0.0150	0.392	0.185
12.325	0.0100	0.092	0.168	0.0151	0.395	0.215
12.330	0.0056	0.087	0.190	0.0164	0.140	0.274
12.335	0.0036	0.079	0.195	0.0186	0.107	0.304
12.340	0.0016	0.067	0.261	0.0142	0.089	0.364
12.345	0.0013	0.048	0.202	0.0248	0.059	0.387
12.350	0.0007	0.010	0.217	0.0225	0.067	0.408
12.355	0.0003	0.056	0.314	0.0128	0.078	0.420
12.360	0.0005	0.069	0.218	0.0166	0.059	0.391
12.365	0.0006	0.040	0.217	0.0246	0.098	0.346
12.370	0.0006	0.023	0.153	0.0219	0.165	0.276
12.375	0.0004	0.079	0.115	0.0131	0.233	0.262
12.380	0.0011	0.092	0.127	0.0108	0.343	0.218
12.385	0.0031	0.087	0.130	0.0096	0.467	0.212
12.390	0.0052	0.106	0.115	0.0138	0.796	0.227
12.395	0.0062	0.117	0.121	0.0132	0.870	0.217
12.400	0.0052	0.146	0.143	0.0144	0.852	0.197
12.405	0.0086	0.135	0.359	0.0371	0.488	0.174
12.410	0.0064	0.106	0.719	0.0487	0.012	0.093
12.415	0.0044	0.050	0.807	0.0352	0.002	0.074
12.420	0.0211	0.006	0.843	0.0148	0.001	0.063
12.425	0.0317	0.008	0.845	0.0096	0.001	0.056
12.430	0.0313	0.006	0.839	0.0126	0.000	0.052
12.435	0.0396	0.006	0.796	0.0172	0.000	0.053
12.440	0.0320	0.006	0.690	0.0266	0.000	0.059
12.445	0.0315	0.006	0.647	0.0340	0.000	0.067
12.450	0.0189	0.004	0.746	0.0173	0.000	0.063
12.455	0.0169	0.015	0.709	0.0250	0.000	0.056
12.460	0.0207	0.008	0.716	0.0210	0.000	0.048
12.465	0.0195	0.010	0.737	0.0219	0.000	0.043
12.470	0.0176	0.013	0.725	0.0185	0.000	0.036
12.475	0.0091	0.010	0.709	0.0197	0.000	0.033
12.480	0.0168	0.008	0.691	0.0189	0.000	0.031
12.485	0.0312	0.010	0.685	0.0153	0.000	0.029
12.490	0.0301	0.017	0.714	0.0129	0.000	0.036
12.495	0.0285	0.013	0.714	0.0129	0.001	0.042
12.500	0.0306	0.013	0.697	0.0131	0.001	0.042
12.505	0.0321	0.017	0.582	0.0217	0.001	0.042
12.510	0.0377	0.021	0.600	0.0211	0.002	0.036
12.515	0.0395	0.023	0.626	0.0168	0.002	0.030
12.520	0.0582	0.017	0.620	0.0136	0.004	0.028
12.525	0.0661	0.013	0.602	0.0185	0.008	0.028
12.530	0.0530	0.013	0.602	0.0166	0.010	0.022
12.535	0.0463	0.017	0.591	0.0172	0.010	0.023
12.540	0.0362	0.015	0.392	0.0277	0.005	0.026
12.545	0.0380	0.019	0.433	0.0352	0.003	0.026
12.550	0.0361	0.017	0.454	0.0189	0.002	0.025
12.555	0.0462	0.013	0.506	0.0176	0.002	0.024
12.560	0.0627	0.015	0.481	0.0311	0.002	0.033
12.565	0.0453	0.021	0.483	0.0277	0.002	0.037
12.570	0.0209	0.015	0.690	0.0294	0.001	0.041
12.575	0.0390	0.015	0.652	0.0323	0.000	0.038
12.580	0.0241	0.015	0.626	0.0246	0.000	0.053
12.585	0.0295	0.015	0.541	0.0130	0.001	0.057
12.590	0.0171	0.021	0.366	0.0324	0.001	0.074
12.595	0.0130	0.015	0.508	0.0205	0.001	0.062
12.600	0.0080	0.013	0.390	0.0459	0.001	0.062
12.605	0.0176	0.019	0.573	0.0260	0.000	0.053
12.610	0.0107	0.015	0.550	0.0370	0.000	0.048
12.615	0.0170	0.015	0.575	0.0306	0.000	0.053
12.620	0.0141	0.015	0.569	0.0195	0.000	0.046
12.625	0.0180	0.015	0.459	0.0260	0.000	0.046
12.630	0.0129	0.015	0.402	0.0227	0.001	0.044
12.635	0.0207	0.015	0.369	0.0356	0.001	0.043
12.640	0.0104	0.015	0.382	0.0327	0.001	0.041
12.645	0.0132	0.019	0.450	0.0180	0.002	0.038
12.650	0.0138	0.023	0.364	0.0191	0.002	0.044
12.655	0.0277	0.025	0.352	0.0253	0.003	0.047
12.660	0.0277	0.033	0.635	0.0189	0.002	0.050
12.665	0.0230	0.025	0.658	0.0157	0.001	0.048
12.670	0.0263	0.025	0.611	0.0222	0.001	0.050
12.675	0.0230	0.021	0.596	0.0273	0.001	0.059
12.680	0.0181	0.017	0.643	0.0382	0.000	0.055
12.685	0.0141	0.017	0.749	0.0243	0.000	0.053
12.690	0.0182	0.004	0.772	0.0215	0.000	0.048
12.695	0.0188	0.004	0.744	0.0128	0.000	0.049
12.700	0.0181	0.004	0.754	0.0271	0.000	0.048
12.705	0.0166	0.004	0.762	0.0085	0.000	0.045
12.710	0.0153	0.004	0.761	0.0128	0.000	0.045
12.715	0.0161	0.006	0.775	0.0182	0.000	0.043
12.720	0.0166	0.004	0.749	0.0078	0.000	0.044
12.725	0.0164	0.004	0.751	0.0125	0.000	0.045
12.730	0.0148	0.004	0.770	0.0090	0.000	0.044
12.735	0.0140	0.004	0.748	0.0108	0.000	0.046
12.740	0.0129	0.004	0.700	0.0154	0.000	0.048
12.745	0.0110	0.004	0.687	0.0194	0.000	0.056
12.750	0.0079	0.004	0.730	0.0134	0.000	0.056
12.755	0.0070	0.004	0.727	0.0225	0.000	0.055
12.760	0.0070	0.004	0.716	0.0096	0.000	0.066
12.765	0.0067	0.004	0.687	0.0240	0.000	0.058
12.770	0.0059	0.004	0.718	0.0159	0.000	0.055
12.775	0.0054	0.002	0.720	0.0126	0.000	0.055
12.780	0.0052	0.008	0.653	0.0195	0.000	0.047
12.785	0.0050	0.008	0.661	0.0214	0.000	0.039
12.790	0.0065	0.008	0.678	0.0307	0.000	0.034
12.795	0.0089	0.008	0.630	0.0303	0.000	0.030
12.800	0.0115	0.008	0.679	0.0228	0.000	0.023
12.805	0.0135	0.010	0.691	0.0188	0.000	0.018
12.810	0.0174	0.008	0.727	0.0291	0.000	0.017
12.815	0.0189	0.008	0.797	0.0172	0.000	0.020
12.820	0.0246	0.010	0.741	0.0243	0.000	0.021
12.825	0.0339	0.010	0.675	0.0249	0.000	0.024
12.830	0.0303	0.008	0.597	0.0191	0.001	0.032
12.835	0.0194	0.010	0.652	0.0285	0.002	0.030
12.840	0.0289	0.015	0.732	0.0194	0.003	0.029
12.845	0.0433	0.015	0.750	0.0168	0.002	0.027
12.850	0.0496	0.013	0.720	0.0164	0.002	0.027
12.855	0.0493	0.015	0.698	0.0175	0.004	0.030
12.860	0.0416	0.019	0.730	0.0113	0.007	0.029
12.865	0.0379	0.017	0.754	0.0127	0.006	0.027
12.870	0.0428	0.019	0.766	0.0096	0.006	0.023
12.875	0.0453	0.019	0.761	0.0075	0.006	0.022
12.880	0.0446	0.017	0.762	0.0095	0.004	0.019
12.885	0.0494	0.019	0.762	0.0087	0.003	0.019
12.890	0.0508	0.017	0.747	0.0132	0.003	0.021
12.895	0.0529	0.017	0.739	0.0112	0.002	0.021
12.900	0.0499	0.019	0.746	0.0137	0.002	0.020
12.905	0.0469	0.017	0.751	0.0089	0.002	0.019
12.910	0.0440	0.017	0.747	0.0102	0.002	0.018
12.915	0.0390	0.017	0.755	0.0107	0.001	0.017
12.920	0.0384	0.017	0.742	0.0128	0.002	0.018
12.925	0.0440	0.017	0.732	0.0131	0.002	0.018
12.930	0.0504	0.017	0.730	0.0102	0.002	0.018
12.935	0.0519	0.017	0.735	0.0103	0.002	0.018
12.940	0.0549	0.017	0.741	0.0114	0.001	0.017
12.945	0.0535	0.017	0.733	0.0150	0.001	0.016
12.950	0.0512	0.017	0.711	0.0176	0.001	0.018
12.955	0.0502	0.013	0.701	0.0172	0.001	0.020
12.960	0.0536	0.013	0.676	0.0219	0.001	0.023
12.965	0.0569	0.013	0.655	0.0245	0.001	0.028
12.970	0.0482	0.013	0.713	0.0181	0.001	0.030
12.975	0.0446	0.013	0.734	0.0215	0.001	0.028
12.980	0.0540	0.008	0.738	0.0176	0.000	0.026
12.985	0.0597	0.008	0.745	0.0176	0.000	0.025
12.990	0.0617	0.008	0.753	0.0064	0.000	0.025
12.995	0.0626	0.008	0.750	0.0079	0.000	0.024
13.000	0.0608	0.008	0.741	0.0091	0.000	0.023
13.005	0.0581	0.008	0.735	0.0067	0.000	0.024
13.010	0.0560	0.008	0.738	0.0151	0.000	0.024
13.015	0.0545	0.008	0.736	0.0086	0.000	0.022
13.020	0.0555	0.008	0.747	0.0214	0.000	0.021
13.025	0.0561	0.008	0.732	0.0105	0.000	0.021
13.030	0.0566	0.008	0.766	0.0102	0.000	0.022
13.035	0.0578	0.008	0.778	0.0076	0.000	0.022
13.040	0.0653	0.010	0.764	0.0225	0.000	0.022
13.045	0.0747	0.008	0.728	0.0254	0.000	0.025
13.050	0.0731	0.008	0.735	0.0185	0.001	0.028
13.055	0.0617	0.008	0.745	0.0157	0.001	0.027
13.060	0.0524	0.015	0.762	0.0153	0.001	0.026
13.065	0.0603	0.013	0.744	0.0107	0.001	0.025
13.070	0.0457	0.019	0.700	0.0210	0.001	0.022
13.075	0.0391	0.017	0.713	0.0233	0.001	0.021
13.080	0.0463	0.015	0.705	0.0243	0.001	0.021
13.085	0.0579	0.013	0.741	0.0213	0.000	0.021
13.090	0.0646	0.021	0.760	0.0078	0.000	0.020
13.095	0.0987	0.021	0.699	0.0094	0.000	0.020
13.100	0.1260	0.023	0.651	0.0163	0.001	0.025
13.105	0.1078	0.017	0.682	0.0136	0.001	0.028
13.110	0.0801	0.019	0.728	0.0137	0.001	0.029
13.115	0.0892	0.017	0.727	0.0134	0.001	0.029
13.120	0.0836	0.019	0.728	0.0136	0.001	0.023
13.125	0.0933	0.017	0.738	0.0146	0.000	0.020
13.130	0.1114	0.021	0.742	0.0095	0.000	0.021
13.135	0.1250	0.023	0.747	0.0109	0.001	0.020
13.140	0.1381	0.023	0.743	0.0098	0.001	0.019
13.145	0.1446	0.023	0.726	0.0109	0.001	0.020
13.150	0.1400	0.021	0.738	0.0138	0.001	0.022
13.155	0.1302	0.023	0.722	0.0125	0.001	0.022
13.160	0.1258	0.017	0.710	0.0111	0.001	0.025
13.165	0.1057	0.019	0.687	0.0119	0.001	0.024
13.170	0.0920	0.021	0.653	0.0149	0.000	0.027
13.175	0.0894	0.023	0.654	0.0186	0.000	0.029
13.180	0.0617	0.013	0.572	0.0209	0.000	0.033
13.185	0.0492	0.013	0.411	0.0251	0.000	0.039
13.190	0.0531	0.013	0.273	0.0714	0.000	0.074
13.195	0.0156	0.015	0.682	0.0624	0.000	0.069
13.200	0.0130	0.004	0.769	0.0162	0.000	0.066
13.205	0.0147	0.004	0.639	0.0171	0.000	0.074
13.210	0.0130	0.004	0.468	0.0113	0.038	0.230
13.215	0.0066	0.013	0.344	0.0102	0.097	0.272
13.220	0.0029	0.060	0.470	0.0406	0.010	0.213
13.225	0.0031	0.021	0.439	0.0193	0.003	0.171
13.230	0.0028	0.027	0.404	0.0218	0.006	0.157
13.235	0.0023	0.017	0.296	0.0156	0.029	0.148
13.240	0.0019	0.029	0.253	0.0160	0.067	0.191
13.245	0.0026	0.060	0.251	0.0158	0.173	0.212
13.250	0.0035	0.062	0.257	0.0144	0.262	0.228
13.255	0.0033	0.075	0.131	0.0145	0.227	0.223
13.260	0.0050	0.067	0.230	0.0171	0.308	0.234
13.265	0.0052	0.098	0.229	0.0137	0.279	0.227
13.270	0.0055	0.087	0.199	0.0167	0.180	0.199
13.275	0.0094	0.094	0.245	0.0167	0.230	0.186
13.280	0.0165	0.085	0.320	0.0170	0.241	0.173
13.285	0.0113	0.087	0.338	0.0145	0.198	0.165
13.290	0.0120	0.069	0.213	0.0149	0.331	0.183
13.295	0.0077	0.092	0.225	0.0193	0.286	0.190
13.300	0.0048	0.085	0.426	0.0544	0.054	0.113
13.305	0.0048	0.069	0.655	0.0553	0.006	0.082
13.310	0.0059	0.031	0.794	0.0285	0.001	0.048
13.315	0.0228	0.010	0.790	0.0190	0.000	0.042
13.320	0.0235	0.006	0.769	0.0198	0.000	0.040
13.325	0.0185	0.006	0.755	0.0170	0.000	0.037
13.330	0.0304	0.010	0.794	0.0125	0.000	0.038
13.335	0.0248	0.006	0.787	0.0143	0.000	0.039
13.340	0.0183	0.004	0.742	0.0171	0.000	0.043
13.345	0.0081	0.004	0.753	0.0144	0.000	0.043
13.350	0.0198	0.013	0.765	0.0082	0.000	0.045
13.355	0.0202	0.006	0.755	0.0089	0.001	0.046
13.360	0.0207	0.013	0.784	0.0096	0.001	0.048
13.365	0.0191	0.004	0.784	0.0087	0.000	0.045
13.370	0.0119	0.006	0.770	0.0078	0.001	0.044
13.375	0.0122	0.004	0.773	0.0077	0.001	0.046
13.380	0.0089	0.004	0.737	0.0102	0.003	0.049
13.385	0.0062	0.004	0.745	0.0098	0.004	0.050
13.390	0.0074	0.008	0.734	0.0085	0.005	0.053
13.395	0.0142	0.008	0.731	0.0119	0.007	0.056
13.400	0.0165	0.013	0.718	0.0115	0.012	0.053
13.405	0.0169	0.010	0.706	0.0124	0.015	0.051
13.410	0.0174	0.025	0.694	0.0135	0.015	0.044
13.415	0.0201	0.023	0.697	0.0117	0.017	0.041
13.420	0.0234	0.017	0.722	0.0104	0.015	0.034
13.425	0.0267	0.017	0.732	0.0069	0.011	0.035
13.430	0.0308	0.017	0.746	0.0068	0.009	0.035
13.435	0.0328	0.013	0.745	0.0055	0.009	0.035
13.440	0.0336	0.017	0.724	0.0100	0.007	0.032
13.445	0.0316	0.017	0.727	0.0122	0.005	0.031
13.450	0.0318	0.017	0.728	0.0153	0.003	0.030
13.455	0.0336	0.017	0.732	0.0125	0.002	0.031
13.460	0.0344	0.010	0.668	0.0117	0.003	0.041
13.465	0.0298	0.019	0.618	0.0203	0.003	0.049
13.470	0.0201	0.021	0.652	0.0173	0.003	0.056
13.475	0.0133	0.019	0.682	0.0137	0.003	0.062
13.480	0.0063	0.025	0.690	0.0126	0.003	0.063
13.485	0.0040	0.015	0.644	0.0139	0.004	0.072
13.490	0.0034	0.019	0.665	0.0126	0.004	0.080
13.495	0.0029	0.015	0.668	0.0161	0.002	0.080
13.500	0.0028	0.013	0.693	0.0096	0.002	0.073
13.505	0.0033	0.013	0.669	0.0218	0.002	0.068
13.510	0.0036	0.017	0.703	0.0138	0.002	0.064
13.515	0.0047	0.010	0.684	0.0181	0.002	0.056
13.520	0.0049	0.008	0.660	0.0177	0.002	0.054
13.525	0.0060	0.008	0.659	0.0149	0.002	0.047
13.530	0.0077	0.013	0.671	0.0139	0.002	0.038
13.535	0.0100	0.008	0.680	0.0133	0.002	0.032
13.540	0.0135	0.008	0.729	0.0120	0.002	0.029
13.545	0.0176	0.008	0.742	0.0099	0.001	0.027
13.550	0.0231	0.008	0.743	0.0100	0.001	0.025
13.555	0.0271	0.008	0.727	0.0115	0.001	0.028
13.560	0.0280	0.008	0.734	0.0175	0.000	0.028
13.565	0.0277	0.008	0.729	0.0159	0.000	0.029
13.570	0.0285	0.013	0.743	0.0103	0.000	0.027
13.575	0.0308	0.008	0.734	0.0114	0.000	0.027
13.580	0.0321	0.008	0.738	0.0105	0.000	0.027
13.585	0.0300	0.006	0.742	0.0147	0.000	0.026
13.590	0.0274	0.008	0.741	0.0093	0.000	0.025
13.595	0.0245	0.008	0.736	0.0146	0.000	0.026
13.600	0.0253	0.008	0.728	0.0150	0.001	0.026
13.605	0.0228	0.006	0.721	0.0106	0.001	0.026
13.610	0.0173	0.008	0.733	0.0140	0.002	0.027
13.615	0.0131	0.008	0.718	0.0210	0.002	0.030
13.620	0.0154	0.017	0.730	0.0121	0.003	0.030
13.625	0.0163	0.015	0.716	0.0094	0.004	0.027
13.630	0.0152	0.013	0.709	0.0173	0.005	0.027
13.635	0.0140	0.021	0.702	0.0216	0.004	0.030
13.640	0.0167	0.019	0.691	0.0112	0.003	0.033
13.645	0.0205	0.013	0.711	0.0080	0.002	0.032
13.650	0.0198	0.013	0.657	0.0214	0.002	0.029
13.655	0.0198	0.013	0.651	0.0166	0.002	0.030
13.660	0.0237	0.013	0.644	0.0178	0.003	0.035
13.665	0.0247	0.008	0.676	0.0215	0.003	0.033
13.670	0.0245	0.008	0.709	0.0199	0.001	0.029
13.675	0.0251	0.008	0.716	0.0200	0.000	0.028
13.680	0.0259	0.008	0.738	0.0194	0.000	0.029
13.685	0.0280	0.008	0.719	0.0187	0.000	0.031
13.690	0.0299	0.008	0.648	0.0352	0.000	0.041
13.695	0.0246	0.008	0.662	0.0154	0.000	0.052
13.700	0.0168	0.013	0.641	0.0169	0.001	0.097
13.705	0.0118	0.004	0.605	0.0155	0.004	0.148
13.710	0.0078	0.008	0.502	0.0144	0.036	0.184
13.715	0.0067	0.013	0.372	0.0161	0.104	0.206
13.720	0.0038	0.050	0.159	0.0132	0.194	0.236
13.725	0.0041	0.077	0.151	0.0153	0.194	0.234
13.730	0.0041	0.079	0.171	0.0121	0.146	0.214
13.735	0.0049	0.092	0.176	0.0140	0.207	0.204
13.740	0.0058	0.083	0.233	0.0130	0.223	0.184
13.745	0.0065	0.087	0.161	0.0150	0.209	0.188
13.750	0.0060	0.087	0.229	0.0150	0.245	0.172
13.755	0.0056	0.085	0.229	0.0129	0.238	0.157
13.760	0.0081	0.083	0.204	0.0132	0.328	0.181
13.765	0.0073	0.083	0.139	0.0165	0.326	0.183
13.770	0.0042	0.092	0.147	0.0169	0.260	0.164
13.775	0.0058	0.087	0.139	0.0152	0.196	0.167
13.780	0.0060	0.079	0.146	0.0164	0.305	0.183
13.785	0.0059	0.077	0.190	0.0186	0.245	0.172
13.790	0.0040	0.092	0.249	0.0172	0.212	0.133
13.795	0.0089	0.090	0.239	0.0141	0.202	0.135
13.800	0.0094	0.090	0.208	0.0143	0.349	0.156
13.805	0.0063	0.071	0.205	0.0158	0.409	0.147
13.810	0.0045	0.085	0.183	0.0156	0.216	0.142
13.815	0.0045	0.094	0.183	0.0111	0.221	0.145
13.820	0.0060	0.081	0.199	0.0155	0.360	0.176
13.825	0.0044	0.100	0.118	0.0200	0.234	0.176
13.830	0.0040	0.087	0.334	0.0578	0.011	0.107
13.835	0.0030	0.054	0.528	0.0514	0.001	0.059
13.840	0.0052	0.017	0.697	0.0326	0.000	0.035
13.845	0.0257	0.010	0.764	0.0149	0.000	0.031
13.850	0.0315	0.008	0.740	0.0152	0.000	0.031
13.855	0.0205	0.010	0.701	0.0177	0.001	0.033
13.860	0.0259	0.010	0.671	0.0202	0.002	0.034
13.865	0.0325	0.008	0.692	0.0196	0.002	0.032
13.870	0.0356	0.015	0.690	0.0173	0.001	0.032
13.875	0.0440	0.019	0.699	0.0167	0.001	0.028
13.880	0.0517	0.017	0.718	0.0142	0.001	0.028
13.885	0.0610	0.017	0.730	0.0134	0.001	0.027
13.890	0.0687	0.013	0.724	0.0112	0.001	0.028
13.895	0.0737	0.013	0.719	0.0142	0.001	0.028
13.900	0.0773	0.013	0.733	0.0108	0.000	0.027
13.905	0.0821	0.013	0.733	0.0140	0.001	0.026
13.910	0.0832	0.013	0.734	0.0114	0.001	0.025
13.915	0.0758	0.013	0.731	0.0138	0.001	0.025
13.920	0.0605	0.013	0.733	0.0091	0.001	0.026
13.925	0.0581	0.010	0.735	0.0101	0.001	0.027
13.930	0.0473	0.013	0.735	0.0093	0.001	0.030
13.935	0.0465	0.010	0.724	0.0056	0.001	0.030
13.940	0.0456	0.013	0.738	0.0104	0.001	0.032
13.945	0.0539	0.010	0.722	0.0074	0.002	0.034
13.950	0.0506	0.013	0.722	0.0071	0.002	0.033
13.955	0.0525	0.013	0.719	0.0121	0.002	0.032
13.960	0.0513	0.010	0.718	0.0099	0.002	0.033
13.965	0.0499	0.013	0.725	0.0057	0.002	0.033
13.970	0.0583	0.013	0.706	0.0133	0.002	0.034
13.975	0.0566	0.010	0.732	0.0059	0.002	0.036
13.980	0.0589	0.013	0.717	0.0099	0.002	0.035
13.985	0.0600	0.013	0.705	0.0104	0.003	0.035
13.990	0.0546	0.010	0.685	0.0108	0.005	0.044
13.995	0.0437	0.017	0.668	0.0176	0.007	0.046
14.000	0.0355	0.008	0.703	0.0141	0.009	0.051
14.005	0.0325	0.017	0.672	0.0199	0.010	0.058
14.010	0.0314	0.010	0.630	0.0178	0.009	0.068
14.015	0.0186	0.008	0.501	0.0212	0.008	0.077
14.020	0.0115	0.006	0.381	0.0463	0.005	0.095
14.025	0.0030	0.021	0.537	0.0389	0.001	0.093
14.030	0.0068	0.004	0.727	0.0131	0.000	0.079
14.035	0.0076	0.002	0.732	0.0102	0.000	0.072
14.040	0.0066	0.004	0.661	0.0154	0.000	0.069
14.045	0.0068	0.004	0.422	0.0225	0.002	0.112
14.050	0.0070	0.004	0.333	0.0458	0.008	0.085
14.055	0.0061	0.004	0.539	0.0194	0.008	0.066
14.060	0.0125	0.006	0.599	0.0138	0.011	0.055
14.065	0.0345	0.008	0.603	0.0272	0.012	0.052
14.070	0.0324	0.017	0.668	0.0160	0.008	0.043
14.075	0.0218	0.021	0.637	0.0152	0.007	0.034
14.080	0.0174	0.017	0.642	0.0175	0.006	0.026
14.085	0.0283	0.015	0.657	0.0192	0.005	0.025
14.090	0.0357	0.021	0.627	0.0193	0.003	0.020
14.095	0.0449	0.010	0.639	0.0171	0.002	0.021
14.100	0.0613	0.015	0.675	0.0130	0.001	0.021
14.105	0.0656	0.013	0.700	0.0064	0.002	0.021
14.110	0.0639	0.019	0.703	0.0075	0.002	0.019
14.115	0.0510	0.015	0.672	0.0142	0.003	0.019
14.120	0.0368	0.015	0.686	0.0078	0.003	0.019
14.125	0.0380	0.015	0.691	0.0060	0.004	0.019
14.130	0.0388	0.013	0.690	0.0049	0.004	0.020
14.135	0.0484	0.013	0.724	0.0041	0.004	0.024
14.140	0.0603	0.015	0.725	0.0051	0.003	0.024
14.145	0.0584	0.017	0.707	0.0068	0.003	0.023
14.150	0.0475	0.015	0.701	0.0083	0.003	0.024
14.155	0.0344	0.015	0.682	0.0070	0.002	0.022
14.160	0.0378	0.015	0.656	0.0147	0.001	0.025
14.165	0.0393	0.015	0.657	0.0141	0.001	0.025
14.170	0.0532	0.010	0.610	0.0210	0.000	0.026
14.175	0.0624	0.010	0.525	0.0179	0.000	0.029
14.180	0.0530	0.010	0.352	0.0401	0.000	0.041
14.185	0.0240	0.008	0.231	0.0393	0.000	0.054
14.190	0.0062	0.010	0.572	0.0277	0.000	0.066
14.195	0.0040	0.008	0.675	0.0129	0.000	0.062
14.200	0.0072	0.006	0.678	0.0257	0.000	0.059
14.205	0.0068	0.013	0.690	0.0137	0.000	0.063
14.210	0.0065	0.004	0.714	0.0206	0.000	0.065
14.215	0.0054	0.004	0.685	0.0128	0.000	0.060
14.220	0.0033	0.002	0.653	0.0100	0.000	0.063
14.225	0.0032	0.008	0.640	0.0184	0.000	0.069
14.230	0.0029	0.013	0.625	0.0245	0.000	0.077
14.235	0.0042	0.002	0.580	0.0263	0.000	0.085
14.240	0.0035	0.004	0.213	0.0348	0.000	0.098
14.245	0.0038	0.004	0.305	0.0436	0.000	0.078
14.250	0.0020	0.006	0.260	0.0225	0.001	0.051
14.255	0.0057	0.013	0.365	0.0352	0.001	0.047
14.260	0.0168	0.021	0.522	0.0214	0.001	0.054
14.265	0.0060	0.025	0.630	0.0189	0.002	0.052
14.270	0.0165	0.021	0.684	0.0107	0.003	0.048
14.275	0.0303	0.015	0.652	0.0152	0.003	0.047
14.280	0.0388	0.013	0.584	0.0174	0.003	0.043
14.285	0.0346	0.023	0.510	0.0213	0.004	0.042
14.290	0.0446	0.010	0.351	0.0267	0.004	0.062
14.295	0.0390	0.008	0.181	0.0429	0.002	0.088
14.300	0.0098	0.017	0.456	0.0513	0.001	0.093
14.305	0.0071	0.006	0.642	0.0215	0.000	0.089
14.310	0.0044	0.004	0.630	0.0192	0.000	0.091
14.315	0.0035	0.004	0.663	0.0146	0.000	0.083
14.320	0.0027	0.004	0.625	0.0255	0.000	0.088
14.325	0.0041	0.004	0.523	0.0397	0.000	0.075
14.330	0.0046	0.010	0.339	0.0369	0.000	0.090
14.335	0.0048	0.017	0.396	0.0365	0.001	0.098
14.340	0.0018	0.008	0.433	0.0174	0.003	0.098
14.345	0.0059	0.015	0.265	0.0241	0.003	0.105
14.350	0.0013	0.019	0.435	0.0310	0.002	0.097
14.355	0.0024	0.004	0.339	0.0203	0.003	0.112
14.360	0.0064	0.004	0.218	0.0373	0.004	0.116
14.365	0.0016	0.015	0.322	0.0255	0.005	0.096
14.370	0.0040	0.010	0.340	0.0257	0.012	0.076
14.375	0.0140	0.021	0.462	0.0216	0.010	0.070
14.380	0.0281	0.023	0.639	0.0133	0.006	0.056
14.385	0.0557	0.029	0.613	0.0084	0.007	0.059
14.390	0.0813	0.019	0.563	0.0197	0.016	0.063
14.395	0.0572	0.027	0.682	0.0135	0.018	0.055
14.400	0.0540	0.033	0.715	0.0074	0.017	0.052
14.405	0.0527	0.023	0.685	0.0128	0.018	0.045
14.410	0.0535	0.031	0.716	0.0086	0.014	0.043
14.415	0.0549	0.033	0.726	0.0067	0.011	0.041
14.420	0.0552	0.025	0.739	0.0069	0.009	0.039
14.425	0.0567	0.025	0.740	0.0050	0.008	0.036
14.430	0.0578	0.029	0.740	0.0055	0.006	0.033
14.435	0.0578	0.033	0.736	0.0063	0.006	0.033
14.440	0.0573	0.033	0.697	0.0104	0.006	0.031
14.445	0.0558	0.031	0.630	0.0134	0.005	0.032
14.450	0.0484	0.023	0.610	0.0173	0.003	0.034
14.455	0.0338	0.021	0.680	0.0181	0.003	0.034
14.460	0.0277	0.013	0.755	0.0057	0.002	0.028
14.465	0.0303	0.017	0.741	0.0044	0.002	0.028
14.470	0.0297	0.017	0.715	0.0052	0.002	0.038
14.475	0.0293	0.019	0.629	0.0114	0.002	0.043
14.480	0.0315	0.017	0.651	0.0113	0.003	0.044
14.485	0.0368	0.021	0.683	0.0126	0.004	0.044
14.490	0.0543	0.025	0.709	0.0135	0.004	0.041
14.495	0.0617	0.031	0.729	0.0068	0.005	0.037
14.500	0.0679	0.033	0.739	0.0059	0.005	0.023
14.505	0.0744	0.035	0.727	0.0064	0.005	0.026
14.510	0.0760	0.037	0.709	0.0097	0.006	0.028
14.515	0.0751	0.033	0.710	0.0083	0.006	0.031
14.520	0.0744	0.029	0.734	0.0070	0.006	0.029
14.525	0.0759	0.037	0.735	0.0057	0.006	0.030
14.530	0.0763	0.037	0.747	0.0059	0.006	0.028
14.535	0.0743	0.035	0.743	0.0045	0.006	0.026
14.540	0.0753	0.037	0.738	0.0052	0.007	0.025
14.545	0.0745	0.037	0.733	0.0069	0.007	0.024
14.550	0.0767	0.035	0.735	0.0066	0.007	0.025
14.555	0.0777	0.037	0.740	0.0065	0.007	0.024
14.560	0.0782	0.035	0.744	0.0040	0.008	0.026
14.565	0.0676	0.037	0.720	0.0082	0.010	0.028
14.570	0.0561	0.035	0.706	0.0066	0.013	0.030
14.575	0.0301	0.037	0.697	0.0092	0.014	0.032
14.580	0.0201	0.035	0.710	0.0089	0.013	0.034
14.585	0.0178	0.035	0.721	0.0074	0.013	0.036
14.590	0.0206	0.035	0.719	0.0059	0.016	0.034
14.595	0.0204	0.042	0.707	0.0077	0.016	0.035
14.600	0.0258	0.031	0.687	0.0089	0.015	0.041
14.605	0.0253	0.025	0.649	0.0098	0.014	0.042
14.610	0.0239	0.031	0.699	0.0066	0.016	0.038
14.615	0.0290	0.037	0.688	0.0113	0.017	0.042
14.620	0.0295	0.033	0.672	0.0077	0.013	0.043
14.625	0.0330	0.029	0.723	0.0071	0.010	0.042
14.630	0.0330	0.031	0.676	0.0100	0.008	0.035
14.635	0.0433	0.033	0.706	0.0094	0.007	0.037
14.640	0.0420	0.029	0.717	0.0084	0.006	0.043
14.645	0.0386	0.031	0.714	0.0091	0.005	0.047
14.650	0.0336	0.031	0.713	0.0095	0.003	0.048
14.655	0.0250	0.027	0.704	0.0061	0.003	0.051
14.660	0.0123	0.029	0.703	0.0063	0.002	0.052
14.665	0.0144	0.027	0.658	0.0118	0.002	0.046
14.670	0.0148	0.021	0.650	0.0102	0.001	0.041
14.675	0.0168	0.027	0.664	0.0140	0.001	0.041
14.680	0.0181	0.023	0.610	0.0164	0.001	0.045
14.685	0.0174	0.021	0.625	0.0178	0.000	0.051
14.690	0.0254	0.015	0.564	0.0271	0.000	0.055
14.695	0.0171	0.004	0.611	0.0267	0.000	0.049
14.700	0.0109	0.013	0.717	0.0201	0.000	0.043
14.705	0.0049	0.017	0.721	0.0150	0.000	0.042
14.710	0.0041	0.013	0.724	0.0117	0.000	0.039
14.715	0.0077	0.013	0.743	0.0067	0.000	0.038
14.720	0.0104	0.013	0.723	0.0069	0.000	0.035
14.725	0.0134	0.013	0.729	0.0133	0.000	0.036
14.730	0.0164	0.013	0.741	0.0075	0.000	0.032
14.735	0.0182	0.013	0.718	0.0207	0.000	0.034
14.740	0.0202	0.008	0.743	0.0048	0.000	0.035
14.745	0.0213	0.010	0.732	0.0114	0.000	0.032
14.750	0.0208	0.017	0.538	0.0061	0.000	0.035
14.755	0.0207	0.017	0.386	0.0319	0.000	0.040
14.760	0.0206	0.017	0.401	0.0231	0.000	0.032
14.765	0.0234	0.010	0.526	0.0206	0.001	0.034
14.770	0.0280	0.019	0.638	0.0115	0.002	0.033
14.775	0.0373	0.037	0.703	0.0096	0.003	0.031
14.780	0.0466	0.033	0.702	0.0129	0.004	0.030
14.785	0.0485	0.033	0.705	0.0134	0.005	0.026
14.790	0.0507	0.035	0.689	0.0080	0.005	0.024
14.795	0.0474	0.033	0.631	0.0153	0.006	0.023
14.800	0.0186	0.033	0.676	0.0145	0.007	0.020
14.805	0.0201	0.037	0.664	0.0093	0.006	0.020
14.810	0.0206	0.035	0.657	0.0118	0.005	0.018
14.815	0.0275	0.033	0.654	0.0093	0.005	0.018
14.820	0.0370	0.031	0.674	0.0069	0.005	0.016
14.825	0.0451	0.035	0.726	0.0060	0.005	0.015
14.830	0.0692	0.027	0.737	0.0066	0.004	0.018
14.835	0.0662	0.031	0.722	0.0081	0.005	0.025
14.840	0.0464	0.031	0.720	0.0063	0.005	0.029
14.845	0.0192	0.031	0.668	0.0057	0.005	0.028
14.850	0.0190	0.033	0.650	0.0107	0.005	0.023
14.855	0.0207	0.031	0.665	0.0081	0.005	0.018
14.860	0.0366	0.033	0.655	0.0092	0.007	0.019
14.865	0.0508	0.035	0.713	0.0093	0.008	0.019
14.870	0.0702	0.031	0.728	0.0061	0.010	0.021
14.875	0.0647	0.033	0.687	0.0077	0.012	0.022
14.880	0.0609	0.029	0.668	0.0127	0.015	0.022
14.885	0.0277	0.037	0.654	0.0098	0.016	0.025
14.890	0.0215	0.025	0.648	0.0135	0.021	0.033
14.895	0.0240	0.033	0.592	0.0130	0.027	0.036
14.900	0.0372	0.023	0.451	0.0220	0.033	0.043
14.905	0.0296	0.019	0.345	0.0459	0.022	0.048
14.910	0.0209	0.027	0.680	0.0379	0.000	0.042
14.915	0.0233	0.008	0.763	0.0180	0.000	0.040
14.920	0.0330	0.004	0.735	0.0127	0.000	0.039
14.925	0.0326	0.004	0.750	0.0158	0.000	0.036
14.930	0.0327	0.004	0.753	0.0060	0.000	0.047
14.935	0.0314	0.004	0.751	0.0056	0.000	0.072
14.940	0.0279	0.004	0.718	0.0155	0.000	0.077
14.945	0.0236	0.004	0.711	0.0264	0.000	0.058
14.950	0.0187	0.004	0.665	0.0249	0.000	0.076
14.955	0.0163	0.004	0.644	0.0219	0.001	0.094
14.960	0.0142	0.008	0.683	0.0152	0.005	0.136
14.965	0.0129	0.006	0.621	0.0133	0.009	0.139
14.970	0.0097	0.013	0.593	0.0145	0.023	0.131
14.975	0.0082	0.008	0.610	0.0113	0.027	0.123
14.980	0.0103	0.033	0.645	0.0203	0.014	0.109
14.985	0.0133	0.025	0.679	0.0194	0.008	0.095
14.990	0.0173	0.017	0.708	0.0151	0.004	0.072
14.995	0.0205	0.013	0.699	0.0153	0.002	0.057
15.000	0.0239	0.015	0.708	0.0180	0.001	0.040
15.005	0.0263	0.008	0.748	0.0075	0.001	0.031
15.010	0.0316	0.013	0.693	0.0139	0.002	0.027
15.015	0.0394	0.013	0.710	0.0137	0.003	0.026
15.020	0.0441	0.013	0.722	0.0097	0.004	0.032
15.025	0.0459	0.019	0.733	0.0096	0.005	0.034
15.030	0.0397	0.019	0.736	0.0088	0.006	0.038
15.035	0.0366	0.017	0.708	0.0081	0.007	0.043
15.040	0.0218	0.019	0.697	0.0153	0.006	0.050
15.045	0.0096	0.021	0.633	0.0137	0.005	0.051
15.050	0.0086	0.013	0.607	0.0288	0.003	0.057
15.055	0.0093	0.021	0.666	0.0307	0.001	0.056
15.060	0.0179	0.015	0.711	0.0291	0.001	0.051
15.065	0.0246	0.004	0.736	0.0143	0.001	0.053
15.070	0.0256	0.004	0.734	0.0057	0.001	0.046
15.075	0.0245	0.004	0.737	0.0150	0.001	0.045
15.080	0.0229	0.004	0.746	0.0129	0.001	0.045
15.085	0.0219	0.008	0.706	0.0044	0.001	0.042
15.090	0.0134	0.002	0.712	0.0112	0.001	0.042
15.095	0.0046	0.004	0.694	0.0106	0.001	0.042
15.100	0.0075	0.004	0.698	0.0095	0.000	0.044
15.105	0.0154	0.004	0.709	0.0274	0.000	0.042
15.110	0.0217	0.002	0.708	0.0307	0.000	0.043
15.115	0.0219	0.004	0.743	0.0140	0.000	0.043
15.120	0.0239	0.004	0.728	0.0091	0.000	0.041
15.125	0.0218	0.004	0.710	0.0284	0.000	0.041
15.130	0.0191	0.004	0.722	0.0136	0.000	0.039
15.135	0.0136	0.008	0.679	0.0147	0.000	0.039
15.140	0.0053	0.002	0.685	0.0157	0.000	0.041
15.145	0.0077	0.004	0.717	0.0356	0.000	0.038
15.150	0.0161	0.004	0.713	0.0209	0.000	0.040
15.155	0.0173	0.002	0.710	0.0162	0.000	0.040
15.160	0.0140	0.004	0.690	0.0171	0.000	0.044
15.165	0.0101	0.004	0.685	0.0125	0.000	0.047
15.170	0.0081	0.004	0.694	0.0163	0.000	0.049
15.175	0.0080	0.004	0.678	0.0123	0.000	0.050
15.180	0.0060	0.002	0.674	0.0347	0.000	0.050
15.185	0.0052	0.004	0.647	0.0239	0.000	0.057
15.190	0.0049	0.004	0.678	0.0105	0.000	0.073
15.195	0.0076	0.002	0.719	0.0121	0.001	0.082
15.200	0.0068	0.004	0.698	0.0085	0.002	0.082
15.205	0.0069	0.004	0.669	0.0402	0.002	0.093
15.210	0.0063	0.002	0.705	0.0207	0.001	0.106
15.215	0.0049	0.004	0.694	0.0191	0.002	0.119
15.220	0.0035	0.004	0.611	0.0154	0.005	0.119
15.225	0.0036	0.008	0.592	0.0406	0.006	0.105
15.230	0.0061	0.017	0.674	0.0262	0.002	0.101
15.235	0.0086	0.002	0.647	0.0208	0.001	0.098
15.240	0.0102	0.008	0.649	0.0089	0.001	0.087
15.245	0.0104	0.017	0.691	0.0133	0.001	0.079
15.250	0.0135	0.008	0.695	0.0161	0.001	0.058
15.255	0.0178	0.013	0.683	0.0163	0.001	0.054
15.260	0.0231	0.013	0.672	0.0194	0.001	0.042
15.265	0.0280	0.013	0.682	0.0229	0.000	0.033
15.270	0.0318	0.008	0.702	0.0141	0.000	0.021
15.275	0.0405	0.015	0.719	0.0195	0.000	0.019
15.280	0.0521	0.017	0.680	0.0174	0.001	0.020
15.285	0.0451	0.017	0.662	0.0206	0.001	0.023
15.290	0.0492	0.027	0.672	0.0177	0.001	0.026
15.295	0.0491	0.027	0.710	0.0128	0.001	0.024
15.300	0.0526	0.021	0.730	0.0080	0.001	0.025
15.305	0.0730	0.017	0.730	0.0107	0.001	0.027
15.310	0.0880	0.019	0.704	0.0093	0.001	0.028
15.315	0.0972	0.021	0.704	0.0123	0.001	0.031
15.320	0.0861	0.017	0.728	0.0091	0.001	0.030
15.325	0.0936	0.019	0.743	0.0094	0.001	0.027
15.330	0.1082	0.021	0.749	0.0062	0.001	0.024
15.335	0.1114	0.021	0.752	0.0062	0.002	0.023
15.340	0.1123	0.031	0.747	0.0062	0.002	0.022
15.345	0.1190	0.029	0.736	0.0054	0.003	0.024
15.350	0.1176	0.037	0.721	0.0143	0.002	0.022
15.355	0.1089	0.021	0.726	0.0102	0.001	0.023
15.360	0.0995	0.021	0.702	0.0174	0.001	0.029
15.365	0.0832	0.017	0.682	0.0183	0.001	0.034
15.370	0.0730	0.013	0.686	0.0177	0.002	0.053
15.375	0.0443	0.010	0.681	0.0169	0.002	0.064
15.380	0.0464	0.013	0.562	0.0171	0.004	0.094
15.385	0.0310	0.008	0.548	0.0106	0.008	0.128
15.390	0.0206	0.004	0.415	0.0170	0.174	0.227
15.395	0.0100	0.025	0.271	0.0132	0.665	0.241
15.400	0.0066	0.129	0.145	0.0114	0.927	0.250
15.405	0.0107	0.173	0.119	0.0137	0.955	0.248
15.410	0.0094	0.194	0.116	0.0116	0.978	0.190
15.415	0.0108	0.219	0.159	0.0111	0.979	0.182
15.420	0.0195	0.185	0.114	0.0134	0.977	0.200
15.425	0.0116	0.194	0.130	0.0114	0.977	0.183
15.430	0.0106	0.200	0.124	0.0125	0.980	0.192
15.435	0.0084	0.217	0.118	0.0130	0.987	0.197
15.440	0.0098	0.208	0.142	0.0195	0.995	0.171
15.445	0.0106	0.188	0.193	0.0146	0.998	0.159
15.450	0.0091	0.200	0.257	0.0153	0.998	0.165
15.455	0.0134	0.206	0.297	0.0114	0.998	0.161
15.460	0.0136	0.204	0.236	0.0112	0.995	0.177
15.465	0.0162	0.190	0.132	0.0141	0.988	0.214
15.470	0.0065	0.215	0.144	0.0113	0.983	0.219
15.475	0.0043	0.198	0.116	0.0119	0.978	0.232
15.480	0.0043	0.198	0.132	0.0128	0.979	0.217
15.485	0.0043	0.181	0.143	0.0131	0.987	0.198
15.490	0.0042	0.185	0.119	0.0134	0.986	0.181
15.495	0.0047	0.171	0.147	0.0135	0.981	0.194
15.500	0.0076	0.135	0.347	0.0616	0.233	0.172
15.505	0.0038	0.129	0.281	0.0496	0.013	0.091
15.510	0.0027	0.062	0.570	0.0443	0.001	0.047
15.515	0.0268	0.006	0.668	0.0235	0.001	0.042
15.520	0.0292	0.008	0.694	0.0152	0.002	0.034
15.525	0.0307	0.010	0.677	0.0184	0.003	0.034
15.530	0.0362	0.008	0.665	0.0152	0.004	0.034
15.535	0.0339	0.008	0.693	0.0158	0.003	0.034
15.540	0.0314	0.013	0.711	0.0121	0.002	0.035
15.545	0.0312	0.008	0.678	0.0149	0.002	0.036
15.550	0.0326	0.013	0.641	0.0169	0.001	0.039
15.555	0.0298	0.006	0.622	0.0209	0.001	0.042
15.560	0.0205	0.008	0.605	0.0183	0.000	0.054
15.565	0.0264	0.010	0.644	0.0133	0.000	0.070
15.570	0.0256	0.008	0.659	0.0228	0.001	0.097
15.575	0.0235	0.008	0.716	0.0212	0.001	0.102
15.580	0.0178	0.004	0.722	0.0190	0.001	0.104
15.585	0.0162	0.008	0.689	0.0105	0.002	0.123
15.590	0.0140	0.002	0.706	0.0238	0.005	0.152
15.595	0.0104	0.017	0.707	0.0096	0.006	0.170
15.600	0.0079	0.008	0.693	0.0078	0.012	0.179
15.605	0.0083	0.004	0.707	0.0106	0.020	0.188
15.610	0.0103	0.025	0.707	0.0085	0.032	0.183
15.615	0.0119	0.029	0.692	0.0156	0.030	0.180
15.620	0.0123	0.015	0.683	0.0133	0.015	0.186
15.625	0.0123	0.017	0.693	0.0097	0.011	0.175
15.630	0.0132	0.021	0.663	0.0214	0.004	0.142
15.635	0.0169	0.013	0.682	0.0187	0.002	0.109
15.640	0.0217	0.017	0.660	0.0153	0.001	0.064
15.645	0.0277	0.008	0.686	0.0175	0.001	0.045
15.650	0.0343	0.006	0.724	0.0138	0.001	0.036
15.655	0.0407	0.008	0.738	0.0100	0.001	0.034
15.660	0.0472	0.008	0.735	0.0108	0.001	0.027
15.665	0.0542	0.008	0.725	0.0166	0.001	0.024
15.670	0.0588	0.008	0.705	0.0158	0.002	0.024
15.675	0.0550	0.013	0.688	0.0132	0.003	0.024
15.680	0.0340	0.015	0.713	0.0116	0.006	0.030
15.685	0.0271	0.017	0.677	0.0085	0.007	0.029
15.690	0.0291	0.021	0.702	0.0072	0.008	0.029
15.695	0.0291	0.023	0.710	0.0101	0.007	0.029
15.700	0.0316	0.025	0.694	0.0073	0.007	0.028
15.705	0.0419	0.031	0.741	0.0044	0.007	0.029
15.710	0.0474	0.033	0.728	0.0122	0.008	0.028
15.715	0.0537	0.037	0.738	0.0051	0.008	0.030
15.720	0.0545	0.033	0.730	0.0064	0.009	0.031
15.725	0.0445	0.029	0.721	0.0106	0.009	0.031
15.730	0.0392	0.031	0.731	0.0090	0.009	0.031
15.735	0.0396	0.033	0.716	0.0113	0.007	0.029
15.740	0.0283	0.023	0.714	0.0160	0.002	0.023
15.745	0.0246	0.013	0.606	0.0171	0.000	0.025
15.750	0.0275	0.008	0.402	0.0346	0.000	0.036
15.755	0.0190	0.010	0.373	0.0618	0.000	0.050
15.760	0.0141	0.006	0.658	0.0313	0.000	0.061
15.765	0.0112	0.004	0.686	0.0189	0.000	0.061
15.770	0.0086	0.004	0.549	0.0161	0.000	0.071
15.775	0.0043	0.004	0.465	0.0300	0.000	0.091
15.780	0.0037	0.013	0.395	0.0255	0.001	0.126
15.785	0.0022	0.017	0.412	0.0274	0.002	0.146
15.790	0.0009	0.035	0.594	0.0236	0.002	0.168
15.795	0.0007	0.021	0.084	0.0565	0.010	0.230
15.800	0.0007	0.013	0.152	0.0114	0.151	0.165
15.805	0.0009	0.010	0.204	0.0124	0.324	0.177
15.810	0.0010	0.048	0.167	0.0138	0.575	0.173
15.815	0.0089	0.098	0.158	0.0152	0.484	0.159
15.820	0.0096	0.092	0.218	0.0156	0.365	0.165
15.825	0.0052	0.096	0.169	0.0144	0.335	0.199
15.830	0.0049	0.085	0.131	0.0206	0.086	0.217
15.835	0.0024	0.065	0.204	0.0186	0.046	0.189
15.840	0.0029	0.052	0.290	0.0202	0.061	0.163
15.845	0.0021	0.067	0.319	0.0161	0.066	0.150
15.850	0.0042	0.058	0.159	0.0208	0.049	0.154
15.855	0.0026	0.056	0.179	0.0196	0.023	0.114
15.860	0.0033	0.054	0.317	0.0419	0.010	0.085
15.865	0.0057	0.042	0.535	0.0403	0.003	0.069
15.870	0.0061	0.017	0.697	0.0194	0.000	0.053
15.875	0.0176	0.006	0.636	0.0171	0.000	0.049
15.880	0.0249	0.004	0.535	0.0271	0.000	0.033
15.885	0.0233	0.013	0.378	0.0246	0.000	0.022
15.890	0.0202	0.013	0.433	0.0303	0.000	0.021
15.895	0.0231	0.017	0.535	0.0258	0.001	0.021
15.900	0.0283	0.029	0.667	0.0076	0.002	0.023
15.905	0.0405	0.035	0.722	0.0081	0.003	0.023
15.910	0.0546	0.035	0.653	0.0117	0.004	0.018
15.915	0.0944	0.035	0.677	0.0117	0.004	0.016
15.920	0.1121	0.033	0.718	0.0084	0.005	0.017
15.925	0.1015	0.031	0.730	0.0067	0.006	0.016
15.930	0.0939	0.035	0.735	0.0067	0.006	0.017
15.935	0.0370	0.033	0.683	0.0066	0.007	0.016
15.940	0.0304	0.029	0.718	0.0071	0.008	0.017
15.945	0.0318	0.029	0.667	0.0082	0.007	0.021
15.950	0.0310	0.029	0.635	0.0105	0.005	0.023
15.955	0.0426	0.033	0.669	0.0094	0.005	0.025
15.960	0.0399	0.033	0.662	0.0080	0.004	0.028
15.965	0.0782	0.040	0.727	0.0066	0.004	0.028
15.970	0.0750	0.037	0.731	0.0044	0.005	0.031
15.975	0.0698	0.037	0.711	0.0055	0.006	0.032
15.980	0.0620	0.037	0.719	0.0069	0.007	0.037
15.985	0.0230	0.031	0.698	0.0057	0.007	0.046
15.990	0.0152	0.027	0.719	0.0078	0.007	0.055
15.995	0.0135	0.033	0.678	0.0077	0.007	0.056
16.000	0.0253	0.031	0.677	0.0049	0.007	0.058
16.005	0.0319	0.027	0.695	0.0063	0.006	0.056
16.010	0.0327	0.025	0.680	0.0069	0.005	0.052
16.015	0.0403	0.027	0.728	0.0081	0.004	0.043
16.020	0.0545	0.033	0.699	0.0117	0.003	0.027
16.025	0.0508	0.023	0.641	0.0140	0.002	0.028
16.030	0.0421	0.027	0.539	0.0223	0.001	0.040
16.035	0.0243	0.019	0.415	0.0418	0.001	0.048
16.040	0.0069	0.017	0.655	0.0306	0.000	0.041
16.045	0.0088	0.013	0.708	0.0162	0.000	0.040
16.050	0.0243	0.006	0.701	0.0266	0.000	0.038
16.055	0.0227	0.008	0.736	0.0146	0.000	0.038
16.060	0.0235	0.008	0.732	0.0082	0.000	0.036
16.065	0.0198	0.004	0.700	0.0235	0.000	0.036
16.070	0.0180	0.004	0.710	0.0247	0.000	0.038
16.075	0.0100	0.002	0.668	0.0106	0.000	0.039
16.080	0.0054	0.008	0.651	0.0089	0.000	0.039
16.085	0.0116	0.013	0.598	0.0296	0.000	0.040
16.090	0.0193	0.006	0.411	0.0304	0.001	0.039
16.095	0.0202	0.013	0.452	0.0236	0.002	0.032
16.100	0.0178	0.015	0.551	0.0193	0.003	0.034
16.105	0.0364	0.010	0.598	0.0212	0.003	0.032
16.110	0.0344	0.013	0.651	0.0116	0.003	0.036
16.115	0.0196	0.017	0.679	0.0081	0.003	0.036
16.120	0.0338	0.023	0.673	0.0108	0.002	0.034
16.125	0.0388	0.015	0.698	0.0110	0.002	0.033
16.130	0.0601	0.010	0.693	0.0123	0.002	0.030
16.135	0.0476	0.015	0.647	0.0146	0.002	0.035
16.140	0.0342	0.015	0.659	0.0120	0.002	0.035
16.145	0.0371	0.010	0.668	0.0129	0.002	0.036
16.150	0.0355	0.008	0.670	0.0153	0.002	0.037
16.155	0.0459	0.013	0.689	0.0083	0.002	0.036
16.160	0.0655	0.010	0.663	0.0169	0.001	0.038
16.165	0.0401	0.008	0.644	0.0168	0.001	0.040
16.170	0.0358	0.010	0.673	0.0128	0.001	0.034
16.175	0.0342	0.010	0.686	0.0174	0.000	0.032
16.180	0.0487	0.010	0.603	0.0238	0.000	0.029
16.185	0.0681	0.010	0.553	0.0377	0.000	0.027
16.190	0.0375	0.008	0.653	0.0243	0.000	0.031
16.195	0.0180	0.010	0.661	0.0147	0.000	0.032
16.200	0.0170	0.008	0.663	0.0100	0.000	0.034
16.205	0.0157	0.006	0.674	0.0168	0.000	0.034
16.210	0.0113	0.006	0.659	0.0157	0.000	0.033
16.215	0.0241	0.008	0.723	0.0153	0.000	0.034
16.220	0.0291	0.008	0.727	0.0143	0.000	0.035
16.225	0.0202	0.006	0.665	0.0083	0.000	0.033
16.230	0.0091	0.006	0.649	0.0274	0.000	0.031
16.235	0.0108	0.006	0.632	0.0182	0.000	0.031
16.240	0.0123	0.008	0.586	0.0225	0.000	0.028
16.245	0.0204	0.006	0.649	0.0243	0.000	0.024
16.250	0.0304	0.013	0.599	0.0246	0.000	0.024
16.255	0.0413	0.013	0.640	0.0180	0.001	0.028
16.260	0.0424	0.013	0.660	0.0189	0.001	0.031
16.265	0.0355	0.013	0.668	0.0151	0.002	0.032
16.270	0.0384	0.015	0.674	0.0109	0.006	0.031
16.275	0.0205	0.013	0.656	0.0122	0.008	0.034
16.280	0.0361	0.010	0.663	0.0098	0.010	0.041
16.285	0.0415	0.015	0.657	0.0116	0.011	0.052
16.290	0.0454	0.013	0.663	0.0090	0.012	0.064
16.295	0.0537	0.015	0.689	0.0084	0.014	0.060
16.300	0.0705	0.015	0.694	0.0094	0.016	0.048
16.305	0.0624	0.015	0.671	0.0068	0.017	0.038
16.310	0.0397	0.019	0.665	0.0096	0.016	0.032
16.315	0.0421	0.015	0.671	0.0068	0.015	0.031
16.320	0.0443	0.019	0.652	0.0110	0.013	0.030
16.325	0.0600	0.015	0.671	0.0135	0.011	0.028
16.330	0.0803	0.015	0.673	0.0113	0.007	0.029
16.335	0.0681	0.017	0.649	0.0135	0.006	0.029
16.340	0.0457	0.015	0.657	0.0082	0.006	0.029
16.345	0.0442	0.015	0.653	0.0126	0.006	0.030
16.350	0.0484	0.010	0.672	0.0106	0.007	0.034
16.355	0.0724	0.015	0.672	0.0087	0.008	0.034
16.360	0.0651	0.013	0.670	0.0068	0.009	0.033
16.365	0.0433	0.023	0.668	0.0113	0.010	0.038
16.370	0.0417	0.019	0.662	0.0097	0.012	0.037
16.375	0.0635	0.015	0.665	0.0128	0.014	0.037
16.380	0.0797	0.013	0.597	0.0172	0.014	0.048
16.385	0.0444	0.015	0.497	0.0244	0.009	0.053
16.390	0.0303	0.013	0.366	0.0266	0.009	0.056
16.395	0.0285	0.013	0.459	0.0208	0.019	0.067
16.400	0.0291	0.010	0.472	0.0220	0.018	0.072
16.405	0.0346	0.037	0.446	0.0339	0.005	0.081
16.410	0.0159	0.027	0.421	0.0407	0.002	0.097
16.415	0.0025	0.021	0.377	0.0331	0.002	0.114
16.420	0.0042	0.013	0.477	0.0260	0.001	0.108
16.425	0.0043	0.006	0.448	0.0186	0.001	0.118
16.430	0.0064	0.010	0.359	0.0303	0.003	0.163
16.435	0.0019	0.015	0.439	0.0357	0.003	0.170
16.440	0.0015	0.013	0.435	0.0146	0.009	0.232
16.445	0.0011	0.027	0.352	0.0183	0.014	0.283
16.450	0.0008	0.056	0.326	0.0289	0.010	0.275
16.455	0.0005	0.010	0.350	0.0393	0.010	0.273
16.460	0.0003	0.025	0.077	0.0676	0.006	0.191
16.465	0.0005	0.015	0.237	0.0278	0.001	0.097
16.470	0.0006	0.015	0.336	0.0161	0.001	0.102
16.475	0.0028	0.031	0.243	0.0232	0.004	0.148
16.480	0.0017	0.035	0.228	0.0240	0.005	0.148
16.485	0.0033	0.040	0.258	0.0205	0.008	0.154
16.490	0.0029	0.027	0.216	0.0408	0.011	0.186
16.495	0.0012	0.046	0.220	0.0239	0.004	0.182
16.500	0.0014	0.015	0.252	0.0318	0.003	0.177
16.505	0.0007	0.008	0.204	0.0533	0.001	0.151
16.510	0.0007	0.023	0.446	0.0439	0.000	0.048
16.515	0.0016	0.006	0.290	0.0288	0.000	0.026
16.520	0.0049	0.004	0.518	0.0421	0.000	0.021
16.525	0.0153	0.006	0.655	0.0133	0.000	0.021
16.530	0.0061	0.006	0.671	0.0095	0.000	0.019
16.535	0.0071	0.006	0.676	0.0185	0.000	0.019
16.540	0.0140	0.006	0.673	0.0155	0.000	0.020
16.545	0.0210	0.008	0.710	0.0141	0.000	0.022
16.550	0.0289	0.006	0.687	0.0193	0.000	0.024
16.555	0.0245	0.008	0.641	0.0119	0.000	0.023
16.560	0.0068	0.010	0.639	0.0110	0.001	0.023
16.565	0.0156	0.010	0.655	0.0143	0.001	0.024
16.570	0.0289	0.010	0.671	0.0124	0.001	0.029
16.575	0.0431	0.010	0.672	0.0102	0.002	0.033
16.580	0.0365	0.010	0.662	0.0092	0.005	0.038
16.585	0.0204	0.008	0.657	0.0100	0.007	0.038
16.590	0.0219	0.015	0.664	0.0132	0.011	0.041
16.595	0.0338	0.010	0.684	0.0087	0.011	0.038
16.600	0.0475	0.015	0.667	0.0203	0.008	0.038
16.605	0.0400	0.017	0.632	0.0178	0.004	0.037
16.610	0.0166	0.015	0.621	0.0349	0.001	0.037
16.615	0.0227	0.010	0.646	0.0237	0.001	0.044
16.620	0.0382	0.006	0.631	0.0259	0.000	0.050
16.625	0.0366	0.008	0.622	0.0289	0.000	0.061
16.630	0.0215	0.006	0.561	0.0241	0.002	0.103
16.635	0.0130	0.004	0.506	0.0111	0.011	0.162
16.640	0.0057	0.004	0.413	0.0137	0.160	0.224
16.645	0.0075	0.006	0.299	0.0154	0.405	0.236
16.650	0.0048	0.100	0.167	0.0147	0.871	0.242
16.655	0.0041	0.163	0.142	0.0110	0.933	0.237
16.660	0.0058	0.154	0.187	0.0195	0.970	0.206
16.665	0.0044	0.192	0.218	0.0136	0.985	0.186
16.670	0.0075	0.154	0.173	0.0136	0.992	0.185
16.675	0.0078	0.173	0.262	0.0202	0.996	0.173
16.680	0.0082	0.181	0.474	0.0209	0.999	0.169
16.685	0.0091	0.185	0.468	0.0294	0.999	0.164
16.690	0.0107	0.198	0.417	0.0167	0.999	0.161
16.695	0.0162	0.198	0.389	0.0169	0.998	0.165
16.700	0.0116	0.208	0.160	0.0153	0.997	0.190
16.705	0.0106	0.219	0.167	0.0140	0.997	0.197
16.710	0.0073	0.196	0.115	0.0130	0.997	0.196
16.715	0.0071	0.210	0.119	0.0120	0.997	0.196
16.720	0.0074	0.198	0.163	0.0166	0.998	0.191
16.725	0.0068	0.198	0.202	0.0124	0.998	0.191
16.730	0.0086	0.185	0.154	0.0108	0.997	0.203
16.735	0.0073	0.188	0.156	0.0150	0.997	0.202
16.740	0.0065	0.188	0.176	0.0220	0.998	0.190
16.745	0.0090	0.177	0.196	0.0178	0.998	0.203
16.750	0.0088	0.154	0.244	0.0121	0.984	0.243
16.755	0.0157	0.144	0.130	0.0145	0.876	0.292
16.760	0.0058	0.102	0.105	0.0248	0.275	0.419
16.765	0.0017	0.042	0.136	0.0128	0.371	0.475
16.770	0.0004	0.115	0.114	0.0159	0.548	0.489
16.775	0.0004	0.158	0.132	0.0127	0.621	0.505
16.780	0.0003	0.152	0.187	0.0116	0.767	0.538
16.785	0.0002	0.158	0.210	0.0104	0.931	0.540
16.790	0.0001	0.244	0.178	0.0102	0.981	0.573
16.795	0.0001	0.265	0.153	0.0096	0.979	0.585
16.800	0.0001	0.250	0.154	0.0101	0.977	0.616
16.805	0.0001	0.279	0.156	0.0097	0.974	0.604
16.810	0.0001	0.265	0.064	0.0184	0.799	0.675
16.815	0.0001	0.260	0.062	0.0602	0.095	0.503
16.820	0.0000	0.254	0.091	0.1126	0.005	0.175
16.825	0.0001	0.071	0.108	0.0479	0.001	0.083
16.830	0.0002	0.019	0.444	0.0246	0.001	0.039
16.835	0.0026	0.015	0.249	0.0335	0.001	0.033
16.840	0.0294	0.013	0.486	0.0185	0.004	0.036
16.845	0.0566	0.015	0.633	0.0105	0.005	0.031
16.850	0.0621	0.017	0.675	0.0144	0.004	0.025
16.855	0.0703	0.015	0.665	0.0099	0.004	0.023
16.860	0.0462	0.019	0.554	0.0213	0.006	0.023
16.865	0.0401	0.015	0.570	0.0129	0.008	0.025
16.870	0.0472	0.019	0.658	0.0084	0.008	0.023
16.875	0.0501	0.013	0.701	0.0080	0.008	0.022
16.880	0.0772	0.027	0.640	0.0080	0.012	0.024
16.885	0.0677	0.033	0.628	0.0122	0.014	0.026
16.890	0.0234	0.033	0.591	0.0149	0.017	0.029
16.895	0.0260	0.031	0.485	0.0128	0.020	0.034
16.900	0.0295	0.031	0.579	0.0101	0.019	0.032
16.905	0.0440	0.042	0.659	0.0126	0.018	0.032
16.910	0.0641	0.035	0.601	0.0152	0.018	0.043
16.915	0.0203	0.037	0.614	0.0103	0.019	0.049
16.920	0.0215	0.029	0.606	0.0101	0.016	0.051
16.925	0.0375	0.037	0.616	0.0113	0.015	0.053
16.930	0.0622	0.033	0.648	0.0059	0.016	0.054
16.935	0.0223	0.033	0.631	0.0102	0.018	0.057
16.940	0.0179	0.035	0.649	0.0037	0.019	0.059
16.945	0.0307	0.035	0.646	0.0081	0.019	0.055
16.950	0.0582	0.035	0.650	0.0055	0.021	0.053
16.955	0.0201	0.027	0.509	0.0202	0.021	0.048
16.960	0.0165	0.027	0.430	0.0162	0.008	0.035
16.965	0.0304	0.031	0.468	0.0226	0.004	0.032
16.970	0.0381	0.027	0.685	0.0138	0.002	0.029
16.975	0.0326	0.029	0.648	0.0096	0.001	0.029
16.980	0.0158	0.029	0.593	0.0132	0.001	0.029
16.985	0.0158	0.021	0.584	0.0135	0.001	0.032
16.990	0.0174	0.025	0.616	0.0112	0.001	0.030
16.995	0.0240	0.025	0.521	0.0176	0.001	0.027
17.000	0.0114	0.021	0.587	0.0166	0.000	0.031
17.005	0.0132	0.019	0.511	0.0120	0.001	0.029
17.010	0.0186	0.015	0.320	0.0199	0.001	0.027
17.015	0.0147	0.015	0.395	0.0241	0.000	0.036
17.020	0.0065	0.017	0.363	0.0159	0.000	0.047
17.025	0.0173	0.004	0.391	0.0345	0.000	0.056
17.030	0.0025	0.023	0.317	0.0150	0.000	0.057
17.035	0.0090	0.008	0.315	0.0205	0.001	0.093
17.040	0.0039	0.023	0.243	0.0449	0.002	0.138
17.045	0.0016	0.015	0.374	0.0313	0.000	0.082
17.050	0.0008	0.017	0.451	0.0241	0.000	0.081
17.055	0.0050	0.006	0.451	0.0197	0.001	0.137
17.060	0.0030	0.008	0.369	0.0439	0.004	0.216
17.065	0.0010	0.006	0.382	0.0203	0.010	0.279
17.070	0.0005	0.021	0.409	0.0240	0.013	0.310
17.075	0.0003	0.031	0.486	0.0217	0.011	0.318
17.080	0.0004	0.035	0.463	0.0179	0.017	0.342
17.085	0.0004	0.025	0.488	0.0141	0.028	0.397
17.090	0.0002	0.048	0.586	0.0191	0.033	0.410
17.095	0.0002	0.062	0.521	0.0219	0.028	0.393
17.100	0.0001	0.054	0.294	0.0113	0.033	0.418
17.105	0.0002	0.069	0.310	0.0325	0.032	0.382
17.110	0.0002	0.054	0.628	0.0253	0.007	0.259
17.115	0.0002	0.037	0.699	0.0292	0.004	0.256
17.120	0.0008	0.019	0.686	0.0141	0.006	0.295
17.125	0.0006	0.008	0.618	0.0184	0.012	0.354
17.130	0.0005	0.010	0.395	0.0173	0.070	0.460
17.135	0.0002	0.037	0.261	0.0105	0.222	0.560
17.140	0.0001	0.133	0.221	0.0093	0.353	0.614
17.145	0.0001	0.148	0.307	0.0102	0.439	0.656
17.150	0.0001	0.165	0.174	0.0101	0.633	0.702
17.155	0.0000	0.179	0.097	0.0125	0.766	0.670
17.160	0.0000	0.190	0.133	0.0096	0.675	0.669
17.165	0.0000	0.221	0.128	0.0106	0.668	0.669
17.170	0.0000	0.185	0.115	0.0105	0.646	0.691
17.175	0.0000	0.229	0.151	0.0096	0.630	0.706
17.180	0.0000	0.188	0.205	0.0114	0.538	0.664
17.185	0.0000	0.210	0.261	0.0113	0.452	0.663
17.190	0.0000	0.177	0.297	0.0103	0.262	0.621
17.195	0.0000	0.135	0.316	0.0131	0.235	0.612
17.200	0.0001	0.094	0.319	0.0121	0.127	0.576
17.205	0.0001	0.121	0.319	0.0155	0.108	0.546
17.210	0.0001	0.096	0.227	0.0135	0.077	0.488
17.215	0.0001	0.087	0.144	0.0143	0.108	0.504
17.220	0.0001	0.100	0.147	0.0135	0.246	0.538
17.225	0.0001	0.133	0.187	0.0104	0.355	0.505
17.230	0.0001	0.090	0.199	0.0113	0.270	0.501
17.235	0.0002	0.081	0.151	0.0134	0.225	0.509
17.240	0.0002	0.104	0.163	0.0138	0.201	0.513
17.245	0.0001	0.079	0.189	0.0182	0.156	0.499
17.250	0.0001	0.098	0.215	0.0229	0.083	0.465
17.255	0.0002	0.071	0.246	0.0257	0.062	0.447
17.260	0.0002	0.069	0.270	0.0138	0.066	0.429
17.265	0.0002	0.056	0.328	0.0178	0.071	0.468
17.270	0.0001	0.065	0.359	0.0137	0.070	0.491
17.275	0.0002	0.062	0.217	0.0180	0.078	0.491
17.280	0.0001	0.079	0.257	0.0138	0.106	0.534
17.285	0.0001	0.079	0.357	0.0185	0.103	0.516
17.290	0.0001	0.098	0.332	0.0140	0.116	0.534
17.295	0.0001	0.054	0.369	0.0102	0.154	0.597
17.300	0.0001	0.106	0.324	0.0187	0.183	0.588
17.305	0.0001	0.123	0.353	0.0101	0.168	0.582
17.310	0.0001	0.081	0.357	0.0106	0.269	0.615
17.315	0.0001	0.152	0.258	0.0100	0.297	0.636
17.320	0.0001	0.108	0.209	0.0108	0.491	0.704
17.325	0.0000	0.173	0.169	0.0108	0.503	0.703
17.330	0.0000	0.175	0.206	0.0100	0.522	0.689
17.335	0.0000	0.154	0.204	0.0104	0.593	0.693
17.340	0.0000	0.200	0.164	0.0104	0.646	0.687
17.345	0.0000	0.198	0.198	0.0092	0.736	0.740
17.350	0.0000	0.208	0.204	0.0097	0.816	0.737
17.355	0.0000	0.165	0.234	0.0090	0.833	0.717
17.360	0.0000	0.275	0.207	0.0106	0.826	0.747
17.365	0.0000	0.188	0.141	0.0091	0.823	0.725
17.370	0.0000	0.221	0.157	0.0089	0.872	0.699
17.375	0.0000	0.208	0.168	0.0094	0.874	0.709
17.380	0.0000	0.217	0.158	0.0106	0.889	0.729
17.385	0.0000	0.225	0.156	0.0087	0.892	0.755
17.390	0.0000	0.196	0.116	0.0111	0.867	0.751
17.395	0.0000	0.229	0.138	0.0114	0.819	0.729
17.400	0.0000	0.196	0.090	0.0095	0.705	0.715
17.405	0.0000	0.183	0.102	0.0092	0.771	0.742
17.410	0.0000	0.175	0.188	0.0096	0.786	0.743
17.415	0.0000	0.240	0.174	0.0097	0.871	0.749
17.420	0.0000	0.160	0.215	0.0198	0.816	0.621
17.425	0.0000	0.225	0.209	0.0089	0.639	0.543
17.430	0.0000	0.175	0.154	0.0093	0.430	0.546
17.435	0.0001	0.156	0.321	0.0367	0.182	0.528
17.440	0.0001	0.144	0.277	0.0612	0.054	0.409
17.445	0.0002	0.127	0.112	0.0215	0.157	0.388
17.450	0.0007	0.017	0.134	0.0131	0.228	0.283
17.455	0.0007	0.065	0.107	0.0199	0.350	0.262
17.460	0.0015	0.081	0.136	0.0152	0.735	0.279
17.465	0.0027	0.210	0.118	0.0127	0.872	0.267
17.470	0.0015	0.256	0.162	0.0136	0.967	0.283
17.475	0.0024	0.258	0.179	0.0127	0.988	0.284
17.480	0.0018	0.283	0.164	0.0136	0.991	0.277
17.485	0.0018	0.285	0.159	0.0100	0.984	0.286
17.490	0.0024	0.283	0.113	0.0134	0.974	0.332
17.495	0.0020	0.269	0.053	0.0192	0.904	0.348
17.500	0.0022	0.244	0.328	0.0562	0.141	0.285
17.505	0.0023	0.246	0.424	0.0404	0.016	0.181
17.510	0.0022	0.121	0.515	0.0252	0.009	0.098
17.515	0.0162	0.004	0.615	0.0176	0.011	0.063
17.520	0.0408	0.017	0.733	0.0110	0.014	0.050
17.525	0.0674	0.015	0.705	0.0102	0.017	0.041
17.530	0.1032	0.017	0.618	0.0200	0.029	0.043
17.535	0.0945	0.017	0.597	0.0150	0.032	0.044
17.540	0.0606	0.033	0.628	0.0132	0.033	0.048
17.545	0.0514	0.029	0.673	0.0120	0.036	0.049
17.550	0.0435	0.031	0.650	0.0145	0.042	0.053
17.555	0.0458	0.031	0.640	0.0121	0.038	0.053
17.560	0.0468	0.042	0.621	0.0166	0.029	0.051
17.565	0.0461	0.046	0.659	0.0159	0.029	0.054
17.570	0.0478	0.037	0.610	0.0183	0.024	0.054
17.575	0.0438	0.050	0.623	0.0254	0.012	0.054
17.580	0.0381	0.050	0.661	0.0350	0.001	0.049
17.585	0.0352	0.013	0.758	0.0183	0.000	0.042
17.590	0.0428	0.008	0.738	0.0103	0.000	0.038
17.595	0.0416	0.008	0.752	0.0149	0.000	0.035
17.600	0.0397	0.013	0.750	0.0210	0.000	0.030
17.605	0.0391	0.004	0.746	0.0180	0.000	0.032
17.610	0.0340	0.004	0.717	0.0192	0.000	0.032
17.615	0.0322	0.004	0.577	0.0372	0.000	0.040
17.620	0.0221	0.004	0.334	0.0208	0.000	0.086
17.625	0.0117	0.004	0.155	0.0327	0.001	0.119
17.630	0.0032	0.010	0.356	0.0529	0.001	0.148
17.635	0.0025	0.017	0.625	0.0354	0.001	0.153
17.640	0.0017	0.010	0.198	0.0530	0.007	0.176
17.645	0.0015	0.008	0.205	0.0175	0.028	0.151
17.650	0.0013	0.008	0.237	0.0101	0.064	0.135
17.655	0.0054	0.052	0.233	0.0119	0.080	0.136
17.660	0.0133	0.065	0.154	0.0153	0.100	0.152
17.665	0.0042	0.077	0.171	0.0169	0.196	0.166
17.670	0.0056	0.071	0.134	0.0105	0.301	0.189
17.675	0.0050	0.106	0.165	0.0175	0.220	0.192
17.680	0.0048	0.106	0.180	0.0122	0.211	0.203
17.685	0.0053	0.065	0.111	0.0164	0.310	0.225
17.690	0.0021	0.087	0.329	0.0491	0.098	0.189
17.695	0.0023	0.100	0.542	0.0600	0.014	0.135
17.700	0.0024	0.033	0.692	0.0276	0.002	0.089
17.705	0.0123	0.013	0.727	0.0204	0.003	0.079
17.710	0.0179	0.008	0.706	0.0153	0.004	0.067
17.715	0.0183	0.023	0.686	0.0149	0.005	0.067
17.720	0.0192	0.029	0.711	0.0169	0.006	0.066
17.725	0.0191	0.019	0.708	0.0112	0.007	0.061
17.730	0.0194	0.021	0.673	0.0244	0.005	0.054
17.735	0.0202	0.025	0.710	0.0210	0.004	0.054
17.740	0.0197	0.025	0.693	0.0186	0.004	0.048
17.745	0.0189	0.021	0.681	0.0221	0.003	0.045
17.750	0.0157	0.017	0.721	0.0280	0.001	0.036
17.755	0.0172	0.010	0.755	0.0119	0.000	0.031
17.760	0.0229	0.006	0.749	0.0138	0.000	0.027
17.765	0.0220	0.004	0.713	0.0093	0.000	0.025
17.770	0.0167	0.002	0.740	0.0131	0.000	0.023
17.775	0.0090	0.004	0.711	0.0065	0.000	0.023
17.780	0.0047	0.004	0.687	0.0093	0.002	0.027
17.785	0.0084	0.004	0.661	0.0311	0.003	0.032
17.790	0.0151	0.017	0.640	0.0134	0.005	0.036
17.795	0.0202	0.025	0.650	0.0152	0.007	0.038
17.800	0.0227	0.027	0.678	0.0137	0.010	0.041
17.805	0.0264	0.029	0.725	0.0081	0.009	0.040
17.810	0.0414	0.031	0.713	0.0089	0.007	0.039
17.815	0.0413	0.029	0.714	0.0092	0.006	0.039
17.820	0.0392	0.031	0.718	0.0104	0.004	0.036
17.825	0.0274	0.015	0.686	0.0097	0.004	0.034
17.830	0.0143	0.019	0.704	0.0125	0.002	0.034
17.835	0.0223	0.013	0.581	0.0182	0.002	0.033
17.840	0.0235	0.010	0.385	0.0363	0.001	0.041
17.845	0.0324	0.010	0.348	0.0352	0.000	0.050
17.850	0.0216	0.010	0.524	0.0388	0.000	0.059
17.855	0.0147	0.006	0.531	0.0417	0.000	0.070
17.860	0.0070	0.002	0.640	0.0318	0.000	0.070
17.865	0.0037	0.004	0.682	0.0136	0.000	0.071
17.870	0.0057	0.008	0.577	0.0174	0.000	0.078
17.875	0.0068	0.002	0.617	0.0229	0.000	0.111
17.880	0.0045	0.004	0.158	0.0574	0.000	0.080
17.885	0.0042	0.004	0.366	0.0365	0.000	0.037
17.890	0.0053	0.002	0.508	0.0227	0.000	0.018
17.895	0.0231	0.010	0.595	0.0118	0.000	0.015
17.900	0.0369	0.017	0.623	0.0163	0.001	0.013
17.905	0.0358	0.013	0.605	0.0162	0.001	0.013
17.910	0.0384	0.015	0.639	0.0118	0.001	0.014
17.915	0.0350	0.017	0.635	0.0114	0.001	0.014
17.920	0.0576	0.019	0.592	0.0147	0.001	0.015
17.925	0.0667	0.015	0.570	0.0167	0.002	0.014
17.930	0.0736	0.015	0.585	0.0155	0.002	0.015
17.935	0.0810	0.021	0.642	0.0211	0.001	0.017
17.940	0.0767	0.023	0.704	0.0111	0.001	0.019
17.945	0.0675	0.027	0.669	0.0074	0.001	0.019
17.950	0.0445	0.025	0.674	0.0072	0.002	0.021
17.955	0.0646	0.017	0.695	0.0083	0.002	0.021
17.960	0.0843	0.019	0.687	0.0079	0.002	0.021
17.965	0.0873	0.019	0.700	0.0106	0.002	0.021
17.970	0.1134	0.015	0.680	0.0099	0.002	0.024
17.975	0.1001	0.019	0.634	0.0145	0.003	0.026
17.980	0.0516	0.017	0.602	0.0146	0.004	0.029
17.985	0.0548	0.017	0.601	0.0160	0.004	0.029
17.990	0.0647	0.019	0.584	0.0212	0.002	0.029
17.995	0.0627	0.015	0.576	0.0195	0.002	0.033
18.000	0.0674	0.017	0.560	0.0196	0.002	0.034
18.005	0.0500	0.017	0.603	0.0209	0.001	0.033
18.010	0.0433	0.013	0.544	0.0212	0.001	0.037
18.015	0.0577	0.017	0.478	0.0199	0.001	0.039
18.020	0.0722	0.010	0.515	0.0396	0.000	0.034
18.025	0.0299	0.013	0.522	0.0233	0.000	0.036
18.030	0.0245	0.010	0.611	0.0270	0.000	0.033
18.035	0.0318	0.008	0.622	0.0191	0.000	0.032
18.040	0.0503	0.010	0.543	0.0186	0.000	0.033
18.045	0.0428	0.008	0.515	0.0327	0.000	0.030
18.050	0.0165	0.010	0.569	0.0275	0.000	0.038
18.055	0.0132	0.006	0.640	0.0205	0.000	0.040
18.060	0.0204	0.006	0.676	0.0151	0.000	0.039
18.065	0.0265	0.010	0.654	0.0220	0.000	0.040
18.070	0.0185	0.006	0.636	0.0111	0.000	0.042
18.075	0.0061	0.006	0.640	0.0195	0.000	0.043
18.080	0.0068	0.008	0.656	0.0153	0.000	0.047
18.085	0.0108	0.006	0.677	0.0288	0.000	0.044
18.090	0.0119	0.006	0.664	0.0338	0.000	0.038
18.095	0.0077	0.006	0.606	0.0185	0.000	0.035
18.100	0.0030	0.006	0.559	0.0252	0.000	0.028
18.105	0.0073	0.006	0.573	0.0240	0.000	0.022
18.110	0.0127	0.008	0.605	0.0227	0.000	0.019
18.115	0.0253	0.006	0.619	0.0298	0.000	0.017
18.120	0.0294	0.008	0.630	0.0264	0.000	0.015
18.125	0.0208	0.006	0.547	0.0261	0.000	0.018
18.130	0.0252	0.013	0.574	0.0299	0.000	0.019
18.135	0.0378	0.010	0.547	0.0267	0.000	0.017
18.140	0.0591	0.010	0.377	0.0184	0.001	0.018
18.145	0.0862	0.013	0.466	0.0236	0.002	0.021
18.150	0.0569	0.015	0.629	0.0131	0.004	0.021
18.155	0.0549	0.010	0.556	0.0175	0.006	0.023
18.160	0.0368	0.015	0.445	0.0216	0.011	0.028
18.165	0.0429	0.021	0.469	0.0171	0.014	0.030
18.170	0.0483	0.027	0.526	0.0112	0.018	0.045
18.175	0.0677	0.027	0.602	0.0155	0.021	0.053
18.180	0.0563	0.031	0.641	0.0103	0.021	0.056
18.185	0.0249	0.021	0.612	0.0085	0.021	0.056
18.190	0.0129	0.031	0.605	0.0101	0.022	0.043
18.195	0.0277	0.023	0.632	0.0116	0.024	0.041
18.200	0.0408	0.023	0.669	0.0113	0.027	0.044
18.205	0.0485	0.019	0.637	0.0102	0.027	0.045
18.210	0.0156	0.027	0.624	0.0133	0.024	0.059
18.215	0.0162	0.021	0.627	0.0162	0.021	0.070
18.220	0.0177	0.015	0.639	0.0141	0.017	0.077
18.225	0.0372	0.015	0.643	0.0130	0.016	0.081
18.230	0.0362	0.015	0.629	0.0162	0.011	0.087
18.235	0.0127	0.006	0.643	0.0229	0.006	0.087
18.240	0.0107	0.008	0.670	0.0194	0.002	0.077
18.245	0.0212	0.015	0.698	0.0285	0.001	0.069
18.250	0.0250	0.004	0.705	0.0301	0.001	0.066
18.255	0.0190	0.006	0.668	0.0170	0.001	0.071
18.260	0.0064	0.008	0.669	0.0181	0.000	0.072
18.265	0.0158	0.015	0.705	0.0102	0.000	0.059
18.270	0.0234	0.008	0.696	0.0145	0.000	0.053
18.275	0.0240	0.004	0.687	0.0144	0.000	0.054
18.280	0.0200	0.008	0.677	0.0088	0.000	0.052
18.285	0.0068	0.006	0.680	0.0144	0.000	0.051
18.290	0.0139	0.008	0.674	0.0216	0.001	0.050
18.295	0.0235	0.006	0.678	0.0130	0.001	0.051
18.300	0.0242	0.006	0.704	0.0180	0.002	0.048
18.305	0.0206	0.006	0.656	0.0153	0.002	0.053
18.310	0.0071	0.006	0.658	0.0146	0.004	0.054
18.315	0.0114	0.008	0.680	0.0203	0.003	0.057
18.320	0.0225	0.006	0.656	0.0230	0.004	0.055
18.325	0.0267	0.010	0.639	0.0106	0.003	0.051
18.330	0.0226	0.008	0.648	0.0099	0.002	0.050
18.335	0.0071	0.017	0.642	0.0156	0.002	0.054
18.340	0.0110	0.023	0.657	0.0199	0.002	0.065
18.345	0.0267	0.019	0.689	0.0254	0.002	0.065
18.350	0.0367	0.023	0.673	0.0235	0.002	0.058
18.355	0.0183	0.019	0.646	0.0202	0.001	0.051
18.360	0.0056	0.021	0.629	0.0221	0.002	0.043
18.365	0.0132	0.031	0.661	0.0272	0.001	0.046
18.370	0.0250	0.033	0.619	0.0303	0.001	0.056
18.375	0.0242	0.004	0.597	0.0436	0.000	0.055
18.380	0.0117	0.002	0.552	0.0396	0.000	0.061
18.385	0.0090	0.004	0.553	0.0144	0.000	0.071
18.390	0.0099	0.004	0.343	0.0240	0.001	0.124
18.395	0.0050	0.002	0.379	0.0245	0.001	0.146
18.400	0.0019	0.008	0.379	0.0379	0.004	0.215
18.405	0.0012	0.037	0.429	0.0217	0.004	0.224
18.410	0.0006	0.015	0.187	0.0200	0.005	0.286
18.415	0.0003	0.025	0.184	0.0471	0.020	0.257
18.420	0.0003	0.021	0.375	0.0167	0.016	0.173
18.425	0.0003	0.052	0.364	0.0137	0.022	0.172
18.430	0.0039	0.044	0.371	0.0150	0.076	0.190
18.435	0.0021	0.046	0.313	0.0148	0.070	0.197
18.440	0.0027	0.035	0.079	0.0460	0.056	0.211
18.445	0.0018	0.058	0.183	0.0799	0.008	0.159
18.450	0.0012	0.040	0.515	0.0360	0.000	0.050
18.455	0.0032	0.013	0.642	0.0367	0.000	0.037
18.460	0.0173	0.006	0.687	0.0322	0.000	0.027
18.465	0.0230	0.013	0.608	0.0365	0.000	0.027
18.470	0.0193	0.008	0.531	0.0417	0.000	0.028
18.475	0.0218	0.006	0.389	0.0315	0.000	0.033
18.480	0.0190	0.006	0.503	0.0365	0.000	0.041
18.485	0.0135	0.004	0.667	0.0185	0.000	0.039
18.490	0.0102	0.004	0.621	0.0240	0.000	0.042
18.495	0.0083	0.004	0.613	0.0243	0.000	0.047
18.500	0.0049	0.002	0.546	0.0265	0.000	0.054
18.505	0.0057	0.002	0.533	0.0555	0.000	0.053
18.510	0.0046	0.004	0.378	0.0414	0.000	0.072
18.515	0.0035	0.008	0.281	0.0534	0.001	0.126
18.520	0.0021	0.010	0.382	0.0766	0.001	0.122
18.525	0.0006	0.013	0.718	0.0496	0.000	0.107
18.530	0.0017	0.004	0.410	0.0216	0.001	0.174
18.535	0.0022	0.008	0.306	0.0570	0.002	0.175
18.540	0.0017	0.004	0.507	0.0400	0.001	0.085
18.545	0.0028	0.004	0.248	0.0252	0.000	0.052
18.550	0.0042	0.008	0.447	0.0237	0.001	0.029
18.555	0.0163	0.015	0.593	0.0167	0.002	0.024
18.560	0.0142	0.013	0.539	0.0187	0.002	0.029
18.565	0.0261	0.015	0.618	0.0188	0.003	0.026
18.570	0.0329	0.006	0.627	0.0132	0.004	0.028
18.575	0.0420	0.013	0.637	0.0243	0.003	0.032
18.580	0.0299	0.010	0.636	0.0227	0.004	0.042
18.585	0.0156	0.010	0.641	0.0152	0.006	0.044
18.590	0.0131	0.019	0.573	0.0190	0.008	0.035
18.595	0.0215	0.019	0.541	0.0138	0.011	0.032
18.600	0.0385	0.019	0.503	0.0144	0.012	0.024
18.605	0.0455	0.027	0.577	0.0153	0.009	0.024
18.610	0.0208	0.027	0.625	0.0083	0.006	0.027
18.615	0.0220	0.021	0.638	0.0087	0.005	0.026
18.620	0.0213	0.019	0.649	0.0083	0.004	0.028
18.625	0.0386	0.031	0.649	0.0079	0.003	0.028
18.630	0.0194	0.021	0.633	0.0084	0.003	0.029
18.635	0.0125	0.017	0.631	0.0117	0.002	0.031
18.640	0.0187	0.019	0.631	0.0127	0.001	0.034
18.645	0.0353	0.027	0.619	0.0104	0.000	0.037
18.650	0.0309	0.017	0.529	0.0215	0.000	0.041
18.655	0.0126	0.013	0.487	0.0479	0.000	0.044
18.660	0.0120	0.006	0.673	0.0182	0.000	0.045
18.665	0.0253	0.006	0.658	0.0133	0.000	0.045
18.670	0.0185	0.006	0.657	0.0132	0.000	0.037
18.675	0.0051	0.006	0.666	0.0182	0.000	0.035
18.680	0.0113	0.013	0.687	0.0313	0.000	0.033
18.685	0.0217	0.006	0.716	0.0250	0.000	0.030
18.690	0.0249	0.004	0.663	0.0245	0.000	0.028
18.695	0.0163	0.004	0.612	0.0363	0.000	0.031
18.700	0.0095	0.002	0.488	0.0206	0.000	0.067
18.705	0.0092	0.004	0.411	0.0253	0.001	0.121
18.710	0.0089	0.002	0.159	0.0128	0.029	0.320
18.715	0.0017	0.042	0.250	0.0185	0.125	0.382
18.720	0.0011	0.050	0.273	0.0156	0.286	0.391
18.725	0.0007	0.100	0.319	0.0110	0.418	0.388
18.730	0.0009	0.098	0.245	0.0103	0.598	0.393
18.735	0.0007	0.129	0.180	0.0111	0.699	0.412
18.740	0.0008	0.179	0.159	0.0116	0.894	0.364
18.745	0.0010	0.231	0.153	0.0115	0.948	0.383
18.750	0.0009	0.227	0.137	0.0113	0.975	0.361
18.755	0.0012	0.217	0.141	0.0115	0.967	0.343
18.760	0.0012	0.240	0.132	0.0103	0.964	0.352
18.765	0.0012	0.225	0.115	0.0106	0.923	0.394
18.770	0.0011	0.204	0.034	0.0625	0.088	0.333
18.775	0.0005	0.146	0.292	0.0344	0.001	0.070
18.780	0.0003	0.077	0.244	0.0209	0.000	0.025
18.785	0.0014	0.010	0.346	0.0291	0.000	0.022
18.790	0.0145	0.010	0.584	0.0150	0.000	0.019
18.795	0.0241	0.017	0.586	0.0164	0.000	0.017
18.800	0.0300	0.015	0.626	0.0138	0.001	0.015
18.805	0.0446	0.017	0.686	0.0130	0.001	0.016
18.810	0.0612	0.019	0.686	0.0122	0.001	0.018
18.815	0.0349	0.023	0.642	0.0109	0.001	0.020
18.820	0.0198	0.019	0.642	0.0072	0.001	0.022
18.825	0.0333	0.017	0.651	0.0111	0.001	0.023
18.830	0.0360	0.019	0.654	0.0107	0.001	0.026
18.835	0.0526	0.023	0.647	0.0092	0.001	0.026
18.840	0.0408	0.021	0.627	0.0104	0.001	0.026
18.845	0.0114	0.025	0.617	0.0134	0.001	0.026
18.850	0.0217	0.019	0.555	0.0180	0.001	0.029
18.855	0.0244	0.029	0.583	0.0292	0.000	0.033
18.860	0.0288	0.017	0.630	0.0263	0.000	0.031
18.865	0.0174	0.010	0.592	0.0196	0.000	0.028
18.870	0.0069	0.015	0.615	0.0130	0.001	0.031
18.875	0.0136	0.013	0.636	0.0152	0.001	0.035
18.880	0.0218	0.013	0.613	0.0165	0.002	0.037
18.885	0.0428	0.008	0.620	0.0183	0.002	0.038
18.890	0.0180	0.015	0.604	0.0145	0.003	0.041
18.895	0.0137	0.021	0.541	0.0194	0.002	0.040
18.900	0.0172	0.010	0.504	0.0186	0.001	0.049
18.905	0.0284	0.008	0.557	0.0236	0.001	0.056
18.910	0.0084	0.006	0.639	0.0164	0.001	0.059
18.915	0.0077	0.013	0.677	0.0121	0.000	0.056
18.920	0.0155	0.006	0.671	0.0095	0.000	0.059
18.925	0.0171	0.004	0.665	0.0084	0.000	0.061
18.930	0.0111	0.006	0.666	0.0055	0.000	0.060
18.935	0.0058	0.008	0.658	0.0049	0.000	0.061
18.940	0.0143	0.006	0.639	0.0064	0.000	0.065
18.945	0.0137	0.004	0.644	0.0125	0.000	0.065
18.950	0.0069	0.006	0.641	0.0106	0.000	0.065
18.955	0.0048	0.008	0.592	0.0101	0.000	0.057
18.960	0.0108	0.010	0.605	0.0096	0.000	0.057
18.965	0.0085	0.004	0.549	0.0227	0.000	0.061
18.970	0.0017	0.006	0.443	0.0225	0.001	0.074
18.975	0.0039	0.010	0.588	0.0267	0.003	0.079
18.980	0.0133	0.017	0.662	0.0147	0.003	0.071
18.985	0.0240	0.006	0.653	0.0119	0.002	0.063
18.990	0.0130	0.015	0.647	0.0290	0.001	0.047
18.995	0.0136	0.010	0.476	0.0303	0.001	0.046
19.000	0.0192	0.006	0.252	0.0382	0.001	0.077
19.005	0.0234	0.013	0.267	0.1124	0.000	0.098
19.010	0.0083	0.004	0.475	0.0449	0.000	0.112
19.015	0.0058	0.002	0.411	0.0260	0.001	0.137
19.020	0.0031	0.004	0.440	0.0437	0.001	0.155
19.025	0.0015	0.002	0.428	0.0195	0.002	0.175
19.030	0.0014	0.013	0.190	0.0458	0.004	0.239
19.035	0.0010	0.017	0.285	0.0235	0.090	0.257
19.040	0.0003	0.025	0.226	0.0155	0.160	0.206
19.045	0.0002	0.050	0.163	0.0181	0.359	0.220
19.050	0.0020	0.044	0.149	0.0146	0.458	0.211
19.055	0.0021	0.085	0.243	0.0400	0.215	0.196
19.060	0.0042	0.098	0.427	0.0469	0.008	0.128
19.065	0.0034	0.025	0.554	0.0339	0.001	0.085
19.070	0.0033	0.017	0.661	0.0220	0.000	0.044
19.075	0.0105	0.004	0.677	0.0264	0.000	0.031
19.080	0.0194	0.004	0.678	0.0198	0.000	0.021
19.085	0.0238	0.002	0.692	0.0173	0.000	0.019
19.090	0.0308	0.013	0.531	0.0216	0.000	0.015
19.095	0.0406	0.013	0.535	0.0241	0.000	0.014
19.100	0.0446	0.010	0.522	0.0175	0.000	0.016
19.105	0.0400	0.010	0.532	0.0215	0.001	0.016
19.110	0.0188	0.015	0.480	0.0239	0.003	0.017
19.115	0.0362	0.013	0.481	0.0203	0.003	0.018
19.120	0.0422	0.015	0.607	0.0161	0.002	0.018
19.125	0.0538	0.019	0.628	0.0116	0.001	0.018
19.130	0.0402	0.017	0.657	0.0107	0.001	0.017
19.135	0.0251	0.017	0.658	0.0091	0.001	0.015
19.140	0.0457	0.015	0.657	0.0085	0.001	0.015
19.145	0.0613	0.025	0.647	0.0102	0.002	0.016
19.150	0.0434	0.015	0.650	0.0091	0.002	0.020
19.155	0.0253	0.017	0.663	0.0138	0.003	0.022
19.160	0.0322	0.013	0.669	0.0110	0.003	0.025
19.165	0.0445	0.019	0.665	0.0098	0.002	0.026
19.170	0.0483	0.021	0.668	0.0105	0.002	0.029
19.175	0.0255	0.017	0.674	0.0073	0.002	0.032
19.180	0.0268	0.017	0.660	0.0075	0.002	0.032
19.185	0.0359	0.025	0.695	0.0086	0.001	0.031
19.190	0.0450	0.027	0.677	0.0099	0.001	0.028
19.195	0.0351	0.021	0.641	0.0147	0.001	0.027
19.200	0.0203	0.021	0.620	0.0154	0.001	0.027
19.205	0.0337	0.021	0.605	0.0129	0.000	0.026
19.210	0.0383	0.015	0.592	0.0152	0.000	0.029
19.215	0.0410	0.010	0.590	0.0089	0.000	0.035
19.220	0.0176	0.013	0.619	0.0084	0.000	0.038
19.225	0.0149	0.013	0.610	0.0112	0.000	0.040
19.230	0.0173	0.023	0.651	0.0114	0.000	0.043
19.235	0.0258	0.017	0.636	0.0122	0.000	0.045
19.240	0.0174	0.019	0.657	0.0083	0.000	0.050
19.245	0.0053	0.013	0.656	0.0165	0.001	0.048
19.250	0.0058	0.019	0.657	0.0186	0.001	0.045
19.255	0.0162	0.021	0.684	0.0245	0.001	0.042
19.260	0.0195	0.010	0.683	0.0205	0.001	0.037
19.265	0.0114	0.010	0.642	0.0131	0.001	0.038
19.270	0.0058	0.006	0.633	0.0137	0.002	0.034
19.275	0.0117	0.006	0.663	0.0112	0.002	0.032
19.280	0.0254	0.017	0.671	0.0111	0.003	0.032
19.285	0.0368	0.013	0.662	0.0153	0.003	0.034
19.290	0.0304	0.015	0.678	0.0138	0.003	0.035
19.295	0.0145	0.010	0.676	0.0085	0.003	0.036
19.300	0.0239	0.010	0.675	0.0092	0.003	0.033
19.305	0.0382	0.010	0.719	0.0105	0.003	0.035
19.310	0.0525	0.010	0.711	0.0101	0.003	0.037
19.315	0.0571	0.010	0.668	0.0154	0.002	0.037
19.320	0.0375	0.010	0.690	0.0137	0.001	0.033
19.325	0.0197	0.006	0.677	0.0124	0.001	0.033
19.330	0.0232	0.006	0.692	0.0158	0.000	0.030
19.335	0.0270	0.008	0.697	0.0193	0.000	0.032
19.340	0.0330	0.006	0.668	0.0222	0.000	0.041
19.345	0.0324	0.008	0.683	0.0166	0.000	0.053
19.350	0.0318	0.008	0.671	0.0184	0.001	0.072
19.355	0.0218	0.008	0.662	0.0226	0.001	0.089
19.360	0.0175	0.008	0.678	0.0102	0.005	0.118
19.365	0.0114	0.004	0.627	0.0110	0.011	0.133
19.370	0.0078	0.010	0.613	0.0107	0.017	0.147
19.375	0.0059	0.025	0.631	0.0210	0.023	0.135
19.380	0.0095	0.025	0.622	0.0133	0.034	0.130
19.385	0.0104	0.019	0.606	0.0144	0.025	0.115
19.390	0.0097	0.033	0.640	0.0193	0.022	0.115
19.395	0.0106	0.017	0.682	0.0166	0.013	0.112
19.400	0.0124	0.021	0.708	0.0134	0.006	0.097
19.405	0.0137	0.017	0.706	0.0139	0.003	0.088
19.410	0.0145	0.017	0.712	0.0117	0.002	0.065
19.415	0.0163	0.017	0.733	0.0111	0.002	0.059
19.420	0.0189	0.013	0.744	0.0088	0.002	0.053
19.425	0.0217	0.013	0.743	0.0088	0.003	0.045
19.430	0.0229	0.006	0.730	0.0083	0.004	0.045
19.435	0.0224	0.013	0.732	0.0100	0.004	0.044
19.440	0.0162	0.013	0.742	0.0087	0.006	0.046
19.445	0.0117	0.013	0.722	0.0041	0.007	0.045
19.450	0.0106	0.017	0.737	0.0075	0.007	0.044
19.455	0.0101	0.013	0.701	0.0090	0.005	0.044
19.460	0.0095	0.013	0.718	0.0065	0.004	0.043
19.465	0.0114	0.004	0.689	0.0235	0.003	0.042
19.470	0.0142	0.004	0.712	0.0100	0.002	0.040
19.475	0.0153	0.002	0.736	0.0065	0.001	0.037
19.480	0.0154	0.004	0.696	0.0201	0.002	0.032
19.485	0.0172	0.004	0.721	0.0076	0.003	0.031
19.490	0.0214	0.004	0.696	0.0109	0.005	0.034
19.495	0.0244	0.008	0.710	0.0111	0.007	0.036
19.500	0.0275	0.017	0.727	0.0082	0.007	0.045
19.505	0.0266	0.017	0.728	0.0089	0.006	0.041
19.510	0.0270	0.021	0.730	0.0085	0.005	0.044
19.515	0.0250	0.027	0.724	0.0069	0.004	0.048
19.520	0.0103	0.017	0.715	0.0081	0.005	0.057
19.525	0.0073	0.025	0.685	0.0108	0.005	0.064
19.530	0.0095	0.017	0.691	0.0109	0.003	0.063
19.535	0.0086	0.008	0.658	0.0192	0.003	0.065
19.540	0.0079	0.013	0.576	0.0282	0.001	0.085
19.545	0.0124	0.017	0.592	0.0287	0.001	0.087
19.550	0.0129	0.002	0.650	0.0282	0.000	0.075
19.555	0.0113	0.004	0.607	0.0296	0.000	0.085
19.560	0.0059	0.004	0.608	0.0657	0.000	0.084
19.565	0.0037	0.013	0.597	0.0355	0.000	0.074
19.570	0.0046	0.004	0.448	0.0459	0.000	0.085
19.575	0.0027	0.002	0.473	0.0382	0.000	0.071
19.580	0.0016	0.008	0.449	0.0333	0.000	0.079
19.585	0.0033	0.008	0.325	0.0381	0.000	0.073
19.590	0.0024	0.004	0.517	0.0270	0.002	0.144
19.595	0.0048	0.004	0.395	0.0267	0.005	0.155
19.600	0.0023	0.021	0.099	0.0470	0.002	0.101
19.605	0.0033	0.017	0.329	0.0385	0.003	0.059
19.610	0.0042	0.006	0.486	0.0198	0.005	0.044
19.615	0.0221	0.008	0.544	0.0190	0.005	0.044
19.620	0.0444	0.008	0.523	0.0183	0.006	0.051
19.625	0.0265	0.013	0.593	0.0263	0.005	0.044
19.630	0.0370	0.015	0.646	0.0120	0.005	0.036
19.635	0.0394	0.010	0.675	0.0092	0.007	0.032
19.640	0.0429	0.017	0.695	0.0082	0.011	0.032
19.645	0.0486	0.017	0.683	0.0113	0.015	0.033
19.650	0.0389	0.021	0.715	0.0071	0.018	0.033
19.655	0.0279	0.029	0.710	0.0097	0.016	0.032
19.660	0.0262	0.021	0.722	0.0076	0.012	0.031
19.665	0.0254	0.023	0.728	0.0067	0.010	0.030
19.670	0.0263	0.017	0.728	0.0080	0.009	0.030
19.675	0.0278	0.017	0.726	0.0064	0.009	0.029
19.680	0.0271	0.021	0.719	0.0101	0.010	0.028
19.685	0.0239	0.033	0.720	0.0065	0.011	0.026
19.690	0.0264	0.023	0.740	0.0040	0.010	0.029
19.695	0.0264	0.027	0.703	0.0059	0.009	0.026
19.700	0.0250	0.035	0.736	0.0053	0.009	0.028
19.705	0.0241	0.033	0.711	0.0103	0.009	0.027
19.710	0.0262	0.031	0.733	0.0065	0.009	0.032
19.715	0.0266	0.037	0.733	0.0051	0.009	0.032
19.720	0.0271	0.033	0.728	0.0049	0.008	0.033
19.725	0.0259	0.033	0.730	0.0059	0.008	0.040
19.730	0.0243	0.033	0.717	0.0065	0.008	0.045
19.735	0.0230	0.029	0.728	0.0055	0.008	0.049
19.740	0.0218	0.023	0.717	0.0062	0.008	0.051
19.745	0.0196	0.021	0.729	0.0078	0.008	0.054
19.750	0.0184	0.021	0.747	0.0048	0.008	0.052
19.755	0.0175	0.015	0.746	0.0046	0.008	0.048
19.760	0.0179	0.013	0.741	0.0085	0.006	0.052
19.765	0.0173	0.017	0.719	0.0137	0.005	0.053
19.770	0.0164	0.017	0.605	0.0377	0.002	0.054
19.775	0.0141	0.006	0.639	0.0359	0.000	0.047
19.780	0.0135	0.004	0.762	0.0167	0.000	0.037
19.785	0.0203	0.004	0.775	0.0163	0.000	0.031
19.790	0.0227	0.006	0.757	0.0076	0.000	0.026
19.795	0.0240	0.004	0.761	0.0177	0.000	0.022
19.800	0.0248	0.004	0.763	0.0145	0.000	0.020
19.805	0.0230	0.004	0.770	0.0154	0.000	0.021
19.810	0.0209	0.004	0.772	0.0141	0.000	0.020
19.815	0.0210	0.004	0.779	0.0121	0.000	0.019
19.820	0.0292	0.006	0.777	0.0056	0.000	0.016
19.825	0.0315	0.004	0.778	0.0140	0.000	0.017
19.830	0.0322	0.004	0.791	0.0111	0.000	0.017
19.835	0.0312	0.004	0.781	0.0136	0.000	0.018
19.840	0.0302	0.006	0.772	0.0056	0.000	0.018
19.845	0.0282	0.004	0.774	0.0099	0.000	0.019
19.850	0.0225	0.004	0.769	0.0136	0.000	0.021
19.855	0.0227	0.004	0.768	0.0133	0.000	0.020
19.860	0.0242	0.006	0.762	0.0116	0.000	0.022
19.865	0.0223	0.004	0.744	0.0190	0.000	0.026
19.870	0.0190	0.004	0.753	0.0166	0.000	0.030
19.875	0.0157	0.004	0.760	0.0117	0.000	0.032
19.880	0.0135	0.004	0.740	0.0095	0.000	0.039
19.885	0.0123	0.004	0.692	0.0236	0.000	0.047
19.890	0.0101	0.006	0.546	0.0109	0.000	0.076
19.895	0.0062	0.004	0.473	0.0128	0.001	0.122
19.900	0.0029	0.004	0.332	0.0374	0.006	0.270
19.905	0.0008	0.004	0.300	0.0720	0.014	0.314
19.910	0.0002	0.023	0.763	0.0119	0.014	0.364
19.915	0.0004	0.013	0.724	0.0149	0.017	0.399
19.920	0.0004	0.008	0.749	0.0113	0.017	0.397
19.925	0.0003	0.031	0.749	0.0113	0.019	0.417
19.930	0.0003	0.013	0.691	0.0085	0.032	0.452
19.935	0.0003	0.021	0.679	0.0089	0.050	0.474
19.940	0.0002	0.025	0.636	0.0102	0.118	0.510
19.945	0.0002	0.050	0.600	0.0125	0.144	0.532
19.950	0.0001	0.090	0.589	0.0091	0.194	0.562
19.955	0.0001	0.071	0.641	0.0095	0.178	0.548
19.960	0.0001	0.079	0.681	0.0099	0.136	0.544
19.965	0.0001	0.071	0.677	0.0092	0.130	0.537
19.970	0.0001	0.069	0.611	0.0095	0.185	0.571
19.975	0.0001	0.050	0.547	0.0102	0.269	0.578
19.980	0.0001	0.079	0.482	0.0100	0.379	0.596
19.985	0.0001	0.119	0.445	0.0099	0.422	0.616
19.990	0.0001	0.167	0.349	0.0093	0.518	0.640
19.995	0.0000	0.188	0.316	0.0103	0.661	0.649
20.000	0.0000	0.210	0.208	0.0093	0.783	0.670
20.005	0.0000	0.229	0.139	0.0100	0.846	0.684
20.010	0.0000	0.235	0.126	0.0100	0.918	0.695
20.015	0.0000	0.223	0.123	0.0095	0.901	0.688
20.020	0.0000	0.258	0.131	0.0103	0.921	0.693
20.025	0.0000	0.217	0.139	0.0113	0.957	0.699
20.030	0.0000	0.250	0.114	0.0106	0.914	0.704
20.035	0.0000	0.242	0.125	0.0102	0.891	0.696
20.040	0.0000	0.246	0.106	0.0096	0.926	0.726
20.045	0.0000	0.233	0.105	0.0087	0.925	0.723
20.050	0.0000	0.242	0.166	0.0105	0.914	0.725
20.055	0.0000	0.221	0.156	0.0098	0.926	0.708
20.060	0.0000	0.267	0.198	0.0095	0.949	0.717
20.065	0.0000	0.219	0.186	0.0094	0.943	0.728
20.070	0.0000	0.231	0.149	0.0107	0.918	0.743
20.075	0.0000	0.229	0.131	0.0095	0.901	0.742
20.080	0.0000	0.258	0.105	0.0100	0.907	0.760
20.085	0.0000	0.204	0.112	0.0097	0.897	0.727
20.090	0.0000	0.208	0.109	0.0103	0.883	0.739
20.095	0.0000	0.233	0.137	0.0103	0.876	0.721
20.100	0.0000	0.192	0.170	0.0094	0.899	0.743
20.105	0.0000	0.221	0.159	0.0101	0.929	0.729
20.110	0.0000	0.219	0.113	0.0082	0.925	0.727
20.115	0.0000	0.223	0.150	0.0099	0.933	0.729
20.120	0.0000	0.208	0.155	0.0095	0.935	0.734
20.125	0.0000	0.246	0.176	0.0097	0.931	0.749
20.130	0.0000	0.225	0.198	0.0094	0.921	0.722
20.135	0.0000	0.237	0.176	0.0093	0.910	0.725
20.140	0.0000	0.235	0.145	0.0099	0.918	0.752
20.145	0.0000	0.181	0.154	0.0094	0.916	0.732
20.150	0.0000	0.221	0.142	0.0091	0.909	0.733
20.155	0.0000	0.246	0.166	0.0094	0.921	0.749
20.160	0.0000	0.223	0.187	0.0096	0.914	0.738
20.165	0.0000	0.231	0.191	0.0097	0.882	0.734
20.170	0.0000	0.229	0.209	0.0084	0.867	0.757
20.175	0.0000	0.233	0.190	0.0098	0.861	0.728
20.180	0.0000	0.225	0.150	0.0092	0.888	0.748
20.185	0.0000	0.233	0.134	0.0096	0.894	0.769
20.190	0.0000	0.198	0.148	0.0097	0.893	0.740
20.195	0.0000	0.219	0.177	0.0103	0.904	0.732
20.200	0.0000	0.212	0.244	0.0093	0.896	0.731
20.205	0.0000	0.229	0.256	0.0092	0.893	0.740
20.210	0.0000	0.240	0.247	0.0098	0.895	0.722
20.215	0.0000	0.215	0.264	0.0094	0.901	0.722
20.220	0.0000	0.256	0.181	0.0102	0.924	0.739
20.225	0.0000	0.206	0.178	0.0101	0.924	0.735
20.230	0.0000	0.227	0.205	0.0102	0.894	0.724
20.235	0.0000	0.237	0.191	0.0097	0.885	0.725
20.240	0.0000	0.179	0.219	0.0102	0.918	0.719
20.245	0.0000	0.248	0.214	0.0093	0.906	0.735
20.250	0.0000	0.244	0.166	0.0101	0.885	0.741
20.255	0.0000	0.190	0.158	0.0088	0.892	0.746
20.260	0.0000	0.225	0.148	0.0093	0.898	0.732
20.265	0.0000	0.194	0.208	0.0098	0.911	0.746
20.270	0.0000	0.240	0.175	0.0094	0.907	0.750
20.275	0.0000	0.246	0.197	0.0098	0.933	0.745
20.280	0.0000	0.198	0.159	0.0090	0.918	0.759
20.285	0.0000	0.252	0.161	0.0100	0.903	0.755
20.290	0.0000	0.183	0.111	0.0103	0.914	0.752
20.295	0.0000	0.223	0.145	0.0093	0.908	0.757
20.300	0.0000	0.244	0.180	0.0101	0.880	0.757
20.305	0.0000	0.210	0.190	0.0093	0.880	0.746
20.310	0.0000	0.244	0.178	0.0091	0.877	0.751
20.315	0.0000	0.208	0.100	0.0109	0.826	0.735
20.320	0.0000	0.200	0.284	0.0215	0.149	0.592
20.325	0.0000	0.229	0.386	0.0163	0.098	0.557
20.330	0.0001	0.119	0.448	0.0134	0.106	0.556
20.335	0.0001	0.090	0.430	0.0094	0.158	0.608
20.340	0.0001	0.042	0.391	0.0182	0.136	0.615
20.345	0.0000	0.079	0.339	0.0301	0.050	0.528
20.350	0.0001	0.046	0.022	0.3071	0.001	0.208
20.355	0.0001	0.021	0.196	0.1082	0.000	0.078
20.360	0.0001	0.015	0.408	0.0186	0.000	0.035
20.365	0.0011	0.004	0.346	0.0300	0.000	0.032
20.370	0.0137	0.006	0.518	0.0264	0.000	0.044
20.375	0.0161	0.010	0.683	0.0407	0.000	0.045
20.380	0.0166	0.004	0.723	0.0177	0.000	0.053
20.385	0.0195	0.004	0.730	0.0160	0.000	0.073
20.390	0.0149	0.008	0.736	0.0127	0.002	0.098
20.395	0.0144	0.004	0.683	0.0055	0.005	0.115
20.400	0.0119	0.002	0.658	0.0126	0.017	0.148
20.405	0.0070	0.004	0.667	0.0090	0.032	0.163
20.410	0.0075	0.008	0.617	0.0122	0.071	0.173
20.415	0.0116	0.010	0.611	0.0136	0.142	0.171
20.420	0.0084	0.021	0.576	0.0105	0.202	0.168
20.425	0.0067	0.062	0.558	0.0162	0.161	0.180
20.430	0.0071	0.027	0.579	0.0143	0.169	0.187
20.435	0.0044	0.054	0.602	0.0111	0.165	0.188
20.440	0.0055	0.058	0.622	0.0152	0.083	0.206
20.445	0.0066	0.031	0.610	0.0164	0.053	0.198
20.450	0.0064	0.033	0.590	0.0299	0.012	0.153
20.455	0.0064	0.021	0.567	0.0287	0.004	0.111
20.460	0.0108	0.015	0.614	0.0187	0.002	0.062
20.465	0.0102	0.013	0.562	0.0190	0.003	0.049
20.470	0.0092	0.006	0.566	0.0219	0.004	0.038
20.475	0.0154	0.015	0.550	0.0194	0.005	0.038
20.480	0.0263	0.013	0.515	0.0137	0.011	0.039
20.485	0.0397	0.015	0.608	0.0258	0.014	0.035
20.490	0.0430	0.015	0.644	0.0187	0.009	0.028
20.495	0.0331	0.010	0.623	0.0130	0.006	0.026
20.500	0.0272	0.013	0.592	0.0159	0.004	0.022
20.505	0.0414	0.015	0.522	0.0141	0.004	0.023
20.510	0.0494	0.015	0.589	0.0173	0.005	0.023
20.515	0.0449	0.013	0.630	0.0119	0.004	0.024
20.520	0.0307	0.013	0.680	0.0135	0.004	0.024
20.525	0.0308	0.017	0.669	0.0104	0.005	0.022
20.530	0.0355	0.013	0.664	0.0105	0.005	0.022
20.535	0.0470	0.015	0.661	0.0097	0.006	0.021
20.540	0.0374	0.017	0.656	0.0123	0.006	0.018
20.545	0.0387	0.013	0.652	0.0085	0.005	0.017
20.550	0.0394	0.010	0.663	0.0052	0.004	0.017
20.555	0.0469	0.015	0.671	0.0055	0.004	0.018
20.560	0.0459	0.013	0.662	0.0028	0.004	0.019
20.565	0.0381	0.013	0.663	0.0050	0.004	0.019
20.570	0.0398	0.010	0.661	0.0049	0.003	0.019
20.575	0.0444	0.015	0.663	0.0047	0.002	0.019
20.580	0.0407	0.013	0.656	0.0056	0.001	0.015
20.585	0.0330	0.013	0.661	0.0071	0.001	0.015
20.590	0.0355	0.013	0.657	0.0068	0.001	0.018
20.595	0.0367	0.013	0.650	0.0048	0.000	0.018
20.600	0.0333	0.013	0.649	0.0097	0.000	0.019
20.605	0.0268	0.013	0.647	0.0071	0.000	0.018
20.610	0.0280	0.013	0.604	0.0118	0.000	0.019
20.615	0.0282	0.013	0.575	0.0222	0.000	0.024
20.620	0.0256	0.013	0.602	0.0208	0.001	0.031
20.625	0.0208	0.010	0.402	0.0242	0.000	0.033
20.630	0.0182	0.017	0.330	0.0515	0.001	0.039
20.635	0.0239	0.017	0.464	0.0335	0.001	0.038
20.640	0.0141	0.013	0.615	0.0379	0.000	0.041
20.645	0.0207	0.013	0.543	0.0324	0.000	0.039
20.650	0.0062	0.017	0.537	0.0572	0.000	0.055
20.655	0.0158	0.013	0.468	0.0512	0.000	0.073
20.660	0.0077	0.013	0.520	0.0224	0.000	0.047
20.665	0.0037	0.010	0.545	0.0386	0.000	0.056
20.670	0.0077	0.017	0.483	0.0252	0.001	0.129
20.675	0.0038	0.013	0.397	0.0311	0.002	0.155
20.680	0.0013	0.015	0.364	0.0288	0.004	0.187
20.685	0.0006	0.013	0.248	0.0280	0.008	0.251
20.690	0.0004	0.019	0.321	0.0361	0.011	0.256
20.695	0.0005	0.025	0.204	0.0192	0.018	0.340
20.700	0.0004	0.017	0.303	0.0318	0.037	0.409
20.705	0.0001	0.104	0.348	0.0225	0.024	0.365
20.710	0.0002	0.040	0.497	0.0201	0.017	0.334
20.715	0.0003	0.054	0.638	0.0112	0.016	0.337
20.720	0.0003	0.023	0.636	0.0131	0.016	0.338
20.725	0.0001	0.048	0.564	0.0068	0.022	0.388
20.730	0.0003	0.029	0.575	0.0088	0.046	0.478
20.735	0.0003	0.027	0.560	0.0117	0.064	0.499
20.740	0.0001	0.042	0.620	0.0073	0.100	0.512
20.745	0.0001	0.044	0.496	0.0085	0.133	0.541
20.750	0.0001	0.079	0.474	0.0141	0.110	0.554
20.755	0.0001	0.060	0.418	0.0118	0.136	0.617
20.760	0.0000	0.096	0.363	0.0160	0.208	0.676
20.765	0.0000	0.033	0.201	0.0126	0.589	0.787
20.770	0.0000	0.021	0.165	0.0095	0.598	0.792
20.775	0.0000	0.021	0.177	0.0093	0.539	0.791
20.780	0.0000	0.002	0.168	0.0084	0.500	0.783
20.785	0.0000	0.019	0.168	0.0084	0.500	0.783
20.790	0.0000	0.017	0.168	0.0084	0.500	0.783
20.795	0.0000	0.000	0.168	0.0084	0.500	0.783


