PULSAR AUTO -- SIGNAL+BOUNDARY DATA, BATCH 5 OF 5
This batch contains clips: 3, 5, 6 (of 14 total clips, indices 0-13, split across 5 batches)
See accompanying prompt (llm_analysis_prompt.txt) for full task context and column definitions.
====================================================================================================

##### CLIP 3  (file=zencastr-en_6044eb9db82b030014de5da5-00004_71.wav, duration=19.260s, sr=44100) #####

trail_thresh=0.00673  speech_thresh=0.00936

--- GOLD TOKENS (idx, text, start_s, end_s) ---
0	i	0.7207	0.8190
1	mean	0.8210	0.9711
2	like	0.9721	1.1292
3	(())	1.1302	1.2940
4	you	1.2960	1.4300
5	tie	1.4620	1.6510
6	it	1.6530	1.7130
7	to	1.7150	1.8350
8	the	1.8370	1.9996
9	system	2.0006	2.3910
10	right	2.3930	2.5330
11	like	2.5590	2.6868
12	imagine	2.6878	3.0720
13	that	3.0740	3.4030
14	when	3.5530	3.6630
15	you're	3.6650	3.8880
16	pricing	3.8900	4.2940
17	the	4.2950	4.3980
18	items	4.4000	4.7850
19	in	4.7860	4.9113
20	a	4.9123	5.0180
21	game	5.0200	5.1940
22	you're	5.1960	5.3770
23	actually	5.3790	5.8230
24	pricing	5.8850	6.2050
25	them	6.2070	6.3520
26	a	6.3540	6.5060
27	little	6.5080	6.7600
28	bit	6.7620	6.8770
29	more	6.8930	7.1060
30	expensive	7.1080	7.6600
31	so	7.6620	7.7920
32	that	7.7940	7.9380
33	you're	8.6746	8.8977
34	you're	8.8987	9.1160
35	keeping	9.1170	9.4610
36	like	9.4630	9.6670
37	a	9.6700	9.7522
38	little	9.7532	9.9691
39	room	9.9701	10.3520
40	for	10.3550	10.5300
41	for	10.6821	10.8500
42	people	10.9050	11.1870
43	to	11.1890	11.2810
44	come	11.2830	11.4777
45	in	11.4787	11.5830
46	and	11.5840	11.7056
47	haggle	11.7066	12.2500
48	and	12.2520	12.4040
49	like	12.4060	12.5570
50	get	12.5590	12.7030
51	the	12.7180	12.8570
52	price	12.8590	13.2020
53	like	13.2040	13.3960
54	get	13.3980	13.5240
55	the	13.5330	13.6280
56	item	13.6310	13.8650
57	cheaper	13.8670	14.1240
58	and	14.1260	14.2050
59	go	14.2070	14.3110
60	like	14.3130	14.4350
61	well	14.4370	14.5286
62	i	14.5296	14.6520
63	got	14.7120	14.8650
64	this	14.8750	15.0260
65	a-	15.0730	15.4300
66	at	15.4320	15.5648
67	a	15.5658	15.6758
68	deal	15.7270	16.0599
69	uh	16.6877	16.9863
70	share	17.2173	17.5840
71	tell	17.6400	17.7932
72	your	17.7942	17.9148
73	friends	17.9158	18.3919

--- RAW CTC (wav2vec2 forced-align, PRE-heuristic-refinement; idx, ctc_word_text, word_start_s, word_end_s, word_score, pipe_start_s, pipe_end_s) ---
0	i	0.7608	0.7808	5.650	0.8209	0.8409
1	mean	0.8609	0.9410	4.027	0.9610	1.0010
2	like	1.0010	1.1011	7.349	1.1011	1.1412
3	(())	1.1812	1.2012	5.053	1.2813	1.3014
4	you	1.3214	1.3814	6.948	1.4615	1.4815
5	tie	1.4815	1.6417	7.935	1.6417	1.6617
6	it	1.6617	1.7018	2.993	1.7018	1.7218
7	to	1.7218	1.8019	6.245	1.8419	1.8619
8	the	1.8619	1.9420	6.232	1.9620	2.0421
9	system	2.0621	2.3424	9.046	2.3825	2.4025
10	right	2.4025	2.5226	3.854	2.5627	2.5827
11	like	2.5827	2.6628	3.068	2.6628	2.6828
12	imagine	2.7228	3.0432	8.556	3.0632	3.0832
13	that	3.1032	3.2233	9.663	3.2434	3.2834
14	when	3.5437	3.6438	11.518	3.6438	3.6838
15	you're	3.6838	3.8640	10.050	3.8640	3.9241
16	pricing	3.9241	4.2644	10.983	4.2844	4.3045
17	the	4.3045	4.3846	8.781	4.3846	4.4246
18	items	4.4646	4.7649	10.760	4.7649	4.8050
19	in	4.8250	4.8651	10.040	4.8851	4.9251
20	a	4.9652	4.9852	7.348	4.9852	5.0252
21	game	5.0252	5.1854	10.584	5.1854	5.2054
22	you're	5.2054	5.3656	10.315	5.3656	5.4056
23	actually	5.4857	5.8060	11.849	5.8060	5.8461
24	pricing	5.8861	6.1664	10.991	6.1864	6.2265
25	them	6.2265	6.3266	9.550	6.3466	6.3666
26	a	6.4667	6.4867	10.170	6.4867	6.5268
27	little	6.5468	6.7270	10.904	6.7270	6.7670
28	bit	6.7670	6.8671	8.318	6.8872	6.9672
29	more	6.9672	7.0673	13.582	7.0673	7.1074
30	expensive	7.1074	7.6279	12.326	7.6279	7.6680
31	so	7.6680	7.7480	9.358	7.7881	7.8081
32	that	7.8281	7.9282	8.287	7.9483	7.9683
33	you're	8.6890	8.8492	5.094	8.8492	8.8692
34	you're	8.9693	9.1095	7.731	9.1095	9.1495
35	keeping	9.1495	9.4298	9.272	9.4298	9.4899
36	like	9.5099	9.6500	10.109	9.6700	9.7301
37	a	9.7501	9.7701	10.142	9.7701	9.7902
38	little	9.8102	10.0104	9.432	10.0104	10.0504
39	room	10.0705	10.2707	10.276	10.3107	10.3507
40	for	10.3908	10.4909	10.260	10.5309	10.5510
41	for	10.7311	10.8312	9.940	10.8513	10.8913
42	people	10.9113	11.1316	12.081	11.1516	11.1916
43	to	11.1916	11.2717	11.114	11.2717	11.3117
44	come	11.3318	11.4719	12.550	11.4719	11.5120
45	in	11.5320	11.5720	10.446	11.5920	11.6321
46	and	11.6521	11.7322	10.160	11.7322	11.7722
47	haggle	11.7922	12.1526	9.924	12.1726	12.2127
48	and	12.3128	12.3929	11.044	12.3929	12.4329
49	like	12.4329	12.5530	3.895	12.5530	12.5731
50	get	12.5731	12.6932	8.962	12.7132	12.7532
51	the	12.7532	12.8333	9.218	12.8333	12.8734
52	price	12.8934	13.1336	11.383	13.1537	13.2738
53	like	13.2738	13.3939	2.624	13.3939	13.4139
54	get	13.4139	13.5140	9.081	13.5140	13.5341
55	the	13.5341	13.6141	8.398	13.6141	13.6542
56	item	13.6942	13.8344	11.083	13.8744	13.8944
57	cheaper	13.8944	14.1147	10.369	14.1147	14.1347
58	and	14.1347	14.1947	5.755	14.1947	14.2148
59	go	14.2148	14.2748	5.628	14.3349	14.3549
60	like	14.3549	14.4350	6.656	14.4350	14.4550
61	well	14.4550	14.5751	7.556	14.5751	14.5952
62	i	14.5952	14.6152	8.274	14.6752	14.7153
63	got	14.7153	14.8554	8.605	14.8554	14.8955
64	this	14.8955	15.0156	8.274	15.0156	15.0556
65	a-	15.2158	15.2358	5.768	15.3760	15.4160
66	at	15.5161	15.5762	8.903	15.5962	15.6563
67	a	15.6563	15.6763	9.289	15.6763	15.6963
68	deal	15.7363	15.9365	10.778	15.9566	16.0567
69	uh	16.8575	16.9176	1.974	16.9576	16.9977
70	share	17.2980	17.5582	8.619	17.5783	17.6383
71	tell	17.6583	17.7985	9.726	17.7985	17.8385
72	your	17.8385	17.9386	11.246	17.9386	17.9987
73	friends	17.9987	18.2990	11.000		

--- WHISPER (Groq) OUTPUT (word, start_s, end_s) [independent ASR pass, own word segmentation -- not index-aligned to gold/CTC] ---
I	0.740	0.800
mean,	0.800	1.080
like	1.080	1.140
you	1.140	1.300
tie	1.300	1.600
it	1.600	1.760
to	1.760	1.860
the	1.860	1.980
system,	1.980	2.440
right?	2.440	2.560
Like	2.520	2.700
imagine	2.700	2.960
that	2.960	3.260
when	3.260	3.660
you're	3.660	3.820
pricing	3.820	4.200
the	4.200	4.380
items	4.380	4.700
in	4.700	4.900
the	4.900	5.060
game,	5.060	5.260
you're	5.180	5.380
actually	5.380	5.800
pricing	5.800	6.140
them	6.140	6.340
a	6.340	6.520
little	6.520	6.720
bit	6.720	6.900
more	6.900	7.060
expensive	7.060	7.500
so	7.020	7.800
that	7.800	7.940
you're	7.940	9.100
keeping	9.100	9.380
like	9.380	9.660
a	9.660	9.820
little	9.820	9.960
room	9.960	10.280
for	9.800	10.740
people	10.740	11.080
to	11.080	11.280
come	11.280	11.480
in	11.480	11.600
and	11.600	11.780
haggle	11.780	12.120
and	11.660	12.400
like	12.400	12.580
get	12.580	12.680
the	12.680	12.840
price,	12.840	13.440
get	13.440	13.480
the	13.480	13.620
item	13.620	13.840
cheaper	13.840	14.080
and	13.580	14.200
go	14.200	14.300
like,	14.300	14.520
well,	14.520	14.540
I	14.540	14.640
got	14.640	14.820
this	14.820	15.140
at	15.140	15.600
a	15.600	15.720
deal.	15.720	15.980
Share,	17.260	17.640
tell	17.640	17.780
your	17.780	17.920
friends.	17.920	18.280
Yeah.	17.780	19.740

--- SIGNAL TRACE (hop=5ms; time_s, rms, zcr, voicing, spectral_flux, hf_ratio, spectral_flatness) ---
0.000	0.0006	0.011	0.287	0.0000	0.000	0.017
0.005	0.0026	0.007	0.474	0.0247	0.000	0.012
0.010	0.0053	0.011	0.602	0.0271	0.000	0.014
0.015	0.0153	0.014	0.607	0.0260	0.001	0.019
0.020	0.0151	0.009	0.657	0.0217	0.001	0.022
0.025	0.0143	0.005	0.641	0.0432	0.001	0.028
0.030	0.0159	0.002	0.630	0.0141	0.008	0.070
0.035	0.0153	0.005	0.646	0.0121	0.023	0.108
0.040	0.0227	0.007	0.605	0.0139	0.059	0.202
0.045	0.0109	0.023	0.532	0.0112	0.089	0.259
0.050	0.0187	0.020	0.456	0.0136	0.146	0.357
0.055	0.0120	0.050	0.405	0.0107	0.234	0.435
0.060	0.0120	0.034	0.260	0.0124	0.376	0.548
0.065	0.0084	0.100	0.187	0.0127	0.420	0.547
0.070	0.0121	0.125	0.171	0.0105	0.353	0.515
0.075	0.0136	0.089	0.182	0.0124	0.337	0.515
0.080	0.0105	0.105	0.206	0.0122	0.256	0.532
0.085	0.0112	0.102	0.176	0.0100	0.304	0.532
0.090	0.0130	0.105	0.137	0.0142	0.481	0.515
0.095	0.0081	0.089	0.144	0.0131	0.501	0.494
0.100	0.0088	0.134	0.115	0.0120	0.400	0.467
0.105	0.0072	0.102	0.161	0.0164	0.348	0.456
0.110	0.0073	0.107	0.160	0.0176	0.234	0.238
0.115	0.0071	0.089	0.189	0.0173	0.232	0.104
0.120	0.0059	0.086	0.182	0.0172	0.197	0.157
0.125	0.0047	0.068	0.218	0.0175	0.207	0.251
0.130	0.0046	0.064	0.231	0.0146	0.187	0.299
0.135	0.0063	0.070	0.237	0.0129	0.171	0.304
0.140	0.0060	0.066	0.302	0.0168	0.227	0.348
0.145	0.0040	0.070	0.228	0.0168	0.246	0.366
0.150	0.0027	0.091	0.147	0.0300	0.133	0.339
0.155	0.0047	0.075	0.326	0.0211	0.119	0.219
0.160	0.0053	0.057	0.502	0.0258	0.035	0.155
0.165	0.0183	0.050	0.600	0.0279	0.014	0.139
0.170	0.0407	0.032	0.778	0.0217	0.006	0.121
0.175	0.0447	0.023	0.789	0.0248	0.003	0.096
0.180	0.0444	0.016	0.764	0.0264	0.002	0.097
0.185	0.0493	0.009	0.757	0.0197	0.002	0.099
0.190	0.0482	0.016	0.785	0.0088	0.002	0.093
0.195	0.0480	0.011	0.782	0.0078	0.002	0.086
0.200	0.0431	0.011	0.775	0.0099	0.001	0.056
0.205	0.0379	0.011	0.768	0.0088	0.002	0.046
0.210	0.0340	0.011	0.751	0.0194	0.001	0.038
0.215	0.0391	0.011	0.731	0.0253	0.001	0.028
0.220	0.0541	0.009	0.711	0.0173	0.004	0.024
0.224	0.0564	0.016	0.671	0.0151	0.006	0.027
0.229	0.0597	0.016	0.644	0.0121	0.013	0.031
0.234	0.0528	0.014	0.670	0.0157	0.014	0.036
0.239	0.0609	0.016	0.624	0.0234	0.012	0.059
0.244	0.0551	0.020	0.560	0.0203	0.014	0.088
0.249	0.0617	0.014	0.487	0.0247	0.012	0.125
0.254	0.0642	0.005	0.396	0.0167	0.011	0.177
0.259	0.0511	0.018	0.428	0.0162	0.013	0.210
0.264	0.0513	0.009	0.336	0.0199	0.031	0.248
0.269	0.0449	0.039	0.262	0.0246	0.043	0.275
0.274	0.0360	0.048	0.274	0.0185	0.042	0.277
0.279	0.0334	0.055	0.168	0.0248	0.061	0.267
0.284	0.0146	0.059	0.199	0.0149	0.066	0.249
0.289	0.0118	0.055	0.294	0.0198	0.086	0.256
0.294	0.0134	0.059	0.199	0.0149	0.124	0.269
0.299	0.0153	0.045	0.201	0.0209	0.152	0.260
0.304	0.0083	0.066	0.160	0.0131	0.149	0.241
0.309	0.0120	0.052	0.145	0.0183	0.147	0.276
0.314	0.0107	0.070	0.243	0.0173	0.137	0.265
0.319	0.0116	0.059	0.255	0.0154	0.155	0.282
0.324	0.0113	0.057	0.196	0.0131	0.243	0.338
0.329	0.0069	0.077	0.140	0.0173	0.298	0.340
0.334	0.0050	0.093	0.152	0.0162	0.243	0.322
0.339	0.0057	0.080	0.119	0.0139	0.250	0.371
0.344	0.0061	0.091	0.180	0.0227	0.293	0.369
0.349	0.0035	0.098	0.339	0.0205	0.178	0.293
0.354	0.0042	0.080	0.435	0.0309	0.112	0.272
0.359	0.0060	0.050	0.602	0.0167	0.107	0.158
0.364	0.0064	0.050	0.464	0.0185	0.214	0.147
0.369	0.0049	0.073	0.229	0.0196	0.427	0.197
0.374	0.0023	0.091	0.196	0.0169	0.568	0.259
0.379	0.0026	0.095	0.183	0.0193	0.320	0.319
0.384	0.0012	0.100	0.198	0.0153	0.289	0.314
0.389	0.0021	0.077	0.212	0.0261	0.259	0.291
0.394	0.0007	0.082	0.369	0.0185	0.141	0.237
0.399	0.0006	0.052	0.217	0.0253	0.080	0.300
0.404	0.0004	0.052	0.237	0.0190	0.071	0.295
0.409	0.0004	0.052	0.198	0.0289	0.065	0.257
0.414	0.0002	0.055	0.350	0.0333	0.043	0.229
0.419	0.0003	0.050	0.105	0.0173	0.034	0.208
0.424	0.0005	0.052	0.152	0.0272	0.038	0.209
0.429	0.0015	0.048	0.311	0.0285	0.029	0.215
0.434	0.0019	0.048	0.447	0.0285	0.017	0.195
0.439	0.0054	0.027	0.656	0.0161	0.010	0.197
0.444	0.0106	0.018	0.682	0.0134	0.013	0.221
0.449	0.0127	0.014	0.694	0.0126	0.022	0.244
0.454	0.0133	0.011	0.718	0.0122	0.020	0.254
0.459	0.0189	0.023	0.641	0.0124	0.019	0.295
0.464	0.0186	0.018	0.614	0.0131	0.037	0.318
0.469	0.0161	0.030	0.602	0.0128	0.066	0.317
0.474	0.0160	0.032	0.507	0.0140	0.054	0.316
0.479	0.0149	0.039	0.533	0.0173	0.042	0.327
0.484	0.0130	0.036	0.513	0.0112	0.046	0.344
0.489	0.0181	0.043	0.503	0.0162	0.049	0.304
0.494	0.0111	0.039	0.524	0.0165	0.047	0.321
0.499	0.0168	0.050	0.472	0.0160	0.043	0.344
0.504	0.0149	0.052	0.519	0.0165	0.038	0.325
0.509	0.0118	0.039	0.534	0.0141	0.054	0.327
0.514	0.0163	0.045	0.514	0.0144	0.052	0.322
0.519	0.0209	0.045	0.474	0.0133	0.059	0.328
0.524	0.0177	0.045	0.501	0.0149	0.092	0.330
0.529	0.0146	0.050	0.499	0.0149	0.089	0.299
0.534	0.0169	0.048	0.465	0.0141	0.057	0.273
0.539	0.0163	0.057	0.410	0.0185	0.080	0.288
0.544	0.0211	0.034	0.416	0.0133	0.089	0.285
0.549	0.0201	0.050	0.424	0.0157	0.072	0.279
0.554	0.0218	0.048	0.477	0.0142	0.075	0.271
0.559	0.0179	0.030	0.464	0.0129	0.076	0.279
0.564	0.0171	0.050	0.527	0.0175	0.059	0.266
0.569	0.0200	0.041	0.499	0.0119	0.093	0.268
0.574	0.0280	0.073	0.517	0.0175	0.080	0.281
0.579	0.0235	0.041	0.523	0.0133	0.061	0.285
0.584	0.0205	0.048	0.532	0.0177	0.049	0.275
0.589	0.0217	0.052	0.548	0.0133	0.047	0.274
0.594	0.0278	0.057	0.565	0.0133	0.071	0.269
0.599	0.0244	0.048	0.667	0.0186	0.061	0.293
0.604	0.0197	0.048	0.661	0.0113	0.043	0.280
0.609	0.0221	0.041	0.654	0.0132	0.051	0.276
0.614	0.0266	0.045	0.633	0.0128	0.051	0.279
0.619	0.0228	0.034	0.668	0.0151	0.073	0.270
0.624	0.0203	0.039	0.631	0.0160	0.060	0.252
0.629	0.0193	0.039	0.660	0.0176	0.051	0.264
0.634	0.0181	0.027	0.661	0.0161	0.056	0.236
0.639	0.0176	0.032	0.693	0.0131	0.089	0.217
0.644	0.0233	0.032	0.710	0.0231	0.052	0.205
0.649	0.0226	0.020	0.767	0.0212	0.014	0.152
0.654	0.0313	0.007	0.782	0.0145	0.011	0.131
0.659	0.0346	0.007	0.797	0.0140	0.011	0.127
0.663	0.0343	0.011	0.778	0.0113	0.008	0.110
0.668	0.0418	0.009	0.762	0.0208	0.004	0.111
0.673	0.0273	0.007	0.726	0.0228	0.002	0.092
0.678	0.0289	0.007	0.590	0.0261	0.002	0.082
0.683	0.0236	0.005	0.452	0.0337	0.002	0.089
0.688	0.0070	0.007	0.310	0.0354	0.003	0.104
0.693	0.0039	0.007	0.305	0.0611	0.005	0.103
0.698	0.0009	0.014	0.620	0.0257	0.002	0.092
0.703	0.0023	0.011	0.564	0.0269	0.002	0.131
0.708	0.0007	0.005	0.150	0.0716	0.002	0.129
0.713	0.0009	0.011	0.477	0.1142	0.001	0.076
0.718	0.0012	0.007	0.742	0.0277	0.001	0.043
0.723	0.0020	0.009	0.788	0.0194	0.002	0.048
0.728	0.0086	0.009	0.720	0.0271	0.017	0.058
0.733	0.0136	0.011	0.604	0.0266	0.035	0.061
0.738	0.0140	0.032	0.677	0.0315	0.016	0.066
0.743	0.0168	0.016	0.723	0.0227	0.009	0.081
0.748	0.0215	0.034	0.767	0.0216	0.005	0.085
0.753	0.0454	0.030	0.786	0.0140	0.003	0.067
0.758	0.0499	0.027	0.756	0.0160	0.002	0.057
0.763	0.0843	0.027	0.726	0.0279	0.001	0.060
0.768	0.0813	0.030	0.652	0.0347	0.001	0.053
0.773	0.1299	0.025	0.659	0.0335	0.000	0.047
0.778	0.1328	0.025	0.685	0.0231	0.000	0.049
0.783	0.1526	0.020	0.702	0.0206	0.000	0.053
0.788	0.1059	0.018	0.658	0.0170	0.000	0.071
0.793	0.1109	0.011	0.592	0.0217	0.000	0.079
0.798	0.0992	0.011	0.551	0.0382	0.001	0.126
0.803	0.0385	0.023	0.679	0.0380	0.001	0.137
0.808	0.0255	0.018	0.768	0.0111	0.001	0.121
0.813	0.0306	0.009	0.761	0.0135	0.001	0.119
0.818	0.0402	0.007	0.776	0.0220	0.001	0.115
0.823	0.0516	0.005	0.788	0.0165	0.001	0.117
0.828	0.0514	0.016	0.785	0.0092	0.001	0.115
0.833	0.0399	0.009	0.773	0.0112	0.001	0.109
0.838	0.0575	0.007	0.729	0.0167	0.001	0.113
0.843	0.0728	0.007	0.718	0.0197	0.001	0.106
0.848	0.0558	0.005	0.783	0.0173	0.002	0.092
0.853	0.0486	0.014	0.798	0.0121	0.002	0.095
0.858	0.1292	0.023	0.782	0.0141	0.003	0.118
0.863	0.1142	0.030	0.796	0.0140	0.004	0.120
0.868	0.0984	0.023	0.798	0.0128	0.004	0.118
0.873	0.1430	0.030	0.799	0.0096	0.004	0.111
0.878	0.0822	0.032	0.780	0.0121	0.004	0.118
0.883	0.1261	0.039	0.778	0.0135	0.006	0.118
0.888	0.1215	0.036	0.794	0.0137	0.005	0.124
0.893	0.1101	0.041	0.802	0.0097	0.005	0.108
0.898	0.1325	0.034	0.816	0.0067	0.007	0.121
0.903	0.1122	0.045	0.804	0.0052	0.008	0.119
0.908	0.1590	0.036	0.785	0.0115	0.009	0.130
0.913	0.1153	0.036	0.792	0.0123	0.008	0.132
0.918	0.1374	0.048	0.819	0.0084	0.005	0.117
0.923	0.1470	0.027	0.803	0.0074	0.005	0.123
0.928	0.1171	0.027	0.755	0.0158	0.005	0.129
0.933	0.1486	0.020	0.745	0.0169	0.003	0.114
0.938	0.0878	0.011	0.656	0.0190	0.002	0.096
0.943	0.0774	0.036	0.593	0.0410	0.001	0.081
0.948	0.0565	0.020	0.673	0.0169	0.001	0.037
0.953	0.0380	0.005	0.681	0.0211	0.007	0.068
0.958	0.0447	0.011	0.645	0.0187	0.015	0.104
0.963	0.0447	0.018	0.680	0.0247	0.008	0.091
0.968	0.0479	0.020	0.717	0.0196	0.005	0.080
0.973	0.0336	0.025	0.775	0.0139	0.004	0.087
0.978	0.0464	0.050	0.663	0.0131	0.004	0.110
0.983	0.0732	0.034	0.581	0.0197	0.003	0.119
0.988	0.0575	0.036	0.721	0.0235	0.001	0.096
0.993	0.0431	0.032	0.778	0.0155	0.001	0.091
0.998	0.1555	0.016	0.800	0.0114	0.001	0.109
1.003	0.2131	0.011	0.797	0.0105	0.001	0.111
1.008	0.1772	0.011	0.751	0.0108	0.003	0.114
1.013	0.1504	0.011	0.740	0.0127	0.003	0.123
1.018	0.1692	0.011	0.770	0.0081	0.003	0.130
1.023	0.1707	0.011	0.766	0.0121	0.003	0.129
1.028	0.1589	0.011	0.726	0.0138	0.001	0.108
1.033	0.1292	0.011	0.713	0.0162	0.001	0.099
1.038	0.1633	0.016	0.702	0.0176	0.001	0.103
1.043	0.1903	0.011	0.685	0.0185	0.002	0.097
1.048	0.1827	0.027	0.522	0.0249	0.004	0.129
1.053	0.1024	0.016	0.415	0.0322	0.006	0.168
1.058	0.0402	0.030	0.456	0.0150	0.013	0.240
1.063	0.0327	0.027	0.529	0.0125	0.015	0.247
1.068	0.0291	0.030	0.513	0.0178	0.013	0.262
1.073	0.0285	0.014	0.496	0.0103	0.021	0.310
1.078	0.0217	0.027	0.492	0.0127	0.037	0.310
1.083	0.0208	0.027	0.467	0.0101	0.055	0.344
1.088	0.0149	0.052	0.341	0.0146	0.042	0.352
1.093	0.0124	0.020	0.369	0.0168	0.021	0.268
1.098	0.0084	0.016	0.268	0.0181	0.039	0.283
1.102	0.0096	0.027	0.182	0.0192	0.094	0.333
1.107	0.0052	0.055	0.256	0.0128	0.208	0.398
1.112	0.0094	0.055	0.234	0.0088	0.199	0.439
1.117	0.0135	0.064	0.289	0.0213	0.121	0.486
1.122	0.0099	0.064	0.455	0.0165	0.085	0.463
1.127	0.0141	0.068	0.495	0.0182	0.076	0.463
1.132	0.0183	0.057	0.565	0.0184	0.090	0.436
1.137	0.0160	0.023	0.630	0.0134	0.066	0.383
1.142	0.0195	0.039	0.642	0.0308	0.028	0.353
1.147	0.0313	0.018	0.747	0.0146	0.010	0.205
1.152	0.0353	0.020	0.772	0.0129	0.017	0.163
1.157	0.0654	0.007	0.794	0.0112	0.030	0.125
1.162	0.0681	0.009	0.798	0.0102	0.025	0.122
1.167	0.0590	0.020	0.776	0.0109	0.020	0.118
1.172	0.0965	0.020	0.778	0.0116	0.022	0.104
1.177	0.0815	0.014	0.802	0.0072	0.024	0.127
1.182	0.0674	0.020	0.769	0.0093	0.025	0.149
1.187	0.0930	0.030	0.707	0.0162	0.018	0.160
1.192	0.0815	0.032	0.714	0.0163	0.011	0.142
1.197	0.0550	0.027	0.747	0.0122	0.006	0.129
1.202	0.0719	0.030	0.712	0.0123	0.007	0.125
1.207	0.0938	0.034	0.654	0.0193	0.006	0.115
1.212	0.0839	0.023	0.678	0.0196	0.005	0.117
1.217	0.0555	0.025	0.742	0.0118	0.010	0.133
1.222	0.0558	0.032	0.678	0.0182	0.012	0.129
1.227	0.0706	0.036	0.562	0.0309	0.008	0.129
1.232	0.0704	0.034	0.522	0.0247	0.008	0.156
1.237	0.0585	0.036	0.517	0.0286	0.007	0.201
1.242	0.0295	0.023	0.582	0.0334	0.004	0.197
1.247	0.0181	0.014	0.734	0.0213	0.002	0.059
1.252	0.0190	0.009	0.726	0.0189	0.001	0.032
1.257	0.0174	0.005	0.633	0.0311	0.000	0.019
1.262	0.0184	0.005	0.681	0.0264	0.000	0.017
1.267	0.0127	0.005	0.624	0.0336	0.000	0.020
1.272	0.0145	0.005	0.518	0.0420	0.000	0.021
1.277	0.0108	0.005	0.461	0.0566	0.000	0.031
1.282	0.0048	0.002	0.443	0.0601	0.000	0.041
1.287	0.0022	0.005	0.296	0.0227	0.134	0.370
1.292	0.0024	0.011	0.381	0.0127	0.356	0.423
1.297	0.0009	0.014	0.585	0.0287	0.117	0.381
1.302	0.0028	0.050	0.499	0.0167	0.129	0.393
1.307	0.0042	0.025	0.261	0.0139	0.570	0.444
1.312	0.0052	0.059	0.370	0.0293	0.467	0.472
1.317	0.0043	0.116	0.518	0.0282	0.082	0.430
1.322	0.0067	0.057	0.632	0.0244	0.037	0.366
1.327	0.0153	0.030	0.751	0.0170	0.019	0.219
1.332	0.0300	0.018	0.763	0.0153	0.019	0.182
1.337	0.0443	0.016	0.754	0.0138	0.023	0.191
1.342	0.0489	0.014	0.745	0.0142	0.025	0.186
1.347	0.0565	0.025	0.681	0.0166	0.029	0.167
1.352	0.0602	0.032	0.653	0.0196	0.025	0.145
1.357	0.0461	0.030	0.689	0.0183	0.015	0.135
1.362	0.0497	0.036	0.697	0.0195	0.011	0.136
1.367	0.0920	0.016	0.760	0.0189	0.006	0.125
1.372	0.1148	0.014	0.713	0.0154	0.004	0.120
1.377	0.0913	0.016	0.432	0.0378	0.002	0.128
1.382	0.0644	0.011	0.372	0.0681	0.001	0.100
1.387	0.0375	0.005	0.594	0.0223	0.001	0.092
1.392	0.0341	0.007	0.576	0.0178	0.000	0.043
1.397	0.0239	0.002	0.511	0.0245	0.000	0.017
1.402	0.0269	0.009	0.488	0.0274	0.000	0.019
1.407	0.0161	0.005	0.576	0.0178	0.000	0.017
1.412	0.0217	0.009	0.504	0.0235	0.000	0.019
1.417	0.0128	0.011	0.394	0.0358	0.000	0.026
1.422	0.0082	0.009	0.506	0.0245	0.000	0.030
1.427	0.0052	0.007	0.519	0.0263	0.001	0.040
1.432	0.0049	0.016	0.467	0.0228	0.001	0.048
1.437	0.0037	0.018	0.504	0.0474	0.000	0.046
1.442	0.0017	0.025	0.639	0.0341	0.000	0.035
1.447	0.0023	0.016	0.721	0.0293	0.000	0.029
1.452	0.0051	0.005	0.637	0.0143	0.001	0.058
1.457	0.0036	0.011	0.335	0.0150	0.124	0.256
1.462	0.0050	0.011	0.185	0.0134	0.362	0.444
1.467	0.0060	0.061	0.158	0.0094	0.523	0.492
1.472	0.0065	0.116	0.155	0.0089	0.619	0.496
1.477	0.0169	0.111	0.136	0.0239	0.609	0.497
1.482	0.0177	0.166	0.384	0.0368	0.131	0.370
1.487	0.0153	0.123	0.612	0.0240	0.020	0.168
1.492	0.0357	0.030	0.729	0.0142	0.015	0.127
1.497	0.1052	0.011	0.786	0.0108	0.017	0.115
1.502	0.1347	0.020	0.772	0.0146	0.014	0.102
1.507	0.2027	0.025	0.747	0.0136	0.005	0.094
1.512	0.2080	0.016	0.744	0.0138	0.005	0.092
1.517	0.1749	0.034	0.742	0.0145	0.004	0.091
1.522	0.1383	0.027	0.718	0.0176	0.005	0.092
1.527	0.1746	0.014	0.739	0.0152	0.004	0.092
1.532	0.1883	0.023	0.761	0.0116	0.004	0.086
1.537	0.1301	0.018	0.729	0.0174	0.004	0.071
1.541	0.1748	0.020	0.741	0.0201	0.004	0.068
1.546	0.1942	0.020	0.808	0.0087	0.005	0.078
1.551	0.1547	0.018	0.796	0.0067	0.006	0.085
1.556	0.1852	0.025	0.786	0.0137	0.008	0.092
1.561	0.1553	0.030	0.793	0.0146	0.008	0.084
1.566	0.1947	0.018	0.818	0.0100	0.006	0.076
1.571	0.1644	0.034	0.824	0.0101	0.005	0.071
1.576	0.2452	0.036	0.831	0.0067	0.004	0.074
1.581	0.2207	0.036	0.808	0.0077	0.004	0.078
1.586	0.2524	0.034	0.764	0.0154	0.003	0.093
1.591	0.2260	0.023	0.774	0.0183	0.002	0.096
1.596	0.1687	0.023	0.803	0.0096	0.002	0.097
1.601	0.2113	0.016	0.800	0.0077	0.002	0.096
1.606	0.1763	0.014	0.765	0.0159	0.002	0.100
1.611	0.2181	0.011	0.769	0.0175	0.002	0.089
1.616	0.2174	0.014	0.805	0.0109	0.002	0.080
1.621	0.1837	0.011	0.804	0.0082	0.002	0.082
1.626	0.2713	0.014	0.766	0.0152	0.002	0.092
1.631	0.2549	0.016	0.772	0.0172	0.001	0.095
1.636	0.1954	0.025	0.761	0.0178	0.001	0.087
1.641	0.2177	0.016	0.724	0.0185	0.001	0.082
1.646	0.2189	0.011	0.651	0.0171	0.006	0.118
1.651	0.1237	0.020	0.600	0.0204	0.009	0.138
1.656	0.0855	0.027	0.487	0.0279	0.007	0.147
1.661	0.0676	0.025	0.307	0.0452	0.002	0.134
1.666	0.0239	0.014	0.514	0.0236	0.000	0.051
1.671	0.0163	0.009	0.581	0.0324	0.000	0.043
1.676	0.0101	0.011	0.695	0.0158	0.000	0.028
1.681	0.0141	0.016	0.706	0.0302	0.000	0.028
1.686	0.0106	0.011	0.710	0.0173	0.000	0.027
1.691	0.0130	0.011	0.677	0.0137	0.000	0.029
1.696	0.0086	0.011	0.488	0.0233	0.001	0.038
1.701	0.0064	0.014	0.377	0.0317	0.001	0.042
1.706	0.0046	0.025	0.429	0.0386	0.001	0.042
1.711	0.0032	0.034	0.492	0.0132	0.008	0.207
1.716	0.0051	0.020	0.301	0.0123	0.299	0.573
1.721	0.0049	0.032	0.169	0.0114	0.559	0.627
1.726	0.0047	0.141	0.136	0.0126	0.737	0.604
1.731	0.0074	0.177	0.150	0.0113	0.803	0.591
1.736	0.0104	0.173	0.384	0.0200	0.476	0.499
1.741	0.0111	0.180	0.550	0.0261	0.207	0.391
1.746	0.0230	0.109	0.702	0.0304	0.027	0.203
1.751	0.0327	0.023	0.763	0.0155	0.011	0.101
1.756	0.0443	0.039	0.802	0.0110	0.005	0.029
1.761	0.0570	0.018	0.807	0.0056	0.009	0.028
1.766	0.0351	0.020	0.716	0.0158	0.014	0.033
1.771	0.0505	0.027	0.635	0.0212	0.013	0.040
1.776	0.0513	0.018	0.592	0.0388	0.004	0.044
1.781	0.0349	0.014	0.667	0.0496	0.001	0.038
1.786	0.0226	0.005	0.711	0.0132	0.000	0.034
1.791	0.0228	0.005	0.709	0.0130	0.000	0.038
1.796	0.0236	0.005	0.669	0.0227	0.000	0.043
1.801	0.0200	0.005	0.625	0.0121	0.000	0.046
1.806	0.0187	0.005	0.596	0.0172	0.000	0.049
1.811	0.0130	0.005	0.571	0.0224	0.000	0.052
1.816	0.0088	0.005	0.546	0.0302	0.000	0.061
1.821	0.0068	0.005	0.599	0.0328	0.000	0.058
1.826	0.0076	0.002	0.455	0.0268	0.000	0.077
1.831	0.0060	0.005	0.327	0.0288	0.000	0.098
1.836	0.0014	0.009	0.417	0.0330	0.000	0.089
1.841	0.0038	0.005	0.614	0.0268	0.000	0.088
1.846	0.0024	0.005	0.677	0.0153	0.000	0.074
1.851	0.0024	0.005	0.395	0.0214	0.037	0.453
1.856	0.0037	0.005	0.172	0.0114	0.572	0.661
1.861	0.0027	0.025	0.173	0.0109	0.787	0.636
1.866	0.0053	0.161	0.169	0.0108	0.934	0.603
1.871	0.0094	0.200	0.176	0.0102	0.897	0.590
1.876	0.0134	0.218	0.321	0.0158	0.630	0.562
1.881	0.0161	0.209	0.404	0.0264	0.268	0.524
1.886	0.0222	0.116	0.564	0.0315	0.034	0.320
1.891	0.0220	0.045	0.628	0.0276	0.011	0.215
1.896	0.0403	0.018	0.709	0.0190	0.002	0.115
1.901	0.0664	0.009	0.716	0.0140	0.002	0.093
1.906	0.0916	0.009	0.758	0.0117	0.001	0.084
1.911	0.1016	0.009	0.762	0.0090	0.001	0.077
1.916	0.1108	0.011	0.762	0.0077	0.002	0.072
1.921	0.1249	0.009	0.757	0.0153	0.002	0.073
1.926	0.1189	0.009	0.764	0.0151	0.002	0.073
1.931	0.1119	0.009	0.758	0.0076	0.002	0.068
1.936	0.0996	0.009	0.759	0.0056	0.002	0.068
1.941	0.0875	0.009	0.763	0.0081	0.002	0.067
1.946	0.0798	0.011	0.746	0.0090	0.002	0.064
1.951	0.0797	0.009	0.759	0.0125	0.002	0.061
1.956	0.0779	0.009	0.759	0.0058	0.001	0.069
1.961	0.0774	0.009	0.766	0.0050	0.001	0.078
1.966	0.0749	0.009	0.674	0.0120	0.002	0.104
1.971	0.0720	0.009	0.618	0.0145	0.005	0.146
1.976	0.0526	0.009	0.668	0.0093	0.019	0.221
1.980	0.0366	0.009	0.645	0.0112	0.042	0.273
1.985	0.0316	0.011	0.584	0.0115	0.066	0.351
1.990	0.0233	0.018	0.568	0.0100	0.113	0.384
1.995	0.0202	0.027	0.447	0.0101	0.203	0.490
2.000	0.0225	0.068	0.473	0.0120	0.246	0.553
2.005	0.0213	0.048	0.387	0.0111	0.384	0.592
2.010	0.0132	0.100	0.267	0.0099	0.522	0.611
2.015	0.0191	0.120	0.150	0.0105	0.818	0.644
2.020	0.0099	0.184	0.116	0.0104	0.870	0.626
2.025	0.0112	0.195	0.136	0.0115	0.928	0.622
2.030	0.0117	0.195	0.124	0.0116	0.940	0.610
2.035	0.0121	0.202	0.130	0.0115	0.904	0.590
2.040	0.0122	0.202	0.112	0.0106	0.893	0.610
2.045	0.0114	0.175	0.139	0.0107	0.930	0.590
2.050	0.0145	0.227	0.119	0.0125	0.941	0.592
2.055	0.0137	0.189	0.120	0.0117	0.944	0.619
2.060	0.0120	0.211	0.104	0.0117	0.950	0.615
2.065	0.0162	0.225	0.159	0.0100	0.952	0.602
2.070	0.0155	0.207	0.107	0.0119	0.940	0.599
2.075	0.0143	0.195	0.324	0.0214	0.651	0.528
2.080	0.0121	0.189	0.569	0.0285	0.226	0.458
2.085	0.0106	0.141	0.728	0.0291	0.038	0.317
2.090	0.0206	0.030	0.787	0.0204	0.017	0.245
2.095	0.0315	0.007	0.805	0.0146	0.014	0.165
2.100	0.0400	0.016	0.818	0.0125	0.012	0.140
2.105	0.0420	0.016	0.820	0.0067	0.009	0.114
2.110	0.0481	0.011	0.825	0.0084	0.008	0.106
2.115	0.0492	0.016	0.830	0.0070	0.006	0.104
2.120	0.0547	0.011	0.811	0.0084	0.008	0.112
2.125	0.0555	0.016	0.801	0.0120	0.009	0.132
2.130	0.0543	0.011	0.768	0.0134	0.013	0.142
2.135	0.0546	0.018	0.768	0.0101	0.023	0.193
2.140	0.0449	0.016	0.741	0.0092	0.038	0.253
2.145	0.0520	0.016	0.682	0.0120	0.094	0.349
2.150	0.0327	0.016	0.670	0.0107	0.125	0.385
2.155	0.0303	0.018	0.648	0.0119	0.182	0.423
2.160	0.0303	0.039	0.623	0.0124	0.252	0.452
2.165	0.0270	0.057	0.556	0.0101	0.326	0.516
2.170	0.0242	0.091	0.456	0.0105	0.419	0.520
2.175	0.0178	0.068	0.293	0.0110	0.710	0.562
2.180	0.0150	0.155	0.149	0.0117	0.884	0.591
2.185	0.0127	0.168	0.122	0.0116	0.898	0.581
2.190	0.0126	0.200	0.153	0.0113	0.890	0.603
2.195	0.0104	0.202	0.151	0.0116	0.879	0.593
2.200	0.0087	0.193	0.150	0.0123	0.814	0.583
2.205	0.0064	0.175	0.208	0.0126	0.725	0.548
2.210	0.0049	0.159	0.221	0.0105	0.728	0.550
2.215	0.0048	0.157	0.124	0.0116	0.703	0.591
2.220	0.0024	0.145	0.188	0.0133	0.658	0.587
2.225	0.0016	0.168	0.242	0.0116	0.525	0.562
2.230	0.0020	0.141	0.199	0.0133	0.581	0.571
2.235	0.0014	0.136	0.128	0.0120	0.867	0.573
2.240	0.0013	0.159	0.123	0.0095	0.909	0.621
2.245	0.0025	0.157	0.142	0.0112	0.925	0.606
2.250	0.0035	0.198	0.154	0.0123	0.900	0.568
2.255	0.0042	0.173	0.213	0.0160	0.741	0.510
2.260	0.0056	0.180	0.272	0.0282	0.353	0.429
2.265	0.0056	0.123	0.389	0.0445	0.049	0.253
2.270	0.0101	0.045	0.552	0.0433	0.007	0.160
2.275	0.0201	0.018	0.686	0.0235	0.001	0.100
2.280	0.0380	0.009	0.747	0.0164	0.001	0.089
2.285	0.0656	0.011	0.729	0.0144	0.001	0.084
2.290	0.0874	0.009	0.686	0.0198	0.001	0.091
2.295	0.0976	0.009	0.709	0.0143	0.001	0.086
2.300	0.0891	0.009	0.726	0.0149	0.001	0.079
2.305	0.0822	0.009	0.699	0.0121	0.000	0.072
2.310	0.0733	0.007	0.692	0.0212	0.000	0.069
2.315	0.0550	0.009	0.682	0.0149	0.000	0.068
2.320	0.0401	0.014	0.629	0.0160	0.000	0.077
2.325	0.0172	0.011	0.675	0.0212	0.000	0.086
2.330	0.0117	0.011	0.669	0.0155	0.000	0.086
2.335	0.0176	0.009	0.664	0.0184	0.000	0.097
2.340	0.0353	0.007	0.707	0.0146	0.000	0.091
2.345	0.0422	0.014	0.684	0.0195	0.000	0.110
2.350	0.0399	0.007	0.664	0.0112	0.000	0.115
2.355	0.0241	0.011	0.675	0.0105	0.001	0.112
2.360	0.0098	0.011	0.656	0.0165	0.001	0.096
2.365	0.0155	0.009	0.672	0.0136	0.001	0.075
2.370	0.0332	0.007	0.690	0.0155	0.001	0.075
2.375	0.0465	0.007	0.660	0.0176	0.001	0.067
2.380	0.0271	0.009	0.598	0.0193	0.000	0.064
2.385	0.0066	0.011	0.602	0.0145	0.000	0.061
2.390	0.0166	0.011	0.656	0.0185	0.000	0.056
2.395	0.0469	0.011	0.697	0.0103	0.000	0.058
2.400	0.0821	0.011	0.683	0.0096	0.000	0.061
2.405	0.0585	0.009	0.664	0.0104	0.001	0.067
2.410	0.0484	0.011	0.654	0.0124	0.001	0.068
2.415	0.0511	0.011	0.674	0.0140	0.001	0.061
2.420	0.0803	0.011	0.695	0.0100	0.001	0.054
2.424	0.0960	0.011	0.676	0.0130	0.000	0.052
2.429	0.0715	0.009	0.676	0.0055	0.000	0.047
2.434	0.0660	0.011	0.656	0.0089	0.000	0.051
2.439	0.0674	0.011	0.675	0.0133	0.000	0.053
2.444	0.0989	0.011	0.704	0.0085	0.000	0.051
2.449	0.1072	0.011	0.674	0.0112	0.000	0.050
2.454	0.0724	0.016	0.628	0.0147	0.000	0.053
2.459	0.0575	0.009	0.624	0.0175	0.000	0.055
2.464	0.0720	0.011	0.587	0.0190	0.000	0.056
2.469	0.0846	0.014	0.595	0.0234	0.000	0.072
2.474	0.0947	0.007	0.468	0.0292	0.001	0.105
2.479	0.0686	0.009	0.324	0.0444	0.001	0.113
2.484	0.0275	0.009	0.517	0.0416	0.000	0.092
2.489	0.0096	0.005	0.636	0.0180	0.001	0.121
2.494	0.0141	0.002	0.564	0.0203	0.001	0.121
2.499	0.0099	0.009	0.540	0.0229	0.001	0.135
2.504	0.0122	0.005	0.306	0.0202	0.003	0.194
2.509	0.0046	0.011	0.461	0.0266	0.005	0.242
2.514	0.0032	0.011	0.531	0.0161	0.007	0.304
2.519	0.0037	0.011	0.593	0.0114	0.028	0.396
2.524	0.0034	0.025	0.469	0.0137	0.068	0.459
2.529	0.0025	0.034	0.312	0.0140	0.101	0.540
2.534	0.0025	0.039	0.305	0.0081	0.288	0.581
2.539	0.0022	0.043	0.295	0.0082	0.378	0.640
2.544	0.0056	0.127	0.266	0.0093	0.448	0.686
2.549	0.0052	0.123	0.148	0.0157	0.454	0.656
2.554	0.0046	0.136	0.322	0.0379	0.078	0.421
2.559	0.0044	0.139	0.521	0.0415	0.013	0.230
2.564	0.0086	0.032	0.617	0.0230	0.002	0.109
2.569	0.0236	0.027	0.668	0.0248	0.002	0.083
2.574	0.0433	0.009	0.707	0.0118	0.001	0.072
2.579	0.0417	0.011	0.715	0.0115	0.001	0.074
2.584	0.0467	0.009	0.703	0.0122	0.001	0.072
2.589	0.0484	0.014	0.660	0.0156	0.001	0.075
2.594	0.0444	0.011	0.660	0.0173	0.001	0.079
2.599	0.0331	0.018	0.623	0.0179	0.002	0.092
2.604	0.0389	0.016	0.558	0.0203	0.002	0.086
2.609	0.0376	0.009	0.453	0.0230	0.001	0.096
2.614	0.0283	0.009	0.454	0.0246	0.002	0.136
2.619	0.0246	0.007	0.492	0.0208	0.003	0.161
2.624	0.0289	0.011	0.424	0.0224	0.006	0.215
2.629	0.0200	0.018	0.460	0.0263	0.008	0.240
2.634	0.0057	0.014	0.502	0.0187	0.007	0.251
2.639	0.0100	0.016	0.415	0.0283	0.006	0.241
2.644	0.0065	0.034	0.456	0.0216	0.004	0.211
2.649	0.0088	0.009	0.503	0.0184	0.003	0.208
2.654	0.0019	0.030	0.582	0.0276	0.004	0.215
2.659	0.0048	0.011	0.523	0.0088	0.007	0.266
2.664	0.0056	0.005	0.374	0.0260	0.032	0.323
2.669	0.0027	0.043	0.434	0.0110	0.039	0.322
2.674	0.0040	0.027	0.440	0.0192	0.037	0.301
2.679	0.0086	0.030	0.483	0.0308	0.021	0.273
2.684	0.0104	0.027	0.561	0.0266	0.005	0.206
2.689	0.0126	0.018	0.592	0.0247	0.002	0.154
2.694	0.0149	0.009	0.670	0.0098	0.002	0.106
2.699	0.0238	0.009	0.695	0.0119	0.001	0.096
2.704	0.0404	0.011	0.698	0.0094	0.001	0.097
2.709	0.0512	0.009	0.695	0.0174	0.001	0.098
2.714	0.0730	0.007	0.632	0.0205	0.001	0.125
2.719	0.0585	0.009	0.629	0.0135	0.002	0.168
2.724	0.0448	0.009	0.673	0.0137	0.003	0.183
2.729	0.0253	0.005	0.658	0.0188	0.002	0.169
2.734	0.0198	0.009	0.696	0.0120	0.001	0.145
2.739	0.0142	0.005	0.679	0.0097	0.001	0.143
2.744	0.0158	0.007	0.690	0.0184	0.001	0.107
2.749	0.0227	0.005	0.732	0.0071	0.000	0.100
2.754	0.0377	0.005	0.727	0.0085	0.000	0.109
2.759	0.0419	0.005	0.732	0.0115	0.001	0.112
2.764	0.0416	0.002	0.701	0.0092	0.003	0.133
2.769	0.0395	0.005	0.696	0.0064	0.003	0.144
2.774	0.0409	0.005	0.708	0.0144	0.002	0.105
2.779	0.0445	0.009	0.675	0.0138	0.001	0.081
2.784	0.0537	0.009	0.695	0.0157	0.001	0.070
2.789	0.0593	0.009	0.711	0.0130	0.001	0.071
2.794	0.0754	0.018	0.725	0.0126	0.001	0.075
2.799	0.0884	0.018	0.717	0.0137	0.001	0.075
2.804	0.0943	0.018	0.757	0.0139	0.001	0.073
2.809	0.0862	0.016	0.759	0.0066	0.001	0.070
2.814	0.0786	0.014	0.747	0.0114	0.001	0.062
2.819	0.0748	0.018	0.746	0.0133	0.001	0.066
2.824	0.0718	0.020	0.760	0.0083	0.001	0.061
2.829	0.0594	0.016	0.768	0.0055	0.002	0.071
2.834	0.0625	0.014	0.744	0.0087	0.002	0.081
2.839	0.0767	0.018	0.744	0.0109	0.002	0.091
2.844	0.0958	0.011	0.762	0.0064	0.002	0.103
2.849	0.1098	0.009	0.754	0.0105	0.003	0.106
2.854	0.1222	0.011	0.767	0.0175	0.001	0.084
2.859	0.1126	0.009	0.789	0.0170	0.001	0.081
2.863	0.1052	0.011	0.719	0.0172	0.001	0.076
2.868	0.0961	0.009	0.625	0.0171	0.001	0.090
2.873	0.0821	0.009	0.325	0.0446	0.003	0.132
2.878	0.0345	0.014	0.525	0.0602	0.001	0.121
2.883	0.0248	0.005	0.748	0.0168	0.000	0.078
2.888	0.0260	0.005	0.734	0.0151	0.000	0.078
2.893	0.0229	0.005	0.719	0.0097	0.000	0.110
2.898	0.0211	0.005	0.669	0.0203	0.000	0.089
2.903	0.0180	0.005	0.627	0.0227	0.002	0.105
2.908	0.0132	0.007	0.571	0.0084	0.007	0.152
2.913	0.0091	0.005	0.278	0.0201	0.067	0.273
2.918	0.0061	0.005	0.250	0.0128	0.326	0.353
2.923	0.0035	0.059	0.239	0.0132	0.551	0.420
2.928	0.0048	0.075	0.206	0.0135	0.703	0.457
2.933	0.0084	0.109	0.243	0.0129	0.676	0.438
2.938	0.0115	0.105	0.302	0.0138	0.639	0.402
2.943	0.0173	0.105	0.437	0.0119	0.515	0.370
2.948	0.0186	0.095	0.510	0.0228	0.256	0.382
2.953	0.0228	0.061	0.664	0.0290	0.038	0.274
2.958	0.0239	0.045	0.703	0.0281	0.010	0.183
2.963	0.0333	0.027	0.755	0.0149	0.003	0.107
2.968	0.0253	0.011	0.765	0.0114	0.002	0.086
2.973	0.0439	0.020	0.781	0.0120	0.002	0.083
2.978	0.0582	0.011	0.765	0.0113	0.003	0.087
2.983	0.0784	0.011	0.744	0.0175	0.002	0.094
2.988	0.0797	0.009	0.752	0.0244	0.002	0.086
2.993	0.0570	0.011	0.756	0.0129	0.001	0.081
2.998	0.0585	0.009	0.765	0.0058	0.001	0.087
3.003	0.0851	0.011	0.749	0.0127	0.001	0.091
3.008	0.0817	0.011	0.648	0.0201	0.001	0.095
3.013	0.0899	0.009	0.601	0.0379	0.001	0.075
3.018	0.0631	0.009	0.621	0.0420	0.001	0.059
3.023	0.0400	0.005	0.768	0.0171	0.000	0.050
3.028	0.0428	0.007	0.734	0.0282	0.000	0.052
3.033	0.0385	0.005	0.768	0.0143	0.000	0.048
3.038	0.0343	0.005	0.763	0.0122	0.000	0.041
3.043	0.0342	0.005	0.751	0.0171	0.000	0.041
3.048	0.0296	0.005	0.709	0.0207	0.000	0.041
3.053	0.0243	0.005	0.608	0.0239	0.000	0.039
3.058	0.0230	0.005	0.627	0.0391	0.000	0.033
3.063	0.0162	0.005	0.731	0.0179	0.000	0.022
3.068	0.0189	0.005	0.644	0.0192	0.000	0.023
3.073	0.0217	0.002	0.548	0.0327	0.001	0.075
3.078	0.0155	0.005	0.546	0.0189	0.003	0.166
3.083	0.0075	0.005	0.301	0.0282	0.008	0.288
3.088	0.0157	0.009	0.473	0.0369	0.003	0.187
3.093	0.0140	0.018	0.624	0.0161	0.001	0.095
3.098	0.0182	0.014	0.658	0.0158	0.001	0.096
3.103	0.0423	0.009	0.699	0.0125	0.003	0.097
3.108	0.0520	0.009	0.688	0.0144	0.003	0.094
3.113	0.0597	0.014	0.705	0.0133	0.002	0.073
3.118	0.0694	0.014	0.706	0.0146	0.002	0.075
3.123	0.0773	0.014	0.697	0.0102	0.001	0.065
3.128	0.0855	0.014	0.700	0.0114	0.001	0.063
3.133	0.1064	0.011	0.715	0.0163	0.001	0.057
3.138	0.1349	0.014	0.744	0.0076	0.001	0.059
3.143	0.1523	0.014	0.711	0.0059	0.001	0.066
3.148	0.1541	0.011	0.719	0.0103	0.001	0.069
3.153	0.1623	0.014	0.726	0.0116	0.002	0.069
3.158	0.1583	0.018	0.730	0.0050	0.002	0.078
3.163	0.1482	0.018	0.734	0.0056	0.001	0.073
3.168	0.1322	0.016	0.723	0.0100	0.001	0.066
3.173	0.1276	0.014	0.724	0.0056	0.001	0.074
3.178	0.1140	0.011	0.711	0.0145	0.002	0.077
3.183	0.0862	0.014	0.730	0.0135	0.002	0.079
3.188	0.0740	0.011	0.688	0.0118	0.002	0.081
3.193	0.0655	0.018	0.569	0.0178	0.002	0.093
3.198	0.0644	0.011	0.458	0.0189	0.002	0.109
3.203	0.0484	0.009	0.285	0.0383	0.002	0.138
3.208	0.0231	0.011	0.330	0.0370	0.000	0.078
3.213	0.0111	0.014	0.548	0.0228	0.000	0.043
3.218	0.0142	0.009	0.499	0.0305	0.000	0.044
3.223	0.0096	0.011	0.611	0.0223	0.000	0.049
3.228	0.0063	0.014	0.663	0.0175	0.000	0.050
3.233	0.0083	0.014	0.725	0.0172	0.000	0.047
3.238	0.0070	0.011	0.722	0.0157	0.000	0.047
3.243	0.0066	0.014	0.711	0.0106	0.000	0.046
3.248	0.0071	0.014	0.695	0.0146	0.000	0.048
3.253	0.0055	0.016	0.597	0.0199	0.000	0.050
3.258	0.0032	0.018	0.538	0.0167	0.000	0.061
3.263	0.0028	0.011	0.573	0.0252	0.000	0.058
3.268	0.0026	0.016	0.597	0.0141	0.000	0.079
3.273	0.0020	0.018	0.432	0.0177	0.056	0.396
3.278	0.0023	0.016	0.444	0.0157	0.105	0.539
3.283	0.0017	0.032	0.401	0.0115	0.117	0.528
3.288	0.0024	0.086	0.403	0.0237	0.065	0.446
3.293	0.0014	0.055	0.199	0.0406	0.005	0.188
3.298	0.0016	0.027	0.240	0.0217	0.003	0.133
3.302	0.0013	0.034	0.260	0.0214	0.006	0.152
3.307	0.0032	0.016	0.260	0.0278	0.014	0.217
3.312	0.0017	0.032	0.199	0.0252	0.034	0.275
3.317	0.0036	0.034	0.256	0.0173	0.041	0.302
3.322	0.0033	0.043	0.338	0.0114	0.065	0.323
3.327	0.0050	0.030	0.254	0.0147	0.083	0.307
3.332	0.0038	0.043	0.185	0.0164	0.088	0.310
3.337	0.0027	0.077	0.171	0.0153	0.088	0.297
3.342	0.0053	0.052	0.210	0.0220	0.061	0.240
3.347	0.0039	0.057	0.253	0.0245	0.040	0.218
3.352	0.0086	0.050	0.463	0.0217	0.027	0.214
3.357	0.0083	0.025	0.560	0.0144	0.036	0.250
3.362	0.0130	0.027	0.601	0.0122	0.049	0.272
3.367	0.0161	0.027	0.587	0.0148	0.053	0.285
3.372	0.0147	0.041	0.565	0.0136	0.036	0.278
3.377	0.0152	0.023	0.452	0.0141	0.040	0.305
3.382	0.0134	0.027	0.430	0.0138	0.062	0.303
3.387	0.0107	0.057	0.417	0.0104	0.091	0.313
3.392	0.0112	0.045	0.388	0.0151	0.165	0.348
3.397	0.0080	0.059	0.437	0.0160	0.163	0.337
3.402	0.0068	0.055	0.448	0.0118	0.147	0.352
3.407	0.0068	0.055	0.426	0.0152	0.161	0.366
3.412	0.0062	0.055	0.479	0.0141	0.194	0.335
3.417	0.0054	0.057	0.503	0.0134	0.211	0.314
3.422	0.0054	0.059	0.530	0.0141	0.202	0.305
3.427	0.0044	0.045	0.519	0.0125	0.190	0.303
3.432	0.0035	0.064	0.517	0.0125	0.145	0.280
3.437	0.0029	0.032	0.516	0.0176	0.164	0.246
3.442	0.0027	0.036	0.542	0.0247	0.119	0.191
3.447	0.0038	0.048	0.535	0.0209	0.092	0.151
3.452	0.0022	0.041	0.583	0.0256	0.054	0.127
3.457	0.0029	0.007	0.654	0.0232	0.044	0.085
3.462	0.0033	0.018	0.621	0.0322	0.021	0.065
3.467	0.0038	0.023	0.628	0.0290	0.011	0.066
3.472	0.0051	0.002	0.632	0.0397	0.004	0.056
3.477	0.0023	0.014	0.597	0.0267	0.001	0.045
3.482	0.0056	0.007	0.572	0.0322	0.000	0.037
3.487	0.0049	0.002	0.513	0.0189	0.000	0.046
3.492	0.0019	0.005	0.355	0.0292	0.000	0.059
3.497	0.0037	0.002	0.220	0.0971	0.000	0.073
3.502	0.0022	0.002	0.076	0.0448	0.001	0.167
3.507	0.0008	0.002	0.033	0.1306	0.004	0.321
3.512	0.0001	0.011	0.134	0.0185	0.071	0.595
3.517	0.0001	0.011	0.160	0.0185	0.185	0.674
3.522	0.0000	0.052	0.204	0.0777	0.008	0.351
3.527	0.0000	0.023	0.253	0.0505	0.002	0.227
3.532	0.0001	0.005	0.365	0.0457	0.000	0.094
3.537	0.0003	0.007	0.416	0.0235	0.000	0.053
3.542	0.0008	0.005	0.488	0.0179	0.000	0.023
3.547	0.0013	0.005	0.513	0.0548	0.000	0.015
3.552	0.0026	0.005	0.516	0.0188	0.000	0.010
3.557	0.0040	0.007	0.531	0.0254	0.000	0.006
3.562	0.0046	0.005	0.593	0.0257	0.000	0.005
3.567	0.0102	0.005	0.643	0.0156	0.000	0.005
3.572	0.0263	0.005	0.655	0.0167	0.000	0.007
3.577	0.0549	0.002	0.669	0.0193	0.000	0.010
3.582	0.0721	0.009	0.699	0.0182	0.000	0.028
3.587	0.0919	0.009	0.722	0.0133	0.000	0.053
3.592	0.1108	0.009	0.738	0.0126	0.001	0.068
3.597	0.1233	0.009	0.732	0.0156	0.001	0.079
3.602	0.1293	0.009	0.760	0.0129	0.001	0.093
3.607	0.1284	0.009	0.755	0.0095	0.001	0.099
3.612	0.1153	0.011	0.741	0.0185	0.001	0.090
3.617	0.1097	0.018	0.694	0.0194	0.001	0.088
3.622	0.0843	0.005	0.679	0.0357	0.003	0.078
3.627	0.0342	0.005	0.753	0.0176	0.003	0.067
3.632	0.0366	0.009	0.753	0.0064	0.003	0.081
3.637	0.0343	0.005	0.777	0.0053	0.002	0.079
3.642	0.0415	0.007	0.752	0.0096	0.002	0.070
3.647	0.0494	0.005	0.759	0.0069	0.002	0.073
3.652	0.0517	0.005	0.755	0.0104	0.002	0.070
3.657	0.0492	0.005	0.745	0.0085	0.003	0.070
3.662	0.0479	0.005	0.761	0.0123	0.003	0.076
3.667	0.0486	0.005	0.755	0.0140	0.002	0.073
3.672	0.0523	0.005	0.757	0.0171	0.001	0.085
3.677	0.0570	0.005	0.747	0.0084	0.001	0.095
3.682	0.0565	0.005	0.753	0.0103	0.001	0.103
3.687	0.0583	0.007	0.760	0.0197	0.001	0.092
3.692	0.0630	0.005	0.773	0.0145	0.001	0.082
3.697	0.0669	0.005	0.756	0.0079	0.001	0.078
3.702	0.0655	0.005	0.763	0.0071	0.001	0.079
3.707	0.0558	0.009	0.758	0.0156	0.002	0.080
3.712	0.0441	0.009	0.736	0.0091	0.002	0.078
3.717	0.0368	0.016	0.744	0.0106	0.001	0.086
3.722	0.0422	0.014	0.727	0.0134	0.001	0.090
3.727	0.0657	0.009	0.731	0.0110	0.001	0.088
3.732	0.0756	0.016	0.727	0.0120	0.001	0.084
3.737	0.0911	0.009	0.727	0.0134	0.001	0.084
3.741	0.1343	0.016	0.733	0.0146	0.001	0.082
3.746	0.1655	0.014	0.712	0.0158	0.001	0.080
3.751	0.1699	0.014	0.736	0.0130	0.001	0.076
3.756	0.1711	0.016	0.749	0.0128	0.001	0.079
3.761	0.1650	0.023	0.740	0.0144	0.001	0.074
3.766	0.1476	0.014	0.735	0.0118	0.001	0.083
3.771	0.1164	0.009	0.748	0.0132	0.001	0.079
3.776	0.0934	0.011	0.767	0.0193	0.000	0.072
3.781	0.1040	0.009	0.757	0.0089	0.000	0.076
3.786	0.1088	0.009	0.756	0.0086	0.000	0.076
3.791	0.1124	0.009	0.743	0.0146	0.000	0.066
3.796	0.1237	0.009	0.752	0.0109	0.000	0.061
3.801	0.1252	0.009	0.722	0.0111	0.000	0.059
3.806	0.1199	0.011	0.633	0.0147	0.000	0.059
3.811	0.1023	0.009	0.438	0.0321	0.000	0.059
3.816	0.0606	0.011	0.336	0.0319	0.000	0.056
3.821	0.0209	0.009	0.574	0.0339	0.000	0.048
3.826	0.0149	0.002	0.562	0.0375	0.000	0.040
3.831	0.0126	0.009	0.582	0.0151	0.000	0.028
3.836	0.0205	0.002	0.610	0.0223	0.000	0.026
3.841	0.0228	0.005	0.462	0.0398	0.000	0.031
3.846	0.0102	0.005	0.325	0.0317	0.000	0.038
3.851	0.0103	0.007	0.452	0.0233	0.000	0.038
3.856	0.0051	0.005	0.410	0.0217	0.000	0.046
3.861	0.0061	0.007	0.297	0.0389	0.000	0.071
3.866	0.0019	0.020	0.413	0.0287	0.000	0.074
3.871	0.0024	0.009	0.555	0.0172	0.000	0.092
3.876	0.0018	0.014	0.495	0.0178	0.001	0.123
3.881	0.0013	0.025	0.537	0.0246	0.003	0.224
3.886	0.0011	0.025	0.546	0.0084	0.017	0.401
3.891	0.0018	0.016	0.413	0.0105	0.123	0.581
3.896	0.0023	0.064	0.263	0.0110	0.245	0.635
3.901	0.0022	0.070	0.104	0.0158	0.306	0.663
3.906	0.0025	0.111	0.134	0.0189	0.206	0.619
3.911	0.0040	0.139	0.253	0.0116	0.169	0.608
3.916	0.0081	0.061	0.237	0.0149	0.273	0.650
3.921	0.0074	0.084	0.117	0.0238	0.263	0.612
3.926	0.0044	0.114	0.295	0.0440	0.044	0.425
3.931	0.0042	0.086	0.410	0.0326	0.002	0.171
3.936	0.0109	0.020	0.591	0.0210	0.001	0.095
3.941	0.0314	0.009	0.680	0.0150	0.001	0.055
3.946	0.0756	0.009	0.742	0.0128	0.000	0.041
3.951	0.1402	0.014	0.759	0.0106	0.000	0.035
3.956	0.1894	0.014	0.710	0.0160	0.000	0.041
3.961	0.1804	0.014	0.637	0.0217	0.001	0.054
3.966	0.1684	0.020	0.693	0.0217	0.001	0.059
3.971	0.1693	0.016	0.741	0.0144	0.001	0.057
3.976	0.1744	0.016	0.755	0.0143	0.001	0.055
3.981	0.1593	0.016	0.776	0.0112	0.001	0.057
3.986	0.1619	0.018	0.788	0.0111	0.001	0.065
3.991	0.1528	0.020	0.743	0.0080	0.001	0.082
3.996	0.1118	0.016	0.699	0.0158	0.001	0.092
4.001	0.2043	0.018	0.716	0.0172	0.002	0.089
4.006	0.1961	0.020	0.765	0.0079	0.002	0.089
4.011	0.1856	0.014	0.769	0.0072	0.002	0.074
4.016	0.1509	0.030	0.765	0.0106	0.002	0.077
4.021	0.1134	0.025	0.753	0.0153	0.002	0.080
4.026	0.1491	0.020	0.759	0.0114	0.003	0.086
4.031	0.1731	0.011	0.770	0.0090	0.003	0.092
4.036	0.1668	0.011	0.767	0.0099	0.002	0.090
4.041	0.1320	0.020	0.711	0.0111	0.002	0.100
4.046	0.1416	0.018	0.653	0.0178	0.002	0.097
4.051	0.1782	0.020	0.605	0.0234	0.001	0.097
4.056	0.1954	0.025	0.685	0.0112	0.002	0.109
4.061	0.1526	0.018	0.665	0.0178	0.003	0.122
4.066	0.0760	0.020	0.585	0.0180	0.006	0.162
4.071	0.0656	0.014	0.480	0.0195	0.065	0.300
4.076	0.0409	0.027	0.559	0.0134	0.147	0.357
4.081	0.0312	0.034	0.565	0.0121	0.328	0.438
4.086	0.0411	0.050	0.412	0.0130	0.540	0.485
4.091	0.0308	0.064	0.159	0.0096	0.770	0.526
4.096	0.0247	0.145	0.176	0.0115	0.799	0.551
4.101	0.0287	0.150	0.152	0.0116	0.876	0.574
4.106	0.0169	0.186	0.157	0.0113	0.889	0.584
4.111	0.0181	0.200	0.165	0.0122	0.938	0.591
4.116	0.0171	0.198	0.124	0.0122	0.940	0.558
4.121	0.0203	0.191	0.123	0.0095	0.926	0.577
4.126	0.0232	0.211	0.169	0.0119	0.918	0.582
4.131	0.0208	0.202	0.164	0.0101	0.942	0.582
4.136	0.0199	0.205	0.115	0.0109	0.941	0.593
4.141	0.0253	0.207	0.123	0.0110	0.929	0.581
4.146	0.0188	0.182	0.156	0.0111	0.932	0.570
4.151	0.0258	0.184	0.154	0.0107	0.947	0.575
4.156	0.0218	0.202	0.148	0.0105	0.955	0.544
4.161	0.0252	0.180	0.138	0.0124	0.946	0.567
4.166	0.0305	0.200	0.093	0.0133	0.943	0.523
4.171	0.0196	0.173	0.147	0.0130	0.870	0.481
4.176	0.0187	0.159	0.241	0.0190	0.687	0.447
4.180	0.0127	0.127	0.500	0.0394	0.063	0.355
4.185	0.0090	0.070	0.586	0.0243	0.011	0.226
4.190	0.0160	0.025	0.698	0.0199	0.008	0.121
4.195	0.0590	0.025	0.743	0.0195	0.010	0.109
4.200	0.0627	0.023	0.773	0.0110	0.006	0.092
4.205	0.0519	0.023	0.719	0.0148	0.005	0.088
4.210	0.0646	0.016	0.696	0.0185	0.004	0.091
4.215	0.0687	0.016	0.757	0.0163	0.004	0.099
4.220	0.0539	0.025	0.774	0.0106	0.003	0.098
4.225	0.0258	0.018	0.770	0.0083	0.003	0.099
4.230	0.0490	0.014	0.788	0.0119	0.002	0.082
4.235	0.0663	0.009	0.787	0.0094	0.001	0.069
4.240	0.0618	0.016	0.786	0.0076	0.001	0.056
4.245	0.0563	0.009	0.787	0.0098	0.001	0.054
4.250	0.0356	0.005	0.747	0.0109	0.001	0.054
4.255	0.0234	0.011	0.756	0.0103	0.001	0.048
4.260	0.0487	0.005	0.763	0.0116	0.001	0.048
4.265	0.0480	0.005	0.753	0.0140	0.001	0.046
4.270	0.0521	0.005	0.764	0.0186	0.000	0.044
4.275	0.0583	0.005	0.734	0.0262	0.000	0.046
4.280	0.0530	0.005	0.657	0.0276	0.000	0.053
4.285	0.0403	0.005	0.661	0.0249	0.000	0.042
4.290	0.0300	0.005	0.729	0.0143	0.001	0.191
4.295	0.0294	0.005	0.671	0.0162	0.004	0.247
4.300	0.0292	0.005	0.465	0.0278	0.012	0.223
4.305	0.0303	0.018	0.429	0.0309	0.005	0.160
4.310	0.0361	0.027	0.612	0.0183	0.003	0.118
4.315	0.0644	0.018	0.686	0.0154	0.003	0.130
4.320	0.1174	0.009	0.700	0.0216	0.004	0.145
4.325	0.1194	0.009	0.681	0.0190	0.005	0.148
4.330	0.0954	0.020	0.719	0.0187	0.005	0.145
4.335	0.0907	0.018	0.728	0.0134	0.004	0.153
4.340	0.0984	0.014	0.718	0.0145	0.003	0.135
4.345	0.0914	0.016	0.693	0.0178	0.003	0.114
4.350	0.0994	0.014	0.618	0.0162	0.005	0.104
4.355	0.0991	0.018	0.607	0.0178	0.009	0.111
4.360	0.0866	0.014	0.665	0.0145	0.014	0.129
4.365	0.0736	0.027	0.652	0.0134	0.014	0.141
4.370	0.0709	0.016	0.642	0.0104	0.015	0.157
4.375	0.0514	0.023	0.716	0.0116	0.014	0.147
4.380	0.0612	0.020	0.722	0.0110	0.009	0.141
4.385	0.0726	0.018	0.720	0.0101	0.008	0.132
4.390	0.0692	0.018	0.731	0.0077	0.007	0.118
4.395	0.0762	0.016	0.718	0.0058	0.007	0.134
4.400	0.0812	0.016	0.712	0.0108	0.006	0.122
4.405	0.0859	0.018	0.680	0.0098	0.004	0.112
4.410	0.1009	0.018	0.697	0.0124	0.003	0.092
4.415	0.0966	0.020	0.711	0.0074	0.003	0.102
4.420	0.0813	0.020	0.716	0.0094	0.002	0.104
4.425	0.0781	0.023	0.702	0.0100	0.002	0.092
4.430	0.0974	0.025	0.683	0.0084	0.002	0.089
4.435	0.1063	0.023	0.611	0.0155	0.002	0.099
4.440	0.1077	0.018	0.605	0.0191	0.002	0.103
4.445	0.1117	0.025	0.630	0.0169	0.002	0.096
4.450	0.1157	0.018	0.610	0.0173	0.001	0.093
4.455	0.1356	0.018	0.576	0.0197	0.001	0.086
4.460	0.1424	0.014	0.564	0.0162	0.003	0.100
4.465	0.1363	0.025	0.639	0.0171	0.004	0.116
4.470	0.0981	0.025	0.707	0.0117	0.005	0.125
4.475	0.0846	0.023	0.740	0.0114	0.006	0.122
4.480	0.0732	0.018	0.727	0.0122	0.005	0.125
4.485	0.0663	0.014	0.718	0.0136	0.003	0.122
4.490	0.0773	0.009	0.667	0.0192	0.002	0.115
4.495	0.0808	0.009	0.567	0.0212	0.003	0.135
4.500	0.0715	0.018	0.229	0.0391	0.006	0.212
4.505	0.0342	0.007	0.344	0.0483	0.002	0.134
4.510	0.0143	0.009	0.449	0.0228	0.000	0.051
4.515	0.0125	0.014	0.419	0.0346	0.000	0.054
4.520	0.0119	0.007	0.363	0.0161	0.000	0.051
4.525	0.0111	0.023	0.441	0.0226	0.000	0.055
4.530	0.0076	0.018	0.363	0.0219	0.001	0.071
4.535	0.0062	0.020	0.335	0.0218	0.001	0.071
4.540	0.0040	0.020	0.346	0.0175	0.001	0.074
4.545	0.0030	0.023	0.373	0.0235	0.001	0.082
4.550	0.0024	0.023	0.435	0.0204	0.001	0.073
4.555	0.0021	0.016	0.430	0.0215	0.001	0.067
4.560	0.0015	0.023	0.447	0.0188	0.001	0.076
4.565	0.0021	0.018	0.425	0.0163	0.001	0.075
4.570	0.0012	0.023	0.282	0.0207	0.000	0.081
4.575	0.0014	0.023	0.386	0.0252	0.001	0.075
4.580	0.0014	0.023	0.068	0.0242	0.123	0.508
4.585	0.0018	0.032	0.113	0.0148	0.458	0.578
4.590	0.0017	0.018	0.167	0.0079	0.786	0.555
4.595	0.0074	0.130	0.280	0.0154	0.684	0.540
4.600	0.0193	0.216	0.430	0.0244	0.205	0.494
4.605	0.0113	0.105	0.497	0.0325	0.074	0.366
4.610	0.0163	0.055	0.668	0.0336	0.012	0.176
4.615	0.0130	0.020	0.677	0.0218	0.007	0.113
4.620	0.0233	0.025	0.728	0.0162	0.005	0.088
4.624	0.0360	0.009	0.741	0.0095	0.004	0.085
4.629	0.0439	0.009	0.722	0.0129	0.003	0.082
4.634	0.0450	0.014	0.728	0.0108	0.003	0.078
4.639	0.0399	0.009	0.734	0.0104	0.002	0.079
4.644	0.0404	0.009	0.740	0.0117	0.001	0.078
4.649	0.0422	0.009	0.687	0.0214	0.001	0.064
4.654	0.0496	0.014	0.703	0.0149	0.001	0.063
4.659	0.0568	0.009	0.704	0.0114	0.001	0.066
4.664	0.0549	0.005	0.714	0.0081	0.001	0.077
4.669	0.0491	0.002	0.720	0.0117	0.001	0.074
4.674	0.0455	0.005	0.746	0.0096	0.001	0.068
4.679	0.0484	0.005	0.745	0.0098	0.000	0.063
4.684	0.0481	0.005	0.730	0.0134	0.000	0.058
4.689	0.0441	0.005	0.699	0.0234	0.000	0.050
4.694	0.0339	0.005	0.708	0.0187	0.000	0.062
4.699	0.0218	0.005	0.703	0.0131	0.001	0.177
4.704	0.0240	0.009	0.664	0.0111	0.003	0.270
4.709	0.0244	0.002	0.623	0.0139	0.020	0.413
4.714	0.0198	0.014	0.626	0.0094	0.053	0.471
4.719	0.0170	0.018	0.590	0.0078	0.116	0.536
4.724	0.0241	0.032	0.543	0.0090	0.157	0.548
4.729	0.0183	0.039	0.496	0.0097	0.223	0.566
4.734	0.0132	0.068	0.490	0.0116	0.281	0.555
4.739	0.0164	0.052	0.461	0.0120	0.403	0.519
4.744	0.0115	0.109	0.434	0.0122	0.475	0.479
4.749	0.0177	0.084	0.438	0.0111	0.483	0.496
4.754	0.0170	0.116	0.395	0.0109	0.389	0.494
4.759	0.0175	0.107	0.475	0.0144	0.252	0.475
4.764	0.0133	0.075	0.547	0.0143	0.174	0.436
4.769	0.0114	0.059	0.602	0.0187	0.061	0.326
4.774	0.0262	0.025	0.658	0.0153	0.035	0.259
4.779	0.0361	0.014	0.691	0.0187	0.017	0.212
4.784	0.0391	0.005	0.697	0.0121	0.009	0.182
4.789	0.0289	0.007	0.713	0.0175	0.004	0.125
4.794	0.0332	0.007	0.707	0.0130	0.003	0.099
4.799	0.0305	0.014	0.744	0.0103	0.002	0.097
4.804	0.0319	0.014	0.691	0.0134	0.001	0.092
4.809	0.0287	0.009	0.645	0.0116	0.001	0.098
4.814	0.0298	0.007	0.623	0.0164	0.001	0.099
4.819	0.0298	0.014	0.659	0.0347	0.000	0.056
4.824	0.0417	0.002	0.724	0.0191	0.000	0.041
4.829	0.0488	0.005	0.731	0.0187	0.001	0.043
4.834	0.0451	0.005	0.736	0.0109	0.001	0.041
4.839	0.0338	0.005	0.734	0.0119	0.001	0.045
4.844	0.0218	0.005	0.703	0.0215	0.001	0.049
4.849	0.0212	0.005	0.718	0.0099	0.000	0.047
4.854	0.0189	0.005	0.686	0.0102	0.001	0.044
4.859	0.0213	0.002	0.692	0.0190	0.001	0.048
4.864	0.0221	0.005	0.729	0.0076	0.001	0.052
4.869	0.0333	0.005	0.706	0.0116	0.001	0.049
4.874	0.0395	0.002	0.728	0.0110	0.000	0.045
4.879	0.0399	0.009	0.729	0.0252	0.000	0.040
4.884	0.0373	0.005	0.719	0.0102	0.000	0.043
4.889	0.0239	0.009	0.695	0.0089	0.000	0.065
4.894	0.0213	0.014	0.635	0.0233	0.001	0.077
4.899	0.0157	0.014	0.619	0.0266	0.001	0.092
4.904	0.0204	0.007	0.617	0.0149	0.001	0.097
4.909	0.0179	0.014	0.648	0.0114	0.002	0.097
4.914	0.0327	0.014	0.714	0.0154	0.002	0.097
4.919	0.0673	0.016	0.713	0.0097	0.002	0.117
4.924	0.0787	0.018	0.714	0.0101	0.003	0.122
4.929	0.0717	0.009	0.716	0.0097	0.003	0.125
4.934	0.0438	0.011	0.670	0.0152	0.003	0.120
4.939	0.0342	0.011	0.665	0.0124	0.003	0.119
4.944	0.0224	0.009	0.600	0.0276	0.002	0.111
4.949	0.0353	0.007	0.499	0.0202	0.002	0.106
4.954	0.0478	0.016	0.514	0.0368	0.002	0.102
4.959	0.0321	0.009	0.609	0.0476	0.000	0.071
4.964	0.0103	0.009	0.680	0.0329	0.000	0.036
4.969	0.0117	0.005	0.667	0.0135	0.000	0.029
4.974	0.0161	0.002	0.677	0.0191	0.000	0.028
4.979	0.0128	0.005	0.666	0.0307	0.000	0.030
4.984	0.0153	0.002	0.688	0.0142	0.000	0.028
4.989	0.0139	0.005	0.680	0.0099	0.000	0.026
4.994	0.0063	0.005	0.681	0.0314	0.000	0.024
4.999	0.0103	0.002	0.688	0.0253	0.000	0.026
5.004	0.0098	0.005	0.675	0.0299	0.000	0.028
5.009	0.0121	0.002	0.639	0.0262	0.004	0.209
5.014	0.0121	0.005	0.526	0.0100	0.017	0.291
5.019	0.0047	0.014	0.496	0.0153	0.043	0.361
5.024	0.0103	0.025	0.527	0.0144	0.037	0.343
5.029	0.0097	0.041	0.533	0.0328	0.010	0.253
5.034	0.0201	0.020	0.551	0.0271	0.007	0.196
5.039	0.0284	0.020	0.647	0.0228	0.003	0.166
5.044	0.0233	0.020	0.658	0.0152	0.003	0.150
5.049	0.0281	0.009	0.652	0.0156	0.002	0.123
5.054	0.0456	0.007	0.615	0.0177	0.002	0.121
5.059	0.0475	0.014	0.638	0.0167	0.002	0.120
5.063	0.0680	0.025	0.687	0.0142	0.002	0.118
5.068	0.0800	0.027	0.663	0.0169	0.002	0.112
5.073	0.0585	0.014	0.643	0.0112	0.002	0.116
5.078	0.0230	0.018	0.659	0.0082	0.002	0.118
5.083	0.0192	0.025	0.636	0.0174	0.001	0.114
5.088	0.0287	0.020	0.631	0.0108	0.001	0.112
5.093	0.0719	0.020	0.651	0.0119	0.001	0.111
5.098	0.0571	0.011	0.659	0.0066	0.001	0.113
5.103	0.0226	0.018	0.647	0.0095	0.001	0.116
5.108	0.0261	0.020	0.635	0.0086	0.001	0.107
5.113	0.0624	0.011	0.633	0.0134	0.001	0.109
5.118	0.0691	0.014	0.643	0.0082	0.001	0.110
5.123	0.0219	0.009	0.651	0.0160	0.001	0.105
5.128	0.0155	0.016	0.602	0.0159	0.000	0.092
5.133	0.0606	0.009	0.530	0.0188	0.000	0.072
5.138	0.0351	0.011	0.455	0.0488	0.000	0.060
5.143	0.0098	0.007	0.615	0.0236	0.000	0.047
5.148	0.0254	0.011	0.641	0.0176	0.000	0.037
5.153	0.0335	0.005	0.656	0.0176	0.000	0.035
5.158	0.0118	0.009	0.661	0.0163	0.000	0.035
5.163	0.0240	0.007	0.662	0.0106	0.000	0.033
5.168	0.0379	0.007	0.660	0.0074	0.000	0.035
5.173	0.0253	0.005	0.659	0.0084	0.000	0.033
5.178	0.0106	0.007	0.662	0.0088	0.000	0.036
5.183	0.0257	0.007	0.681	0.0066	0.000	0.034
5.188	0.0387	0.007	0.665	0.0073	0.000	0.033
5.193	0.0215	0.007	0.667	0.0064	0.000	0.034
5.198	0.0133	0.007	0.670	0.0076	0.000	0.049
5.203	0.0270	0.009	0.663	0.0194	0.000	0.074
5.208	0.0384	0.007	0.645	0.0324	0.000	0.095
5.213	0.0294	0.005	0.622	0.0264	0.000	0.089
5.218	0.0196	0.014	0.660	0.0125	0.000	0.079
5.223	0.0243	0.007	0.684	0.0070	0.000	0.075
5.228	0.0442	0.009	0.691	0.0083	0.000	0.077
5.233	0.0670	0.007	0.688	0.0125	0.000	0.081
5.238	0.0651	0.007	0.660	0.0224	0.000	0.085
5.243	0.0423	0.007	0.648	0.0225	0.000	0.085
5.248	0.0284	0.009	0.730	0.0181	0.000	0.080
5.253	0.0613	0.007	0.754	0.0156	0.000	0.078
5.258	0.0726	0.009	0.742	0.0125	0.000	0.075
5.263	0.1061	0.007	0.720	0.0104	0.000	0.077
5.268	0.0905	0.009	0.701	0.0185	0.000	0.082
5.273	0.0875	0.009	0.705	0.0127	0.001	0.093
5.278	0.0762	0.009	0.698	0.0144	0.002	0.109
5.283	0.0522	0.009	0.686	0.0141	0.002	0.113
5.288	0.0381	0.009	0.690	0.0145	0.007	0.129
5.293	0.0280	0.007	0.713	0.0101	0.007	0.145
5.298	0.0252	0.014	0.693	0.0165	0.004	0.149
5.303	0.0246	0.018	0.634	0.0204	0.003	0.141
5.308	0.0206	0.018	0.624	0.0283	0.002	0.149
5.313	0.0213	0.014	0.731	0.0183	0.003	0.155
5.318	0.0263	0.011	0.746	0.0138	0.005	0.157
5.323	0.0252	0.014	0.703	0.0110	0.006	0.198
5.328	0.0298	0.011	0.424	0.0277	0.016	0.248
5.333	0.0095	0.016	0.507	0.0198	0.055	0.225
5.338	0.0100	0.025	0.516	0.0239	0.038	0.193
5.343	0.0072	0.045	0.618	0.0157	0.027	0.212
5.348	0.0092	0.014	0.280	0.0229	0.060	0.245
5.353	0.0070	0.023	0.362	0.0207	0.065	0.289
5.358	0.0036	0.050	0.390	0.0195	0.017	0.227
5.363	0.0076	0.030	0.377	0.0203	0.034	0.190
5.368	0.0051	0.030	0.387	0.0157	0.103	0.258
5.373	0.0035	0.041	0.382	0.0234	0.049	0.260
5.378	0.0077	0.075	0.247	0.0255	0.010	0.196
5.383	0.0114	0.034	0.339	0.0157	0.012	0.212
5.388	0.0110	0.034	0.272	0.0180	0.022	0.206
5.393	0.0181	0.043	0.470	0.0154	0.041	0.219
5.398	0.0139	0.048	0.589	0.0157	0.031	0.195
5.403	0.0187	0.041	0.582	0.0166	0.022	0.186
5.408	0.0131	0.043	0.624	0.0107	0.014	0.198
5.413	0.0163	0.045	0.460	0.0160	0.009	0.169
5.418	0.0141	0.039	0.471	0.0212	0.009	0.149
5.423	0.0130	0.036	0.529	0.0199	0.011	0.143
5.428	0.0180	0.032	0.522	0.0179	0.009	0.136
5.433	0.0312	0.030	0.468	0.0204	0.006	0.128
5.438	0.0415	0.030	0.509	0.0213	0.005	0.109
5.443	0.0736	0.039	0.592	0.0204	0.005	0.100
5.448	0.0854	0.030	0.609	0.0175	0.004	0.089
5.453	0.0935	0.030	0.597	0.0206	0.003	0.087
5.458	0.0423	0.043	0.566	0.0209	0.002	0.085
5.463	0.0416	0.039	0.586	0.0234	0.002	0.090
5.468	0.0601	0.034	0.711	0.0174	0.003	0.099
5.473	0.0894	0.030	0.756	0.0158	0.003	0.101
5.478	0.0541	0.036	0.772	0.0094	0.003	0.110
5.483	0.0460	0.034	0.682	0.0112	0.002	0.115
5.488	0.0607	0.030	0.534	0.0174	0.007	0.177
5.493	0.0433	0.032	0.428	0.0141	0.019	0.271
5.498	0.0185	0.030	0.480	0.0151	0.051	0.362
5.502	0.0097	0.032	0.510	0.0210	0.054	0.326
5.507	0.0081	0.014	0.649	0.0449	0.006	0.149
5.512	0.0079	0.009	0.694	0.0163	0.000	0.083
5.517	0.0075	0.007	0.621	0.0223	0.000	0.071
5.522	0.0056	0.005	0.546	0.0203	0.000	0.076
5.527	0.0033	0.009	0.350	0.0220	0.002	0.152
5.532	0.0022	0.018	0.205	0.0180	0.054	0.404
5.537	0.0018	0.039	0.210	0.0091	0.130	0.477
5.542	0.0016	0.059	0.169	0.0143	0.121	0.494
5.547	0.0051	0.077	0.121	0.0139	0.123	0.468
5.552	0.0020	0.059	0.188	0.0220	0.212	0.407
5.557	0.0028	0.084	0.133	0.0165	0.368	0.355
5.562	0.0029	0.095	0.169	0.0139	0.483	0.370
5.567	0.0059	0.095	0.168	0.0131	0.552	0.365
5.572	0.0082	0.116	0.182	0.0153	0.591	0.377
5.577	0.0122	0.127	0.186	0.0159	0.367	0.354
5.582	0.0151	0.105	0.145	0.0144	0.371	0.342
5.587	0.0214	0.095	0.176	0.0145	0.435	0.372
5.592	0.0287	0.095	0.226	0.0119	0.487	0.351
5.597	0.0253	0.102	0.213	0.0169	0.611	0.366
5.602	0.0251	0.105	0.228	0.0138	0.673	0.348
5.607	0.0242	0.102	0.164	0.0154	0.719	0.347
5.612	0.0275	0.120	0.143	0.0132	0.638	0.349
5.617	0.0284	0.114	0.200	0.0148	0.709	0.393
5.622	0.0351	0.111	0.198	0.0178	0.760	0.388
5.627	0.0239	0.120	0.212	0.0127	0.675	0.397
5.632	0.0208	0.125	0.175	0.0132	0.703	0.393
5.637	0.0131	0.107	0.257	0.0348	0.393	0.343
5.642	0.0108	0.116	0.557	0.0588	0.033	0.233
5.647	0.0070	0.057	0.668	0.0213	0.003	0.117
5.652	0.0180	0.011	0.721	0.0194	0.003	0.098
5.657	0.0594	0.018	0.756	0.0137	0.004	0.087
5.662	0.0547	0.020	0.769	0.0188	0.003	0.086
5.667	0.0298	0.025	0.757	0.0145	0.002	0.083
5.672	0.0319	0.023	0.772	0.0161	0.001	0.077
5.677	0.0530	0.016	0.792	0.0094	0.001	0.080
5.682	0.0499	0.009	0.743	0.0119	0.001	0.082
5.687	0.0249	0.030	0.592	0.0348	0.001	0.082
5.692	0.0237	0.023	0.645	0.0517	0.000	0.061
5.697	0.0165	0.009	0.797	0.0101	0.000	0.047
5.702	0.0255	0.005	0.785	0.0133	0.000	0.044
5.707	0.0249	0.011	0.774	0.0107	0.000	0.036
5.712	0.0276	0.005	0.776	0.0072	0.000	0.034
5.717	0.0179	0.005	0.763	0.0091	0.000	0.037
5.722	0.0232	0.007	0.765	0.0094	0.000	0.036
5.727	0.0257	0.005	0.764	0.0112	0.000	0.034
5.732	0.0272	0.005	0.766	0.0115	0.000	0.032
5.737	0.0318	0.005	0.774	0.0093	0.000	0.073
5.742	0.0328	0.009	0.757	0.0191	0.000	0.102
5.747	0.0315	0.007	0.732	0.0177	0.000	0.096
5.752	0.0301	0.005	0.690	0.0234	0.001	0.109
5.757	0.0256	0.009	0.700	0.0248	0.001	0.096
5.762	0.0229	0.005	0.762	0.0124	0.000	0.092
5.767	0.0194	0.014	0.769	0.0098	0.000	0.088
5.772	0.0268	0.011	0.784	0.0152	0.000	0.087
5.777	0.0308	0.014	0.753	0.0130	0.000	0.077
5.782	0.0304	0.009	0.691	0.0135	0.000	0.072
5.787	0.0325	0.009	0.474	0.0460	0.000	0.060
5.792	0.0223	0.005	0.549	0.0694	0.000	0.033
5.797	0.0118	0.002	0.741	0.0314	0.000	0.023
5.802	0.0148	0.005	0.646	0.0165	0.000	0.025
5.807	0.0125	0.005	0.462	0.0404	0.000	0.034
5.812	0.0093	0.005	0.489	0.0577	0.000	0.040
5.817	0.0067	0.002	0.555	0.0249	0.000	0.041
5.822	0.0049	0.005	0.393	0.0233	0.000	0.063
5.827	0.0042	0.005	0.200	0.0500	0.000	0.129
5.832	0.0008	0.005	0.568	0.0422	0.000	0.115
5.837	0.0005	0.005	0.666	0.0348	0.000	0.111
5.842	0.0009	0.009	0.735	0.0383	0.000	0.088
5.847	0.0009	0.005	0.794	0.0181	0.000	0.075
5.852	0.0016	0.005	0.542	0.0116	0.001	0.162
5.857	0.0017	0.007	0.170	0.0155	0.209	0.586
5.862	0.0013	0.005	0.301	0.0116	0.206	0.591
5.867	0.0006	0.070	0.283	0.0150	0.155	0.603
5.872	0.0050	0.093	0.222	0.0208	0.104	0.551
5.877	0.0045	0.089	0.180	0.0371	0.074	0.532
5.882	0.0027	0.111	0.118	0.0415	0.024	0.381
5.887	0.0031	0.023	0.342	0.0448	0.001	0.128
5.892	0.0089	0.007	0.438	0.0320	0.001	0.075
5.897	0.0294	0.005	0.619	0.0188	0.001	0.063
5.902	0.0726	0.009	0.747	0.0101	0.001	0.058
5.907	0.0876	0.009	0.699	0.0148	0.000	0.056
5.912	0.1023	0.009	0.703	0.0140	0.000	0.056
5.917	0.0895	0.009	0.738	0.0122	0.000	0.058
5.922	0.1080	0.014	0.726	0.0147	0.000	0.060
5.927	0.1053	0.009	0.739	0.0135	0.000	0.060
5.932	0.1011	0.014	0.743	0.0060	0.000	0.057
5.937	0.0985	0.011	0.733	0.0083	0.000	0.067
5.941	0.0950	0.018	0.728	0.0085	0.000	0.061
5.946	0.0901	0.016	0.732	0.0070	0.000	0.069
5.951	0.0878	0.009	0.730	0.0084	0.000	0.073
5.956	0.0861	0.009	0.721	0.0092	0.001	0.088
5.961	0.0829	0.009	0.716	0.0092	0.001	0.088
5.966	0.0780	0.009	0.699	0.0135	0.001	0.085
5.971	0.0813	0.023	0.681	0.0123	0.001	0.094
5.976	0.0855	0.014	0.687	0.0150	0.001	0.093
5.981	0.0884	0.014	0.696	0.0173	0.001	0.089
5.986	0.0704	0.009	0.698	0.0129	0.001	0.106
5.991	0.0651	0.014	0.588	0.0163	0.005	0.143
5.996	0.0414	0.005	0.515	0.0172	0.020	0.235
6.001	0.0254	0.023	0.505	0.0126	0.063	0.323
6.006	0.0189	0.018	0.508	0.0139	0.189	0.407
6.011	0.0180	0.039	0.443	0.0109	0.350	0.439
6.016	0.0170	0.055	0.222	0.0118	0.618	0.514
6.021	0.0140	0.105	0.187	0.0147	0.839	0.498
6.026	0.0140	0.141	0.141	0.0130	0.961	0.495
6.031	0.0162	0.141	0.115	0.0141	0.970	0.480
6.036	0.0144	0.155	0.141	0.0121	0.976	0.486
6.041	0.0223	0.150	0.145	0.0134	0.979	0.484
6.046	0.0207	0.186	0.120	0.0135	0.981	0.460
6.051	0.0204	0.168	0.149	0.0136	0.982	0.442
6.056	0.0254	0.175	0.125	0.0152	0.988	0.426
6.061	0.0199	0.177	0.139	0.0120	0.985	0.465
6.066	0.0218	0.184	0.212	0.0142	0.976	0.495
6.071	0.0188	0.180	0.169	0.0140	0.974	0.462
6.076	0.0226	0.164	0.174	0.0114	0.949	0.464
6.081	0.0118	0.155	0.124	0.0133	0.922	0.480
6.086	0.0111	0.161	0.145	0.0175	0.920	0.422
6.091	0.0082	0.157	0.119	0.0201	0.779	0.353
6.096	0.0065	0.130	0.287	0.0418	0.135	0.266
6.101	0.0052	0.091	0.481	0.0556	0.009	0.203
6.106	0.0064	0.014	0.708	0.0212	0.001	0.106
6.111	0.0099	0.005	0.758	0.0190	0.001	0.076
6.116	0.0186	0.005	0.748	0.0173	0.001	0.071
6.121	0.0184	0.007	0.778	0.0078	0.001	0.069
6.126	0.0222	0.005	0.757	0.0093	0.001	0.075
6.131	0.0280	0.005	0.745	0.0133	0.001	0.066
6.136	0.0326	0.005	0.736	0.0149	0.000	0.047
6.141	0.0321	0.005	0.752	0.0095	0.000	0.042
6.146	0.0326	0.005	0.752	0.0093	0.000	0.042
6.151	0.0326	0.005	0.747	0.0102	0.000	0.040
6.156	0.0306	0.005	0.750	0.0058	0.000	0.039
6.161	0.0286	0.005	0.745	0.0121	0.000	0.038
6.166	0.0271	0.005	0.726	0.0196	0.000	0.036
6.171	0.0247	0.005	0.713	0.0185	0.000	0.034
6.176	0.0232	0.005	0.707	0.0277	0.000	0.038
6.181	0.0211	0.005	0.656	0.0182	0.000	0.037
6.186	0.0166	0.002	0.668	0.0229	0.000	0.032
6.191	0.0117	0.005	0.711	0.0141	0.000	0.029
6.196	0.0136	0.005	0.733	0.0272	0.000	0.023
6.201	0.0192	0.002	0.699	0.0098	0.001	0.096
6.206	0.0186	0.005	0.681	0.0221	0.005	0.198
6.211	0.0115	0.005	0.588	0.0328	0.004	0.213
6.216	0.0123	0.005	0.497	0.0340	0.004	0.178
6.221	0.0112	0.005	0.575	0.0218	0.003	0.144
6.226	0.0100	0.007	0.618	0.0231	0.002	0.107
6.231	0.0299	0.018	0.669	0.0097	0.001	0.099
6.236	0.0557	0.011	0.720	0.0131	0.001	0.098
6.241	0.0691	0.009	0.749	0.0090	0.001	0.097
6.246	0.0896	0.009	0.719	0.0097	0.001	0.093
6.251	0.0833	0.014	0.720	0.0119	0.001	0.088
6.256	0.0632	0.007	0.735	0.0133	0.001	0.078
6.261	0.0545	0.007	0.693	0.0078	0.000	0.081
6.266	0.0451	0.009	0.655	0.0116	0.000	0.077
6.271	0.0370	0.007	0.607	0.0145	0.000	0.068
6.276	0.0280	0.009	0.579	0.0233	0.000	0.060
6.281	0.0422	0.007	0.609	0.0344	0.000	0.056
6.286	0.0346	0.005	0.686	0.0295	0.000	0.045
6.291	0.0275	0.005	0.714	0.0142	0.000	0.046
6.296	0.0171	0.005	0.730	0.0134	0.000	0.045
6.301	0.0169	0.005	0.689	0.0208	0.001	0.043
6.306	0.0149	0.005	0.711	0.0164	0.000	0.047
6.311	0.0128	0.002	0.719	0.0103	0.001	0.050
6.316	0.0126	0.005	0.698	0.0120	0.000	0.047
6.321	0.0175	0.005	0.723	0.0188	0.000	0.049
6.326	0.0212	0.005	0.706	0.0069	0.000	0.051
6.331	0.0196	0.002	0.687	0.0124	0.000	0.057
6.336	0.0157	0.005	0.666	0.0304	0.000	0.055
6.341	0.0111	0.014	0.618	0.0197	0.000	0.111
6.346	0.0065	0.007	0.451	0.0329	0.002	0.217
6.351	0.0033	0.007	0.158	0.0333	0.002	0.161
6.356	0.0037	0.014	0.407	0.0335	0.001	0.088
6.361	0.0042	0.020	0.444	0.0270	0.001	0.081
6.366	0.0059	0.018	0.415	0.0193	0.002	0.117
6.371	0.0112	0.014	0.378	0.0270	0.003	0.124
6.376	0.0083	0.025	0.450	0.0212	0.004	0.187
6.380	0.0039	0.027	0.429	0.0159	0.010	0.246
6.385	0.0042	0.032	0.530	0.0190	0.007	0.198
6.390	0.0111	0.025	0.452	0.0253	0.005	0.152
6.395	0.0049	0.030	0.335	0.0318	0.003	0.151
6.400	0.0069	0.025	0.217	0.0231	0.003	0.158
6.405	0.0107	0.016	0.279	0.0359	0.002	0.145
6.410	0.0096	0.016	0.398	0.0225	0.002	0.125
6.415	0.0104	0.016	0.528	0.0353	0.001	0.125
6.420	0.0072	0.016	0.680	0.0157	0.001	0.112
6.425	0.0130	0.011	0.707	0.0209	0.000	0.107
6.430	0.0228	0.014	0.578	0.0309	0.000	0.096
6.435	0.0411	0.011	0.553	0.0204	0.001	0.109
6.440	0.0527	0.011	0.645	0.0261	0.001	0.094
6.445	0.0575	0.011	0.604	0.0174	0.001	0.075
6.450	0.0529	0.011	0.500	0.0328	0.000	0.066
6.455	0.0364	0.009	0.271	0.0461	0.001	0.104
6.460	0.0194	0.016	0.354	0.0521	0.001	0.120
6.465	0.0201	0.002	0.628	0.0313	0.001	0.104
6.470	0.0237	0.007	0.621	0.0089	0.002	0.134
6.475	0.0200	0.007	0.476	0.0231	0.005	0.170
6.480	0.0143	0.027	0.484	0.0407	0.004	0.118
6.485	0.0157	0.002	0.644	0.0225	0.003	0.096
6.490	0.0172	0.018	0.669	0.0303	0.001	0.096
6.495	0.0347	0.011	0.706	0.0170	0.001	0.075
6.500	0.0326	0.014	0.699	0.0134	0.000	0.060
6.505	0.0258	0.007	0.698	0.0193	0.000	0.055
6.510	0.0152	0.011	0.701	0.0140	0.000	0.051
6.515	0.0147	0.018	0.697	0.0174	0.000	0.044
6.520	0.0177	0.014	0.691	0.0182	0.001	0.047
6.525	0.0214	0.009	0.734	0.0112	0.000	0.054
6.530	0.0213	0.002	0.732	0.0101	0.000	0.048
6.535	0.0205	0.005	0.724	0.0101	0.000	0.047
6.540	0.0188	0.005	0.705	0.0214	0.000	0.068
6.545	0.0183	0.005	0.653	0.0251	0.000	0.080
6.550	0.0198	0.011	0.638	0.0353	0.000	0.065
6.555	0.0204	0.005	0.684	0.0325	0.000	0.060
6.560	0.0247	0.009	0.715	0.0256	0.000	0.059
6.565	0.0427	0.011	0.747	0.0115	0.000	0.068
6.570	0.0551	0.009	0.765	0.0136	0.000	0.062
6.575	0.0766	0.011	0.771	0.0111	0.000	0.059
6.580	0.1030	0.009	0.776	0.0141	0.000	0.062
6.585	0.1044	0.009	0.790	0.0079	0.000	0.064
6.590	0.1003	0.011	0.792	0.0078	0.000	0.068
6.595	0.0982	0.009	0.781	0.0123	0.000	0.069
6.600	0.0773	0.011	0.770	0.0191	0.000	0.071
6.605	0.0712	0.009	0.722	0.0186	0.000	0.076
6.610	0.0640	0.011	0.651	0.0148	0.001	0.080
6.615	0.0498	0.011	0.509	0.0312	0.001	0.103
6.620	0.0421	0.014	0.409	0.0574	0.001	0.139
6.625	0.0124	0.005	0.666	0.0295	0.001	0.176
6.630	0.0137	0.011	0.608	0.0199	0.001	0.172
6.635	0.0140	0.011	0.532	0.0298	0.001	0.109
6.640	0.0130	0.018	0.633	0.0291	0.001	0.089
6.645	0.0225	0.007	0.658	0.0190	0.001	0.099
6.650	0.0357	0.016	0.690	0.0235	0.001	0.104
6.655	0.0196	0.023	0.667	0.0155	0.001	0.122
6.660	0.0173	0.009	0.693	0.0242	0.001	0.111
6.665	0.0224	0.011	0.728	0.0187	0.001	0.084
6.670	0.0249	0.009	0.801	0.0183	0.000	0.075
6.675	0.0205	0.016	0.807	0.0102	0.000	0.067
6.680	0.0413	0.011	0.738	0.0130	0.000	0.078
6.685	0.0429	0.011	0.551	0.0350	0.000	0.100
6.690	0.0380	0.011	0.544	0.0587	0.000	0.075
6.695	0.0146	0.009	0.749	0.0304	0.000	0.028
6.700	0.0135	0.005	0.787	0.0237	0.000	0.022
6.705	0.0122	0.005	0.747	0.0234	0.000	0.023
6.710	0.0120	0.005	0.744	0.0098	0.000	0.025
6.715	0.0103	0.007	0.756	0.0132	0.000	0.023
6.720	0.0089	0.005	0.781	0.0094	0.000	0.022
6.725	0.0088	0.005	0.802	0.0087	0.000	0.019
6.730	0.0112	0.007	0.783	0.0151	0.000	0.020
6.735	0.0108	0.005	0.751	0.0154	0.000	0.023
6.740	0.0081	0.005	0.744	0.0182	0.000	0.027
6.745	0.0068	0.005	0.686	0.0141	0.001	0.237
6.750	0.0056	0.005	0.607	0.0192	0.039	0.452
6.755	0.0057	0.007	0.424	0.0099	0.303	0.488
6.760	0.0053	0.055	0.479	0.0237	0.185	0.497
6.765	0.0061	0.123	0.538	0.0272	0.030	0.437
6.770	0.0090	0.059	0.607	0.0348	0.006	0.309
6.775	0.0101	0.023	0.627	0.0290	0.002	0.190
6.780	0.0176	0.007	0.670	0.0228	0.001	0.128
6.785	0.0229	0.009	0.719	0.0106	0.001	0.106
6.790	0.0325	0.014	0.739	0.0122	0.001	0.102
6.795	0.0447	0.009	0.770	0.0139	0.001	0.093
6.800	0.0523	0.009	0.750	0.0083	0.001	0.092
6.805	0.0497	0.007	0.601	0.0189	0.002	0.134
6.810	0.0391	0.014	0.485	0.0204	0.004	0.160
6.815	0.0227	0.014	0.364	0.0579	0.001	0.139
6.820	0.0119	0.002	0.580	0.0419	0.000	0.085
6.824	0.0141	0.005	0.628	0.0263	0.000	0.054
6.829	0.0144	0.002	0.484	0.0435	0.000	0.051
6.834	0.0077	0.005	0.273	0.0263	0.000	0.070
6.839	0.0054	0.005	0.202	0.0837	0.000	0.119
6.844	0.0018	0.002	0.272	0.0532	0.001	0.122
6.849	0.0012	0.005	0.546	0.0478	0.001	0.119
6.854	0.0010	0.002	0.709	0.0205	0.000	0.098
6.859	0.0009	0.007	0.323	0.0126	0.002	0.170
6.864	0.0008	0.009	0.161	0.0097	0.291	0.579
6.869	0.0006	0.002	0.154	0.0086	0.517	0.677
6.874	0.0010	0.107	0.152	0.0097	0.680	0.684
6.879	0.0026	0.191	0.122	0.0082	0.725	0.701
6.884	0.0038	0.218	0.244	0.0382	0.276	0.686
6.889	0.0023	0.218	0.381	0.0746	0.018	0.448
6.894	0.0014	0.061	0.636	0.0291	0.000	0.131
6.899	0.0066	0.009	0.699	0.0406	0.000	0.070
6.904	0.0113	0.005	0.664	0.0218	0.000	0.039
6.909	0.0072	0.005	0.681	0.0294	0.000	0.028
6.914	0.0086	0.002	0.681	0.0377	0.000	0.023
6.919	0.0076	0.005	0.656	0.0154	0.000	0.037
6.924	0.0099	0.005	0.708	0.0285	0.000	0.042
6.929	0.0141	0.002	0.722	0.0149	0.000	0.041
6.934	0.0187	0.005	0.711	0.0196	0.000	0.038
6.939	0.0141	0.005	0.720	0.0126	0.000	0.041
6.944	0.0128	0.005	0.718	0.0104	0.001	0.104
6.949	0.0163	0.005	0.668	0.0228	0.001	0.115
6.954	0.0139	0.005	0.650	0.0188	0.001	0.141
6.959	0.0132	0.002	0.629	0.0191	0.001	0.159
6.964	0.0125	0.014	0.687	0.0182	0.000	0.071
6.969	0.0139	0.009	0.721	0.0194	0.000	0.053
6.974	0.0180	0.009	0.690	0.0116	0.000	0.052
6.979	0.0404	0.007	0.733	0.0123	0.000	0.052
6.984	0.0457	0.009	0.724	0.0174	0.000	0.054
6.989	0.0475	0.009	0.740	0.0107	0.000	0.052
6.994	0.0483	0.009	0.733	0.0081	0.000	0.051
6.999	0.0448	0.014	0.729	0.0124	0.000	0.055
7.004	0.0355	0.014	0.727	0.0107	0.000	0.058
7.009	0.0283	0.011	0.717	0.0106	0.000	0.060
7.014	0.0237	0.014	0.732	0.0077	0.001	0.060
7.019	0.0192	0.011	0.695	0.0104	0.001	0.065
7.024	0.0198	0.014	0.689	0.0079	0.000	0.072
7.029	0.0220	0.011	0.708	0.0083	0.001	0.073
7.034	0.0266	0.018	0.690	0.0146	0.001	0.065
7.039	0.0365	0.009	0.724	0.0108	0.001	0.064
7.044	0.0443	0.007	0.714	0.0148	0.001	0.065
7.049	0.0428	0.009	0.707	0.0126	0.001	0.066
7.054	0.0408	0.009	0.721	0.0089	0.000	0.066
7.059	0.0292	0.007	0.688	0.0139	0.000	0.068
7.064	0.0267	0.007	0.676	0.0152	0.000	0.075
7.069	0.0231	0.009	0.664	0.0148	0.001	0.087
7.074	0.0282	0.007	0.641	0.0248	0.001	0.093
7.079	0.0300	0.009	0.630	0.0229	0.001	0.099
7.084	0.0404	0.011	0.567	0.0278	0.001	0.110
7.089	0.0283	0.018	0.515	0.0235	0.001	0.103
7.094	0.0096	0.014	0.560	0.0155	0.001	0.123
7.099	0.0092	0.016	0.546	0.0179	0.001	0.143
7.104	0.0108	0.014	0.424	0.0212	0.001	0.150
7.109	0.0105	0.005	0.270	0.0365	0.003	0.154
7.114	0.0053	0.011	0.246	0.0203	0.004	0.160
7.119	0.0046	0.039	0.275	0.0206	0.004	0.155
7.124	0.0036	0.032	0.254	0.0231	0.009	0.241
7.129	0.0025	0.025	0.223	0.0163	0.071	0.377
7.134	0.0013	0.032	0.166	0.0134	0.588	0.475
7.139	0.0008	0.059	0.226	0.0130	0.778	0.513
7.144	0.0018	0.111	0.115	0.0115	0.945	0.532
7.149	0.0051	0.155	0.144	0.0116	0.976	0.532
7.154	0.0092	0.191	0.111	0.0114	0.983	0.561
7.159	0.0103	0.218	0.126	0.0108	0.982	0.616
7.164	0.0115	0.205	0.131	0.0103	0.981	0.621
7.169	0.0087	0.225	0.134	0.0092	0.963	0.681
7.174	0.0084	0.202	0.147	0.0111	0.869	0.771
7.179	0.0051	0.257	0.086	0.0109	0.798	0.765
7.184	0.0028	0.250	0.152	0.0143	0.641	0.734
7.189	0.0014	0.227	0.207	0.0151	0.449	0.706
7.194	0.0008	0.184	0.194	0.0193	0.190	0.536
7.199	0.0005	0.066	0.217	0.0159	0.191	0.505
7.204	0.0004	0.057	0.138	0.0188	0.164	0.501
7.209	0.0003	0.091	0.150	0.0353	0.061	0.411
7.214	0.0004	0.059	0.352	0.0198	0.022	0.320
7.219	0.0005	0.014	0.360	0.0339	0.021	0.296
7.224	0.0004	0.025	0.154	0.0516	0.009	0.225
7.229	0.0008	0.005	0.285	0.0220	0.016	0.322
7.234	0.0007	0.011	0.167	0.0208	0.119	0.524
7.239	0.0006	0.020	0.172	0.0169	0.290	0.636
7.244	0.0005	0.068	0.292	0.0114	0.145	0.648
7.249	0.0010	0.211	0.272	0.0133	0.128	0.642
7.254	0.0046	0.055	0.314	0.0358	0.041	0.511
7.259	0.0031	0.086	0.519	0.0421	0.005	0.270
7.263	0.0086	0.036	0.643	0.0244	0.000	0.094
7.268	0.0131	0.011	0.664	0.0220	0.001	0.083
7.273	0.0194	0.009	0.708	0.0157	0.001	0.088
7.278	0.0246	0.009	0.675	0.0151	0.001	0.091
7.283	0.0245	0.009	0.653	0.0192	0.001	0.100
7.288	0.0325	0.011	0.670	0.0168	0.001	0.104
7.293	0.0441	0.018	0.687	0.0111	0.001	0.093
7.298	0.0674	0.011	0.733	0.0089	0.001	0.100
7.303	0.0742	0.011	0.726	0.0112	0.001	0.085
7.308	0.0615	0.011	0.676	0.0173	0.001	0.079
7.313	0.0445	0.011	0.677	0.0117	0.001	0.079
7.318	0.0451	0.011	0.684	0.0105	0.001	0.081
7.323	0.0540	0.011	0.681	0.0108	0.002	0.084
7.328	0.0541	0.014	0.699	0.0143	0.002	0.080
7.333	0.0740	0.011	0.634	0.0235	0.001	0.071
7.338	0.0665	0.014	0.524	0.0224	0.001	0.071
7.343	0.0274	0.007	0.527	0.0427	0.000	0.067
7.348	0.0130	0.007	0.650	0.0245	0.000	0.058
7.353	0.0160	0.002	0.694	0.0104	0.000	0.057
7.358	0.0170	0.005	0.741	0.0156	0.000	0.057
7.363	0.0265	0.005	0.731	0.0081	0.000	0.062
7.368	0.0259	0.002	0.699	0.0129	0.000	0.074
7.373	0.0200	0.005	0.684	0.0091	0.002	0.185
7.378	0.0081	0.005	0.671	0.0176	0.006	0.295
7.383	0.0112	0.018	0.622	0.0099	0.018	0.382
7.388	0.0116	0.016	0.586	0.0114	0.046	0.428
7.393	0.0072	0.027	0.442	0.0110	0.248	0.508
7.398	0.0070	0.050	0.322	0.0115	0.489	0.564
7.403	0.0050	0.089	0.209	0.0118	0.780	0.553
7.408	0.0059	0.177	0.153	0.0108	0.899	0.549
7.413	0.0066	0.220	0.116	0.0122	0.975	0.500
7.418	0.0067	0.223	0.135	0.0106	0.979	0.478
7.423	0.0092	0.209	0.133	0.0120	0.976	0.509
7.428	0.0112	0.230	0.119	0.0124	0.975	0.526
7.433	0.0079	0.211	0.147	0.0111	0.975	0.512
7.438	0.0082	0.218	0.099	0.0124	0.978	0.538
7.443	0.0113	0.209	0.114	0.0121	0.980	0.491
7.448	0.0067	0.205	0.114	0.0113	0.984	0.478
7.453	0.0107	0.202	0.138	0.0136	0.982	0.492
7.458	0.0104	0.220	0.132	0.0124	0.988	0.484
7.463	0.0091	0.182	0.113	0.0121	0.987	0.496
7.468	0.0089	0.205	0.131	0.0106	0.984	0.486
7.473	0.0095	0.189	0.089	0.0133	0.980	0.492
7.478	0.0073	0.216	0.154	0.0143	0.984	0.485
7.483	0.0071	0.191	0.157	0.0118	0.991	0.438
7.488	0.0073	0.164	0.200	0.0129	0.980	0.427
7.493	0.0064	0.180	0.145	0.0348	0.554	0.378
7.498	0.0043	0.161	0.333	0.0489	0.109	0.282
7.503	0.0030	0.073	0.511	0.0306	0.006	0.154
7.508	0.0068	0.016	0.532	0.0477	0.002	0.125
7.513	0.0182	0.009	0.639	0.0119	0.000	0.078
7.518	0.0060	0.005	0.602	0.0310	0.000	0.071
7.523	0.0150	0.009	0.526	0.0281	0.000	0.066
7.528	0.0274	0.009	0.647	0.0202	0.000	0.062
7.533	0.0070	0.009	0.616	0.0288	0.000	0.053
7.538	0.0165	0.009	0.583	0.0179	0.000	0.052
7.543	0.0277	0.009	0.648	0.0281	0.000	0.056
7.548	0.0083	0.007	0.507	0.0228	0.000	0.055
7.553	0.0162	0.011	0.527	0.0297	0.000	0.049
7.558	0.0130	0.007	0.553	0.0483	0.000	0.051
7.563	0.0062	0.023	0.467	0.0448	0.000	0.061
7.568	0.0170	0.002	0.622	0.0416	0.000	0.054
7.573	0.0025	0.005	0.550	0.0506	0.000	0.064
7.578	0.0084	0.007	0.568	0.0493	0.000	0.064
7.583	0.0102	0.005	0.593	0.0511	0.000	0.079
7.588	0.0016	0.005	0.509	0.0428	0.000	0.109
7.593	0.0085	0.005	0.577	0.0399	0.001	0.151
7.598	0.0040	0.002	0.534	0.0379	0.002	0.201
7.603	0.0049	0.007	0.557	0.0113	0.006	0.277
7.608	0.0048	0.002	0.496	0.0123	0.031	0.391
7.613	0.0026	0.023	0.393	0.0119	0.156	0.464
7.618	0.0045	0.039	0.282	0.0111	0.322	0.534
7.623	0.0037	0.066	0.167	0.0106	0.634	0.567
7.628	0.0028	0.116	0.111	0.0123	0.837	0.575
7.633	0.0028	0.164	0.113	0.0128	0.950	0.587
7.638	0.0029	0.191	0.129	0.0115	0.972	0.602
7.643	0.0029	0.168	0.146	0.0120	0.971	0.585
7.648	0.0033	0.180	0.155	0.0113	0.970	0.567
7.653	0.0030	0.218	0.165	0.0122	0.951	0.546
7.658	0.0034	0.191	0.157	0.0127	0.965	0.537
7.663	0.0026	0.189	0.149	0.0116	0.982	0.512
7.668	0.0037	0.184	0.140	0.0128	0.980	0.550
7.673	0.0035	0.202	0.135	0.0126	0.964	0.593
7.678	0.0038	0.184	0.160	0.0127	0.955	0.574
7.683	0.0038	0.191	0.130	0.0104	0.939	0.592
7.688	0.0045	0.202	0.157	0.0105	0.916	0.617
7.693	0.0046	0.193	0.151	0.0118	0.782	0.594
7.698	0.0043	0.180	0.142	0.0115	0.839	0.536
7.702	0.0040	0.182	0.130	0.0126	0.891	0.491
7.707	0.0043	0.157	0.104	0.0157	0.872	0.475
7.712	0.0032	0.161	0.136	0.0705	0.057	0.305
7.717	0.0022	0.139	0.461	0.0418	0.005	0.176
7.722	0.0040	0.018	0.621	0.0332	0.001	0.115
7.727	0.0221	0.009	0.730	0.0171	0.001	0.087
7.732	0.0237	0.007	0.739	0.0146	0.001	0.084
7.737	0.0215	0.009	0.696	0.0159	0.001	0.086
7.742	0.0207	0.007	0.693	0.0124	0.001	0.092
7.747	0.0138	0.009	0.676	0.0216	0.001	0.098
7.752	0.0201	0.007	0.648	0.0286	0.001	0.094
7.757	0.0248	0.007	0.614	0.0217	0.001	0.117
7.762	0.0254	0.009	0.495	0.0291	0.001	0.121
7.767	0.0136	0.005	0.497	0.0343	0.000	0.095
7.772	0.0022	0.020	0.653	0.0265	0.000	0.054
7.777	0.0073	0.005	0.611	0.0113	0.000	0.117
7.782	0.0085	0.002	0.526	0.0189	0.004	0.231
7.787	0.0054	0.005	0.476	0.0225	0.007	0.253
7.792	0.0029	0.009	0.590	0.0225	0.005	0.197
7.797	0.0060	0.011	0.649	0.0192	0.002	0.134
7.802	0.0118	0.007	0.664	0.0121	0.001	0.131
7.807	0.0189	0.009	0.648	0.0184	0.001	0.105
7.812	0.0118	0.007	0.640	0.0166	0.000	0.080
7.817	0.0087	0.007	0.637	0.0237	0.000	0.077
7.822	0.0136	0.007	0.651	0.0227	0.000	0.073
7.827	0.0259	0.011	0.693	0.0220	0.001	0.080
7.832	0.0369	0.009	0.709	0.0196	0.001	0.084
7.837	0.0296	0.014	0.663	0.0079	0.001	0.089
7.842	0.0177	0.011	0.670	0.0061	0.001	0.080
7.847	0.0243	0.009	0.681	0.0138	0.001	0.081
7.852	0.0349	0.014	0.677	0.0163	0.001	0.091
7.857	0.0577	0.011	0.690	0.0086	0.001	0.101
7.862	0.0553	0.009	0.674	0.0110	0.001	0.104
7.867	0.0265	0.011	0.660	0.0156	0.001	0.108
7.872	0.0272	0.011	0.665	0.0199	0.001	0.098
7.877	0.0371	0.011	0.651	0.0146	0.001	0.098
7.882	0.0659	0.011	0.527	0.0217	0.002	0.131
7.887	0.0449	0.009	0.301	0.0440	0.003	0.166
7.892	0.0153	0.018	0.340	0.0414	0.000	0.063
7.897	0.0104	0.007	0.383	0.0306	0.000	0.044
7.902	0.0078	0.002	0.412	0.0342	0.000	0.051
7.907	0.0050	0.011	0.589	0.0384	0.000	0.056
7.912	0.0060	0.011	0.563	0.0346	0.000	0.068
7.917	0.0030	0.009	0.596	0.0295	0.000	0.063
7.922	0.0019	0.011	0.542	0.0159	0.000	0.073
7.927	0.0023	0.011	0.508	0.0206	0.000	0.085
7.932	0.0022	0.011	0.384	0.0202	0.000	0.109
7.937	0.0014	0.009	0.385	0.0175	0.028	0.356
7.942	0.0009	0.011	0.365	0.0079	0.174	0.641
7.947	0.0013	0.030	0.352	0.0097	0.271	0.697
7.952	0.0015	0.064	0.173	0.0171	0.660	0.630
7.957	0.0017	0.132	0.133	0.0122	0.870	0.547
7.962	0.0019	0.139	0.209	0.0117	0.974	0.478
7.967	0.0065	0.195	0.221	0.0112	0.975	0.479
7.972	0.0104	0.195	0.239	0.0242	0.620	0.441
7.977	0.0125	0.164	0.391	0.0348	0.170	0.336
7.982	0.0114	0.064	0.570	0.0277	0.027	0.185
7.987	0.0231	0.027	0.681	0.0183	0.008	0.130
7.992	0.0341	0.023	0.714	0.0096	0.003	0.100
7.997	0.0477	0.018	0.733	0.0088	0.004	0.099
8.002	0.0562	0.018	0.730	0.0115	0.006	0.101
8.007	0.0648	0.018	0.653	0.0125	0.008	0.113
8.012	0.0716	0.014	0.609	0.0126	0.017	0.117
8.017	0.0684	0.009	0.575	0.0153	0.019	0.127
8.022	0.0703	0.018	0.522	0.0205	0.025	0.206
8.027	0.0322	0.023	0.477	0.0180	0.048	0.252
8.032	0.0259	0.018	0.443	0.0107	0.114	0.303
8.037	0.0329	0.034	0.398	0.0106	0.181	0.349
8.042	0.0241	0.027	0.191	0.0134	0.409	0.416
8.047	0.0217	0.070	0.147	0.0124	0.501	0.415
8.052	0.0196	0.089	0.166	0.0135	0.652	0.440
8.057	0.0162	0.095	0.163	0.0119	0.676	0.444
8.062	0.0259	0.116	0.132	0.0125	0.540	0.451
8.067	0.0230	0.116	0.105	0.0111	0.537	0.465
8.072	0.0186	0.111	0.100	0.0162	0.352	0.432
8.077	0.0122	0.093	0.148	0.0185	0.257	0.399
8.082	0.0080	0.098	0.166	0.0155	0.285	0.368
8.087	0.0065	0.086	0.234	0.0196	0.178	0.294
8.092	0.0062	0.068	0.287	0.0158	0.151	0.266
8.097	0.0081	0.057	0.285	0.0159	0.219	0.294
8.102	0.0080	0.061	0.177	0.0171	0.309	0.321
8.107	0.0061	0.077	0.205	0.0191	0.262	0.328
8.112	0.0051	0.077	0.293	0.0154	0.179	0.336
8.117	0.0053	0.075	0.276	0.0148	0.253	0.341
8.122	0.0052	0.080	0.242	0.0141	0.502	0.327
8.127	0.0043	0.100	0.208	0.0172	0.474	0.319
8.132	0.0054	0.095	0.200	0.0175	0.343	0.276
8.137	0.0037	0.100	0.181	0.0187	0.243	0.267
8.141	0.0046	0.077	0.170	0.0204	0.196	0.258
8.146	0.0044	0.066	0.116	0.0324	0.187	0.266
8.151	0.0029	0.068	0.294	0.0365	0.029	0.207
8.156	0.0029	0.057	0.478	0.0154	0.014	0.155
8.161	0.0065	0.018	0.576	0.0183	0.008	0.134
8.166	0.0277	0.014	0.671	0.0176	0.006	0.122
8.171	0.0427	0.016	0.677	0.0224	0.003	0.108
8.176	0.0677	0.014	0.682	0.0264	0.001	0.103
8.181	0.0922	0.014	0.704	0.0190	0.001	0.104
8.186	0.1119	0.011	0.722	0.0203	0.001	0.098
8.191	0.1542	0.014	0.740	0.0228	0.001	0.088
8.196	0.1389	0.016	0.746	0.0246	0.001	0.085
8.201	0.1416	0.009	0.761	0.0139	0.001	0.081
8.206	0.1009	0.011	0.768	0.0108	0.001	0.083
8.211	0.1196	0.020	0.783	0.0168	0.001	0.079
8.216	0.1254	0.011	0.780	0.0097	0.001	0.075
8.221	0.1346	0.011	0.756	0.0090	0.003	0.098
8.226	0.1151	0.009	0.727	0.0126	0.005	0.124
8.231	0.0855	0.011	0.719	0.0124	0.007	0.128
8.236	0.0729	0.011	0.731	0.0114	0.008	0.115
8.241	0.0805	0.009	0.656	0.0148	0.022	0.121
8.246	0.0953	0.011	0.409	0.0199	0.033	0.132
8.251	0.1187	0.009	0.559	0.0133	0.034	0.149
8.256	0.1348	0.023	0.683	0.0132	0.032	0.180
8.261	0.1812	0.014	0.571	0.0168	0.026	0.195
8.266	0.1451	0.023	0.508	0.0226	0.025	0.233
8.271	0.1167	0.027	0.521	0.0178	0.033	0.262
8.276	0.0966	0.016	0.429	0.0145	0.035	0.256
8.281	0.0638	0.018	0.166	0.0347	0.023	0.212
8.286	0.0189	0.025	0.230	0.0243	0.064	0.223
8.291	0.0079	0.043	0.312	0.0161	0.104	0.233
8.296	0.0104	0.048	0.405	0.0155	0.112	0.237
8.301	0.0104	0.045	0.408	0.0176	0.081	0.249
8.306	0.0082	0.043	0.431	0.0127	0.091	0.245
8.311	0.0066	0.050	0.407	0.0185	0.105	0.239
8.316	0.0049	0.057	0.463	0.0181	0.060	0.243
8.321	0.0083	0.030	0.391	0.0169	0.056	0.249
8.326	0.0059	0.039	0.331	0.0202	0.057	0.265
8.331	0.0038	0.055	0.314	0.0143	0.064	0.284
8.336	0.0055	0.059	0.274	0.0171	0.080	0.313
8.341	0.0040	0.050	0.377	0.0206	0.069	0.318
8.346	0.0033	0.052	0.505	0.0153	0.052	0.319
8.351	0.0039	0.036	0.534	0.0153	0.036	0.294
8.356	0.0033	0.045	0.409	0.0227	0.031	0.273
8.361	0.0028	0.036	0.441	0.0205	0.014	0.196
8.366	0.0015	0.034	0.418	0.0267	0.005	0.131
8.371	0.0018	0.016	0.270	0.0321	0.011	0.148
8.376	0.0007	0.020	0.281	0.0186	0.030	0.196
8.381	0.0011	0.036	0.219	0.0196	0.084	0.261
8.386	0.0045	0.050	0.191	0.0261	0.060	0.269
8.391	0.0050	0.066	0.497	0.0261	0.018	0.235
8.396	0.0078	0.055	0.541	0.0155	0.018	0.226
8.401	0.0264	0.018	0.583	0.0147	0.033	0.231
8.406	0.0313	0.016	0.578	0.0125	0.033	0.239
8.411	0.0278	0.030	0.589	0.0142	0.032	0.252
8.416	0.0357	0.018	0.553	0.0168	0.042	0.254
8.421	0.0391	0.016	0.512	0.0121	0.049	0.281
8.426	0.0425	0.041	0.449	0.0172	0.051	0.290
8.431	0.0282	0.041	0.452	0.0230	0.063	0.307
8.436	0.0207	0.043	0.445	0.0141	0.059	0.309
8.441	0.0362	0.052	0.410	0.0163	0.080	0.314
8.446	0.0363	0.041	0.355	0.0128	0.092	0.314
8.451	0.0327	0.059	0.386	0.0165	0.072	0.323
8.456	0.0365	0.050	0.391	0.0184	0.051	0.307
8.461	0.0325	0.043	0.383	0.0123	0.068	0.318
8.466	0.0489	0.045	0.422	0.0246	0.098	0.327
8.471	0.0343	0.050	0.423	0.0109	0.085	0.322
8.476	0.0519	0.075	0.386	0.0142	0.085	0.317
8.481	0.0422	0.057	0.388	0.0256	0.059	0.320
8.486	0.0382	0.075	0.444	0.0141	0.054	0.320
8.491	0.0549	0.034	0.498	0.0154	0.049	0.318
8.496	0.0523	0.043	0.454	0.0134	0.054	0.330
8.501	0.0471	0.027	0.464	0.0128	0.071	0.349
8.506	0.0425	0.055	0.451	0.0169	0.054	0.335
8.511	0.0352	0.057	0.518	0.0145	0.059	0.334
8.516	0.0528	0.048	0.552	0.0230	0.055	0.321
8.521	0.0385	0.039	0.545	0.0137	0.065	0.310
8.526	0.0468	0.020	0.485	0.0131	0.086	0.313
8.531	0.0494	0.043	0.502	0.0253	0.059	0.286
8.536	0.0326	0.061	0.530	0.0135	0.050	0.265
8.541	0.0543	0.030	0.548	0.0142	0.075	0.260
8.546	0.0571	0.045	0.562	0.0241	0.071	0.250
8.551	0.0346	0.043	0.733	0.0187	0.052	0.213
8.556	0.0470	0.016	0.547	0.0123	0.052	0.234
8.561	0.0853	0.025	0.422	0.0295	0.049	0.240
8.566	0.0604	0.039	0.408	0.0357	0.016	0.195
8.571	0.0362	0.032	0.503	0.0259	0.009	0.180
8.576	0.0935	0.011	0.630	0.0337	0.008	0.155
8.580	0.0400	0.011	0.773	0.0246	0.005	0.128
8.585	0.0557	0.009	0.825	0.0254	0.002	0.103
8.590	0.0967	0.007	0.853	0.0197	0.001	0.081
8.595	0.1097	0.009	0.758	0.0188	0.002	0.069
8.600	0.1090	0.007	0.577	0.0169	0.006	0.109
8.605	0.0376	0.011	0.490	0.0491	0.005	0.113
8.610	0.0154	0.007	0.693	0.0180	0.002	0.115
8.615	0.0126	0.009	0.644	0.0274	0.003	0.106
8.620	0.0092	0.007	0.526	0.0378	0.003	0.111
8.625	0.0018	0.009	0.757	0.0210	0.003	0.108
8.630	0.0034	0.007	0.682	0.0318	0.002	0.113
8.635	0.0034	0.007	0.544	0.0269	0.002	0.102
8.640	0.0019	0.014	0.524	0.0190	0.003	0.119
8.645	0.0037	0.007	0.397	0.0202	0.005	0.132
8.650	0.0017	0.011	0.598	0.0456	0.003	0.132
8.655	0.0007	0.023	0.667	0.0266	0.002	0.117
8.660	0.0019	0.011	0.715	0.0230	0.003	0.133
8.665	0.0035	0.007	0.652	0.0126	0.009	0.171
8.670	0.0019	0.007	0.100	0.0557	0.026	0.199
8.675	0.0020	0.014	0.363	0.0475	0.003	0.117
8.680	0.0017	0.036	0.537	0.0211	0.003	0.100
8.685	0.0053	0.005	0.646	0.0240	0.004	0.115
8.690	0.0168	0.007	0.714	0.0135	0.003	0.112
8.695	0.0195	0.009	0.709	0.0144	0.002	0.109
8.700	0.0202	0.014	0.713	0.0139	0.002	0.060
8.705	0.0301	0.009	0.719	0.0150	0.001	0.029
8.710	0.0515	0.018	0.736	0.0103	0.001	0.022
8.715	0.0669	0.016	0.720	0.0134	0.001	0.024
8.720	0.0695	0.018	0.742	0.0154	0.001	0.024
8.725	0.0848	0.014	0.770	0.0112	0.000	0.023
8.730	0.0870	0.014	0.762	0.0113	0.000	0.023
8.735	0.0711	0.016	0.770	0.0117	0.000	0.029
8.740	0.0767	0.018	0.773	0.0126	0.000	0.035
8.745	0.1052	0.025	0.773	0.0071	0.000	0.028
8.750	0.1165	0.020	0.779	0.0078	0.000	0.013
8.755	0.1385	0.018	0.766	0.0094	0.000	0.013
8.760	0.1188	0.020	0.773	0.0087	0.000	0.014
8.765	0.1301	0.014	0.761	0.0137	0.000	0.015
8.770	0.0972	0.016	0.735	0.0168	0.000	0.013
8.775	0.0953	0.009	0.752	0.0168	0.000	0.011
8.780	0.1114	0.011	0.753	0.0120	0.000	0.014
8.785	0.1182	0.009	0.736	0.0190	0.000	0.014
8.790	0.1106	0.011	0.718	0.0220	0.000	0.012
8.795	0.1308	0.009	0.717	0.0244	0.000	0.012
8.800	0.1185	0.009	0.735	0.0079	0.000	0.015
8.805	0.1016	0.009	0.746	0.0099	0.000	0.014
8.810	0.0932	0.009	0.737	0.0127	0.000	0.013
8.815	0.0873	0.009	0.730	0.0072	0.000	0.013
8.820	0.0771	0.009	0.728	0.0060	0.000	0.014
8.825	0.0694	0.009	0.725	0.0082	0.000	0.013
8.830	0.0620	0.009	0.747	0.0133	0.000	0.014
8.835	0.0595	0.009	0.757	0.0106	0.000	0.017
8.840	0.0569	0.009	0.728	0.0156	0.000	0.022
8.845	0.0437	0.007	0.761	0.0257	0.000	0.026
8.850	0.0291	0.009	0.600	0.0291	0.000	0.051
8.855	0.0189	0.009	0.542	0.0502	0.001	0.061
8.860	0.0129	0.007	0.473	0.0330	0.000	0.058
8.865	0.0142	0.011	0.527	0.0500	0.000	0.060
8.870	0.0064	0.014	0.583	0.0472	0.000	0.050
8.875	0.0096	0.007	0.520	0.0263	0.000	0.076
8.880	0.0131	0.009	0.503	0.0303	0.000	0.098
8.885	0.0071	0.016	0.515	0.0310	0.000	0.077
8.890	0.0052	0.007	0.607	0.0399	0.001	0.088
8.895	0.0033	0.020	0.484	0.0368	0.001	0.078
8.900	0.0037	0.007	0.475	0.0153	0.001	0.120
8.905	0.0063	0.009	0.461	0.0349	0.002	0.124
8.910	0.0027	0.025	0.612	0.0220	0.001	0.074
8.915	0.0031	0.016	0.712	0.0284	0.001	0.068
8.920	0.0035	0.014	0.619	0.0351	0.001	0.092
8.925	0.0063	0.007	0.530	0.0219	0.001	0.126
8.930	0.0072	0.009	0.629	0.0193	0.002	0.133
8.935	0.0075	0.009	0.680	0.0237	0.003	0.104
8.940	0.0048	0.020	0.695	0.0177	0.005	0.123
8.945	0.0066	0.018	0.744	0.0111	0.003	0.119
8.950	0.0098	0.014	0.727	0.0125	0.001	0.096
8.955	0.0118	0.005	0.727	0.0132	0.002	0.114
8.960	0.0149	0.014	0.731	0.0111	0.002	0.124
8.965	0.0203	0.005	0.714	0.0135	0.003	0.125
8.970	0.0265	0.005	0.721	0.0137	0.003	0.111
8.975	0.0301	0.009	0.723	0.0112	0.002	0.106
8.980	0.0332	0.005	0.735	0.0086	0.001	0.100
8.985	0.0368	0.005	0.733	0.0112	0.001	0.092
8.990	0.0405	0.009	0.733	0.0083	0.001	0.087
8.995	0.0438	0.014	0.735	0.0088	0.001	0.081
9.000	0.0484	0.014	0.736	0.0082	0.001	0.084
9.005	0.0527	0.009	0.751	0.0069	0.000	0.078
9.010	0.0582	0.009	0.761	0.0056	0.000	0.077
9.015	0.0638	0.009	0.761	0.0035	0.000	0.075
9.020	0.0656	0.009	0.750	0.0056	0.000	0.070
9.024	0.0628	0.009	0.733	0.0065	0.000	0.074
9.029	0.0567	0.009	0.707	0.0105	0.000	0.084
9.034	0.0487	0.009	0.685	0.0149	0.000	0.088
9.039	0.0400	0.009	0.616	0.0191	0.001	0.124
9.044	0.0269	0.009	0.533	0.0152	0.006	0.195
9.049	0.0125	0.009	0.532	0.0206	0.008	0.208
9.054	0.0092	0.036	0.634	0.0288	0.002	0.188
9.059	0.0124	0.016	0.498	0.0445	0.000	0.116
9.064	0.0118	0.009	0.413	0.0558	0.000	0.059
9.069	0.0087	0.005	0.350	0.0291	0.000	0.075
9.074	0.0029	0.002	0.410	0.0331	0.000	0.075
9.079	0.0027	0.002	0.286	0.0299	0.000	0.088
9.084	0.0020	0.005	0.496	0.0319	0.000	0.096
9.089	0.0015	0.009	0.691	0.0201	0.000	0.094
9.094	0.0013	0.009	0.653	0.0117	0.000	0.112
9.099	0.0012	0.009	0.557	0.0382	0.000	0.105
9.104	0.0008	0.018	0.544	0.0375	0.000	0.089
9.109	0.0008	0.005	0.628	0.0183	0.000	0.088
9.114	0.0010	0.011	0.619	0.0236	0.000	0.130
9.119	0.0007	0.005	0.226	0.0112	0.001	0.169
9.124	0.0006	0.009	0.206	0.0386	0.061	0.299
9.129	0.0008	0.005	0.159	0.0087	0.166	0.415
9.134	0.0010	0.014	0.164	0.0073	0.252	0.474
9.139	0.0155	0.082	0.205	0.0138	0.379	0.577
9.144	0.0102	0.123	0.160	0.0103	0.382	0.519
9.149	0.0072	0.105	0.257	0.0158	0.310	0.507
9.154	0.0237	0.095	0.355	0.0457	0.109	0.424
9.159	0.0073	0.093	0.626	0.0203	0.023	0.233
9.164	0.0146	0.027	0.715	0.0164	0.016	0.178
9.169	0.0323	0.016	0.746	0.0110	0.016	0.152
9.174	0.0415	0.018	0.771	0.0103	0.020	0.139
9.179	0.0529	0.009	0.762	0.0105	0.021	0.122
9.184	0.0706	0.014	0.770	0.0097	0.020	0.114
9.189	0.0721	0.020	0.771	0.0114	0.015	0.104
9.194	0.0727	0.014	0.780	0.0097	0.012	0.099
9.199	0.0453	0.016	0.744	0.0124	0.006	0.106
9.204	0.0511	0.023	0.656	0.0145	0.003	0.128
9.209	0.0522	0.014	0.519	0.0375	0.001	0.172
9.214	0.0440	0.018	0.575	0.0619	0.001	0.153
9.219	0.0225	0.005	0.682	0.0233	0.000	0.080
9.224	0.0188	0.005	0.657	0.0119	0.000	0.052
9.229	0.0196	0.009	0.587	0.0114	0.000	0.048
9.234	0.0124	0.005	0.575	0.0195	0.000	0.047
9.239	0.0108	0.009	0.636	0.0220	0.000	0.045
9.244	0.0082	0.007	0.696	0.0282	0.000	0.041
9.249	0.0051	0.005	0.686	0.0222	0.000	0.042
9.254	0.0046	0.005	0.696	0.0150	0.000	0.046
9.259	0.0042	0.005	0.719	0.0107	0.000	0.044
9.264	0.0035	0.007	0.742	0.0233	0.000	0.040
9.269	0.0038	0.005	0.796	0.0279	0.000	0.036
9.274	0.0040	0.011	0.816	0.0135	0.000	0.038
9.279	0.0044	0.005	0.789	0.0132	0.000	0.059
9.284	0.0039	0.005	0.713	0.0170	0.001	0.101
9.289	0.0043	0.005	0.668	0.0190	0.017	0.173
9.294	0.0032	0.007	0.691	0.0102	0.045	0.200
9.299	0.0022	0.036	0.407	0.0171	0.110	0.267
9.304	0.0018	0.016	0.307	0.0115	0.248	0.357
9.309	0.0012	0.064	0.433	0.0425	0.062	0.388
9.314	0.0021	0.100	0.513	0.0327	0.015	0.327
9.319	0.0068	0.016	0.547	0.0368	0.006	0.245
9.324	0.0147	0.018	0.584	0.0237	0.004	0.173
9.329	0.0272	0.014	0.725	0.0157	0.001	0.095
9.334	0.0506	0.014	0.750	0.0124	0.001	0.087
9.339	0.0680	0.016	0.779	0.0140	0.001	0.090
9.344	0.0954	0.009	0.791	0.0093	0.001	0.096
9.349	0.0704	0.011	0.764	0.0127	0.002	0.100
9.354	0.0731	0.009	0.758	0.0115	0.002	0.097
9.359	0.0803	0.016	0.749	0.0131	0.002	0.093
9.364	0.0891	0.020	0.729	0.0139	0.002	0.096
9.369	0.0947	0.016	0.749	0.0179	0.003	0.095
9.374	0.0876	0.009	0.781	0.0102	0.003	0.094
9.379	0.0592	0.014	0.739	0.0103	0.005	0.110
9.384	0.0352	0.025	0.740	0.0116	0.005	0.108
9.389	0.0417	0.023	0.743	0.0106	0.005	0.105
9.394	0.0439	0.027	0.744	0.0126	0.004	0.099
9.399	0.0484	0.014	0.778	0.0127	0.004	0.089
9.404	0.0584	0.009	0.762	0.0077	0.005	0.100
9.409	0.0514	0.009	0.751	0.0116	0.006	0.102
9.414	0.0464	0.011	0.751	0.0093	0.006	0.097
9.419	0.0411	0.014	0.736	0.0136	0.005	0.098
9.424	0.0262	0.018	0.747	0.0089	0.003	0.085
9.429	0.0233	0.016	0.742	0.0134	0.002	0.084
9.434	0.0333	0.014	0.767	0.0164	0.001	0.081
9.439	0.0583	0.011	0.688	0.0156	0.001	0.089
9.444	0.0620	0.009	0.530	0.0255	0.001	0.104
9.449	0.0524	0.007	0.517	0.0455	0.002	0.078
9.454	0.0195	0.009	0.733	0.0199	0.002	0.059
9.459	0.0335	0.005	0.690	0.0156	0.002	0.070
9.463	0.0345	0.009	0.700	0.0179	0.002	0.069
9.468	0.0388	0.014	0.764	0.0102	0.002	0.053
9.473	0.0471	0.014	0.755	0.0087	0.002	0.048
9.478	0.0506	0.014	0.762	0.0085	0.002	0.048
9.483	0.0494	0.009	0.769	0.0071	0.001	0.046
9.488	0.0508	0.011	0.764	0.0135	0.001	0.054
9.493	0.0544	0.009	0.741	0.0108	0.001	0.062
9.498	0.0514	0.009	0.551	0.0230	0.001	0.094
9.503	0.0476	0.009	0.570	0.0290	0.001	0.106
9.508	0.0449	0.009	0.669	0.0170	0.002	0.096
9.513	0.0368	0.011	0.694	0.0184	0.003	0.104
9.518	0.0860	0.009	0.728	0.0121	0.003	0.114
9.523	0.0765	0.016	0.750	0.0096	0.004	0.121
9.528	0.0745	0.018	0.744	0.0100	0.006	0.120
9.533	0.0760	0.014	0.746	0.0057	0.007	0.111
9.538	0.0699	0.011	0.735	0.0101	0.008	0.129
9.543	0.0722	0.014	0.746	0.0073	0.008	0.123
9.548	0.0890	0.014	0.753	0.0126	0.009	0.112
9.553	0.0985	0.014	0.738	0.0083	0.009	0.102
9.558	0.1070	0.009	0.744	0.0114	0.006	0.098
9.563	0.1083	0.009	0.739	0.0131	0.004	0.097
9.568	0.1074	0.016	0.724	0.0167	0.004	0.100
9.573	0.0949	0.014	0.700	0.0153	0.004	0.104
9.578	0.0857	0.018	0.698	0.0107	0.005	0.106
9.583	0.0579	0.014	0.629	0.0134	0.005	0.114
9.588	0.0535	0.018	0.442	0.0175	0.006	0.148
9.593	0.0388	0.018	0.423	0.0298	0.006	0.195
9.598	0.0212	0.014	0.511	0.0159	0.005	0.235
9.603	0.0124	0.018	0.570	0.0241	0.003	0.190
9.608	0.0133	0.005	0.526	0.0147	0.008	0.230
9.613	0.0124	0.011	0.421	0.0263	0.015	0.276
9.618	0.0073	0.016	0.561	0.0269	0.003	0.171
9.623	0.0057	0.014	0.662	0.0187	0.001	0.079
9.628	0.0041	0.018	0.678	0.0170	0.001	0.077
9.633	0.0028	0.025	0.057	0.0357	0.142	0.334
9.638	0.0026	0.025	0.206	0.0072	0.347	0.432
9.643	0.0025	0.025	0.210	0.0068	0.423	0.478
9.648	0.0242	0.130	0.223	0.0118	0.520	0.516
9.653	0.0173	0.130	0.196	0.0153	0.444	0.527
9.658	0.0083	0.148	0.133	0.0115	0.509	0.540
9.663	0.0073	0.127	0.165	0.0185	0.433	0.512
9.668	0.0053	0.155	0.399	0.0311	0.074	0.327
9.673	0.0049	0.093	0.542	0.0242	0.016	0.189
9.678	0.0054	0.039	0.612	0.0201	0.004	0.115
9.683	0.0102	0.023	0.689	0.0243	0.004	0.108
9.688	0.0200	0.011	0.705	0.0123	0.004	0.126
9.693	0.0264	0.011	0.650	0.0133	0.006	0.134
9.698	0.0309	0.014	0.639	0.0160	0.014	0.146
9.703	0.0253	0.016	0.658	0.0184	0.010	0.145
9.708	0.0320	0.025	0.662	0.0183	0.005	0.113
9.713	0.0449	0.018	0.680	0.0145	0.004	0.100
9.718	0.0586	0.018	0.707	0.0113	0.003	0.095
9.723	0.0723	0.020	0.713	0.0131	0.002	0.103
9.728	0.0872	0.018	0.612	0.0180	0.001	0.102
9.733	0.0957	0.018	0.463	0.0249	0.001	0.103
9.738	0.0814	0.018	0.429	0.0338	0.002	0.079
9.743	0.0404	0.016	0.599	0.0338	0.001	0.052
9.748	0.0281	0.011	0.708	0.0102	0.001	0.058
9.753	0.0218	0.009	0.740	0.0089	0.001	0.056
9.758	0.0235	0.009	0.719	0.0130	0.001	0.052
9.763	0.0248	0.014	0.732	0.0135	0.000	0.053
9.768	0.0250	0.009	0.751	0.0053	0.000	0.061
9.773	0.0252	0.009	0.741	0.0059	0.001	0.064
9.778	0.0238	0.009	0.737	0.0121	0.001	0.064
9.783	0.0240	0.009	0.745	0.0093	0.001	0.062
9.788	0.0252	0.009	0.758	0.0060	0.001	0.064
9.793	0.0259	0.009	0.739	0.0068	0.001	0.071
9.798	0.0239	0.005	0.740	0.0151	0.001	0.075
9.803	0.0230	0.005	0.644	0.0097	0.001	0.089
9.808	0.0219	0.009	0.541	0.0302	0.002	0.108
9.813	0.0234	0.005	0.599	0.0343	0.001	0.093
9.818	0.0419	0.009	0.714	0.0201	0.001	0.071
9.823	0.0820	0.009	0.752	0.0219	0.000	0.063
9.828	0.1166	0.009	0.790	0.0110	0.000	0.062
9.833	0.1179	0.011	0.791	0.0098	0.000	0.056
9.838	0.1276	0.009	0.778	0.0087	0.000	0.059
9.843	0.1156	0.011	0.777	0.0052	0.000	0.060
9.848	0.1113	0.009	0.769	0.0056	0.000	0.057
9.853	0.1048	0.011	0.773	0.0049	0.000	0.052
9.858	0.1343	0.009	0.773	0.0086	0.000	0.060
9.863	0.1354	0.011	0.771	0.0068	0.000	0.055
9.868	0.1528	0.009	0.780	0.0118	0.000	0.052
9.873	0.1416	0.011	0.781	0.0086	0.000	0.050
9.878	0.1381	0.009	0.775	0.0135	0.000	0.051
9.883	0.0990	0.011	0.778	0.0059	0.000	0.051
9.888	0.0986	0.009	0.771	0.0083	0.000	0.047
9.893	0.1039	0.011	0.769	0.0056	0.000	0.044
9.898	0.1150	0.009	0.780	0.0075	0.000	0.043
9.902	0.1207	0.011	0.775	0.0025	0.000	0.046
9.907	0.1238	0.009	0.778	0.0128	0.000	0.047
9.912	0.1024	0.011	0.783	0.0108	0.000	0.041
9.917	0.0978	0.009	0.770	0.0050	0.000	0.037
9.922	0.0646	0.011	0.766	0.0179	0.000	0.038
9.927	0.0637	0.009	0.753	0.0112	0.000	0.045
9.932	0.0620	0.009	0.749	0.0097	0.000	0.047
9.937	0.0714	0.011	0.750	0.0086	0.000	0.064
9.942	0.0664	0.009	0.740	0.0131	0.000	0.068
9.947	0.0641	0.011	0.737	0.0125	0.000	0.083
9.952	0.0684	0.009	0.724	0.0131	0.000	0.102
9.957	0.0617	0.009	0.733	0.0082	0.001	0.119
9.962	0.0531	0.009	0.720	0.0096	0.001	0.130
9.967	0.0474	0.009	0.715	0.0134	0.001	0.133
9.972	0.0452	0.009	0.703	0.0145	0.001	0.140
9.977	0.0444	0.009	0.711	0.0093	0.001	0.147
9.982	0.0405	0.009	0.732	0.0142	0.001	0.148
9.987	0.0402	0.009	0.727	0.0099	0.001	0.135
9.992	0.0377	0.014	0.725	0.0119	0.001	0.146
9.997	0.0289	0.007	0.699	0.0153	0.001	0.160
10.002	0.0217	0.007	0.691	0.0147	0.001	0.159
10.007	0.0125	0.005	0.711	0.0098	0.001	0.168
10.012	0.0118	0.009	0.666	0.0107	0.001	0.173
10.017	0.0139	0.002	0.686	0.0084	0.001	0.194
10.022	0.0197	0.018	0.723	0.0051	0.002	0.212
10.027	0.0274	0.005	0.718	0.0073	0.002	0.234
10.032	0.0331	0.002	0.721	0.0087	0.002	0.230
10.037	0.0339	0.009	0.725	0.0163	0.001	0.175
10.042	0.0248	0.007	0.712	0.0086	0.001	0.187
10.047	0.0182	0.011	0.725	0.0094	0.002	0.196
10.052	0.0145	0.009	0.678	0.0084	0.002	0.221
10.057	0.0128	0.009	0.665	0.0206	0.003	0.243
10.062	0.0141	0.002	0.696	0.0105	0.003	0.243
10.067	0.0206	0.014	0.684	0.0104	0.002	0.218
10.072	0.0325	0.014	0.712	0.0118	0.002	0.215
10.077	0.0373	0.002	0.708	0.0122	0.002	0.202
10.082	0.0419	0.018	0.700	0.0208	0.001	0.172
10.087	0.0390	0.009	0.717	0.0159	0.000	0.105
10.092	0.0346	0.007	0.713	0.0088	0.000	0.086
10.097	0.0364	0.009	0.704	0.0168	0.000	0.073
10.102	0.0406	0.007	0.714	0.0189	0.000	0.067
10.107	0.0426	0.009	0.746	0.0139	0.000	0.062
10.112	0.0466	0.009	0.751	0.0091	0.000	0.052
10.117	0.0534	0.009	0.738	0.0141	0.000	0.048
10.122	0.0536	0.011	0.750	0.0140	0.000	0.049
10.127	0.0529	0.009	0.751	0.0078	0.000	0.047
10.132	0.0574	0.011	0.752	0.0104	0.000	0.048
10.137	0.0658	0.009	0.754	0.0068	0.000	0.053
10.142	0.0779	0.009	0.756	0.0089	0.000	0.056
10.147	0.0855	0.009	0.775	0.0067	0.000	0.069
10.152	0.0802	0.011	0.765	0.0061	0.000	0.065
10.157	0.0801	0.009	0.773	0.0253	0.000	0.062
10.162	0.0794	0.009	0.779	0.0093	0.000	0.067
10.167	0.0693	0.009	0.762	0.0106	0.000	0.073
10.172	0.0501	0.011	0.762	0.0168	0.000	0.070
10.177	0.0483	0.009	0.757	0.0123	0.000	0.078
10.182	0.0517	0.009	0.760	0.0100	0.000	0.080
10.187	0.0665	0.011	0.751	0.0119	0.000	0.067
10.192	0.0765	0.009	0.754	0.0117	0.000	0.062
10.197	0.0810	0.009	0.765	0.0124	0.000	0.065
10.202	0.0982	0.011	0.751	0.0113	0.000	0.063
10.207	0.1070	0.009	0.779	0.0139	0.000	0.065
10.212	0.1009	0.009	0.772	0.0125	0.000	0.063
10.217	0.0885	0.011	0.782	0.0197	0.001	0.066
10.222	0.0871	0.009	0.781	0.0126	0.001	0.070
10.227	0.0792	0.009	0.767	0.0083	0.001	0.073
10.232	0.0496	0.009	0.776	0.0150	0.001	0.072
10.237	0.0341	0.009	0.751	0.0075	0.001	0.079
10.242	0.0312	0.011	0.767	0.0108	0.001	0.087
10.247	0.0285	0.009	0.743	0.0092	0.002	0.088
10.252	0.0327	0.009	0.741	0.0117	0.002	0.090
10.257	0.0346	0.009	0.735	0.0110	0.002	0.112
10.262	0.0368	0.009	0.737	0.0084	0.002	0.129
10.267	0.0401	0.011	0.721	0.0113	0.002	0.134
10.272	0.0389	0.016	0.728	0.0118	0.002	0.128
10.277	0.0355	0.005	0.745	0.0077	0.002	0.136
10.282	0.0349	0.005	0.742	0.0078	0.001	0.134
10.287	0.0327	0.005	0.746	0.0129	0.001	0.133
10.292	0.0310	0.005	0.739	0.0162	0.001	0.131
10.297	0.0284	0.005	0.694	0.0197	0.001	0.183
10.302	0.0241	0.005	0.646	0.0145	0.002	0.243
10.307	0.0196	0.005	0.640	0.0268	0.005	0.329
10.312	0.0160	0.002	0.623	0.0092	0.009	0.391
10.317	0.0104	0.018	0.662	0.0114	0.016	0.437
10.322	0.0135	0.009	0.672	0.0139	0.032	0.517
10.327	0.0188	0.025	0.556	0.0139	0.101	0.581
10.332	0.0127	0.036	0.417	0.0107	0.244	0.594
10.337	0.0080	0.073	0.323	0.0097	0.447	0.666
10.341	0.0094	0.145	0.257	0.0108	0.500	0.671
10.346	0.0061	0.166	0.152	0.0102	0.776	0.679
10.351	0.0074	0.170	0.095	0.0104	0.877	0.711
10.356	0.0076	0.241	0.136	0.0108	0.886	0.690
10.361	0.0077	0.239	0.121	0.0115	0.893	0.682
10.366	0.0107	0.236	0.100	0.0103	0.932	0.656
10.371	0.0095	0.243	0.104	0.0087	0.923	0.700
10.376	0.0119	0.227	0.128	0.0117	0.892	0.759
10.381	0.0097	0.255	0.146	0.0120	0.918	0.713
10.386	0.0088	0.248	0.114	0.0097	0.902	0.726
10.391	0.0116	0.250	0.089	0.0126	0.879	0.717
10.396	0.0084	0.234	0.125	0.0100	0.882	0.726
10.401	0.0083	0.225	0.106	0.0094	0.892	0.730
10.406	0.0110	0.245	0.123	0.0100	0.840	0.707
10.411	0.0149	0.261	0.111	0.0089	0.793	0.722
10.416	0.0139	0.227	0.080	0.0108	0.706	0.720
10.421	0.0092	0.205	0.180	0.0160	0.534	0.670
10.426	0.0071	0.198	0.235	0.0428	0.049	0.449
10.431	0.0058	0.093	0.538	0.0362	0.005	0.216
10.436	0.0122	0.014	0.685	0.0244	0.001	0.113
10.441	0.0277	0.007	0.728	0.0129	0.001	0.093
10.446	0.0315	0.011	0.727	0.0130	0.001	0.079
10.451	0.0350	0.009	0.697	0.0147	0.000	0.067
10.456	0.0378	0.009	0.715	0.0061	0.000	0.060
10.461	0.0381	0.007	0.698	0.0074	0.000	0.066
10.466	0.0380	0.009	0.675	0.0122	0.000	0.068
10.471	0.0380	0.009	0.705	0.0199	0.000	0.086
10.476	0.0629	0.007	0.694	0.0136	0.001	0.149
10.481	0.0573	0.009	0.684	0.0095	0.002	0.201
10.486	0.0489	0.009	0.642	0.0164	0.003	0.245
10.491	0.0266	0.005	0.591	0.0211	0.003	0.278
10.496	0.0151	0.005	0.594	0.0323	0.003	0.263
10.501	0.0097	0.002	0.621	0.0431	0.001	0.196
10.506	0.0081	0.014	0.641	0.0311	0.000	0.109
10.511	0.0153	0.002	0.609	0.0335	0.000	0.064
10.516	0.0086	0.014	0.438	0.0299	0.000	0.053
10.521	0.0046	0.005	0.329	0.0356	0.000	0.059
10.526	0.0057	0.002	0.249	0.0517	0.000	0.058
10.531	0.0014	0.002	0.396	0.0251	0.000	0.054
10.536	0.0026	0.002	0.614	0.0224	0.000	0.060
10.541	0.0025	0.005	0.600	0.0234	0.000	0.058
10.546	0.0009	0.005	0.669	0.0184	0.000	0.056
10.551	0.0007	0.005	0.677	0.0285	0.000	0.060
10.556	0.0005	0.014	0.638	0.0191	0.000	0.058
10.561	0.0011	0.009	0.674	0.0163	0.000	0.058
10.566	0.0016	0.007	0.627	0.0254	0.000	0.074
10.571	0.0015	0.009	0.582	0.0266	0.000	0.084
10.576	0.0012	0.016	0.641	0.0192	0.001	0.125
10.581	0.0008	0.014	0.637	0.0157	0.002	0.168
10.586	0.0007	0.014	0.603	0.0167	0.009	0.253
10.591	0.0006	0.023	0.681	0.0094	0.019	0.324
10.596	0.0005	0.016	0.565	0.0119	0.089	0.441
10.601	0.0006	0.041	0.435	0.0137	0.237	0.520
10.606	0.0003	0.098	0.417	0.0102	0.436	0.522
10.611	0.0005	0.116	0.320	0.0097	0.552	0.545
10.616	0.0007	0.136	0.225	0.0144	0.670	0.584
10.621	0.0006	0.186	0.234	0.0120	0.808	0.610
10.626	0.0006	0.193	0.153	0.0108	0.858	0.638
10.631	0.0012	0.189	0.163	0.0137	0.883	0.625
10.636	0.0012	0.252	0.137	0.0109	0.910	0.661
10.641	0.0012	0.261	0.111	0.0093	0.907	0.690
10.646	0.0013	0.248	0.104	0.0126	0.948	0.676
10.651	0.0008	0.280	0.113	0.0117	0.956	0.645
10.656	0.0008	0.286	0.101	0.0119	0.973	0.626
10.661	0.0008	0.232	0.093	0.0142	0.975	0.582
10.666	0.0009	0.268	0.118	0.0137	0.979	0.508
10.671	0.0018	0.250	0.141	0.0127	0.986	0.466
10.676	0.0027	0.214	0.157	0.0109	0.986	0.533
10.681	0.0045	0.230	0.144	0.0124	0.982	0.553
10.686	0.0031	0.223	0.135	0.0116	0.950	0.580
10.691	0.0045	0.218	0.117	0.0115	0.894	0.569
10.696	0.0059	0.218	0.116	0.0117	0.765	0.585
10.701	0.0066	0.198	0.116	0.0125	0.673	0.578
10.706	0.0063	0.161	0.110	0.0115	0.744	0.568
10.711	0.0090	0.173	0.102	0.0117	0.847	0.622
10.716	0.0101	0.209	0.122	0.0102	0.891	0.670
10.721	0.0107	0.236	0.113	0.0117	0.877	0.675
10.726	0.0104	0.225	0.105	0.0110	0.827	0.673
10.731	0.0135	0.207	0.137	0.0104	0.814	0.681
10.736	0.0125	0.209	0.121	0.0093	0.781	0.719
10.741	0.0078	0.211	0.112	0.0103	0.694	0.704
10.746	0.0085	0.211	0.117	0.0157	0.419	0.672
10.751	0.0056	0.123	0.175	0.0351	0.169	0.575
10.756	0.0046	0.134	0.382	0.0374	0.009	0.276
10.761	0.0042	0.084	0.528	0.0285	0.002	0.146
10.766	0.0212	0.009	0.673	0.0162	0.000	0.080
10.771	0.0517	0.007	0.735	0.0095	0.000	0.065
10.776	0.0670	0.009	0.738	0.0107	0.000	0.060
10.780	0.0748	0.009	0.745	0.0122	0.000	0.057
10.785	0.0748	0.009	0.738	0.0077	0.000	0.050
10.790	0.0650	0.007	0.736	0.0122	0.000	0.051
10.795	0.0489	0.009	0.740	0.0105	0.000	0.053
10.800	0.0431	0.007	0.689	0.0066	0.000	0.057
10.805	0.0399	0.009	0.647	0.0134	0.000	0.086
10.810	0.0292	0.009	0.563	0.0143	0.000	0.115
10.815	0.0287	0.007	0.486	0.0226	0.001	0.150
10.820	0.0253	0.018	0.521	0.0448	0.001	0.132
10.825	0.0242	0.002	0.584	0.0527	0.000	0.070
10.830	0.0147	0.005	0.591	0.0459	0.000	0.040
10.835	0.0063	0.005	0.570	0.0124	0.000	0.030
10.840	0.0095	0.007	0.540	0.0132	0.000	0.027
10.845	0.0066	0.005	0.304	0.0400	0.000	0.034
10.850	0.0053	0.002	0.328	0.0492	0.000	0.040
10.855	0.0019	0.007	0.368	0.0372	0.000	0.038
10.860	0.0018	0.005	0.491	0.0290	0.000	0.036
10.865	0.0034	0.002	0.475	0.0393	0.000	0.042
10.870	0.0024	0.005	0.570	0.0348	0.000	0.044
10.875	0.0019	0.014	0.690	0.0145	0.000	0.057
10.880	0.0015	0.009	0.537	0.0236	0.009	0.325
10.885	0.0012	0.007	0.253	0.0134	0.279	0.612
10.890	0.0010	0.018	0.185	0.0113	0.390	0.670
10.895	0.0014	0.107	0.226	0.0100	0.226	0.633
10.900	0.0022	0.182	0.195	0.0189	0.206	0.602
10.905	0.0083	0.130	0.350	0.0512	0.018	0.392
10.910	0.0034	0.089	0.602	0.0299	0.002	0.191
10.915	0.0091	0.014	0.715	0.0147	0.001	0.111
10.920	0.0271	0.009	0.728	0.0145	0.002	0.096
10.925	0.0255	0.009	0.741	0.0146	0.002	0.086
10.930	0.0265	0.009	0.743	0.0130	0.002	0.077
10.935	0.0321	0.007	0.741	0.0064	0.002	0.084
10.940	0.0308	0.011	0.744	0.0096	0.001	0.083
10.945	0.0316	0.014	0.721	0.0139	0.001	0.079
10.950	0.0351	0.014	0.721	0.0156	0.001	0.078
10.955	0.0419	0.014	0.739	0.0112	0.000	0.069
10.960	0.0448	0.014	0.729	0.0101	0.000	0.071
10.965	0.0456	0.018	0.607	0.0206	0.000	0.075
10.970	0.0424	0.009	0.452	0.0383	0.000	0.080
10.975	0.0201	0.005	0.525	0.0578	0.000	0.066
10.980	0.0077	0.005	0.573	0.0320	0.000	0.041
10.985	0.0097	0.002	0.508	0.0382	0.000	0.028
10.990	0.0072	0.005	0.480	0.0456	0.000	0.033
10.995	0.0079	0.005	0.367	0.0308	0.000	0.049
11.000	0.0042	0.005	0.412	0.0582	0.000	0.060
11.005	0.0014	0.005	0.647	0.0257	0.000	0.078
11.010	0.0013	0.005	0.587	0.0388	0.000	0.087
11.015	0.0007	0.009	0.712	0.0196	0.000	0.085
11.020	0.0006	0.005	0.744	0.0200	0.000	0.075
11.025	0.0006	0.005	0.676	0.0149	0.000	0.086
11.030	0.0006	0.014	0.525	0.0241	0.000	0.110
11.035	0.0004	0.014	0.289	0.0194	0.083	0.431
11.040	0.0003	0.016	0.161	0.0139	0.323	0.558
11.045	0.0003	0.009	0.205	0.0099	0.494	0.681
11.050	0.0006	0.150	0.254	0.0090	0.503	0.695
11.055	0.0010	0.148	0.396	0.0310	0.155	0.606
11.060	0.0019	0.125	0.443	0.0379	0.042	0.487
11.065	0.0027	0.050	0.487	0.0364	0.006	0.274
11.070	0.0079	0.014	0.563	0.0273	0.002	0.176
11.075	0.0186	0.009	0.645	0.0221	0.000	0.098
11.080	0.0352	0.009	0.748	0.0136	0.000	0.076
11.085	0.0511	0.009	0.708	0.0157	0.000	0.075
11.090	0.0593	0.009	0.581	0.0221	0.000	0.098
11.095	0.0430	0.007	0.446	0.0347	0.006	0.158
11.100	0.0152	0.007	0.618	0.0137	0.009	0.148
11.105	0.0126	0.009	0.629	0.0157	0.012	0.152
11.110	0.0122	0.002	0.568	0.0153	0.009	0.144
11.115	0.0124	0.005	0.480	0.0125	0.025	0.190
11.120	0.0137	0.011	0.490	0.0116	0.060	0.219
11.125	0.0048	0.018	0.399	0.0466	0.026	0.214
11.130	0.0045	0.016	0.282	0.0743	0.001	0.135
11.135	0.0039	0.005	0.238	0.0212	0.014	0.266
11.140	0.0026	0.016	0.260	0.0309	0.057	0.355
11.145	0.0012	0.016	0.563	0.0193	0.056	0.313
11.150	0.0013	0.009	0.464	0.0459	0.015	0.247
11.155	0.0005	0.005	0.630	0.0311	0.002	0.187
11.160	0.0007	0.002	0.659	0.0204	0.001	0.159
11.165	0.0008	0.005	0.634	0.0414	0.000	0.130
11.170	0.0006	0.005	0.715	0.0219	0.000	0.121
11.175	0.0007	0.005	0.749	0.0135	0.000	0.125
11.180	0.0008	0.005	0.335	0.0202	0.015	0.254
11.185	0.0007	0.005	0.116	0.0180	0.923	0.557
11.190	0.0004	0.027	0.194	0.0148	0.982	0.556
11.195	0.0004	0.168	0.131	0.0103	0.985	0.547
11.200	0.0049	0.202	0.134	0.0091	0.978	0.547
11.205	0.0119	0.223	0.187	0.0257	0.604	0.501
11.210	0.0159	0.191	0.416	0.0493	0.082	0.362
11.215	0.0112	0.100	0.629	0.0282	0.008	0.147
11.220	0.0258	0.018	0.740	0.0156	0.006	0.111
11.224	0.0462	0.009	0.678	0.0120	0.006	0.104
11.229	0.0480	0.009	0.497	0.0251	0.006	0.122
11.234	0.0355	0.007	0.316	0.0273	0.012	0.186
11.239	0.0105	0.014	0.434	0.0257	0.009	0.173
11.244	0.0115	0.030	0.306	0.0364	0.003	0.126
11.249	0.0131	0.005	0.269	0.0356	0.001	0.126
11.254	0.0048	0.002	0.169	0.0620	0.003	0.152
11.259	0.0014	0.014	0.261	0.0638	0.006	0.181
11.264	0.0011	0.014	0.277	0.0387	0.012	0.217
11.269	0.0007	0.007	0.220	0.0260	0.012	0.218
11.274	0.0006	0.018	0.415	0.0365	0.007	0.208
11.279	0.0006	0.025	0.577	0.0516	0.003	0.179
11.284	0.0005	0.007	0.692	0.0203	0.001	0.138
11.289	0.0006	0.009	0.534	0.0225	0.012	0.156
11.294	0.0007	0.018	0.243	0.0205	0.239	0.337
11.299	0.0006	0.030	0.284	0.0077	0.209	0.360
11.304	0.0007	0.068	0.223	0.0247	0.123	0.374
11.309	0.0204	0.070	0.264	0.0159	0.082	0.366
11.314	0.0099	0.055	0.252	0.0123	0.137	0.400
11.319	0.0176	0.073	0.205	0.0228	0.142	0.405
11.324	0.0098	0.070	0.091	0.0469	0.044	0.293
11.329	0.0133	0.068	0.417	0.0334	0.014	0.176
11.334	0.0083	0.030	0.610	0.0144	0.011	0.126
11.339	0.0384	0.007	0.645	0.0150	0.006	0.126
11.344	0.0671	0.018	0.682	0.0107	0.005	0.103
11.349	0.0752	0.009	0.732	0.0124	0.004	0.094
11.354	0.0925	0.014	0.675	0.0127	0.003	0.092
11.359	0.0582	0.009	0.655	0.0183	0.002	0.100
11.364	0.0366	0.009	0.649	0.0183	0.002	0.097
11.369	0.0339	0.011	0.626	0.0187	0.001	0.089
11.374	0.0477	0.014	0.673	0.0107	0.001	0.078
11.379	0.0430	0.020	0.669	0.0082	0.001	0.076
11.384	0.0440	0.016	0.659	0.0104	0.001	0.065
11.389	0.0343	0.023	0.713	0.0123	0.001	0.070
11.394	0.0797	0.020	0.666	0.0215	0.000	0.057
11.399	0.0769	0.014	0.623	0.0188	0.000	0.057
11.404	0.0678	0.014	0.537	0.0346	0.001	0.059
11.409	0.0258	0.005	0.636	0.0357	0.001	0.047
11.414	0.0144	0.009	0.683	0.0203	0.001	0.036
11.419	0.0146	0.002	0.698	0.0116	0.001	0.039
11.424	0.0152	0.005	0.687	0.0094	0.001	0.035
11.429	0.0239	0.005	0.728	0.0224	0.000	0.035
11.434	0.0318	0.002	0.735	0.0056	0.000	0.031
11.439	0.0325	0.005	0.736	0.0123	0.000	0.029
11.444	0.0328	0.014	0.736	0.0107	0.000	0.028
11.449	0.0223	0.005	0.729	0.0067	0.000	0.030
11.454	0.0181	0.005	0.735	0.0103	0.000	0.031
11.459	0.0186	0.009	0.688	0.0216	0.000	0.032
11.464	0.0167	0.009	0.629	0.0095	0.000	0.042
11.469	0.0167	0.007	0.638	0.0286	0.000	0.069
11.474	0.0180	0.005	0.592	0.0244	0.000	0.062
11.479	0.0215	0.005	0.648	0.0163	0.000	0.058
11.484	0.0189	0.009	0.655	0.0128	0.001	0.068
11.489	0.0450	0.018	0.729	0.0116	0.001	0.069
11.494	0.0561	0.011	0.718	0.0132	0.001	0.083
11.499	0.0640	0.027	0.736	0.0088	0.002	0.087
11.504	0.0683	0.023	0.724	0.0061	0.002	0.090
11.509	0.0654	0.016	0.715	0.0172	0.001	0.087
11.514	0.0451	0.020	0.747	0.0073	0.002	0.090
11.519	0.0426	0.018	0.709	0.0057	0.003	0.104
11.524	0.0265	0.030	0.731	0.0091	0.003	0.098
11.529	0.0187	0.025	0.614	0.0215	0.001	0.094
11.534	0.0181	0.023	0.453	0.0437	0.001	0.082
11.539	0.0230	0.016	0.535	0.0311	0.000	0.064
11.544	0.0245	0.007	0.657	0.0221	0.000	0.049
11.549	0.0273	0.009	0.719	0.0140	0.000	0.041
11.554	0.0253	0.007	0.740	0.0120	0.000	0.033
11.559	0.0185	0.007	0.686	0.0272	0.000	0.032
11.564	0.0159	0.009	0.670	0.0063	0.000	0.029
11.569	0.0138	0.007	0.650	0.0163	0.000	0.049
11.574	0.0163	0.009	0.527	0.0188	0.000	0.068
11.579	0.0216	0.009	0.565	0.0172	0.001	0.067
11.584	0.0301	0.009	0.604	0.0138	0.001	0.073
11.589	0.0440	0.020	0.689	0.0138	0.001	0.070
11.594	0.0689	0.020	0.725	0.0072	0.002	0.073
11.599	0.0603	0.030	0.678	0.0120	0.002	0.078
11.604	0.0380	0.030	0.667	0.0077	0.003	0.091
11.609	0.0344	0.025	0.617	0.0151	0.004	0.091
11.614	0.0412	0.025	0.664	0.0084	0.005	0.088
11.619	0.0516	0.034	0.725	0.0057	0.005	0.094
11.624	0.0859	0.036	0.691	0.0096	0.004	0.090
11.629	0.0797	0.034	0.634	0.0130	0.003	0.085
11.634	0.0375	0.032	0.656	0.0106	0.002	0.085
11.639	0.0315	0.025	0.641	0.0155	0.002	0.087
11.644	0.0400	0.025	0.475	0.0191	0.001	0.083
11.649	0.0625	0.030	0.445	0.0285	0.001	0.080
11.654	0.0574	0.018	0.538	0.0494	0.000	0.039
11.659	0.0224	0.014	0.665	0.0124	0.000	0.035
11.663	0.0150	0.007	0.671	0.0175	0.000	0.032
11.668	0.0268	0.007	0.712	0.0263	0.000	0.029
11.673	0.0439	0.009	0.688	0.0239	0.000	0.025
11.678	0.0333	0.005	0.659	0.0111	0.000	0.026
11.683	0.0122	0.009	0.667	0.0094	0.000	0.028
11.688	0.0218	0.007	0.681	0.0081	0.000	0.035
11.693	0.0343	0.011	0.675	0.0123	0.000	0.063
11.698	0.0455	0.014	0.576	0.0220	0.001	0.108
11.703	0.0226	0.005	0.430	0.0223	0.006	0.149
11.708	0.0144	0.027	0.554	0.0169	0.006	0.134
11.713	0.0129	0.020	0.551	0.0160	0.009	0.164
11.718	0.0466	0.020	0.506	0.0105	0.016	0.194
11.723	0.0667	0.023	0.345	0.0215	0.044	0.261
11.728	0.0264	0.048	0.285	0.0234	0.029	0.224
11.733	0.0191	0.030	0.175	0.0195	0.037	0.232
11.738	0.0529	0.018	0.257	0.0215	0.086	0.236
11.743	0.0256	0.023	0.131	0.0259	0.105	0.240
11.748	0.0292	0.043	0.326	0.0210	0.093	0.250
11.753	0.0402	0.030	0.476	0.0168	0.072	0.258
11.758	0.0178	0.045	0.384	0.0181	0.056	0.257
11.763	0.0278	0.025	0.334	0.0250	0.071	0.242
11.768	0.0284	0.034	0.410	0.0173	0.068	0.237
11.773	0.0172	0.041	0.558	0.0100	0.061	0.232
11.778	0.0298	0.016	0.474	0.0145	0.063	0.261
11.783	0.0202	0.048	0.565	0.0144	0.044	0.193
11.788	0.0510	0.023	0.618	0.0106	0.038	0.163
11.793	0.0605	0.032	0.674	0.0129	0.025	0.139
11.798	0.0298	0.018	0.643	0.0122	0.010	0.126
11.803	0.0367	0.027	0.581	0.0167	0.004	0.095
11.808	0.0331	0.023	0.379	0.0145	0.002	0.077
11.813	0.0668	0.032	0.494	0.0128	0.001	0.073
11.818	0.1019	0.032	0.598	0.0169	0.001	0.073
11.823	0.0740	0.025	0.642	0.0111	0.001	0.076
11.828	0.0273	0.027	0.659	0.0083	0.001	0.064
11.833	0.0584	0.027	0.658	0.0084	0.001	0.072
11.838	0.0750	0.034	0.699	0.0115	0.002	0.079
11.843	0.1073	0.030	0.694	0.0067	0.002	0.080
11.848	0.0499	0.023	0.619	0.0114	0.002	0.077
11.853	0.0361	0.027	0.665	0.0077	0.002	0.073
11.858	0.0600	0.023	0.657	0.0101	0.002	0.070
11.863	0.0930	0.025	0.680	0.0088	0.001	0.072
11.868	0.1286	0.027	0.659	0.0087	0.001	0.073
11.873	0.0729	0.030	0.663	0.0079	0.001	0.064
11.878	0.0554	0.032	0.623	0.0145	0.001	0.066
11.883	0.0826	0.032	0.671	0.0077	0.001	0.059
11.888	0.0997	0.034	0.717	0.0056	0.001	0.061
11.893	0.1368	0.030	0.700	0.0074	0.002	0.058
11.898	0.1152	0.027	0.626	0.0146	0.002	0.062
11.903	0.0366	0.030	0.631	0.0086	0.002	0.068
11.908	0.0556	0.023	0.627	0.0124	0.002	0.072
11.913	0.0707	0.025	0.601	0.0172	0.003	0.074
11.918	0.0962	0.025	0.632	0.0165	0.004	0.081
11.923	0.0826	0.027	0.561	0.0164	0.004	0.091
11.928	0.0277	0.023	0.489	0.0288	0.004	0.100
11.933	0.0178	0.014	0.505	0.0213	0.002	0.104
11.938	0.0193	0.016	0.542	0.0144	0.002	0.103
11.943	0.0289	0.016	0.577	0.0267	0.001	0.101
11.948	0.0156	0.009	0.604	0.0165	0.000	0.102
11.953	0.0047	0.014	0.621	0.0119	0.000	0.036
11.958	0.0115	0.007	0.629	0.0092	0.000	0.025
11.963	0.0130	0.007	0.654	0.0101	0.000	0.022
11.968	0.0123	0.007	0.614	0.0167	0.000	0.020
11.973	0.0058	0.011	0.612	0.0093	0.000	0.019
11.978	0.0102	0.011	0.610	0.0110	0.000	0.020
11.983	0.0108	0.007	0.595	0.0173	0.000	0.020
11.988	0.0096	0.007	0.513	0.0160	0.000	0.068
11.993	0.0035	0.007	0.497	0.0144	0.012	0.183
11.998	0.0086	0.007	0.425	0.0126	0.016	0.211
12.003	0.0126	0.030	0.419	0.0367	0.007	0.189
12.008	0.0064	0.027	0.565	0.0221	0.003	0.143
12.013	0.0042	0.025	0.665	0.0202	0.001	0.089
12.018	0.0151	0.009	0.703	0.0145	0.002	0.083
12.023	0.0345	0.007	0.641	0.0107	0.002	0.085
12.028	0.0223	0.007	0.642	0.0122	0.003	0.090
12.033	0.0068	0.016	0.662	0.0079	0.003	0.099
12.038	0.0176	0.016	0.628	0.0118	0.003	0.100
12.043	0.0389	0.011	0.651	0.0113	0.002	0.103
12.048	0.0161	0.007	0.650	0.0111	0.002	0.111
12.053	0.0125	0.011	0.663	0.0201	0.002	0.108
12.058	0.0196	0.009	0.656	0.0112	0.002	0.104
12.063	0.0334	0.011	0.642	0.0136	0.001	0.090
12.068	0.0164	0.009	0.654	0.0188	0.001	0.073
12.073	0.0116	0.009	0.646	0.0201	0.001	0.070
12.078	0.0318	0.011	0.655	0.0122	0.001	0.070
12.083	0.0318	0.009	0.663	0.0093	0.001	0.064
12.088	0.0124	0.009	0.657	0.0166	0.001	0.057
12.093	0.0221	0.009	0.656	0.0113	0.001	0.053
12.098	0.0435	0.011	0.664	0.0111	0.001	0.051
12.102	0.0169	0.009	0.667	0.0116	0.001	0.053
12.107	0.0176	0.018	0.650	0.0110	0.001	0.054
12.112	0.0246	0.011	0.569	0.0248	0.001	0.050
12.117	0.0429	0.009	0.659	0.0202	0.001	0.052
12.122	0.0149	0.014	0.657	0.0176	0.001	0.050
12.127	0.0202	0.011	0.580	0.0202	0.001	0.047
12.132	0.0453	0.009	0.663	0.0101	0.000	0.043
12.137	0.0140	0.011	0.644	0.0199	0.000	0.045
12.142	0.0143	0.014	0.657	0.0102	0.000	0.045
12.147	0.0223	0.014	0.660	0.0064	0.000	0.042
12.152	0.0413	0.009	0.657	0.0094	0.000	0.036
12.157	0.0147	0.016	0.620	0.0144	0.000	0.038
12.162	0.0180	0.016	0.627	0.0187	0.000	0.036
12.167	0.0226	0.014	0.677	0.0248	0.000	0.040
12.172	0.0380	0.011	0.682	0.0230	0.001	0.047
12.177	0.0258	0.011	0.657	0.0190	0.001	0.048
12.182	0.0195	0.011	0.682	0.0143	0.000	0.046
12.187	0.0220	0.011	0.649	0.0153	0.000	0.046
12.192	0.0219	0.009	0.421	0.0299	0.000	0.041
12.197	0.0247	0.011	0.489	0.0267	0.000	0.045
12.202	0.0075	0.016	0.506	0.0408	0.000	0.044
12.207	0.0092	0.009	0.509	0.0454	0.000	0.046
12.212	0.0135	0.014	0.584	0.0396	0.000	0.041
12.217	0.0168	0.014	0.375	0.0171	0.000	0.043
12.222	0.0100	0.011	0.251	0.0302	0.000	0.048
12.227	0.0073	0.016	0.325	0.0390	0.000	0.046
12.232	0.0093	0.014	0.520	0.0275	0.000	0.048
12.237	0.0051	0.016	0.445	0.0292	0.000	0.052
12.242	0.0054	0.014	0.558	0.0266	0.000	0.057
12.247	0.0108	0.016	0.575	0.0249	0.000	0.061
12.252	0.0170	0.014	0.484	0.0230	0.000	0.057
12.257	0.0185	0.014	0.421	0.0197	0.001	0.075
12.262	0.0116	0.016	0.490	0.0194	0.001	0.082
12.267	0.0146	0.020	0.349	0.0260	0.002	0.078
12.272	0.0191	0.025	0.508	0.0227	0.002	0.079
12.277	0.0211	0.025	0.591	0.0162	0.002	0.088
12.282	0.0406	0.014	0.563	0.0182	0.003	0.097
12.287	0.0224	0.023	0.601	0.0178	0.003	0.098
12.292	0.0207	0.014	0.639	0.0100	0.003	0.100
12.297	0.0335	0.025	0.655	0.0072	0.003	0.099
12.302	0.0521	0.020	0.665	0.0078	0.002	0.097
12.307	0.0384	0.014	0.627	0.0116	0.003	0.099
12.312	0.0254	0.020	0.636	0.0073	0.002	0.099
12.317	0.0302	0.020	0.638	0.0081	0.003	0.110
12.322	0.0585	0.023	0.633	0.0120	0.003	0.104
12.327	0.0345	0.009	0.468	0.0233	0.001	0.084
12.332	0.0144	0.009	0.333	0.0546	0.000	0.063
12.337	0.0126	0.009	0.430	0.0446	0.000	0.036
12.342	0.0229	0.007	0.665	0.0126	0.000	0.028
12.347	0.0114	0.007	0.645	0.0138	0.000	0.025
12.352	0.0159	0.007	0.654	0.0078	0.000	0.023
12.357	0.0234	0.007	0.648	0.0151	0.000	0.027
12.362	0.0188	0.005	0.659	0.0175	0.000	0.030
12.367	0.0069	0.007	0.660	0.0162	0.000	0.024
12.372	0.0179	0.009	0.644	0.0138	0.000	0.023
12.377	0.0237	0.005	0.652	0.0197	0.000	0.023
12.382	0.0100	0.007	0.653	0.0261	0.000	0.025
12.387	0.0116	0.007	0.588	0.0177	0.000	0.031
12.392	0.0142	0.007	0.536	0.0323	0.000	0.070
12.397	0.0126	0.005	0.571	0.0261	0.001	0.098
12.402	0.0037	0.014	0.600	0.0304	0.001	0.108
12.407	0.0119	0.005	0.568	0.0093	0.001	0.113
12.412	0.0235	0.009	0.465	0.0290	0.001	0.086
12.417	0.0177	0.005	0.485	0.0250	0.000	0.070
12.422	0.0073	0.018	0.620	0.0149	0.000	0.055
12.427	0.0197	0.011	0.624	0.0150	0.000	0.064
12.432	0.0608	0.011	0.661	0.0142	0.001	0.062
12.437	0.0579	0.009	0.617	0.0132	0.001	0.064
12.442	0.0368	0.014	0.633	0.0123	0.000	0.060
12.447	0.0454	0.011	0.620	0.0116	0.000	0.071
12.452	0.0562	0.025	0.638	0.0114	0.001	0.077
12.457	0.0586	0.011	0.612	0.0085	0.001	0.086
12.462	0.0436	0.009	0.585	0.0112	0.001	0.099
12.467	0.0380	0.014	0.575	0.0148	0.001	0.094
12.472	0.0394	0.011	0.479	0.0172	0.001	0.102
12.477	0.0614	0.018	0.483	0.0212	0.001	0.106
12.482	0.0244	0.014	0.484	0.0397	0.001	0.109
12.487	0.0086	0.011	0.535	0.0233	0.001	0.112
12.492	0.0151	0.011	0.562	0.0261	0.000	0.060
12.497	0.0185	0.007	0.635	0.0206	0.000	0.028
12.502	0.0051	0.007	0.651	0.0076	0.000	0.022
12.507	0.0095	0.007	0.643	0.0141	0.000	0.020
12.512	0.0100	0.007	0.617	0.0212	0.000	0.018
12.517	0.0107	0.007	0.649	0.0206	0.000	0.022
12.522	0.0027	0.007	0.610	0.0220	0.000	0.063
12.527	0.0088	0.007	0.549	0.0452	0.000	0.065
12.532	0.0086	0.005	0.625	0.0297	0.000	0.026
12.537	0.0013	0.007	0.552	0.0239	0.000	0.026
12.541	0.0059	0.007	0.533	0.0264	0.000	0.028
12.546	0.0056	0.005	0.530	0.0329	0.000	0.036
12.551	0.0014	0.007	0.215	0.0387	0.000	0.075
12.556	0.0042	0.002	0.077	0.0255	0.179	0.468
12.561	0.0028	0.002	0.162	0.0059	0.296	0.487
12.566	0.0007	0.039	0.166	0.0108	0.276	0.496
12.571	0.0113	0.095	0.160	0.0294	0.218	0.513
12.576	0.0050	0.102	0.260	0.0335	0.100	0.495
12.581	0.0044	0.098	0.473	0.0345	0.011	0.334
12.586	0.0104	0.039	0.655	0.0230	0.004	0.204
12.591	0.0304	0.018	0.724	0.0099	0.003	0.156
12.596	0.0502	0.009	0.723	0.0115	0.003	0.173
12.601	0.0429	0.011	0.721	0.0130	0.003	0.175
12.606	0.0340	0.014	0.685	0.0103	0.002	0.145
12.611	0.0285	0.009	0.704	0.0118	0.001	0.120
12.616	0.0271	0.007	0.603	0.0202	0.001	0.108
12.621	0.0233	0.014	0.318	0.0438	0.001	0.125
12.626	0.0254	0.007	0.297	0.0554	0.001	0.142
12.631	0.0194	0.002	0.530	0.0242	0.001	0.110
12.636	0.0112	0.014	0.397	0.0319	0.000	0.059
12.641	0.0020	0.014	0.246	0.0346	0.000	0.068
12.646	0.0074	0.007	0.308	0.0530	0.000	0.075
12.651	0.0014	0.002	0.296	0.0168	0.000	0.078
12.656	0.0010	0.011	0.163	0.0344	0.000	0.082
12.661	0.0014	0.014	0.424	0.0288	0.000	0.083
12.666	0.0009	0.016	0.461	0.0432	0.000	0.079
12.671	0.0005	0.016	0.621	0.0260	0.000	0.060
12.676	0.0010	0.011	0.590	0.0225	0.000	0.068
12.681	0.0017	0.009	0.564	0.0214	0.000	0.092
12.686	0.0010	0.009	0.616	0.0282	0.000	0.101
12.691	0.0005	0.009	0.665	0.0241	0.000	0.101
12.696	0.0007	0.007	0.631	0.0340	0.000	0.105
12.701	0.0008	0.009	0.646	0.0281	0.000	0.125
12.706	0.0004	0.007	0.600	0.0207	0.000	0.149
12.711	0.0003	0.009	0.642	0.0233	0.001	0.161
12.716	0.0002	0.011	0.667	0.0254	0.001	0.193
12.721	0.0003	0.009	0.483	0.0165	0.004	0.268
12.726	0.0003	0.009	0.249	0.0203	0.376	0.563
12.731	0.0003	0.007	0.233	0.0120	0.688	0.588
12.736	0.0003	0.027	0.175	0.0094	0.671	0.538
12.741	0.0013	0.130	0.340	0.0701	0.029	0.283
12.746	0.0028	0.143	0.431	0.0320	0.002	0.136
12.751	0.0022	0.045	0.651	0.0170	0.001	0.085
12.756	0.0400	0.009	0.755	0.0087	0.001	0.080
12.761	0.0480	0.009	0.652	0.0183	0.000	0.069
12.766	0.0285	0.007	0.470	0.0282	0.000	0.053
12.771	0.0218	0.007	0.381	0.0369	0.000	0.062
12.776	0.0107	0.007	0.478	0.0374	0.000	0.042
12.781	0.0182	0.002	0.630	0.0177	0.000	0.021
12.786	0.0096	0.005	0.551	0.0214	0.000	0.022
12.791	0.0037	0.007	0.495	0.0297	0.000	0.023
12.796	0.0081	0.009	0.520	0.0273	0.000	0.023
12.801	0.0072	0.002	0.515	0.0636	0.000	0.026
12.806	0.0017	0.002	0.435	0.0234	0.000	0.029
12.811	0.0045	0.005	0.394	0.0591	0.000	0.046
12.816	0.0024	0.002	0.354	0.0574	0.000	0.048
12.821	0.0017	0.007	0.360	0.0244	0.000	0.069
12.826	0.0012	0.002	0.210	0.0326	0.000	0.094
12.831	0.0008	0.014	0.265	0.0619	0.000	0.119
12.836	0.0003	0.014	0.381	0.0416	0.001	0.136
12.841	0.0004	0.014	0.508	0.0247	0.001	0.164
12.846	0.0003	0.005	0.405	0.0362	0.001	0.172
12.851	0.0004	0.002	0.054	0.0164	0.010	0.274
12.856	0.0004	0.011	0.144	0.0148	0.797	0.625
12.861	0.0003	0.009	0.124	0.0093	0.903	0.636
12.866	0.0002	0.098	0.155	0.0097	0.846	0.684
12.871	0.0019	0.218	0.132	0.0097	0.842	0.713
12.876	0.0023	0.218	0.109	0.0094	0.781	0.716
12.881	0.0029	0.223	0.112	0.0126	0.576	0.700
12.886	0.0030	0.191	0.109	0.0135	0.446	0.658
12.891	0.0035	0.134	0.298	0.0347	0.121	0.473
12.896	0.0039	0.102	0.349	0.0337	0.013	0.289
12.901	0.0031	0.070	0.601	0.0250	0.001	0.102
12.906	0.0079	0.007	0.621	0.0134	0.000	0.051
12.911	0.0163	0.007	0.612	0.0194	0.000	0.040
12.916	0.0250	0.007	0.647	0.0181	0.000	0.038
12.921	0.0266	0.018	0.668	0.0186	0.000	0.035
12.926	0.0635	0.007	0.721	0.0157	0.000	0.038
12.931	0.0760	0.014	0.723	0.0152	0.000	0.043
12.936	0.0800	0.009	0.675	0.0115	0.000	0.047
12.941	0.0392	0.014	0.645	0.0173	0.001	0.052
12.946	0.0355	0.011	0.635	0.0150	0.001	0.057
12.951	0.0488	0.011	0.661	0.0137	0.001	0.066
12.956	0.0499	0.009	0.698	0.0135	0.001	0.069
12.961	0.0735	0.014	0.694	0.0121	0.001	0.070
12.966	0.0770	0.011	0.639	0.0149	0.001	0.072
12.971	0.0273	0.020	0.633	0.0115	0.001	0.071
12.976	0.0439	0.014	0.647	0.0134	0.001	0.075
12.980	0.0549	0.011	0.649	0.0156	0.001	0.076
12.985	0.0759	0.011	0.679	0.0120	0.001	0.072
12.990	0.0735	0.011	0.667	0.0106	0.001	0.076
12.995	0.0331	0.020	0.646	0.0110	0.001	0.079
13.000	0.0467	0.018	0.624	0.0144	0.001	0.084
13.005	0.0487	0.025	0.654	0.0165	0.001	0.086
13.010	0.0629	0.011	0.687	0.0136	0.001	0.085
13.015	0.0683	0.011	0.654	0.0148	0.001	0.088
13.020	0.0423	0.009	0.647	0.0166	0.000	0.075
13.025	0.0387	0.011	0.673	0.0229	0.000	0.065
13.030	0.0434	0.011	0.676	0.0115	0.000	0.059
13.035	0.0738	0.009	0.667	0.0169	0.000	0.059
13.040	0.0711	0.011	0.647	0.0141	0.000	0.051
13.045	0.0366	0.011	0.614	0.0152	0.000	0.047
13.050	0.0299	0.011	0.592	0.0184	0.000	0.056
13.055	0.0299	0.007	0.604	0.0182	0.000	0.060
13.060	0.0421	0.007	0.651	0.0158	0.001	0.092
13.065	0.0326	0.009	0.604	0.0090	0.005	0.119
13.070	0.0128	0.005	0.503	0.0088	0.018	0.179
13.075	0.0089	0.016	0.380	0.0206	0.044	0.255
13.080	0.0124	0.020	0.359	0.0140	0.240	0.373
13.085	0.0138	0.030	0.359	0.0138	0.374	0.394
13.090	0.0104	0.077	0.248	0.0142	0.585	0.427
13.095	0.0084	0.100	0.202	0.0134	0.705	0.452
13.100	0.0104	0.098	0.142	0.0135	0.864	0.442
13.105	0.0124	0.136	0.143	0.0115	0.917	0.444
13.110	0.0114	0.177	0.180	0.0132	0.939	0.445
13.115	0.0145	0.168	0.122	0.0140	0.947	0.461
13.120	0.0127	0.159	0.107	0.0142	0.962	0.464
13.125	0.0110	0.173	0.171	0.0147	0.967	0.451
13.130	0.0100	0.166	0.123	0.0121	0.965	0.457
13.135	0.0139	0.168	0.144	0.0109	0.968	0.454
13.140	0.0132	0.175	0.173	0.0143	0.973	0.463
13.145	0.0118	0.164	0.157	0.0147	0.983	0.459
13.150	0.0128	0.166	0.193	0.0150	0.990	0.428
13.155	0.0092	0.170	0.206	0.0120	0.990	0.442
13.160	0.0145	0.168	0.157	0.0120	0.983	0.489
13.165	0.0091	0.157	0.178	0.0138	0.983	0.472
13.170	0.0069	0.177	0.129	0.0155	0.982	0.432
13.175	0.0090	0.173	0.166	0.0139	0.981	0.427
13.180	0.0073	0.166	0.231	0.0138	0.984	0.405
13.185	0.0076	0.166	0.183	0.0153	0.985	0.381
13.190	0.0077	0.159	0.141	0.0164	0.981	0.382
13.195	0.0067	0.161	0.123	0.0251	0.811	0.372
13.200	0.0043	0.143	0.409	0.0523	0.087	0.256
13.205	0.0022	0.082	0.557	0.0526	0.010	0.140
13.210	0.0021	0.032	0.684	0.0256	0.002	0.092
13.215	0.0121	0.009	0.717	0.0175	0.001	0.080
13.220	0.0160	0.009	0.722	0.0142	0.001	0.068
13.225	0.0187	0.007	0.682	0.0163	0.001	0.070
13.230	0.0172	0.018	0.647	0.0228	0.002	0.059
13.235	0.0168	0.014	0.678	0.0121	0.001	0.053
13.240	0.0122	0.018	0.675	0.0167	0.000	0.057
13.245	0.0105	0.011	0.654	0.0191	0.000	0.060
13.250	0.0060	0.014	0.655	0.0190	0.000	0.060
13.255	0.0100	0.011	0.661	0.0115	0.000	0.063
13.260	0.0160	0.011	0.677	0.0138	0.000	0.069
13.265	0.0235	0.011	0.684	0.0206	0.000	0.065
13.270	0.0340	0.014	0.698	0.0142	0.001	0.066
13.275	0.0395	0.011	0.689	0.0126	0.001	0.068
13.280	0.0300	0.011	0.670	0.0128	0.001	0.088
13.285	0.0240	0.009	0.647	0.0163	0.001	0.084
13.290	0.0256	0.011	0.645	0.0256	0.001	0.074
13.295	0.0243	0.011	0.688	0.0285	0.001	0.069
13.300	0.0384	0.011	0.676	0.0250	0.001	0.083
13.305	0.0315	0.011	0.627	0.0243	0.001	0.083
13.310	0.0161	0.014	0.592	0.0293	0.001	0.085
13.315	0.0153	0.007	0.623	0.0240	0.001	0.096
13.320	0.0183	0.007	0.535	0.0131	0.001	0.135
13.325	0.0264	0.009	0.487	0.0252	0.001	0.136
13.330	0.0110	0.005	0.572	0.0384	0.000	0.054
13.335	0.0049	0.007	0.642	0.0203	0.000	0.024
13.340	0.0104	0.009	0.665	0.0165	0.000	0.019
13.345	0.0116	0.007	0.653	0.0171	0.000	0.017
13.350	0.0054	0.005	0.651	0.0132	0.000	0.015
13.355	0.0037	0.007	0.653	0.0047	0.000	0.015
13.360	0.0092	0.014	0.655	0.0069	0.000	0.014
13.365	0.0094	0.005	0.666	0.0067	0.000	0.016
13.370	0.0032	0.007	0.579	0.0087	0.000	0.055
13.375	0.0041	0.007	0.524	0.0224	0.020	0.252
13.380	0.0076	0.009	0.439	0.0106	0.141	0.366
13.385	0.0078	0.025	0.434	0.0124	0.211	0.383
13.390	0.0054	0.086	0.441	0.0182	0.136	0.362
13.395	0.0069	0.107	0.493	0.0259	0.042	0.332
13.400	0.0084	0.043	0.529	0.0332	0.012	0.279
13.405	0.0147	0.018	0.558	0.0292	0.004	0.191
13.410	0.0094	0.009	0.662	0.0118	0.003	0.131
13.415	0.0167	0.009	0.667	0.0126	0.003	0.118
13.420	0.0188	0.007	0.674	0.0195	0.003	0.117
13.424	0.0244	0.009	0.691	0.0147	0.003	0.120
13.429	0.0401	0.009	0.684	0.0167	0.004	0.127
13.434	0.0455	0.007	0.693	0.0149	0.002	0.112
13.439	0.0500	0.009	0.552	0.0265	0.001	0.104
13.444	0.0442	0.009	0.348	0.0441	0.002	0.158
13.449	0.0158	0.005	0.383	0.0187	0.007	0.330
13.454	0.0076	0.007	0.402	0.0325	0.003	0.217
13.459	0.0058	0.007	0.260	0.0268	0.001	0.109
13.464	0.0044	0.009	0.198	0.0470	0.001	0.112
13.469	0.0017	0.011	0.274	0.0338	0.001	0.109
13.474	0.0010	0.016	0.382	0.0209	0.001	0.128
13.479	0.0009	0.014	0.293	0.0446	0.001	0.147
13.484	0.0003	0.023	0.472	0.0222	0.001	0.143
13.489	0.0005	0.014	0.616	0.0299	0.000	0.110
13.494	0.0005	0.011	0.651	0.0253	0.000	0.111
13.499	0.0007	0.011	0.653	0.0294	0.000	0.130
13.504	0.0005	0.007	0.696	0.0200	0.000	0.133
13.509	0.0003	0.005	0.673	0.0189	0.000	0.147
13.514	0.0003	0.005	0.643	0.0244	0.001	0.160
13.519	0.0004	0.009	0.573	0.0226	0.002	0.220
13.524	0.0003	0.011	0.175	0.0344	0.074	0.308
13.529	0.0003	0.014	0.093	0.0233	0.349	0.370
13.534	0.0002	0.032	0.072	0.0321	0.120	0.341
13.539	0.0008	0.070	0.308	0.0472	0.006	0.196
13.544	0.0020	0.059	0.356	0.0259	0.001	0.112
13.549	0.0096	0.020	0.259	0.0224	0.001	0.085
13.554	0.0241	0.014	0.331	0.0321	0.001	0.083
13.559	0.0294	0.011	0.570	0.0229	0.002	0.081
13.564	0.0353	0.014	0.563	0.0181	0.002	0.091
13.569	0.0408	0.016	0.516	0.0222	0.002	0.089
13.574	0.0601	0.018	0.580	0.0301	0.001	0.079
13.579	0.0395	0.014	0.624	0.0107	0.001	0.069
13.584	0.0256	0.018	0.630	0.0124	0.001	0.069
13.589	0.0371	0.014	0.639	0.0125	0.001	0.078
13.594	0.0427	0.014	0.629	0.0108	0.002	0.080
13.599	0.0200	0.018	0.611	0.0229	0.002	0.084
13.604	0.0237	0.016	0.634	0.0094	0.002	0.090
13.609	0.0317	0.018	0.656	0.0073	0.003	0.091
13.614	0.0423	0.014	0.632	0.0117	0.003	0.087
13.619	0.0212	0.023	0.639	0.0124	0.002	0.085
13.624	0.0282	0.014	0.625	0.0091	0.004	0.097
13.629	0.0372	0.016	0.617	0.0114	0.003	0.082
13.634	0.0533	0.014	0.638	0.0074	0.003	0.079
13.639	0.0353	0.014	0.633	0.0078	0.004	0.079
13.644	0.0307	0.011	0.645	0.0084	0.004	0.081
13.649	0.0371	0.020	0.629	0.0069	0.005	0.078
13.654	0.0602	0.018	0.621	0.0092	0.004	0.078
13.659	0.0462	0.016	0.610	0.0141	0.003	0.083
13.664	0.0448	0.014	0.624	0.0113	0.002	0.077
13.669	0.0639	0.016	0.627	0.0118	0.002	0.080
13.674	0.0875	0.014	0.621	0.0114	0.003	0.078
13.679	0.0412	0.014	0.596	0.0207	0.003	0.090
13.684	0.0587	0.014	0.615	0.0191	0.003	0.102
13.689	0.0543	0.011	0.648	0.0198	0.002	0.103
13.694	0.0541	0.011	0.676	0.0162	0.002	0.110
13.699	0.0614	0.011	0.703	0.0148	0.002	0.104
13.704	0.0484	0.011	0.666	0.0066	0.002	0.102
13.709	0.0369	0.009	0.654	0.0137	0.001	0.100
13.714	0.0421	0.011	0.669	0.0152	0.001	0.088
13.719	0.0641	0.011	0.593	0.0186	0.000	0.079
13.724	0.0783	0.009	0.499	0.0369	0.000	0.073
13.729	0.0317	0.011	0.399	0.0348	0.001	0.085
13.734	0.0145	0.011	0.549	0.0320	0.001	0.085
13.739	0.0107	0.007	0.633	0.0183	0.000	0.086
13.744	0.0294	0.011	0.687	0.0175	0.000	0.078
13.749	0.0401	0.018	0.700	0.0215	0.000	0.069
13.754	0.0246	0.011	0.667	0.0140	0.000	0.066
13.759	0.0110	0.011	0.666	0.0130	0.000	0.061
13.764	0.0145	0.011	0.676	0.0111	0.000	0.055
13.769	0.0454	0.011	0.678	0.0170	0.000	0.043
13.774	0.0554	0.009	0.633	0.0202	0.000	0.038
13.779	0.0238	0.009	0.574	0.0181	0.000	0.034
13.784	0.0064	0.007	0.598	0.0241	0.000	0.029
13.789	0.0151	0.007	0.633	0.0171	0.000	0.024
13.794	0.0291	0.007	0.669	0.0069	0.000	0.023
13.799	0.0127	0.007	0.662	0.0110	0.000	0.022
13.804	0.0147	0.007	0.663	0.0095	0.000	0.020
13.809	0.0244	0.007	0.611	0.0183	0.000	0.021
13.814	0.0236	0.005	0.575	0.0403	0.000	0.022
13.819	0.0074	0.009	0.399	0.0366	0.000	0.032
13.824	0.0151	0.007	0.511	0.0114	0.000	0.074
13.829	0.0107	0.002	0.474	0.0390	0.000	0.119
13.834	0.0027	0.009	0.343	0.0432	0.000	0.112
13.839	0.0080	0.011	0.418	0.0306	0.000	0.073
13.844	0.0038	0.011	0.288	0.0302	0.000	0.085
13.849	0.0030	0.011	0.331	0.0214	0.001	0.152
13.854	0.0022	0.020	0.323	0.0157	0.007	0.217
13.859	0.0018	0.020	0.262	0.0173	0.014	0.273
13.863	0.0015	0.036	0.214	0.0236	0.025	0.300
13.868	0.0008	0.030	0.190	0.0154	0.126	0.375
13.873	0.0006	0.064	0.220	0.0163	0.241	0.380
13.878	0.0014	0.075	0.148	0.0151	0.229	0.369
13.883	0.0033	0.084	0.238	0.0191	0.281	0.329
13.888	0.0060	0.093	0.270	0.0109	0.321	0.304
13.893	0.0063	0.100	0.221	0.0123	0.360	0.326
13.898	0.0120	0.100	0.181	0.0159	0.518	0.355
13.903	0.0126	0.116	0.145	0.0132	0.499	0.379
13.908	0.0154	0.107	0.205	0.0153	0.448	0.382
13.913	0.0100	0.114	0.201	0.0170	0.337	0.363
13.918	0.0110	0.116	0.262	0.0138	0.293	0.334
13.923	0.0120	0.118	0.264	0.0185	0.268	0.329
13.928	0.0084	0.084	0.242	0.0540	0.068	0.251
13.933	0.0066	0.080	0.447	0.0511	0.004	0.137
13.938	0.0042	0.032	0.636	0.0297	0.001	0.089
13.943	0.0155	0.005	0.702	0.0289	0.000	0.076
13.948	0.0126	0.005	0.740	0.0144	0.000	0.074
13.953	0.0119	0.009	0.740	0.0088	0.000	0.070
13.958	0.0121	0.009	0.724	0.0119	0.000	0.077
13.963	0.0132	0.014	0.719	0.0134	0.000	0.073
13.968	0.0130	0.009	0.710	0.0172	0.000	0.067
13.973	0.0130	0.009	0.693	0.0235	0.000	0.058
13.978	0.0160	0.009	0.669	0.0160	0.000	0.055
13.983	0.0204	0.009	0.534	0.0251	0.000	0.045
13.988	0.0215	0.007	0.293	0.0375	0.000	0.036
13.993	0.0142	0.009	0.367	0.0702	0.000	0.036
13.998	0.0090	0.002	0.444	0.0476	0.000	0.038
14.003	0.0049	0.005	0.247	0.0472	0.000	0.052
14.008	0.0035	0.002	0.307	0.0655	0.000	0.085
14.013	0.0015	0.005	0.549	0.0369	0.000	0.113
14.018	0.0011	0.009	0.624	0.0274	0.000	0.150
14.023	0.0009	0.009	0.620	0.0334	0.001	0.163
14.028	0.0006	0.002	0.667	0.0318	0.001	0.176
14.033	0.0005	0.005	0.656	0.0194	0.001	0.170
14.038	0.0003	0.005	0.228	0.0170	0.008	0.296
14.043	0.0004	0.005	0.223	0.0115	0.495	0.585
14.048	0.0003	0.009	0.207	0.0086	0.640	0.584
14.053	0.0003	0.073	0.134	0.0301	0.261	0.523
14.058	0.0008	0.055	0.258	0.0438	0.003	0.167
14.063	0.0008	0.030	0.301	0.0260	0.000	0.066
14.068	0.0043	0.009	0.551	0.0228	0.000	0.043
14.073	0.0058	0.007	0.634	0.0246	0.000	0.041
14.078	0.0165	0.016	0.662	0.0198	0.000	0.040
14.083	0.0356	0.011	0.690	0.0144	0.000	0.037
14.088	0.0452	0.009	0.647	0.0175	0.000	0.032
14.093	0.0261	0.011	0.654	0.0141	0.000	0.032
14.098	0.0212	0.011	0.642	0.0104	0.000	0.037
14.103	0.0239	0.009	0.649	0.0090	0.000	0.040
14.108	0.0415	0.011	0.625	0.0193	0.000	0.041
14.113	0.0229	0.011	0.641	0.0092	0.000	0.041
14.118	0.0109	0.009	0.647	0.0132	0.000	0.047
14.123	0.0146	0.009	0.649	0.0104	0.000	0.057
14.128	0.0334	0.016	0.640	0.0195	0.000	0.055
14.133	0.0190	0.014	0.645	0.0301	0.000	0.050
14.138	0.0094	0.009	0.636	0.0162	0.000	0.056
14.143	0.0210	0.011	0.646	0.0134	0.000	0.056
14.148	0.0280	0.018	0.647	0.0109	0.000	0.054
14.153	0.0079	0.009	0.609	0.0219	0.000	0.049
14.158	0.0108	0.016	0.598	0.0257	0.000	0.054
14.163	0.0216	0.007	0.619	0.0197	0.000	0.050
14.168	0.0070	0.005	0.639	0.0567	0.000	0.039
14.173	0.0048	0.007	0.552	0.0361	0.000	0.045
14.178	0.0135	0.007	0.587	0.0181	0.000	0.051
14.183	0.0063	0.005	0.590	0.0409	0.000	0.059
14.188	0.0033	0.007	0.559	0.0251	0.000	0.068
14.193	0.0073	0.007	0.581	0.0188	0.001	0.090
14.198	0.0046	0.005	0.486	0.0300	0.001	0.093
14.203	0.0026	0.011	0.551	0.0347	0.000	0.074
14.208	0.0081	0.007	0.589	0.0212	0.000	0.053
14.213	0.0176	0.007	0.572	0.0242	0.000	0.046
14.218	0.0102	0.007	0.620	0.0189	0.000	0.044
14.223	0.0105	0.007	0.661	0.0156	0.000	0.041
14.228	0.0264	0.011	0.675	0.0121	0.000	0.040
14.233	0.0415	0.011	0.665	0.0084	0.000	0.037
14.238	0.0246	0.009	0.660	0.0211	0.000	0.042
14.243	0.0229	0.011	0.633	0.0154	0.001	0.051
14.248	0.0311	0.011	0.637	0.0145	0.002	0.050
14.253	0.0410	0.011	0.648	0.0159	0.001	0.047
14.258	0.0248	0.009	0.651	0.0093	0.001	0.040
14.263	0.0288	0.009	0.667	0.0077	0.000	0.035
14.268	0.0304	0.009	0.652	0.0064	0.001	0.054
14.273	0.0403	0.014	0.646	0.0112	0.000	0.056
14.278	0.0193	0.009	0.636	0.0192	0.000	0.052
14.283	0.0226	0.009	0.559	0.0221	0.000	0.041
14.288	0.0289	0.009	0.383	0.0271	0.000	0.035
14.293	0.0321	0.011	0.378	0.0449	0.000	0.031
14.298	0.0159	0.007	0.493	0.0469	0.000	0.021
14.302	0.0048	0.011	0.635	0.0147	0.000	0.017
14.307	0.0212	0.007	0.646	0.0171	0.000	0.019
14.312	0.0203	0.007	0.535	0.0238	0.000	0.027
14.317	0.0060	0.011	0.515	0.0287	0.000	0.031
14.322	0.0115	0.009	0.469	0.0219	0.000	0.029
14.327	0.0299	0.011	0.466	0.0422	0.000	0.029
14.332	0.0219	0.011	0.587	0.0267	0.000	0.028
14.337	0.0190	0.009	0.645	0.0192	0.000	0.031
14.342	0.0256	0.018	0.648	0.0148	0.000	0.032
14.347	0.0354	0.011	0.605	0.0257	0.000	0.037
14.352	0.0139	0.014	0.585	0.0239	0.000	0.051
14.357	0.0237	0.011	0.566	0.0191	0.001	0.074
14.362	0.0309	0.014	0.594	0.0131	0.001	0.088
14.367	0.0120	0.016	0.492	0.0152	0.002	0.109
14.372	0.0151	0.023	0.425	0.0169	0.004	0.118
14.377	0.0256	0.011	0.528	0.0173	0.004	0.113
14.382	0.0120	0.016	0.429	0.0341	0.004	0.105
14.387	0.0120	0.014	0.278	0.0345	0.001	0.139
14.392	0.0096	0.011	0.446	0.0421	0.001	0.125
14.397	0.0041	0.005	0.398	0.0482	0.000	0.101
14.402	0.0030	0.011	0.253	0.0332	0.000	0.096
14.407	0.0051	0.002	0.212	0.0574	0.001	0.148
14.412	0.0009	0.016	0.416	0.0381	0.001	0.156
14.417	0.0008	0.014	0.438	0.0372	0.002	0.184
14.422	0.0014	0.011	0.478	0.0208	0.002	0.201
14.427	0.0010	0.007	0.375	0.0380	0.006	0.278
14.432	0.0004	0.032	0.416	0.0210	0.008	0.257
14.437	0.0008	0.016	0.226	0.0812	0.003	0.161
14.442	0.0009	0.005	0.288	0.0535	0.001	0.110
14.447	0.0013	0.018	0.356	0.0466	0.000	0.056
14.452	0.0025	0.007	0.469	0.0374	0.000	0.033
14.457	0.0040	0.009	0.593	0.0237	0.000	0.022
14.462	0.0171	0.007	0.658	0.0229	0.000	0.021
14.467	0.0264	0.009	0.717	0.0145	0.000	0.020
14.472	0.0292	0.009	0.744	0.0116	0.000	0.018
14.477	0.0299	0.011	0.765	0.0144	0.000	0.019
14.482	0.0299	0.009	0.752	0.0104	0.000	0.018
14.487	0.0286	0.009	0.688	0.0199	0.000	0.018
14.492	0.0189	0.011	0.595	0.0296	0.000	0.018
14.497	0.0140	0.009	0.466	0.0431	0.000	0.021
14.502	0.0093	0.007	0.441	0.0512	0.000	0.020
14.507	0.0075	0.009	0.767	0.0178	0.000	0.022
14.512	0.0057	0.007	0.758	0.0147	0.000	0.021
14.517	0.0055	0.005	0.434	0.0244	0.000	0.037
14.522	0.0060	0.009	0.551	0.0402	0.000	0.041
14.527	0.0073	0.011	0.510	0.0216	0.000	0.027
14.532	0.0156	0.014	0.577	0.0384	0.000	0.023
14.537	0.0220	0.011	0.673	0.0162	0.000	0.029
14.542	0.0250	0.011	0.632	0.0222	0.000	0.030
14.547	0.0336	0.014	0.537	0.0230	0.000	0.031
14.552	0.0370	0.014	0.479	0.0248	0.000	0.038
14.557	0.0291	0.011	0.457	0.0213	0.002	0.058
14.562	0.0297	0.014	0.460	0.0272	0.005	0.073
14.567	0.0258	0.016	0.461	0.0242	0.005	0.079
14.572	0.0214	0.014	0.454	0.0292	0.002	0.071
14.577	0.0272	0.016	0.556	0.0177	0.002	0.074
14.582	0.0350	0.014	0.567	0.0186	0.001	0.064
14.587	0.0153	0.009	0.518	0.0194	0.001	0.058
14.592	0.0222	0.014	0.490	0.0290	0.001	0.064
14.597	0.0217	0.014	0.458	0.0293	0.001	0.062
14.602	0.0282	0.016	0.563	0.0190	0.000	0.058
14.607	0.0162	0.011	0.517	0.0407	0.000	0.063
14.612	0.0072	0.011	0.429	0.0259	0.000	0.078
14.617	0.0189	0.011	0.522	0.0239	0.000	0.084
14.622	0.0048	0.014	0.543	0.0405	0.000	0.071
14.627	0.0067	0.005	0.575	0.0356	0.000	0.033
14.632	0.0107	0.007	0.645	0.0490	0.000	0.021
14.637	0.0057	0.007	0.551	0.0142	0.000	0.021
14.642	0.0095	0.005	0.572	0.0200	0.000	0.022
14.647	0.0072	0.005	0.578	0.0274	0.000	0.024
14.652	0.0038	0.007	0.534	0.0231	0.000	0.025
14.657	0.0061	0.005	0.606	0.0158	0.000	0.023
14.662	0.0019	0.007	0.517	0.0167	0.000	0.026
14.667	0.0052	0.007	0.598	0.0128	0.000	0.026
14.672	0.0045	0.005	0.535	0.0119	0.000	0.028
14.677	0.0030	0.005	0.452	0.0213	0.000	0.043
14.682	0.0042	0.005	0.413	0.0227	0.000	0.083
14.687	0.0009	0.007	0.394	0.0451	0.000	0.119
14.692	0.0027	0.002	0.338	0.0404	0.001	0.174
14.697	0.0008	0.005	0.216	0.0210	0.402	0.370
14.702	0.0008	0.020	0.335	0.0150	0.268	0.326
14.707	0.0009	0.041	0.161	0.0453	0.047	0.262
14.712	0.0056	0.023	0.305	0.0565	0.004	0.146
14.717	0.0058	0.030	0.518	0.0275	0.001	0.079
14.722	0.0082	0.009	0.590	0.0186	0.000	0.063
14.727	0.0098	0.011	0.675	0.0137	0.000	0.052
14.732	0.0206	0.011	0.703	0.0111	0.000	0.044
14.737	0.0325	0.011	0.701	0.0124	0.000	0.047
14.741	0.0341	0.011	0.680	0.0118	0.000	0.053
14.746	0.0221	0.011	0.695	0.0092	0.001	0.059
14.751	0.0178	0.011	0.674	0.0105	0.001	0.057
14.756	0.0204	0.011	0.662	0.0119	0.001	0.053
14.761	0.0259	0.011	0.612	0.0214	0.000	0.044
14.766	0.0306	0.011	0.352	0.0237	0.000	0.056
14.771	0.0316	0.011	0.151	0.0633	0.001	0.085
14.776	0.0042	0.011	0.321	0.0428	0.000	0.077
14.781	0.0035	0.016	0.340	0.0198	0.000	0.065
14.786	0.0037	0.005	0.118	0.0351	0.000	0.094
14.791	0.0011	0.011	0.338	0.0374	0.001	0.112
14.796	0.0006	0.014	0.393	0.0234	0.001	0.149
14.801	0.0005	0.020	0.481	0.0395	0.001	0.174
14.806	0.0003	0.018	0.554	0.0136	0.001	0.209
14.811	0.0002	0.011	0.567	0.0098	0.006	0.273
14.816	0.0003	0.011	0.599	0.0249	0.005	0.260
14.821	0.0002	0.025	0.643	0.0252	0.001	0.221
14.826	0.0003	0.011	0.651	0.0126	0.001	0.204
14.831	0.0002	0.009	0.678	0.0139	0.001	0.222
14.836	0.0002	0.011	0.564	0.0133	0.003	0.273
14.841	0.0003	0.014	0.579	0.0170	0.004	0.300
14.846	0.0002	0.011	0.639	0.0280	0.003	0.318
14.851	0.0002	0.011	0.733	0.0266	0.002	0.296
14.856	0.0001	0.011	0.799	0.0106	0.002	0.308
14.861	0.0002	0.011	0.533	0.0147	0.007	0.407
14.866	0.0002	0.009	0.313	0.0112	0.237	0.653
14.871	0.0002	0.011	0.120	0.0149	0.262	0.622
14.876	0.0003	0.114	0.380	0.0587	0.057	0.443
14.881	0.0004	0.086	0.627	0.0572	0.005	0.250
14.886	0.0004	0.095	0.553	0.0303	0.001	0.085
14.891	0.0038	0.009	0.594	0.0217	0.001	0.066
14.896	0.0148	0.007	0.724	0.0090	0.002	0.050
14.901	0.0164	0.009	0.716	0.0090	0.002	0.050
14.906	0.0240	0.009	0.702	0.0157	0.001	0.046
14.911	0.0154	0.007	0.670	0.0196	0.001	0.040
14.916	0.0138	0.007	0.665	0.0083	0.001	0.063
14.921	0.0118	0.009	0.645	0.0219	0.003	0.109
14.926	0.0154	0.007	0.597	0.0091	0.010	0.189
14.931	0.0212	0.016	0.608	0.0066	0.020	0.234
14.936	0.0165	0.009	0.645	0.0092	0.015	0.232
14.941	0.0077	0.023	0.471	0.0148	0.051	0.285
14.946	0.0033	0.025	0.486	0.0106	0.251	0.338
14.951	0.0062	0.084	0.444	0.0107	0.280	0.378
14.956	0.0080	0.059	0.445	0.0119	0.402	0.426
14.961	0.0048	0.068	0.314	0.0097	0.545	0.456
14.966	0.0050	0.093	0.196	0.0134	0.679	0.525
14.971	0.0044	0.109	0.218	0.0128	0.840	0.516
14.976	0.0039	0.168	0.143	0.0122	0.942	0.504
14.981	0.0042	0.205	0.106	0.0131	0.955	0.528
14.986	0.0041	0.200	0.114	0.0129	0.981	0.519
14.991	0.0048	0.211	0.140	0.0126	0.990	0.481
14.996	0.0034	0.198	0.134	0.0133	0.996	0.487
15.001	0.0055	0.211	0.159	0.0123	0.996	0.457
15.006	0.0039	0.232	0.172	0.0117	0.997	0.447
15.011	0.0053	0.198	0.135	0.0120	0.998	0.435
15.016	0.0072	0.195	0.115	0.0127	0.998	0.411
15.021	0.0052	0.205	0.147	0.0127	0.998	0.434
15.026	0.0056	0.193	0.129	0.0128	0.998	0.412
15.031	0.0057	0.202	0.125	0.0133	0.998	0.394
15.036	0.0065	0.200	0.129	0.0142	0.998	0.359
15.041	0.0049	0.177	0.142	0.0127	0.998	0.349
15.046	0.0072	0.195	0.140	0.0136	0.998	0.354
15.051	0.0065	0.193	0.130	0.0141	0.998	0.353
15.056	0.0051	0.207	0.135	0.0141	0.985	0.384
15.061	0.0056	0.170	0.229	0.0239	0.706	0.363
15.066	0.0036	0.139	0.352	0.0539	0.041	0.213
15.071	0.0028	0.045	0.398	0.0343	0.004	0.115
15.076	0.0027	0.036	0.603	0.0234	0.001	0.072
15.081	0.0034	0.007	0.595	0.0210	0.000	0.064
15.086	0.0118	0.011	0.633	0.0190	0.000	0.059
15.091	0.0184	0.011	0.621	0.0147	0.001	0.063
15.096	0.0276	0.011	0.620	0.0268	0.002	0.064
15.101	0.0229	0.011	0.617	0.0127	0.002	0.067
15.106	0.0147	0.011	0.654	0.0102	0.002	0.055
15.111	0.0178	0.009	0.666	0.0177	0.002	0.056
15.116	0.0215	0.011	0.666	0.0142	0.002	0.061
15.121	0.0299	0.014	0.656	0.0119	0.002	0.064
15.126	0.0156	0.009	0.637	0.0178	0.001	0.073
15.131	0.0177	0.016	0.652	0.0155	0.001	0.073
15.136	0.0231	0.009	0.676	0.0096	0.001	0.065
15.141	0.0274	0.011	0.670	0.0077	0.001	0.061
15.146	0.0305	0.011	0.664	0.0119	0.001	0.063
15.151	0.0157	0.009	0.668	0.0087	0.001	0.058
15.156	0.0252	0.011	0.675	0.0093	0.001	0.060
15.161	0.0298	0.009	0.691	0.0067	0.001	0.068
15.166	0.0358	0.014	0.670	0.0076	0.001	0.071
15.171	0.0183	0.014	0.674	0.0106	0.001	0.061
15.176	0.0255	0.014	0.672	0.0060	0.001	0.058
15.180	0.0265	0.016	0.672	0.0119	0.001	0.064
15.185	0.0355	0.011	0.682	0.0091	0.001	0.061
15.190	0.0284	0.016	0.660	0.0121	0.000	0.055
15.195	0.0230	0.014	0.669	0.0071	0.000	0.051
15.200	0.0306	0.014	0.676	0.0124	0.000	0.052
15.205	0.0320	0.014	0.663	0.0104	0.000	0.044
15.210	0.0343	0.014	0.661	0.0120	0.000	0.041
15.215	0.0201	0.014	0.670	0.0037	0.000	0.041
15.220	0.0290	0.014	0.676	0.0036	0.000	0.042
15.225	0.0304	0.016	0.651	0.0087	0.000	0.040
15.230	0.0352	0.011	0.649	0.0140	0.000	0.037
15.235	0.0180	0.014	0.655	0.0136	0.000	0.033
15.240	0.0268	0.014	0.660	0.0069	0.000	0.030
15.245	0.0279	0.014	0.642	0.0132	0.000	0.029
15.250	0.0325	0.014	0.661	0.0145	0.000	0.031
15.255	0.0180	0.014	0.654	0.0180	0.000	0.025
15.260	0.0266	0.014	0.657	0.0092	0.000	0.025
15.265	0.0346	0.011	0.664	0.0057	0.000	0.024
15.270	0.0291	0.016	0.663	0.0103	0.000	0.024
15.275	0.0193	0.014	0.654	0.0086	0.000	0.025
15.280	0.0258	0.014	0.658	0.0090	0.000	0.024
15.285	0.0360	0.011	0.668	0.0063	0.000	0.024
15.290	0.0266	0.016	0.667	0.0061	0.000	0.025
15.295	0.0198	0.014	0.662	0.0059	0.000	0.028
15.300	0.0267	0.014	0.665	0.0099	0.000	0.030
15.305	0.0376	0.011	0.678	0.0090	0.000	0.028
15.310	0.0309	0.016	0.664	0.0094	0.000	0.026
15.315	0.0212	0.014	0.664	0.0040	0.000	0.026
15.320	0.0279	0.014	0.664	0.0062	0.000	0.026
15.325	0.0369	0.014	0.658	0.0137	0.000	0.025
15.330	0.0328	0.014	0.656	0.0105	0.000	0.023
15.335	0.0196	0.014	0.662	0.0148	0.000	0.022
15.340	0.0279	0.014	0.661	0.0085	0.000	0.023
15.345	0.0364	0.014	0.652	0.0168	0.000	0.025
15.350	0.0248	0.014	0.632	0.0213	0.000	0.026
15.355	0.0164	0.011	0.611	0.0161	0.000	0.028
15.360	0.0245	0.014	0.606	0.0141	0.000	0.030
15.365	0.0286	0.014	0.501	0.0393	0.001	0.034
15.370	0.0103	0.014	0.503	0.0150	0.001	0.042
15.375	0.0186	0.016	0.525	0.0127	0.002	0.052
15.380	0.0157	0.018	0.418	0.0256	0.002	0.052
15.385	0.0075	0.020	0.415	0.0364	0.003	0.057
15.390	0.0090	0.016	0.589	0.0319	0.004	0.048
15.395	0.0111	0.016	0.582	0.0264	0.001	0.039
15.400	0.0223	0.011	0.405	0.0290	0.001	0.061
15.405	0.0111	0.016	0.342	0.0373	0.001	0.051
15.410	0.0055	0.016	0.346	0.0254	0.000	0.033
15.415	0.0101	0.014	0.282	0.0282	0.001	0.051
15.420	0.0082	0.018	0.245	0.0260	0.004	0.059
15.425	0.0046	0.020	0.281	0.0264	0.002	0.039
15.430	0.0054	0.016	0.358	0.0307	0.001	0.039
15.435	0.0101	0.030	0.406	0.0268	0.002	0.046
15.440	0.0058	0.020	0.554	0.0373	0.001	0.034
15.445	0.0091	0.018	0.467	0.0137	0.001	0.043
15.450	0.0175	0.014	0.258	0.0253	0.006	0.057
15.455	0.0109	0.018	0.546	0.0214	0.004	0.049
15.460	0.0130	0.023	0.630	0.0166	0.003	0.044
15.465	0.0139	0.014	0.419	0.0376	0.001	0.044
15.470	0.0116	0.011	0.502	0.0260	0.001	0.042
15.475	0.0214	0.018	0.574	0.0185	0.000	0.043
15.480	0.0314	0.014	0.598	0.0237	0.000	0.044
15.485	0.0157	0.014	0.671	0.0120	0.000	0.048
15.490	0.0203	0.014	0.672	0.0096	0.000	0.054
15.495	0.0270	0.016	0.671	0.0108	0.001	0.054
15.500	0.0366	0.014	0.673	0.0084	0.001	0.060
15.505	0.0338	0.014	0.648	0.0119	0.001	0.063
15.510	0.0185	0.014	0.645	0.0156	0.001	0.059
15.515	0.0277	0.016	0.670	0.0075	0.000	0.053
15.520	0.0304	0.009	0.689	0.0091	0.000	0.050
15.525	0.0365	0.014	0.635	0.0149	0.000	0.057
15.530	0.0207	0.014	0.577	0.0165	0.000	0.059
15.535	0.0266	0.014	0.390	0.0389	0.000	0.046
15.540	0.0204	0.011	0.215	0.0404	0.000	0.043
15.545	0.0200	0.007	0.347	0.0513	0.000	0.025
15.550	0.0030	0.009	0.572	0.0160	0.000	0.023
15.555	0.0077	0.007	0.577	0.0100	0.000	0.053
15.560	0.0068	0.009	0.519	0.0360	0.000	0.082
15.565	0.0042	0.007	0.514	0.0255	0.000	0.091
15.570	0.0016	0.018	0.579	0.0207	0.000	0.084
15.575	0.0060	0.011	0.647	0.0181	0.000	0.055
15.580	0.0180	0.011	0.657	0.0136	0.000	0.048
15.585	0.0149	0.009	0.660	0.0107	0.000	0.041
15.590	0.0056	0.009	0.647	0.0059	0.000	0.038
15.595	0.0131	0.007	0.657	0.0073	0.000	0.034
15.600	0.0251	0.007	0.655	0.0055	0.000	0.033
15.605	0.0105	0.007	0.676	0.0065	0.000	0.034
15.610	0.0082	0.007	0.646	0.0113	0.000	0.036
15.615	0.0182	0.005	0.553	0.0242	0.000	0.036
15.620	0.0267	0.009	0.479	0.0299	0.000	0.038
15.624	0.0080	0.005	0.447	0.0925	0.000	0.041
15.629	0.0049	0.007	0.503	0.0459	0.000	0.025
15.634	0.0076	0.007	0.625	0.0222	0.000	0.019
15.639	0.0056	0.005	0.612	0.0370	0.000	0.020
15.644	0.0031	0.007	0.561	0.0185	0.000	0.021
15.649	0.0060	0.005	0.625	0.0182	0.000	0.022
15.654	0.0045	0.002	0.647	0.0811	0.000	0.025
15.659	0.0016	0.002	0.562	0.0406	0.000	0.027
15.664	0.0046	0.007	0.591	0.0637	0.000	0.028
15.669	0.0032	0.005	0.496	0.0396	0.000	0.032
15.674	0.0020	0.002	0.521	0.0531	0.000	0.036
15.679	0.0029	0.005	0.515	0.0280	0.000	0.053
15.684	0.0023	0.002	0.606	0.0326	0.000	0.060
15.689	0.0022	0.002	0.588	0.0159	0.000	0.067
15.694	0.0011	0.005	0.597	0.0578	0.000	0.072
15.699	0.0017	0.002	0.575	0.0564	0.000	0.080
15.704	0.0008	0.002	0.619	0.0261	0.000	0.085
15.709	0.0011	0.005	0.577	0.0193	0.000	0.107
15.714	0.0010	0.002	0.363	0.0182	0.033	0.523
15.719	0.0006	0.005	0.230	0.0149	0.369	0.614
15.724	0.0008	0.011	0.214	0.0146	0.559	0.512
15.729	0.0009	0.118	0.319	0.0341	0.285	0.420
15.734	0.0030	0.107	0.414	0.0399	0.043	0.271
15.739	0.0031	0.064	0.459	0.0362	0.012	0.178
15.744	0.0047	0.025	0.645	0.0196	0.002	0.111
15.749	0.0098	0.009	0.727	0.0242	0.001	0.102
15.754	0.0265	0.007	0.712	0.0199	0.001	0.086
15.759	0.0273	0.014	0.694	0.0161	0.001	0.091
15.764	0.0248	0.018	0.713	0.0161	0.002	0.102
15.769	0.0164	0.025	0.682	0.0140	0.002	0.097
15.774	0.0122	0.011	0.697	0.0145	0.002	0.106
15.779	0.0087	0.014	0.727	0.0120	0.003	0.111
15.784	0.0095	0.009	0.737	0.0102	0.003	0.094
15.789	0.0109	0.009	0.736	0.0121	0.002	0.081
15.794	0.0122	0.009	0.724	0.0156	0.002	0.071
15.799	0.0127	0.005	0.737	0.0142	0.001	0.070
15.804	0.0166	0.009	0.760	0.0108	0.001	0.061
15.809	0.0174	0.009	0.754	0.0206	0.000	0.056
15.814	0.0162	0.016	0.767	0.0129	0.000	0.050
15.819	0.0162	0.014	0.759	0.0103	0.000	0.048
15.824	0.0146	0.005	0.749	0.0250	0.000	0.046
15.829	0.0122	0.009	0.718	0.0245	0.000	0.047
15.834	0.0074	0.009	0.683	0.0317	0.000	0.042
15.839	0.0075	0.011	0.689	0.0215	0.000	0.039
15.844	0.0088	0.009	0.695	0.0183	0.000	0.032
15.849	0.0124	0.009	0.720	0.0203	0.000	0.034
15.854	0.0172	0.009	0.699	0.0204	0.000	0.037
15.859	0.0203	0.007	0.509	0.0235	0.001	0.039
15.864	0.0172	0.009	0.500	0.0337	0.000	0.033
15.869	0.0196	0.011	0.578	0.0314	0.000	0.035
15.874	0.0192	0.009	0.583	0.0359	0.000	0.033
15.879	0.0093	0.007	0.504	0.0274	0.000	0.032
15.884	0.0109	0.011	0.373	0.0412	0.000	0.032
15.889	0.0150	0.009	0.411	0.0406	0.000	0.034
15.894	0.0173	0.009	0.522	0.0440	0.001	0.041
15.899	0.0092	0.014	0.364	0.0243	0.001	0.043
15.904	0.0105	0.009	0.268	0.0336	0.000	0.035
15.909	0.0131	0.016	0.194	0.0511	0.000	0.029
15.914	0.0088	0.007	0.270	0.0282	0.000	0.026
15.919	0.0085	0.009	0.323	0.0477	0.000	0.034
15.924	0.0116	0.005	0.321	0.0536	0.000	0.032
15.929	0.0059	0.007	0.591	0.0324	0.000	0.029
15.934	0.0075	0.011	0.295	0.0351	0.000	0.029
15.939	0.0059	0.009	0.333	0.0382	0.000	0.029
15.944	0.0071	0.009	0.537	0.0193	0.001	0.029
15.949	0.0120	0.009	0.498	0.0288	0.001	0.028
15.954	0.0088	0.011	0.547	0.0587	0.000	0.019
15.959	0.0114	0.009	0.623	0.0194	0.000	0.018
15.964	0.0061	0.011	0.558	0.0423	0.000	0.016
15.969	0.0049	0.009	0.554	0.0312	0.000	0.016
15.974	0.0132	0.014	0.625	0.0271	0.000	0.014
15.979	0.0071	0.011	0.502	0.0334	0.000	0.017
15.984	0.0145	0.009	0.629	0.0206	0.000	0.016
15.989	0.0013	0.011	0.555	0.0305	0.000	0.016
15.994	0.0039	0.014	0.512	0.0323	0.000	0.016
15.999	0.0118	0.009	0.617	0.0390	0.000	0.016
16.004	0.0013	0.018	0.622	0.0494	0.000	0.014
16.009	0.0078	0.009	0.605	0.0352	0.000	0.014
16.014	0.0108	0.009	0.602	0.0317	0.000	0.016
16.019	0.0029	0.009	0.571	0.0361	0.000	0.022
16.024	0.0046	0.007	0.556	0.0272	0.000	0.027
16.029	0.0060	0.002	0.563	0.0387	0.000	0.027
16.034	0.0036	0.005	0.447	0.0265	0.000	0.037
16.039	0.0025	0.005	0.571	0.0686	0.000	0.032
16.044	0.0014	0.002	0.599	0.0528	0.000	0.045
16.049	0.0029	0.005	0.608	0.0477	0.000	0.054
16.054	0.0016	0.005	0.667	0.0155	0.000	0.064
16.059	0.0025	0.002	0.523	0.0187	0.000	0.085
16.063	0.0013	0.005	0.417	0.0203	0.000	0.148
16.068	0.0006	0.005	0.467	0.0791	0.001	0.166
16.073	0.0004	0.005	0.521	0.0171	0.002	0.255
16.078	0.0005	0.002	0.267	0.0311	0.007	0.381
16.083	0.0001	0.009	0.296	0.0213	0.017	0.481
16.088	0.0001	0.009	0.198	0.0297	0.054	0.584
16.093	0.0000	0.023	0.285	0.0201	0.068	0.620
16.098	0.0000	0.036	0.380	0.0259	0.043	0.553
16.103	0.0000	0.005	0.296	0.0231	0.077	0.633
16.108	0.0000	0.009	0.315	0.0282	0.048	0.607
16.113	0.0000	0.020	0.229	0.0112	0.056	0.605
16.118	0.0000	0.036	0.306	0.0103	0.079	0.638
16.123	0.0000	0.007	0.342	0.0167	0.050	0.592
16.128	0.0000	0.005	0.245	0.0135	0.067	0.635
16.133	0.0000	0.000	0.294	0.0141	0.091	0.649
16.138	0.0000	0.036	0.315	0.0278	0.054	0.600
16.143	0.0000	0.002	0.196	0.0118	0.056	0.586
16.148	0.0000	0.011	0.154	0.0159	0.173	0.685
16.153	0.0000	0.014	0.113	0.0210	0.172	0.644
16.158	0.0000	0.041	0.255	0.0174	0.078	0.580
16.163	0.0000	0.061	0.254	0.0138	0.066	0.571
16.168	0.0000	0.011	0.265	0.0202	0.102	0.604
16.173	0.0000	0.023	0.231	0.0134	0.111	0.579
16.178	0.0000	0.023	0.248	0.0140	0.123	0.587
16.183	0.0000	0.014	0.226	0.0143	0.082	0.561
16.188	0.0000	0.036	0.185	0.0165	0.073	0.560
16.193	0.0000	0.020	0.167	0.0156	0.064	0.566
16.198	0.0000	0.025	0.230	0.0199	0.061	0.528
16.203	0.0000	0.050	0.275	0.0131	0.032	0.462
16.208	0.0000	0.030	0.226	0.0154	0.035	0.448
16.213	0.0001	0.034	0.189	0.0166	0.056	0.463
16.218	0.0001	0.036	0.219	0.0221	0.034	0.408
16.223	0.0001	0.041	0.316	0.0118	0.036	0.384
16.228	0.0001	0.027	0.360	0.0163	0.050	0.382
16.233	0.0001	0.045	0.303	0.0165	0.059	0.384
16.238	0.0001	0.045	0.247	0.0182	0.078	0.391
16.243	0.0001	0.055	0.146	0.0139	0.111	0.375
16.248	0.0001	0.070	0.229	0.0171	0.120	0.379
16.253	0.0001	0.070	0.213	0.0132	0.118	0.347
16.258	0.0001	0.055	0.249	0.0140	0.122	0.338
16.263	0.0001	0.068	0.182	0.0122	0.121	0.359
16.268	0.0001	0.066	0.155	0.0156	0.154	0.360
16.273	0.0001	0.068	0.177	0.0120	0.157	0.356
16.278	0.0001	0.068	0.201	0.0153	0.155	0.343
16.283	0.0001	0.061	0.219	0.0122	0.166	0.347
16.288	0.0001	0.077	0.199	0.0185	0.123	0.328
16.293	0.0001	0.070	0.211	0.0146	0.102	0.315
16.298	0.0002	0.070	0.190	0.0125	0.136	0.351
16.303	0.0001	0.055	0.178	0.0148	0.172	0.390
16.308	0.0001	0.075	0.140	0.0130	0.202	0.390
16.313	0.0001	0.059	0.130	0.0118	0.280	0.397
16.318	0.0002	0.100	0.158	0.0128	0.245	0.402
16.323	0.0002	0.077	0.191	0.0149	0.199	0.394
16.328	0.0001	0.075	0.230	0.0141	0.165	0.392
16.333	0.0001	0.091	0.203	0.0151	0.135	0.347
16.338	0.0001	0.052	0.192	0.0164	0.120	0.332
16.343	0.0002	0.066	0.148	0.0151	0.158	0.373
16.348	0.0002	0.070	0.154	0.0176	0.247	0.399
16.353	0.0001	0.068	0.208	0.0137	0.202	0.356
16.358	0.0001	0.073	0.186	0.0154	0.179	0.336
16.363	0.0002	0.077	0.230	0.0145	0.167	0.308
16.368	0.0002	0.066	0.247	0.0173	0.194	0.319
16.373	0.0003	0.059	0.121	0.0142	0.231	0.321
16.378	0.0003	0.073	0.143	0.0167	0.314	0.345
16.383	0.0002	0.073	0.163	0.0140	0.387	0.358
16.388	0.0002	0.109	0.159	0.0127	0.385	0.378
16.393	0.0002	0.091	0.164	0.0143	0.395	0.374
16.398	0.0002	0.091	0.121	0.0138	0.358	0.367
16.403	0.0002	0.095	0.132	0.0143	0.380	0.349
16.408	0.0003	0.082	0.104	0.0145	0.417	0.363
16.413	0.0003	0.082	0.196	0.0128	0.371	0.359
16.418	0.0003	0.111	0.130	0.0149	0.368	0.376
16.423	0.0003	0.098	0.155	0.0143	0.373	0.353
16.428	0.0003	0.107	0.152	0.0134	0.280	0.341
16.433	0.0003	0.105	0.195	0.0136	0.215	0.345
16.438	0.0003	0.073	0.164	0.0158	0.196	0.331
16.443	0.0003	0.080	0.204	0.0151	0.205	0.361
16.448	0.0003	0.084	0.273	0.0142	0.292	0.385
16.453	0.0003	0.098	0.294	0.0181	0.337	0.391
16.458	0.0002	0.100	0.267	0.0165	0.301	0.349
16.463	0.0002	0.093	0.243	0.0153	0.206	0.346
16.468	0.0003	0.084	0.187	0.0131	0.170	0.371
16.473	0.0002	0.068	0.212	0.0122	0.344	0.418
16.478	0.0002	0.082	0.211	0.0140	0.394	0.457
16.483	0.0001	0.093	0.247	0.0178	0.373	0.406
16.488	0.0002	0.089	0.290	0.0150	0.354	0.399
16.493	0.0001	0.070	0.292	0.0124	0.333	0.393
16.498	0.0001	0.086	0.232	0.0132	0.427	0.442
16.502	0.0001	0.114	0.206	0.0122	0.395	0.477
16.507	0.0001	0.089	0.157	0.0144	0.425	0.484
16.512	0.0001	0.086	0.201	0.0157	0.341	0.511
16.517	0.0001	0.093	0.149	0.0131	0.325	0.546
16.522	0.0001	0.075	0.142	0.0126	0.286	0.564
16.527	0.0000	0.077	0.211	0.0136	0.277	0.603
16.532	0.0000	0.091	0.182	0.0130	0.293	0.604
16.537	0.0000	0.068	0.122	0.0129	0.237	0.642
16.542	0.0000	0.070	0.154	0.0117	0.165	0.638
16.547	0.0000	0.036	0.156	0.0128	0.201	0.657
16.552	0.0000	0.048	0.179	0.0121	0.165	0.651
16.557	0.0000	0.039	0.189	0.0089	0.173	0.673
16.562	0.0000	0.043	0.177	0.0172	0.151	0.658
16.567	0.0000	0.041	0.164	0.0156	0.104	0.596
16.572	0.0000	0.043	0.156	0.0243	0.048	0.505
16.577	0.0000	0.025	0.352	0.0182	0.025	0.424
16.582	0.0000	0.027	0.406	0.0159	0.017	0.424
16.587	0.0001	0.014	0.459	0.0191	0.019	0.434
16.592	0.0001	0.011	0.272	0.0125	0.024	0.446
16.597	0.0001	0.009	0.274	0.0223	0.037	0.514
16.602	0.0000	0.016	0.343	0.0163	0.016	0.431
16.607	0.0000	0.023	0.386	0.0200	0.016	0.418
16.612	0.0001	0.032	0.341	0.0330	0.018	0.428
16.617	0.0000	0.014	0.381	0.0139	0.014	0.389
16.622	0.0000	0.014	0.367	0.0167	0.024	0.477
16.627	0.0000	0.014	0.392	0.0349	0.014	0.402
16.632	0.0000	0.018	0.436	0.0259	0.010	0.390
16.637	0.0001	0.014	0.610	0.0267	0.009	0.372
16.642	0.0001	0.014	0.568	0.0161	0.010	0.408
16.647	0.0001	0.009	0.515	0.0262	0.011	0.420
16.652	0.0001	0.009	0.457	0.0163	0.013	0.404
16.657	0.0001	0.009	0.408	0.0164	0.017	0.419
16.662	0.0001	0.014	0.384	0.0214	0.019	0.436
16.667	0.0001	0.009	0.221	0.0272	0.021	0.440
16.672	0.0000	0.023	0.389	0.0248	0.005	0.265
16.677	0.0001	0.020	0.289	0.0312	0.003	0.220
16.682	0.0001	0.030	0.222	0.0261	0.002	0.153
16.687	0.0002	0.032	0.300	0.0328	0.001	0.106
16.692	0.0004	0.039	0.570	0.0370	0.000	0.057
16.697	0.0005	0.034	0.487	0.0210	0.001	0.057
16.702	0.0019	0.027	0.495	0.0189	0.001	0.054
16.707	0.0056	0.016	0.315	0.0311	0.001	0.049
16.712	0.0139	0.027	0.313	0.0324	0.000	0.041
16.717	0.0078	0.027	0.424	0.0198	0.000	0.042
16.722	0.0284	0.014	0.509	0.0272	0.000	0.049
16.727	0.0198	0.014	0.624	0.0230	0.000	0.054
16.732	0.0184	0.014	0.655	0.0209	0.000	0.069
16.737	0.0300	0.016	0.549	0.0136	0.001	0.068
16.742	0.0397	0.016	0.502	0.0204	0.001	0.075
16.747	0.0387	0.014	0.552	0.0184	0.002	0.076
16.752	0.0257	0.011	0.626	0.0204	0.002	0.068
16.757	0.0297	0.014	0.637	0.0146	0.001	0.072
16.762	0.0387	0.016	0.620	0.0130	0.001	0.072
16.767	0.0487	0.011	0.635	0.0284	0.001	0.073
16.772	0.0447	0.018	0.654	0.0125	0.002	0.063
16.777	0.0506	0.016	0.629	0.0166	0.002	0.068
16.782	0.0647	0.016	0.662	0.0138	0.002	0.072
16.787	0.0372	0.016	0.643	0.0111	0.001	0.073
16.792	0.0475	0.011	0.632	0.0193	0.001	0.069
16.797	0.0543	0.016	0.655	0.0116	0.001	0.069
16.802	0.0522	0.011	0.656	0.0168	0.002	0.070
16.807	0.0381	0.014	0.626	0.0188	0.001	0.072
16.812	0.0502	0.016	0.637	0.0123	0.001	0.065
16.817	0.0570	0.016	0.654	0.0088	0.001	0.065
16.822	0.0282	0.011	0.645	0.0081	0.001	0.067
16.827	0.0445	0.011	0.618	0.0110	0.001	0.063
16.832	0.0380	0.016	0.619	0.0119	0.000	0.065
16.837	0.0409	0.011	0.646	0.0084	0.000	0.065
16.842	0.0302	0.011	0.638	0.0157	0.001	0.071
16.847	0.0408	0.014	0.645	0.0110	0.001	0.073
16.852	0.0422	0.014	0.642	0.0120	0.001	0.070
16.857	0.0297	0.011	0.630	0.0162	0.001	0.076
16.862	0.0360	0.011	0.607	0.0123	0.001	0.077
16.867	0.0498	0.014	0.644	0.0093	0.001	0.079
16.872	0.0223	0.011	0.644	0.0121	0.001	0.069
16.877	0.0357	0.014	0.606	0.0112	0.000	0.065
16.882	0.0466	0.014	0.638	0.0136	0.000	0.055
16.887	0.0230	0.011	0.628	0.0159	0.000	0.047
16.892	0.0272	0.011	0.608	0.0203	0.000	0.041
16.897	0.0307	0.016	0.639	0.0174	0.000	0.040
16.902	0.0379	0.009	0.641	0.0117	0.000	0.039
16.907	0.0189	0.014	0.598	0.0186	0.000	0.035
16.912	0.0335	0.014	0.563	0.0249	0.000	0.029
16.917	0.0397	0.011	0.605	0.0408	0.000	0.028
16.922	0.0184	0.011	0.555	0.0298	0.000	0.022
16.927	0.0237	0.011	0.493	0.0218	0.000	0.018
16.932	0.0268	0.011	0.446	0.0359	0.000	0.017
16.937	0.0108	0.011	0.357	0.0447	0.000	0.021
16.941	0.0115	0.007	0.462	0.0211	0.000	0.022
16.946	0.0023	0.005	0.329	0.0469	0.000	0.030
16.951	0.0040	0.007	0.337	0.0510	0.000	0.036
16.956	0.0032	0.002	0.340	0.0291	0.000	0.034
16.961	0.0053	0.005	0.271	0.0373	0.000	0.070
16.966	0.0009	0.007	0.274	0.0315	0.000	0.073
16.971	0.0012	0.007	0.564	0.0392	0.000	0.080
16.976	0.0007	0.014	0.502	0.0343	0.000	0.093
16.981	0.0010	0.011	0.594	0.0278	0.000	0.109
16.986	0.0006	0.014	0.534	0.0257	0.001	0.142
16.991	0.0005	0.014	0.478	0.0240	0.001	0.191
16.996	0.0002	0.016	0.367	0.0160	0.003	0.235
17.001	0.0003	0.011	0.390	0.0317	0.006	0.326
17.006	0.0001	0.014	0.630	0.0180	0.005	0.321
17.011	0.0001	0.011	0.590	0.0137	0.005	0.310
17.016	0.0001	0.018	0.515	0.0238	0.006	0.327
17.021	0.0002	0.011	0.456	0.0146	0.010	0.364
17.026	0.0001	0.014	0.277	0.0177	0.015	0.419
17.031	0.0001	0.007	0.324	0.0152	0.036	0.500
17.036	0.0001	0.007	0.115	0.0149	0.116	0.624
17.041	0.0000	0.009	0.000	0.1041	0.079	0.811
17.046	0.0000	0.000	0.000	0.0000	0.000	1.000
17.051	0.0000	0.000	0.000	0.0000	0.000	1.000
17.056	0.0000	0.000	0.000	0.0000	0.000	1.000
17.061	0.0000	0.000	0.000	0.0000	0.000	1.000
17.066	0.0000	0.000	0.000	0.0000	0.000	1.000
17.071	0.0000	0.000	0.000	0.0000	0.000	1.000
17.076	0.0000	0.000	0.000	0.0000	0.000	1.000
17.081	0.0000	0.000	0.000	0.0000	0.000	1.000
17.086	0.0000	0.000	0.000	0.0000	0.000	1.000
17.091	0.0000	0.000	0.000	0.0000	0.000	1.000
17.096	0.0000	0.000	0.000	0.0000	0.000	1.000
17.101	0.0000	0.000	0.000	0.0000	0.000	1.000
17.106	0.0000	0.000	0.000	0.0000	0.000	1.000
17.111	0.0000	0.000	0.000	0.0000	0.000	1.000
17.116	0.0000	0.000	0.000	0.0000	0.000	1.000
17.121	0.0000	0.000	0.000	0.0000	0.000	1.000
17.126	0.0000	0.000	0.000	0.0000	0.000	1.000
17.131	0.0000	0.000	0.000	0.0000	0.000	1.000
17.136	0.0000	0.000	0.000	0.0000	0.000	1.000
17.141	0.0000	0.000	0.000	0.0000	0.000	1.000
17.146	0.0000	0.000	0.000	0.0000	0.000	1.000
17.151	0.0000	0.000	0.000	0.0000	0.000	1.000
17.156	0.0000	0.000	0.000	0.0000	0.000	1.000
17.161	0.0000	0.000	0.000	0.0000	0.000	1.000
17.166	0.0000	0.000	0.000	0.0000	0.000	1.000
17.171	0.0000	0.000	0.000	0.0000	0.000	1.000
17.176	0.0000	0.000	0.000	0.0342	0.783	0.995
17.181	0.0000	0.000	0.077	0.0119	0.763	0.871
17.186	0.0000	0.000	0.089	0.0118	0.683	0.822
17.191	0.0000	0.000	0.135	0.0104	0.538	0.755
17.196	0.0000	0.039	0.082	0.0113	0.540	0.726
17.201	0.0000	0.061	0.119	0.0173	0.643	0.526
17.206	0.0000	0.116	0.142	0.0187	0.615	0.418
17.211	0.0000	0.120	0.289	0.0151	0.548	0.262
17.216	0.0001	0.127	0.169	0.0140	0.559	0.242
17.221	0.0005	0.114	0.136	0.0171	0.706	0.224
17.226	0.0010	0.105	0.148	0.0175	0.692	0.217
17.231	0.0025	0.132	0.211	0.0154	0.688	0.203
17.236	0.0050	0.109	0.179	0.0175	0.675	0.204
17.241	0.0104	0.118	0.165	0.0151	0.618	0.241
17.246	0.0191	0.107	0.177	0.0138	0.674	0.272
17.251	0.0212	0.127	0.160	0.0148	0.802	0.268
17.256	0.0391	0.125	0.144	0.0156	0.836	0.283
17.261	0.0453	0.134	0.182	0.0145	0.747	0.300
17.266	0.0529	0.134	0.174	0.0149	0.669	0.307
17.271	0.0415	0.105	0.131	0.0140	0.797	0.309
17.276	0.0390	0.130	0.135	0.0137	0.791	0.306
17.281	0.0495	0.136	0.162	0.0162	0.732	0.330
17.286	0.0415	0.120	0.126	0.0134	0.735	0.323
17.291	0.0384	0.116	0.137	0.0146	0.685	0.322
17.296	0.0512	0.127	0.144	0.0142	0.664	0.342
17.301	0.0465	0.132	0.175	0.0158	0.761	0.352
17.306	0.0409	0.102	0.194	0.0119	0.734	0.347
17.311	0.0482	0.139	0.144	0.0157	0.736	0.349
17.316	0.0473	0.114	0.167	0.0142	0.788	0.343
17.321	0.0443	0.125	0.200	0.0117	0.761	0.359
17.326	0.0449	0.125	0.138	0.0125	0.697	0.395
17.331	0.0465	0.141	0.131	0.0146	0.745	0.397
17.336	0.0383	0.139	0.121	0.0140	0.776	0.385
17.341	0.0431	0.127	0.209	0.0147	0.701	0.385
17.346	0.0323	0.127	0.158	0.0147	0.564	0.367
17.351	0.0281	0.107	0.307	0.0269	0.091	0.263
17.356	0.0241	0.107	0.423	0.0229	0.024	0.175
17.361	0.0482	0.034	0.560	0.0212	0.007	0.130
17.366	0.0781	0.032	0.697	0.0130	0.005	0.107
17.371	0.1111	0.023	0.637	0.0113	0.003	0.089
17.376	0.1540	0.018	0.587	0.0207	0.002	0.084
17.380	0.1284	0.025	0.727	0.0137	0.001	0.090
17.385	0.1325	0.016	0.692	0.0145	0.001	0.086
17.390	0.1240	0.020	0.716	0.0148	0.001	0.080
17.395	0.0924	0.023	0.747	0.0113	0.001	0.072
17.400	0.0802	0.023	0.726	0.0087	0.001	0.064
17.405	0.0917	0.034	0.657	0.0136	0.001	0.067
17.410	0.0815	0.032	0.664	0.0175	0.001	0.071
17.415	0.0746	0.027	0.722	0.0085	0.001	0.075
17.420	0.0633	0.027	0.713	0.0065	0.001	0.070
17.425	0.0613	0.032	0.624	0.0134	0.001	0.068
17.430	0.0624	0.030	0.637	0.0182	0.001	0.063
17.435	0.0608	0.032	0.703	0.0117	0.001	0.067
17.440	0.0598	0.034	0.692	0.0094	0.001	0.061
17.445	0.0520	0.036	0.622	0.0141	0.001	0.063
17.450	0.0549	0.036	0.661	0.0174	0.001	0.060
17.455	0.0618	0.032	0.671	0.0136	0.001	0.061
17.460	0.0726	0.027	0.689	0.0140	0.001	0.061
17.465	0.0773	0.016	0.661	0.0147	0.000	0.056
17.470	0.0795	0.018	0.636	0.0149	0.000	0.050
17.475	0.1112	0.014	0.703	0.0097	0.000	0.057
17.480	0.1171	0.016	0.718	0.0073	0.000	0.052
17.485	0.1347	0.018	0.687	0.0088	0.000	0.046
17.490	0.1308	0.020	0.686	0.0134	0.000	0.052
17.495	0.1129	0.023	0.706	0.0094	0.000	0.053
17.500	0.0740	0.020	0.711	0.0111	0.000	0.050
17.505	0.0659	0.020	0.672	0.0110	0.000	0.053
17.510	0.0745	0.020	0.672	0.0105	0.000	0.047
17.515	0.0807	0.030	0.712	0.0065	0.000	0.048
17.520	0.0929	0.027	0.697	0.0081	0.000	0.049
17.525	0.1123	0.030	0.708	0.0103	0.000	0.051
17.530	0.1385	0.030	0.688	0.0124	0.000	0.051
17.535	0.1166	0.023	0.687	0.0118	0.000	0.047
17.540	0.0643	0.018	0.661	0.0095	0.000	0.045
17.545	0.0385	0.016	0.538	0.0149	0.000	0.053
17.550	0.0481	0.018	0.299	0.0352	0.000	0.077
17.555	0.0377	0.011	0.343	0.0322	0.000	0.073
17.560	0.0387	0.014	0.402	0.0247	0.000	0.060
17.565	0.0173	0.011	0.431	0.0205	0.000	0.086
17.570	0.0060	0.014	0.398	0.0245	0.001	0.122
17.575	0.0076	0.016	0.438	0.0318	0.000	0.083
17.580	0.0084	0.002	0.261	0.0267	0.000	0.047
17.585	0.0046	0.014	0.222	0.0235	0.000	0.063
17.590	0.0039	0.023	0.281	0.0264	0.000	0.055
17.595	0.0018	0.023	0.387	0.0182	0.000	0.039
17.600	0.0028	0.016	0.289	0.0288	0.000	0.038
17.605	0.0023	0.020	0.275	0.0244	0.000	0.040
17.610	0.0019	0.020	0.366	0.0268	0.000	0.044
17.615	0.0013	0.027	0.470	0.0265	0.000	0.040
17.620	0.0014	0.016	0.368	0.0236	0.000	0.051
17.625	0.0019	0.027	0.298	0.0282	0.000	0.074
17.630	0.0016	0.030	0.172	0.0143	0.230	0.601
17.635	0.0008	0.036	0.086	0.0136	0.617	0.694
17.640	0.0011	0.077	0.114	0.0079	0.752	0.678
17.645	0.0021	0.205	0.096	0.0073	0.746	0.656
17.650	0.0089	0.184	0.106	0.0124	0.772	0.624
17.655	0.0108	0.182	0.160	0.0199	0.507	0.532
17.660	0.0073	0.152	0.338	0.0317	0.040	0.298
17.665	0.0065	0.066	0.551	0.0137	0.031	0.213
17.670	0.0190	0.023	0.618	0.0163	0.018	0.144
17.675	0.0325	0.011	0.611	0.0173	0.012	0.125
17.680	0.0359	0.014	0.685	0.0108	0.011	0.115
17.685	0.0348	0.007	0.634	0.0127	0.006	0.095
17.690	0.0365	0.007	0.630	0.0166	0.003	0.076
17.695	0.0637	0.018	0.678	0.0162	0.003	0.075
17.700	0.0914	0.016	0.679	0.0143	0.002	0.075
17.705	0.0994	0.018	0.689	0.0181	0.001	0.069
17.710	0.0877	0.011	0.722	0.0136	0.000	0.060
17.715	0.0617	0.011	0.689	0.0155	0.000	0.054
17.720	0.0459	0.011	0.688	0.0092	0.000	0.057
17.725	0.0468	0.011	0.685	0.0102	0.000	0.061
17.730	0.0434	0.011	0.650	0.0127	0.000	0.067
17.735	0.0525	0.014	0.674	0.0189	0.000	0.059
17.740	0.0664	0.011	0.624	0.0204	0.000	0.061
17.745	0.0566	0.014	0.588	0.0185	0.000	0.072
17.750	0.0358	0.011	0.584	0.0192	0.001	0.113
17.755	0.0172	0.007	0.625	0.0174	0.001	0.111
17.760	0.0097	0.007	0.643	0.0149	0.001	0.117
17.765	0.0182	0.018	0.690	0.0124	0.001	0.117
17.770	0.0314	0.011	0.692	0.0115	0.000	0.095
17.775	0.0333	0.007	0.670	0.0231	0.001	0.085
17.780	0.0247	0.009	0.670	0.0237	0.000	0.071
17.785	0.0196	0.007	0.681	0.0217	0.000	0.067
17.790	0.0271	0.007	0.688	0.0182	0.000	0.061
17.795	0.0362	0.007	0.710	0.0188	0.000	0.055
17.800	0.0437	0.009	0.704	0.0220	0.000	0.056
17.805	0.0406	0.007	0.686	0.0067	0.000	0.055
17.810	0.0305	0.007	0.678	0.0116	0.000	0.056
17.815	0.0197	0.007	0.683	0.0104	0.000	0.052
17.820	0.0297	0.009	0.679	0.0079	0.000	0.059
17.824	0.0464	0.007	0.696	0.0199	0.000	0.057
17.829	0.0470	0.009	0.684	0.0200	0.000	0.051
17.834	0.0308	0.011	0.657	0.0122	0.000	0.050
17.839	0.0276	0.011	0.653	0.0142	0.000	0.042
17.844	0.0345	0.011	0.672	0.0108	0.000	0.041
17.849	0.0429	0.007	0.666	0.0138	0.000	0.046
17.854	0.0586	0.014	0.662	0.0101	0.000	0.044
17.859	0.0501	0.007	0.665	0.0127	0.000	0.039
17.864	0.0274	0.007	0.658	0.0112	0.000	0.038
17.869	0.0274	0.009	0.643	0.0145	0.000	0.047
17.874	0.0353	0.011	0.638	0.0155	0.000	0.061
17.879	0.0506	0.007	0.577	0.0156	0.001	0.119
17.884	0.0504	0.009	0.560	0.0193	0.001	0.149
17.889	0.0153	0.007	0.498	0.0180	0.003	0.188
17.894	0.0083	0.005	0.424	0.0196	0.007	0.307
17.899	0.0112	0.011	0.312	0.0201	0.035	0.483
17.904	0.0197	0.014	0.338	0.0181	0.099	0.594
17.909	0.0090	0.020	0.185	0.0128	0.303	0.651
17.914	0.0084	0.123	0.150	0.0125	0.400	0.621
17.919	0.0096	0.170	0.127	0.0108	0.553	0.622
17.924	0.0153	0.159	0.116	0.0111	0.730	0.662
17.929	0.0153	0.232	0.119	0.0125	0.729	0.618
17.934	0.0115	0.243	0.126	0.0107	0.724	0.603
17.939	0.0157	0.218	0.159	0.0102	0.781	0.632
17.944	0.0159	0.243	0.123	0.0114	0.685	0.646
17.949	0.0130	0.230	0.113	0.0112	0.700	0.645
17.954	0.0170	0.216	0.106	0.0107	0.750	0.649
17.959	0.0155	0.202	0.077	0.0112	0.706	0.667
17.964	0.0141	0.207	0.091	0.0105	0.685	0.696
17.969	0.0133	0.200	0.086	0.0106	0.713	0.689
17.974	0.0105	0.205	0.151	0.0122	0.650	0.658
17.979	0.0146	0.214	0.113	0.0123	0.486	0.654
17.984	0.0128	0.161	0.143	0.0120	0.422	0.630
17.989	0.0152	0.157	0.148	0.0103	0.511	0.645
17.994	0.0162	0.173	0.171	0.0129	0.437	0.650
17.999	0.0101	0.161	0.140	0.0188	0.333	0.624
18.004	0.0123	0.139	0.295	0.0269	0.144	0.535
18.009	0.0063	0.120	0.553	0.0248	0.022	0.353
18.014	0.0161	0.030	0.645	0.0226	0.006	0.235
18.019	0.0278	0.027	0.681	0.0224	0.001	0.114
18.024	0.0333	0.011	0.698	0.0180	0.000	0.070
18.029	0.0275	0.009	0.697	0.0162	0.000	0.045
18.034	0.0184	0.014	0.650	0.0172	0.000	0.039
18.039	0.0189	0.011	0.679	0.0107	0.000	0.035
18.044	0.0281	0.011	0.651	0.0148	0.000	0.035
18.049	0.0406	0.014	0.632	0.0171	0.000	0.034
18.054	0.0563	0.011	0.691	0.0168	0.000	0.034
18.059	0.0739	0.011	0.693	0.0093	0.000	0.036
18.064	0.0633	0.011	0.640	0.0146	0.000	0.039
18.069	0.0320	0.011	0.644	0.0122	0.001	0.044
18.074	0.0296	0.011	0.670	0.0144	0.001	0.043
18.079	0.0378	0.011	0.682	0.0150	0.001	0.051
18.084	0.0636	0.011	0.698	0.0127	0.001	0.048
18.089	0.0615	0.009	0.681	0.0113	0.000	0.046
18.094	0.0291	0.016	0.667	0.0136	0.001	0.047
18.099	0.0180	0.016	0.664	0.0146	0.000	0.048
18.104	0.0251	0.011	0.680	0.0140	0.000	0.046
18.109	0.0562	0.011	0.679	0.0219	0.000	0.047
18.114	0.0505	0.009	0.621	0.0208	0.000	0.048
18.119	0.0186	0.009	0.557	0.0178	0.000	0.048
18.124	0.0105	0.016	0.522	0.0259	0.000	0.044
18.129	0.0224	0.011	0.533	0.0294	0.000	0.038
18.134	0.0230	0.007	0.625	0.0223	0.000	0.036
18.139	0.0074	0.007	0.625	0.0219	0.000	0.037
18.144	0.0168	0.002	0.640	0.0210	0.000	0.033
18.149	0.0257	0.007	0.663	0.0088	0.000	0.032
18.154	0.0117	0.005	0.670	0.0098	0.000	0.028
18.159	0.0084	0.007	0.646	0.0059	0.000	0.029
18.164	0.0191	0.005	0.657	0.0128	0.000	0.026
18.169	0.0227	0.007	0.667	0.0106	0.000	0.022
18.174	0.0056	0.005	0.654	0.0102	0.000	0.021
18.179	0.0084	0.002	0.611	0.0129	0.000	0.020
18.184	0.0166	0.007	0.617	0.0152	0.000	0.024
18.189	0.0162	0.005	0.603	0.0099	0.001	0.091
18.194	0.0016	0.009	0.553	0.0113	0.005	0.169
18.199	0.0100	0.016	0.542	0.0118	0.039	0.327
18.204	0.0085	0.027	0.560	0.0116	0.119	0.392
18.209	0.0049	0.039	0.434	0.0179	0.230	0.430
18.214	0.0062	0.084	0.379	0.0118	0.309	0.457
18.219	0.0069	0.064	0.257	0.0129	0.586	0.506
18.224	0.0072	0.111	0.181	0.0105	0.759	0.535
18.229	0.0066	0.157	0.156	0.0098	0.864	0.579
18.234	0.0070	0.202	0.140	0.0116	0.865	0.572
18.239	0.0074	0.168	0.144	0.0146	0.942	0.546
18.244	0.0069	0.207	0.166	0.0104	0.963	0.511
18.249	0.0063	0.157	0.125	0.0135	0.969	0.521
18.254	0.0073	0.198	0.121	0.0129	0.975	0.508
18.259	0.0066	0.198	0.189	0.0110	0.987	0.476
18.263	0.0056	0.191	0.205	0.0131	0.987	0.465
18.268	0.0066	0.180	0.153	0.0127	0.973	0.462
18.273	0.0061	0.177	0.154	0.0134	0.968	0.435
18.278	0.0042	0.177	0.201	0.0145	0.988	0.440
18.283	0.0056	0.164	0.219	0.0139	0.991	0.429
18.288	0.0050	0.159	0.219	0.0161	0.982	0.416
18.293	0.0038	0.170	0.239	0.0171	0.977	0.397
18.298	0.0057	0.150	0.222	0.0137	0.981	0.391
18.303	0.0045	0.141	0.246	0.0130	0.987	0.397
18.308	0.0060	0.141	0.141	0.0181	0.985	0.402
18.313	0.0032	0.152	0.132	0.0153	0.991	0.382
18.318	0.0035	0.141	0.209	0.0141	0.993	0.382
18.323	0.0032	0.159	0.210	0.0148	0.991	0.388
18.328	0.0028	0.173	0.202	0.0119	0.992	0.350
18.333	0.0025	0.148	0.173	0.0154	0.991	0.359
18.338	0.0024	0.177	0.183	0.0157	0.992	0.351
18.343	0.0021	0.155	0.176	0.0144	0.994	0.349
18.348	0.0013	0.148	0.186	0.0144	0.995	0.329
18.353	0.0016	0.152	0.197	0.0162	0.995	0.311
18.358	0.0010	0.166	0.238	0.0157	0.995	0.312
18.363	0.0012	0.159	0.206	0.0151	0.995	0.324
18.368	0.0008	0.152	0.241	0.0146	0.993	0.351
18.373	0.0007	0.139	0.196	0.0222	0.991	0.336
18.378	0.0003	0.143	0.256	0.0160	0.992	0.305
18.383	0.0004	0.141	0.257	0.0156	0.991	0.305
18.388	0.0002	0.143	0.173	0.0161	0.962	0.377
18.393	0.0002	0.141	0.096	0.0605	0.457	0.395
18.398	0.0001	0.143	0.174	0.0596	0.013	0.205
18.403	0.0001	0.102	0.271	0.0305	0.011	0.181
18.408	0.0003	0.005	0.259	0.0134	0.031	0.234
18.413	0.0014	0.009	0.184	0.0192	0.172	0.355
18.418	0.0049	0.020	0.236	0.0097	0.644	0.526
18.423	0.0027	0.070	0.219	0.0100	0.627	0.539
18.428	0.0070	0.145	0.237	0.0096	0.649	0.576
18.433	0.0069	0.118	0.239	0.0102	0.622	0.567
18.438	0.0099	0.166	0.242	0.0113	0.438	0.559
18.443	0.0120	0.125	0.226	0.0102	0.469	0.560
18.448	0.0099	0.082	0.136	0.0106	0.493	0.578
18.453	0.0108	0.139	0.124	0.0112	0.437	0.554
18.458	0.0095	0.125	0.126	0.0166	0.335	0.473
18.463	0.0060	0.098	0.137	0.0142	0.251	0.378
18.468	0.0033	0.098	0.201	0.0230	0.237	0.316
18.473	0.0032	0.089	0.238	0.0153	0.308	0.278
18.478	0.0031	0.080	0.221	0.0140	0.373	0.245
18.483	0.0048	0.089	0.222	0.0176	0.367	0.250
18.488	0.0045	0.089	0.256	0.0159	0.239	0.238
18.493	0.0044	0.093	0.251	0.0177	0.183	0.218
18.498	0.0057	0.064	0.325	0.0163	0.126	0.215
18.503	0.0053	0.073	0.395	0.0139	0.098	0.229
18.508	0.0059	0.045	0.495	0.0188	0.066	0.236
18.513	0.0047	0.048	0.576	0.0130	0.063	0.237
18.518	0.0042	0.043	0.457	0.0161	0.180	0.245
18.523	0.0054	0.050	0.280	0.0186	0.300	0.265
18.528	0.0050	0.086	0.355	0.0178	0.269	0.269
18.533	0.0031	0.068	0.375	0.0177	0.165	0.233
18.538	0.0034	0.068	0.378	0.0167	0.097	0.261
18.543	0.0035	0.041	0.432	0.0125	0.092	0.277
18.548	0.0031	0.032	0.339	0.0213	0.089	0.291
18.553	0.0025	0.045	0.467	0.0161	0.096	0.301
18.558	0.0030	0.077	0.546	0.0154	0.130	0.332
18.563	0.0019	0.032	0.584	0.0156	0.113	0.321
18.568	0.0017	0.041	0.585	0.0118	0.110	0.348
18.573	0.0022	0.043	0.582	0.0141	0.112	0.353
18.578	0.0021	0.045	0.524	0.0133	0.092	0.369
18.583	0.0023	0.043	0.485	0.0196	0.122	0.387
18.588	0.0016	0.070	0.503	0.0208	0.100	0.381
18.593	0.0013	0.068	0.511	0.0139	0.089	0.369
18.598	0.0017	0.045	0.591	0.0102	0.109	0.402
18.603	0.0013	0.066	0.608	0.0152	0.102	0.411
18.608	0.0013	0.059	0.550	0.0106	0.100	0.430
18.613	0.0014	0.073	0.553	0.0139	0.154	0.423
18.618	0.0011	0.064	0.602	0.0112	0.165	0.404
18.623	0.0013	0.070	0.627	0.0177	0.143	0.375
18.628	0.0014	0.059	0.605	0.0113	0.137	0.384
18.633	0.0016	0.057	0.578	0.0160	0.147	0.388
18.638	0.0012	0.055	0.590	0.0156	0.107	0.364
18.643	0.0011	0.050	0.592	0.0169	0.138	0.346
18.648	0.0015	0.039	0.640	0.0135	0.150	0.308
18.653	0.0016	0.048	0.684	0.0161	0.131	0.311
18.658	0.0016	0.050	0.705	0.0159	0.122	0.311
18.663	0.0018	0.050	0.731	0.0125	0.127	0.304
18.668	0.0017	0.045	0.714	0.0124	0.106	0.294
18.673	0.0019	0.034	0.722	0.0133	0.082	0.285
18.678	0.0021	0.043	0.726	0.0128	0.052	0.268
18.683	0.0023	0.032	0.739	0.0129	0.066	0.251
18.688	0.0024	0.034	0.731	0.0139	0.084	0.266
18.693	0.0021	0.036	0.759	0.0187	0.069	0.261
18.698	0.0024	0.039	0.750	0.0105	0.074	0.243
18.702	0.0023	0.030	0.749	0.0117	0.088	0.236
18.707	0.0028	0.039	0.738	0.0195	0.068	0.226
18.712	0.0020	0.027	0.768	0.0117	0.066	0.221
18.717	0.0025	0.034	0.712	0.0133	0.086	0.230
18.722	0.0024	0.036	0.662	0.0135	0.126	0.225
18.727	0.0020	0.045	0.550	0.0162	0.132	0.258
18.732	0.0018	0.045	0.475	0.0194	0.132	0.270
18.737	0.0012	0.059	0.540	0.0152	0.262	0.237
18.742	0.0013	0.066	0.480	0.0153	0.233	0.264
18.747	0.0013	0.061	0.495	0.0163	0.154	0.285
18.752	0.0011	0.055	0.585	0.0129	0.143	0.295
18.757	0.0009	0.061	0.608	0.0123	0.114	0.320
18.762	0.0008	0.043	0.547	0.0133	0.096	0.317
18.767	0.0007	0.039	0.221	0.0597	0.061	0.289
18.772	0.0005	0.050	0.326	0.0764	0.004	0.156
18.777	0.0002	0.045	0.477	0.0391	0.002	0.065
18.782	0.0013	0.005	0.631	0.0172	0.001	0.053
18.787	0.0080	0.009	0.758	0.0164	0.003	0.052
18.792	0.0189	0.011	0.795	0.0131	0.003	0.057
18.797	0.0211	0.011	0.783	0.0128	0.003	0.059
18.802	0.0178	0.009	0.776	0.0076	0.002	0.062
18.807	0.0331	0.014	0.755	0.0150	0.002	0.072
18.812	0.0495	0.009	0.755	0.0146	0.004	0.087
18.817	0.0451	0.011	0.691	0.0125	0.009	0.108
18.822	0.0441	0.009	0.623	0.0230	0.009	0.145
18.827	0.0222	0.009	0.490	0.0348	0.004	0.208
18.832	0.0150	0.014	0.638	0.0263	0.005	0.236
18.837	0.0234	0.005	0.479	0.0132	0.010	0.321
18.842	0.0191	0.014	0.315	0.0273	0.020	0.372
18.847	0.0124	0.016	0.273	0.0346	0.047	0.426
18.852	0.0056	0.023	0.359	0.0116	0.061	0.443
18.857	0.0055	0.057	0.229	0.0158	0.086	0.482
18.862	0.0042	0.032	0.205	0.0124	0.168	0.521
18.867	0.0039	0.057	0.192	0.0164	0.241	0.523
18.872	0.0019	0.116	0.395	0.0151	0.202	0.505
18.877	0.0022	0.068	0.469	0.0261	0.082	0.430
18.882	0.0014	0.059	0.621	0.0411	0.030	0.369
18.887	0.0018	0.032	0.777	0.0224	0.011	0.285
18.892	0.0035	0.007	0.783	0.0132	0.009	0.262
18.897	0.0042	0.009	0.647	0.0227	0.010	0.239
18.902	0.0023	0.018	0.605	0.0244	0.007	0.229
18.907	0.0018	0.025	0.710	0.0244	0.005	0.213
18.912	0.0014	0.009	0.704	0.0140	0.007	0.225
18.917	0.0025	0.009	0.661	0.0108	0.016	0.290
18.922	0.0015	0.011	0.660	0.0231	0.016	0.275
18.927	0.0008	0.007	0.701	0.0210	0.017	0.295
18.932	0.0009	0.034	0.653	0.0119	0.023	0.313
18.937	0.0011	0.052	0.590	0.0158	0.027	0.316
18.942	0.0009	0.023	0.615	0.0159	0.025	0.328
18.947	0.0005	0.020	0.547	0.0322	0.028	0.348
18.952	0.0003	0.016	0.470	0.0292	0.017	0.304
18.957	0.0004	0.009	0.315	0.1076	0.002	0.123
18.962	0.0004	0.020	0.647	0.0573	0.000	0.042
18.967	0.0004	0.023	0.799	0.0427	0.000	0.031
18.972	0.0053	0.007	0.849	0.0268	0.000	0.033
18.977	0.0151	0.007	0.851	0.0220	0.000	0.033
18.982	0.0154	0.009	0.816	0.0147	0.000	0.036
18.987	0.0189	0.007	0.498	0.0587	0.000	0.043
18.992	0.0123	0.009	0.483	0.0560	0.001	0.053
18.997	0.0122	0.005	0.726	0.0219	0.001	0.057
19.002	0.0070	0.018	0.687	0.0112	0.001	0.059
19.007	0.0126	0.011	0.632	0.0400	0.002	0.061
19.012	0.0153	0.011	0.644	0.0404	0.001	0.062
19.017	0.0105	0.011	0.757	0.0132	0.001	0.055
19.022	0.0087	0.009	0.752	0.0113	0.001	0.049
19.027	0.0181	0.011	0.734	0.0147	0.001	0.047
19.032	0.0232	0.011	0.738	0.0202	0.001	0.048
19.037	0.0303	0.009	0.674	0.0216	0.002	0.063
19.042	0.0297	0.011	0.686	0.0193	0.003	0.072
19.047	0.0321	0.009	0.563	0.0248	0.003	0.083
19.052	0.0330	0.014	0.540	0.0245	0.005	0.089
19.057	0.0328	0.007	0.666	0.0288	0.006	0.113
19.062	0.0406	0.009	0.607	0.0288	0.004	0.130
19.067	0.0300	0.009	0.519	0.0356	0.002	0.140
19.072	0.0110	0.009	0.431	0.0301	0.002	0.148
19.077	0.0129	0.016	0.411	0.0362	0.001	0.111
19.082	0.0068	0.009	0.146	0.0450	0.001	0.122
19.087	0.0051	0.002	0.285	0.0475	0.003	0.136
19.092	0.0015	0.020	0.189	0.0248	0.004	0.148
19.097	0.0019	0.005	0.389	0.0412	0.007	0.179
19.102	0.0010	0.009	0.505	0.0406	0.004	0.156
19.107	0.0005	0.014	0.601	0.0463	0.001	0.096
19.112	0.0007	0.007	0.579	0.0410	0.001	0.092
19.117	0.0021	0.023	0.471	0.0374	0.001	0.095
19.122	0.0016	0.002	0.435	0.0289	0.001	0.099
19.127	0.0015	0.009	0.592	0.0357	0.000	0.101
19.132	0.0010	0.005	0.583	0.0219	0.000	0.104
19.137	0.0009	0.005	0.450	0.0281	0.001	0.131
19.141	0.0006	0.002	0.438	0.0502	0.000	0.117
19.146	0.0006	0.005	0.521	0.0390	0.000	0.128
19.151	0.0005	0.005	0.534	0.0174	0.000	0.138
19.156	0.0008	0.005	0.547	0.0146	0.001	0.199
19.161	0.0005	0.005	0.506	0.0253	0.002	0.239
19.166	0.0003	0.005	0.402	0.0269	0.005	0.334
19.171	0.0001	0.005	0.556	0.0186	0.006	0.334
19.176	0.0001	0.009	0.580	0.0353	0.008	0.378
19.181	0.0001	0.005	0.627	0.0136	0.009	0.409
19.186	0.0001	0.005	0.423	0.0242	0.022	0.493
19.191	0.0001	0.007	0.382	0.0409	0.019	0.488
19.196	0.0000	0.030	0.642	0.0159	0.012	0.447
19.201	0.0001	0.005	0.587	0.0139	0.012	0.431
19.206	0.0001	0.005	0.493	0.0343	0.012	0.464
19.211	0.0001	0.005	0.610	0.0292	0.010	0.442
19.216	0.0001	0.002	0.616	0.0144	0.008	0.416
19.221	0.0001	0.009	0.583	0.0221	0.009	0.434
19.226	0.0001	0.005	0.608	0.0270	0.014	0.487
19.231	0.0001	0.007	0.646	0.0106	0.020	0.515
19.236	0.0001	0.011	0.569	0.0146	0.033	0.564
19.241	0.0000	0.014	0.588	0.0139	0.039	0.570
19.246	0.0000	0.041	0.588	0.0139	0.039	0.570
19.251	0.0000	0.041	0.588	0.0139	0.039	0.570
19.256	0.0000	0.036	0.588	0.0139	0.039	0.570


##### CLIP 5  (file=zencastr-en_6044eb9db82b030014de5da5-00004_96.wav, duration=21.276s, sr=44100) #####

trail_thresh=0.00510  speech_thresh=0.00739

--- GOLD TOKENS (idx, text, start_s, end_s) ---
0	well	0.0180	0.1490
1	the	0.1510	0.2390
2	mechanic	0.2410	0.6310
3	is	0.6870	0.9046
4	the	1.2580	1.3600
5	mechanic	1.3620	1.6800
6	is	1.6820	1.7880
7	gonna	1.7900	1.9665
8	be	1.9675	2.0810
9	basically	2.0830	2.5460
10	me-	2.5470	2.6973
11	uh	2.6983	3.0590
12	uh	3.0600	3.2805
13	different	3.2815	3.6663
14	ways	3.6663	3.9981
15	of	3.9991	4.1560
16	making	4.1590	4.5053
17	an	4.5063	4.6329
18	offer	4.6339	5.0530
19	and	5.6440	5.9710
20	then	5.9730	6.4770
21	another	6.4780	7.0660
22	mechanic	7.0670	7.5370
23	that	7.6740	7.8760
24	the-	8.0570	8.6740
25	needs	8.6760	8.8371
26	to	8.8908	8.9418
27	simpli-	8.9428	9.5710
28	signify	9.5720	10.6930
29	tone	10.7580	11.0250
30	right	11.5890	11.7990
31	so	12.2050	12.4818
32	like	12.4828	12.7400
33	ah	12.9370	13.0700
34	this	13.0720	13.2870
35	offer	13.2890	13.8590
36	friendly	14.2760	14.8010
37	this	14.9190	15.1470
38	offer	15.1490	15.5965
39	aggressive	15.5975	16.1820
40	and	17.0660	17.2920
41	like	17.2940	17.4830
42	based	17.4850	17.7830
43	on	17.7850	17.9820
44	the	17.9840	18.1010
45	tone	18.1030	18.2912
46	of	18.2922	18.4140
47	the	18.4160	18.5269
48	conversation	18.5279	19.3670
49	those	19.3690	19.5600
50	kinda	19.5630	19.8003
51	like	19.8013	20.0250
52	even	20.0410	20.3307
53	out	20.3317	20.5630

--- RAW CTC (wav2vec2 forced-align, PRE-heuristic-refinement; idx, ctc_word_text, word_start_s, word_end_s, word_score, pipe_start_s, pipe_end_s) ---
0	well	0.0200	0.1201	2.960	0.1401	0.1601
1	the	0.1601	0.2202	9.698	0.2202	0.2602
2	mechanic	0.2602	0.6205	13.642	0.6805	0.7005
3	is	0.7606	0.8206	9.042	0.8406	0.8606
4	the	1.2609	1.3410	10.242	1.3410	1.3810
5	mechanic	1.3810	1.6613	13.542	1.6613	1.7013
6	is	1.7213	1.7813	9.280	1.7813	1.8014
7	gonna	1.8014	1.9615	5.432	1.9615	2.0015
8	be	2.0015	2.0415	9.490	2.0616	2.1016
9	basically	2.1016	2.5219	10.558	2.5219	2.6020
10	me-	2.6020	2.6820	6.062	2.7220	2.7421
11	uh	2.8622	2.9822	3.057	3.0623	3.0823
12	uh	3.0823	3.1624	2.730	3.2224	3.2424
13	different	3.2825	3.6227	12.340	3.6427	3.6828
14	ways	3.7028	3.9230	13.335	3.9430	4.0030
15	of	4.0430	4.0831	12.987	4.1031	4.1831
16	making	4.2032	4.4834	12.892	4.4834	4.5634
17	an	4.5834	4.6235	9.243	4.6435	4.6635
18	offer	4.7436	4.9838	11.457	5.0038	5.0638
19	and	5.7443	5.8444	12.651	5.8644	5.9044
20	then	5.9845	6.2047	11.684	6.2847	6.3448
21	another	6.6050	7.0653	12.057	7.0653	7.1053
22	mechanic	7.1254	7.5257	13.931	7.5857	7.6057
23	that	7.6658	7.8659	10.581	7.9260	7.9460
24	the-	8.0461	8.4664	7.227	8.6465	8.6665
25	needs	8.7266	8.8467	3.499	8.8667	8.8867
26	to	8.8867	8.9868	7.223	9.0068	9.0268
27	simpli-	9.0468	9.4071	8.929	9.5272	9.5472
28	signify	9.7073	10.4278	10.409	10.6280	10.6680
29	tone	10.7681	11.0083	10.667	11.0283	11.0683
30	right	11.6087	11.7889	9.317	11.8089	11.8689
31	so	12.2492	12.3893	9.960	12.4694	12.5094
32	like	12.5294	12.7296	11.077	12.7496	12.7896
33	ah	13.0098	13.0698	4.849	13.0698	13.1099
34	this	13.1099	13.2500	10.327	13.2700	13.3100
35	offer	13.3901	13.6903	11.687	13.7503	13.8104
36	friendly	14.3108	14.7311	12.492	14.7511	14.8111
37	this	14.9312	15.1114	10.925	15.1314	15.1714
38	offer	15.2315	15.5117	11.488	15.5517	15.5917
39	aggressive	15.6718	16.1722	13.098	16.1722	16.2322
40	and	17.1729	17.2730	11.301	17.2730	17.3130
41	like	17.3330	17.4731	11.420	17.4932	17.5332
42	based	17.5332	17.7734	11.208	17.7934	17.8134
43	on	17.8935	17.9335	11.004	17.9735	17.9935
44	the	17.9935	18.0736	6.792	18.0736	18.0936
45	tone	18.1136	18.3138	10.277	18.3338	18.3538
46	of	18.3738	18.4139	10.632	18.4139	18.4739
47	the	18.4739	18.5339	10.764	18.5339	18.5740
48	conversation	18.5940	19.2345	13.401	19.2545	19.3746
49	those	19.3746	19.5347	10.076	19.5547	19.5747
50	kinda	19.5747	19.8149	7.926	19.8549	19.8750
51	like	19.8750	20.0151	9.665	20.0351	20.0751
52	even	20.1352	20.3353	9.880	20.3553	20.3953
53	out	20.4754	20.5755	10.337		

--- WHISPER (Groq) OUTPUT (word, start_s, end_s) [independent ASR pass, own word segmentation -- not index-aligned to gold/CTC] ---
Well,	0.000	0.120
the	0.120	0.260
mechanic	0.260	0.600
is	0.600	1.820
going	1.820	1.880
to	1.880	1.960
be	1.960	2.060
basically	2.060	2.420
different	2.420	3.520
ways	3.520	3.940
of	3.940	4.120
making	4.120	4.400
an	4.400	4.660
offer.	4.660	4.940
And	5.660	5.980
then	5.980	6.320
another	6.320	7.000
mechanic	7.000	7.540
that	7.540	8.040
needs	8.040	8.860
to	8.860	9.040
signify	9.040	10.380
tone,	10.380	11.020
right?	11.020	11.760
So,	12.200	12.440
like,	12.440	12.800
this	12.800	13.260
offer	13.260	13.740
friendly,	13.740	14.920
this	14.920	15.120
offer	15.120	15.520
aggressive.	15.520	16.060
And,	17.080	17.340
like,	17.340	17.520
based	17.520	17.780
on	17.780	17.960
the	17.960	18.120
tone	18.120	18.320
of	18.320	18.420
the	18.420	18.520
conversation,	18.520	19.400
those	19.400	19.540
kind	19.540	19.720
of,	19.720	19.820
like,	19.820	20.040
even	20.040	20.280
out.	20.280	20.620

--- SIGNAL TRACE (hop=5ms; time_s, rms, zcr, voicing, spectral_flux, hf_ratio, spectral_flatness) ---
0.000	0.0003	0.027	0.277	0.0000	0.110	0.544
0.005	0.0001	0.039	0.188	0.0436	0.087	0.554
0.010	0.0000	0.045	0.184	0.0450	0.005	0.232
0.015	0.0001	0.066	0.440	0.0446	0.001	0.089
0.020	0.0003	0.009	0.612	0.0246	0.001	0.061
0.025	0.0017	0.007	0.611	0.0184	0.001	0.059
0.030	0.0038	0.014	0.740	0.0182	0.001	0.061
0.035	0.0087	0.014	0.725	0.0133	0.001	0.060
0.040	0.0179	0.011	0.660	0.0194	0.004	0.079
0.045	0.0186	0.011	0.552	0.0224	0.006	0.082
0.050	0.0124	0.036	0.711	0.0234	0.004	0.077
0.055	0.0218	0.011	0.755	0.0171	0.004	0.082
0.060	0.0434	0.009	0.762	0.0076	0.003	0.081
0.065	0.0396	0.014	0.782	0.0113	0.002	0.078
0.070	0.0433	0.011	0.786	0.0089	0.002	0.073
0.075	0.0515	0.011	0.791	0.0145	0.002	0.080
0.080	0.0609	0.014	0.753	0.0195	0.001	0.076
0.085	0.0653	0.011	0.670	0.0215	0.001	0.077
0.090	0.0440	0.011	0.342	0.0544	0.002	0.110
0.095	0.0170	0.011	0.515	0.0526	0.001	0.104
0.100	0.0163	0.007	0.775	0.0131	0.001	0.134
0.105	0.0178	0.005	0.766	0.0256	0.000	0.090
0.110	0.0173	0.005	0.716	0.0256	0.000	0.072
0.115	0.0100	0.005	0.721	0.0196	0.000	0.077
0.120	0.0116	0.007	0.764	0.0213	0.000	0.029
0.125	0.0121	0.005	0.776	0.0248	0.000	0.025
0.130	0.0097	0.005	0.750	0.0160	0.000	0.027
0.135	0.0077	0.005	0.742	0.0090	0.000	0.125
0.140	0.0095	0.007	0.690	0.0090	0.011	0.366
0.145	0.0088	0.005	0.655	0.0123	0.033	0.439
0.150	0.0084	0.018	0.343	0.0305	0.063	0.366
0.155	0.0081	0.025	0.400	0.0426	0.027	0.256
0.160	0.0071	0.016	0.517	0.0356	0.011	0.138
0.165	0.0163	0.025	0.623	0.0274	0.006	0.125
0.170	0.0287	0.009	0.736	0.0126	0.003	0.113
0.175	0.0463	0.011	0.790	0.0099	0.002	0.108
0.180	0.0695	0.014	0.773	0.0106	0.002	0.082
0.185	0.0873	0.011	0.757	0.0110	0.001	0.084
0.190	0.0945	0.009	0.741	0.0127	0.001	0.081
0.195	0.0791	0.011	0.640	0.0161	0.001	0.075
0.200	0.0914	0.009	0.474	0.0518	0.001	0.059
0.205	0.0564	0.018	0.501	0.0586	0.001	0.045
0.210	0.0250	0.005	0.774	0.0102	0.002	0.042
0.215	0.0339	0.005	0.754	0.0194	0.002	0.043
0.220	0.0346	0.007	0.779	0.0058	0.002	0.040
0.224	0.0380	0.009	0.788	0.0058	0.001	0.044
0.229	0.0302	0.009	0.763	0.0066	0.001	0.045
0.234	0.0207	0.009	0.769	0.0087	0.001	0.046
0.239	0.0260	0.011	0.752	0.0103	0.003	0.047
0.244	0.0412	0.014	0.751	0.0117	0.002	0.046
0.249	0.0433	0.014	0.771	0.0142	0.000	0.037
0.254	0.0507	0.005	0.775	0.0091	0.000	0.037
0.259	0.0590	0.005	0.579	0.0290	0.001	0.066
0.264	0.0503	0.007	0.561	0.0227	0.002	0.087
0.269	0.0439	0.005	0.655	0.0179	0.003	0.097
0.274	0.0502	0.018	0.636	0.0159	0.003	0.116
0.279	0.0540	0.014	0.423	0.0211	0.007	0.150
0.284	0.0449	0.014	0.374	0.0220	0.010	0.200
0.289	0.0184	0.027	0.412	0.0209	0.010	0.235
0.294	0.0225	0.009	0.423	0.0356	0.007	0.242
0.299	0.0143	0.014	0.495	0.0196	0.002	0.165
0.304	0.0087	0.007	0.372	0.0295	0.001	0.107
0.309	0.0037	0.009	0.193	0.0269	0.001	0.088
0.314	0.0018	0.020	0.407	0.0420	0.001	0.096
0.319	0.0028	0.023	0.638	0.0228	0.001	0.087
0.324	0.0020	0.018	0.724	0.0189	0.000	0.078
0.329	0.0028	0.018	0.292	0.0272	0.044	0.314
0.334	0.0025	0.016	0.290	0.0115	0.356	0.461
0.339	0.0017	0.018	0.118	0.0101	0.420	0.523
0.344	0.0029	0.098	0.152	0.0142	0.430	0.554
0.349	0.0064	0.120	0.116	0.0102	0.336	0.551
0.354	0.0080	0.130	0.120	0.0101	0.347	0.557
0.359	0.0102	0.098	0.335	0.0269	0.197	0.491
0.364	0.0117	0.130	0.527	0.0321	0.045	0.352
0.369	0.0134	0.061	0.579	0.0190	0.023	0.226
0.374	0.0299	0.025	0.688	0.0159	0.017	0.181
0.379	0.0330	0.039	0.704	0.0133	0.015	0.149
0.384	0.1216	0.020	0.690	0.0172	0.015	0.141
0.389	0.1185	0.043	0.761	0.0147	0.013	0.140
0.394	0.0988	0.018	0.778	0.0127	0.011	0.139
0.399	0.1725	0.016	0.708	0.0101	0.012	0.130
0.404	0.1567	0.027	0.585	0.0194	0.013	0.120
0.409	0.1464	0.030	0.680	0.0256	0.010	0.117
0.414	0.1156	0.025	0.775	0.0206	0.007	0.111
0.419	0.1396	0.016	0.793	0.0131	0.008	0.106
0.424	0.1498	0.025	0.765	0.0181	0.010	0.103
0.429	0.1671	0.027	0.741	0.0168	0.012	0.105
0.434	0.1409	0.034	0.755	0.0178	0.014	0.112
0.439	0.1240	0.023	0.795	0.0088	0.018	0.129
0.444	0.0748	0.027	0.807	0.0107	0.019	0.141
0.449	0.0993	0.034	0.819	0.0090	0.018	0.148
0.454	0.1057	0.036	0.801	0.0089	0.022	0.138
0.459	0.0722	0.036	0.812	0.0129	0.023	0.143
0.464	0.1090	0.030	0.824	0.0064	0.028	0.142
0.469	0.1037	0.027	0.804	0.0129	0.026	0.138
0.474	0.0873	0.039	0.795	0.0164	0.023	0.134
0.479	0.1133	0.036	0.788	0.0179	0.009	0.129
0.484	0.0662	0.027	0.751	0.0160	0.007	0.125
0.489	0.0966	0.023	0.692	0.0280	0.007	0.126
0.494	0.0480	0.027	0.671	0.0528	0.004	0.095
0.499	0.0425	0.009	0.833	0.0142	0.005	0.066
0.504	0.0382	0.007	0.796	0.0158	0.004	0.062
0.509	0.0559	0.011	0.817	0.0154	0.003	0.061
0.514	0.0410	0.011	0.813	0.0080	0.002	0.060
0.519	0.0443	0.009	0.819	0.0131	0.003	0.060
0.524	0.0431	0.011	0.827	0.0078	0.004	0.055
0.529	0.0460	0.016	0.795	0.0136	0.004	0.064
0.534	0.0579	0.011	0.778	0.0112	0.004	0.095
0.539	0.0395	0.007	0.654	0.0216	0.006	0.113
0.544	0.0461	0.018	0.699	0.0190	0.009	0.112
0.549	0.0379	0.023	0.763	0.0136	0.012	0.106
0.554	0.0404	0.034	0.763	0.0162	0.009	0.113
0.559	0.1016	0.027	0.748	0.0125	0.012	0.134
0.564	0.0819	0.034	0.746	0.0148	0.014	0.133
0.569	0.0812	0.027	0.711	0.0121	0.012	0.131
0.574	0.1183	0.043	0.702	0.0177	0.012	0.130
0.579	0.0917	0.030	0.646	0.0149	0.011	0.123
0.584	0.0593	0.030	0.602	0.0160	0.020	0.145
0.589	0.0874	0.020	0.438	0.0163	0.065	0.246
0.594	0.0601	0.039	0.465	0.0236	0.048	0.279
0.599	0.0327	0.036	0.538	0.0405	0.014	0.225
0.604	0.0173	0.018	0.573	0.0400	0.004	0.124
0.609	0.0136	0.005	0.484	0.0280	0.001	0.040
0.614	0.0124	0.014	0.380	0.0559	0.001	0.039
0.619	0.0058	0.011	0.325	0.0475	0.000	0.042
0.624	0.0045	0.011	0.567	0.0284	0.001	0.052
0.629	0.0025	0.014	0.529	0.0251	0.002	0.067
0.634	0.0023	0.020	0.461	0.0380	0.002	0.062
0.639	0.0017	0.020	0.441	0.0313	0.001	0.063
0.644	0.0012	0.014	0.407	0.0274	0.001	0.076
0.649	0.0011	0.016	0.253	0.0200	0.015	0.241
0.654	0.0005	0.043	0.224	0.0163	0.171	0.389
0.659	0.0001	0.073	0.198	0.0190	0.263	0.320
0.663	0.0001	0.091	0.208	0.0156	0.546	0.298
0.668	0.0003	0.066	0.202	0.0161	0.636	0.295
0.673	0.0005	0.114	0.161	0.0167	0.539	0.292
0.678	0.0011	0.095	0.130	0.0191	0.831	0.286
0.683	0.0014	0.109	0.180	0.0314	0.730	0.252
0.688	0.0015	0.123	0.515	0.0299	0.142	0.187
0.693	0.0035	0.120	0.598	0.0226	0.085	0.173
0.698	0.0125	0.043	0.626	0.0220	0.051	0.169
0.703	0.0185	0.050	0.659	0.0198	0.058	0.133
0.708	0.0129	0.043	0.662	0.0133	0.138	0.046
0.713	0.0239	0.048	0.601	0.0188	0.179	0.037
0.718	0.0344	0.052	0.533	0.0174	0.136	0.098
0.723	0.0309	0.064	0.587	0.0216	0.107	0.131
0.728	0.0215	0.055	0.643	0.0236	0.062	0.143
0.733	0.0186	0.043	0.638	0.0246	0.030	0.138
0.738	0.0221	0.027	0.672	0.0257	0.007	0.115
0.743	0.0350	0.032	0.742	0.0247	0.004	0.097
0.748	0.0660	0.009	0.826	0.0180	0.001	0.073
0.753	0.0815	0.016	0.801	0.0108	0.001	0.070
0.758	0.0937	0.009	0.665	0.0215	0.002	0.093
0.763	0.0536	0.011	0.583	0.0386	0.004	0.127
0.768	0.0278	0.014	0.634	0.0103	0.008	0.198
0.773	0.0193	0.009	0.691	0.0096	0.009	0.189
0.778	0.0201	0.009	0.584	0.0145	0.012	0.227
0.783	0.0207	0.014	0.638	0.0275	0.021	0.270
0.788	0.0147	0.005	0.671	0.0172	0.028	0.275
0.793	0.0136	0.027	0.584	0.0145	0.033	0.283
0.798	0.0156	0.020	0.491	0.0166	0.096	0.335
0.803	0.0140	0.016	0.436	0.0110	0.136	0.389
0.808	0.0075	0.070	0.455	0.0107	0.142	0.359
0.813	0.0093	0.082	0.381	0.0157	0.233	0.361
0.818	0.0126	0.070	0.348	0.0200	0.265	0.292
0.823	0.0095	0.118	0.342	0.0354	0.123	0.223
0.828	0.0079	0.045	0.257	0.0148	0.172	0.199
0.833	0.0093	0.027	0.286	0.0159	0.380	0.259
0.838	0.0042	0.130	0.243	0.0112	0.466	0.312
0.843	0.0036	0.118	0.276	0.0085	0.609	0.340
0.848	0.0056	0.118	0.192	0.0135	0.674	0.360
0.853	0.0053	0.150	0.140	0.0153	0.679	0.345
0.858	0.0041	0.130	0.234	0.0210	0.482	0.316
0.863	0.0040	0.157	0.307	0.0164	0.382	0.292
0.868	0.0063	0.111	0.260	0.0353	0.169	0.207
0.873	0.0036	0.080	0.469	0.0505	0.054	0.143
0.878	0.0043	0.052	0.437	0.0457	0.014	0.049
0.883	0.0038	0.032	0.350	0.0401	0.008	0.055
0.888	0.0018	0.007	0.270	0.0477	0.002	0.056
0.893	0.0039	0.009	0.259	0.0483	0.001	0.063
0.898	0.0007	0.009	0.286	0.0605	0.000	0.078
0.903	0.0007	0.009	0.217	0.0648	0.000	0.099
0.908	0.0014	0.007	0.292	0.0768	0.001	0.189
0.913	0.0002	0.005	0.761	0.0292	0.001	0.208
0.918	0.0004	0.005	0.681	0.0134	0.002	0.271
0.923	0.0003	0.007	0.472	0.0138	0.009	0.402
0.928	0.0002	0.005	0.200	0.0199	0.092	0.585
0.933	0.0000	0.018	0.417	0.0105	0.192	0.652
0.938	0.0000	0.027	0.175	0.0330	0.276	0.702
0.943	0.0000	0.045	0.229	0.0405	0.095	0.635
0.948	0.0000	0.016	0.513	0.0568	0.004	0.338
0.953	0.0000	0.027	0.668	0.0276	0.002	0.255
0.958	0.0001	0.005	0.606	0.0173	0.002	0.268
0.963	0.0003	0.007	0.467	0.0175	0.005	0.344
0.968	0.0001	0.011	0.145	0.0137	0.050	0.541
0.973	0.0000	0.007	0.134	0.0109	0.213	0.708
0.978	0.0000	0.000	0.078	0.0127	0.689	0.837
0.983	0.0000	0.000	0.249	0.0050	0.830	0.866
0.988	0.0000	0.005	0.000	0.0044	0.829	0.861
0.993	0.0000	0.000	0.000	0.0000	0.000	1.000
0.998	0.0000	0.000	0.000	0.0000	0.000	1.000
1.003	0.0000	0.000	0.000	0.0000	0.000	1.000
1.008	0.0000	0.000	0.000	0.0557	0.043	0.541
1.013	0.0000	0.000	0.291	0.0144	0.145	0.654
1.018	0.0000	0.000	0.513	0.0211	0.079	0.628
1.023	0.0000	0.023	0.675	0.0195	0.049	0.594
1.028	0.0000	0.009	0.704	0.0090	0.048	0.620
1.033	0.0000	0.011	0.736	0.0184	0.033	0.593
1.038	0.0000	0.009	0.735	0.0100	0.026	0.543
1.043	0.0000	0.011	0.695	0.0096	0.035	0.566
1.048	0.0000	0.011	0.710	0.0093	0.039	0.592
1.053	0.0000	0.011	0.702	0.0083	0.045	0.582
1.058	0.0000	0.009	0.536	0.0124	0.080	0.661
1.063	0.0000	0.018	0.514	0.0113	0.119	0.697
1.068	0.0000	0.041	0.396	0.0084	0.207	0.709
1.073	0.0000	0.023	0.276	0.0100	0.408	0.781
1.078	0.0000	0.045	0.221	0.0070	0.419	0.785
1.083	0.0000	0.027	0.098	0.0056	0.466	0.780
1.088	0.0000	0.000	0.000	0.4083	0.001	0.346
1.093	0.0000	0.000	0.000	0.0000	0.000	1.000
1.098	0.0000	0.000	0.000	0.0000	0.000	1.000
1.102	0.0000	0.000	0.000	0.0000	0.000	1.000
1.107	0.0000	0.000	0.000	0.0000	0.000	1.000
1.112	0.0000	0.000	0.000	0.0000	0.000	1.000
1.117	0.0000	0.000	0.000	0.0000	0.000	1.000
1.122	0.0000	0.000	0.000	0.0000	0.000	1.000
1.127	0.0000	0.000	0.000	0.0000	0.000	1.000
1.132	0.0000	0.000	0.000	0.0000	0.000	1.000
1.137	0.0000	0.000	0.000	0.0000	0.000	1.000
1.142	0.0000	0.000	0.000	0.0000	0.000	1.000
1.147	0.0000	0.000	0.000	0.0000	0.000	1.000
1.152	0.0000	0.000	0.000	0.0000	0.000	1.000
1.157	0.0000	0.000	0.000	0.0000	0.000	1.000
1.162	0.0000	0.000	0.000	0.0000	0.000	1.000
1.167	0.0000	0.000	0.000	0.0000	0.000	1.000
1.172	0.0000	0.000	0.000	0.0000	0.000	1.000
1.177	0.0000	0.000	0.000	0.0000	0.000	1.000
1.182	0.0000	0.000	0.000	0.0000	0.000	1.000
1.187	0.0000	0.000	0.000	0.0000	0.000	1.000
1.192	0.0000	0.000	0.000	0.0000	0.000	1.000
1.197	0.0000	0.000	0.000	0.0000	0.000	1.000
1.202	0.0000	0.000	0.000	0.0000	0.000	1.000
1.207	0.0000	0.000	0.000	0.0000	0.000	1.000
1.212	0.0000	0.000	0.000	0.0000	0.000	1.000
1.217	0.0000	0.000	0.000	0.0000	0.000	1.000
1.222	0.0000	0.000	0.000	0.0000	0.000	1.000
1.227	0.0000	0.000	0.000	0.0000	0.000	1.000
1.232	0.0000	0.000	0.000	0.0000	0.000	1.000
1.237	0.0000	0.000	0.033	0.0021	0.706	0.685
1.242	0.0000	0.000	0.142	0.0226	0.472	0.691
1.247	0.0000	0.005	0.118	0.0769	0.002	0.245
1.252	0.0000	0.041	0.205	0.0750	0.000	0.083
1.257	0.0000	0.023	0.459	0.0355	0.000	0.030
1.262	0.0007	0.005	0.458	0.0324	0.000	0.022
1.267	0.0057	0.005	0.598	0.0283	0.000	0.025
1.272	0.0059	0.005	0.661	0.0349	0.000	0.113
1.277	0.0089	0.002	0.601	0.0121	0.002	0.185
1.282	0.0105	0.014	0.513	0.0277	0.004	0.169
1.287	0.0104	0.005	0.607	0.0284	0.004	0.164
1.292	0.0089	0.009	0.668	0.0170	0.003	0.143
1.297	0.0156	0.018	0.729	0.0127	0.002	0.098
1.302	0.0253	0.009	0.703	0.0132	0.001	0.087
1.307	0.0245	0.009	0.751	0.0130	0.001	0.077
1.312	0.0294	0.009	0.753	0.0086	0.001	0.065
1.317	0.0308	0.007	0.650	0.0212	0.000	0.053
1.322	0.0298	0.009	0.611	0.0256	0.000	0.047
1.327	0.0281	0.009	0.571	0.0233	0.000	0.045
1.332	0.0271	0.007	0.700	0.0238	0.000	0.042
1.337	0.0279	0.005	0.712	0.0089	0.000	0.037
1.342	0.0304	0.005	0.718	0.0132	0.001	0.038
1.347	0.0336	0.005	0.686	0.0145	0.001	0.041
1.352	0.0338	0.005	0.688	0.0142	0.001	0.040
1.357	0.0354	0.014	0.701	0.0108	0.001	0.045
1.362	0.0430	0.016	0.721	0.0121	0.001	0.049
1.367	0.0412	0.016	0.723	0.0130	0.002	0.064
1.372	0.0424	0.018	0.709	0.0100	0.002	0.069
1.377	0.0360	0.016	0.644	0.0157	0.003	0.074
1.382	0.0343	0.023	0.566	0.0133	0.004	0.082
1.387	0.0333	0.016	0.592	0.0200	0.004	0.089
1.392	0.0185	0.016	0.504	0.0199	0.006	0.110
1.397	0.0289	0.009	0.419	0.0186	0.007	0.167
1.402	0.0328	0.009	0.386	0.0253	0.008	0.210
1.407	0.0251	0.011	0.449	0.0249	0.008	0.282
1.412	0.0089	0.018	0.439	0.0315	0.005	0.272
1.417	0.0054	0.016	0.336	0.0235	0.002	0.195
1.422	0.0047	0.009	0.230	0.0267	0.004	0.230
1.427	0.0047	0.009	0.321	0.0125	0.041	0.442
1.432	0.0021	0.020	0.434	0.0161	0.089	0.487
1.437	0.0025	0.041	0.378	0.0095	0.136	0.489
1.442	0.0024	0.066	0.151	0.0146	0.302	0.564
1.447	0.0018	0.093	0.161	0.0145	0.298	0.546
1.452	0.0029	0.141	0.153	0.0142	0.217	0.532
1.457	0.0082	0.157	0.185	0.0076	0.178	0.522
1.462	0.0107	0.080	0.117	0.0120	0.303	0.579
1.467	0.0083	0.125	0.130	0.0133	0.308	0.583
1.472	0.0092	0.136	0.144	0.0212	0.147	0.484
1.477	0.0063	0.118	0.444	0.0299	0.015	0.253
1.482	0.0127	0.061	0.598	0.0172	0.012	0.174
1.487	0.0283	0.014	0.747	0.0112	0.010	0.135
1.492	0.1128	0.018	0.758	0.0112	0.011	0.138
1.497	0.1297	0.011	0.762	0.0139	0.010	0.117
1.502	0.0939	0.011	0.769	0.0137	0.005	0.111
1.507	0.0885	0.011	0.718	0.0198	0.003	0.102
1.512	0.1021	0.011	0.723	0.0176	0.004	0.108
1.517	0.1171	0.020	0.768	0.0084	0.005	0.098
1.522	0.0974	0.020	0.764	0.0083	0.007	0.096
1.527	0.0587	0.025	0.755	0.0140	0.007	0.099
1.532	0.0749	0.034	0.786	0.0083	0.007	0.090
1.537	0.1044	0.034	0.785	0.0126	0.007	0.092
1.541	0.0903	0.034	0.789	0.0103	0.005	0.084
1.546	0.0523	0.025	0.787	0.0100	0.003	0.098
1.551	0.0858	0.025	0.713	0.0121	0.003	0.100
1.556	0.0944	0.020	0.643	0.0300	0.004	0.093
1.561	0.0549	0.016	0.601	0.0497	0.002	0.064
1.566	0.0179	0.018	0.760	0.0234	0.001	0.049
1.571	0.0410	0.014	0.793	0.0052	0.001	0.049
1.576	0.0507	0.011	0.799	0.0055	0.001	0.084
1.581	0.0391	0.009	0.789	0.0113	0.001	0.100
1.586	0.0196	0.011	0.714	0.0147	0.002	0.098
1.591	0.0368	0.018	0.688	0.0240	0.002	0.108
1.596	0.0482	0.020	0.718	0.0178	0.002	0.111
1.601	0.0417	0.020	0.716	0.0142	0.002	0.101
1.606	0.0421	0.020	0.716	0.0186	0.007	0.111
1.611	0.0710	0.016	0.682	0.0147	0.010	0.108
1.616	0.1074	0.023	0.600	0.0161	0.015	0.133
1.621	0.0906	0.025	0.497	0.0219	0.018	0.170
1.626	0.0411	0.030	0.549	0.0180	0.011	0.221
1.631	0.0282	0.023	0.568	0.0210	0.010	0.254
1.636	0.0203	0.036	0.524	0.0154	0.012	0.288
1.641	0.0195	0.018	0.501	0.0145	0.011	0.315
1.646	0.0129	0.018	0.514	0.0139	0.016	0.396
1.651	0.0117	0.009	0.425	0.0100	0.032	0.393
1.656	0.0116	0.027	0.384	0.0228	0.094	0.423
1.661	0.0075	0.061	0.405	0.0143	0.113	0.427
1.666	0.0051	0.059	0.444	0.0109	0.111	0.406
1.671	0.0060	0.064	0.455	0.0185	0.083	0.395
1.676	0.0099	0.045	0.502	0.0158	0.044	0.322
1.681	0.0111	0.027	0.632	0.0152	0.028	0.290
1.686	0.0179	0.032	0.692	0.0115	0.031	0.272
1.691	0.0314	0.018	0.686	0.0089	0.039	0.303
1.696	0.0363	0.018	0.684	0.0088	0.047	0.337
1.701	0.0398	0.018	0.705	0.0077	0.049	0.334
1.706	0.0464	0.014	0.696	0.0096	0.041	0.317
1.711	0.0519	0.009	0.669	0.0105	0.049	0.338
1.716	0.0538	0.009	0.643	0.0091	0.080	0.348
1.721	0.0444	0.025	0.648	0.0087	0.084	0.372
1.726	0.0411	0.027	0.635	0.0153	0.113	0.419
1.731	0.0364	0.032	0.630	0.0100	0.149	0.421
1.736	0.0262	0.036	0.615	0.0093	0.146	0.405
1.741	0.0219	0.055	0.576	0.0134	0.153	0.395
1.746	0.0225	0.050	0.584	0.0116	0.144	0.421
1.751	0.0237	0.052	0.628	0.0092	0.139	0.404
1.756	0.0209	0.068	0.577	0.0113	0.117	0.360
1.761	0.0306	0.068	0.612	0.0264	0.069	0.304
1.766	0.0272	0.002	0.644	0.0416	0.015	0.231
1.771	0.0165	0.009	0.652	0.0327	0.006	0.228
1.776	0.0102	0.018	0.626	0.0292	0.004	0.233
1.781	0.0139	0.007	0.557	0.0200	0.006	0.246
1.786	0.0104	0.014	0.486	0.0145	0.017	0.288
1.791	0.0096	0.011	0.440	0.0129	0.039	0.335
1.796	0.0076	0.041	0.387	0.0152	0.058	0.378
1.801	0.0045	0.032	0.448	0.0171	0.042	0.328
1.806	0.0053	0.034	0.426	0.0273	0.019	0.271
1.811	0.0092	0.032	0.501	0.0235	0.014	0.229
1.816	0.0240	0.023	0.542	0.0262	0.005	0.144
1.821	0.0491	0.020	0.613	0.0223	0.003	0.119
1.826	0.0734	0.014	0.668	0.0148	0.002	0.115
1.831	0.1037	0.018	0.708	0.0117	0.003	0.116
1.836	0.1271	0.009	0.704	0.0120	0.006	0.116
1.841	0.1378	0.009	0.679	0.0183	0.005	0.101
1.846	0.1254	0.009	0.652	0.0137	0.004	0.094
1.851	0.1219	0.018	0.684	0.0125	0.005	0.095
1.856	0.1311	0.032	0.702	0.0121	0.004	0.092
1.861	0.1365	0.027	0.689	0.0147	0.003	0.085
1.866	0.1213	0.023	0.703	0.0104	0.002	0.092
1.871	0.1134	0.023	0.644	0.0136	0.002	0.094
1.876	0.1111	0.018	0.552	0.0301	0.001	0.079
1.881	0.0783	0.023	0.569	0.0372	0.001	0.088
1.886	0.0566	0.009	0.700	0.0121	0.001	0.093
1.891	0.0484	0.009	0.684	0.0127	0.001	0.087
1.896	0.0542	0.014	0.664	0.0138	0.001	0.103
1.901	0.0577	0.009	0.693	0.0130	0.001	0.099
1.906	0.0591	0.016	0.738	0.0109	0.001	0.078
1.911	0.0644	0.018	0.677	0.0134	0.000	0.069
1.916	0.0664	0.009	0.489	0.0353	0.000	0.065
1.921	0.0536	0.007	0.386	0.0591	0.000	0.060
1.926	0.0150	0.011	0.655	0.0226	0.000	0.037
1.931	0.0219	0.005	0.717	0.0196	0.000	0.027
1.936	0.0269	0.005	0.674	0.0236	0.000	0.026
1.941	0.0322	0.002	0.677	0.0153	0.000	0.025
1.946	0.0265	0.005	0.671	0.0119	0.000	0.036
1.951	0.0116	0.005	0.651	0.0426	0.000	0.043
1.956	0.0152	0.002	0.679	0.0289	0.000	0.061
1.961	0.0157	0.005	0.648	0.0117	0.000	0.087
1.966	0.0172	0.005	0.538	0.0293	0.001	0.122
1.971	0.0272	0.002	0.597	0.0241	0.001	0.125
1.976	0.0285	0.014	0.664	0.0139	0.002	0.113
1.980	0.0331	0.011	0.663	0.0148	0.002	0.105
1.985	0.0407	0.011	0.676	0.0229	0.002	0.106
1.990	0.0401	0.009	0.714	0.0155	0.002	0.109
1.995	0.0464	0.009	0.732	0.0090	0.002	0.104
2.000	0.0534	0.014	0.737	0.0059	0.002	0.107
2.005	0.0508	0.014	0.744	0.0067	0.002	0.110
2.010	0.0514	0.014	0.737	0.0090	0.001	0.109
2.015	0.0542	0.009	0.738	0.0074	0.003	0.111
2.020	0.0561	0.009	0.720	0.0151	0.003	0.103
2.025	0.0575	0.009	0.718	0.0088	0.002	0.092
2.030	0.0568	0.014	0.632	0.0141	0.001	0.093
2.035	0.0497	0.011	0.424	0.0338	0.001	0.077
2.040	0.0333	0.009	0.519	0.0427	0.000	0.063
2.045	0.0215	0.005	0.711	0.0207	0.000	0.038
2.050	0.0290	0.002	0.701	0.0191	0.000	0.035
2.055	0.0256	0.005	0.584	0.0252	0.000	0.048
2.060	0.0124	0.005	0.619	0.0215	0.000	0.059
2.065	0.0165	0.007	0.644	0.0096	0.000	0.101
2.070	0.0128	0.005	0.673	0.0253	0.001	0.127
2.075	0.0230	0.007	0.626	0.0277	0.001	0.121
2.080	0.0141	0.009	0.532	0.0192	0.001	0.122
2.085	0.0132	0.009	0.466	0.0279	0.001	0.109
2.090	0.0112	0.016	0.557	0.0233	0.001	0.090
2.095	0.0227	0.014	0.652	0.0199	0.000	0.078
2.100	0.0741	0.014	0.691	0.0152	0.001	0.089
2.105	0.1150	0.007	0.688	0.0139	0.001	0.089
2.110	0.1233	0.009	0.710	0.0163	0.001	0.095
2.115	0.1287	0.009	0.731	0.0068	0.001	0.104
2.120	0.1269	0.009	0.724	0.0104	0.002	0.109
2.125	0.1225	0.014	0.712	0.0091	0.002	0.108
2.130	0.1220	0.014	0.731	0.0098	0.004	0.098
2.135	0.1246	0.009	0.748	0.0069	0.004	0.096
2.140	0.1295	0.018	0.741	0.0074	0.002	0.090
2.145	0.1267	0.018	0.727	0.0111	0.003	0.094
2.150	0.1242	0.009	0.730	0.0097	0.003	0.097
2.155	0.1164	0.009	0.748	0.0075	0.002	0.094
2.160	0.1125	0.014	0.737	0.0072	0.003	0.099
2.165	0.1046	0.020	0.726	0.0124	0.002	0.109
2.170	0.1008	0.023	0.699	0.0121	0.002	0.120
2.175	0.0982	0.023	0.573	0.0127	0.014	0.196
2.180	0.0710	0.014	0.579	0.0111	0.031	0.267
2.185	0.0511	0.009	0.643	0.0092	0.073	0.348
2.190	0.0418	0.014	0.619	0.0119	0.110	0.395
2.195	0.0369	0.045	0.477	0.0150	0.230	0.471
2.200	0.0302	0.032	0.307	0.0120	0.497	0.494
2.205	0.0199	0.061	0.160	0.0108	0.789	0.516
2.210	0.0206	0.127	0.167	0.0132	0.888	0.504
2.215	0.0174	0.150	0.178	0.0122	0.926	0.474
2.220	0.0218	0.141	0.147	0.0119	0.933	0.490
2.225	0.0233	0.182	0.147	0.0117	0.966	0.524
2.230	0.0200	0.177	0.190	0.0100	0.960	0.521
2.235	0.0177	0.164	0.168	0.0135	0.938	0.511
2.240	0.0155	0.173	0.153	0.0102	0.957	0.473
2.245	0.0183	0.155	0.132	0.0126	0.938	0.479
2.250	0.0208	0.161	0.109	0.0138	0.947	0.472
2.255	0.0180	0.155	0.203	0.0148	0.847	0.483
2.260	0.0234	0.175	0.356	0.0218	0.491	0.456
2.265	0.0219	0.118	0.558	0.0252	0.120	0.346
2.270	0.0206	0.045	0.657	0.0243	0.041	0.270
2.275	0.0261	0.018	0.742	0.0183	0.012	0.174
2.280	0.0448	0.018	0.761	0.0146	0.006	0.123
2.285	0.0609	0.023	0.788	0.0122	0.002	0.087
2.290	0.0639	0.020	0.739	0.0112	0.002	0.089
2.295	0.0584	0.014	0.648	0.0182	0.001	0.093
2.300	0.0334	0.009	0.603	0.0208	0.001	0.111
2.305	0.0208	0.020	0.619	0.0208	0.001	0.147
2.310	0.0199	0.009	0.614	0.0171	0.002	0.177
2.315	0.0173	0.002	0.629	0.0185	0.001	0.178
2.320	0.0131	0.005	0.597	0.0258	0.001	0.177
2.325	0.0107	0.005	0.506	0.0217	0.002	0.140
2.330	0.0103	0.005	0.514	0.0399	0.003	0.131
2.335	0.0079	0.007	0.427	0.0460	0.004	0.167
2.340	0.0021	0.009	0.347	0.0175	0.011	0.303
2.345	0.0031	0.002	0.482	0.0225	0.024	0.371
2.350	0.0024	0.041	0.546	0.0145	0.049	0.402
2.355	0.0022	0.030	0.488	0.0083	0.238	0.483
2.360	0.0036	0.023	0.413	0.0119	0.309	0.485
2.365	0.0050	0.082	0.307	0.0155	0.276	0.498
2.370	0.0035	0.105	0.202	0.0169	0.192	0.470
2.375	0.0024	0.109	0.178	0.0157	0.113	0.462
2.380	0.0039	0.123	0.211	0.0162	0.116	0.504
2.385	0.0071	0.059	0.341	0.0412	0.048	0.486
2.390	0.0036	0.091	0.551	0.0312	0.014	0.365
2.395	0.0068	0.023	0.603	0.0250	0.004	0.298
2.400	0.0178	0.005	0.594	0.0247	0.003	0.236
2.405	0.0138	0.005	0.680	0.0119	0.006	0.198
2.410	0.0105	0.002	0.658	0.0140	0.008	0.216
2.415	0.0143	0.009	0.684	0.0187	0.004	0.139
2.420	0.0214	0.009	0.747	0.0107	0.001	0.092
2.424	0.0325	0.023	0.730	0.0068	0.001	0.066
2.429	0.0382	0.023	0.729	0.0097	0.001	0.065
2.434	0.0368	0.011	0.697	0.0115	0.001	0.093
2.439	0.0369	0.023	0.623	0.0125	0.001	0.101
2.444	0.0339	0.014	0.579	0.0202	0.004	0.122
2.449	0.0243	0.014	0.560	0.0318	0.002	0.116
2.454	0.0227	0.023	0.632	0.0209	0.001	0.098
2.459	0.0298	0.018	0.667	0.0073	0.001	0.090
2.464	0.0335	0.018	0.681	0.0100	0.001	0.087
2.469	0.0594	0.016	0.704	0.0071	0.001	0.088
2.474	0.0796	0.009	0.669	0.0152	0.001	0.091
2.479	0.0839	0.011	0.687	0.0170	0.001	0.098
2.484	0.0903	0.016	0.712	0.0104	0.001	0.106
2.489	0.0577	0.014	0.677	0.0125	0.001	0.107
2.494	0.0466	0.016	0.670	0.0119	0.001	0.096
2.499	0.0633	0.011	0.652	0.0119	0.002	0.097
2.504	0.0651	0.011	0.640	0.0126	0.002	0.113
2.509	0.0783	0.009	0.719	0.0135	0.001	0.106
2.514	0.0752	0.014	0.722	0.0114	0.001	0.091
2.519	0.0382	0.011	0.633	0.0166	0.001	0.082
2.524	0.0237	0.007	0.550	0.0260	0.000	0.064
2.529	0.0282	0.007	0.590	0.0268	0.000	0.049
2.534	0.0294	0.011	0.698	0.0146	0.000	0.046
2.539	0.0472	0.007	0.681	0.0140	0.000	0.042
2.544	0.0284	0.007	0.681	0.0100	0.000	0.042
2.549	0.0159	0.009	0.682	0.0210	0.000	0.045
2.554	0.0257	0.007	0.678	0.0211	0.000	0.042
2.559	0.0314	0.009	0.713	0.0262	0.000	0.038
2.564	0.0444	0.007	0.714	0.0271	0.000	0.042
2.569	0.0421	0.007	0.677	0.0093	0.000	0.042
2.574	0.0219	0.007	0.679	0.0100	0.000	0.040
2.579	0.0167	0.009	0.688	0.0206	0.000	0.040
2.584	0.0275	0.007	0.681	0.0175	0.000	0.042
2.589	0.0365	0.007	0.711	0.0253	0.000	0.038
2.594	0.0448	0.009	0.724	0.0249	0.000	0.037
2.599	0.0437	0.007	0.629	0.0087	0.000	0.040
2.604	0.0242	0.007	0.602	0.0339	0.000	0.070
2.609	0.0188	0.009	0.595	0.0210	0.002	0.101
2.614	0.0236	0.009	0.655	0.0114	0.004	0.120
2.619	0.0118	0.027	0.657	0.0091	0.004	0.121
2.624	0.0227	0.020	0.650	0.0112	0.003	0.128
2.629	0.0265	0.023	0.682	0.0177	0.004	0.138
2.634	0.0506	0.025	0.687	0.0168	0.004	0.139
2.639	0.0449	0.018	0.699	0.0137	0.005	0.147
2.644	0.0459	0.016	0.699	0.0117	0.004	0.167
2.649	0.0400	0.016	0.696	0.0117	0.004	0.176
2.654	0.0260	0.014	0.680	0.0161	0.005	0.165
2.659	0.0212	0.016	0.630	0.0194	0.003	0.147
2.664	0.0116	0.016	0.649	0.0114	0.003	0.152
2.669	0.0110	0.016	0.658	0.0084	0.006	0.171
2.674	0.0166	0.014	0.646	0.0081	0.012	0.197
2.679	0.0256	0.014	0.634	0.0104	0.012	0.190
2.684	0.0262	0.020	0.611	0.0188	0.009	0.179
2.689	0.0177	0.020	0.632	0.0128	0.009	0.187
2.694	0.0103	0.020	0.659	0.0152	0.007	0.191
2.699	0.0116	0.018	0.641	0.0160	0.004	0.166
2.704	0.0166	0.011	0.671	0.0147	0.002	0.153
2.709	0.0327	0.011	0.712	0.0088	0.003	0.161
2.714	0.0435	0.016	0.702	0.0109	0.002	0.140
2.719	0.0381	0.011	0.665	0.0107	0.002	0.136
2.724	0.0287	0.011	0.667	0.0080	0.002	0.139
2.729	0.0249	0.016	0.670	0.0113	0.002	0.130
2.734	0.0326	0.011	0.630	0.0133	0.002	0.135
2.739	0.0513	0.016	0.671	0.0172	0.002	0.137
2.744	0.0637	0.016	0.685	0.0069	0.003	0.130
2.749	0.0469	0.011	0.662	0.0065	0.003	0.118
2.754	0.0402	0.014	0.661	0.0083	0.003	0.122
2.759	0.0442	0.011	0.671	0.0119	0.004	0.123
2.764	0.0707	0.011	0.687	0.0083	0.004	0.118
2.769	0.0931	0.011	0.672	0.0108	0.004	0.119
2.774	0.0652	0.014	0.671	0.0066	0.004	0.129
2.779	0.0589	0.016	0.673	0.0126	0.003	0.111
2.784	0.0729	0.016	0.662	0.0136	0.002	0.102
2.789	0.1004	0.016	0.669	0.0161	0.002	0.103
2.794	0.1073	0.009	0.681	0.0095	0.002	0.111
2.799	0.0702	0.011	0.676	0.0104	0.002	0.112
2.804	0.0720	0.011	0.676	0.0084	0.002	0.110
2.809	0.0755	0.011	0.695	0.0077	0.003	0.114
2.814	0.1107	0.011	0.689	0.0198	0.002	0.102
2.819	0.1048	0.014	0.664	0.0098	0.001	0.089
2.824	0.0709	0.011	0.671	0.0073	0.002	0.106
2.829	0.0695	0.009	0.674	0.0110	0.002	0.104
2.834	0.0726	0.011	0.671	0.0093	0.002	0.111
2.839	0.0963	0.016	0.675	0.0117	0.002	0.102
2.844	0.0785	0.020	0.672	0.0137	0.002	0.091
2.849	0.0666	0.009	0.670	0.0093	0.001	0.095
2.854	0.0686	0.011	0.642	0.0123	0.001	0.094
2.859	0.0781	0.011	0.643	0.0143	0.002	0.094
2.863	0.0860	0.009	0.666	0.0095	0.003	0.104
2.868	0.0643	0.016	0.665	0.0069	0.003	0.109
2.873	0.0602	0.009	0.641	0.0089	0.002	0.100
2.878	0.0573	0.016	0.638	0.0129	0.002	0.100
2.883	0.0695	0.016	0.654	0.0051	0.002	0.101
2.888	0.0490	0.018	0.665	0.0062	0.002	0.109
2.893	0.0521	0.014	0.660	0.0074	0.002	0.100
2.898	0.0545	0.011	0.664	0.0068	0.002	0.094
2.903	0.0790	0.011	0.654	0.0096	0.002	0.096
2.908	0.0458	0.009	0.669	0.0071	0.001	0.102
2.913	0.0561	0.011	0.665	0.0075	0.001	0.101
2.918	0.0611	0.009	0.675	0.0098	0.001	0.091
2.923	0.0832	0.011	0.664	0.0055	0.001	0.080
2.928	0.0492	0.011	0.659	0.0061	0.001	0.080
2.933	0.0544	0.009	0.664	0.0076	0.001	0.083
2.938	0.0568	0.011	0.667	0.0070	0.002	0.088
2.943	0.0827	0.009	0.666	0.0072	0.002	0.092
2.948	0.0658	0.011	0.656	0.0087	0.002	0.092
2.953	0.0456	0.009	0.667	0.0087	0.001	0.097
2.958	0.0499	0.011	0.668	0.0082	0.001	0.092
2.963	0.0777	0.011	0.674	0.0078	0.001	0.084
2.968	0.0751	0.009	0.652	0.0087	0.001	0.085
2.973	0.0378	0.009	0.597	0.0128	0.001	0.076
2.978	0.0348	0.011	0.490	0.0204	0.001	0.081
2.983	0.0522	0.011	0.423	0.0251	0.001	0.077
2.988	0.0351	0.009	0.482	0.0329	0.000	0.070
2.993	0.0064	0.009	0.619	0.0254	0.000	0.055
2.998	0.0111	0.011	0.563	0.0270	0.000	0.053
3.003	0.0221	0.005	0.606	0.0167	0.000	0.043
3.008	0.0046	0.007	0.575	0.0191	0.000	0.039
3.013	0.0121	0.007	0.640	0.0233	0.000	0.032
3.018	0.0129	0.005	0.650	0.0191	0.000	0.032
3.023	0.0066	0.007	0.653	0.0340	0.000	0.032
3.028	0.0072	0.007	0.641	0.0176	0.000	0.031
3.033	0.0089	0.011	0.588	0.0416	0.000	0.033
3.038	0.0096	0.005	0.640	0.0329	0.000	0.036
3.043	0.0021	0.007	0.588	0.0169	0.000	0.037
3.048	0.0087	0.009	0.618	0.0343	0.000	0.040
3.053	0.0093	0.002	0.651	0.0104	0.000	0.056
3.058	0.0018	0.018	0.636	0.0101	0.000	0.061
3.063	0.0070	0.007	0.647	0.0113	0.000	0.082
3.068	0.0080	0.002	0.642	0.0084	0.000	0.099
3.073	0.0088	0.005	0.634	0.0117	0.001	0.112
3.078	0.0036	0.018	0.620	0.0095	0.001	0.111
3.083	0.0064	0.007	0.580	0.0198	0.001	0.106
3.088	0.0124	0.011	0.596	0.0213	0.001	0.111
3.093	0.0184	0.011	0.554	0.0232	0.001	0.104
3.098	0.0141	0.009	0.572	0.0236	0.001	0.099
3.103	0.0058	0.011	0.624	0.0217	0.001	0.093
3.108	0.0227	0.011	0.671	0.0177	0.001	0.095
3.113	0.0509	0.009	0.677	0.0193	0.001	0.088
3.118	0.0594	0.011	0.696	0.0145	0.001	0.094
3.123	0.0420	0.011	0.707	0.0095	0.001	0.100
3.128	0.0443	0.009	0.729	0.0058	0.001	0.104
3.133	0.0557	0.011	0.695	0.0122	0.001	0.103
3.138	0.0728	0.011	0.626	0.0199	0.001	0.104
3.143	0.0542	0.009	0.624	0.0081	0.001	0.104
3.148	0.0416	0.009	0.632	0.0132	0.001	0.099
3.153	0.0342	0.011	0.651	0.0076	0.001	0.110
3.158	0.0510	0.011	0.657	0.0106	0.001	0.110
3.163	0.0430	0.009	0.668	0.0064	0.001	0.093
3.168	0.0377	0.009	0.653	0.0084	0.001	0.101
3.173	0.0451	0.011	0.568	0.0178	0.000	0.101
3.178	0.0663	0.009	0.561	0.0325	0.000	0.096
3.183	0.0235	0.014	0.373	0.0410	0.001	0.122
3.188	0.0158	0.007	0.278	0.0443	0.001	0.110
3.193	0.0287	0.020	0.339	0.0614	0.000	0.048
3.198	0.0077	0.005	0.656	0.0196	0.000	0.030
3.203	0.0123	0.002	0.645	0.0087	0.000	0.026
3.208	0.0120	0.005	0.648	0.0111	0.000	0.024
3.213	0.0142	0.002	0.660	0.0138	0.000	0.022
3.218	0.0037	0.005	0.653	0.0133	0.000	0.021
3.223	0.0121	0.007	0.658	0.0068	0.000	0.019
3.228	0.0099	0.007	0.667	0.0117	0.000	0.019
3.233	0.0141	0.005	0.661	0.0146	0.000	0.018
3.238	0.0040	0.005	0.653	0.0126	0.000	0.019
3.243	0.0125	0.002	0.667	0.0074	0.000	0.017
3.248	0.0115	0.005	0.668	0.0066	0.000	0.017
3.253	0.0099	0.002	0.663	0.0064	0.000	0.017
3.258	0.0071	0.005	0.660	0.0103	0.000	0.018
3.263	0.0101	0.002	0.661	0.0147	0.000	0.059
3.268	0.0107	0.002	0.619	0.0117	0.001	0.181
3.273	0.0092	0.005	0.465	0.0087	0.043	0.476
3.278	0.0063	0.005	0.394	0.0278	0.059	0.439
3.283	0.0112	0.030	0.467	0.0394	0.015	0.297
3.288	0.0066	0.059	0.557	0.0383	0.004	0.206
3.293	0.0212	0.005	0.684	0.0240	0.001	0.117
3.298	0.0449	0.014	0.714	0.0217	0.001	0.089
3.302	0.0578	0.014	0.750	0.0241	0.000	0.075
3.307	0.0634	0.009	0.766	0.0219	0.000	0.068
3.312	0.0687	0.011	0.783	0.0201	0.000	0.059
3.317	0.0822	0.011	0.777	0.0105	0.000	0.057
3.322	0.0902	0.011	0.775	0.0078	0.000	0.064
3.327	0.1107	0.009	0.743	0.0083	0.000	0.082
3.332	0.0828	0.011	0.670	0.0149	0.001	0.159
3.337	0.0636	0.009	0.614	0.0178	0.002	0.237
3.342	0.0130	0.025	0.589	0.0126	0.016	0.393
3.347	0.0173	0.016	0.633	0.0089	0.033	0.502
3.352	0.0209	0.007	0.605	0.0088	0.064	0.527
3.357	0.0194	0.014	0.561	0.0102	0.114	0.543
3.362	0.0195	0.045	0.457	0.0092	0.236	0.572
3.367	0.0203	0.066	0.361	0.0126	0.337	0.593
3.372	0.0162	0.118	0.223	0.0097	0.638	0.607
3.377	0.0143	0.168	0.126	0.0111	0.787	0.606
3.382	0.0140	0.193	0.102	0.0105	0.904	0.609
3.387	0.0092	0.230	0.125	0.0104	0.904	0.624
3.392	0.0142	0.216	0.140	0.0113	0.916	0.615
3.397	0.0104	0.207	0.127	0.0102	0.900	0.618
3.402	0.0127	0.216	0.125	0.0102	0.860	0.652
3.407	0.0101	0.216	0.151	0.0106	0.856	0.640
3.412	0.0101	0.202	0.108	0.0122	0.872	0.611
3.417	0.0097	0.193	0.114	0.0121	0.900	0.607
3.422	0.0108	0.211	0.102	0.0124	0.876	0.603
3.427	0.0109	0.198	0.113	0.0100	0.905	0.589
3.432	0.0110	0.216	0.145	0.0110	0.866	0.627
3.437	0.0108	0.207	0.136	0.0105	0.859	0.603
3.442	0.0086	0.211	0.147	0.0104	0.833	0.592
3.447	0.0097	0.202	0.152	0.0116	0.806	0.594
3.452	0.0097	0.200	0.143	0.0121	0.721	0.604
3.457	0.0081	0.218	0.157	0.0124	0.549	0.581
3.462	0.0068	0.193	0.321	0.0262	0.269	0.517
3.467	0.0077	0.155	0.496	0.0348	0.054	0.424
3.472	0.0070	0.073	0.690	0.0232	0.006	0.237
3.477	0.0205	0.009	0.722	0.0226	0.002	0.172
3.482	0.0289	0.020	0.723	0.0198	0.001	0.115
3.487	0.0255	0.009	0.757	0.0256	0.000	0.095
3.492	0.0176	0.011	0.758	0.0178	0.000	0.071
3.497	0.0369	0.011	0.756	0.0137	0.000	0.069
3.502	0.0581	0.009	0.788	0.0063	0.000	0.063
3.507	0.0784	0.011	0.776	0.0053	0.000	0.063
3.512	0.0825	0.009	0.769	0.0087	0.000	0.073
3.517	0.0694	0.011	0.768	0.0135	0.000	0.073
3.522	0.0613	0.009	0.763	0.0093	0.000	0.071
3.527	0.0345	0.011	0.777	0.0169	0.001	0.068
3.532	0.0316	0.014	0.740	0.0118	0.001	0.080
3.537	0.0348	0.009	0.724	0.0157	0.001	0.083
3.542	0.0426	0.014	0.717	0.0156	0.001	0.086
3.547	0.0442	0.016	0.695	0.0155	0.001	0.088
3.552	0.0438	0.011	0.695	0.0311	0.001	0.075
3.557	0.0338	0.009	0.730	0.0211	0.000	0.049
3.562	0.0303	0.005	0.739	0.0205	0.000	0.043
3.567	0.0295	0.005	0.732	0.0160	0.000	0.046
3.572	0.0263	0.005	0.681	0.0267	0.000	0.049
3.577	0.0209	0.005	0.687	0.0258	0.000	0.047
3.582	0.0205	0.005	0.632	0.0249	0.000	0.037
3.587	0.0193	0.005	0.467	0.0235	0.000	0.036
3.592	0.0148	0.002	0.489	0.0092	0.000	0.037
3.597	0.0068	0.005	0.610	0.0402	0.000	0.043
3.602	0.0090	0.005	0.475	0.0232	0.000	0.050
3.607	0.0060	0.002	0.375	0.0284	0.000	0.063
3.612	0.0037	0.009	0.590	0.0403	0.000	0.065
3.617	0.0019	0.014	0.720	0.0193	0.000	0.063
3.622	0.0018	0.007	0.422	0.0224	0.009	0.316
3.627	0.0014	0.005	0.258	0.0104	0.135	0.603
3.632	0.0022	0.005	0.150	0.0122	0.304	0.648
3.637	0.0035	0.073	0.110	0.0089	0.330	0.618
3.642	0.0044	0.107	0.083	0.0142	0.549	0.611
3.647	0.0072	0.159	0.126	0.0206	0.401	0.577
3.652	0.0063	0.166	0.433	0.0418	0.028	0.364
3.657	0.0060	0.084	0.631	0.0373	0.005	0.229
3.662	0.0146	0.005	0.711	0.0236	0.001	0.136
3.667	0.0220	0.007	0.728	0.0134	0.001	0.121
3.672	0.0247	0.009	0.747	0.0150	0.000	0.097
3.677	0.0286	0.007	0.736	0.0066	0.000	0.092
3.682	0.0293	0.009	0.743	0.0100	0.000	0.083
3.687	0.0292	0.009	0.740	0.0098	0.000	0.080
3.692	0.0281	0.009	0.741	0.0065	0.000	0.066
3.697	0.0287	0.009	0.746	0.0042	0.000	0.060
3.702	0.0305	0.009	0.743	0.0069	0.000	0.053
3.707	0.0333	0.009	0.742	0.0109	0.000	0.057
3.712	0.0357	0.009	0.750	0.0102	0.000	0.053
3.717	0.0395	0.011	0.752	0.0090	0.000	0.052
3.722	0.0447	0.009	0.737	0.0117	0.000	0.060
3.727	0.0476	0.009	0.738	0.0139	0.001	0.061
3.732	0.0479	0.009	0.737	0.0078	0.001	0.066
3.737	0.0465	0.009	0.719	0.0113	0.001	0.067
3.741	0.0421	0.009	0.720	0.0100	0.001	0.078
3.746	0.0393	0.011	0.735	0.0134	0.002	0.082
3.751	0.0459	0.009	0.750	0.0064	0.002	0.075
3.756	0.0532	0.009	0.737	0.0070	0.002	0.083
3.761	0.0538	0.009	0.742	0.0089	0.002	0.081
3.766	0.0616	0.009	0.738	0.0084	0.003	0.088
3.771	0.0595	0.009	0.749	0.0106	0.003	0.087
3.776	0.0601	0.009	0.742	0.0082	0.003	0.093
3.781	0.0591	0.009	0.745	0.0088	0.002	0.091
3.786	0.0590	0.009	0.748	0.0093	0.002	0.087
3.791	0.0607	0.009	0.742	0.0064	0.002	0.109
3.796	0.0615	0.009	0.746	0.0089	0.002	0.110
3.801	0.0648	0.011	0.744	0.0070	0.002	0.100
3.806	0.0691	0.009	0.748	0.0059	0.003	0.093
3.811	0.0736	0.009	0.743	0.0045	0.003	0.095
3.816	0.0777	0.009	0.743	0.0070	0.002	0.083
3.821	0.0804	0.018	0.745	0.0070	0.001	0.071
3.826	0.0830	0.009	0.745	0.0114	0.001	0.069
3.831	0.0837	0.014	0.756	0.0157	0.001	0.064
3.836	0.0828	0.009	0.754	0.0100	0.001	0.063
3.841	0.0776	0.009	0.758	0.0175	0.000	0.060
3.846	0.0702	0.009	0.736	0.0097	0.001	0.065
3.851	0.0568	0.009	0.756	0.0083	0.001	0.066
3.856	0.0423	0.009	0.762	0.0184	0.001	0.070
3.861	0.0332	0.014	0.735	0.0092	0.002	0.072
3.866	0.0278	0.016	0.748	0.0124	0.004	0.078
3.871	0.0247	0.009	0.698	0.0106	0.008	0.134
3.876	0.0238	0.014	0.693	0.0115	0.009	0.169
3.881	0.0224	0.018	0.691	0.0093	0.014	0.243
3.886	0.0211	0.009	0.672	0.0116	0.036	0.296
3.891	0.0204	0.014	0.662	0.0108	0.061	0.343
3.896	0.0204	0.034	0.613	0.0104	0.068	0.355
3.901	0.0153	0.027	0.491	0.0108	0.135	0.421
3.906	0.0119	0.036	0.508	0.0109	0.182	0.465
3.911	0.0103	0.073	0.526	0.0135	0.270	0.423
3.916	0.0139	0.061	0.522	0.0094	0.363	0.389
3.921	0.0155	0.095	0.453	0.0122	0.368	0.409
3.926	0.0133	0.095	0.372	0.0129	0.475	0.415
3.931	0.0144	0.091	0.322	0.0122	0.618	0.428
3.936	0.0156	0.093	0.294	0.0140	0.627	0.429
3.941	0.0101	0.191	0.311	0.0120	0.600	0.406
3.946	0.0123	0.114	0.360	0.0115	0.583	0.448
3.951	0.0138	0.125	0.365	0.0114	0.543	0.463
3.956	0.0126	0.120	0.344	0.0122	0.521	0.460
3.961	0.0144	0.098	0.425	0.0095	0.433	0.443
3.966	0.0179	0.102	0.478	0.0134	0.283	0.455
3.971	0.0134	0.105	0.543	0.0124	0.164	0.422
3.976	0.0119	0.068	0.626	0.0118	0.110	0.386
3.981	0.0176	0.032	0.622	0.0175	0.064	0.302
3.986	0.0217	0.016	0.667	0.0189	0.025	0.261
3.991	0.0272	0.018	0.674	0.0136	0.008	0.195
3.996	0.0333	0.014	0.697	0.0156	0.005	0.153
4.001	0.0358	0.014	0.712	0.0126	0.002	0.094
4.006	0.0394	0.011	0.733	0.0157	0.001	0.085
4.011	0.0426	0.009	0.733	0.0093	0.001	0.076
4.016	0.0444	0.014	0.718	0.0169	0.001	0.075
4.021	0.0427	0.009	0.737	0.0102	0.001	0.065
4.026	0.0396	0.009	0.734	0.0094	0.000	0.062
4.031	0.0358	0.009	0.718	0.0106	0.000	0.055
4.036	0.0349	0.007	0.664	0.0125	0.000	0.053
4.041	0.0305	0.009	0.636	0.0154	0.000	0.068
4.046	0.0199	0.009	0.636	0.0104	0.001	0.099
4.051	0.0174	0.007	0.655	0.0078	0.001	0.147
4.056	0.0286	0.009	0.690	0.0119	0.002	0.181
4.061	0.0377	0.007	0.679	0.0172	0.004	0.214
4.066	0.0349	0.014	0.624	0.0099	0.009	0.263
4.071	0.0161	0.009	0.611	0.0070	0.023	0.347
4.076	0.0098	0.009	0.607	0.0128	0.035	0.393
4.081	0.0073	0.011	0.635	0.0142	0.048	0.427
4.086	0.0104	0.027	0.678	0.0138	0.052	0.405
4.091	0.0187	0.016	0.623	0.0106	0.044	0.370
4.096	0.0102	0.014	0.582	0.0152	0.034	0.340
4.101	0.0074	0.027	0.591	0.0096	0.021	0.311
4.106	0.0080	0.016	0.636	0.0203	0.015	0.287
4.111	0.0115	0.002	0.677	0.0217	0.006	0.215
4.116	0.0092	0.005	0.674	0.0206	0.002	0.176
4.121	0.0073	0.009	0.641	0.0190	0.001	0.125
4.126	0.0091	0.007	0.664	0.0165	0.000	0.086
4.131	0.0102	0.002	0.667	0.0214	0.000	0.058
4.136	0.0087	0.005	0.661	0.0160	0.000	0.049
4.141	0.0050	0.005	0.671	0.0143	0.000	0.040
4.146	0.0095	0.002	0.676	0.0168	0.000	0.034
4.151	0.0095	0.002	0.585	0.0270	0.000	0.034
4.156	0.0114	0.005	0.530	0.0294	0.000	0.044
4.161	0.0041	0.005	0.604	0.0183	0.000	0.052
4.166	0.0095	0.007	0.670	0.0317	0.000	0.051
4.171	0.0113	0.014	0.656	0.0208	0.000	0.046
4.176	0.0210	0.005	0.669	0.0154	0.000	0.043
4.180	0.0261	0.002	0.605	0.0192	0.000	0.052
4.185	0.0288	0.005	0.672	0.0185	0.000	0.069
4.190	0.0224	0.011	0.736	0.0125	0.001	0.079
4.195	0.0289	0.009	0.689	0.0112	0.001	0.083
4.200	0.0246	0.011	0.703	0.0070	0.002	0.089
4.205	0.0169	0.018	0.661	0.0122	0.002	0.091
4.210	0.0183	0.020	0.684	0.0071	0.001	0.104
4.215	0.0217	0.018	0.723	0.0163	0.002	0.110
4.220	0.0453	0.027	0.704	0.0087	0.001	0.102
4.225	0.0566	0.020	0.716	0.0111	0.001	0.111
4.230	0.0580	0.023	0.713	0.0166	0.002	0.115
4.235	0.0585	0.023	0.746	0.0107	0.002	0.109
4.240	0.0561	0.027	0.734	0.0075	0.002	0.115
4.245	0.0416	0.027	0.732	0.0113	0.003	0.128
4.250	0.0320	0.011	0.739	0.0141	0.002	0.120
4.255	0.0310	0.018	0.722	0.0164	0.002	0.115
4.260	0.0291	0.020	0.691	0.0167	0.001	0.113
4.265	0.0242	0.018	0.605	0.0099	0.002	0.128
4.270	0.0166	0.018	0.542	0.0165	0.003	0.158
4.275	0.0178	0.007	0.595	0.0205	0.002	0.161
4.280	0.0141	0.005	0.615	0.0188	0.000	0.106
4.285	0.0126	0.005	0.642	0.0291	0.000	0.069
4.290	0.0111	0.002	0.558	0.0372	0.000	0.053
4.295	0.0064	0.005	0.501	0.0354	0.000	0.063
4.300	0.0033	0.005	0.550	0.0159	0.000	0.059
4.305	0.0046	0.002	0.583	0.0263	0.000	0.059
4.310	0.0032	0.005	0.558	0.0191	0.000	0.068
4.315	0.0040	0.002	0.559	0.0255	0.000	0.076
4.320	0.0023	0.005	0.693	0.0237	0.000	0.078
4.325	0.0019	0.005	0.722	0.0112	0.000	0.085
4.330	0.0017	0.005	0.689	0.0123	0.000	0.101
4.335	0.0011	0.005	0.069	0.0305	0.012	0.217
4.340	0.0008	0.009	0.216	0.0213	0.124	0.318
4.345	0.0010	0.005	0.208	0.0126	0.083	0.319
4.350	0.0012	0.041	0.215	0.0109	0.086	0.419
4.355	0.0136	0.068	0.170	0.0143	0.357	0.570
4.360	0.0029	0.130	0.116	0.0158	0.456	0.606
4.365	0.0019	0.166	0.121	0.0162	0.269	0.509
4.370	0.0022	0.130	0.206	0.0226	0.149	0.401
4.375	0.0031	0.093	0.320	0.0488	0.045	0.333
4.380	0.0030	0.073	0.583	0.0409	0.004	0.182
4.385	0.0061	0.014	0.700	0.0269	0.002	0.132
4.390	0.0198	0.005	0.740	0.0119	0.002	0.097
4.395	0.0251	0.005	0.751	0.0078	0.002	0.088
4.400	0.0309	0.009	0.755	0.0058	0.001	0.072
4.405	0.0361	0.009	0.751	0.0054	0.001	0.073
4.410	0.0383	0.005	0.746	0.0045	0.001	0.071
4.415	0.0388	0.009	0.744	0.0060	0.001	0.073
4.420	0.0390	0.009	0.747	0.0076	0.001	0.056
4.425	0.0384	0.005	0.750	0.0033	0.001	0.053
4.430	0.0376	0.005	0.747	0.0041	0.000	0.048
4.435	0.0361	0.005	0.744	0.0061	0.000	0.052
4.440	0.0346	0.009	0.749	0.0067	0.001	0.049
4.445	0.0330	0.009	0.744	0.0058	0.001	0.056
4.450	0.0292	0.007	0.741	0.0058	0.001	0.063
4.455	0.0256	0.009	0.727	0.0123	0.001	0.071
4.460	0.0251	0.007	0.730	0.0133	0.001	0.074
4.465	0.0257	0.014	0.728	0.0055	0.001	0.086
4.470	0.0220	0.014	0.733	0.0112	0.002	0.091
4.475	0.0195	0.023	0.692	0.0165	0.002	0.086
4.480	0.0177	0.009	0.725	0.0090	0.003	0.097
4.485	0.0191	0.018	0.696	0.0109	0.003	0.102
4.490	0.0207	0.007	0.686	0.0135	0.003	0.109
4.495	0.0220	0.018	0.711	0.0179	0.002	0.114
4.500	0.0365	0.023	0.672	0.0104	0.002	0.113
4.505	0.0504	0.007	0.736	0.0079	0.002	0.107
4.510	0.0520	0.023	0.724	0.0181	0.002	0.118
4.515	0.0565	0.023	0.718	0.0126	0.002	0.117
4.520	0.0399	0.018	0.729	0.0145	0.002	0.094
4.525	0.0297	0.023	0.674	0.0063	0.001	0.092
4.530	0.0134	0.020	0.676	0.0132	0.002	0.092
4.535	0.0107	0.016	0.628	0.0127	0.003	0.093
4.540	0.0151	0.011	0.660	0.0107	0.004	0.101
4.545	0.0384	0.011	0.727	0.0073	0.004	0.111
4.550	0.0567	0.014	0.709	0.0089	0.003	0.108
4.555	0.0504	0.014	0.627	0.0170	0.002	0.103
4.560	0.0221	0.011	0.544	0.0203	0.002	0.091
4.565	0.0184	0.020	0.392	0.0311	0.001	0.084
4.570	0.0206	0.011	0.574	0.0490	0.000	0.046
4.575	0.0241	0.007	0.682	0.0202	0.000	0.033
4.580	0.0283	0.007	0.687	0.0226	0.000	0.032
4.585	0.0184	0.007	0.661	0.0176	0.000	0.033
4.590	0.0102	0.007	0.675	0.0212	0.000	0.033
4.595	0.0189	0.007	0.714	0.0312	0.000	0.029
4.600	0.0308	0.007	0.690	0.0224	0.000	0.027
4.605	0.0245	0.007	0.663	0.0063	0.000	0.029
4.610	0.0110	0.009	0.617	0.0134	0.000	0.052
4.615	0.0122	0.007	0.476	0.0262	0.000	0.071
4.620	0.0228	0.007	0.404	0.0360	0.001	0.076
4.624	0.0281	0.011	0.443	0.0365	0.001	0.072
4.629	0.0310	0.018	0.641	0.0171	0.001	0.064
4.634	0.0154	0.014	0.625	0.0198	0.001	0.070
4.639	0.0260	0.014	0.625	0.0100	0.001	0.075
4.644	0.0460	0.023	0.643	0.0100	0.001	0.079
4.649	0.0462	0.025	0.654	0.0101	0.001	0.089
4.654	0.0244	0.025	0.662	0.0086	0.002	0.109
4.659	0.0308	0.018	0.644	0.0069	0.001	0.094
4.664	0.0358	0.020	0.625	0.0128	0.001	0.098
4.669	0.0461	0.018	0.619	0.0152	0.001	0.099
4.674	0.0201	0.016	0.660	0.0123	0.002	0.095
4.679	0.0292	0.014	0.668	0.0157	0.001	0.075
4.684	0.0259	0.016	0.690	0.0170	0.001	0.072
4.689	0.0458	0.014	0.689	0.0103	0.001	0.075
4.694	0.0200	0.014	0.670	0.0150	0.001	0.067
4.699	0.0217	0.016	0.668	0.0177	0.000	0.050
4.704	0.0304	0.014	0.657	0.0151	0.000	0.052
4.709	0.0427	0.016	0.705	0.0140	0.000	0.053
4.714	0.0492	0.014	0.659	0.0069	0.000	0.050
4.719	0.0190	0.023	0.662	0.0068	0.000	0.049
4.724	0.0297	0.016	0.671	0.0143	0.001	0.048
4.729	0.0334	0.014	0.673	0.0110	0.000	0.041
4.734	0.0659	0.016	0.712	0.0141	0.000	0.042
4.739	0.0695	0.014	0.692	0.0097	0.000	0.036
4.744	0.0305	0.014	0.680	0.0144	0.000	0.033
4.749	0.0446	0.016	0.690	0.0074	0.000	0.034
4.754	0.0421	0.014	0.687	0.0088	0.000	0.035
4.759	0.0572	0.016	0.696	0.0108	0.000	0.036
4.764	0.0723	0.014	0.645	0.0141	0.000	0.035
4.769	0.0279	0.014	0.616	0.0102	0.000	0.047
4.774	0.0313	0.016	0.549	0.0248	0.000	0.070
4.779	0.0269	0.011	0.439	0.0211	0.003	0.185
4.784	0.0072	0.018	0.546	0.0132	0.011	0.299
4.789	0.0255	0.014	0.507	0.0114	0.070	0.515
4.794	0.0096	0.032	0.404	0.0110	0.175	0.560
4.799	0.0108	0.066	0.279	0.0099	0.398	0.622
4.804	0.0077	0.125	0.205	0.0111	0.533	0.655
4.809	0.0082	0.145	0.128	0.0114	0.709	0.645
4.814	0.0092	0.198	0.137	0.0108	0.768	0.646
4.819	0.0080	0.200	0.102	0.0106	0.779	0.645
4.824	0.0075	0.211	0.123	0.0120	0.800	0.643
4.829	0.0086	0.191	0.118	0.0100	0.809	0.619
4.834	0.0103	0.218	0.120	0.0114	0.838	0.626
4.839	0.0089	0.216	0.104	0.0115	0.855	0.618
4.844	0.0091	0.202	0.123	0.0109	0.843	0.616
4.849	0.0079	0.234	0.144	0.0111	0.833	0.611
4.854	0.0085	0.216	0.180	0.0095	0.769	0.607
4.859	0.0109	0.198	0.117	0.0122	0.781	0.626
4.864	0.0087	0.193	0.127	0.0107	0.818	0.616
4.869	0.0079	0.205	0.142	0.0106	0.752	0.646
4.874	0.0086	0.198	0.185	0.0109	0.693	0.655
4.879	0.0066	0.198	0.130	0.0109	0.618	0.602
4.884	0.0074	0.168	0.137	0.0117	0.543	0.600
4.889	0.0043	0.182	0.246	0.0382	0.123	0.484
4.894	0.0042	0.136	0.461	0.0401	0.019	0.326
4.899	0.0040	0.055	0.631	0.0316	0.003	0.194
4.904	0.0176	0.009	0.690	0.0286	0.001	0.131
4.909	0.0187	0.011	0.745	0.0193	0.000	0.081
4.914	0.0235	0.009	0.770	0.0139	0.000	0.062
4.919	0.0214	0.009	0.756	0.0146	0.000	0.043
4.924	0.0219	0.011	0.756	0.0178	0.000	0.040
4.929	0.0288	0.011	0.768	0.0207	0.000	0.036
4.934	0.0429	0.009	0.779	0.0164	0.000	0.033
4.939	0.0552	0.011	0.794	0.0089	0.000	0.030
4.944	0.0630	0.011	0.791	0.0118	0.000	0.033
4.949	0.0631	0.009	0.763	0.0185	0.000	0.037
4.954	0.0549	0.011	0.763	0.0181	0.000	0.040
4.959	0.0451	0.011	0.755	0.0091	0.000	0.041
4.964	0.0491	0.011	0.747	0.0113	0.000	0.048
4.969	0.0465	0.011	0.747	0.0174	0.000	0.050
4.974	0.0294	0.011	0.769	0.0214	0.000	0.050
4.979	0.0264	0.014	0.734	0.0222	0.000	0.047
4.984	0.0372	0.011	0.704	0.0278	0.000	0.049
4.989	0.0276	0.018	0.745	0.0202	0.000	0.044
4.994	0.0191	0.011	0.712	0.0259	0.000	0.046
4.999	0.0262	0.020	0.679	0.0291	0.000	0.046
5.004	0.0133	0.007	0.734	0.0399	0.000	0.045
5.009	0.0170	0.009	0.811	0.0221	0.000	0.044
5.014	0.0143	0.007	0.836	0.0109	0.000	0.042
5.019	0.0142	0.007	0.782	0.0261	0.000	0.042
5.024	0.0097	0.009	0.821	0.0129	0.000	0.041
5.029	0.0152	0.007	0.756	0.0165	0.000	0.044
5.034	0.0083	0.009	0.798	0.0119	0.000	0.045
5.039	0.0084	0.007	0.678	0.0255	0.000	0.047
5.044	0.0062	0.007	0.646	0.0326	0.000	0.047
5.049	0.0061	0.009	0.633	0.0359	0.000	0.043
5.054	0.0039	0.011	0.688	0.0247	0.000	0.049
5.059	0.0043	0.007	0.711	0.0280	0.000	0.054
5.063	0.0037	0.007	0.681	0.0364	0.000	0.060
5.068	0.0039	0.009	0.683	0.0287	0.000	0.078
5.073	0.0030	0.007	0.507	0.0268	0.000	0.096
5.078	0.0014	0.007	0.513	0.0400	0.000	0.097
5.083	0.0008	0.011	0.622	0.0397	0.000	0.085
5.088	0.0006	0.011	0.600	0.0164	0.000	0.106
5.093	0.0010	0.011	0.489	0.0355	0.000	0.104
5.098	0.0008	0.011	0.392	0.0313	0.000	0.104
5.103	0.0006	0.014	0.478	0.0275	0.000	0.101
5.108	0.0006	0.009	0.317	0.0484	0.000	0.124
5.113	0.0002	0.018	0.508	0.0205	0.000	0.113
5.118	0.0006	0.011	0.568	0.0202	0.001	0.132
5.123	0.0005	0.005	0.475	0.0252	0.001	0.135
5.128	0.0004	0.007	0.303	0.0367	0.001	0.155
5.133	0.0004	0.009	0.493	0.0334	0.001	0.155
5.138	0.0002	0.014	0.453	0.0178	0.001	0.149
5.143	0.0005	0.011	0.461	0.0393	0.001	0.144
5.148	0.0002	0.009	0.331	0.0275	0.001	0.171
5.153	0.0004	0.016	0.280	0.0285	0.002	0.199
5.158	0.0002	0.016	0.479	0.0325	0.001	0.196
5.163	0.0001	0.016	0.593	0.0271	0.001	0.180
5.168	0.0002	0.007	0.543	0.0216	0.002	0.228
5.173	0.0003	0.007	0.446	0.0274	0.004	0.286
5.178	0.0002	0.016	0.385	0.0312	0.004	0.285
5.183	0.0001	0.011	0.390	0.0213	0.005	0.324
5.188	0.0001	0.016	0.452	0.0285	0.005	0.307
5.193	0.0001	0.011	0.474	0.0245	0.005	0.324
5.198	0.0002	0.009	0.419	0.0231	0.005	0.305
5.203	0.0001	0.011	0.372	0.0264	0.005	0.305
5.208	0.0001	0.016	0.386	0.0199	0.003	0.266
5.213	0.0001	0.009	0.348	0.0191	0.004	0.271
5.218	0.0001	0.014	0.262	0.0283	0.003	0.271
5.223	0.0001	0.014	0.300	0.0156	0.006	0.331
5.228	0.0002	0.007	0.258	0.0274	0.013	0.390
5.233	0.0001	0.020	0.333	0.0206	0.014	0.383
5.238	0.0001	0.020	0.189	0.0273	0.019	0.445
5.243	0.0000	0.027	0.250	0.0176	0.020	0.444
5.248	0.0001	0.027	0.180	0.0233	0.015	0.397
5.253	0.0000	0.018	0.184	0.0196	0.016	0.405
5.258	0.0001	0.016	0.242	0.0159	0.021	0.436
5.263	0.0001	0.030	0.266	0.0173	0.022	0.437
5.268	0.0000	0.018	0.307	0.0214	0.014	0.377
5.273	0.0001	0.027	0.337	0.0127	0.015	0.396
5.278	0.0001	0.027	0.272	0.0249	0.013	0.376
5.283	0.0001	0.034	0.254	0.0193	0.008	0.328
5.288	0.0001	0.023	0.239	0.0138	0.010	0.327
5.293	0.0001	0.025	0.218	0.0164	0.014	0.355
5.298	0.0001	0.027	0.202	0.0201	0.022	0.367
5.303	0.0001	0.036	0.238	0.0159	0.025	0.388
5.308	0.0001	0.020	0.239	0.0199	0.025	0.381
5.313	0.0001	0.030	0.336	0.0174	0.026	0.364
5.318	0.0001	0.027	0.248	0.0189	0.029	0.353
5.323	0.0001	0.036	0.296	0.0171	0.046	0.365
5.328	0.0001	0.048	0.435	0.0274	0.023	0.313
5.333	0.0001	0.041	0.521	0.0128	0.020	0.293
5.338	0.0002	0.045	0.436	0.0133	0.025	0.319
5.343	0.0002	0.032	0.398	0.0148	0.044	0.326
5.348	0.0002	0.043	0.298	0.0187	0.076	0.318
5.353	0.0001	0.061	0.261	0.0140	0.088	0.308
5.358	0.0002	0.068	0.347	0.0213	0.060	0.278
5.363	0.0002	0.070	0.384	0.0129	0.056	0.255
5.368	0.0003	0.036	0.275	0.0173	0.093	0.282
5.373	0.0003	0.041	0.242	0.0229	0.114	0.285
5.378	0.0003	0.064	0.264	0.0148	0.109	0.297
5.383	0.0003	0.059	0.232	0.0128	0.192	0.313
5.388	0.0003	0.066	0.214	0.0153	0.175	0.300
5.393	0.0002	0.086	0.208	0.0138	0.198	0.303
5.398	0.0003	0.059	0.161	0.0154	0.183	0.310
5.403	0.0003	0.064	0.185	0.0127	0.156	0.310
5.408	0.0004	0.070	0.186	0.0139	0.212	0.314
5.413	0.0003	0.059	0.146	0.0140	0.313	0.330
5.418	0.0003	0.075	0.108	0.0157	0.246	0.321
5.423	0.0003	0.080	0.153	0.0185	0.137	0.327
5.428	0.0005	0.068	0.167	0.0113	0.119	0.286
5.433	0.0005	0.077	0.146	0.0109	0.157	0.326
5.438	0.0008	0.080	0.154	0.0135	0.206	0.319
5.443	0.0004	0.077	0.167	0.0150	0.168	0.322
5.448	0.0005	0.077	0.168	0.0191	0.121	0.315
5.453	0.0004	0.086	0.216	0.0140	0.112	0.298
5.458	0.0005	0.055	0.330	0.0160	0.129	0.310
5.463	0.0006	0.070	0.336	0.0181	0.112	0.297
5.468	0.0004	0.075	0.321	0.0131	0.128	0.303
5.473	0.0006	0.068	0.236	0.0161	0.148	0.306
5.478	0.0004	0.055	0.197	0.0172	0.143	0.323
5.483	0.0004	0.066	0.162	0.0186	0.101	0.311
5.488	0.0003	0.064	0.189	0.0198	0.070	0.287
5.493	0.0003	0.057	0.282	0.0150	0.054	0.289
5.498	0.0003	0.039	0.341	0.0161	0.034	0.298
5.502	0.0002	0.050	0.321	0.0198	0.035	0.322
5.507	0.0002	0.045	0.244	0.0138	0.056	0.316
5.512	0.0002	0.050	0.252	0.0151	0.050	0.326
5.517	0.0002	0.057	0.238	0.0174	0.029	0.367
5.522	0.0001	0.043	0.283	0.0234	0.025	0.346
5.527	0.0001	0.034	0.320	0.0181	0.012	0.324
5.532	0.0001	0.043	0.369	0.0170	0.013	0.341
5.537	0.0001	0.039	0.257	0.0187	0.019	0.420
5.542	0.0001	0.027	0.296	0.0114	0.036	0.507
5.547	0.0001	0.034	0.192	0.0187	0.066	0.572
5.552	0.0000	0.041	0.104	0.0238	0.080	0.592
5.557	0.0000	0.018	0.058	0.0519	0.040	0.566
5.562	0.0000	0.005	0.220	0.0269	0.025	0.530
5.567	0.0000	0.023	0.338	0.0389	0.018	0.520
5.572	0.0000	0.032	0.390	0.0136	0.022	0.556
5.577	0.0001	0.000	0.211	0.0168	0.031	0.581
5.582	0.0000	0.007	0.098	0.0146	0.064	0.634
5.587	0.0000	0.011	0.047	0.0128	0.199	0.712
5.592	0.0000	0.061	0.070	0.0087	0.279	0.732
5.597	0.0000	0.030	0.152	0.0071	0.663	0.799
5.602	0.0000	0.036	0.000	0.0028	0.709	0.823
5.607	0.0000	0.000	0.000	0.0000	0.000	1.000
5.612	0.0000	0.000	0.000	0.1046	0.129	0.888
5.617	0.0000	0.000	0.036	0.0046	0.801	0.989
5.622	0.0000	0.000	0.060	0.0779	0.018	0.393
5.627	0.0000	0.000	0.295	0.0293	0.001	0.101
5.632	0.0000	0.005	0.376	0.0308	0.001	0.076
5.637	0.0002	0.027	0.286	0.0258	0.001	0.065
5.642	0.0015	0.030	0.362	0.0331	0.001	0.065
5.647	0.0025	0.020	0.361	0.0339	0.001	0.109
5.652	0.0049	0.020	0.504	0.0296	0.001	0.091
5.657	0.0051	0.023	0.581	0.0202	0.002	0.091
5.662	0.0136	0.018	0.608	0.0171	0.002	0.113
5.667	0.0214	0.011	0.660	0.0118	0.005	0.106
5.672	0.0231	0.014	0.575	0.0154	0.008	0.111
5.677	0.0215	0.014	0.492	0.0179	0.010	0.130
5.682	0.0430	0.020	0.557	0.0162	0.006	0.119
5.687	0.0645	0.027	0.625	0.0133	0.013	0.109
5.692	0.0789	0.014	0.704	0.0088	0.014	0.117
5.697	0.0579	0.041	0.682	0.0081	0.010	0.127
5.702	0.0408	0.027	0.608	0.0116	0.011	0.116
5.707	0.0464	0.025	0.600	0.0173	0.012	0.112
5.712	0.0497	0.018	0.629	0.0122	0.007	0.108
5.717	0.0472	0.018	0.698	0.0097	0.008	0.107
5.722	0.0601	0.027	0.689	0.0119	0.007	0.114
5.727	0.0842	0.036	0.633	0.0157	0.012	0.115
5.732	0.0833	0.030	0.713	0.0075	0.013	0.117
5.737	0.1100	0.036	0.709	0.0085	0.010	0.109
5.742	0.1199	0.036	0.731	0.0097	0.008	0.097
5.747	0.1248	0.032	0.738	0.0061	0.005	0.105
5.752	0.1239	0.036	0.730	0.0070	0.005	0.100
5.757	0.1227	0.034	0.711	0.0086	0.006	0.095
5.762	0.1180	0.030	0.721	0.0100	0.006	0.093
5.767	0.0994	0.025	0.692	0.0123	0.003	0.090
5.772	0.0908	0.027	0.700	0.0106	0.003	0.089
5.777	0.0726	0.039	0.711	0.0114	0.004	0.091
5.782	0.0591	0.039	0.722	0.0119	0.003	0.086
5.787	0.0513	0.032	0.692	0.0134	0.001	0.082
5.792	0.0350	0.027	0.655	0.0148	0.001	0.084
5.797	0.0269	0.016	0.722	0.0123	0.002	0.083
5.802	0.0198	0.014	0.700	0.0196	0.001	0.063
5.807	0.0179	0.007	0.719	0.0122	0.001	0.059
5.812	0.0180	0.014	0.741	0.0105	0.001	0.058
5.817	0.0250	0.018	0.728	0.0103	0.001	0.055
5.822	0.0281	0.009	0.740	0.0054	0.001	0.056
5.827	0.0316	0.009	0.726	0.0123	0.001	0.056
5.832	0.0357	0.009	0.735	0.0071	0.001	0.050
5.837	0.0390	0.005	0.731	0.0120	0.001	0.053
5.842	0.0426	0.005	0.737	0.0072	0.001	0.052
5.847	0.0451	0.005	0.743	0.0068	0.001	0.056
5.852	0.0473	0.005	0.745	0.0047	0.001	0.058
5.857	0.0478	0.011	0.744	0.0068	0.000	0.055
5.862	0.0480	0.009	0.747	0.0061	0.000	0.053
5.867	0.0479	0.009	0.734	0.0083	0.000	0.052
5.872	0.0492	0.009	0.748	0.0064	0.000	0.052
5.877	0.0515	0.009	0.741	0.0072	0.000	0.048
5.882	0.0521	0.009	0.748	0.0111	0.000	0.046
5.887	0.0498	0.009	0.747	0.0062	0.000	0.058
5.892	0.0462	0.009	0.749	0.0087	0.000	0.060
5.897	0.0428	0.009	0.754	0.0096	0.000	0.063
5.902	0.0378	0.005	0.728	0.0129	0.000	0.066
5.907	0.0304	0.005	0.665	0.0302	0.000	0.068
5.912	0.0224	0.005	0.646	0.0294	0.000	0.065
5.917	0.0189	0.005	0.687	0.0100	0.000	0.065
5.922	0.0195	0.002	0.701	0.0151	0.000	0.058
5.927	0.0179	0.005	0.702	0.0110	0.000	0.067
5.932	0.0185	0.005	0.736	0.0165	0.000	0.080
5.937	0.0259	0.005	0.693	0.0103	0.000	0.103
5.941	0.0264	0.002	0.682	0.0132	0.000	0.124
5.946	0.0197	0.005	0.677	0.0168	0.000	0.134
5.951	0.0120	0.009	0.650	0.0424	0.000	0.155
5.956	0.0114	0.002	0.691	0.0351	0.002	0.210
5.961	0.0106	0.005	0.690	0.0133	0.003	0.252
5.966	0.0105	0.005	0.701	0.0143	0.003	0.273
5.971	0.0199	0.002	0.714	0.0079	0.005	0.302
5.976	0.0202	0.009	0.692	0.0104	0.010	0.366
5.981	0.0126	0.009	0.638	0.0185	0.018	0.391
5.986	0.0121	0.018	0.565	0.0162	0.028	0.369
5.991	0.0133	0.002	0.583	0.0200	0.023	0.297
5.996	0.0105	0.023	0.508	0.0259	0.011	0.151
6.001	0.0183	0.014	0.537	0.0198	0.005	0.124
6.006	0.0306	0.009	0.626	0.0167	0.003	0.115
6.011	0.0543	0.016	0.668	0.0145	0.005	0.106
6.016	0.0813	0.009	0.712	0.0109	0.004	0.092
6.021	0.0998	0.023	0.719	0.0107	0.003	0.086
6.026	0.1131	0.027	0.729	0.0089	0.002	0.094
6.031	0.1182	0.032	0.749	0.0053	0.004	0.108
6.036	0.1300	0.032	0.745	0.0054	0.003	0.101
6.041	0.1385	0.027	0.734	0.0051	0.003	0.096
6.046	0.1364	0.027	0.744	0.0055	0.003	0.097
6.051	0.1351	0.023	0.743	0.0041	0.005	0.104
6.056	0.1362	0.018	0.737	0.0075	0.006	0.107
6.061	0.1309	0.023	0.736	0.0093	0.005	0.100
6.066	0.1297	0.023	0.742	0.0036	0.007	0.111
6.071	0.1241	0.023	0.738	0.0055	0.006	0.104
6.076	0.1210	0.032	0.732	0.0084	0.002	0.093
6.081	0.1137	0.027	0.738	0.0054	0.002	0.089
6.086	0.1143	0.027	0.736	0.0076	0.003	0.096
6.091	0.1114	0.023	0.743	0.0030	0.003	0.100
6.096	0.1139	0.023	0.730	0.0077	0.003	0.101
6.101	0.1128	0.023	0.742	0.0060	0.002	0.091
6.106	0.1114	0.023	0.745	0.0045	0.003	0.104
6.111	0.1129	0.023	0.740	0.0040	0.003	0.110
6.116	0.1121	0.023	0.719	0.0097	0.004	0.107
6.121	0.1112	0.023	0.738	0.0095	0.003	0.104
6.126	0.1121	0.023	0.741	0.0045	0.002	0.101
6.131	0.1113	0.023	0.740	0.0064	0.003	0.102
6.136	0.1080	0.023	0.738	0.0074	0.003	0.104
6.141	0.1082	0.025	0.742	0.0078	0.002	0.104
6.146	0.1046	0.027	0.739	0.0069	0.002	0.109
6.151	0.0950	0.023	0.741	0.0067	0.002	0.111
6.156	0.0902	0.027	0.737	0.0077	0.002	0.119
6.161	0.0864	0.027	0.744	0.0078	0.003	0.110
6.166	0.0790	0.025	0.745	0.0066	0.003	0.097
6.171	0.0690	0.027	0.735	0.0059	0.003	0.104
6.176	0.0677	0.025	0.725	0.0132	0.004	0.107
6.181	0.0527	0.023	0.706	0.0127	0.004	0.106
6.186	0.0437	0.018	0.596	0.0196	0.004	0.110
6.191	0.0300	0.023	0.507	0.0351	0.003	0.101
6.196	0.0150	0.018	0.701	0.0297	0.001	0.059
6.201	0.0166	0.009	0.739	0.0204	0.001	0.044
6.206	0.0240	0.005	0.740	0.0074	0.001	0.044
6.211	0.0249	0.005	0.746	0.0051	0.001	0.043
6.216	0.0262	0.005	0.732	0.0107	0.001	0.045
6.221	0.0267	0.005	0.747	0.0051	0.001	0.042
6.226	0.0298	0.005	0.730	0.0114	0.002	0.044
6.231	0.0339	0.005	0.742	0.0044	0.001	0.044
6.236	0.0377	0.005	0.729	0.0147	0.001	0.042
6.241	0.0396	0.005	0.738	0.0064	0.001	0.040
6.246	0.0416	0.005	0.742	0.0070	0.001	0.041
6.251	0.0434	0.009	0.744	0.0053	0.001	0.044
6.256	0.0437	0.009	0.739	0.0085	0.000	0.041
6.261	0.0431	0.007	0.747	0.0071	0.000	0.040
6.266	0.0429	0.009	0.733	0.0062	0.000	0.045
6.271	0.0442	0.009	0.746	0.0095	0.000	0.045
6.276	0.0461	0.009	0.739	0.0065	0.000	0.045
6.281	0.0449	0.009	0.739	0.0126	0.000	0.039
6.286	0.0407	0.009	0.745	0.0099	0.000	0.038
6.291	0.0331	0.005	0.739	0.0077	0.001	0.041
6.296	0.0263	0.009	0.736	0.0135	0.000	0.046
6.301	0.0246	0.005	0.722	0.0092	0.000	0.042
6.306	0.0226	0.005	0.739	0.0076	0.000	0.035
6.311	0.0221	0.005	0.694	0.0255	0.000	0.034
6.316	0.0235	0.005	0.710	0.0139	0.000	0.033
6.321	0.0248	0.002	0.723	0.0104	0.000	0.032
6.326	0.0278	0.005	0.699	0.0240	0.000	0.029
6.331	0.0381	0.005	0.739	0.0077	0.000	0.022
6.336	0.0442	0.005	0.735	0.0100	0.000	0.019
6.341	0.0469	0.002	0.744	0.0110	0.000	0.021
6.346	0.0461	0.005	0.740	0.0068	0.000	0.025
6.351	0.0471	0.005	0.733	0.0108	0.000	0.022
6.356	0.0396	0.005	0.741	0.0123	0.000	0.020
6.361	0.0287	0.005	0.730	0.0081	0.000	0.017
6.366	0.0200	0.009	0.730	0.0096	0.000	0.017
6.371	0.0202	0.009	0.702	0.0204	0.000	0.015
6.376	0.0203	0.009	0.718	0.0128	0.000	0.013
6.380	0.0244	0.014	0.698	0.0098	0.000	0.010
6.385	0.0257	0.011	0.695	0.0248	0.001	0.011
6.390	0.0287	0.014	0.735	0.0067	0.001	0.013
6.395	0.0377	0.014	0.718	0.0117	0.001	0.010
6.400	0.0417	0.011	0.738	0.0117	0.001	0.008
6.405	0.0417	0.009	0.739	0.0121	0.000	0.008
6.410	0.0430	0.009	0.738	0.0097	0.000	0.007
6.415	0.0308	0.007	0.738	0.0126	0.001	0.009
6.420	0.0226	0.007	0.703	0.0146	0.000	0.008
6.425	0.0199	0.009	0.722	0.0085	0.001	0.008
6.430	0.0187	0.009	0.695	0.0233	0.001	0.008
6.435	0.0208	0.007	0.696	0.0177	0.001	0.008
6.440	0.0200	0.009	0.728	0.0048	0.001	0.008
6.445	0.0249	0.014	0.683	0.0259	0.001	0.011
6.450	0.0284	0.009	0.654	0.0248	0.001	0.014
6.455	0.0277	0.009	0.610	0.0332	0.000	0.022
6.460	0.0222	0.007	0.648	0.0237	0.001	0.024
6.465	0.0225	0.018	0.671	0.0196	0.002	0.028
6.470	0.0292	0.014	0.726	0.0126	0.003	0.035
6.475	0.0372	0.011	0.636	0.0170	0.003	0.042
6.480	0.0374	0.014	0.607	0.0291	0.004	0.046
6.485	0.0269	0.011	0.666	0.0081	0.008	0.086
6.490	0.0094	0.018	0.642	0.0097	0.012	0.126
6.495	0.0115	0.025	0.638	0.0115	0.016	0.161
6.500	0.0129	0.018	0.672	0.0076	0.016	0.163
6.505	0.0161	0.020	0.668	0.0091	0.017	0.164
6.510	0.0247	0.020	0.703	0.0069	0.018	0.172
6.515	0.0294	0.016	0.698	0.0074	0.019	0.205
6.520	0.0262	0.025	0.666	0.0134	0.018	0.202
6.525	0.0130	0.034	0.673	0.0133	0.015	0.181
6.530	0.0161	0.025	0.647	0.0086	0.011	0.184
6.535	0.0220	0.027	0.649	0.0109	0.009	0.149
6.540	0.0257	0.027	0.686	0.0130	0.011	0.158
6.545	0.0414	0.030	0.702	0.0127	0.008	0.162
6.550	0.0544	0.025	0.711	0.0077	0.008	0.165
6.555	0.0544	0.023	0.711	0.0092	0.008	0.144
6.560	0.0290	0.016	0.664	0.0095	0.006	0.120
6.565	0.0269	0.016	0.661	0.0114	0.003	0.111
6.570	0.0368	0.018	0.662	0.0127	0.003	0.121
6.575	0.0415	0.014	0.508	0.0200	0.003	0.118
6.580	0.0685	0.020	0.499	0.0233	0.002	0.105
6.585	0.0711	0.018	0.383	0.0627	0.000	0.063
6.590	0.0154	0.005	0.661	0.0300	0.000	0.042
6.595	0.0130	0.009	0.698	0.0091	0.000	0.038
6.600	0.0239	0.007	0.700	0.0117	0.000	0.035
6.605	0.0234	0.014	0.691	0.0269	0.000	0.033
6.610	0.0278	0.009	0.734	0.0117	0.000	0.032
6.615	0.0325	0.005	0.729	0.0174	0.000	0.036
6.620	0.0352	0.002	0.740	0.0143	0.000	0.031
6.625	0.0345	0.005	0.740	0.0088	0.000	0.034
6.630	0.0344	0.005	0.726	0.0160	0.000	0.033
6.635	0.0295	0.005	0.733	0.0129	0.000	0.033
6.640	0.0217	0.005	0.738	0.0087	0.000	0.033
6.645	0.0153	0.005	0.733	0.0126	0.000	0.033
6.650	0.0167	0.005	0.717	0.0161	0.000	0.030
6.655	0.0193	0.005	0.737	0.0061	0.000	0.034
6.660	0.0193	0.005	0.696	0.0254	0.000	0.032
6.665	0.0184	0.002	0.713	0.0173	0.000	0.037
6.670	0.0185	0.005	0.739	0.0116	0.000	0.035
6.675	0.0210	0.005	0.701	0.0206	0.000	0.034
6.680	0.0240	0.005	0.737	0.0064	0.000	0.034
6.685	0.0254	0.005	0.732	0.0110	0.000	0.036
6.690	0.0266	0.007	0.739	0.0126	0.001	0.040
6.695	0.0260	0.014	0.740	0.0083	0.001	0.039
6.700	0.0248	0.009	0.727	0.0111	0.001	0.038
6.705	0.0204	0.007	0.730	0.0127	0.001	0.044
6.710	0.0133	0.007	0.730	0.0086	0.001	0.044
6.715	0.0108	0.009	0.723	0.0096	0.000	0.041
6.720	0.0124	0.009	0.696	0.0284	0.000	0.039
6.725	0.0142	0.009	0.703	0.0217	0.000	0.035
6.730	0.0153	0.007	0.710	0.0102	0.000	0.034
6.735	0.0156	0.009	0.690	0.0114	0.000	0.032
6.740	0.0193	0.009	0.732	0.0099	0.000	0.031
6.745	0.0236	0.007	0.731	0.0088	0.000	0.031
6.750	0.0262	0.009	0.730	0.0111	0.000	0.030
6.755	0.0286	0.009	0.728	0.0117	0.000	0.029
6.760	0.0235	0.007	0.714	0.0094	0.000	0.029
6.765	0.0169	0.007	0.727	0.0072	0.001	0.030
6.770	0.0168	0.009	0.692	0.0264	0.001	0.032
6.775	0.0182	0.009	0.696	0.0222	0.000	0.034
6.780	0.0221	0.007	0.714	0.0093	0.000	0.035
6.785	0.0250	0.009	0.695	0.0208	0.000	0.039
6.790	0.0357	0.009	0.733	0.0097	0.000	0.042
6.795	0.0428	0.007	0.735	0.0079	0.000	0.044
6.800	0.0436	0.014	0.745	0.0107	0.000	0.042
6.805	0.0450	0.005	0.735	0.0067	0.001	0.048
6.810	0.0455	0.014	0.735	0.0122	0.001	0.051
6.815	0.0431	0.009	0.743	0.0089	0.001	0.048
6.820	0.0375	0.014	0.726	0.0088	0.001	0.049
6.824	0.0331	0.007	0.661	0.0214	0.002	0.082
6.829	0.0293	0.007	0.587	0.0182	0.002	0.085
6.834	0.0300	0.023	0.576	0.0237	0.001	0.091
6.839	0.0442	0.009	0.656	0.0216	0.001	0.080
6.844	0.0741	0.016	0.671	0.0193	0.001	0.084
6.849	0.0999	0.023	0.710	0.0174	0.001	0.080
6.854	0.1132	0.025	0.759	0.0074	0.001	0.078
6.859	0.1281	0.023	0.753	0.0077	0.001	0.077
6.864	0.1355	0.023	0.723	0.0147	0.001	0.080
6.869	0.1376	0.023	0.713	0.0152	0.001	0.084
6.874	0.1395	0.023	0.731	0.0113	0.002	0.095
6.879	0.1419	0.025	0.702	0.0117	0.003	0.114
6.884	0.1228	0.014	0.740	0.0130	0.005	0.125
6.889	0.0862	0.020	0.772	0.0127	0.005	0.117
6.894	0.0683	0.023	0.723	0.0134	0.004	0.094
6.899	0.0651	0.011	0.660	0.0161	0.003	0.092
6.904	0.0611	0.009	0.441	0.0290	0.004	0.150
6.909	0.0495	0.014	0.391	0.0299	0.005	0.223
6.914	0.0199	0.007	0.703	0.0139	0.005	0.252
6.919	0.0180	0.005	0.708	0.0123	0.004	0.264
6.924	0.0177	0.005	0.722	0.0080	0.004	0.268
6.929	0.0166	0.014	0.713	0.0060	0.004	0.297
6.934	0.0172	0.014	0.711	0.0112	0.005	0.330
6.939	0.0175	0.005	0.721	0.0064	0.006	0.349
6.944	0.0171	0.005	0.717	0.0067	0.010	0.358
6.949	0.0177	0.014	0.719	0.0079	0.013	0.404
6.954	0.0170	0.027	0.713	0.0063	0.020	0.463
6.959	0.0172	0.023	0.672	0.0123	0.019	0.436
6.964	0.0178	0.009	0.560	0.0209	0.021	0.327
6.969	0.0182	0.018	0.474	0.0336	0.014	0.242
6.974	0.0222	0.009	0.611	0.0283	0.005	0.152
6.979	0.0314	0.014	0.700	0.0244	0.003	0.112
6.984	0.0752	0.009	0.792	0.0154	0.003	0.095
6.989	0.1106	0.011	0.801	0.0089	0.003	0.089
6.994	0.1221	0.009	0.780	0.0109	0.003	0.097
6.999	0.1220	0.011	0.778	0.0145	0.002	0.094
7.004	0.1210	0.011	0.783	0.0064	0.001	0.078
7.009	0.1269	0.009	0.767	0.0108	0.001	0.083
7.014	0.1288	0.011	0.711	0.0145	0.001	0.094
7.019	0.1207	0.009	0.688	0.0210	0.001	0.097
7.024	0.0917	0.011	0.729	0.0125	0.001	0.089
7.029	0.0730	0.009	0.652	0.0161	0.001	0.087
7.034	0.0487	0.009	0.503	0.0595	0.002	0.081
7.039	0.0179	0.018	0.576	0.0447	0.001	0.061
7.044	0.0280	0.005	0.776	0.0067	0.001	0.054
7.049	0.0278	0.005	0.771	0.0107	0.001	0.051
7.054	0.0191	0.005	0.735	0.0107	0.001	0.049
7.059	0.0174	0.005	0.770	0.0135	0.001	0.044
7.064	0.0198	0.007	0.745	0.0048	0.001	0.043
7.069	0.0202	0.005	0.745	0.0101	0.001	0.045
7.074	0.0191	0.005	0.744	0.0073	0.001	0.043
7.079	0.0192	0.005	0.756	0.0069	0.000	0.040
7.084	0.0209	0.005	0.741	0.0039	0.000	0.041
7.089	0.0221	0.005	0.757	0.0118	0.000	0.040
7.094	0.0233	0.005	0.724	0.0095	0.000	0.037
7.099	0.0240	0.005	0.474	0.0152	0.000	0.050
7.104	0.0221	0.005	0.525	0.0215	0.001	0.082
7.109	0.0219	0.005	0.583	0.0193	0.002	0.091
7.114	0.0303	0.011	0.682	0.0141	0.003	0.107
7.119	0.0354	0.023	0.690	0.0095	0.003	0.111
7.124	0.0337	0.018	0.674	0.0132	0.004	0.123
7.129	0.0381	0.020	0.629	0.0146	0.006	0.137
7.134	0.0378	0.023	0.575	0.0226	0.005	0.118
7.139	0.0311	0.027	0.497	0.0195	0.005	0.139
7.144	0.0259	0.014	0.420	0.0139	0.016	0.250
7.149	0.0253	0.016	0.485	0.0232	0.025	0.313
7.154	0.0194	0.027	0.571	0.0208	0.012	0.312
7.159	0.0199	0.011	0.517	0.0223	0.007	0.259
7.164	0.0146	0.018	0.341	0.0376	0.002	0.168
7.169	0.0057	0.018	0.291	0.0202	0.001	0.088
7.174	0.0068	0.025	0.215	0.0492	0.002	0.091
7.179	0.0029	0.016	0.214	0.0308	0.001	0.099
7.184	0.0015	0.009	0.384	0.0267	0.001	0.099
7.189	0.0012	0.025	0.479	0.0224	0.001	0.095
7.194	0.0010	0.018	0.455	0.0298	0.001	0.089
7.199	0.0014	0.023	0.514	0.0324	0.001	0.097
7.204	0.0014	0.007	0.219	0.0230	0.039	0.358
7.209	0.0012	0.025	0.174	0.0192	0.243	0.492
7.214	0.0015	0.016	0.199	0.0089	0.234	0.516
7.219	0.0031	0.089	0.198	0.0118	0.354	0.546
7.224	0.0077	0.118	0.106	0.0107	0.685	0.630
7.229	0.0048	0.164	0.125	0.0117	0.704	0.643
7.234	0.0050	0.205	0.127	0.0136	0.425	0.627
7.239	0.0058	0.202	0.201	0.0122	0.278	0.559
7.244	0.0081	0.107	0.160	0.0121	0.295	0.548
7.249	0.0132	0.093	0.190	0.0318	0.142	0.513
7.254	0.0060	0.098	0.464	0.0232	0.023	0.333
7.259	0.0087	0.059	0.547	0.0170	0.014	0.258
7.263	0.0235	0.005	0.596	0.0185	0.019	0.205
7.268	0.0317	0.014	0.647	0.0119	0.022	0.174
7.273	0.0546	0.023	0.680	0.0115	0.015	0.157
7.278	0.0626	0.032	0.716	0.0078	0.010	0.149
7.283	0.0696	0.023	0.690	0.0096	0.006	0.125
7.288	0.0876	0.020	0.694	0.0100	0.009	0.113
7.293	0.0816	0.032	0.692	0.0101	0.007	0.112
7.298	0.0856	0.023	0.646	0.0120	0.007	0.113
7.303	0.0804	0.023	0.632	0.0153	0.009	0.111
7.308	0.0554	0.014	0.713	0.0098	0.011	0.107
7.313	0.0711	0.023	0.674	0.0114	0.011	0.110
7.318	0.0753	0.027	0.706	0.0124	0.012	0.111
7.323	0.0725	0.023	0.737	0.0057	0.013	0.105
7.328	0.0712	0.020	0.726	0.0094	0.014	0.105
7.333	0.0660	0.027	0.706	0.0088	0.015	0.108
7.338	0.0476	0.020	0.695	0.0126	0.015	0.109
7.343	0.0366	0.020	0.730	0.0050	0.015	0.118
7.348	0.0294	0.020	0.721	0.0053	0.014	0.134
7.353	0.0324	0.025	0.708	0.0080	0.017	0.120
7.358	0.0314	0.023	0.664	0.0102	0.015	0.124
7.363	0.0308	0.020	0.692	0.0074	0.014	0.125
7.368	0.0330	0.020	0.711	0.0080	0.017	0.128
7.373	0.0409	0.023	0.667	0.0079	0.014	0.135
7.378	0.0480	0.016	0.697	0.0112	0.011	0.128
7.383	0.0623	0.023	0.671	0.0168	0.007	0.124
7.388	0.0679	0.023	0.621	0.0152	0.005	0.117
7.393	0.0647	0.023	0.555	0.0417	0.002	0.084
7.398	0.0302	0.007	0.582	0.0403	0.001	0.057
7.403	0.0171	0.011	0.716	0.0117	0.001	0.049
7.408	0.0144	0.009	0.691	0.0221	0.001	0.050
7.413	0.0186	0.007	0.693	0.0186	0.001	0.050
7.418	0.0201	0.009	0.722	0.0097	0.001	0.050
7.423	0.0256	0.009	0.694	0.0082	0.001	0.045
7.428	0.0340	0.009	0.735	0.0086	0.001	0.043
7.433	0.0366	0.011	0.719	0.0075	0.001	0.058
7.438	0.0373	0.009	0.693	0.0184	0.001	0.086
7.443	0.0375	0.014	0.641	0.0201	0.001	0.095
7.448	0.0319	0.009	0.659	0.0199	0.002	0.096
7.453	0.0287	0.014	0.703	0.0156	0.002	0.121
7.458	0.0295	0.016	0.642	0.0104	0.003	0.128
7.463	0.0175	0.025	0.673	0.0145	0.003	0.125
7.468	0.0163	0.018	0.652	0.0102	0.005	0.137
7.473	0.0194	0.020	0.655	0.0096	0.007	0.135
7.478	0.0247	0.027	0.699	0.0136	0.007	0.130
7.483	0.0541	0.016	0.672	0.0113	0.007	0.142
7.488	0.0542	0.023	0.649	0.0146	0.006	0.147
7.493	0.0508	0.023	0.564	0.0226	0.006	0.155
7.498	0.0305	0.007	0.537	0.0328	0.006	0.175
7.503	0.0168	0.007	0.556	0.0225	0.006	0.195
7.508	0.0107	0.025	0.585	0.0219	0.005	0.195
7.513	0.0119	0.014	0.571	0.0173	0.002	0.183
7.518	0.0138	0.014	0.521	0.0470	0.001	0.142
7.523	0.0062	0.002	0.359	0.0357	0.001	0.085
7.528	0.0033	0.014	0.292	0.0246	0.001	0.075
7.533	0.0036	0.025	0.291	0.0421	0.000	0.066
7.538	0.0033	0.002	0.493	0.0321	0.000	0.063
7.543	0.0020	0.002	0.583	0.0224	0.000	0.064
7.548	0.0031	0.014	0.448	0.0322	0.000	0.078
7.553	0.0010	0.007	0.458	0.0192	0.009	0.275
7.558	0.0004	0.011	0.460	0.0127	0.154	0.454
7.563	0.0011	0.014	0.507	0.0094	0.243	0.462
7.568	0.0009	0.073	0.472	0.0165	0.177	0.451
7.573	0.0014	0.130	0.584	0.0138	0.077	0.484
7.578	0.0012	0.114	0.634	0.0183	0.030	0.437
7.583	0.0014	0.027	0.546	0.0116	0.146	0.454
7.588	0.0015	0.036	0.517	0.0107	0.247	0.488
7.593	0.0008	0.075	0.604	0.0328	0.035	0.372
7.598	0.0009	0.027	0.615	0.0175	0.014	0.311
7.603	0.0007	0.027	0.555	0.0217	0.004	0.231
7.608	0.0003	0.014	0.555	0.0329	0.002	0.213
7.613	0.0002	0.032	0.611	0.0171	0.001	0.162
7.618	0.0006	0.007	0.668	0.0145	0.001	0.156
7.623	0.0006	0.005	0.505	0.0261	0.001	0.159
7.628	0.0005	0.009	0.284	0.0362	0.001	0.163
7.633	0.0004	0.007	0.374	0.0621	0.000	0.096
7.638	0.0003	0.014	0.488	0.0484	0.000	0.062
7.643	0.0008	0.002	0.594	0.0342	0.000	0.047
7.648	0.0018	0.005	0.596	0.0414	0.000	0.043
7.653	0.0016	0.005	0.590	0.0219	0.000	0.059
7.658	0.0034	0.002	0.515	0.0141	0.003	0.258
7.663	0.0035	0.005	0.614	0.0107	0.011	0.338
7.668	0.0027	0.009	0.507	0.0106	0.018	0.398
7.673	0.0059	0.007	0.485	0.0252	0.017	0.374
7.678	0.0028	0.032	0.475	0.0451	0.006	0.286
7.683	0.0066	0.005	0.422	0.0438	0.002	0.159
7.688	0.0061	0.002	0.512	0.0209	0.002	0.135
7.693	0.0091	0.018	0.614	0.0180	0.004	0.127
7.698	0.0388	0.007	0.664	0.0161	0.005	0.127
7.702	0.0607	0.009	0.693	0.0177	0.003	0.107
7.707	0.0709	0.011	0.703	0.0091	0.002	0.113
7.712	0.0617	0.011	0.709	0.0105	0.003	0.114
7.717	0.0491	0.014	0.658	0.0119	0.003	0.107
7.722	0.0499	0.011	0.659	0.0100	0.004	0.101
7.727	0.0589	0.011	0.681	0.0119	0.005	0.117
7.732	0.0583	0.011	0.680	0.0096	0.006	0.115
7.737	0.0616	0.016	0.691	0.0128	0.006	0.109
7.742	0.0725	0.018	0.708	0.0058	0.005	0.111
7.747	0.0626	0.011	0.678	0.0098	0.006	0.111
7.752	0.0376	0.011	0.676	0.0117	0.005	0.108
7.757	0.0457	0.011	0.688	0.0104	0.005	0.110
7.762	0.0609	0.011	0.696	0.0056	0.007	0.115
7.767	0.0657	0.011	0.713	0.0116	0.006	0.120
7.772	0.0780	0.016	0.713	0.0122	0.006	0.117
7.777	0.0744	0.014	0.693	0.0110	0.006	0.119
7.782	0.0560	0.011	0.702	0.0090	0.003	0.116
7.787	0.0408	0.009	0.689	0.0069	0.003	0.122
7.792	0.0541	0.016	0.666	0.0079	0.003	0.132
7.797	0.0492	0.011	0.668	0.0100	0.004	0.137
7.802	0.0499	0.011	0.646	0.0122	0.004	0.150
7.807	0.0592	0.014	0.614	0.0146	0.004	0.146
7.812	0.0446	0.009	0.427	0.0290	0.004	0.169
7.817	0.0155	0.016	0.327	0.0301	0.004	0.205
7.822	0.0106	0.005	0.454	0.0290	0.001	0.117
7.827	0.0057	0.002	0.503	0.0225	0.000	0.070
7.832	0.0097	0.005	0.470	0.0251	0.000	0.051
7.837	0.0034	0.011	0.387	0.0241	0.001	0.061
7.842	0.0050	0.011	0.285	0.0291	0.000	0.063
7.847	0.0038	0.009	0.416	0.0384	0.001	0.068
7.852	0.0023	0.011	0.516	0.0237	0.001	0.073
7.857	0.0019	0.016	0.556	0.0328	0.000	0.071
7.862	0.0013	0.014	0.655	0.0157	0.000	0.065
7.867	0.0016	0.016	0.668	0.0183	0.000	0.062
7.872	0.0015	0.016	0.658	0.0152	0.000	0.067
7.877	0.0017	0.014	0.655	0.0218	0.000	0.065
7.882	0.0015	0.016	0.685	0.0159	0.000	0.057
7.887	0.0010	0.016	0.697	0.0162	0.000	0.053
7.892	0.0016	0.016	0.692	0.0157	0.000	0.054
7.897	0.0018	0.016	0.701	0.0121	0.000	0.058
7.902	0.0018	0.014	0.638	0.0171	0.000	0.069
7.907	0.0016	0.016	0.628	0.0194	0.000	0.080
7.912	0.0011	0.016	0.694	0.0224	0.000	0.098
7.917	0.0009	0.014	0.761	0.0161	0.000	0.103
7.922	0.0009	0.016	0.780	0.0198	0.000	0.097
7.927	0.0009	0.016	0.787	0.0175	0.000	0.101
7.932	0.0007	0.016	0.716	0.0295	0.000	0.110
7.937	0.0007	0.016	0.676	0.0150	0.000	0.115
7.942	0.0009	0.014	0.636	0.0164	0.000	0.117
7.947	0.0006	0.016	0.683	0.0137	0.000	0.122
7.952	0.0006	0.014	0.657	0.0139	0.001	0.152
7.957	0.0004	0.016	0.731	0.0181	0.001	0.160
7.962	0.0003	0.016	0.740	0.0098	0.001	0.162
7.967	0.0004	0.014	0.746	0.0120	0.001	0.158
7.972	0.0003	0.011	0.738	0.0113	0.001	0.172
7.977	0.0003	0.020	0.739	0.0138	0.001	0.193
7.982	0.0003	0.014	0.676	0.0108	0.002	0.236
7.987	0.0003	0.011	0.590	0.0152	0.003	0.282
7.992	0.0001	0.016	0.696	0.0180	0.005	0.343
7.997	0.0001	0.016	0.714	0.0276	0.004	0.343
8.002	0.0001	0.016	0.816	0.0135	0.003	0.316
8.007	0.0001	0.016	0.835	0.0104	0.003	0.336
8.012	0.0002	0.016	0.811	0.0094	0.003	0.327
8.017	0.0002	0.016	0.779	0.0078	0.004	0.344
8.022	0.0002	0.014	0.689	0.0090	0.007	0.411
8.027	0.0001	0.016	0.057	0.0302	0.121	0.569
8.032	0.0001	0.016	0.117	0.0100	0.844	0.683
8.037	0.0001	0.030	0.099	0.0105	0.897	0.676
8.042	0.0005	0.145	0.162	0.0101	0.715	0.686
8.047	0.0014	0.248	0.128	0.0118	0.751	0.640
8.052	0.0028	0.164	0.196	0.0193	0.540	0.578
8.057	0.0031	0.214	0.347	0.0303	0.169	0.469
8.062	0.0038	0.089	0.529	0.0321	0.023	0.282
8.067	0.0081	0.034	0.561	0.0232	0.009	0.181
8.072	0.0052	0.027	0.592	0.0224	0.006	0.125
8.077	0.0155	0.011	0.622	0.0203	0.005	0.114
8.082	0.0235	0.014	0.643	0.0187	0.004	0.091
8.087	0.0497	0.011	0.688	0.0152	0.004	0.090
8.092	0.0596	0.009	0.668	0.0142	0.004	0.091
8.097	0.0382	0.014	0.604	0.0174	0.003	0.094
8.102	0.0386	0.009	0.627	0.0110	0.004	0.103
8.107	0.0470	0.011	0.656	0.0148	0.005	0.108
8.112	0.0460	0.011	0.659	0.0131	0.004	0.095
8.117	0.0555	0.016	0.645	0.0167	0.003	0.087
8.122	0.0303	0.016	0.665	0.0131	0.004	0.085
8.127	0.0378	0.009	0.673	0.0103	0.004	0.092
8.132	0.0455	0.009	0.664	0.0108	0.004	0.090
8.137	0.0635	0.018	0.658	0.0125	0.003	0.089
8.141	0.0538	0.009	0.659	0.0136	0.003	0.086
8.146	0.0361	0.011	0.669	0.0097	0.004	0.094
8.151	0.0535	0.014	0.669	0.0092	0.002	0.096
8.156	0.0558	0.016	0.664	0.0092	0.002	0.091
8.161	0.0601	0.011	0.660	0.0077	0.002	0.080
8.166	0.0281	0.014	0.667	0.0124	0.002	0.077
8.171	0.0504	0.014	0.661	0.0067	0.002	0.077
8.176	0.0560	0.016	0.657	0.0074	0.002	0.078
8.181	0.0683	0.014	0.663	0.0055	0.002	0.082
8.186	0.0298	0.014	0.663	0.0067	0.002	0.084
8.191	0.0542	0.014	0.663	0.0056	0.003	0.087
8.196	0.0641	0.014	0.655	0.0065	0.003	0.082
8.201	0.0743	0.014	0.664	0.0039	0.003	0.079
8.206	0.0355	0.014	0.648	0.0065	0.003	0.087
8.211	0.0523	0.014	0.665	0.0063	0.002	0.078
8.216	0.0589	0.014	0.664	0.0047	0.002	0.072
8.221	0.0680	0.014	0.664	0.0027	0.002	0.068
8.226	0.0344	0.014	0.661	0.0064	0.002	0.072
8.231	0.0498	0.014	0.670	0.0053	0.002	0.077
8.236	0.0592	0.014	0.660	0.0064	0.002	0.079
8.241	0.0680	0.014	0.663	0.0059	0.002	0.081
8.246	0.0344	0.014	0.662	0.0046	0.003	0.094
8.251	0.0459	0.018	0.656	0.0036	0.002	0.092
8.256	0.0547	0.014	0.654	0.0094	0.002	0.087
8.261	0.0596	0.018	0.659	0.0069	0.002	0.078
8.266	0.0313	0.018	0.664	0.0116	0.002	0.079
8.271	0.0435	0.011	0.652	0.0059	0.002	0.080
8.276	0.0459	0.016	0.644	0.0138	0.002	0.081
8.281	0.0521	0.014	0.651	0.0112	0.002	0.091
8.286	0.0308	0.011	0.635	0.0216	0.002	0.101
8.291	0.0381	0.014	0.651	0.0104	0.002	0.087
8.296	0.0425	0.014	0.655	0.0104	0.002	0.085
8.301	0.0510	0.014	0.663	0.0126	0.001	0.077
8.306	0.0268	0.014	0.648	0.0141	0.002	0.080
8.311	0.0432	0.011	0.654	0.0074	0.002	0.070
8.316	0.0533	0.016	0.662	0.0086	0.001	0.066
8.321	0.0274	0.011	0.662	0.0101	0.002	0.066
8.326	0.0270	0.014	0.646	0.0100	0.001	0.074
8.331	0.0458	0.014	0.660	0.0046	0.001	0.066
8.336	0.0542	0.014	0.661	0.0064	0.001	0.066
8.341	0.0259	0.014	0.661	0.0066	0.001	0.067
8.346	0.0364	0.014	0.663	0.0076	0.002	0.075
8.351	0.0456	0.014	0.658	0.0040	0.002	0.076
8.356	0.0489	0.014	0.652	0.0101	0.002	0.080
8.361	0.0280	0.014	0.660	0.0107	0.002	0.069
8.366	0.0371	0.011	0.648	0.0085	0.002	0.075
8.371	0.0348	0.016	0.660	0.0056	0.002	0.070
8.376	0.0491	0.011	0.655	0.0081	0.002	0.066
8.381	0.0262	0.018	0.662	0.0128	0.002	0.065
8.386	0.0336	0.014	0.661	0.0073	0.002	0.072
8.391	0.0409	0.018	0.643	0.0082	0.002	0.064
8.396	0.0477	0.018	0.656	0.0080	0.003	0.063
8.401	0.0226	0.018	0.656	0.0161	0.003	0.072
8.406	0.0393	0.014	0.656	0.0108	0.002	0.065
8.411	0.0533	0.018	0.660	0.0069	0.001	0.053
8.416	0.0316	0.011	0.653	0.0140	0.001	0.055
8.421	0.0254	0.014	0.641	0.0235	0.001	0.053
8.426	0.0413	0.014	0.629	0.0143	0.001	0.054
8.431	0.0530	0.014	0.660	0.0083	0.001	0.060
8.436	0.0251	0.014	0.664	0.0144	0.002	0.063
8.441	0.0387	0.014	0.664	0.0084	0.001	0.057
8.446	0.0454	0.014	0.663	0.0075	0.001	0.066
8.451	0.0510	0.011	0.662	0.0060	0.001	0.070
8.456	0.0245	0.014	0.661	0.0051	0.001	0.067
8.461	0.0384	0.014	0.661	0.0045	0.001	0.069
8.466	0.0383	0.016	0.659	0.0072	0.001	0.067
8.471	0.0475	0.011	0.662	0.0021	0.001	0.065
8.476	0.0225	0.014	0.654	0.0075	0.001	0.066
8.481	0.0353	0.014	0.662	0.0067	0.001	0.060
8.486	0.0344	0.016	0.664	0.0045	0.001	0.066
8.491	0.0473	0.011	0.664	0.0026	0.001	0.074
8.496	0.0241	0.014	0.643	0.0095	0.001	0.069
8.501	0.0357	0.014	0.656	0.0098	0.001	0.069
8.506	0.0368	0.014	0.661	0.0068	0.001	0.076
8.511	0.0441	0.014	0.662	0.0089	0.001	0.076
8.516	0.0245	0.014	0.657	0.0101	0.001	0.076
8.521	0.0343	0.014	0.649	0.0138	0.001	0.076
8.526	0.0463	0.011	0.658	0.0125	0.001	0.071
8.531	0.0225	0.014	0.657	0.0133	0.001	0.079
8.536	0.0259	0.014	0.655	0.0095	0.001	0.085
8.541	0.0354	0.014	0.653	0.0144	0.001	0.076
8.546	0.0441	0.014	0.654	0.0203	0.001	0.072
8.551	0.0182	0.011	0.656	0.0177	0.002	0.084
8.556	0.0299	0.014	0.647	0.0121	0.001	0.087
8.561	0.0297	0.016	0.631	0.0123	0.001	0.086
8.566	0.0371	0.011	0.660	0.0229	0.001	0.092
8.571	0.0215	0.014	0.661	0.0075	0.002	0.093
8.576	0.0296	0.014	0.654	0.0091	0.002	0.091
8.580	0.0347	0.011	0.642	0.0066	0.002	0.083
8.585	0.0272	0.009	0.650	0.0135	0.002	0.083
8.590	0.0207	0.009	0.648	0.0075	0.002	0.089
8.595	0.0231	0.009	0.620	0.0086	0.002	0.090
8.600	0.0327	0.014	0.660	0.0114	0.002	0.096
8.605	0.0164	0.009	0.646	0.0067	0.003	0.098
8.610	0.0218	0.009	0.656	0.0110	0.002	0.100
8.615	0.0196	0.009	0.653	0.0066	0.001	0.105
8.620	0.0274	0.011	0.650	0.0174	0.001	0.105
8.625	0.0222	0.009	0.645	0.0135	0.001	0.102
8.630	0.0205	0.009	0.653	0.0129	0.002	0.096
8.635	0.0221	0.011	0.653	0.0117	0.001	0.096
8.640	0.0333	0.009	0.632	0.0182	0.001	0.092
8.645	0.0241	0.009	0.643	0.0382	0.001	0.099
8.650	0.0200	0.011	0.433	0.0374	0.000	0.090
8.655	0.0348	0.011	0.383	0.0478	0.000	0.063
8.660	0.0195	0.005	0.280	0.0904	0.000	0.043
8.665	0.0031	0.007	0.507	0.0222	0.000	0.043
8.670	0.0087	0.005	0.613	0.0219	0.000	0.057
8.675	0.0123	0.005	0.629	0.0230	0.000	0.051
8.680	0.0083	0.011	0.662	0.0088	0.000	0.038
8.685	0.0028	0.014	0.661	0.0136	0.000	0.037
8.690	0.0130	0.007	0.660	0.0109	0.000	0.035
8.695	0.0188	0.011	0.677	0.0174	0.000	0.034
8.700	0.0207	0.005	0.663	0.0160	0.000	0.032
8.705	0.0110	0.009	0.664	0.0215	0.000	0.030
8.710	0.0098	0.007	0.670	0.0279	0.000	0.032
8.715	0.0170	0.009	0.725	0.0104	0.000	0.033
8.720	0.0270	0.002	0.726	0.0154	0.000	0.036
8.725	0.0307	0.005	0.721	0.0107	0.000	0.035
8.730	0.0263	0.005	0.725	0.0128	0.000	0.033
8.735	0.0155	0.005	0.687	0.0083	0.000	0.051
8.740	0.0139	0.005	0.695	0.0169	0.000	0.075
8.745	0.0158	0.005	0.654	0.0275	0.000	0.072
8.750	0.0174	0.005	0.693	0.0190	0.000	0.056
8.755	0.0188	0.011	0.725	0.0155	0.000	0.059
8.760	0.0274	0.009	0.679	0.0080	0.000	0.059
8.765	0.0415	0.009	0.715	0.0112	0.000	0.062
8.770	0.0452	0.007	0.703	0.0155	0.000	0.064
8.775	0.0393	0.009	0.692	0.0108	0.000	0.069
8.780	0.0315	0.009	0.723	0.0171	0.001	0.085
8.785	0.0211	0.005	0.707	0.0068	0.002	0.123
8.790	0.0104	0.005	0.648	0.0156	0.005	0.202
8.795	0.0090	0.005	0.576	0.0314	0.004	0.185
8.800	0.0127	0.002	0.650	0.0412	0.000	0.063
8.805	0.0099	0.005	0.660	0.0323	0.000	0.049
8.810	0.0115	0.005	0.593	0.0161	0.000	0.048
8.815	0.0101	0.002	0.446	0.0228	0.000	0.050
8.820	0.0045	0.005	0.307	0.0286	0.000	0.066
8.825	0.0045	0.002	0.298	0.0542	0.000	0.094
8.830	0.0010	0.007	0.671	0.0469	0.000	0.070
8.835	0.0013	0.002	0.615	0.0557	0.000	0.062
8.840	0.0014	0.007	0.668	0.0243	0.000	0.055
8.845	0.0006	0.007	0.713	0.0242	0.000	0.058
8.850	0.0017	0.005	0.666	0.0214	0.000	0.072
8.855	0.0022	0.005	0.668	0.0402	0.000	0.075
8.860	0.0017	0.002	0.716	0.0164	0.000	0.071
8.865	0.0017	0.005	0.738	0.0207	0.000	0.073
8.870	0.0016	0.005	0.695	0.0158	0.000	0.083
8.875	0.0010	0.005	0.655	0.0063	0.000	0.125
8.880	0.0008	0.005	0.113	0.0396	0.272	0.356
8.885	0.0006	0.009	0.121	0.0141	0.732	0.444
8.890	0.0004	0.027	0.131	0.0105	0.811	0.488
8.895	0.0031	0.098	0.150	0.0116	0.890	0.486
8.900	0.0101	0.189	0.169	0.0148	0.880	0.441
8.905	0.0110	0.191	0.266	0.0206	0.584	0.391
8.910	0.0085	0.143	0.477	0.0242	0.165	0.320
8.915	0.0099	0.068	0.633	0.0152	0.103	0.276
8.920	0.0187	0.039	0.684	0.0125	0.052	0.251
8.925	0.0240	0.023	0.699	0.0090	0.056	0.271
8.930	0.0227	0.027	0.679	0.0084	0.073	0.283
8.935	0.0161	0.009	0.584	0.0126	0.085	0.315
8.940	0.0127	0.041	0.561	0.0168	0.133	0.330
8.945	0.0116	0.034	0.540	0.0132	0.266	0.326
8.950	0.0210	0.036	0.400	0.0137	0.438	0.365
8.955	0.0193	0.043	0.306	0.0134	0.605	0.392
8.960	0.0155	0.114	0.291	0.0119	0.739	0.425
8.965	0.0152	0.120	0.200	0.0149	0.795	0.452
8.970	0.0104	0.111	0.157	0.0112	0.849	0.485
8.975	0.0129	0.155	0.150	0.0119	0.877	0.491
8.980	0.0145	0.195	0.159	0.0122	0.939	0.511
8.985	0.0145	0.161	0.124	0.0145	0.966	0.495
8.990	0.0118	0.170	0.147	0.0099	0.973	0.486
8.995	0.0136	0.166	0.127	0.0117	0.972	0.499
9.000	0.0152	0.193	0.130	0.0126	0.973	0.493
9.005	0.0157	0.168	0.124	0.0108	0.965	0.508
9.010	0.0154	0.186	0.138	0.0119	0.964	0.540
9.015	0.0112	0.189	0.117	0.0120	0.958	0.515
9.020	0.0116	0.180	0.126	0.0123	0.962	0.506
9.024	0.0101	0.173	0.160	0.0151	0.976	0.487
9.029	0.0122	0.198	0.173	0.0118	0.984	0.443
9.034	0.0118	0.195	0.129	0.0109	0.979	0.458
9.039	0.0133	0.200	0.100	0.0123	0.971	0.461
9.044	0.0095	0.202	0.166	0.0130	0.976	0.472
9.049	0.0109	0.189	0.123	0.0122	0.973	0.488
9.054	0.0116	0.168	0.141	0.0145	0.969	0.470
9.059	0.0113	0.193	0.172	0.0140	0.966	0.418
9.064	0.0106	0.152	0.203	0.0123	0.956	0.425
9.069	0.0079	0.120	0.117	0.0496	0.228	0.381
9.074	0.0042	0.148	0.388	0.0439	0.027	0.232
9.079	0.0033	0.061	0.625	0.0227	0.003	0.116
9.084	0.0250	0.009	0.745	0.0149	0.001	0.084
9.089	0.0428	0.009	0.730	0.0093	0.001	0.077
9.094	0.0500	0.009	0.726	0.0144	0.001	0.077
9.099	0.0494	0.014	0.735	0.0088	0.001	0.069
9.104	0.0447	0.014	0.746	0.0089	0.000	0.068
9.109	0.0388	0.018	0.747	0.0110	0.000	0.064
9.114	0.0337	0.007	0.705	0.0146	0.000	0.061
9.119	0.0318	0.009	0.611	0.0374	0.000	0.061
9.124	0.0252	0.007	0.576	0.0363	0.000	0.048
9.129	0.0127	0.007	0.677	0.0197	0.000	0.039
9.134	0.0136	0.005	0.731	0.0169	0.000	0.041
9.139	0.0170	0.005	0.703	0.0083	0.000	0.037
9.144	0.0255	0.005	0.746	0.0192	0.000	0.038
9.149	0.0298	0.002	0.719	0.0106	0.000	0.041
9.154	0.0279	0.005	0.663	0.0240	0.000	0.047
9.159	0.0207	0.005	0.601	0.0202	0.000	0.059
9.164	0.0068	0.005	0.545	0.0189	0.000	0.078
9.169	0.0070	0.002	0.533	0.0117	0.000	0.088
9.174	0.0058	0.005	0.518	0.0318	0.000	0.075
9.179	0.0058	0.005	0.329	0.0341	0.000	0.095
9.184	0.0029	0.002	0.389	0.0426	0.000	0.102
9.189	0.0008	0.005	0.682	0.0433	0.000	0.096
9.194	0.0014	0.005	0.724	0.0252	0.000	0.087
9.199	0.0014	0.005	0.726	0.0228	0.000	0.075
9.204	0.0016	0.005	0.753	0.0300	0.000	0.065
9.209	0.0018	0.005	0.733	0.0164	0.000	0.070
9.214	0.0020	0.005	0.650	0.0150	0.000	0.079
9.219	0.0013	0.002	0.659	0.0156	0.000	0.088
9.224	0.0010	0.005	0.608	0.0236	0.000	0.108
9.229	0.0008	0.005	0.471	0.0445	0.000	0.129
9.234	0.0006	0.005	0.421	0.0309	0.002	0.238
9.239	0.0006	0.007	0.191	0.0166	0.200	0.588
9.244	0.0004	0.009	0.126	0.0262	0.092	0.482
9.249	0.0004	0.057	0.254	0.0187	0.073	0.306
9.254	0.0017	0.050	0.305	0.0289	0.054	0.315
9.259	0.0033	0.041	0.497	0.0381	0.005	0.205
9.264	0.0031	0.014	0.604	0.0319	0.001	0.131
9.269	0.0113	0.005	0.682	0.0257	0.001	0.067
9.274	0.0198	0.002	0.718	0.0144	0.001	0.053
9.279	0.0231	0.009	0.749	0.0137	0.000	0.038
9.284	0.0204	0.007	0.729	0.0123	0.000	0.031
9.289	0.0143	0.007	0.730	0.0144	0.000	0.028
9.294	0.0128	0.009	0.720	0.0129	0.000	0.027
9.299	0.0122	0.009	0.720	0.0074	0.000	0.024
9.304	0.0145	0.014	0.633	0.0316	0.000	0.043
9.309	0.0182	0.007	0.625	0.0231	0.001	0.072
9.314	0.0173	0.009	0.646	0.0294	0.000	0.063
9.319	0.0167	0.018	0.656	0.0176	0.000	0.063
9.324	0.0193	0.009	0.735	0.0158	0.001	0.066
9.329	0.0329	0.009	0.710	0.0135	0.001	0.082
9.334	0.0453	0.007	0.716	0.0118	0.001	0.092
9.339	0.0423	0.009	0.720	0.0184	0.001	0.104
9.344	0.0409	0.009	0.727	0.0107	0.001	0.107
9.349	0.0390	0.009	0.736	0.0102	0.001	0.105
9.354	0.0282	0.018	0.714	0.0086	0.001	0.108
9.359	0.0224	0.014	0.704	0.0146	0.001	0.110
9.364	0.0195	0.020	0.685	0.0124	0.001	0.105
9.369	0.0176	0.011	0.677	0.0181	0.001	0.097
9.374	0.0227	0.014	0.674	0.0164	0.001	0.099
9.379	0.0317	0.011	0.678	0.0162	0.000	0.092
9.384	0.0408	0.011	0.721	0.0141	0.001	0.094
9.389	0.0514	0.014	0.714	0.0077	0.001	0.098
9.394	0.0534	0.011	0.676	0.0143	0.001	0.101
9.399	0.0336	0.011	0.675	0.0117	0.002	0.113
9.404	0.0283	0.011	0.688	0.0094	0.002	0.112
9.409	0.0312	0.011	0.685	0.0085	0.001	0.099
9.414	0.0302	0.011	0.707	0.0045	0.002	0.101
9.419	0.0439	0.011	0.716	0.0083	0.001	0.102
9.424	0.0459	0.011	0.693	0.0108	0.002	0.121
9.429	0.0298	0.011	0.683	0.0116	0.002	0.116
9.434	0.0278	0.014	0.677	0.0095	0.001	0.105
9.439	0.0275	0.011	0.686	0.0118	0.001	0.104
9.444	0.0301	0.011	0.710	0.0098	0.001	0.102
9.449	0.0461	0.014	0.713	0.0100	0.001	0.102
9.454	0.0457	0.009	0.686	0.0074	0.001	0.100
9.459	0.0304	0.011	0.683	0.0090	0.001	0.096
9.463	0.0267	0.011	0.682	0.0193	0.001	0.101
9.468	0.0311	0.011	0.681	0.0122	0.002	0.097
9.473	0.0418	0.011	0.718	0.0114	0.001	0.095
9.478	0.0474	0.011	0.720	0.0089	0.001	0.090
9.483	0.0345	0.011	0.672	0.0139	0.001	0.107
9.488	0.0210	0.011	0.670	0.0136	0.002	0.112
9.493	0.0199	0.016	0.679	0.0145	0.001	0.103
9.498	0.0232	0.020	0.664	0.0143	0.002	0.099
9.503	0.0324	0.007	0.698	0.0137	0.004	0.111
9.508	0.0341	0.014	0.708	0.0155	0.002	0.101
9.513	0.0203	0.016	0.660	0.0117	0.002	0.104
9.518	0.0100	0.007	0.649	0.0158	0.001	0.120
9.523	0.0078	0.007	0.659	0.0144	0.002	0.130
9.528	0.0133	0.007	0.630	0.0078	0.004	0.160
9.533	0.0226	0.014	0.633	0.0089	0.009	0.198
9.538	0.0140	0.007	0.604	0.0149	0.014	0.213
9.543	0.0069	0.025	0.622	0.0116	0.011	0.205
9.548	0.0071	0.011	0.508	0.0117	0.013	0.227
9.553	0.0178	0.020	0.464	0.0140	0.025	0.292
9.558	0.0075	0.014	0.535	0.0227	0.061	0.386
9.563	0.0037	0.048	0.411	0.0150	0.101	0.423
9.568	0.0068	0.075	0.429	0.0098	0.154	0.446
9.573	0.0045	0.036	0.439	0.0228	0.183	0.444
9.578	0.0025	0.125	0.365	0.0141	0.188	0.510
9.583	0.0030	0.107	0.406	0.0165	0.216	0.493
9.588	0.0020	0.114	0.216	0.0129	0.438	0.571
9.593	0.0033	0.186	0.168	0.0172	0.369	0.562
9.598	0.0020	0.105	0.255	0.0100	0.426	0.603
9.603	0.0021	0.136	0.158	0.0113	0.611	0.661
9.608	0.0022	0.175	0.115	0.0110	0.758	0.656
9.613	0.0020	0.193	0.105	0.0114	0.860	0.606
9.618	0.0022	0.230	0.118	0.0132	0.924	0.568
9.623	0.0019	0.205	0.122	0.0150	0.959	0.543
9.628	0.0017	0.220	0.157	0.0106	0.984	0.536
9.633	0.0023	0.218	0.117	0.0118	0.989	0.526
9.638	0.0031	0.205	0.159	0.0115	0.984	0.510
9.643	0.0032	0.211	0.106	0.0125	0.972	0.558
9.648	0.0033	0.193	0.108	0.0129	0.920	0.567
9.653	0.0033	0.182	0.103	0.0109	0.853	0.581
9.658	0.0034	0.200	0.089	0.0126	0.933	0.590
9.663	0.0045	0.214	0.119	0.0112	0.958	0.593
9.668	0.0044	0.225	0.143	0.0102	0.971	0.584
9.673	0.0042	0.225	0.106	0.0115	0.978	0.554
9.678	0.0055	0.205	0.105	0.0121	0.982	0.579
9.683	0.0046	0.218	0.130	0.0109	0.989	0.530
9.688	0.0057	0.205	0.095	0.0115	0.978	0.553
9.693	0.0069	0.195	0.107	0.0124	0.982	0.532
9.698	0.0086	0.200	0.104	0.0111	0.991	0.476
9.703	0.0091	0.193	0.141	0.0139	0.983	0.496
9.708	0.0103	0.195	0.130	0.0127	0.972	0.510
9.713	0.0086	0.218	0.140	0.0119	0.973	0.476
9.718	0.0096	0.186	0.150	0.0111	0.983	0.460
9.723	0.0101	0.200	0.155	0.0110	0.980	0.457
9.728	0.0107	0.182	0.153	0.0141	0.974	0.457
9.733	0.0061	0.175	0.192	0.0126	0.978	0.439
9.738	0.0068	0.186	0.129	0.0133	0.960	0.410
9.743	0.0070	0.184	0.271	0.0341	0.502	0.379
9.748	0.0070	0.164	0.458	0.0414	0.021	0.203
9.753	0.0042	0.075	0.525	0.0350	0.005	0.142
9.758	0.0138	0.005	0.683	0.0241	0.003	0.094
9.763	0.0174	0.009	0.680	0.0206	0.003	0.084
9.768	0.0230	0.009	0.737	0.0123	0.002	0.072
9.773	0.0316	0.007	0.748	0.0110	0.002	0.066
9.778	0.0374	0.009	0.706	0.0168	0.002	0.067
9.783	0.0419	0.009	0.720	0.0140	0.002	0.069
9.788	0.0502	0.014	0.655	0.0163	0.001	0.082
9.793	0.0496	0.014	0.617	0.0179	0.001	0.100
9.798	0.0363	0.009	0.604	0.0203	0.001	0.135
9.803	0.0228	0.014	0.625	0.0245	0.001	0.151
9.808	0.0166	0.002	0.691	0.0260	0.000	0.109
9.813	0.0129	0.009	0.701	0.0351	0.000	0.074
9.818	0.0102	0.005	0.709	0.0243	0.000	0.045
9.823	0.0075	0.005	0.721	0.0208	0.000	0.039
9.828	0.0053	0.005	0.715	0.0175	0.000	0.037
9.833	0.0060	0.005	0.682	0.0253	0.000	0.036
9.838	0.0065	0.005	0.655	0.0337	0.000	0.037
9.843	0.0056	0.002	0.635	0.0437	0.000	0.041
9.848	0.0043	0.005	0.652	0.0320	0.000	0.048
9.853	0.0048	0.002	0.624	0.0095	0.000	0.058
9.858	0.0043	0.005	0.564	0.0290	0.000	0.091
9.863	0.0034	0.005	0.611	0.0219	0.001	0.143
9.868	0.0054	0.005	0.656	0.0134	0.005	0.255
9.873	0.0073	0.005	0.613	0.0252	0.003	0.228
9.878	0.0075	0.016	0.597	0.0321	0.001	0.144
9.883	0.0095	0.005	0.709	0.0267	0.000	0.100
9.888	0.0176	0.005	0.678	0.0285	0.000	0.055
9.893	0.0333	0.007	0.714	0.0229	0.000	0.037
9.898	0.0309	0.005	0.741	0.0064	0.000	0.034
9.902	0.0350	0.005	0.734	0.0156	0.000	0.034
9.907	0.0291	0.005	0.742	0.0126	0.000	0.032
9.912	0.0193	0.005	0.730	0.0057	0.000	0.033
9.917	0.0167	0.005	0.734	0.0142	0.000	0.033
9.922	0.0147	0.005	0.691	0.0229	0.000	0.030
9.927	0.0155	0.005	0.695	0.0200	0.000	0.033
9.932	0.0178	0.002	0.713	0.0122	0.000	0.038
9.937	0.0189	0.005	0.672	0.0118	0.000	0.060
9.942	0.0285	0.005	0.688	0.0166	0.001	0.073
9.947	0.0338	0.002	0.677	0.0140	0.000	0.066
9.952	0.0348	0.009	0.688	0.0239	0.000	0.076
9.957	0.0401	0.009	0.728	0.0125	0.000	0.082
9.962	0.0410	0.009	0.728	0.0095	0.001	0.089
9.967	0.0291	0.007	0.737	0.0093	0.001	0.098
9.972	0.0221	0.011	0.675	0.0116	0.001	0.098
9.977	0.0183	0.009	0.671	0.0123	0.001	0.076
9.982	0.0215	0.007	0.649	0.0179	0.001	0.085
9.987	0.0251	0.009	0.547	0.0108	0.003	0.183
9.992	0.0421	0.007	0.522	0.0092	0.013	0.294
9.997	0.0255	0.005	0.550	0.0132	0.039	0.398
10.002	0.0110	0.023	0.485	0.0102	0.085	0.481
10.007	0.0114	0.048	0.370	0.0095	0.201	0.568
10.012	0.0097	0.095	0.330	0.0113	0.285	0.609
10.017	0.0110	0.066	0.232	0.0113	0.405	0.645
10.022	0.0091	0.145	0.196	0.0115	0.492	0.677
10.027	0.0085	0.148	0.123	0.0101	0.644	0.652
10.032	0.0110	0.180	0.102	0.0107	0.720	0.655
10.037	0.0126	0.195	0.160	0.0113	0.756	0.660
10.042	0.0081	0.220	0.156	0.0107	0.678	0.668
10.047	0.0115	0.216	0.128	0.0127	0.768	0.656
10.052	0.0101	0.191	0.138	0.0117	0.827	0.628
10.057	0.0124	0.227	0.129	0.0137	0.870	0.654
10.062	0.0117	0.216	0.161	0.0124	0.888	0.655
10.067	0.0118	0.252	0.155	0.0117	0.885	0.626
10.072	0.0168	0.248	0.126	0.0132	0.901	0.597
10.077	0.0138	0.225	0.122	0.0117	0.878	0.628
10.082	0.0116	0.232	0.149	0.0121	0.843	0.626
10.087	0.0119	0.218	0.144	0.0111	0.830	0.673
10.092	0.0117	0.225	0.099	0.0109	0.843	0.660
10.097	0.0076	0.207	0.107	0.0112	0.818	0.647
10.102	0.0128	0.245	0.132	0.0112	0.765	0.634
10.107	0.0108	0.218	0.214	0.0109	0.758	0.628
10.112	0.0087	0.189	0.179	0.0096	0.768	0.616
10.117	0.0078	0.209	0.138	0.0113	0.668	0.637
10.122	0.0065	0.214	0.100	0.0155	0.472	0.609
10.127	0.0049	0.166	0.391	0.0416	0.039	0.379
10.132	0.0035	0.086	0.363	0.0443	0.005	0.206
10.137	0.0028	0.027	0.526	0.0294	0.001	0.071
10.142	0.0041	0.020	0.651	0.0211	0.000	0.059
10.147	0.0244	0.011	0.699	0.0126	0.000	0.059
10.152	0.0510	0.014	0.697	0.0154	0.001	0.055
10.157	0.0590	0.014	0.682	0.0201	0.001	0.057
10.162	0.0374	0.016	0.661	0.0155	0.001	0.054
10.167	0.0294	0.016	0.676	0.0116	0.001	0.062
10.172	0.0420	0.011	0.683	0.0115	0.001	0.059
10.177	0.0464	0.009	0.672	0.0137	0.001	0.054
10.182	0.0404	0.016	0.710	0.0108	0.001	0.053
10.187	0.0628	0.016	0.711	0.0107	0.001	0.062
10.192	0.0619	0.014	0.662	0.0145	0.001	0.065
10.197	0.0265	0.016	0.647	0.0183	0.000	0.060
10.202	0.0419	0.020	0.675	0.0120	0.000	0.063
10.207	0.0497	0.014	0.686	0.0093	0.000	0.067
10.212	0.0687	0.020	0.701	0.0068	0.000	0.065
10.217	0.0675	0.018	0.657	0.0141	0.001	0.062
10.222	0.0321	0.014	0.655	0.0115	0.001	0.059
10.227	0.0265	0.014	0.661	0.0126	0.001	0.072
10.232	0.0385	0.016	0.694	0.0085	0.001	0.086
10.237	0.0556	0.016	0.707	0.0177	0.001	0.097
10.242	0.0561	0.011	0.667	0.0099	0.001	0.095
10.247	0.0243	0.016	0.664	0.0109	0.001	0.080
10.252	0.0302	0.014	0.673	0.0119	0.001	0.083
10.257	0.0361	0.014	0.672	0.0123	0.001	0.086
10.262	0.0524	0.016	0.672	0.0090	0.001	0.080
10.267	0.0372	0.014	0.670	0.0089	0.001	0.088
10.272	0.0213	0.014	0.670	0.0178	0.001	0.091
10.277	0.0345	0.014	0.664	0.0148	0.001	0.099
10.282	0.0334	0.016	0.696	0.0098	0.001	0.089
10.287	0.0515	0.014	0.671	0.0112	0.001	0.104
10.292	0.0262	0.014	0.661	0.0192	0.001	0.116
10.297	0.0296	0.014	0.659	0.0191	0.001	0.110
10.302	0.0358	0.016	0.670	0.0119	0.001	0.096
10.307	0.0539	0.014	0.697	0.0178	0.001	0.101
10.312	0.0494	0.014	0.665	0.0137	0.001	0.107
10.317	0.0277	0.014	0.661	0.0169	0.001	0.097
10.322	0.0397	0.014	0.669	0.0089	0.001	0.104
10.327	0.0381	0.016	0.671	0.0094	0.001	0.111
10.332	0.0505	0.014	0.662	0.0108	0.001	0.110
10.337	0.0265	0.014	0.661	0.0113	0.001	0.112
10.341	0.0421	0.018	0.668	0.0062	0.001	0.110
10.346	0.0429	0.014	0.667	0.0083	0.001	0.122
10.351	0.0491	0.014	0.660	0.0066	0.001	0.120
10.356	0.0242	0.014	0.655	0.0086	0.001	0.121
10.361	0.0341	0.009	0.660	0.0057	0.001	0.138
10.366	0.0351	0.009	0.656	0.0065	0.001	0.133
10.371	0.0442	0.014	0.655	0.0050	0.001	0.133
10.376	0.0214	0.009	0.645	0.0091	0.001	0.131
10.381	0.0242	0.014	0.653	0.0069	0.001	0.114
10.386	0.0261	0.018	0.655	0.0063	0.002	0.131
10.391	0.0382	0.018	0.659	0.0051	0.002	0.141
10.396	0.0209	0.014	0.654	0.0086	0.002	0.140
10.401	0.0214	0.014	0.659	0.0099	0.001	0.136
10.406	0.0228	0.014	0.659	0.0054	0.002	0.134
10.411	0.0377	0.011	0.660	0.0046	0.002	0.128
10.416	0.0222	0.009	0.655	0.0084	0.001	0.123
10.421	0.0218	0.011	0.654	0.0118	0.001	0.121
10.426	0.0222	0.009	0.654	0.0084	0.001	0.121
10.431	0.0371	0.011	0.658	0.0054	0.001	0.124
10.436	0.0227	0.009	0.662	0.0087	0.001	0.123
10.441	0.0197	0.014	0.654	0.0090	0.001	0.114
10.446	0.0249	0.020	0.655	0.0059	0.001	0.117
10.451	0.0408	0.009	0.665	0.0027	0.001	0.118
10.456	0.0226	0.011	0.659	0.0069	0.001	0.105
10.461	0.0228	0.009	0.661	0.0086	0.001	0.095
10.466	0.0301	0.011	0.642	0.0075	0.001	0.116
10.471	0.0429	0.009	0.659	0.0111	0.001	0.116
10.476	0.0199	0.009	0.662	0.0048	0.001	0.106
10.481	0.0216	0.011	0.660	0.0045	0.001	0.108
10.486	0.0397	0.016	0.677	0.0114	0.001	0.104
10.491	0.0424	0.009	0.662	0.0046	0.001	0.091
10.496	0.0190	0.009	0.667	0.0092	0.001	0.092
10.501	0.0222	0.011	0.665	0.0055	0.001	0.091
10.506	0.0363	0.011	0.684	0.0110	0.001	0.106
10.511	0.0408	0.009	0.655	0.0067	0.001	0.116
10.516	0.0167	0.011	0.660	0.0098	0.001	0.124
10.521	0.0184	0.014	0.666	0.0079	0.001	0.125
10.526	0.0257	0.007	0.663	0.0067	0.002	0.118
10.531	0.0339	0.009	0.661	0.0046	0.002	0.109
10.536	0.0132	0.007	0.661	0.0090	0.002	0.107
10.541	0.0153	0.005	0.667	0.0052	0.002	0.110
10.546	0.0218	0.007	0.661	0.0069	0.001	0.121
10.551	0.0313	0.009	0.663	0.0062	0.001	0.116
10.556	0.0126	0.007	0.661	0.0080	0.001	0.120
10.561	0.0140	0.007	0.667	0.0044	0.001	0.126
10.566	0.0212	0.007	0.664	0.0044	0.001	0.124
10.571	0.0310	0.007	0.665	0.0046	0.001	0.123
10.576	0.0127	0.007	0.659	0.0071	0.002	0.121
10.581	0.0133	0.007	0.657	0.0050	0.002	0.117
10.586	0.0208	0.007	0.663	0.0050	0.002	0.127
10.591	0.0304	0.007	0.662	0.0042	0.002	0.123
10.596	0.0129	0.007	0.654	0.0080	0.002	0.118
10.601	0.0122	0.005	0.652	0.0075	0.002	0.133
10.606	0.0203	0.007	0.656	0.0087	0.001	0.116
10.611	0.0298	0.014	0.662	0.0052	0.001	0.109
10.616	0.0140	0.005	0.661	0.0070	0.002	0.118
10.621	0.0104	0.007	0.661	0.0066	0.002	0.119
10.626	0.0226	0.007	0.644	0.0075	0.001	0.125
10.631	0.0300	0.007	0.663	0.0062	0.001	0.124
10.636	0.0151	0.007	0.666	0.0053	0.001	0.138
10.641	0.0130	0.007	0.659	0.0074	0.001	0.121
10.646	0.0286	0.007	0.645	0.0076	0.001	0.114
10.651	0.0278	0.011	0.661	0.0089	0.001	0.117
10.656	0.0147	0.007	0.548	0.0355	0.002	0.106
10.661	0.0169	0.020	0.364	0.0300	0.002	0.099
10.666	0.0229	0.007	0.393	0.0645	0.000	0.093
10.671	0.0042	0.005	0.509	0.0327	0.000	0.055
10.676	0.0066	0.002	0.552	0.0342	0.000	0.042
10.681	0.0063	0.005	0.615	0.0815	0.000	0.038
10.686	0.0017	0.002	0.475	0.0517	0.000	0.040
10.691	0.0060	0.002	0.408	0.0534	0.000	0.040
10.696	0.0039	0.002	0.271	0.0506	0.000	0.077
10.701	0.0004	0.002	0.425	0.0515	0.000	0.089
10.706	0.0006	0.005	0.344	0.0736	0.000	0.105
10.711	0.0009	0.011	0.549	0.0271	0.000	0.109
10.716	0.0005	0.009	0.570	0.0394	0.000	0.143
10.721	0.0004	0.002	0.516	0.0147	0.001	0.192
10.726	0.0007	0.002	0.437	0.0281	0.003	0.286
10.731	0.0003	0.009	0.301	0.0157	0.004	0.318
10.736	0.0003	0.005	0.264	0.0382	0.005	0.343
10.741	0.0002	0.005	0.358	0.0178	0.009	0.382
10.746	0.0001	0.002	0.340	0.0196	0.086	0.446
10.751	0.0001	0.005	0.042	0.0376	0.397	0.540
10.756	0.0000	0.039	0.184	0.0138	0.870	0.550
10.761	0.0001	0.064	0.165	0.0086	0.926	0.519
10.766	0.0016	0.150	0.133	0.0094	0.850	0.529
10.771	0.0131	0.200	0.120	0.0104	0.744	0.567
10.776	0.0146	0.155	0.126	0.0123	0.653	0.579
10.780	0.0087	0.161	0.135	0.0142	0.559	0.497
10.785	0.0074	0.116	0.115	0.0360	0.129	0.293
10.790	0.0044	0.093	0.330	0.0499	0.022	0.210
10.795	0.0034	0.064	0.579	0.0274	0.007	0.137
10.800	0.0178	0.007	0.658	0.0175	0.004	0.116
10.805	0.0429	0.014	0.692	0.0127	0.003	0.102
10.810	0.0561	0.005	0.690	0.0125	0.006	0.095
10.815	0.0593	0.027	0.748	0.0129	0.005	0.079
10.820	0.0676	0.014	0.755	0.0127	0.003	0.071
10.825	0.0803	0.009	0.658	0.0176	0.002	0.072
10.830	0.0701	0.009	0.656	0.0280	0.002	0.065
10.835	0.0565	0.014	0.736	0.0134	0.001	0.066
10.840	0.0583	0.014	0.745	0.0115	0.001	0.065
10.845	0.0583	0.014	0.728	0.0093	0.001	0.067
10.850	0.0571	0.014	0.715	0.0106	0.001	0.063
10.855	0.0546	0.018	0.665	0.0169	0.001	0.067
10.860	0.0519	0.009	0.687	0.0232	0.001	0.067
10.865	0.0488	0.014	0.679	0.0168	0.001	0.059
10.870	0.0388	0.016	0.656	0.0259	0.001	0.055
10.875	0.0272	0.011	0.640	0.0232	0.001	0.055
10.880	0.0150	0.011	0.617	0.0230	0.001	0.056
10.885	0.0122	0.011	0.635	0.0241	0.001	0.064
10.890	0.0126	0.011	0.622	0.0246	0.001	0.062
10.895	0.0399	0.018	0.614	0.0114	0.001	0.059
10.900	0.0367	0.011	0.624	0.0233	0.000	0.054
10.905	0.0110	0.009	0.620	0.0190	0.001	0.057
10.910	0.0136	0.011	0.510	0.0309	0.000	0.063
10.915	0.0375	0.011	0.575	0.0246	0.000	0.058
10.920	0.0144	0.007	0.609	0.0389	0.000	0.050
10.925	0.0108	0.009	0.535	0.0157	0.000	0.063
10.930	0.0202	0.011	0.632	0.0185	0.000	0.056
10.935	0.0117	0.007	0.598	0.0328	0.000	0.053
10.940	0.0090	0.009	0.505	0.0281	0.000	0.055
10.945	0.0263	0.009	0.617	0.0220	0.000	0.050
10.950	0.0088	0.007	0.510	0.0374	0.001	0.061
10.955	0.0110	0.005	0.519	0.0284	0.000	0.046
10.960	0.0136	0.005	0.551	0.0464	0.000	0.042
10.965	0.0072	0.007	0.496	0.0416	0.000	0.043
10.970	0.0191	0.005	0.596	0.0438	0.000	0.035
10.975	0.0045	0.005	0.454	0.0241	0.000	0.042
10.980	0.0126	0.007	0.574	0.0397	0.000	0.039
10.985	0.0040	0.005	0.321	0.0952	0.000	0.036
10.990	0.0061	0.002	0.306	0.0576	0.000	0.031
10.995	0.0111	0.005	0.282	0.0563	0.000	0.034
11.000	0.0066	0.005	0.317	0.0599	0.000	0.034
11.005	0.0084	0.002	0.284	0.0665	0.000	0.035
11.010	0.0038	0.005	0.407	0.0621	0.000	0.040
11.015	0.0081	0.005	0.220	0.0897	0.000	0.042
11.020	0.0026	0.005	0.513	0.0367	0.000	0.038
11.025	0.0063	0.002	0.379	0.0715	0.000	0.041
11.030	0.0041	0.002	0.485	0.0659	0.000	0.039
11.035	0.0007	0.002	0.463	0.0493	0.000	0.038
11.040	0.0021	0.002	0.512	0.0401	0.000	0.039
11.045	0.0020	0.005	0.500	0.0274	0.000	0.041
11.050	0.0030	0.002	0.456	0.0244	0.000	0.046
11.055	0.0032	0.002	0.497	0.0797	0.000	0.048
11.060	0.0026	0.002	0.458	0.0782	0.000	0.054
11.065	0.0020	0.002	0.471	0.0252	0.000	0.097
11.070	0.0019	0.002	0.370	0.0619	0.001	0.155
11.075	0.0001	0.007	0.399	0.0579	0.001	0.165
11.080	0.0008	0.007	0.502	0.0663	0.000	0.140
11.085	0.0005	0.005	0.334	0.0264	0.001	0.233
11.090	0.0005	0.009	0.282	0.0938	0.002	0.255
11.095	0.0000	0.016	0.621	0.0287	0.003	0.309
11.100	0.0002	0.005	0.645	0.0318	0.003	0.331
11.105	0.0002	0.005	0.519	0.0121	0.011	0.451
11.110	0.0001	0.011	0.380	0.0287	0.022	0.532
11.115	0.0000	0.009	0.465	0.0167	0.066	0.635
11.120	0.0001	0.014	0.460	0.0105	0.318	0.599
11.125	0.0000	0.005	0.487	0.0082	0.408	0.615
11.130	0.0001	0.057	0.488	0.0303	0.111	0.667
11.135	0.0000	0.009	0.704	0.0075	0.072	0.630
11.140	0.0000	0.011	0.582	0.0120	0.081	0.663
11.145	0.0000	0.018	0.477	0.0204	0.061	0.637
11.150	0.0000	0.009	0.462	0.0113	0.060	0.617
11.155	0.0000	0.014	0.327	0.0164	0.105	0.644
11.160	0.0000	0.025	0.391	0.0287	0.111	0.662
11.165	0.0000	0.020	0.444	0.0090	0.065	0.628
11.170	0.0000	0.009	0.400	0.0101	0.120	0.665
11.175	0.0000	0.018	0.092	0.0113	0.633	0.827
11.180	0.0000	0.005	0.182	0.0093	0.675	0.844
11.185	0.0000	0.018	0.150	0.0091	0.536	0.819
11.190	0.0000	0.025	0.141	0.0097	0.564	0.808
11.195	0.0000	0.020	0.103	0.0071	0.447	0.773
11.200	0.0000	0.036	0.158	0.0110	0.443	0.808
11.205	0.0000	0.000	0.136	0.0072	0.551	0.782
11.210	0.0000	0.005	0.038	0.0050	0.584	0.826
11.215	0.0000	0.045	0.020	0.0475	0.323	0.790
11.220	0.0000	0.000	0.000	0.0041	0.700	0.835
11.224	0.0000	0.000	0.067	0.0025	0.691	0.841
11.229	0.0000	0.036	0.057	0.0111	0.702	0.834
11.234	0.0000	0.000	0.249	0.0049	0.715	0.854
11.239	0.0000	0.005	0.248	0.0059	0.772	0.889
11.244	0.0000	0.000	0.000	0.0009	0.815	1.000
11.249	0.0000	0.000	0.000	0.0000	0.000	1.000
11.254	0.0000	0.000	0.000	0.0000	0.000	1.000
11.259	0.0000	0.000	0.000	0.0751	0.040	0.474
11.264	0.0000	0.000	0.375	0.0116	0.060	0.528
11.269	0.0000	0.000	0.431	0.0124	0.057	0.552
11.274	0.0000	0.018	0.418	0.0118	0.075	0.592
11.279	0.0000	0.030	0.370	0.0147	0.133	0.650
11.284	0.0000	0.011	0.255	0.0137	0.376	0.768
11.289	0.0000	0.036	0.097	0.0089	0.623	0.835
11.294	0.0000	0.000	0.000	0.0083	0.779	0.943
11.299	0.0000	0.005	0.000	0.0153	0.732	0.897
11.304	0.0000	0.000	0.000	0.0006	0.821	0.999
11.309	0.0000	0.000	0.000	0.0001	0.821	0.999
11.314	0.0000	0.005	0.000	0.0072	0.790	0.996
11.319	0.0000	0.000	0.000	0.0000	0.000	1.000
11.324	0.0000	0.000	0.125	0.0101	0.799	0.897
11.329	0.0000	0.000	0.143	0.0068	0.785	0.861
11.334	0.0000	0.005	0.069	0.0137	0.577	0.800
11.339	0.0000	0.005	0.126	0.0135	0.287	0.731
11.344	0.0000	0.014	0.158	0.0141	0.240	0.697
11.349	0.0000	0.032	0.185	0.0148	0.180	0.672
11.354	0.0000	0.018	0.204	0.0134	0.105	0.594
11.359	0.0000	0.032	0.213	0.0161	0.093	0.581
11.364	0.0000	0.023	0.370	0.0129	0.074	0.556
11.369	0.0000	0.025	0.311	0.0151	0.068	0.567
11.374	0.0000	0.043	0.378	0.0162	0.039	0.477
11.379	0.0000	0.025	0.365	0.0132	0.041	0.447
11.384	0.0001	0.036	0.371	0.0189	0.034	0.442
11.389	0.0001	0.034	0.422	0.0185	0.027	0.408
11.394	0.0001	0.036	0.483	0.0132	0.030	0.427
11.399	0.0001	0.032	0.387	0.0154	0.031	0.418
11.404	0.0001	0.045	0.270	0.0142	0.036	0.452
11.409	0.0001	0.034	0.265	0.0160	0.054	0.478
11.414	0.0001	0.045	0.177	0.0181	0.062	0.462
11.419	0.0001	0.036	0.280	0.0133	0.051	0.475
11.424	0.0001	0.043	0.203	0.0160	0.074	0.511
11.429	0.0001	0.043	0.173	0.0163	0.080	0.505
11.434	0.0000	0.057	0.222	0.0143	0.102	0.545
11.439	0.0000	0.052	0.306	0.0248	0.063	0.514
11.444	0.0000	0.030	0.302	0.0139	0.046	0.494
11.449	0.0000	0.016	0.231	0.0155	0.063	0.529
11.454	0.0000	0.025	0.253	0.0203	0.056	0.516
11.459	0.0000	0.014	0.209	0.0124	0.063	0.525
11.464	0.0000	0.018	0.135	0.0150	0.094	0.597
11.469	0.0000	0.018	0.160	0.0169	0.110	0.613
11.474	0.0000	0.023	0.143	0.0153	0.103	0.615
11.479	0.0000	0.016	0.186	0.0126	0.132	0.642
11.484	0.0000	0.025	0.188	0.0134	0.149	0.648
11.489	0.0000	0.025	0.188	0.0090	0.153	0.663
11.494	0.0000	0.020	0.061	0.0147	0.465	0.800
11.499	0.0000	0.000	0.329	0.0114	0.515	0.771
11.504	0.0000	0.000	0.028	0.0816	0.130	0.675
11.509	0.0000	0.000	0.007	0.0221	0.077	0.603
11.514	0.0000	0.000	0.130	0.0259	0.035	0.546
11.519	0.0000	0.000	0.250	0.0339	0.024	0.528
11.524	0.0000	0.009	0.275	0.0098	0.074	0.640
11.529	0.0000	0.005	0.220	0.0251	0.102	0.645
11.534	0.0000	0.045	0.124	0.0317	0.105	0.638
11.539	0.0000	0.000	0.366	0.0532	0.010	0.400
11.544	0.0000	0.007	0.503	0.0181	0.003	0.293
11.549	0.0000	0.014	0.501	0.0179	0.003	0.298
11.554	0.0002	0.005	0.397	0.0186	0.013	0.446
11.559	0.0001	0.011	0.267	0.0158	0.047	0.571
11.564	0.0001	0.009	0.254	0.0723	0.032	0.539
11.569	0.0000	0.050	0.375	0.0506	0.001	0.212
11.574	0.0000	0.032	0.323	0.0929	0.000	0.097
11.579	0.0002	0.007	0.330	0.0418	0.000	0.040
11.584	0.0003	0.007	0.492	0.0344	0.000	0.031
11.589	0.0027	0.007	0.237	0.0612	0.000	0.022
11.594	0.0015	0.009	0.506	0.0168	0.000	0.016
11.599	0.0074	0.009	0.493	0.0265	0.000	0.015
11.604	0.0062	0.007	0.524	0.0265	0.000	0.017
11.609	0.0026	0.016	0.604	0.0268	0.000	0.018
11.614	0.0119	0.011	0.612	0.0120	0.000	0.019
11.619	0.0295	0.011	0.648	0.0151	0.000	0.022
11.624	0.0342	0.009	0.626	0.0159	0.000	0.033
11.629	0.0229	0.011	0.633	0.0150	0.000	0.038
11.634	0.0220	0.009	0.643	0.0152	0.000	0.052
11.639	0.0288	0.011	0.642	0.0150	0.000	0.057
11.644	0.0330	0.011	0.652	0.0091	0.000	0.062
11.649	0.0186	0.014	0.665	0.0115	0.000	0.059
11.654	0.0310	0.014	0.664	0.0089	0.000	0.060
11.659	0.0363	0.016	0.664	0.0082	0.000	0.061
11.663	0.0461	0.011	0.669	0.0030	0.000	0.055
11.668	0.0236	0.014	0.669	0.0053	0.000	0.054
11.673	0.0340	0.014	0.657	0.0051	0.000	0.064
11.678	0.0363	0.016	0.654	0.0073	0.000	0.067
11.683	0.0463	0.011	0.658	0.0062	0.000	0.066
11.688	0.0212	0.014	0.650	0.0068	0.000	0.065
11.693	0.0345	0.014	0.646	0.0077	0.000	0.064
11.698	0.0412	0.014	0.650	0.0097	0.000	0.073
11.703	0.0426	0.014	0.596	0.0172	0.001	0.088
11.708	0.0248	0.009	0.571	0.0181	0.001	0.085
11.713	0.0302	0.009	0.620	0.0203	0.001	0.083
11.718	0.0206	0.011	0.652	0.0209	0.001	0.080
11.723	0.0358	0.014	0.596	0.0228	0.001	0.075
11.728	0.0384	0.009	0.516	0.0337	0.001	0.071
11.733	0.0211	0.011	0.523	0.0315	0.001	0.079
11.738	0.0212	0.011	0.614	0.0241	0.001	0.072
11.743	0.0249	0.009	0.681	0.0176	0.001	0.077
11.748	0.0204	0.009	0.690	0.0243	0.001	0.083
11.753	0.0206	0.009	0.732	0.0203	0.001	0.081
11.758	0.0242	0.009	0.746	0.0152	0.001	0.072
11.763	0.0293	0.011	0.490	0.0295	0.000	0.070
11.768	0.0250	0.009	0.288	0.0540	0.000	0.070
11.773	0.0099	0.007	0.548	0.0319	0.000	0.086
11.778	0.0164	0.007	0.310	0.0898	0.000	0.098
11.783	0.0049	0.007	0.709	0.0338	0.000	0.043
11.788	0.0054	0.005	0.693	0.0207	0.000	0.041
11.793	0.0052	0.007	0.578	0.0344	0.000	0.041
11.798	0.0047	0.005	0.343	0.0391	0.000	0.059
11.803	0.0022	0.009	0.335	0.0654	0.000	0.070
11.808	0.0014	0.009	0.380	0.0362	0.000	0.073
11.813	0.0011	0.011	0.378	0.0260	0.000	0.081
11.818	0.0007	0.011	0.354	0.0400	0.000	0.099
11.823	0.0007	0.011	0.299	0.0487	0.000	0.123
11.828	0.0006	0.011	0.422	0.0367	0.000	0.111
11.833	0.0005	0.011	0.302	0.0428	0.001	0.162
11.838	0.0004	0.007	0.388	0.0428	0.001	0.172
11.843	0.0004	0.009	0.475	0.0282	0.002	0.251
11.848	0.0004	0.009	0.479	0.0202	0.003	0.234
11.853	0.0006	0.011	0.194	0.0317	0.009	0.319
11.858	0.0001	0.016	0.462	0.0213	0.019	0.358
11.863	0.0002	0.018	0.498	0.0141	0.066	0.364
11.868	0.0003	0.014	0.320	0.0146	0.116	0.351
11.873	0.0003	0.030	0.407	0.0245	0.036	0.240
11.878	0.0003	0.057	0.498	0.0219	0.023	0.203
11.883	0.0006	0.043	0.357	0.0144	0.034	0.208
11.888	0.0008	0.048	0.256	0.0196	0.053	0.262
11.893	0.0007	0.050	0.279	0.0138	0.095	0.301
11.898	0.0005	0.050	0.256	0.0171	0.117	0.266
11.903	0.0007	0.064	0.167	0.0138	0.156	0.255
11.908	0.0008	0.073	0.149	0.0144	0.173	0.267
11.913	0.0008	0.082	0.193	0.0139	0.161	0.280
11.918	0.0007	0.093	0.207	0.0165	0.170	0.286
11.923	0.0010	0.080	0.154	0.0136	0.126	0.278
11.928	0.0013	0.091	0.163	0.0141	0.158	0.292
11.933	0.0013	0.075	0.139	0.0153	0.197	0.287
11.938	0.0014	0.089	0.185	0.0121	0.170	0.283
11.943	0.0014	0.068	0.210	0.0162	0.176	0.312
11.948	0.0016	0.068	0.175	0.0126	0.179	0.340
11.953	0.0013	0.064	0.165	0.0146	0.283	0.354
11.958	0.0018	0.073	0.136	0.0171	0.264	0.348
11.963	0.0012	0.089	0.190	0.0136	0.211	0.340
11.968	0.0017	0.091	0.272	0.0150	0.261	0.355
11.973	0.0020	0.080	0.293	0.0128	0.339	0.369
11.978	0.0022	0.100	0.176	0.0139	0.306	0.347
11.983	0.0019	0.100	0.160	0.0147	0.292	0.382
11.988	0.0019	0.089	0.155	0.0175	0.210	0.351
11.993	0.0020	0.091	0.178	0.0129	0.222	0.323
11.998	0.0031	0.080	0.181	0.0128	0.251	0.335
12.003	0.0022	0.073	0.184	0.0150	0.207	0.322
12.008	0.0033	0.086	0.220	0.0120	0.200	0.336
12.013	0.0032	0.068	0.245	0.0123	0.267	0.370
12.018	0.0025	0.084	0.250	0.0149	0.292	0.378
12.023	0.0021	0.105	0.214	0.0143	0.277	0.342
12.028	0.0028	0.084	0.153	0.0142	0.247	0.343
12.033	0.0024	0.093	0.175	0.0145	0.276	0.342
12.038	0.0025	0.077	0.185	0.0170	0.214	0.327
12.043	0.0024	0.080	0.233	0.0131	0.194	0.331
12.048	0.0027	0.073	0.297	0.0121	0.260	0.350
12.053	0.0033	0.082	0.188	0.0135	0.308	0.338
12.058	0.0021	0.102	0.187	0.0143	0.249	0.328
12.063	0.0024	0.084	0.219	0.0142	0.234	0.326
12.068	0.0023	0.075	0.145	0.0129	0.254	0.339
12.073	0.0018	0.073	0.163	0.0175	0.242	0.332
12.078	0.0016	0.098	0.166	0.0135	0.216	0.305
12.083	0.0017	0.075	0.178	0.0135	0.324	0.311
12.088	0.0014	0.080	0.194	0.0131	0.382	0.331
12.093	0.0013	0.093	0.201	0.0132	0.356	0.335
12.098	0.0011	0.086	0.150	0.0145	0.325	0.305
12.102	0.0010	0.080	0.219	0.0162	0.340	0.303
12.107	0.0006	0.086	0.143	0.0171	0.376	0.304
12.112	0.0006	0.075	0.255	0.0166	0.327	0.306
12.117	0.0004	0.095	0.325	0.0142	0.232	0.319
12.122	0.0003	0.080	0.209	0.0132	0.292	0.376
12.127	0.0003	0.089	0.205	0.0181	0.225	0.399
12.132	0.0002	0.070	0.198	0.0173	0.220	0.457
12.137	0.0001	0.059	0.161	0.0155	0.357	0.538
12.142	0.0001	0.077	0.247	0.0110	0.308	0.645
12.147	0.0000	0.077	0.250	0.0141	0.267	0.655
12.152	0.0000	0.082	0.098	0.0127	0.200	0.695
12.157	0.0000	0.032	0.139	0.0271	0.643	0.612
12.162	0.0000	0.018	0.149	0.0160	0.945	0.456
12.167	0.0000	0.102	0.267	0.0157	0.967	0.436
12.172	0.0002	0.120	0.192	0.0216	0.965	0.378
12.177	0.0007	0.132	0.153	0.0117	0.969	0.390
12.182	0.0021	0.132	0.159	0.0127	0.944	0.435
12.187	0.0039	0.150	0.199	0.0141	0.965	0.469
12.192	0.0032	0.170	0.149	0.0119	0.976	0.488
12.197	0.0043	0.180	0.121	0.0133	0.974	0.488
12.202	0.0048	0.177	0.127	0.0134	0.986	0.488
12.207	0.0044	0.205	0.142	0.0118	0.988	0.503
12.212	0.0041	0.218	0.135	0.0122	0.988	0.490
12.217	0.0084	0.211	0.129	0.0117	0.994	0.453
12.222	0.0104	0.186	0.114	0.0115	0.992	0.508
12.227	0.0127	0.182	0.156	0.0132	0.991	0.511
12.232	0.0100	0.191	0.162	0.0112	0.991	0.462
12.237	0.0156	0.198	0.133	0.0126	0.989	0.476
12.242	0.0153	0.216	0.135	0.0140	0.983	0.477
12.247	0.0143	0.184	0.128	0.0144	0.988	0.490
12.252	0.0112	0.195	0.183	0.0137	0.989	0.497
12.257	0.0128	0.189	0.153	0.0123	0.984	0.505
12.262	0.0131	0.189	0.148	0.0115	0.978	0.505
12.267	0.0131	0.166	0.192	0.0101	0.969	0.516
12.272	0.0125	0.157	0.133	0.0122	0.931	0.555
12.277	0.0119	0.168	0.137	0.0205	0.760	0.526
12.282	0.0084	0.186	0.407	0.0302	0.161	0.403
12.287	0.0078	0.105	0.460	0.0324	0.040	0.297
12.292	0.0180	0.034	0.612	0.0225	0.007	0.151
12.297	0.0281	0.032	0.684	0.0110	0.005	0.102
12.302	0.0500	0.009	0.671	0.0127	0.007	0.083
12.307	0.0672	0.014	0.653	0.0193	0.006	0.083
12.312	0.0706	0.018	0.654	0.0166	0.004	0.092
12.317	0.0863	0.014	0.666	0.0170	0.003	0.080
12.322	0.1093	0.016	0.724	0.0131	0.002	0.064
12.327	0.1243	0.016	0.732	0.0116	0.001	0.062
12.332	0.1333	0.016	0.723	0.0108	0.001	0.060
12.337	0.1411	0.014	0.723	0.0140	0.001	0.058
12.342	0.1201	0.011	0.737	0.0056	0.002	0.051
12.347	0.1187	0.018	0.731	0.0081	0.001	0.051
12.352	0.1188	0.016	0.730	0.0103	0.001	0.044
12.357	0.1150	0.018	0.707	0.0139	0.001	0.040
12.362	0.1161	0.023	0.723	0.0066	0.001	0.049
12.367	0.1197	0.016	0.709	0.0054	0.001	0.059
12.372	0.1145	0.016	0.714	0.0083	0.001	0.057
12.377	0.1013	0.014	0.717	0.0096	0.001	0.056
12.382	0.1033	0.018	0.707	0.0074	0.001	0.050
12.387	0.1354	0.016	0.731	0.0087	0.001	0.050
12.392	0.1292	0.018	0.727	0.0055	0.001	0.047
12.397	0.1240	0.016	0.721	0.0104	0.001	0.046
12.402	0.1229	0.014	0.717	0.0065	0.001	0.050
12.407	0.0851	0.011	0.720	0.0079	0.001	0.054
12.412	0.0773	0.014	0.722	0.0064	0.001	0.048
12.417	0.0720	0.011	0.699	0.0126	0.000	0.037
12.422	0.0870	0.011	0.707	0.0055	0.000	0.021
12.427	0.0846	0.014	0.715	0.0092	0.000	0.022
12.432	0.0852	0.011	0.707	0.0065	0.000	0.015
12.437	0.1082	0.011	0.724	0.0106	0.000	0.012
12.442	0.1119	0.014	0.729	0.0101	0.000	0.010
12.447	0.1090	0.011	0.731	0.0072	0.000	0.011
12.452	0.1149	0.014	0.718	0.0098	0.000	0.013
12.457	0.0777	0.011	0.703	0.0129	0.000	0.015
12.462	0.0703	0.014	0.642	0.0141	0.000	0.013
12.467	0.0562	0.011	0.556	0.0177	0.000	0.021
12.472	0.0564	0.016	0.232	0.0345	0.004	0.079
12.477	0.0318	0.016	0.446	0.0283	0.013	0.125
12.482	0.0296	0.016	0.690	0.0377	0.002	0.070
12.487	0.0329	0.009	0.718	0.0175	0.000	0.028
12.492	0.0422	0.011	0.729	0.0132	0.000	0.017
12.497	0.0354	0.009	0.703	0.0160	0.000	0.012
12.502	0.0381	0.007	0.688	0.0066	0.000	0.012
12.507	0.0277	0.009	0.663	0.0153	0.000	0.037
12.512	0.0348	0.007	0.509	0.0336	0.000	0.060
12.517	0.0382	0.009	0.510	0.0306	0.000	0.054
12.522	0.0423	0.011	0.617	0.0165	0.000	0.056
12.527	0.0790	0.018	0.693	0.0136	0.000	0.058
12.532	0.1065	0.011	0.676	0.0187	0.001	0.059
12.537	0.0677	0.011	0.639	0.0129	0.001	0.062
12.541	0.0445	0.014	0.664	0.0102	0.001	0.073
12.546	0.0484	0.014	0.695	0.0094	0.001	0.079
12.551	0.0777	0.011	0.689	0.0073	0.002	0.089
12.556	0.0781	0.020	0.704	0.0112	0.001	0.078
12.561	0.1080	0.018	0.716	0.0074	0.001	0.068
12.566	0.0971	0.016	0.691	0.0098	0.001	0.070
12.571	0.0604	0.020	0.702	0.0064	0.001	0.073
12.576	0.0515	0.016	0.675	0.0090	0.001	0.084
12.581	0.0754	0.020	0.676	0.0085	0.001	0.073
12.586	0.0789	0.025	0.688	0.0112	0.001	0.077
12.591	0.0891	0.011	0.687	0.0091	0.001	0.082
12.596	0.1045	0.014	0.675	0.0126	0.001	0.075
12.601	0.0814	0.016	0.685	0.0090	0.001	0.065
12.606	0.0467	0.016	0.660	0.0107	0.001	0.071
12.611	0.0616	0.020	0.663	0.0095	0.002	0.080
12.616	0.0729	0.025	0.624	0.0114	0.001	0.076
12.621	0.0803	0.025	0.652	0.0105	0.001	0.077
12.626	0.0867	0.020	0.688	0.0104	0.001	0.076
12.631	0.0857	0.011	0.691	0.0100	0.001	0.093
12.636	0.0673	0.011	0.649	0.0091	0.002	0.104
12.641	0.0478	0.016	0.642	0.0107	0.001	0.090
12.646	0.0558	0.011	0.638	0.0138	0.001	0.095
12.651	0.0686	0.016	0.649	0.0108	0.001	0.091
12.656	0.0956	0.016	0.664	0.0120	0.001	0.103
12.661	0.0913	0.016	0.637	0.0128	0.002	0.110
12.666	0.0464	0.016	0.611	0.0136	0.003	0.113
12.671	0.0276	0.011	0.626	0.0138	0.004	0.111
12.676	0.0296	0.020	0.569	0.0226	0.004	0.119
12.681	0.0336	0.016	0.528	0.0152	0.004	0.153
12.686	0.0368	0.016	0.505	0.0113	0.008	0.202
12.691	0.0280	0.023	0.482	0.0203	0.007	0.242
12.696	0.0068	0.023	0.506	0.0191	0.004	0.224
12.701	0.0063	0.016	0.453	0.0223	0.002	0.187
12.706	0.0089	0.016	0.475	0.0268	0.001	0.145
12.711	0.0063	0.009	0.308	0.0333	0.001	0.109
12.716	0.0031	0.007	0.284	0.0304	0.001	0.081
12.721	0.0032	0.018	0.371	0.0255	0.000	0.081
12.726	0.0021	0.018	0.504	0.0225	0.000	0.063
12.731	0.0024	0.020	0.615	0.0195	0.000	0.050
12.736	0.0024	0.016	0.567	0.0140	0.000	0.049
12.741	0.0014	0.016	0.607	0.0133	0.000	0.049
12.746	0.0013	0.018	0.568	0.0142	0.000	0.059
12.751	0.0014	0.020	0.557	0.0142	0.003	0.150
12.756	0.0022	0.025	0.463	0.0165	0.018	0.245
12.761	0.0021	0.030	0.426	0.0131	0.079	0.343
12.766	0.0016	0.030	0.278	0.0143	0.124	0.419
12.771	0.0026	0.064	0.213	0.0131	0.468	0.521
12.776	0.0018	0.098	0.168	0.0117	0.556	0.528
12.781	0.0015	0.186	0.216	0.0114	0.575	0.530
12.786	0.0028	0.168	0.179	0.0100	0.634	0.552
12.791	0.0021	0.175	0.167	0.0119	0.640	0.587
12.796	0.0016	0.145	0.146	0.0111	0.713	0.592
12.801	0.0018	0.155	0.143	0.0144	0.599	0.541
12.806	0.0019	0.148	0.130	0.0120	0.516	0.522
12.811	0.0013	0.141	0.154	0.0125	0.543	0.550
12.816	0.0014	0.136	0.347	0.0211	0.435	0.543
12.821	0.0008	0.132	0.646	0.0360	0.083	0.411
12.826	0.0007	0.059	0.724	0.0293	0.038	0.303
12.831	0.0013	0.030	0.694	0.0190	0.014	0.260
12.836	0.0010	0.009	0.583	0.0264	0.010	0.240
12.841	0.0008	0.018	0.574	0.0180	0.008	0.242
12.846	0.0005	0.027	0.567	0.0296	0.007	0.272
12.851	0.0004	0.011	0.588	0.0482	0.006	0.296
12.856	0.0001	0.034	0.646	0.0159	0.004	0.275
12.861	0.0003	0.009	0.606	0.0189	0.011	0.385
12.866	0.0002	0.036	0.344	0.0148	0.019	0.425
12.871	0.0001	0.025	0.461	0.0105	0.041	0.517
12.876	0.0000	0.032	0.474	0.0097	0.053	0.544
12.881	0.0000	0.039	0.427	0.0101	0.073	0.569
12.886	0.0000	0.039	0.476	0.0167	0.067	0.567
12.891	0.0000	0.030	0.565	0.0103	0.059	0.557
12.896	0.0000	0.025	0.586	0.0102	0.061	0.553
12.901	0.0000	0.025	0.456	0.0105	0.095	0.638
12.906	0.0000	0.025	0.413	0.0105	0.141	0.666
12.911	0.0000	0.059	0.373	0.0146	0.111	0.623
12.916	0.0000	0.023	0.414	0.0140	0.097	0.630
12.921	0.0000	0.023	0.030	0.0511	0.056	0.564
12.926	0.0000	0.039	0.274	0.0610	0.003	0.214
12.931	0.0000	0.034	0.264	0.0613	0.001	0.085
12.936	0.0001	0.020	0.317	0.0260	0.002	0.091
12.941	0.0016	0.014	0.499	0.0421	0.001	0.072
12.946	0.0039	0.011	0.536	0.0283	0.000	0.060
12.951	0.0149	0.011	0.621	0.0158	0.001	0.068
12.956	0.0345	0.014	0.649	0.0159	0.001	0.069
12.961	0.0380	0.009	0.666	0.0166	0.002	0.070
12.966	0.0276	0.011	0.671	0.0098	0.002	0.069
12.971	0.0277	0.009	0.663	0.0143	0.001	0.074
12.976	0.0284	0.011	0.674	0.0069	0.001	0.076
12.980	0.0395	0.011	0.665	0.0117	0.001	0.067
12.985	0.0353	0.009	0.676	0.0053	0.001	0.063
12.990	0.0351	0.011	0.668	0.0077	0.001	0.068
12.995	0.0300	0.009	0.680	0.0098	0.001	0.076
13.000	0.0463	0.011	0.659	0.0064	0.001	0.077
13.005	0.0358	0.011	0.665	0.0048	0.001	0.070
13.010	0.0357	0.009	0.664	0.0106	0.001	0.061
13.015	0.0282	0.011	0.623	0.0125	0.001	0.060
13.020	0.0533	0.011	0.510	0.0211	0.000	0.060
13.025	0.0389	0.009	0.370	0.0465	0.000	0.072
13.030	0.0108	0.007	0.529	0.0397	0.000	0.064
13.035	0.0114	0.007	0.617	0.0296	0.000	0.042
13.040	0.0173	0.007	0.665	0.0113	0.000	0.027
13.045	0.0074	0.007	0.662	0.0099	0.000	0.022
13.050	0.0087	0.007	0.681	0.0102	0.000	0.018
13.055	0.0111	0.009	0.690	0.0173	0.000	0.020
13.060	0.0142	0.002	0.674	0.0121	0.000	0.033
13.065	0.0075	0.005	0.659	0.0121	0.000	0.035
13.070	0.0058	0.002	0.678	0.0134	0.000	0.039
13.075	0.0106	0.005	0.693	0.0182	0.000	0.064
13.080	0.0111	0.002	0.693	0.0326	0.001	0.110
13.085	0.0132	0.005	0.628	0.0121	0.002	0.222
13.090	0.0064	0.005	0.641	0.0119	0.012	0.335
13.095	0.0102	0.014	0.575	0.0233	0.019	0.358
13.100	0.0125	0.016	0.501	0.0203	0.027	0.358
13.105	0.0080	0.014	0.532	0.0310	0.016	0.303
13.110	0.0115	0.018	0.604	0.0268	0.010	0.179
13.115	0.0140	0.023	0.697	0.0200	0.010	0.128
13.120	0.0261	0.011	0.682	0.0187	0.004	0.091
13.125	0.0677	0.011	0.685	0.0255	0.002	0.089
13.130	0.0956	0.016	0.748	0.0179	0.002	0.090
13.135	0.1129	0.016	0.780	0.0089	0.002	0.091
13.140	0.0921	0.016	0.810	0.0116	0.001	0.079
13.145	0.0771	0.027	0.818	0.0093	0.002	0.087
13.150	0.1101	0.020	0.813	0.0073	0.004	0.087
13.155	0.1021	0.030	0.786	0.0101	0.003	0.094
13.160	0.0738	0.018	0.676	0.0184	0.003	0.133
13.165	0.0848	0.011	0.637	0.0126	0.009	0.224
13.170	0.0511	0.005	0.690	0.0102	0.033	0.340
13.175	0.0175	0.011	0.683	0.0116	0.065	0.383
13.180	0.0245	0.018	0.589	0.0090	0.160	0.439
13.185	0.0296	0.045	0.530	0.0131	0.198	0.458
13.190	0.0209	0.059	0.413	0.0110	0.368	0.502
13.195	0.0224	0.084	0.318	0.0101	0.593	0.509
13.200	0.0212	0.102	0.149	0.0106	0.862	0.598
13.205	0.0157	0.170	0.107	0.0120	0.906	0.592
13.210	0.0117	0.184	0.121	0.0107	0.916	0.567
13.215	0.0144	0.177	0.135	0.0110	0.905	0.576
13.220	0.0171	0.193	0.152	0.0110	0.893	0.561
13.225	0.0133	0.177	0.189	0.0118	0.940	0.548
13.230	0.0127	0.191	0.129	0.0122	0.951	0.543
13.235	0.0162	0.182	0.118	0.0110	0.947	0.554
13.240	0.0137	0.182	0.138	0.0120	0.955	0.568
13.245	0.0113	0.198	0.124	0.0109	0.955	0.576
13.250	0.0140	0.189	0.106	0.0118	0.919	0.594
13.255	0.0113	0.195	0.134	0.0110	0.891	0.566
13.260	0.0119	0.191	0.245	0.0193	0.644	0.536
13.265	0.0146	0.164	0.347	0.0269	0.235	0.455
13.270	0.0089	0.107	0.445	0.0398	0.029	0.297
13.275	0.0179	0.059	0.500	0.0287	0.010	0.190
13.280	0.0191	0.025	0.456	0.0282	0.018	0.144
13.285	0.0247	0.014	0.452	0.0234	0.015	0.169
13.290	0.0136	0.041	0.523	0.0357	0.010	0.198
13.295	0.0175	0.025	0.560	0.0336	0.010	0.185
13.300	0.0209	0.018	0.635	0.0147	0.011	0.192
13.305	0.0191	0.020	0.561	0.0242	0.011	0.173
13.310	0.0140	0.020	0.558	0.0174	0.012	0.160
13.315	0.0250	0.016	0.586	0.0209	0.007	0.142
13.320	0.0305	0.020	0.698	0.0148	0.005	0.106
13.325	0.0462	0.023	0.722	0.0188	0.004	0.093
13.330	0.0582	0.020	0.747	0.0097	0.003	0.093
13.335	0.0559	0.016	0.751	0.0106	0.003	0.089
13.340	0.0510	0.025	0.751	0.0101	0.003	0.082
13.345	0.0822	0.030	0.761	0.0065	0.004	0.084
13.350	0.0981	0.018	0.763	0.0093	0.003	0.087
13.355	0.1191	0.023	0.763	0.0120	0.002	0.089
13.360	0.1481	0.027	0.778	0.0075	0.002	0.083
13.365	0.1586	0.023	0.768	0.0086	0.003	0.082
13.370	0.1639	0.016	0.788	0.0057	0.003	0.070
13.375	0.1316	0.016	0.775	0.0100	0.002	0.070
13.380	0.1038	0.016	0.750	0.0095	0.002	0.060
13.385	0.0788	0.014	0.764	0.0082	0.001	0.059
13.390	0.0664	0.014	0.718	0.0141	0.001	0.060
13.395	0.0661	0.016	0.646	0.0213	0.001	0.075
13.400	0.0679	0.009	0.540	0.0174	0.003	0.160
13.405	0.0809	0.018	0.454	0.0205	0.008	0.278
13.410	0.0609	0.014	0.516	0.0148	0.030	0.423
13.415	0.0318	0.014	0.397	0.0130	0.080	0.568
13.420	0.0223	0.034	0.462	0.0092	0.157	0.619
13.424	0.0197	0.093	0.378	0.0101	0.237	0.629
13.429	0.0168	0.089	0.239	0.0105	0.497	0.662
13.434	0.0139	0.136	0.185	0.0113	0.661	0.642
13.439	0.0111	0.189	0.115	0.0110	0.800	0.650
13.444	0.0109	0.191	0.130	0.0126	0.894	0.633
13.449	0.0101	0.216	0.175	0.0104	0.918	0.615
13.454	0.0146	0.232	0.181	0.0093	0.909	0.633
13.459	0.0123	0.230	0.145	0.0112	0.890	0.641
13.464	0.0119	0.223	0.165	0.0124	0.898	0.638
13.469	0.0113	0.207	0.122	0.0104	0.923	0.652
13.474	0.0107	0.209	0.111	0.0117	0.937	0.645
13.479	0.0109	0.218	0.183	0.0144	0.958	0.603
13.484	0.0157	0.211	0.194	0.0123	0.956	0.607
13.489	0.0140	0.223	0.193	0.0103	0.944	0.621
13.494	0.0210	0.207	0.193	0.0120	0.889	0.647
13.499	0.0168	0.220	0.180	0.0108	0.841	0.629
13.504	0.0156	0.200	0.188	0.0102	0.814	0.637
13.509	0.0143	0.200	0.123	0.0107	0.663	0.664
13.514	0.0125	0.191	0.224	0.0163	0.448	0.640
13.519	0.0117	0.170	0.469	0.0230	0.125	0.517
13.524	0.0125	0.091	0.581	0.0222	0.049	0.468
13.529	0.0100	0.027	0.682	0.0216	0.013	0.303
13.534	0.0088	0.025	0.710	0.0207	0.003	0.202
13.539	0.0138	0.018	0.704	0.0165	0.001	0.134
13.544	0.0272	0.014	0.742	0.0121	0.001	0.104
13.549	0.0294	0.009	0.741	0.0139	0.001	0.076
13.554	0.0411	0.016	0.749	0.0111	0.001	0.078
13.559	0.0472	0.009	0.751	0.0108	0.001	0.087
13.564	0.0522	0.009	0.758	0.0072	0.001	0.086
13.569	0.0542	0.009	0.747	0.0061	0.001	0.087
13.574	0.0551	0.009	0.735	0.0078	0.001	0.088
13.579	0.0569	0.009	0.734	0.0126	0.001	0.074
13.584	0.0596	0.011	0.741	0.0063	0.000	0.077
13.589	0.0618	0.009	0.743	0.0060	0.000	0.063
13.594	0.0648	0.009	0.734	0.0100	0.000	0.067
13.599	0.0701	0.009	0.743	0.0075	0.000	0.058
13.604	0.0703	0.014	0.747	0.0048	0.000	0.052
13.609	0.0676	0.018	0.741	0.0068	0.000	0.058
13.614	0.0664	0.014	0.743	0.0044	0.000	0.062
13.619	0.0649	0.014	0.747	0.0052	0.000	0.058
13.624	0.0631	0.009	0.745	0.0053	0.001	0.064
13.629	0.0577	0.007	0.746	0.0059	0.001	0.059
13.634	0.0514	0.009	0.742	0.0053	0.001	0.064
13.639	0.0495	0.009	0.743	0.0076	0.001	0.066
13.644	0.0468	0.009	0.742	0.0059	0.000	0.066
13.649	0.0435	0.009	0.742	0.0036	0.001	0.066
13.654	0.0429	0.009	0.734	0.0074	0.001	0.061
13.659	0.0436	0.009	0.738	0.0060	0.000	0.052
13.664	0.0465	0.009	0.741	0.0055	0.000	0.054
13.669	0.0518	0.009	0.745	0.0055	0.001	0.055
13.674	0.0517	0.011	0.731	0.0088	0.001	0.057
13.679	0.0512	0.014	0.738	0.0095	0.000	0.053
13.684	0.0539	0.009	0.725	0.0084	0.001	0.050
13.689	0.0569	0.009	0.737	0.0056	0.000	0.046
13.694	0.0534	0.009	0.728	0.0066	0.000	0.045
13.699	0.0551	0.009	0.732	0.0072	0.000	0.047
13.704	0.0627	0.007	0.727	0.0064	0.000	0.044
13.709	0.0669	0.009	0.725	0.0107	0.000	0.040
13.714	0.0726	0.009	0.734	0.0062	0.000	0.036
13.719	0.0777	0.009	0.723	0.0034	0.000	0.038
13.724	0.0760	0.009	0.733	0.0098	0.000	0.039
13.729	0.0695	0.014	0.724	0.0082	0.000	0.037
13.734	0.0698	0.014	0.743	0.0035	0.000	0.035
13.739	0.0730	0.014	0.736	0.0038	0.000	0.034
13.744	0.0746	0.014	0.741	0.0075	0.000	0.033
13.749	0.0787	0.014	0.740	0.0127	0.000	0.035
13.754	0.0782	0.014	0.738	0.0062	0.000	0.038
13.759	0.0732	0.009	0.763	0.0106	0.000	0.038
13.764	0.0682	0.009	0.746	0.0096	0.000	0.034
13.769	0.0658	0.009	0.748	0.0092	0.000	0.035
13.774	0.0532	0.009	0.745	0.0081	0.000	0.037
13.779	0.0473	0.009	0.765	0.0075	0.000	0.036
13.784	0.0425	0.009	0.754	0.0066	0.000	0.038
13.789	0.0394	0.009	0.743	0.0092	0.000	0.038
13.794	0.0333	0.009	0.728	0.0107	0.000	0.037
13.799	0.0195	0.009	0.733	0.0126	0.000	0.042
13.804	0.0190	0.009	0.724	0.0121	0.000	0.045
13.809	0.0140	0.009	0.729	0.0083	0.000	0.045
13.814	0.0141	0.009	0.731	0.0110	0.000	0.049
13.819	0.0155	0.009	0.702	0.0153	0.000	0.046
13.824	0.0152	0.005	0.717	0.0224	0.000	0.038
13.829	0.0157	0.005	0.669	0.0185	0.000	0.038
13.834	0.0164	0.005	0.657	0.0346	0.000	0.037
13.839	0.0157	0.005	0.591	0.0197	0.000	0.035
13.844	0.0119	0.009	0.496	0.0227	0.000	0.037
13.849	0.0074	0.002	0.482	0.0383	0.000	0.043
13.854	0.0039	0.009	0.527	0.0311	0.000	0.042
13.859	0.0026	0.009	0.601	0.0256	0.000	0.049
13.863	0.0023	0.009	0.609	0.0159	0.000	0.055
13.868	0.0015	0.014	0.743	0.0140	0.000	0.055
13.873	0.0016	0.005	0.741	0.0079	0.000	0.056
13.878	0.0016	0.014	0.727	0.0121	0.000	0.059
13.883	0.0014	0.009	0.712	0.0161	0.000	0.070
13.888	0.0012	0.009	0.698	0.0163	0.000	0.080
13.893	0.0011	0.014	0.637	0.0192	0.000	0.092
13.898	0.0009	0.009	0.577	0.0182	0.000	0.118
13.903	0.0005	0.009	0.556	0.0245	0.001	0.136
13.908	0.0003	0.014	0.510	0.0206	0.001	0.164
13.913	0.0001	0.018	0.580	0.0314	0.001	0.172
13.918	0.0001	0.023	0.551	0.0209	0.002	0.182
13.923	0.0002	0.023	0.497	0.0264	0.002	0.206
13.928	0.0002	0.018	0.516	0.0201	0.003	0.245
13.933	0.0002	0.020	0.572	0.0267	0.004	0.266
13.938	0.0001	0.023	0.653	0.0165	0.003	0.252
13.943	0.0001	0.023	0.608	0.0096	0.005	0.307
13.948	0.0002	0.023	0.556	0.0158	0.009	0.351
13.953	0.0001	0.027	0.605	0.0112	0.012	0.390
13.958	0.0001	0.023	0.490	0.0124	0.031	0.480
13.963	0.0001	0.030	0.503	0.0187	0.038	0.530
13.968	0.0000	0.014	0.660	0.0167	0.023	0.492
13.973	0.0000	0.005	0.678	0.0122	0.019	0.465
13.978	0.0000	0.009	0.635	0.0126	0.020	0.487
13.983	0.0000	0.005	0.616	0.0129	0.019	0.484
13.988	0.0000	0.005	0.564	0.0099	0.028	0.529
13.993	0.0001	0.005	0.492	0.0221	0.030	0.526
13.998	0.0000	0.014	0.501	0.0131	0.055	0.565
14.003	0.0000	0.011	0.458	0.0104	0.245	0.636
14.008	0.0000	0.041	0.342	0.0125	0.314	0.684
14.013	0.0000	0.100	0.233	0.0160	0.170	0.668
14.018	0.0000	0.041	0.191	0.0111	0.208	0.698
14.023	0.0000	0.055	0.194	0.0121	0.170	0.690
14.028	0.0000	0.032	0.311	0.0141	0.154	0.684
14.033	0.0000	0.020	0.456	0.0148	0.117	0.642
14.038	0.0000	0.030	0.518	0.0090	0.125	0.677
14.043	0.0000	0.041	0.520	0.0108	0.125	0.686
14.048	0.0000	0.041	0.531	0.0121	0.085	0.624
14.053	0.0000	0.018	0.475	0.0095	0.127	0.675
14.058	0.0000	0.023	0.396	0.0206	0.123	0.668
14.063	0.0000	0.059	0.396	0.0102	0.119	0.651
14.068	0.0000	0.023	0.223	0.0107	0.228	0.713
14.073	0.0000	0.055	0.139	0.0156	0.168	0.695
14.078	0.0000	0.000	0.128	0.0071	0.183	0.710
14.083	0.0000	0.032	0.099	0.0125	0.471	0.791
14.088	0.0000	0.014	0.082	0.0140	0.279	0.728
14.093	0.0000	0.018	0.176	0.0114	0.203	0.709
14.098	0.0000	0.011	0.293	0.0168	0.190	0.715
14.103	0.0000	0.011	0.158	0.0079	0.137	0.647
14.108	0.0000	0.009	0.057	0.0118	0.266	0.731
14.113	0.0000	0.023	0.118	0.0153	0.674	0.872
14.118	0.0000	0.000	0.167	0.0070	0.727	0.854
14.123	0.0000	0.009	0.111	0.0083	0.776	0.843
14.128	0.0000	0.000	0.100	0.0095	0.729	0.866
14.133	0.0000	0.000	0.064	0.0164	0.538	0.819
14.138	0.0000	0.009	0.122	0.0076	0.278	0.732
14.143	0.0000	0.000	0.132	0.0054	0.273	0.736
14.148	0.0000	0.027	0.043	0.0142	0.262	0.735
14.153	0.0000	0.000	0.071	0.0094	0.284	0.741
14.158	0.0000	0.000	0.100	0.0080	0.475	0.810
14.163	0.0000	0.005	0.100	0.0113	0.558	0.787
14.168	0.0000	0.000	0.199	0.0098	0.600	0.815
14.173	0.0000	0.009	0.087	0.0127	0.642	0.862
14.178	0.0000	0.000	0.113	0.0064	0.528	0.806
14.183	0.0000	0.005	0.113	0.0042	0.536	0.807
14.188	0.0000	0.000	0.000	0.0176	0.620	0.968
14.193	0.0000	0.005	0.000	0.0241	0.598	0.975
14.198	0.0000	0.000	0.000	0.0000	0.000	1.000
14.203	0.0000	0.000	0.000	0.0280	0.250	0.702
14.208	0.0000	0.000	0.254	0.0118	0.329	0.732
14.213	0.0000	0.000	0.124	0.0109	0.294	0.700
14.218	0.0000	0.023	0.086	0.0138	0.416	0.733
14.223	0.0000	0.043	0.130	0.0136	0.460	0.674
14.228	0.0000	0.093	0.176	0.0121	0.725	0.572
14.233	0.0001	0.132	0.149	0.0116	0.799	0.572
14.238	0.0001	0.195	0.215	0.0144	0.807	0.570
14.243	0.0003	0.145	0.164	0.0121	0.798	0.511
14.248	0.0006	0.164	0.185	0.0126	0.819	0.537
14.253	0.0016	0.168	0.154	0.0102	0.824	0.574
14.258	0.0024	0.195	0.217	0.0141	0.877	0.636
14.263	0.0027	0.207	0.150	0.0124	0.913	0.617
14.268	0.0034	0.214	0.137	0.0104	0.914	0.654
14.273	0.0049	0.209	0.121	0.0116	0.875	0.667
14.278	0.0056	0.205	0.127	0.0110	0.882	0.622
14.283	0.0060	0.214	0.132	0.0100	0.845	0.622
14.288	0.0087	0.191	0.122	0.0113	0.807	0.575
14.293	0.0071	0.182	0.123	0.0114	0.787	0.573
14.298	0.0074	0.155	0.140	0.0128	0.801	0.586
14.302	0.0048	0.175	0.118	0.0102	0.708	0.574
14.307	0.0073	0.159	0.099	0.0120	0.570	0.596
14.312	0.0106	0.161	0.111	0.0134	0.515	0.599
14.317	0.0076	0.145	0.086	0.0149	0.527	0.579
14.322	0.0091	0.145	0.330	0.0219	0.276	0.502
14.327	0.0083	0.161	0.470	0.0284	0.051	0.401
14.332	0.0142	0.073	0.613	0.0269	0.010	0.279
14.337	0.0207	0.020	0.678	0.0178	0.002	0.136
14.342	0.0276	0.009	0.648	0.0183	0.001	0.102
14.347	0.0414	0.009	0.709	0.0192	0.000	0.062
14.352	0.0613	0.011	0.723	0.0157	0.000	0.060
14.357	0.0730	0.014	0.726	0.0136	0.000	0.064
14.362	0.0810	0.014	0.726	0.0106	0.001	0.066
14.367	0.0825	0.020	0.737	0.0093	0.001	0.075
14.372	0.0927	0.018	0.734	0.0074	0.002	0.078
14.377	0.1117	0.020	0.727	0.0104	0.002	0.087
14.382	0.1351	0.023	0.725	0.0101	0.001	0.085
14.387	0.1353	0.030	0.713	0.0084	0.002	0.088
14.392	0.1401	0.023	0.728	0.0067	0.003	0.093
14.397	0.1473	0.020	0.723	0.0099	0.003	0.095
14.402	0.1590	0.025	0.731	0.0097	0.002	0.088
14.407	0.1602	0.027	0.730	0.0068	0.002	0.101
14.412	0.1508	0.023	0.702	0.0111	0.002	0.112
14.417	0.1454	0.023	0.701	0.0136	0.002	0.114
14.422	0.1430	0.027	0.733	0.0079	0.002	0.104
14.427	0.1417	0.023	0.746	0.0066	0.002	0.115
14.432	0.1329	0.023	0.727	0.0065	0.003	0.134
14.437	0.1259	0.023	0.707	0.0106	0.003	0.137
14.442	0.1102	0.020	0.730	0.0093	0.003	0.134
14.447	0.0981	0.023	0.698	0.0105	0.003	0.136
14.452	0.0859	0.020	0.587	0.0185	0.003	0.132
14.457	0.0675	0.020	0.552	0.0347	0.002	0.105
14.462	0.0413	0.016	0.674	0.0317	0.001	0.064
14.467	0.0276	0.009	0.728	0.0125	0.001	0.046
14.472	0.0254	0.014	0.737	0.0085	0.001	0.040
14.477	0.0254	0.009	0.745	0.0122	0.000	0.038
14.482	0.0249	0.009	0.710	0.0191	0.000	0.035
14.487	0.0237	0.009	0.712	0.0108	0.000	0.036
14.492	0.0238	0.007	0.659	0.0200	0.000	0.035
14.497	0.0234	0.005	0.590	0.0334	0.000	0.035
14.502	0.0220	0.005	0.656	0.0307	0.000	0.025
14.507	0.0194	0.005	0.722	0.0135	0.000	0.018
14.512	0.0253	0.002	0.702	0.0179	0.000	0.015
14.517	0.0221	0.005	0.663	0.0147	0.000	0.016
14.522	0.0106	0.005	0.623	0.0376	0.000	0.015
14.527	0.0117	0.005	0.621	0.0187	0.000	0.017
14.532	0.0125	0.002	0.666	0.0208	0.000	0.015
14.537	0.0127	0.002	0.694	0.0178	0.000	0.019
14.542	0.0138	0.005	0.612	0.0254	0.000	0.060
14.547	0.0035	0.009	0.450	0.0216	0.008	0.249
14.552	0.0098	0.011	0.566	0.0193	0.015	0.251
14.557	0.0102	0.014	0.584	0.0109	0.026	0.274
14.562	0.0178	0.020	0.583	0.0216	0.017	0.256
14.567	0.0105	0.036	0.618	0.0180	0.010	0.212
14.572	0.0105	0.016	0.661	0.0177	0.009	0.186
14.577	0.0170	0.023	0.657	0.0141	0.006	0.203
14.582	0.0272	0.007	0.675	0.0188	0.003	0.153
14.587	0.0278	0.011	0.679	0.0134	0.001	0.102
14.592	0.0214	0.007	0.674	0.0153	0.001	0.103
14.597	0.0168	0.007	0.674	0.0202	0.001	0.086
14.602	0.0271	0.009	0.694	0.0152	0.000	0.079
14.607	0.0393	0.007	0.695	0.0185	0.000	0.077
14.612	0.0338	0.007	0.663	0.0105	0.000	0.077
14.617	0.0240	0.007	0.563	0.0189	0.001	0.103
14.622	0.0261	0.007	0.614	0.0272	0.001	0.103
14.627	0.0326	0.007	0.617	0.0171	0.000	0.091
14.632	0.0484	0.009	0.647	0.0134	0.000	0.099
14.637	0.0266	0.007	0.657	0.0155	0.001	0.116
14.642	0.0184	0.005	0.666	0.0078	0.001	0.106
14.647	0.0379	0.007	0.647	0.0087	0.001	0.101
14.652	0.0546	0.009	0.649	0.0116	0.001	0.100
14.657	0.0222	0.011	0.624	0.0131	0.001	0.104
14.662	0.0169	0.005	0.633	0.0137	0.001	0.096
14.667	0.0312	0.011	0.594	0.0206	0.001	0.091
14.672	0.0440	0.007	0.641	0.0160	0.001	0.093
14.677	0.0172	0.016	0.632	0.0298	0.001	0.083
14.682	0.0186	0.011	0.565	0.0272	0.001	0.096
14.687	0.0402	0.007	0.653	0.0138	0.001	0.095
14.692	0.0152	0.005	0.636	0.0373	0.001	0.094
14.697	0.0111	0.007	0.608	0.0219	0.001	0.105
14.702	0.0316	0.007	0.644	0.0198	0.001	0.090
14.707	0.0175	0.007	0.649	0.0327	0.001	0.086
14.712	0.0101	0.009	0.551	0.0251	0.001	0.080
14.717	0.0282	0.007	0.585	0.0202	0.001	0.075
14.722	0.0163	0.007	0.610	0.0335	0.001	0.082
14.727	0.0090	0.005	0.517	0.0187	0.000	0.073
14.732	0.0287	0.007	0.658	0.0180	0.000	0.065
14.737	0.0084	0.005	0.588	0.0319	0.000	0.075
14.741	0.0089	0.011	0.472	0.0377	0.000	0.078
14.746	0.0253	0.007	0.347	0.0345	0.001	0.109
14.751	0.0120	0.005	0.457	0.0486	0.001	0.107
14.756	0.0089	0.016	0.508	0.0282	0.001	0.100
14.761	0.0159	0.002	0.533	0.0412	0.001	0.099
14.766	0.0026	0.025	0.441	0.0402	0.001	0.114
14.771	0.0142	0.014	0.490	0.0277	0.001	0.123
14.776	0.0036	0.016	0.468	0.0265	0.001	0.134
14.781	0.0119	0.007	0.467	0.0288	0.001	0.133
14.786	0.0070	0.002	0.471	0.0398	0.001	0.116
14.791	0.0073	0.007	0.487	0.0462	0.001	0.106
14.796	0.0042	0.007	0.495	0.0224	0.001	0.115
14.801	0.0048	0.002	0.540	0.0418	0.001	0.098
14.806	0.0023	0.007	0.497	0.0454	0.000	0.098
14.811	0.0022	0.002	0.484	0.0143	0.000	0.097
14.816	0.0020	0.002	0.431	0.0266	0.000	0.096
14.821	0.0021	0.005	0.347	0.0375	0.000	0.101
14.826	0.0024	0.011	0.178	0.0794	0.001	0.112
14.831	0.0018	0.002	0.235	0.0876	0.001	0.122
14.836	0.0003	0.002	0.469	0.0545	0.000	0.143
14.841	0.0005	0.007	0.621	0.0513	0.000	0.131
14.846	0.0005	0.005	0.615	0.0312	0.000	0.124
14.851	0.0009	0.007	0.539	0.0220	0.000	0.149
14.856	0.0004	0.005	0.355	0.0378	0.002	0.245
14.861	0.0002	0.007	0.253	0.0313	0.001	0.231
14.866	0.0002	0.005	0.411	0.0209	0.001	0.214
14.871	0.0004	0.005	0.626	0.0246	0.001	0.198
14.876	0.0004	0.007	0.468	0.0180	0.002	0.258
14.881	0.0003	0.009	0.357	0.0268	0.003	0.294
14.886	0.0003	0.011	0.214	0.0552	0.021	0.450
14.891	0.0001	0.023	0.377	0.0302	0.031	0.453
14.896	0.0001	0.007	0.225	0.0468	0.029	0.412
14.901	0.0001	0.030	0.346	0.0355	0.014	0.350
14.906	0.0001	0.023	0.114	0.0950	0.005	0.236
14.911	0.0006	0.002	0.353	0.0397	0.002	0.140
14.916	0.0005	0.002	0.495	0.0217	0.002	0.172
14.921	0.0034	0.005	0.581	0.0226	0.002	0.188
14.926	0.0037	0.007	0.604	0.0154	0.003	0.204
14.931	0.0067	0.005	0.621	0.0192	0.003	0.209
14.936	0.0133	0.002	0.531	0.0229	0.004	0.197
14.941	0.0102	0.005	0.476	0.0379	0.002	0.170
14.946	0.0096	0.005	0.611	0.0205	0.001	0.108
14.951	0.0111	0.014	0.632	0.0244	0.001	0.095
14.956	0.0331	0.011	0.689	0.0121	0.001	0.083
14.961	0.0401	0.009	0.720	0.0107	0.001	0.074
14.966	0.0679	0.009	0.715	0.0162	0.002	0.072
14.971	0.0876	0.009	0.725	0.0116	0.002	0.075
14.976	0.0969	0.009	0.744	0.0080	0.002	0.059
14.981	0.0995	0.009	0.754	0.0082	0.001	0.059
14.986	0.1042	0.009	0.751	0.0166	0.001	0.069
14.991	0.1080	0.009	0.756	0.0143	0.001	0.063
14.996	0.1032	0.009	0.772	0.0115	0.002	0.065
15.001	0.0932	0.009	0.759	0.0079	0.003	0.066
15.006	0.0765	0.014	0.726	0.0081	0.003	0.068
15.011	0.0586	0.009	0.681	0.0123	0.004	0.088
15.016	0.0419	0.009	0.622	0.0189	0.005	0.118
15.021	0.0305	0.009	0.638	0.0149	0.006	0.147
15.026	0.0229	0.009	0.608	0.0109	0.028	0.261
15.031	0.0264	0.005	0.599	0.0148	0.083	0.342
15.036	0.0308	0.023	0.419	0.0109	0.286	0.465
15.041	0.0247	0.055	0.357	0.0108	0.432	0.461
15.046	0.0144	0.057	0.320	0.0108	0.531	0.489
15.051	0.0143	0.105	0.257	0.0118	0.610	0.517
15.056	0.0186	0.130	0.189	0.0128	0.828	0.520
15.061	0.0146	0.168	0.119	0.0126	0.936	0.515
15.066	0.0137	0.209	0.140	0.0095	0.948	0.559
15.071	0.0132	0.200	0.180	0.0113	0.943	0.591
15.076	0.0124	0.200	0.135	0.0109	0.944	0.576
15.081	0.0100	0.198	0.152	0.0118	0.926	0.570
15.086	0.0139	0.166	0.111	0.0120	0.906	0.572
15.091	0.0092	0.180	0.114	0.0130	0.920	0.563
15.096	0.0094	0.198	0.124	0.0133	0.926	0.569
15.101	0.0123	0.195	0.170	0.0142	0.938	0.564
15.106	0.0106	0.195	0.166	0.0107	0.952	0.574
15.111	0.0122	0.170	0.144	0.0131	0.923	0.581
15.116	0.0106	0.195	0.119	0.0108	0.924	0.581
15.121	0.0113	0.177	0.142	0.0104	0.917	0.576
15.126	0.0098	0.164	0.201	0.0211	0.537	0.533
15.131	0.0076	0.155	0.413	0.0380	0.114	0.411
15.136	0.0063	0.082	0.627	0.0466	0.005	0.197
15.141	0.0104	0.039	0.748	0.0324	0.001	0.115
15.146	0.0206	0.011	0.807	0.0102	0.000	0.083
15.151	0.0307	0.011	0.717	0.0133	0.001	0.090
15.156	0.0274	0.011	0.657	0.0253	0.002	0.109
15.161	0.0149	0.009	0.687	0.0192	0.001	0.113
15.166	0.0111	0.016	0.756	0.0171	0.001	0.106
15.171	0.0143	0.018	0.732	0.0121	0.001	0.107
15.176	0.0220	0.018	0.703	0.0200	0.002	0.097
15.180	0.0198	0.016	0.723	0.0197	0.003	0.086
15.185	0.0182	0.016	0.649	0.0144	0.003	0.084
15.190	0.0235	0.016	0.546	0.0378	0.003	0.074
15.195	0.0351	0.016	0.537	0.0452	0.001	0.060
15.200	0.0572	0.016	0.457	0.0350	0.001	0.054
15.205	0.0707	0.014	0.638	0.0209	0.001	0.055
15.210	0.0863	0.018	0.655	0.0147	0.001	0.059
15.215	0.0884	0.011	0.675	0.0156	0.001	0.059
15.220	0.0620	0.014	0.726	0.0105	0.001	0.056
15.225	0.0693	0.016	0.738	0.0077	0.001	0.055
15.230	0.0883	0.016	0.707	0.0099	0.001	0.063
15.235	0.1049	0.023	0.743	0.0132	0.000	0.056
15.240	0.0908	0.018	0.726	0.0061	0.000	0.047
15.245	0.0848	0.016	0.704	0.0116	0.000	0.051
15.250	0.0684	0.016	0.718	0.0135	0.000	0.056
15.255	0.0535	0.014	0.591	0.0167	0.001	0.055
15.260	0.0877	0.011	0.600	0.0178	0.001	0.075
15.265	0.0853	0.014	0.551	0.0255	0.003	0.189
15.270	0.0632	0.014	0.570	0.0163	0.014	0.317
15.275	0.0405	0.009	0.582	0.0085	0.041	0.449
15.280	0.0198	0.034	0.440	0.0110	0.095	0.538
15.285	0.0154	0.023	0.415	0.0104	0.270	0.622
15.290	0.0116	0.105	0.369	0.0085	0.425	0.655
15.295	0.0150	0.127	0.215	0.0108	0.644	0.663
15.300	0.0105	0.170	0.118	0.0110	0.767	0.675
15.305	0.0111	0.202	0.102	0.0122	0.858	0.664
15.310	0.0106	0.200	0.136	0.0105	0.850	0.660
15.315	0.0128	0.211	0.106	0.0121	0.899	0.651
15.320	0.0118	0.214	0.135	0.0094	0.927	0.617
15.325	0.0167	0.211	0.126	0.0108	0.901	0.650
15.330	0.0144	0.232	0.093	0.0118	0.888	0.655
15.335	0.0110	0.227	0.138	0.0129	0.903	0.634
15.340	0.0105	0.230	0.131	0.0099	0.890	0.609
15.345	0.0171	0.209	0.111	0.0102	0.824	0.647
15.350	0.0120	0.209	0.121	0.0112	0.771	0.659
15.355	0.0118	0.205	0.152	0.0117	0.652	0.658
15.360	0.0094	0.198	0.165	0.0102	0.569	0.638
15.365	0.0103	0.191	0.166	0.0120	0.554	0.637
15.370	0.0100	0.159	0.178	0.0255	0.282	0.561
15.375	0.0075	0.173	0.501	0.0286	0.042	0.369
15.380	0.0088	0.064	0.612	0.0262	0.010	0.247
15.385	0.0097	0.023	0.644	0.0203	0.002	0.147
15.390	0.0213	0.014	0.700	0.0166	0.001	0.100
15.395	0.0371	0.014	0.710	0.0148	0.000	0.057
15.400	0.0551	0.011	0.720	0.0119	0.000	0.049
15.405	0.0635	0.014	0.726	0.0124	0.000	0.046
15.410	0.0715	0.014	0.718	0.0108	0.000	0.045
15.415	0.0768	0.009	0.705	0.0161	0.000	0.037
15.420	0.0758	0.009	0.712	0.0149	0.000	0.033
15.425	0.0670	0.014	0.738	0.0075	0.000	0.039
15.430	0.0471	0.011	0.708	0.0059	0.000	0.038
15.435	0.0315	0.014	0.704	0.0093	0.000	0.039
15.440	0.0498	0.011	0.689	0.0112	0.000	0.040
15.445	0.0555	0.018	0.682	0.0089	0.000	0.035
15.450	0.0691	0.016	0.726	0.0098	0.000	0.039
15.455	0.0928	0.020	0.710	0.0086	0.000	0.041
15.460	0.1070	0.014	0.732	0.0107	0.000	0.035
15.465	0.1096	0.011	0.738	0.0081	0.000	0.033
15.470	0.0874	0.011	0.715	0.0079	0.000	0.034
15.475	0.0594	0.011	0.718	0.0094	0.000	0.036
15.480	0.0406	0.014	0.680	0.0114	0.000	0.035
15.485	0.0523	0.011	0.685	0.0091	0.000	0.033
15.490	0.0645	0.011	0.721	0.0081	0.000	0.028
15.495	0.0725	0.014	0.692	0.0114	0.000	0.035
15.500	0.0971	0.011	0.732	0.0131	0.000	0.035
15.505	0.1069	0.014	0.732	0.0082	0.000	0.035
15.510	0.1023	0.009	0.721	0.0099	0.000	0.034
15.515	0.0651	0.014	0.722	0.0096	0.000	0.032
15.520	0.0496	0.016	0.691	0.0129	0.000	0.032
15.525	0.0443	0.016	0.682	0.0173	0.000	0.034
15.530	0.0540	0.014	0.684	0.0145	0.000	0.038
15.535	0.0570	0.011	0.691	0.0177	0.000	0.045
15.540	0.0650	0.014	0.689	0.0127	0.000	0.038
15.545	0.0740	0.011	0.698	0.0193	0.000	0.051
15.550	0.0785	0.011	0.697	0.0163	0.000	0.051
15.555	0.0725	0.011	0.606	0.0228	0.000	0.052
15.560	0.0531	0.011	0.475	0.0217	0.000	0.066
15.565	0.0432	0.011	0.334	0.0175	0.001	0.088
15.570	0.0223	0.018	0.443	0.0248	0.002	0.101
15.575	0.0218	0.016	0.590	0.0164	0.003	0.109
15.580	0.0239	0.014	0.449	0.0195	0.004	0.122
15.585	0.0167	0.016	0.570	0.0234	0.005	0.134
15.590	0.0124	0.025	0.620	0.0125	0.006	0.123
15.595	0.0139	0.020	0.308	0.0354	0.003	0.101
15.600	0.0207	0.018	0.507	0.0268	0.002	0.095
15.605	0.0234	0.030	0.651	0.0128	0.002	0.093
15.610	0.0451	0.025	0.647	0.0102	0.002	0.087
15.615	0.0561	0.032	0.614	0.0134	0.002	0.091
15.620	0.0438	0.014	0.598	0.0136	0.003	0.093
15.624	0.0264	0.016	0.593	0.0134	0.004	0.093
15.629	0.0425	0.016	0.615	0.0114	0.005	0.101
15.634	0.0580	0.011	0.587	0.0169	0.003	0.085
15.639	0.1000	0.025	0.620	0.0190	0.002	0.074
15.644	0.1068	0.014	0.570	0.0156	0.002	0.073
15.649	0.0480	0.025	0.406	0.0192	0.002	0.090
15.654	0.0307	0.011	0.439	0.0230	0.002	0.116
15.659	0.0320	0.016	0.468	0.0323	0.001	0.116
15.664	0.0304	0.007	0.651	0.0450	0.000	0.060
15.669	0.0217	0.005	0.656	0.0246	0.000	0.028
15.674	0.0070	0.009	0.652	0.0321	0.000	0.023
15.679	0.0113	0.007	0.670	0.0249	0.000	0.021
15.684	0.0171	0.005	0.667	0.0110	0.000	0.017
15.689	0.0167	0.005	0.656	0.0118	0.000	0.015
15.694	0.0144	0.002	0.645	0.0175	0.000	0.014
15.699	0.0042	0.009	0.629	0.0126	0.000	0.015
15.704	0.0137	0.007	0.619	0.0171	0.000	0.017
15.709	0.0114	0.007	0.622	0.0192	0.000	0.017
15.714	0.0080	0.005	0.617	0.0367	0.000	0.018
15.719	0.0052	0.002	0.585	0.0240	0.000	0.030
15.724	0.0106	0.009	0.434	0.0336	0.002	0.119
15.729	0.0089	0.007	0.400	0.0184	0.004	0.141
15.734	0.0040	0.025	0.418	0.0295	0.002	0.137
15.739	0.0121	0.018	0.464	0.0218	0.001	0.123
15.744	0.0136	0.011	0.490	0.0231	0.001	0.100
15.749	0.0080	0.014	0.528	0.0218	0.001	0.107
15.754	0.0109	0.002	0.651	0.0165	0.001	0.110
15.759	0.0219	0.014	0.691	0.0093	0.001	0.116
15.764	0.0517	0.009	0.669	0.0192	0.001	0.107
15.769	0.0487	0.016	0.675	0.0162	0.000	0.082
15.774	0.0369	0.007	0.707	0.0111	0.000	0.056
15.779	0.0365	0.007	0.665	0.0101	0.000	0.056
15.784	0.0393	0.009	0.601	0.0227	0.000	0.042
15.789	0.0388	0.007	0.658	0.0156	0.000	0.038
15.794	0.0500	0.009	0.670	0.0147	0.000	0.039
15.799	0.0585	0.009	0.713	0.0115	0.000	0.041
15.804	0.0912	0.009	0.704	0.0113	0.000	0.054
15.809	0.1080	0.011	0.710	0.0118	0.000	0.055
15.814	0.1176	0.014	0.661	0.0153	0.000	0.061
15.819	0.1253	0.018	0.694	0.0140	0.000	0.058
15.824	0.1279	0.023	0.735	0.0090	0.000	0.064
15.829	0.1504	0.020	0.728	0.0093	0.001	0.063
15.834	0.1596	0.018	0.724	0.0106	0.001	0.072
15.839	0.1545	0.020	0.729	0.0072	0.001	0.073
15.844	0.1152	0.018	0.739	0.0064	0.001	0.075
15.849	0.0898	0.018	0.732	0.0055	0.001	0.078
15.854	0.0780	0.016	0.704	0.0100	0.001	0.073
15.859	0.0789	0.018	0.666	0.0102	0.001	0.079
15.864	0.0888	0.016	0.661	0.0182	0.002	0.079
15.869	0.0721	0.014	0.609	0.0127	0.003	0.093
15.874	0.0796	0.020	0.558	0.0160	0.002	0.089
15.879	0.0439	0.018	0.614	0.0133	0.002	0.105
15.884	0.0564	0.018	0.360	0.0125	0.017	0.232
15.889	0.0768	0.020	0.310	0.0127	0.070	0.371
15.894	0.0371	0.023	0.306	0.0108	0.290	0.470
15.899	0.0191	0.064	0.266	0.0114	0.459	0.482
15.904	0.0212	0.102	0.231	0.0100	0.698	0.496
15.909	0.0168	0.141	0.177	0.0117	0.789	0.515
15.914	0.0194	0.159	0.142	0.0113	0.872	0.544
15.919	0.0193	0.180	0.194	0.0118	0.865	0.556
15.924	0.0164	0.184	0.157	0.0103	0.894	0.600
15.929	0.0193	0.173	0.140	0.0124	0.930	0.582
15.934	0.0189	0.195	0.131	0.0122	0.933	0.588
15.939	0.0144	0.198	0.115	0.0121	0.954	0.568
15.944	0.0163	0.202	0.112	0.0116	0.951	0.593
15.949	0.0223	0.175	0.101	0.0117	0.920	0.592
15.954	0.0130	0.182	0.132	0.0120	0.890	0.614
15.959	0.0160	0.175	0.116	0.0124	0.919	0.586
15.964	0.0136	0.184	0.144	0.0118	0.957	0.550
15.969	0.0161	0.170	0.136	0.0130	0.961	0.572
15.974	0.0164	0.173	0.152	0.0117	0.962	0.594
15.979	0.0168	0.177	0.117	0.0111	0.965	0.570
15.984	0.0145	0.164	0.098	0.0127	0.972	0.539
15.989	0.0174	0.182	0.150	0.0100	0.975	0.533
15.994	0.0144	0.191	0.129	0.0113	0.971	0.539
15.999	0.0140	0.173	0.138	0.0118	0.970	0.518
16.004	0.0132	0.152	0.115	0.0151	0.910	0.495
16.009	0.0102	0.164	0.257	0.0230	0.581	0.428
16.014	0.0067	0.150	0.449	0.0384	0.059	0.286
16.019	0.0112	0.041	0.510	0.0308	0.018	0.212
16.024	0.0115	0.020	0.623	0.0164	0.006	0.124
16.029	0.0112	0.011	0.631	0.0200	0.004	0.092
16.034	0.0181	0.007	0.628	0.0142	0.002	0.076
16.039	0.0433	0.007	0.640	0.0169	0.001	0.067
16.044	0.0329	0.009	0.656	0.0086	0.001	0.070
16.049	0.0156	0.014	0.662	0.0088	0.001	0.082
16.054	0.0290	0.009	0.649	0.0086	0.001	0.082
16.059	0.0604	0.011	0.648	0.0145	0.001	0.082
16.063	0.0288	0.009	0.652	0.0129	0.001	0.078
16.068	0.0246	0.009	0.637	0.0125	0.000	0.071
16.073	0.0278	0.011	0.536	0.0300	0.000	0.064
16.078	0.0472	0.009	0.616	0.0272	0.000	0.065
16.083	0.0160	0.009	0.611	0.0418	0.000	0.078
16.088	0.0155	0.014	0.536	0.0232	0.001	0.110
16.093	0.0330	0.009	0.622	0.0141	0.002	0.152
16.098	0.0067	0.005	0.599	0.0213	0.003	0.202
16.103	0.0117	0.007	0.515	0.0261	0.006	0.274
16.108	0.0233	0.009	0.650	0.0261	0.007	0.262
16.113	0.0043	0.025	0.583	0.0156	0.013	0.269
16.118	0.0150	0.050	0.534	0.0098	0.013	0.304
16.123	0.0171	0.014	0.562	0.0225	0.023	0.392
16.128	0.0028	0.093	0.481	0.0085	0.059	0.467
16.133	0.0093	0.057	0.514	0.0106	0.084	0.495
16.138	0.0046	0.055	0.393	0.0085	0.146	0.536
16.143	0.0084	0.123	0.444	0.0092	0.174	0.582
16.148	0.0070	0.023	0.380	0.0111	0.208	0.584
16.153	0.0053	0.116	0.290	0.0111	0.278	0.617
16.158	0.0065	0.086	0.320	0.0125	0.361	0.606
16.163	0.0051	0.098	0.220	0.0106	0.502	0.615
16.168	0.0071	0.152	0.229	0.0114	0.509	0.638
16.173	0.0051	0.134	0.167	0.0103	0.638	0.668
16.178	0.0042	0.157	0.144	0.0101	0.690	0.680
16.183	0.0049	0.159	0.113	0.0113	0.685	0.698
16.188	0.0044	0.159	0.137	0.0099	0.700	0.699
16.193	0.0042	0.193	0.130	0.0109	0.635	0.648
16.198	0.0051	0.180	0.120	0.0091	0.686	0.659
16.203	0.0052	0.168	0.186	0.0097	0.721	0.685
16.208	0.0050	0.193	0.176	0.0096	0.717	0.663
16.213	0.0051	0.180	0.144	0.0101	0.683	0.667
16.218	0.0043	0.180	0.151	0.0116	0.715	0.678
16.223	0.0039	0.209	0.114	0.0107	0.768	0.659
16.228	0.0038	0.173	0.144	0.0103	0.761	0.675
16.233	0.0039	0.202	0.115	0.0106	0.784	0.683
16.238	0.0038	0.193	0.094	0.0116	0.819	0.657
16.243	0.0030	0.202	0.165	0.0137	0.715	0.631
16.248	0.0027	0.189	0.157	0.0100	0.590	0.603
16.253	0.0028	0.164	0.170	0.0122	0.513	0.616
16.258	0.0038	0.152	0.121	0.0127	0.490	0.619
16.263	0.0025	0.145	0.147	0.0119	0.494	0.603
16.268	0.0021	0.127	0.124	0.0116	0.542	0.626
16.273	0.0017	0.143	0.220	0.0142	0.476	0.570
16.278	0.0017	0.127	0.197	0.0129	0.447	0.517
16.283	0.0016	0.116	0.210	0.0145	0.434	0.478
16.288	0.0014	0.086	0.200	0.0152	0.359	0.448
16.293	0.0009	0.105	0.207	0.0135	0.316	0.432
16.298	0.0010	0.080	0.173	0.0209	0.205	0.419
16.303	0.0006	0.089	0.381	0.0135	0.148	0.382
16.308	0.0005	0.089	0.382	0.0112	0.162	0.390
16.313	0.0002	0.084	0.390	0.0218	0.055	0.379
16.318	0.0002	0.070	0.524	0.0154	0.046	0.381
16.323	0.0002	0.066	0.349	0.0121	0.056	0.457
16.328	0.0001	0.064	0.350	0.0135	0.075	0.522
16.333	0.0001	0.050	0.337	0.0161	0.094	0.599
16.338	0.0000	0.034	0.307	0.0104	0.116	0.650
16.343	0.0000	0.050	0.313	0.0103	0.347	0.764
16.348	0.0000	0.039	0.141	0.0109	0.543	0.807
16.353	0.0000	0.050	0.125	0.0080	0.540	0.818
16.358	0.0000	0.041	0.126	0.0089	0.572	0.830
16.363	0.0000	0.064	0.125	0.0101	0.615	0.825
16.368	0.0000	0.005	0.100	0.0085	0.631	0.816
16.373	0.0000	0.041	0.103	0.0093	0.695	0.838
16.378	0.0000	0.023	0.084	0.0078	0.749	0.854
16.383	0.0000	0.005	0.114	0.0090	0.724	0.826
16.388	0.0000	0.000	0.100	0.0081	0.746	0.845
16.393	0.0000	0.009	0.059	0.0077	0.617	0.830
16.398	0.0000	0.000	0.097	0.0050	0.680	0.836
16.403	0.0000	0.041	0.100	0.0092	0.781	0.845
16.408	0.0000	0.014	0.111	0.0109	0.805	0.863
16.413	0.0000	0.000	0.499	0.0037	0.822	0.994
16.418	0.0000	0.000	0.000	0.0007	0.820	0.996
16.423	0.0000	0.000	0.000	0.0214	0.144	0.895
16.428	0.0000	0.000	0.000	0.0003	0.820	0.997
16.433	0.0000	0.000	0.000	0.0000	0.821	0.999
16.438	0.0000	0.005	0.000	0.0069	0.820	0.973
16.443	0.0000	0.000	0.000	0.0014	0.821	0.999
16.448	0.0000	0.000	0.000	0.0002	0.821	0.999
16.453	0.0000	0.000	0.000	0.0052	0.760	0.981
16.458	0.0000	0.000	0.000	0.0005	0.821	0.999
16.463	0.0000	0.000	0.000	0.0002	0.821	0.999
16.468	0.0000	0.000	0.000	0.0025	0.815	1.000
16.473	0.0000	0.000	0.000	0.0000	0.000	1.000
16.478	0.0000	0.000	0.000	0.0000	0.000	1.000
16.483	0.0000	0.000	0.000	0.0000	0.000	1.000
16.488	0.0000	0.000	0.000	0.0000	0.000	1.000
16.493	0.0000	0.000	0.000	0.0000	0.000	1.000
16.498	0.0000	0.000	0.000	0.0000	0.000	1.000
16.502	0.0000	0.000	0.000	0.0000	0.000	1.000
16.507	0.0000	0.000	0.000	0.0041	0.809	0.999
16.512	0.0000	0.000	0.000	0.0003	0.821	0.999
16.517	0.0000	0.000	0.000	0.0002	0.821	0.999
16.522	0.0000	0.005	0.056	0.0138	0.222	0.758
16.527	0.0000	0.000	0.006	0.0032	0.214	0.762
16.532	0.0000	0.000	0.216	0.0103	0.356	0.768
16.537	0.0000	0.018	0.101	0.0198	0.265	0.734
16.542	0.0000	0.000	0.239	0.0122	0.159	0.650
16.547	0.0000	0.018	0.267	0.0118	0.145	0.675
16.552	0.0000	0.018	0.276	0.0135	0.117	0.643
16.557	0.0000	0.005	0.167	0.0139	0.140	0.635
16.562	0.0000	0.027	0.229	0.0164	0.135	0.637
16.567	0.0000	0.025	0.211	0.0122	0.090	0.613
16.572	0.0000	0.034	0.177	0.0151	0.103	0.614
16.577	0.0000	0.032	0.280	0.0158	0.115	0.642
16.582	0.0000	0.011	0.325	0.0221	0.075	0.598
16.587	0.0000	0.057	0.220	0.0204	0.049	0.554
16.592	0.0000	0.025	0.209	0.0164	0.061	0.555
16.597	0.0000	0.025	0.188	0.0154	0.089	0.574
16.602	0.0000	0.041	0.258	0.0203	0.084	0.559
16.607	0.0000	0.041	0.263	0.0139	0.083	0.553
16.612	0.0000	0.023	0.351	0.0180	0.064	0.525
16.617	0.0000	0.043	0.295	0.0222	0.028	0.453
16.622	0.0000	0.030	0.302	0.0117	0.032	0.451
16.627	0.0001	0.032	0.322	0.0154	0.045	0.489
16.632	0.0001	0.032	0.292	0.0148	0.038	0.500
16.637	0.0000	0.018	0.169	0.0174	0.046	0.509
16.642	0.0000	0.018	0.210	0.0149	0.052	0.473
16.647	0.0001	0.032	0.221	0.0132	0.046	0.479
16.652	0.0000	0.032	0.253	0.0138	0.056	0.516
16.657	0.0000	0.036	0.219	0.0168	0.058	0.503
16.662	0.0000	0.045	0.270	0.0155	0.067	0.512
16.667	0.0000	0.041	0.294	0.0127	0.073	0.501
16.672	0.0000	0.036	0.277	0.0157	0.080	0.521
16.677	0.0001	0.039	0.231	0.0164	0.092	0.502
16.682	0.0000	0.052	0.195	0.0123	0.120	0.482
16.687	0.0001	0.043	0.208	0.0150	0.129	0.488
16.692	0.0001	0.043	0.135	0.0226	0.136	0.489
16.697	0.0000	0.050	0.192	0.0188	0.139	0.465
16.702	0.0001	0.068	0.212	0.0187	0.057	0.441
16.707	0.0001	0.039	0.266	0.0155	0.053	0.466
16.712	0.0001	0.025	0.215	0.0171	0.050	0.489
16.717	0.0000	0.048	0.195	0.0199	0.052	0.492
16.722	0.0001	0.030	0.251	0.0165	0.058	0.482
16.727	0.0001	0.041	0.327	0.0128	0.075	0.492
16.732	0.0000	0.025	0.294	0.0157	0.082	0.497
16.737	0.0000	0.041	0.182	0.0145	0.079	0.513
16.742	0.0000	0.030	0.319	0.0174	0.061	0.514
16.747	0.0000	0.043	0.181	0.0137	0.075	0.532
16.752	0.0000	0.034	0.259	0.0118	0.099	0.551
16.757	0.0000	0.030	0.224	0.0145	0.086	0.558
16.762	0.0000	0.041	0.230	0.0116	0.131	0.619
16.767	0.0000	0.030	0.167	0.0133	0.191	0.636
16.772	0.0000	0.066	0.221	0.0135	0.120	0.592
16.777	0.0000	0.043	0.240	0.0101	0.128	0.599
16.782	0.0000	0.045	0.155	0.0128	0.230	0.671
16.787	0.0000	0.041	0.240	0.0188	0.192	0.661
16.792	0.0000	0.043	0.273	0.0130	0.117	0.603
16.797	0.0000	0.039	0.338	0.0125	0.104	0.581
16.802	0.0000	0.032	0.381	0.0129	0.085	0.600
16.807	0.0000	0.027	0.341	0.0130	0.081	0.581
16.812	0.0000	0.020	0.261	0.0101	0.165	0.606
16.817	0.0000	0.034	0.192	0.0127	0.220	0.621
16.822	0.0000	0.050	0.167	0.0116	0.204	0.615
16.827	0.0000	0.043	0.154	0.0122	0.236	0.632
16.832	0.0000	0.048	0.178	0.0162	0.237	0.596
16.837	0.0000	0.059	0.184	0.0133	0.164	0.577
16.842	0.0000	0.039	0.194	0.0116	0.181	0.628
16.847	0.0000	0.034	0.152	0.0135	0.203	0.656
16.852	0.0000	0.032	0.269	0.0121	0.257	0.681
16.857	0.0000	0.068	0.206	0.0135	0.205	0.681
16.862	0.0000	0.027	0.143	0.0112	0.208	0.667
16.867	0.0000	0.032	0.154	0.0145	0.203	0.673
16.872	0.0000	0.023	0.263	0.0136	0.144	0.649
16.877	0.0000	0.045	0.373	0.0143	0.119	0.626
16.882	0.0000	0.027	0.268	0.0116	0.141	0.652
16.887	0.0000	0.018	0.143	0.0138	0.187	0.681
16.892	0.0000	0.032	0.176	0.0142	0.175	0.672
16.897	0.0000	0.023	0.174	0.0152	0.135	0.648
16.902	0.0000	0.036	0.205	0.0128	0.123	0.595
16.907	0.0000	0.020	0.136	0.0157	0.135	0.610
16.912	0.0000	0.020	0.197	0.0119	0.171	0.630
16.917	0.0000	0.018	0.149	0.0111	0.217	0.711
16.922	0.0000	0.036	0.205	0.0120	0.190	0.685
16.927	0.0000	0.020	0.167	0.0099	0.274	0.716
16.932	0.0000	0.007	0.036	0.0074	0.278	0.746
16.937	0.0000	0.018	0.015	0.0477	0.233	0.826
16.941	0.0000	0.000	0.005	0.0277	0.065	0.603
16.946	0.0000	0.005	0.183	0.0298	0.034	0.551
16.951	0.0000	0.000	0.200	0.0092	0.030	0.557
16.956	0.0000	0.009	0.169	0.0139	0.111	0.692
16.961	0.0000	0.000	0.137	0.0213	0.347	0.783
16.966	0.0000	0.100	0.015	0.0075	0.442	0.802
16.971	0.0000	0.000	0.046	0.0203	0.677	0.967
16.976	0.0000	0.000	0.000	0.0001	0.821	0.999
16.981	0.0000	0.000	0.000	0.0130	0.736	0.989
16.986	0.0000	0.000	0.000	0.0000	0.000	1.000
16.991	0.0000	0.000	0.000	0.0000	0.000	1.000
16.996	0.0000	0.000	0.000	0.0000	0.000	1.000
17.001	0.0000	0.000	0.000	0.0000	0.000	1.000
17.006	0.0000	0.000	0.000	0.0000	0.000	1.000
17.011	0.0000	0.000	0.000	0.0000	0.000	1.000
17.016	0.0000	0.000	0.000	0.0000	0.000	1.000
17.021	0.0000	0.000	0.000	0.0000	0.000	1.000
17.026	0.0000	0.000	0.000	0.0000	0.000	1.000
17.031	0.0000	0.000	0.000	0.0000	0.000	1.000
17.036	0.0000	0.000	0.000	0.0000	0.000	1.000
17.041	0.0000	0.000	0.000	0.0000	0.000	1.000
17.046	0.0000	0.000	0.000	0.0000	0.000	1.000
17.051	0.0000	0.000	0.008	0.0790	0.031	0.420
17.056	0.0000	0.000	0.223	0.0248	0.051	0.376
17.061	0.0000	0.000	0.092	0.0574	0.020	0.182
17.066	0.0000	0.016	0.333	0.0265	0.005	0.137
17.071	0.0003	0.036	0.379	0.0173	0.003	0.141
17.076	0.0111	0.025	0.405	0.0294	0.003	0.145
17.081	0.0352	0.014	0.530	0.0174	0.003	0.122
17.086	0.0326	0.016	0.542	0.0220	0.002	0.100
17.091	0.0448	0.018	0.592	0.0124	0.003	0.099
17.096	0.0699	0.016	0.682	0.0080	0.005	0.105
17.101	0.1011	0.016	0.631	0.0125	0.005	0.104
17.106	0.1535	0.032	0.618	0.0153	0.006	0.108
17.111	0.1578	0.020	0.720	0.0093	0.006	0.106
17.116	0.1050	0.023	0.706	0.0068	0.004	0.096
17.121	0.0759	0.025	0.648	0.0078	0.004	0.095
17.126	0.1215	0.025	0.604	0.0176	0.004	0.086
17.131	0.1302	0.025	0.693	0.0094	0.005	0.085
17.136	0.1430	0.020	0.718	0.0076	0.004	0.080
17.141	0.1782	0.023	0.715	0.0049	0.006	0.093
17.146	0.1537	0.025	0.714	0.0081	0.005	0.097
17.151	0.2005	0.034	0.721	0.0086	0.004	0.089
17.156	0.2010	0.030	0.727	0.0077	0.003	0.084
17.161	0.1744	0.032	0.739	0.0058	0.003	0.072
17.166	0.1625	0.034	0.729	0.0061	0.003	0.073
17.171	0.1485	0.039	0.688	0.0056	0.004	0.086
17.176	0.0807	0.039	0.658	0.0164	0.003	0.097
17.181	0.0693	0.032	0.707	0.0065	0.004	0.090
17.186	0.0871	0.027	0.687	0.0051	0.005	0.106
17.191	0.0850	0.030	0.672	0.0059	0.008	0.125
17.196	0.0926	0.030	0.611	0.0115	0.008	0.119
17.201	0.1069	0.027	0.649	0.0096	0.008	0.105
17.206	0.1059	0.030	0.720	0.0068	0.007	0.114
17.211	0.1296	0.032	0.708	0.0086	0.006	0.110
17.216	0.1139	0.020	0.672	0.0127	0.005	0.112
17.221	0.0930	0.023	0.670	0.0116	0.005	0.103
17.226	0.0549	0.032	0.605	0.0120	0.005	0.115
17.231	0.0452	0.023	0.450	0.0235	0.004	0.101
17.236	0.0297	0.027	0.433	0.0358	0.002	0.085
17.241	0.0260	0.020	0.620	0.0255	0.000	0.052
17.246	0.0449	0.009	0.717	0.0108	0.000	0.042
17.251	0.0439	0.009	0.686	0.0078	0.000	0.058
17.256	0.0237	0.009	0.630	0.0180	0.002	0.121
17.261	0.0172	0.009	0.617	0.0140	0.002	0.127
17.266	0.0211	0.011	0.655	0.0331	0.001	0.101
17.271	0.0212	0.027	0.668	0.0126	0.002	0.130
17.276	0.0413	0.007	0.690	0.0180	0.002	0.129
17.281	0.0375	0.009	0.705	0.0196	0.001	0.114
17.286	0.0284	0.011	0.683	0.0135	0.001	0.107
17.291	0.0264	0.007	0.688	0.0095	0.001	0.083
17.296	0.0222	0.009	0.682	0.0187	0.001	0.081
17.301	0.0291	0.007	0.540	0.0222	0.001	0.101
17.306	0.0451	0.007	0.542	0.0281	0.001	0.101
17.311	0.0484	0.009	0.518	0.0206	0.001	0.093
17.316	0.0679	0.018	0.605	0.0127	0.002	0.089
17.321	0.0668	0.018	0.676	0.0137	0.003	0.078
17.326	0.0583	0.016	0.632	0.0143	0.003	0.086
17.331	0.0684	0.016	0.665	0.0107	0.003	0.095
17.336	0.0749	0.020	0.679	0.0102	0.003	0.095
17.341	0.0820	0.016	0.682	0.0096	0.003	0.100
17.346	0.1212	0.027	0.689	0.0092	0.003	0.098
17.351	0.1126	0.023	0.683	0.0055	0.002	0.097
17.356	0.1002	0.032	0.622	0.0148	0.002	0.101
17.361	0.0643	0.020	0.641	0.0093	0.002	0.088
17.366	0.0723	0.025	0.648	0.0101	0.003	0.097
17.371	0.0813	0.020	0.650	0.0107	0.003	0.100
17.376	0.1017	0.020	0.691	0.0073	0.002	0.107
17.380	0.1209	0.027	0.692	0.0091	0.002	0.099
17.385	0.1200	0.020	0.650	0.0119	0.002	0.101
17.390	0.0690	0.016	0.613	0.0113	0.003	0.123
17.395	0.0473	0.011	0.570	0.0125	0.004	0.134
17.400	0.0535	0.016	0.505	0.0199	0.004	0.130
17.405	0.0647	0.016	0.546	0.0190	0.005	0.150
17.410	0.0823	0.016	0.492	0.0215	0.007	0.175
17.415	0.0523	0.018	0.455	0.0192	0.007	0.197
17.420	0.0215	0.016	0.472	0.0145	0.006	0.212
17.425	0.0135	0.016	0.468	0.0138	0.006	0.224
17.430	0.0121	0.014	0.394	0.0320	0.004	0.223
17.435	0.0151	0.009	0.471	0.0280	0.002	0.196
17.440	0.0033	0.014	0.444	0.0156	0.001	0.126
17.445	0.0087	0.020	0.471	0.0135	0.000	0.090
17.450	0.0075	0.014	0.393	0.0139	0.000	0.065
17.455	0.0031	0.018	0.378	0.0185	0.000	0.060
17.460	0.0043	0.020	0.393	0.0220	0.000	0.055
17.465	0.0028	0.014	0.387	0.0217	0.000	0.052
17.470	0.0045	0.011	0.439	0.0138	0.000	0.045
17.475	0.0024	0.016	0.450	0.0197	0.000	0.041
17.480	0.0019	0.016	0.478	0.0150	0.000	0.037
17.485	0.0035	0.009	0.485	0.0219	0.000	0.038
17.490	0.0035	0.007	0.507	0.0312	0.000	0.034
17.495	0.0022	0.002	0.499	0.0292	0.000	0.030
17.500	0.0033	0.011	0.526	0.0236	0.000	0.026
17.505	0.0055	0.009	0.588	0.0290	0.000	0.025
17.510	0.0034	0.005	0.631	0.0225	0.000	0.024
17.515	0.0067	0.002	0.657	0.0131	0.000	0.056
17.520	0.0090	0.002	0.415	0.0249	0.001	0.181
17.525	0.0071	0.005	0.276	0.0428	0.001	0.166
17.530	0.0053	0.014	0.494	0.0224	0.001	0.097
17.535	0.0095	0.002	0.562	0.0154	0.001	0.096
17.540	0.0113	0.016	0.644	0.0147	0.001	0.102
17.545	0.0467	0.007	0.669	0.0165	0.001	0.103
17.550	0.0743	0.014	0.708	0.0109	0.001	0.103
17.555	0.0897	0.009	0.691	0.0127	0.001	0.114
17.560	0.0953	0.018	0.715	0.0104	0.001	0.097
17.565	0.0930	0.027	0.716	0.0103	0.001	0.090
17.570	0.0878	0.027	0.723	0.0107	0.001	0.098
17.575	0.0903	0.027	0.725	0.0081	0.002	0.099
17.580	0.0910	0.027	0.730	0.0077	0.002	0.098
17.585	0.0903	0.027	0.734	0.0053	0.002	0.094
17.590	0.0899	0.023	0.726	0.0046	0.003	0.089
17.595	0.0888	0.027	0.709	0.0116	0.003	0.099
17.600	0.0861	0.027	0.701	0.0114	0.002	0.110
17.605	0.0814	0.023	0.727	0.0071	0.003	0.112
17.610	0.0832	0.023	0.730	0.0071	0.002	0.106
17.615	0.0922	0.018	0.718	0.0107	0.002	0.112
17.620	0.0905	0.023	0.702	0.0141	0.003	0.111
17.625	0.0852	0.018	0.729	0.0124	0.004	0.109
17.630	0.0899	0.014	0.717	0.0156	0.002	0.099
17.635	0.1010	0.014	0.706	0.0123	0.002	0.099
17.640	0.0907	0.009	0.673	0.0175	0.003	0.103
17.645	0.0846	0.011	0.627	0.0182	0.004	0.100
17.650	0.0790	0.018	0.587	0.0171	0.007	0.156
17.655	0.0618	0.009	0.581	0.0135	0.022	0.199
17.660	0.0322	0.009	0.645	0.0104	0.049	0.295
17.665	0.0182	0.018	0.554	0.0093	0.088	0.364
17.670	0.0184	0.032	0.393	0.0127	0.248	0.441
17.675	0.0163	0.052	0.290	0.0133	0.425	0.474
17.680	0.0136	0.091	0.189	0.0103	0.698	0.488
17.685	0.0153	0.107	0.166	0.0113	0.759	0.506
17.690	0.0171	0.164	0.150	0.0129	0.837	0.543
17.695	0.0147	0.159	0.141	0.0106	0.901	0.551
17.700	0.0139	0.164	0.162	0.0115	0.904	0.594
17.705	0.0112	0.148	0.134	0.0111	0.889	0.573
17.710	0.0117	0.166	0.114	0.0105	0.887	0.588
17.715	0.0115	0.207	0.117	0.0106	0.865	0.625
17.720	0.0098	0.177	0.141	0.0110	0.799	0.618
17.725	0.0083	0.173	0.138	0.0088	0.744	0.622
17.730	0.0093	0.184	0.210	0.0128	0.571	0.635
17.735	0.0059	0.161	0.295	0.0105	0.535	0.631
17.740	0.0048	0.175	0.304	0.0101	0.481	0.646
17.745	0.0039	0.141	0.256	0.0118	0.419	0.666
17.750	0.0025	0.143	0.180	0.0107	0.521	0.698
17.755	0.0015	0.134	0.129	0.0130	0.642	0.668
17.760	0.0018	0.150	0.103	0.0081	0.638	0.663
17.765	0.0023	0.186	0.100	0.0103	0.634	0.724
17.770	0.0055	0.180	0.228	0.0190	0.388	0.656
17.775	0.0040	0.195	0.152	0.0399	0.085	0.510
17.780	0.0039	0.116	0.513	0.0314	0.004	0.178
17.785	0.0107	0.027	0.651	0.0202	0.002	0.116
17.790	0.0322	0.014	0.678	0.0283	0.001	0.089
17.795	0.0399	0.016	0.640	0.0307	0.001	0.084
17.800	0.0379	0.014	0.687	0.0308	0.001	0.080
17.805	0.0449	0.014	0.741	0.0236	0.001	0.073
17.810	0.0574	0.014	0.745	0.0156	0.001	0.070
17.815	0.0769	0.014	0.693	0.0153	0.001	0.080
17.820	0.0874	0.011	0.709	0.0139	0.001	0.082
17.824	0.0791	0.014	0.715	0.0112	0.001	0.079
17.829	0.0793	0.014	0.668	0.0117	0.001	0.069
17.834	0.0771	0.011	0.622	0.0155	0.002	0.083
17.839	0.0750	0.014	0.689	0.0120	0.003	0.083
17.844	0.0519	0.023	0.695	0.0129	0.003	0.084
17.849	0.0462	0.020	0.686	0.0090	0.003	0.106
17.854	0.0585	0.023	0.656	0.0099	0.003	0.103
17.859	0.0622	0.023	0.673	0.0086	0.002	0.100
17.864	0.0576	0.020	0.696	0.0122	0.002	0.095
17.869	0.0872	0.025	0.691	0.0112	0.001	0.088
17.874	0.1002	0.023	0.721	0.0092	0.001	0.078
17.879	0.0988	0.020	0.726	0.0075	0.001	0.075
17.884	0.0708	0.025	0.728	0.0079	0.001	0.078
17.889	0.0585	0.016	0.691	0.0089	0.002	0.087
17.894	0.0422	0.018	0.507	0.0256	0.002	0.099
17.899	0.0308	0.016	0.444	0.0564	0.001	0.068
17.904	0.0190	0.016	0.610	0.0275	0.001	0.048
17.909	0.0443	0.016	0.726	0.0097	0.002	0.043
17.914	0.0462	0.014	0.738	0.0132	0.002	0.043
17.919	0.0485	0.014	0.725	0.0154	0.001	0.042
17.924	0.0497	0.007	0.732	0.0100	0.001	0.042
17.929	0.0343	0.009	0.726	0.0123	0.001	0.042
17.934	0.0289	0.007	0.689	0.0196	0.000	0.041
17.939	0.0207	0.009	0.692	0.0180	0.000	0.041
17.944	0.0234	0.007	0.689	0.0064	0.000	0.040
17.949	0.0260	0.009	0.682	0.0075	0.000	0.038
17.954	0.0362	0.009	0.726	0.0248	0.000	0.039
17.959	0.0471	0.007	0.731	0.0136	0.000	0.042
17.964	0.0487	0.009	0.711	0.0081	0.000	0.053
17.969	0.0419	0.007	0.604	0.0178	0.001	0.086
17.974	0.0289	0.007	0.477	0.0284	0.001	0.104
17.979	0.0195	0.014	0.489	0.0260	0.001	0.092
17.984	0.0146	0.020	0.582	0.0144	0.001	0.087
17.989	0.0288	0.018	0.661	0.0115	0.001	0.077
17.994	0.0597	0.027	0.697	0.0087	0.001	0.080
17.999	0.1049	0.025	0.673	0.0116	0.001	0.086
18.004	0.1055	0.016	0.680	0.0148	0.001	0.090
18.009	0.0805	0.016	0.647	0.0120	0.001	0.094
18.014	0.0556	0.011	0.582	0.0237	0.001	0.102
18.019	0.0533	0.016	0.419	0.0246	0.003	0.166
18.024	0.0498	0.020	0.410	0.0286	0.006	0.217
18.029	0.0520	0.011	0.344	0.0468	0.003	0.206
18.034	0.0100	0.036	0.498	0.0323	0.000	0.082
18.039	0.0113	0.016	0.457	0.0237	0.000	0.066
18.044	0.0085	0.005	0.309	0.0328	0.000	0.063
18.049	0.0070	0.002	0.295	0.0516	0.000	0.059
18.054	0.0047	0.009	0.355	0.0271	0.000	0.057
18.059	0.0040	0.025	0.514	0.0160	0.000	0.049
18.064	0.0045	0.011	0.440	0.0257	0.000	0.055
18.069	0.0026	0.011	0.378	0.0340	0.000	0.072
18.074	0.0024	0.025	0.380	0.0203	0.000	0.068
18.079	0.0020	0.018	0.482	0.0182	0.000	0.065
18.084	0.0013	0.016	0.475	0.0170	0.000	0.078
18.089	0.0013	0.020	0.442	0.0202	0.001	0.096
18.094	0.0011	0.025	0.179	0.0212	0.005	0.135
18.099	0.0009	0.020	0.157	0.0109	0.412	0.589
18.104	0.0008	0.023	0.149	0.0094	0.554	0.640
18.109	0.0014	0.068	0.210	0.0110	0.603	0.618
18.114	0.0046	0.136	0.169	0.0128	0.603	0.571
18.119	0.0075	0.150	0.213	0.0489	0.087	0.393
18.124	0.0115	0.084	0.443	0.0317	0.010	0.207
18.129	0.0140	0.030	0.639	0.0156	0.006	0.103
18.134	0.0661	0.009	0.725	0.0119	0.003	0.080
18.139	0.0894	0.014	0.746	0.0147	0.001	0.068
18.144	0.1042	0.009	0.726	0.0126	0.001	0.063
18.149	0.1034	0.011	0.709	0.0128	0.001	0.062
18.154	0.0945	0.011	0.728	0.0079	0.001	0.069
18.159	0.0930	0.009	0.731	0.0079	0.001	0.069
18.164	0.0927	0.009	0.746	0.0092	0.001	0.064
18.169	0.0923	0.014	0.751	0.0058	0.001	0.060
18.174	0.0930	0.009	0.746	0.0048	0.001	0.066
18.179	0.0902	0.009	0.729	0.0085	0.001	0.062
18.184	0.0859	0.009	0.734	0.0119	0.000	0.054
18.189	0.0783	0.014	0.745	0.0097	0.000	0.047
18.194	0.0653	0.014	0.726	0.0074	0.000	0.046
18.199	0.0553	0.014	0.743	0.0114	0.000	0.050
18.204	0.0508	0.014	0.739	0.0073	0.000	0.054
18.209	0.0486	0.011	0.746	0.0092	0.000	0.049
18.214	0.0409	0.011	0.731	0.0068	0.000	0.054
18.219	0.0309	0.011	0.740	0.0135	0.000	0.055
18.224	0.0245	0.014	0.735	0.0067	0.000	0.057
18.229	0.0215	0.014	0.731	0.0084	0.000	0.055
18.234	0.0263	0.016	0.696	0.0194	0.000	0.052
18.239	0.0269	0.018	0.729	0.0113	0.000	0.054
18.244	0.0339	0.018	0.694	0.0088	0.000	0.056
18.249	0.0391	0.016	0.718	0.0127	0.000	0.058
18.254	0.0402	0.018	0.706	0.0156	0.000	0.062
18.259	0.0443	0.018	0.611	0.0142	0.001	0.060
18.263	0.0478	0.018	0.571	0.0192	0.001	0.057
18.268	0.0580	0.016	0.558	0.0419	0.000	0.054
18.273	0.0403	0.009	0.660	0.0348	0.000	0.041
18.278	0.0407	0.007	0.732	0.0152	0.000	0.038
18.283	0.0264	0.007	0.741	0.0092	0.000	0.055
18.288	0.0223	0.009	0.709	0.0096	0.000	0.061
18.293	0.0225	0.009	0.669	0.0157	0.000	0.064
18.298	0.0191	0.009	0.656	0.0123	0.001	0.081
18.303	0.0192	0.014	0.598	0.0180	0.001	0.088
18.308	0.0173	0.009	0.641	0.0194	0.001	0.087
18.313	0.0154	0.016	0.660	0.0126	0.001	0.076
18.318	0.0193	0.014	0.660	0.0104	0.000	0.070
18.323	0.0413	0.018	0.726	0.0104	0.000	0.066
18.328	0.0683	0.020	0.730	0.0148	0.000	0.053
18.333	0.0790	0.018	0.749	0.0107	0.000	0.055
18.338	0.0801	0.009	0.746	0.0093	0.000	0.062
18.343	0.0694	0.014	0.724	0.0092	0.001	0.072
18.348	0.0423	0.011	0.655	0.0144	0.001	0.089
18.353	0.0248	0.009	0.567	0.0210	0.001	0.113
18.358	0.0190	0.011	0.591	0.0171	0.002	0.168
18.363	0.0153	0.007	0.584	0.0106	0.004	0.232
18.368	0.0183	0.009	0.573	0.0101	0.015	0.350
18.373	0.0252	0.011	0.601	0.0125	0.015	0.387
18.378	0.0176	0.005	0.634	0.0282	0.004	0.285
18.383	0.0066	0.005	0.667	0.0260	0.001	0.175
18.388	0.0108	0.002	0.667	0.0146	0.001	0.162
18.393	0.0103	0.009	0.655	0.0267	0.001	0.160
18.398	0.0121	0.007	0.618	0.0199	0.002	0.176
18.403	0.0089	0.009	0.589	0.0084	0.004	0.240
18.408	0.0038	0.014	0.582	0.0083	0.011	0.355
18.413	0.0081	0.007	0.606	0.0103	0.024	0.445
18.418	0.0089	0.016	0.573	0.0094	0.073	0.547
18.423	0.0102	0.014	0.460	0.0117	0.100	0.544
18.428	0.0054	0.050	0.389	0.0106	0.207	0.596
18.433	0.0095	0.075	0.352	0.0237	0.103	0.514
18.438	0.0121	0.084	0.516	0.0295	0.008	0.197
18.443	0.0204	0.032	0.636	0.0143	0.005	0.133
18.448	0.0451	0.009	0.721	0.0128	0.005	0.090
18.453	0.0396	0.011	0.672	0.0129	0.004	0.082
18.458	0.0319	0.009	0.623	0.0137	0.002	0.087
18.463	0.0396	0.025	0.591	0.0111	0.005	0.092
18.468	0.0416	0.007	0.485	0.0249	0.004	0.100
18.473	0.0386	0.018	0.436	0.0277	0.003	0.128
18.478	0.0437	0.007	0.273	0.0455	0.004	0.172
18.483	0.0099	0.009	0.273	0.0314	0.003	0.152
18.488	0.0055	0.007	0.238	0.0359	0.002	0.104
18.493	0.0051	0.009	0.313	0.0236	0.002	0.109
18.498	0.0020	0.016	0.234	0.0287	0.002	0.103
18.503	0.0024	0.011	0.291	0.0228	0.003	0.119
18.508	0.0025	0.011	0.354	0.0379	0.001	0.103
18.513	0.0008	0.009	0.453	0.0237	0.001	0.091
18.518	0.0017	0.016	0.543	0.0209	0.001	0.087
18.523	0.0020	0.020	0.463	0.0212	0.001	0.089
18.528	0.0019	0.014	0.148	0.0172	0.014	0.193
18.533	0.0006	0.023	0.260	0.0198	0.336	0.340
18.538	0.0007	0.023	0.360	0.0122	0.291	0.383
18.543	0.0018	0.055	0.252	0.0126	0.210	0.430
18.548	0.0116	0.075	0.166	0.0181	0.160	0.450
18.553	0.0152	0.075	0.166	0.0129	0.184	0.468
18.558	0.0096	0.068	0.217	0.0144	0.382	0.512
18.563	0.0069	0.107	0.141	0.0166	0.387	0.451
18.568	0.0061	0.105	0.436	0.0345	0.049	0.287
18.573	0.0120	0.070	0.488	0.0248	0.007	0.173
18.578	0.0095	0.023	0.629	0.0153	0.005	0.133
18.583	0.0199	0.016	0.586	0.0165	0.004	0.122
18.588	0.0222	0.018	0.619	0.0159	0.003	0.104
18.593	0.0595	0.011	0.715	0.0101	0.003	0.097
18.598	0.0886	0.014	0.671	0.0135	0.005	0.090
18.603	0.0928	0.023	0.657	0.0180	0.005	0.096
18.608	0.0469	0.009	0.701	0.0165	0.002	0.096
18.613	0.0562	0.018	0.645	0.0143	0.002	0.090
18.618	0.0516	0.011	0.670	0.0139	0.002	0.084
18.623	0.0512	0.011	0.681	0.0087	0.002	0.083
18.628	0.0492	0.020	0.682	0.0077	0.002	0.075
18.633	0.0789	0.020	0.726	0.0054	0.002	0.072
18.638	0.0879	0.018	0.718	0.0091	0.002	0.067
18.643	0.0842	0.018	0.711	0.0081	0.001	0.066
18.648	0.0378	0.009	0.732	0.0088	0.001	0.068
18.653	0.0278	0.011	0.671	0.0108	0.001	0.067
18.658	0.0326	0.014	0.663	0.0133	0.001	0.067
18.663	0.0253	0.009	0.680	0.0101	0.001	0.059
18.668	0.0212	0.020	0.635	0.0094	0.001	0.063
18.673	0.0649	0.014	0.675	0.0168	0.001	0.071
18.678	0.0609	0.014	0.653	0.0193	0.001	0.083
18.683	0.0263	0.005	0.648	0.0119	0.001	0.083
18.688	0.0126	0.009	0.671	0.0090	0.001	0.093
18.693	0.0123	0.007	0.693	0.0151	0.001	0.094
18.698	0.0206	0.009	0.682	0.0123	0.001	0.109
18.702	0.0355	0.007	0.683	0.0156	0.001	0.137
18.707	0.0351	0.011	0.633	0.0107	0.002	0.199
18.712	0.0142	0.011	0.611	0.0123	0.005	0.249
18.717	0.0087	0.007	0.652	0.0120	0.011	0.286
18.722	0.0149	0.032	0.685	0.0140	0.015	0.322
18.727	0.0213	0.025	0.683	0.0161	0.024	0.357
18.732	0.0190	0.011	0.632	0.0066	0.044	0.414
18.737	0.0079	0.011	0.623	0.0073	0.053	0.440
18.742	0.0092	0.052	0.638	0.0101	0.042	0.389
18.747	0.0115	0.045	0.638	0.0108	0.025	0.350
18.752	0.0227	0.025	0.647	0.0189	0.012	0.324
18.757	0.0216	0.005	0.637	0.0106	0.009	0.276
18.762	0.0120	0.009	0.578	0.0173	0.006	0.238
18.767	0.0072	0.018	0.625	0.0167	0.002	0.153
18.772	0.0161	0.007	0.696	0.0169	0.001	0.092
18.777	0.0406	0.007	0.713	0.0184	0.000	0.058
18.782	0.0549	0.009	0.729	0.0129	0.000	0.055
18.787	0.0553	0.009	0.675	0.0137	0.000	0.061
18.792	0.0328	0.007	0.578	0.0234	0.000	0.073
18.797	0.0292	0.011	0.549	0.0197	0.001	0.125
18.802	0.0236	0.007	0.598	0.0112	0.002	0.154
18.807	0.0294	0.007	0.629	0.0129	0.010	0.255
18.812	0.0270	0.014	0.526	0.0153	0.038	0.375
18.817	0.0084	0.027	0.493	0.0098	0.108	0.447
18.822	0.0093	0.052	0.408	0.0112	0.174	0.484
18.827	0.0109	0.061	0.277	0.0113	0.378	0.525
18.832	0.0144	0.045	0.236	0.0121	0.570	0.566
18.837	0.0116	0.118	0.158	0.0109	0.819	0.539
18.842	0.0099	0.143	0.138	0.0115	0.866	0.523
18.847	0.0119	0.161	0.105	0.0130	0.902	0.540
18.852	0.0116	0.168	0.124	0.0109	0.919	0.542
18.857	0.0110	0.159	0.123	0.0132	0.932	0.522
18.862	0.0119	0.175	0.121	0.0139	0.966	0.506
18.867	0.0112	0.193	0.160	0.0115	0.965	0.527
18.872	0.0153	0.195	0.166	0.0129	0.967	0.516
18.877	0.0125	0.184	0.222	0.0120	0.966	0.508
18.882	0.0110	0.186	0.164	0.0130	0.967	0.495
18.887	0.0126	0.168	0.127	0.0115	0.980	0.476
18.892	0.0138	0.170	0.116	0.0141	0.973	0.468
18.897	0.0135	0.166	0.130	0.0129	0.965	0.444
18.902	0.0139	0.157	0.125	0.0122	0.952	0.462
18.907	0.0128	0.166	0.182	0.0264	0.652	0.433
18.912	0.0083	0.157	0.352	0.0341	0.114	0.327
18.917	0.0090	0.091	0.556	0.0269	0.010	0.181
18.922	0.0147	0.007	0.631	0.0155	0.006	0.119
18.927	0.0204	0.011	0.685	0.0118	0.005	0.098
18.932	0.0293	0.009	0.647	0.0099	0.004	0.097
18.937	0.0339	0.007	0.563	0.0146	0.003	0.096
18.942	0.0336	0.014	0.654	0.0190	0.003	0.087
18.947	0.0610	0.011	0.718	0.0091	0.002	0.085
18.952	0.0827	0.018	0.728	0.0073	0.001	0.075
18.957	0.0827	0.009	0.729	0.0085	0.000	0.064
18.962	0.0476	0.018	0.678	0.0075	0.000	0.067
18.967	0.0342	0.020	0.669	0.0113	0.001	0.076
18.972	0.0378	0.016	0.687	0.0071	0.000	0.075
18.977	0.0446	0.020	0.679	0.0083	0.001	0.077
18.982	0.0532	0.023	0.721	0.0077	0.001	0.076
18.987	0.0799	0.011	0.719	0.0074	0.001	0.083
18.992	0.0804	0.018	0.722	0.0070	0.001	0.075
18.997	0.0766	0.023	0.723	0.0077	0.000	0.068
19.002	0.0468	0.025	0.683	0.0109	0.001	0.070
19.007	0.0387	0.016	0.707	0.0124	0.001	0.076
19.012	0.0382	0.023	0.692	0.0081	0.001	0.074
19.017	0.0395	0.023	0.682	0.0108	0.001	0.082
19.022	0.0425	0.020	0.717	0.0133	0.001	0.084
19.027	0.0563	0.014	0.708	0.0120	0.001	0.088
19.032	0.0647	0.007	0.715	0.0076	0.001	0.080
19.037	0.0640	0.009	0.718	0.0091	0.001	0.075
19.042	0.0522	0.007	0.693	0.0078	0.001	0.071
19.047	0.0408	0.009	0.696	0.0118	0.000	0.071
19.052	0.0350	0.007	0.677	0.0108	0.000	0.082
19.057	0.0303	0.007	0.642	0.0139	0.001	0.103
19.062	0.0287	0.009	0.633	0.0140	0.004	0.126
19.067	0.0453	0.011	0.582	0.0167	0.022	0.186
19.072	0.0335	0.018	0.511	0.0104	0.036	0.209
19.077	0.0178	0.018	0.368	0.0227	0.081	0.226
19.082	0.0124	0.045	0.291	0.0161	0.100	0.238
19.087	0.0134	0.052	0.201	0.0135	0.194	0.291
19.092	0.0146	0.064	0.181	0.0182	0.217	0.324
19.097	0.0089	0.075	0.170	0.0143	0.287	0.338
19.102	0.0125	0.089	0.223	0.0142	0.434	0.326
19.107	0.0126	0.086	0.172	0.0135	0.463	0.351
19.112	0.0156	0.105	0.171	0.0140	0.511	0.341
19.117	0.0155	0.093	0.159	0.0128	0.562	0.353
19.122	0.0141	0.111	0.172	0.0157	0.486	0.344
19.127	0.0134	0.105	0.204	0.0164	0.496	0.325
19.132	0.0162	0.100	0.149	0.0144	0.481	0.320
19.137	0.0214	0.105	0.241	0.0163	0.409	0.276
19.141	0.0178	0.102	0.240	0.0128	0.424	0.272
19.146	0.0270	0.093	0.185	0.0158	0.532	0.331
19.151	0.0242	0.098	0.108	0.0164	0.655	0.341
19.156	0.0148	0.109	0.143	0.0133	0.599	0.325
19.161	0.0150	0.107	0.207	0.0122	0.555	0.311
19.166	0.0138	0.100	0.153	0.0271	0.363	0.359
19.171	0.0062	0.114	0.340	0.0387	0.066	0.264
19.176	0.0069	0.093	0.574	0.0321	0.005	0.145
19.181	0.0129	0.007	0.646	0.0241	0.001	0.095
19.186	0.0185	0.007	0.685	0.0182	0.001	0.082
19.191	0.0190	0.009	0.633	0.0138	0.002	0.085
19.196	0.0258	0.007	0.617	0.0190	0.001	0.070
19.201	0.0376	0.011	0.664	0.0163	0.001	0.076
19.206	0.0508	0.018	0.666	0.0163	0.001	0.075
19.211	0.0427	0.009	0.604	0.0203	0.001	0.071
19.216	0.0254	0.016	0.624	0.0128	0.002	0.075
19.221	0.0177	0.016	0.654	0.0121	0.002	0.082
19.226	0.0201	0.014	0.658	0.0070	0.003	0.091
19.231	0.0526	0.018	0.657	0.0085	0.002	0.085
19.236	0.0367	0.018	0.637	0.0141	0.002	0.074
19.241	0.0160	0.014	0.659	0.0093	0.001	0.077
19.246	0.0193	0.020	0.652	0.0052	0.001	0.076
19.251	0.0507	0.030	0.639	0.0118	0.001	0.081
19.256	0.0371	0.009	0.604	0.0172	0.001	0.076
19.261	0.0097	0.018	0.551	0.0208	0.001	0.081
19.266	0.0123	0.014	0.583	0.0322	0.000	0.066
19.271	0.0282	0.007	0.638	0.0216	0.000	0.050
19.276	0.0143	0.007	0.671	0.0096	0.000	0.042
19.281	0.0125	0.007	0.661	0.0072	0.000	0.037
19.286	0.0245	0.007	0.641	0.0124	0.000	0.034
19.291	0.0315	0.007	0.663	0.0088	0.000	0.035
19.296	0.0127	0.007	0.665	0.0134	0.000	0.033
19.301	0.0175	0.007	0.642	0.0120	0.000	0.031
19.306	0.0306	0.007	0.658	0.0105	0.000	0.031
19.311	0.0232	0.005	0.660	0.0170	0.000	0.030
19.316	0.0099	0.009	0.628	0.0147	0.000	0.031
19.321	0.0198	0.007	0.602	0.0178	0.000	0.028
19.326	0.0232	0.005	0.608	0.0256	0.000	0.030
19.331	0.0060	0.007	0.566	0.0220	0.000	0.028
19.336	0.0106	0.007	0.636	0.0214	0.000	0.025
19.341	0.0098	0.002	0.659	0.0111	0.000	0.021
19.346	0.0104	0.005	0.652	0.0124	0.000	0.021
19.351	0.0028	0.009	0.609	0.0110	0.000	0.053
19.356	0.0099	0.007	0.468	0.0181	0.002	0.112
19.361	0.0097	0.007	0.411	0.0317	0.003	0.152
19.366	0.0045	0.009	0.443	0.0311	0.002	0.132
19.371	0.0064	0.018	0.578	0.0307	0.001	0.108
19.376	0.0173	0.011	0.644	0.0191	0.001	0.086
19.381	0.0500	0.011	0.675	0.0168	0.001	0.073
19.386	0.0603	0.009	0.679	0.0125	0.001	0.071
19.391	0.0307	0.011	0.677	0.0173	0.001	0.067
19.396	0.0389	0.011	0.679	0.0209	0.000	0.062
19.401	0.0515	0.011	0.700	0.0099	0.000	0.054
19.406	0.0772	0.011	0.708	0.0171	0.000	0.052
19.411	0.0777	0.009	0.674	0.0073	0.000	0.048
19.416	0.0422	0.011	0.669	0.0087	0.000	0.049
19.421	0.0412	0.011	0.676	0.0136	0.000	0.046
19.426	0.0512	0.011	0.686	0.0073	0.000	0.050
19.431	0.0782	0.011	0.705	0.0115	0.000	0.048
19.436	0.0762	0.009	0.685	0.0110	0.000	0.047
19.441	0.0379	0.011	0.674	0.0136	0.000	0.050
19.446	0.0391	0.011	0.680	0.0168	0.001	0.052
19.451	0.0509	0.011	0.713	0.0076	0.001	0.057
19.456	0.0800	0.011	0.689	0.0262	0.001	0.053
19.461	0.0746	0.009	0.639	0.0170	0.001	0.053
19.466	0.0353	0.011	0.583	0.0205	0.001	0.101
19.471	0.0324	0.011	0.436	0.0130	0.003	0.171
19.476	0.0346	0.025	0.263	0.0273	0.022	0.272
19.481	0.0299	0.014	0.351	0.0164	0.060	0.394
19.486	0.0090	0.025	0.293	0.0140	0.177	0.481
19.491	0.0084	0.075	0.274	0.0118	0.395	0.488
19.496	0.0121	0.080	0.227	0.0119	0.635	0.514
19.501	0.0103	0.123	0.152	0.0129	0.762	0.513
19.506	0.0093	0.166	0.136	0.0133	0.887	0.510
19.511	0.0075	0.182	0.164	0.0123	0.932	0.503
19.516	0.0084	0.184	0.181	0.0116	0.921	0.487
19.521	0.0119	0.170	0.180	0.0107	0.834	0.472
19.526	0.0099	0.157	0.173	0.0268	0.374	0.390
19.531	0.0036	0.091	0.381	0.0352	0.091	0.315
19.536	0.0022	0.034	0.660	0.0308	0.020	0.266
19.541	0.0019	0.025	0.693	0.0126	0.015	0.240
19.546	0.0022	0.009	0.701	0.0104	0.013	0.213
19.551	0.0019	0.011	0.656	0.0146	0.012	0.242
19.556	0.0015	0.011	0.587	0.0112	0.086	0.391
19.561	0.0018	0.011	0.276	0.0110	0.185	0.525
19.566	0.0022	0.064	0.235	0.0311	0.085	0.427
19.571	0.0015	0.098	0.261	0.0139	0.060	0.358
19.576	0.0025	0.073	0.240	0.0126	0.080	0.403
19.580	0.0179	0.055	0.221	0.0146	0.119	0.443
19.585	0.0088	0.068	0.162	0.0287	0.078	0.374
19.590	0.0055	0.057	0.294	0.0357	0.027	0.263
19.595	0.0033	0.061	0.402	0.0297	0.009	0.169
19.600	0.0148	0.014	0.554	0.0168	0.006	0.137
19.605	0.0306	0.014	0.663	0.0162	0.003	0.096
19.610	0.0219	0.018	0.633	0.0096	0.002	0.081
19.615	0.0162	0.007	0.573	0.0168	0.006	0.098
19.620	0.0213	0.011	0.584	0.0169	0.008	0.104
19.625	0.0195	0.016	0.618	0.0127	0.005	0.095
19.630	0.0488	0.016	0.656	0.0128	0.004	0.089
19.635	0.0594	0.018	0.630	0.0167	0.003	0.083
19.640	0.0206	0.023	0.649	0.0122	0.003	0.085
19.645	0.0174	0.027	0.663	0.0130	0.002	0.078
19.650	0.0319	0.018	0.693	0.0164	0.002	0.088
19.655	0.0650	0.032	0.682	0.0137	0.002	0.087
19.660	0.0600	0.018	0.651	0.0126	0.002	0.072
19.665	0.0154	0.016	0.650	0.0143	0.002	0.062
19.670	0.0232	0.023	0.560	0.0135	0.001	0.062
19.675	0.0446	0.025	0.397	0.0335	0.001	0.062
19.680	0.0544	0.014	0.435	0.0685	0.001	0.044
19.685	0.0085	0.014	0.668	0.0117	0.001	0.035
19.690	0.0225	0.007	0.690	0.0105	0.000	0.031
19.695	0.0373	0.007	0.705	0.0236	0.000	0.031
19.700	0.0378	0.007	0.666	0.0092	0.000	0.031
19.705	0.0180	0.007	0.670	0.0104	0.000	0.029
19.710	0.0158	0.007	0.663	0.0124	0.000	0.031
19.715	0.0279	0.007	0.670	0.0201	0.000	0.055
19.720	0.0377	0.007	0.632	0.0253	0.000	0.066
19.725	0.0247	0.007	0.550	0.0189	0.000	0.083
19.730	0.0073	0.009	0.594	0.0218	0.001	0.075
19.735	0.0122	0.011	0.613	0.0142	0.000	0.076
19.740	0.0355	0.016	0.636	0.0126	0.001	0.077
19.745	0.0534	0.016	0.664	0.0075	0.001	0.085
19.750	0.0260	0.014	0.666	0.0078	0.001	0.093
19.755	0.0289	0.009	0.658	0.0106	0.001	0.094
19.760	0.0349	0.011	0.666	0.0074	0.001	0.078
19.765	0.0553	0.011	0.658	0.0101	0.001	0.079
19.770	0.0257	0.011	0.653	0.0096	0.001	0.075
19.775	0.0328	0.009	0.520	0.0219	0.001	0.078
19.780	0.0311	0.009	0.436	0.0237	0.000	0.082
19.785	0.0428	0.011	0.412	0.0584	0.000	0.077
19.790	0.0116	0.007	0.638	0.0260	0.000	0.057
19.795	0.0123	0.007	0.678	0.0161	0.001	0.048
19.800	0.0227	0.007	0.686	0.0105	0.000	0.042
19.805	0.0331	0.007	0.669	0.0092	0.000	0.042
19.810	0.0197	0.007	0.668	0.0132	0.000	0.039
19.815	0.0097	0.007	0.664	0.0097	0.001	0.041
19.820	0.0222	0.007	0.679	0.0059	0.001	0.038
19.825	0.0346	0.009	0.662	0.0077	0.001	0.040
19.830	0.0195	0.007	0.666	0.0090	0.000	0.039
19.835	0.0107	0.007	0.658	0.0063	0.001	0.048
19.840	0.0231	0.007	0.620	0.0178	0.001	0.060
19.845	0.0373	0.011	0.524	0.0350	0.001	0.069
19.850	0.0262	0.007	0.498	0.0274	0.001	0.068
19.855	0.0087	0.014	0.585	0.0280	0.001	0.070
19.860	0.0256	0.009	0.610	0.0164	0.001	0.067
19.865	0.0553	0.020	0.690	0.0102	0.001	0.070
19.870	0.0675	0.011	0.647	0.0122	0.001	0.068
19.875	0.0257	0.014	0.648	0.0096	0.001	0.074
19.880	0.0395	0.014	0.655	0.0071	0.002	0.086
19.885	0.0479	0.016	0.644	0.0122	0.002	0.081
19.890	0.0659	0.011	0.634	0.0125	0.002	0.092
19.895	0.0294	0.020	0.625	0.0127	0.002	0.120
19.900	0.0418	0.014	0.631	0.0113	0.002	0.122
19.905	0.0496	0.009	0.627	0.0101	0.003	0.131
19.910	0.0689	0.014	0.628	0.0097	0.003	0.131
19.915	0.0302	0.009	0.614	0.0089	0.004	0.157
19.920	0.0364	0.009	0.612	0.0092	0.005	0.179
19.925	0.0320	0.011	0.583	0.0127	0.006	0.173
19.930	0.0514	0.020	0.574	0.0107	0.010	0.175
19.935	0.0309	0.014	0.383	0.0265	0.018	0.201
19.940	0.0142	0.032	0.295	0.0430	0.008	0.202
19.945	0.0105	0.020	0.428	0.0336	0.001	0.113
19.950	0.0112	0.002	0.421	0.0418	0.000	0.080
19.955	0.0014	0.011	0.150	0.0279	0.001	0.167
19.960	0.0051	0.005	0.198	0.0263	0.006	0.264
19.965	0.0015	0.014	0.309	0.0238	0.003	0.165
19.970	0.0016	0.009	0.429	0.0372	0.001	0.104
19.975	0.0013	0.016	0.550	0.0121	0.002	0.170
19.980	0.0008	0.011	0.581	0.0161	0.003	0.188
19.985	0.0012	0.018	0.555	0.0185	0.002	0.138
19.990	0.0014	0.020	0.546	0.0172	0.001	0.119
19.995	0.0009	0.011	0.542	0.0293	0.001	0.114
20.000	0.0006	0.009	0.425	0.0161	0.002	0.126
20.005	0.0009	0.016	0.125	0.0213	0.057	0.435
20.010	0.0005	0.016	0.352	0.0060	0.081	0.494
20.015	0.0003	0.050	0.320	0.0157	0.148	0.483
20.020	0.0022	0.123	0.257	0.0086	0.118	0.445
20.024	0.0013	0.102	0.208	0.0233	0.136	0.488
20.029	0.0018	0.123	0.482	0.0282	0.045	0.403
20.034	0.0021	0.039	0.512	0.0193	0.017	0.351
20.039	0.0026	0.025	0.580	0.0246	0.013	0.290
20.044	0.0031	0.018	0.673	0.0107	0.008	0.235
20.049	0.0041	0.023	0.645	0.0245	0.008	0.236
20.054	0.0058	0.018	0.624	0.0203	0.009	0.204
20.059	0.0081	0.025	0.613	0.0172	0.006	0.182
20.064	0.0098	0.018	0.639	0.0125	0.004	0.161
20.069	0.0179	0.014	0.686	0.0143	0.003	0.151
20.074	0.0258	0.007	0.697	0.0157	0.003	0.141
20.079	0.0318	0.014	0.677	0.0122	0.004	0.132
20.084	0.0278	0.016	0.694	0.0169	0.002	0.125
20.089	0.0279	0.016	0.679	0.0170	0.002	0.129
20.094	0.0255	0.020	0.669	0.0208	0.002	0.121
20.099	0.0334	0.023	0.697	0.0129	0.001	0.103
20.104	0.0462	0.011	0.702	0.0088	0.002	0.107
20.109	0.0485	0.016	0.680	0.0119	0.001	0.095
20.114	0.0316	0.011	0.682	0.0073	0.001	0.089
20.119	0.0287	0.014	0.703	0.0192	0.001	0.081
20.124	0.0413	0.011	0.670	0.0083	0.001	0.124
20.129	0.0447	0.023	0.645	0.0243	0.002	0.176
20.134	0.0434	0.011	0.622	0.0207	0.008	0.280
20.139	0.0266	0.007	0.613	0.0140	0.012	0.341
20.144	0.0101	0.025	0.612	0.0086	0.024	0.438
20.149	0.0159	0.052	0.599	0.0069	0.038	0.458
20.154	0.0193	0.048	0.562	0.0092	0.062	0.476
20.159	0.0195	0.014	0.573	0.0083	0.085	0.516
20.164	0.0077	0.091	0.512	0.0103	0.144	0.581
20.169	0.0128	0.070	0.418	0.0116	0.229	0.586
20.174	0.0122	0.098	0.370	0.0106	0.302	0.592
20.179	0.0099	0.086	0.361	0.0111	0.349	0.616
20.184	0.0087	0.143	0.294	0.0099	0.425	0.619
20.189	0.0099	0.109	0.234	0.0102	0.494	0.611
20.194	0.0109	0.143	0.237	0.0119	0.547	0.609
20.199	0.0100	0.168	0.235	0.0096	0.508	0.588
20.204	0.0118	0.175	0.208	0.0118	0.431	0.627
20.209	0.0112	0.114	0.267	0.0112	0.412	0.607
20.214	0.0114	0.130	0.352	0.0129	0.290	0.592
20.219	0.0093	0.139	0.407	0.0149	0.191	0.542
20.224	0.0103	0.073	0.474	0.0212	0.062	0.489
20.229	0.0082	0.061	0.461	0.0305	0.021	0.412
20.234	0.0078	0.043	0.507	0.0285	0.003	0.226
20.239	0.0075	0.018	0.577	0.0333	0.001	0.134
20.244	0.0327	0.016	0.645	0.0245	0.002	0.112
20.249	0.0418	0.009	0.639	0.0142	0.002	0.116
20.254	0.0233	0.011	0.671	0.0095	0.001	0.124
20.259	0.0363	0.009	0.630	0.0087	0.002	0.127
20.264	0.0481	0.011	0.619	0.0152	0.002	0.126
20.269	0.0701	0.011	0.656	0.0146	0.001	0.111
20.274	0.0433	0.011	0.518	0.0369	0.000	0.086
20.279	0.0233	0.009	0.486	0.0385	0.000	0.065
20.284	0.0164	0.005	0.628	0.0228	0.000	0.043
20.289	0.0390	0.009	0.685	0.0113	0.000	0.041
20.294	0.0287	0.005	0.666	0.0095	0.000	0.040
20.299	0.0141	0.009	0.676	0.0162	0.000	0.036
20.304	0.0235	0.007	0.673	0.0153	0.000	0.037
20.309	0.0364	0.007	0.672	0.0117	0.000	0.037
20.314	0.0349	0.007	0.631	0.0216	0.000	0.057
20.319	0.0192	0.007	0.574	0.0266	0.000	0.078
20.324	0.0163	0.007	0.471	0.0253	0.001	0.105
20.329	0.0182	0.018	0.532	0.0233	0.001	0.123
20.334	0.0365	0.014	0.571	0.0161	0.004	0.131
20.339	0.0469	0.011	0.582	0.0190	0.004	0.133
20.344	0.0183	0.020	0.605	0.0089	0.003	0.155
20.349	0.0226	0.014	0.576	0.0151	0.005	0.160
20.354	0.0436	0.023	0.609	0.0143	0.013	0.163
20.359	0.0310	0.014	0.575	0.0170	0.020	0.161
20.364	0.0175	0.025	0.628	0.0190	0.012	0.162
20.369	0.0256	0.027	0.633	0.0131	0.008	0.154
20.374	0.0455	0.014	0.625	0.0096	0.008	0.155
20.379	0.0183	0.023	0.640	0.0115	0.014	0.164
20.384	0.0222	0.025	0.607	0.0178	0.010	0.154
20.389	0.0438	0.023	0.618	0.0152	0.008	0.149
20.394	0.0268	0.018	0.643	0.0134	0.008	0.153
20.399	0.0183	0.020	0.629	0.0142	0.012	0.146
20.404	0.0303	0.014	0.595	0.0136	0.008	0.150
20.409	0.0481	0.025	0.605	0.0183	0.004	0.141
20.414	0.0188	0.020	0.652	0.0157	0.005	0.115
20.419	0.0238	0.011	0.636	0.0082	0.005	0.118
20.424	0.0366	0.020	0.581	0.0099	0.004	0.116
20.429	0.0548	0.018	0.603	0.0157	0.004	0.114
20.434	0.0220	0.023	0.654	0.0140	0.005	0.117
20.439	0.0283	0.014	0.582	0.0155	0.004	0.121
20.444	0.0390	0.018	0.467	0.0163	0.003	0.103
20.449	0.0564	0.025	0.498	0.0268	0.003	0.104
20.454	0.0273	0.027	0.587	0.0291	0.002	0.105
20.459	0.0165	0.027	0.572	0.0251	0.001	0.094
20.463	0.0303	0.016	0.454	0.0280	0.001	0.081
20.468	0.0397	0.011	0.497	0.0325	0.001	0.079
20.473	0.0326	0.014	0.459	0.0260	0.001	0.075
20.478	0.0393	0.014	0.524	0.0368	0.001	0.069
20.483	0.0423	0.014	0.536	0.0314	0.001	0.064
20.488	0.0383	0.018	0.596	0.0283	0.001	0.061
20.493	0.0300	0.011	0.742	0.0190	0.000	0.054
20.498	0.0260	0.011	0.779	0.0166	0.000	0.048
20.503	0.0304	0.009	0.746	0.0156	0.000	0.062
20.508	0.0348	0.011	0.741	0.0162	0.001	0.060
20.513	0.0382	0.009	0.758	0.0254	0.000	0.051
20.518	0.0319	0.011	0.774	0.0182	0.000	0.045
20.523	0.0211	0.014	0.531	0.0441	0.000	0.044
20.528	0.0219	0.011	0.411	0.0572	0.000	0.052
20.533	0.0192	0.007	0.737	0.0155	0.000	0.051
20.538	0.0113	0.007	0.726	0.0433	0.000	0.046
20.543	0.0125	0.007	0.557	0.0308	0.000	0.039
20.548	0.0111	0.007	0.488	0.0331	0.000	0.035
20.553	0.0075	0.007	0.582	0.0298	0.000	0.040
20.558	0.0047	0.005	0.588	0.0255	0.000	0.043
20.563	0.0027	0.011	0.497	0.0480	0.000	0.051
20.568	0.0012	0.016	0.471	0.0343	0.000	0.051
20.573	0.0013	0.011	0.437	0.0321	0.000	0.057
20.578	0.0015	0.011	0.466	0.0317	0.000	0.065
20.583	0.0012	0.014	0.556	0.0372	0.000	0.070
20.588	0.0010	0.014	0.601	0.0323	0.000	0.067
20.593	0.0011	0.011	0.605	0.0256	0.000	0.071
20.598	0.0009	0.005	0.662	0.0286	0.000	0.077
20.603	0.0008	0.007	0.622	0.0263	0.000	0.074
20.608	0.0007	0.009	0.609	0.0282	0.000	0.085
20.613	0.0011	0.009	0.463	0.0216	0.006	0.282
20.618	0.0008	0.011	0.366	0.0135	0.095	0.519
20.623	0.0005	0.011	0.133	0.0136	0.511	0.694
20.628	0.0006	0.093	0.086	0.0114	0.882	0.682
20.633	0.0007	0.209	0.116	0.0129	0.960	0.587
20.638	0.0021	0.257	0.098	0.0112	0.961	0.535
20.643	0.0027	0.193	0.141	0.0120	0.933	0.502
20.648	0.0030	0.161	0.228	0.0173	0.929	0.472
20.653	0.0019	0.143	0.284	0.0125	0.933	0.432
20.658	0.0014	0.141	0.279	0.0125	0.910	0.421
20.663	0.0013	0.143	0.144	0.0186	0.617	0.426
20.668	0.0006	0.098	0.199	0.0199	0.280	0.445
20.673	0.0002	0.073	0.291	0.0148	0.140	0.477
20.678	0.0001	0.052	0.447	0.0180	0.102	0.477
20.683	0.0001	0.064	0.500	0.0179	0.087	0.499
20.688	0.0001	0.057	0.470	0.0193	0.069	0.491
20.693	0.0001	0.048	0.409	0.0123	0.102	0.534
20.698	0.0001	0.034	0.190	0.0135	0.180	0.627
20.703	0.0000	0.080	0.292	0.0194	0.097	0.485
20.708	0.0000	0.084	0.328	0.0131	0.068	0.438
20.713	0.0000	0.052	0.336	0.0185	0.038	0.484
20.718	0.0001	0.030	0.412	0.0168	0.036	0.493
20.723	0.0001	0.034	0.308	0.0134	0.063	0.569
20.728	0.0001	0.014	0.415	0.0205	0.068	0.589
20.733	0.0000	0.030	0.452	0.0132	0.093	0.621
20.738	0.0000	0.034	0.349	0.0116	0.149	0.677
20.743	0.0000	0.041	0.242	0.0129	0.206	0.704
20.748	0.0000	0.052	0.211	0.0127	0.192	0.696
20.753	0.0000	0.039	0.153	0.0108	0.182	0.699
20.758	0.0000	0.018	0.182	0.0140	0.230	0.721
20.763	0.0000	0.018	0.236	0.0095	0.254	0.734
20.768	0.0000	0.061	0.192	0.0088	0.268	0.737
20.773	0.0000	0.061	0.213	0.0102	0.353	0.787
20.778	0.0000	0.027	0.181	0.0087	0.357	0.781
20.783	0.0000	0.027	0.188	0.0109	0.514	0.794
20.788	0.0000	0.014	0.101	0.0065	0.560	0.812
20.793	0.0000	0.032	0.083	0.0132	0.691	0.834
20.798	0.0000	0.005	0.114	0.0106	0.613	0.815
20.803	0.0000	0.005	0.121	0.0107	0.307	0.746
20.808	0.0000	0.009	0.116	0.0044	0.293	0.751
20.813	0.0000	0.045	0.107	0.0169	0.483	0.743
20.818	0.0000	0.000	0.140	0.0026	0.517	0.722
20.823	0.0000	0.014	0.082	0.0156	0.711	0.877
20.828	0.0000	0.000	0.163	0.0078	0.575	0.837
20.833	0.0000	0.005	0.100	0.0058	0.397	0.741
20.838	0.0000	0.005	0.000	0.0204	0.465	0.807
20.843	0.0000	0.000	0.321	0.0046	0.515	0.834
20.848	0.0000	0.000	0.333	0.0094	0.390	0.768
20.853	0.0000	0.000	0.304	0.0051	0.252	0.743
20.858	0.0000	0.000	0.000	0.0119	0.228	0.727
20.863	0.0000	0.000	0.000	0.0069	0.804	0.998
20.868	0.0000	0.000	0.000	0.0004	0.821	0.999
20.873	0.0000	0.000	0.500	0.0016	0.822	0.996
20.878	0.0000	0.000	0.333	0.0062	0.817	0.931
20.883	0.0000	0.000	0.499	0.0012	0.821	0.789
20.888	0.0000	0.000	0.333	0.0041	0.820	0.938
20.893	0.0000	0.000	0.055	0.0169	0.657	0.881
20.898	0.0000	0.000	0.102	0.0070	0.485	0.816
20.902	0.0000	0.005	0.148	0.0073	0.475	0.808
20.907	0.0000	0.014	0.083	0.0115	0.539	0.818
20.912	0.0000	0.009	0.128	0.0095	0.504	0.809
20.917	0.0000	0.005	0.123	0.0081	0.506	0.806
20.922	0.0000	0.041	0.143	0.0125	0.494	0.773
20.927	0.0000	0.023	0.181	0.0116	0.403	0.758
20.932	0.0000	0.032	0.218	0.0102	0.403	0.781
20.937	0.0000	0.036	0.095	0.0171	0.336	0.725
20.942	0.0000	0.045	0.346	0.0383	0.020	0.386
20.947	0.0000	0.068	0.358	0.0105	0.013	0.293
20.952	0.0000	0.064	0.359	0.0097	0.018	0.356
20.957	0.0003	0.061	0.282	0.0297	0.125	0.521
20.962	0.0001	0.070	0.285	0.0206	0.071	0.561
20.967	0.0000	0.070	0.294	0.0144	0.059	0.573
20.972	0.0001	0.061	0.270	0.0248	0.045	0.499
20.977	0.0000	0.055	0.342	0.0093	0.038	0.473
20.982	0.0000	0.059	0.287	0.0155	0.094	0.606
20.987	0.0000	0.059	0.216	0.0171	0.085	0.582
20.992	0.0000	0.041	0.264	0.0125	0.061	0.587
20.997	0.0000	0.050	0.200	0.0128	0.072	0.599
21.002	0.0000	0.025	0.186	0.0176	0.102	0.623
21.007	0.0000	0.050	0.189	0.0190	0.068	0.562
21.012	0.0000	0.032	0.292	0.0186	0.047	0.500
21.017	0.0000	0.030	0.323	0.0281	0.030	0.443
21.022	0.0000	0.045	0.343	0.0155	0.028	0.378
21.027	0.0001	0.034	0.413	0.0193	0.051	0.332
21.032	0.0001	0.057	0.224	0.0205	0.151	0.319
21.037	0.0001	0.034	0.290	0.0197	0.222	0.323
21.042	0.0002	0.055	0.340	0.0200	0.097	0.340
21.047	0.0002	0.045	0.422	0.0218	0.056	0.359
21.052	0.0002	0.039	0.270	0.0154	0.058	0.355
21.057	0.0005	0.016	0.477	0.0321	0.076	0.377
21.062	0.0008	0.052	0.662	0.0197	0.037	0.350
21.067	0.0008	0.039	0.682	0.0169	0.037	0.377
21.072	0.0026	0.020	0.486	0.0141	0.057	0.412
21.077	0.0033	0.048	0.337	0.0155	0.102	0.422
21.082	0.0024	0.061	0.246	0.0173	0.121	0.392
21.087	0.0014	0.077	0.280	0.0140	0.096	0.409
21.092	0.0046	0.068	0.308	0.0134	0.130	0.406
21.097	0.0063	0.043	0.336	0.0146	0.130	0.388
21.102	0.0055	0.059	0.260	0.0162	0.139	0.389
21.107	0.0064	0.059	0.248	0.0143	0.271	0.422
21.112	0.0047	0.070	0.380	0.0211	0.209	0.416
21.117	0.0060	0.093	0.420	0.0166	0.127	0.403
21.122	0.0059	0.052	0.521	0.0139	0.096	0.381
21.127	0.0087	0.039	0.529	0.0129	0.076	0.365
21.132	0.0074	0.020	0.517	0.0112	0.154	0.408
21.137	0.0067	0.039	0.475	0.0145	0.187	0.427
21.142	0.0049	0.082	0.314	0.0113	0.188	0.461
21.147	0.0049	0.084	0.305	0.0150	0.271	0.513
21.152	0.0035	0.111	0.251	0.0126	0.263	0.485
21.157	0.0019	0.093	0.387	0.0186	0.227	0.486
21.162	0.0032	0.066	0.509	0.0126	0.127	0.453
21.167	0.0024	0.059	0.550	0.0113	0.133	0.491
21.172	0.0040	0.066	0.512	0.0160	0.098	0.491
21.177	0.0032	0.052	0.516	0.0110	0.121	0.485
21.182	0.0027	0.061	0.470	0.0134	0.229	0.490
21.187	0.0024	0.055	0.366	0.0109	0.280	0.491
21.192	0.0026	0.075	0.369	0.0155	0.224	0.497
21.197	0.0019	0.111	0.335	0.0148	0.130	0.440
21.202	0.0013	0.073	0.359	0.0110	0.163	0.491
21.207	0.0021	0.077	0.354	0.0154	0.179	0.486
21.212	0.0015	0.064	0.336	0.0120	0.246	0.512
21.217	0.0014	0.077	0.226	0.0117	0.215	0.505
21.222	0.0010	0.077	0.207	0.0117	0.298	0.502
21.227	0.0012	0.084	0.166	0.0165	0.263	0.491
21.232	0.0009	0.091	0.284	0.0116	0.185	0.488
21.237	0.0012	0.039	0.275	0.0142	0.244	0.492
21.242	0.0009	0.089	0.162	0.0139	0.348	0.500
21.247	0.0007	0.093	0.150	0.0116	0.358	0.524
21.252	0.0006	0.109	0.159	0.0119	0.359	0.523
21.257	0.0005	0.123	0.113	0.0122	0.463	0.517
21.262	0.0005	0.123	0.113	0.0122	0.463	0.517
21.267	0.0003	0.127	0.113	0.0122	0.463	0.517
21.272	0.0003	0.114	0.113	0.0122	0.463	0.517


##### CLIP 6  (file=zencastr-en_6049f1bff79637001585bcfa-00000_21.wav, duration=14.204s, sr=44100) #####

trail_thresh=0.01383  speech_thresh=0.01893

--- GOLD TOKENS (idx, text, start_s, end_s) ---
0	there	0.5010	0.6112
1	was	0.6122	0.8116
2	s-	0.8126	1.1100
3	uh	1.1110	1.3067
4	uh	1.3077	1.4325
5	sad	1.4335	1.6930
6	news	1.7040	2.0760
7	last	2.0830	2.3610
8	week	2.4020	2.6430
9	among	2.6440	2.9040
10	this	2.9060	3.0780
11	hilarity	3.0800	3.5298
12	of	3.5308	3.6450
13	uh	3.7978	3.9935
14	uh	3.9945	4.1207
15	hilarity	4.1217	4.4770
16	of	4.4790	4.5760
17	lady	4.5780	4.8350
18	gaga	4.8370	5.2270
19	that	5.2290	5.3390
20	ex	5.6020	5.8140
21	borough	5.8880	6.1810
22	keeper	6.1830	6.5109
23	willie	6.5119	6.7900
24	wiggum	6.7930	7.1060
25	has	7.4080	7.5835
26	died	7.6190	7.9030
27	was	8.2680	8.3830
28	there	8.3850	8.4875
29	any	8.4885	8.7050
30	truth	8.7560	9.0561
31	in	9.0571	9.1640
32	those	9.1660	9.4110
33	stories	9.4130	9.8710
34	that	9.8730	10.0060
35	he	10.0080	10.1020
36	used	10.1040	10.2670
37	to	10.2820	10.3370
38	take	10.3390	10.5614
39	a	10.5624	10.6375
40	drag	10.6660	11.0047
41	on	11.1920	11.3293
42	cigarettes	11.3303	11.9412
43	offered	11.9422	12.1812
44	to	12.2022	12.2772
45	him	12.2782	12.4510
46	by	12.4540	12.6165
47	fans	12.6175	12.9600
48	behind	12.9620	13.2710
49	the	13.2730	13.3820
50	goal	13.3840	13.6610
51	do	13.6630	13.7302
52	you	13.7312	13.8218
53	think	13.8718	13.9600

--- RAW CTC (wav2vec2 forced-align, PRE-heuristic-refinement; idx, ctc_word_text, word_start_s, word_end_s, word_score, pipe_start_s, pipe_end_s) ---
0	there	0.4808	0.6010	6.861	0.6010	0.6210
1	was	0.6210	0.6812	4.566	0.6812	0.7012
2	s-	0.7012	0.7212	7.389	0.7413	0.7613
3	uh	0.7613	0.8615	1.641	0.9817	1.0017
4	uh	1.1820	1.4224	3.174	1.4825	1.5025
5	sad	1.5025	1.6828	10.871	1.7229	1.7429
6	news	1.7830	1.9833	11.738	1.9833	2.0835
7	last	2.1637	2.3440	13.322	2.3640	2.4041
8	week	2.4241	2.6044	13.600	2.6244	2.6645
9	among	2.6845	2.8648	10.911	2.8849	2.9249
10	this	2.9249	3.0451	10.998	3.0451	3.0652
11	hilarity	3.0852	3.5059	8.245	3.5260	3.5660
12	of	3.5660	3.6061	9.654	3.6061	3.6261
13	uh	3.6261	3.6662	0.472	3.6662	3.6862
14	uh	4.0468	4.0869	-0.937	4.0869	4.1069
15	hilarity	4.1069	4.4675	5.953	4.4675	4.4876
16	of	4.4876	4.5276	4.647	4.5677	4.5877
17	lady	4.6078	4.8081	9.982	4.8081	4.8482
18	gaga	4.8482	5.1487	11.121	5.2088	5.2288
19	that	5.2288	5.3290	5.990	5.3490	5.3891
20	ex	5.6896	5.7697	10.950	5.8499	5.8699
21	borough	5.8699	6.1704	9.185	6.1905	6.2105
22	keeper	6.2105	6.5110	10.096	6.5310	6.5711
23	willie	6.5711	6.7714	9.954	6.7714	6.8115
24	wiggum	6.8115	7.0719	9.007	7.0920	7.1521
25	has	7.4125	7.5327	10.775	7.5528	7.5928
26	died	7.6129	7.8933	11.655	7.8933	7.9534
27	was	8.2740	8.3741	8.781	8.3741	8.3942
28	there	8.3942	8.4943	8.213	8.4943	8.5144
29	any	8.5544	8.6947	10.699	8.6947	8.7348
30	truth	8.7748	9.0152	11.652	9.0353	9.0954
31	in	9.0954	9.1354	11.887	9.1354	9.1955
32	those	9.1955	9.3558	10.435	9.3758	9.3959
33	stories	9.4159	9.8366	11.729	9.8366	9.8767
34	that	9.8767	9.9769	10.646	9.9969	10.0169
35	he	10.0169	10.0570	6.259	10.0570	10.1171
36	used	10.1371	10.2573	12.003	10.2573	10.2974
37	to	10.2974	10.3375	13.276	10.3375	10.3775
38	take	10.3976	10.5378	13.027	10.5578	10.6179
39	a	10.6179	10.6380	11.680	10.6380	10.6780
40	drag	10.6981	10.9184	13.944	10.9585	11.0186
41	on	11.2590	11.3191	11.442	11.3592	11.3993
42	cigarettes	11.4393	11.9201	12.829	11.9201	11.9802
43	offered	12.0003	12.2006	11.502	12.2006	12.2407
44	to	12.2407	12.3008	9.841	12.3208	12.3609
45	him	12.3609	12.4210	9.860	12.4410	12.4811
46	by	12.4811	12.5813	10.752	12.6013	12.6614
47	fans	12.6814	12.9419	10.940	12.9419	12.9819
48	behind	13.0020	13.2424	10.793	13.2424	13.3025
49	the	13.3025	13.3826	10.815	13.3826	13.4227
50	goal	13.4227	13.6230	9.960	13.6430	13.6631
51	do	13.6631	13.7031	6.169	13.7031	13.7232
52	you	13.7232	13.8033	10.462	13.8233	13.8634
53	think	13.8634	14.0237	11.720		

--- WHISPER (Groq) OUTPUT (word, start_s, end_s) [independent ASR pass, own word segmentation -- not index-aligned to gold/CTC] ---
There	0.000	0.580
was	0.580	0.760
sad	0.760	1.640
news	1.640	2.000
last	2.000	2.320
week	2.320	2.600
among	2.600	2.800
this	2.800	3.080
hilarity	3.080	3.420
of	3.420	3.680
Lady	3.680	4.780
Gaga	4.780	5.060
that	5.060	5.340
ex-borough	5.340	6.060
keeper	6.060	6.460
Willie	6.460	6.720
Wiggum	6.720	7.040
has	7.040	7.540
died.	7.540	8.340
Was	8.280	8.420
there	8.420	8.500
any	8.500	8.680
truth	8.680	9.020
in	9.020	9.180
those	9.180	9.340
stories	9.340	9.800
that	9.800	10.000
he	10.000	10.100
used	10.100	10.220
to	10.220	10.340
take	10.340	10.540
a	10.540	10.720
drag	10.720	10.940
on	10.940	11.320
cigarettes	11.320	11.840
offered	11.840	12.100
to	12.100	12.320
him	12.320	12.420
by	12.420	12.600
fans	12.600	12.900
behind	12.900	13.220
the	13.220	13.460
goal,	13.460	13.680
do	13.680	13.760
you	13.760	13.820
think?	13.820	14.560

--- SIGNAL TRACE (hop=5ms; time_s, rms, zcr, voicing, spectral_flux, hf_ratio, spectral_flatness) ---
0.000	0.0003	0.045	0.031	0.0000	0.011	0.250
0.005	0.0003	0.052	0.048	0.0863	0.001	0.098
0.010	0.0005	0.023	0.315	0.0373	0.000	0.035
0.015	0.0006	0.014	0.385	0.0450	0.000	0.027
0.020	0.0119	0.009	0.606	0.0267	0.000	0.018
0.025	0.0209	0.011	0.661	0.0178	0.000	0.018
0.030	0.0333	0.009	0.592	0.0175	0.000	0.019
0.035	0.0202	0.009	0.574	0.0283	0.000	0.019
0.040	0.0149	0.011	0.558	0.0207	0.000	0.025
0.045	0.0525	0.023	0.600	0.0191	0.000	0.029
0.050	0.0462	0.007	0.469	0.0188	0.000	0.041
0.055	0.0290	0.005	0.368	0.0193	0.000	0.048
0.060	0.0127	0.014	0.279	0.0271	0.001	0.056
0.065	0.0171	0.020	0.321	0.0275	0.001	0.063
0.070	0.0171	0.020	0.334	0.0234	0.001	0.074
0.075	0.0109	0.009	0.242	0.0249	0.001	0.089
0.080	0.0056	0.016	0.246	0.0290	0.004	0.115
0.085	0.0044	0.020	0.218	0.0267	0.005	0.135
0.090	0.0027	0.027	0.285	0.0233	0.006	0.153
0.095	0.0026	0.030	0.235	0.0294	0.008	0.159
0.100	0.0020	0.027	0.364	0.0198	0.008	0.166
0.105	0.0023	0.018	0.402	0.0194	0.007	0.180
0.110	0.0017	0.036	0.380	0.0218	0.009	0.193
0.115	0.0016	0.025	0.334	0.0170	0.015	0.221
0.120	0.0009	0.025	0.382	0.0135	0.028	0.245
0.125	0.0006	0.027	0.378	0.0226	0.031	0.270
0.130	0.0004	0.043	0.280	0.0203	0.039	0.327
0.135	0.0003	0.050	0.218	0.0271	0.087	0.417
0.140	0.0004	0.050	0.291	0.0132	0.073	0.407
0.145	0.0007	0.045	0.328	0.0209	0.065	0.415
0.150	0.0004	0.014	0.224	0.0164	0.122	0.447
0.155	0.0003	0.014	0.211	0.0284	0.194	0.450
0.160	0.0002	0.041	0.434	0.0210	0.067	0.400
0.165	0.0003	0.039	0.315	0.0185	0.074	0.389
0.170	0.0002	0.014	0.129	0.0172	0.184	0.374
0.175	0.0004	0.014	0.174	0.0189	0.237	0.358
0.180	0.0004	0.014	0.285	0.0181	0.210	0.334
0.185	0.0005	0.041	0.433	0.0211	0.159	0.321
0.190	0.0008	0.050	0.333	0.0115	0.190	0.302
0.195	0.0012	0.059	0.323	0.0138	0.272	0.321
0.200	0.0021	0.068	0.187	0.0120	0.312	0.342
0.205	0.0015	0.095	0.237	0.0120	0.287	0.359
0.210	0.0023	0.082	0.299	0.0134	0.324	0.348
0.215	0.0030	0.111	0.253	0.0125	0.344	0.364
0.220	0.0044	0.061	0.279	0.0145	0.309	0.357
0.224	0.0044	0.111	0.305	0.0176	0.244	0.333
0.229	0.0062	0.066	0.281	0.0101	0.321	0.324
0.234	0.0053	0.075	0.327	0.0149	0.287	0.315
0.239	0.0072	0.093	0.248	0.0125	0.186	0.317
0.244	0.0073	0.082	0.245	0.0164	0.149	0.293
0.249	0.0054	0.052	0.275	0.0118	0.161	0.270
0.254	0.0059	0.064	0.201	0.0123	0.179	0.298
0.259	0.0076	0.052	0.195	0.0173	0.164	0.269
0.264	0.0057	0.055	0.254	0.0128	0.228	0.259
0.269	0.0072	0.059	0.200	0.0192	0.192	0.286
0.274	0.0065	0.070	0.181	0.0164	0.148	0.294
0.279	0.0060	0.066	0.243	0.0162	0.159	0.277
0.284	0.0053	0.059	0.246	0.0192	0.152	0.255
0.289	0.0061	0.068	0.219	0.0143	0.210	0.213
0.294	0.0052	0.064	0.256	0.0155	0.207	0.250
0.299	0.0070	0.077	0.212	0.0175	0.196	0.255
0.304	0.0059	0.064	0.316	0.0139	0.205	0.257
0.309	0.0066	0.068	0.232	0.0153	0.207	0.245
0.314	0.0054	0.073	0.223	0.0192	0.183	0.239
0.319	0.0067	0.066	0.211	0.0149	0.189	0.228
0.324	0.0055	0.059	0.228	0.0151	0.255	0.252
0.329	0.0058	0.070	0.216	0.0188	0.133	0.239
0.334	0.0050	0.066	0.223	0.0168	0.098	0.245
0.339	0.0054	0.059	0.236	0.0168	0.106	0.244
0.344	0.0049	0.057	0.259	0.0204	0.100	0.233
0.349	0.0059	0.057	0.262	0.0129	0.153	0.234
0.354	0.0077	0.052	0.329	0.0201	0.156	0.262
0.359	0.0053	0.068	0.364	0.0154	0.082	0.220
0.364	0.0065	0.050	0.402	0.0163	0.103	0.213
0.369	0.0098	0.055	0.299	0.0140	0.110	0.222
0.374	0.0079	0.055	0.267	0.0208	0.119	0.237
0.379	0.0058	0.068	0.421	0.0198	0.061	0.210
0.384	0.0048	0.061	0.408	0.0127	0.071	0.208
0.389	0.0074	0.050	0.382	0.0183	0.132	0.211
0.394	0.0054	0.052	0.293	0.0149	0.119	0.216
0.399	0.0046	0.057	0.233	0.0179	0.194	0.207
0.404	0.0046	0.066	0.331	0.0212	0.142	0.189
0.409	0.0051	0.075	0.426	0.0200	0.070	0.161
0.414	0.0050	0.057	0.472	0.0134	0.060	0.152
0.419	0.0084	0.036	0.426	0.0219	0.052	0.155
0.424	0.0056	0.036	0.510	0.0200	0.033	0.143
0.429	0.0051	0.032	0.448	0.0155	0.026	0.145
0.434	0.0061	0.009	0.377	0.0179	0.039	0.160
0.439	0.0038	0.032	0.545	0.0255	0.018	0.146
0.444	0.0022	0.055	0.613	0.0222	0.010	0.139
0.449	0.0052	0.014	0.541	0.0168	0.010	0.126
0.454	0.0049	0.011	0.353	0.0175	0.012	0.142
0.459	0.0026	0.036	0.238	0.0156	0.013	0.168
0.464	0.0019	0.039	0.204	0.0377	0.012	0.177
0.469	0.0009	0.027	0.563	0.0167	0.009	0.204
0.474	0.0009	0.023	0.488	0.0113	0.009	0.243
0.479	0.0008	0.007	0.482	0.0408	0.011	0.243
0.484	0.0004	0.023	0.387	0.0136	0.018	0.313
0.489	0.0004	0.032	0.300	0.0380	0.032	0.301
0.494	0.0003	0.030	0.024	0.1239	0.003	0.175
0.499	0.0003	0.050	0.270	0.0531	0.000	0.034
0.504	0.0006	0.009	0.464	0.0742	0.000	0.022
0.509	0.0033	0.005	0.699	0.0215	0.000	0.013
0.514	0.0381	0.009	0.691	0.0125	0.000	0.012
0.519	0.0925	0.007	0.708	0.0162	0.000	0.012
0.524	0.1324	0.009	0.691	0.0143	0.000	0.013
0.529	0.1544	0.011	0.720	0.0104	0.000	0.012
0.534	0.1047	0.016	0.725	0.0073	0.000	0.013
0.539	0.1388	0.018	0.698	0.0082	0.000	0.013
0.544	0.1150	0.018	0.679	0.0150	0.000	0.015
0.549	0.1230	0.020	0.720	0.0158	0.000	0.013
0.554	0.1201	0.014	0.716	0.0110	0.000	0.014
0.559	0.1352	0.023	0.680	0.0086	0.000	0.014
0.564	0.1525	0.018	0.709	0.0131	0.000	0.017
0.569	0.1457	0.011	0.721	0.0099	0.000	0.016
0.574	0.1765	0.007	0.725	0.0067	0.000	0.017
0.579	0.1429	0.009	0.714	0.0099	0.000	0.018
0.584	0.1223	0.007	0.695	0.0126	0.000	0.018
0.589	0.0821	0.009	0.674	0.0099	0.000	0.021
0.594	0.0875	0.011	0.660	0.0104	0.000	0.021
0.599	0.0701	0.018	0.668	0.0101	0.000	0.023
0.604	0.0816	0.014	0.682	0.0198	0.000	0.025
0.609	0.0899	0.016	0.692	0.0194	0.000	0.030
0.614	0.0895	0.018	0.651	0.0184	0.000	0.039
0.619	0.0751	0.009	0.603	0.0132	0.001	0.057
0.624	0.0456	0.014	0.601	0.0174	0.002	0.084
0.629	0.0525	0.016	0.620	0.0185	0.010	0.136
0.634	0.0736	0.018	0.602	0.0091	0.028	0.185
0.639	0.0702	0.020	0.497	0.0102	0.100	0.252
0.644	0.0533	0.027	0.429	0.0135	0.181	0.286
0.649	0.0383	0.041	0.319	0.0115	0.459	0.322
0.654	0.0296	0.082	0.211	0.0156	0.653	0.378
0.659	0.0278	0.130	0.179	0.0129	0.769	0.414
0.663	0.0268	0.155	0.185	0.0111	0.769	0.427
0.668	0.0219	0.141	0.157	0.0099	0.747	0.431
0.673	0.0257	0.130	0.138	0.0116	0.821	0.469
0.678	0.0206	0.166	0.143	0.0116	0.879	0.460
0.683	0.0202	0.166	0.118	0.0110	0.895	0.470
0.688	0.0212	0.186	0.131	0.0109	0.840	0.450
0.693	0.0172	0.198	0.127	0.0109	0.860	0.432
0.698	0.0220	0.184	0.134	0.0117	0.936	0.462
0.703	0.0196	0.191	0.123	0.0128	0.933	0.469
0.708	0.0169	0.186	0.144	0.0113	0.949	0.432
0.713	0.0157	0.175	0.133	0.0118	0.965	0.417
0.718	0.0193	0.189	0.166	0.0117	0.973	0.410
0.723	0.0209	0.180	0.156	0.0129	0.978	0.397
0.728	0.0203	0.175	0.148	0.0127	0.981	0.373
0.733	0.0220	0.177	0.154	0.0124	0.975	0.413
0.738	0.0212	0.182	0.150	0.0136	0.986	0.393
0.743	0.0150	0.186	0.140	0.0125	0.989	0.394
0.748	0.0237	0.195	0.166	0.0139	0.977	0.401
0.753	0.0202	0.177	0.120	0.0126	0.979	0.382
0.758	0.0131	0.175	0.138	0.0137	0.979	0.410
0.763	0.0168	0.166	0.121	0.0126	0.975	0.437
0.768	0.0178	0.184	0.150	0.0146	0.975	0.386
0.773	0.0118	0.184	0.180	0.0113	0.979	0.380
0.778	0.0192	0.180	0.184	0.0136	0.980	0.400
0.783	0.0150	0.195	0.180	0.0123	0.981	0.396
0.788	0.0155	0.191	0.154	0.0132	0.984	0.375
0.793	0.0131	0.180	0.173	0.0128	0.987	0.362
0.798	0.0139	0.202	0.208	0.0104	0.978	0.380
0.803	0.0174	0.164	0.218	0.0120	0.974	0.384
0.808	0.0142	0.205	0.201	0.0139	0.983	0.353
0.813	0.0126	0.170	0.214	0.0130	0.977	0.353
0.818	0.0150	0.166	0.155	0.0128	0.962	0.366
0.823	0.0129	0.189	0.144	0.0135	0.882	0.377
0.828	0.0103	0.191	0.362	0.0183	0.467	0.343
0.833	0.0097	0.161	0.479	0.0169	0.277	0.316
0.838	0.0155	0.082	0.612	0.0198	0.112	0.279
0.843	0.0126	0.064	0.637	0.0147	0.066	0.238
0.848	0.0093	0.055	0.656	0.0185	0.036	0.206
0.853	0.0089	0.030	0.599	0.0216	0.031	0.203
0.858	0.0099	0.036	0.551	0.0173	0.048	0.235
0.863	0.0182	0.034	0.529	0.0137	0.070	0.267
0.868	0.0210	0.032	0.551	0.0110	0.150	0.274
0.873	0.0224	0.016	0.573	0.0108	0.163	0.292
0.878	0.0195	0.050	0.516	0.0114	0.181	0.324
0.883	0.0214	0.043	0.491	0.0124	0.234	0.329
0.888	0.0131	0.068	0.390	0.0163	0.354	0.343
0.893	0.0171	0.070	0.400	0.0121	0.370	0.341
0.898	0.0073	0.132	0.484	0.0108	0.304	0.323
0.903	0.0161	0.070	0.530	0.0133	0.232	0.310
0.908	0.0177	0.061	0.593	0.0155	0.157	0.298
0.913	0.0234	0.032	0.581	0.0110	0.142	0.290
0.918	0.0131	0.041	0.586	0.0102	0.155	0.258
0.923	0.0120	0.064	0.587	0.0132	0.141	0.258
0.928	0.0178	0.057	0.565	0.0099	0.175	0.267
0.933	0.0210	0.036	0.534	0.0106	0.205	0.302
0.938	0.0271	0.025	0.399	0.0135	0.348	0.332
0.943	0.0129	0.077	0.271	0.0119	0.589	0.347
0.948	0.0181	0.093	0.171	0.0125	0.860	0.343
0.953	0.0127	0.168	0.139	0.0114	0.881	0.353
0.958	0.0139	0.173	0.182	0.0148	0.884	0.365
0.963	0.0095	0.173	0.149	0.0124	0.919	0.353
0.968	0.0134	0.150	0.167	0.0133	0.943	0.352
0.973	0.0091	0.166	0.150	0.0111	0.953	0.363
0.978	0.0128	0.182	0.133	0.0122	0.974	0.380
0.983	0.0091	0.170	0.140	0.0117	0.962	0.400
0.988	0.0078	0.173	0.161	0.0119	0.925	0.418
0.993	0.0064	0.186	0.132	0.0141	0.948	0.401
0.998	0.0055	0.155	0.136	0.0111	0.971	0.376
1.003	0.0071	0.173	0.163	0.0147	0.975	0.380
1.008	0.0063	0.182	0.137	0.0113	0.974	0.408
1.013	0.0070	0.170	0.245	0.0104	0.965	0.432
1.018	0.0057	0.177	0.155	0.0118	0.973	0.434
1.023	0.0048	0.161	0.140	0.0119	0.973	0.464
1.028	0.0066	0.177	0.143	0.0146	0.979	0.420
1.033	0.0042	0.177	0.141	0.0133	0.982	0.388
1.038	0.0058	0.180	0.138	0.0111	0.976	0.406
1.043	0.0072	0.177	0.138	0.0159	0.970	0.407
1.048	0.0040	0.170	0.154	0.0136	0.972	0.361
1.053	0.0037	0.159	0.137	0.0111	0.956	0.350
1.058	0.0037	0.152	0.158	0.0127	0.848	0.382
1.063	0.0041	0.155	0.215	0.0127	0.713	0.393
1.068	0.0039	0.145	0.400	0.0275	0.295	0.342
1.073	0.0028	0.120	0.522	0.0295	0.107	0.290
1.078	0.0030	0.052	0.733	0.0406	0.021	0.245
1.083	0.0049	0.018	0.783	0.0316	0.007	0.193
1.088	0.0063	0.014	0.821	0.0216	0.004	0.165
1.093	0.0095	0.009	0.763	0.0175	0.003	0.152
1.098	0.0079	0.009	0.785	0.0161	0.002	0.133
1.102	0.0090	0.009	0.733	0.0211	0.001	0.114
1.107	0.0092	0.009	0.783	0.0197	0.001	0.085
1.112	0.0126	0.009	0.781	0.0189	0.000	0.067
1.117	0.0138	0.009	0.834	0.0183	0.000	0.053
1.122	0.0229	0.009	0.825	0.0242	0.000	0.047
1.127	0.0272	0.009	0.833	0.0117	0.000	0.038
1.132	0.0343	0.009	0.805	0.0163	0.000	0.032
1.137	0.0364	0.009	0.743	0.0197	0.000	0.037
1.142	0.0399	0.009	0.713	0.0214	0.000	0.034
1.147	0.0362	0.009	0.715	0.0162	0.000	0.029
1.152	0.0318	0.007	0.714	0.0098	0.001	0.030
1.157	0.0267	0.009	0.682	0.0181	0.001	0.033
1.162	0.0331	0.007	0.685	0.0226	0.001	0.038
1.167	0.0324	0.009	0.658	0.0202	0.000	0.038
1.172	0.0396	0.007	0.693	0.0166	0.001	0.032
1.177	0.0415	0.018	0.682	0.0145	0.001	0.030
1.182	0.0426	0.011	0.676	0.0198	0.000	0.031
1.187	0.0331	0.011	0.707	0.0153	0.000	0.029
1.192	0.0423	0.011	0.717	0.0070	0.000	0.030
1.197	0.0444	0.011	0.678	0.0086	0.000	0.032
1.202	0.0459	0.011	0.626	0.0131	0.001	0.035
1.207	0.0431	0.014	0.617	0.0117	0.001	0.040
1.212	0.0345	0.020	0.673	0.0131	0.001	0.040
1.217	0.0323	0.011	0.700	0.0095	0.001	0.040
1.222	0.0384	0.011	0.649	0.0144	0.001	0.039
1.227	0.0349	0.011	0.646	0.0171	0.001	0.040
1.232	0.0218	0.016	0.611	0.0150	0.001	0.040
1.237	0.0204	0.011	0.524	0.0207	0.001	0.047
1.242	0.0140	0.016	0.537	0.0205	0.001	0.047
1.247	0.0262	0.025	0.514	0.0150	0.001	0.042
1.252	0.0258	0.011	0.378	0.0270	0.001	0.042
1.257	0.0178	0.020	0.451	0.0405	0.000	0.040
1.262	0.0106	0.020	0.605	0.0305	0.000	0.041
1.267	0.0225	0.011	0.678	0.0245	0.000	0.036
1.272	0.0181	0.011	0.652	0.0361	0.000	0.037
1.277	0.0184	0.011	0.583	0.0278	0.000	0.041
1.282	0.0155	0.016	0.488	0.0188	0.000	0.045
1.287	0.0105	0.014	0.493	0.0303	0.000	0.049
1.292	0.0075	0.020	0.520	0.0210	0.000	0.049
1.297	0.0071	0.030	0.397	0.0318	0.001	0.057
1.302	0.0062	0.014	0.333	0.0204	0.001	0.054
1.307	0.0048	0.023	0.331	0.0311	0.001	0.046
1.312	0.0068	0.016	0.357	0.0419	0.001	0.045
1.317	0.0111	0.018	0.518	0.0353	0.000	0.040
1.322	0.0100	0.023	0.612	0.0150	0.000	0.037
1.327	0.0224	0.011	0.648	0.0158	0.000	0.036
1.332	0.0299	0.009	0.632	0.0213	0.001	0.038
1.337	0.0213	0.009	0.653	0.0204	0.000	0.044
1.342	0.0163	0.007	0.689	0.0176	0.000	0.038
1.347	0.0172	0.009	0.683	0.0256	0.000	0.037
1.352	0.0283	0.007	0.675	0.0217	0.000	0.040
1.357	0.0199	0.018	0.652	0.0115	0.000	0.051
1.362	0.0206	0.020	0.675	0.0230	0.000	0.046
1.367	0.0142	0.009	0.692	0.0184	0.000	0.039
1.372	0.0251	0.011	0.720	0.0141	0.000	0.039
1.377	0.0239	0.009	0.686	0.0286	0.000	0.041
1.382	0.0296	0.009	0.698	0.0223	0.000	0.041
1.387	0.0297	0.007	0.716	0.0200	0.000	0.035
1.392	0.0356	0.009	0.771	0.0228	0.000	0.036
1.397	0.0486	0.007	0.776	0.0157	0.000	0.039
1.402	0.0462	0.009	0.817	0.0197	0.000	0.044
1.407	0.0618	0.007	0.784	0.0172	0.000	0.052
1.412	0.0681	0.009	0.726	0.0227	0.001	0.070
1.417	0.0683	0.009	0.559	0.0272	0.003	0.119
1.422	0.0351	0.007	0.301	0.0238	0.015	0.152
1.427	0.0192	0.020	0.362	0.0138	0.037	0.190
1.432	0.0227	0.025	0.355	0.0145	0.122	0.256
1.437	0.0263	0.023	0.220	0.0133	0.464	0.368
1.442	0.0105	0.080	0.176	0.0150	0.632	0.393
1.447	0.0117	0.095	0.214	0.0109	0.741	0.391
1.452	0.0142	0.107	0.260	0.0109	0.784	0.410
1.457	0.0120	0.148	0.178	0.0116	0.854	0.443
1.462	0.0124	0.161	0.149	0.0112	0.885	0.448
1.467	0.0117	0.173	0.130	0.0119	0.919	0.438
1.472	0.0100	0.191	0.142	0.0141	0.940	0.407
1.477	0.0081	0.175	0.163	0.0110	0.952	0.410
1.482	0.0100	0.141	0.145	0.0111	0.952	0.414
1.487	0.0087	0.180	0.123	0.0126	0.949	0.421
1.492	0.0093	0.170	0.178	0.0115	0.959	0.413
1.497	0.0069	0.170	0.163	0.0128	0.969	0.423
1.502	0.0092	0.164	0.153	0.0107	0.969	0.429
1.507	0.0088	0.164	0.131	0.0114	0.958	0.410
1.512	0.0086	0.180	0.159	0.0115	0.959	0.424
1.517	0.0108	0.170	0.205	0.0121	0.952	0.437
1.522	0.0114	0.166	0.217	0.0104	0.932	0.431
1.527	0.0155	0.170	0.116	0.0127	0.887	0.429
1.532	0.0145	0.180	0.103	0.0119	0.788	0.409
1.537	0.0167	0.177	0.237	0.0307	0.384	0.356
1.541	0.0186	0.132	0.366	0.0421	0.040	0.235
1.546	0.0168	0.100	0.514	0.0310	0.005	0.104
1.551	0.0507	0.009	0.620	0.0255	0.002	0.074
1.556	0.1164	0.020	0.646	0.0220	0.002	0.056
1.561	0.2211	0.018	0.703	0.0153	0.001	0.047
1.566	0.2710	0.020	0.779	0.0128	0.001	0.049
1.571	0.3314	0.018	0.794	0.0106	0.000	0.054
1.576	0.3787	0.025	0.776	0.0086	0.000	0.060
1.581	0.3703	0.025	0.763	0.0119	0.000	0.051
1.586	0.2541	0.023	0.745	0.0146	0.000	0.031
1.591	0.3748	0.025	0.755	0.0071	0.000	0.028
1.596	0.4068	0.027	0.737	0.0099	0.000	0.030
1.601	0.3899	0.027	0.667	0.0187	0.000	0.032
1.606	0.4097	0.025	0.647	0.0248	0.000	0.038
1.611	0.2944	0.014	0.664	0.0268	0.000	0.037
1.616	0.2779	0.014	0.545	0.0186	0.000	0.041
1.621	0.2698	0.023	0.422	0.0250	0.000	0.044
1.626	0.1670	0.018	0.322	0.0288	0.000	0.044
1.631	0.0950	0.018	0.352	0.0249	0.000	0.045
1.636	0.0380	0.030	0.461	0.0254	0.001	0.046
1.641	0.0482	0.018	0.478	0.0257	0.001	0.044
1.646	0.0338	0.018	0.526	0.0239	0.000	0.038
1.651	0.0348	0.023	0.593	0.0278	0.000	0.034
1.656	0.0322	0.009	0.610	0.0331	0.000	0.028
1.661	0.0278	0.016	0.585	0.0218	0.000	0.028
1.666	0.0250	0.025	0.680	0.0402	0.000	0.026
1.671	0.0244	0.018	0.673	0.0217	0.000	0.025
1.676	0.0241	0.014	0.596	0.0256	0.000	0.031
1.681	0.0116	0.016	0.506	0.0303	0.000	0.031
1.686	0.0081	0.020	0.525	0.0242	0.000	0.031
1.691	0.0079	0.020	0.567	0.0271	0.000	0.027
1.696	0.0095	0.009	0.354	0.0381	0.000	0.026
1.701	0.0072	0.018	0.374	0.0511	0.000	0.019
1.706	0.0053	0.011	0.597	0.0441	0.000	0.015
1.711	0.0076	0.009	0.706	0.0173	0.000	0.022
1.716	0.0160	0.005	0.689	0.0354	0.000	0.025
1.721	0.0273	0.005	0.728	0.0211	0.000	0.019
1.726	0.0335	0.005	0.716	0.0160	0.000	0.017
1.731	0.0457	0.005	0.723	0.0206	0.000	0.015
1.736	0.0468	0.005	0.732	0.0088	0.000	0.013
1.741	0.0549	0.005	0.735	0.0105	0.000	0.013
1.746	0.0597	0.005	0.747	0.0082	0.000	0.012
1.751	0.0692	0.002	0.753	0.0077	0.000	0.012
1.756	0.0779	0.005	0.751	0.0069	0.000	0.013
1.761	0.0832	0.005	0.752	0.0047	0.000	0.013
1.766	0.0852	0.009	0.740	0.0049	0.000	0.015
1.771	0.0864	0.009	0.726	0.0095	0.000	0.019
1.776	0.0867	0.009	0.719	0.0203	0.000	0.021
1.781	0.0914	0.009	0.723	0.0223	0.000	0.018
1.786	0.0923	0.009	0.742	0.0099	0.000	0.018
1.791	0.1025	0.009	0.745	0.0063	0.000	0.019
1.796	0.1100	0.009	0.745	0.0045	0.000	0.021
1.801	0.1194	0.009	0.736	0.0082	0.000	0.022
1.806	0.1279	0.009	0.743	0.0116	0.000	0.021
1.811	0.1368	0.009	0.745	0.0079	0.000	0.022
1.816	0.1462	0.009	0.748	0.0091	0.000	0.024
1.821	0.1472	0.009	0.748	0.0051	0.000	0.023
1.826	0.1486	0.009	0.745	0.0098	0.000	0.022
1.831	0.1434	0.007	0.746	0.0068	0.000	0.022
1.836	0.1266	0.009	0.745	0.0086	0.000	0.022
1.841	0.1120	0.009	0.745	0.0053	0.000	0.022
1.846	0.1008	0.009	0.741	0.0088	0.000	0.022
1.851	0.0886	0.009	0.735	0.0075	0.000	0.021
1.856	0.0745	0.009	0.744	0.0059	0.000	0.021
1.861	0.0738	0.014	0.716	0.0149	0.000	0.020
1.866	0.0744	0.011	0.727	0.0159	0.000	0.020
1.871	0.0700	0.011	0.714	0.0134	0.000	0.019
1.876	0.0660	0.011	0.724	0.0070	0.000	0.022
1.881	0.0579	0.018	0.729	0.0080	0.000	0.024
1.886	0.0673	0.018	0.708	0.0198	0.000	0.019
1.891	0.0809	0.018	0.717	0.0157	0.000	0.019
1.896	0.0996	0.014	0.709	0.0113	0.000	0.022
1.901	0.1088	0.014	0.715	0.0146	0.000	0.020
1.906	0.1055	0.016	0.706	0.0186	0.000	0.018
1.911	0.1052	0.023	0.728	0.0104	0.000	0.019
1.916	0.1073	0.023	0.705	0.0200	0.000	0.026
1.921	0.1114	0.018	0.712	0.0170	0.000	0.032
1.926	0.0987	0.005	0.717	0.0148	0.000	0.043
1.931	0.0878	0.009	0.676	0.0182	0.001	0.057
1.936	0.0836	0.009	0.671	0.0227	0.005	0.103
1.941	0.0550	0.007	0.628	0.0116	0.010	0.129
1.946	0.0308	0.005	0.575	0.0178	0.012	0.163
1.951	0.0354	0.009	0.594	0.0125	0.018	0.200
1.956	0.0610	0.030	0.598	0.0106	0.044	0.256
1.961	0.0457	0.027	0.607	0.0128	0.075	0.263
1.966	0.0450	0.011	0.613	0.0102	0.094	0.281
1.971	0.0375	0.018	0.555	0.0121	0.132	0.297
1.976	0.0433	0.052	0.455	0.0113	0.301	0.342
1.980	0.0439	0.050	0.294	0.0099	0.420	0.376
1.985	0.0350	0.089	0.231	0.0140	0.489	0.382
1.990	0.0245	0.118	0.221	0.0132	0.504	0.359
1.995	0.0224	0.105	0.280	0.0125	0.519	0.370
2.000	0.0212	0.093	0.270	0.0140	0.557	0.370
2.005	0.0302	0.143	0.215	0.0145	0.648	0.366
2.010	0.0264	0.102	0.222	0.0169	0.745	0.339
2.015	0.0226	0.116	0.287	0.0168	0.715	0.325
2.020	0.0421	0.100	0.265	0.0134	0.592	0.336
2.025	0.0329	0.091	0.337	0.0135	0.446	0.341
2.030	0.0319	0.084	0.428	0.0142	0.396	0.314
2.035	0.0239	0.073	0.461	0.0149	0.242	0.327
2.040	0.0312	0.057	0.537	0.0139	0.252	0.293
2.045	0.0326	0.048	0.525	0.0155	0.213	0.268
2.050	0.0254	0.043	0.465	0.0136	0.198	0.272
2.055	0.0149	0.055	0.438	0.0197	0.155	0.277
2.060	0.0116	0.066	0.483	0.0118	0.140	0.239
2.065	0.0204	0.059	0.475	0.0153	0.093	0.187
2.070	0.0176	0.041	0.440	0.0232	0.060	0.192
2.075	0.0125	0.043	0.300	0.0150	0.079	0.188
2.080	0.0120	0.041	0.343	0.0454	0.051	0.165
2.085	0.0059	0.059	0.532	0.0351	0.007	0.098
2.090	0.0102	0.023	0.697	0.0406	0.004	0.090
2.095	0.0162	0.011	0.765	0.0318	0.001	0.069
2.100	0.0168	0.009	0.722	0.0146	0.001	0.069
2.105	0.0263	0.007	0.405	0.0340	0.004	0.097
2.110	0.0106	0.011	0.580	0.0396	0.003	0.078
2.115	0.0112	0.014	0.584	0.0258	0.001	0.073
2.120	0.0148	0.014	0.615	0.0244	0.001	0.062
2.125	0.0166	0.009	0.595	0.0281	0.000	0.056
2.130	0.0091	0.007	0.602	0.0231	0.000	0.050
2.135	0.0107	0.009	0.630	0.0163	0.000	0.046
2.140	0.0408	0.007	0.654	0.0178	0.000	0.044
2.145	0.0571	0.009	0.656	0.0158	0.000	0.039
2.150	0.0671	0.007	0.666	0.0182	0.000	0.034
2.155	0.0866	0.007	0.578	0.0218	0.000	0.043
2.160	0.0812	0.009	0.427	0.0322	0.000	0.043
2.165	0.0915	0.007	0.527	0.0215	0.000	0.032
2.170	0.1381	0.020	0.608	0.0187	0.000	0.029
2.175	0.2958	0.020	0.609	0.0194	0.000	0.038
2.180	0.2596	0.030	0.666	0.0151	0.000	0.038
2.185	0.2654	0.023	0.707	0.0079	0.000	0.038
2.190	0.2292	0.016	0.687	0.0082	0.001	0.034
2.195	0.2150	0.016	0.695	0.0132	0.001	0.042
2.200	0.2444	0.023	0.636	0.0163	0.000	0.047
2.205	0.2437	0.023	0.565	0.0274	0.000	0.042
2.210	0.2298	0.030	0.515	0.0234	0.000	0.042
2.215	0.2253	0.027	0.292	0.0295	0.001	0.054
2.220	0.1477	0.023	0.314	0.0472	0.001	0.064
2.225	0.0912	0.027	0.371	0.0154	0.001	0.072
2.230	0.1580	0.030	0.340	0.0246	0.003	0.086
2.235	0.0917	0.018	0.312	0.0247	0.004	0.091
2.240	0.0491	0.025	0.295	0.0215	0.006	0.087
2.245	0.0497	0.014	0.328	0.0270	0.007	0.108
2.250	0.0399	0.030	0.397	0.0273	0.006	0.108
2.255	0.0274	0.027	0.424	0.0138	0.010	0.136
2.260	0.0203	0.027	0.475	0.0162	0.020	0.188
2.265	0.0326	0.030	0.363	0.0218	0.041	0.241
2.270	0.0183	0.034	0.328	0.0136	0.105	0.277
2.275	0.0306	0.055	0.225	0.0127	0.295	0.345
2.280	0.0168	0.077	0.247	0.0153	0.332	0.373
2.285	0.0182	0.066	0.210	0.0126	0.578	0.372
2.290	0.0183	0.109	0.147	0.0106	0.781	0.384
2.295	0.0178	0.159	0.132	0.0113	0.847	0.441
2.300	0.0168	0.155	0.150	0.0103	0.897	0.459
2.305	0.0177	0.180	0.149	0.0130	0.906	0.447
2.310	0.0177	0.168	0.126	0.0119	0.924	0.415
2.315	0.0148	0.159	0.116	0.0141	0.933	0.411
2.320	0.0153	0.168	0.136	0.0130	0.944	0.389
2.325	0.0156	0.164	0.253	0.0146	0.928	0.377
2.330	0.0220	0.134	0.219	0.0110	0.920	0.373
2.335	0.0201	0.130	0.178	0.0141	0.938	0.406
2.340	0.0217	0.150	0.148	0.0122	0.922	0.432
2.345	0.0197	0.143	0.148	0.0115	0.828	0.426
2.350	0.0178	0.141	0.110	0.0123	0.779	0.445
2.355	0.0136	0.159	0.135	0.0099	0.721	0.451
2.360	0.0127	0.168	0.162	0.0114	0.659	0.457
2.365	0.0151	0.157	0.185	0.0115	0.543	0.461
2.370	0.0132	0.123	0.216	0.0107	0.558	0.462
2.375	0.0127	0.134	0.217	0.0138	0.416	0.474
2.380	0.0103	0.148	0.228	0.0115	0.418	0.488
2.385	0.0085	0.134	0.211	0.0160	0.341	0.467
2.390	0.0062	0.139	0.164	0.0124	0.286	0.415
2.395	0.0084	0.084	0.175	0.0293	0.255	0.403
2.400	0.0043	0.100	0.330	0.0441	0.051	0.325
2.405	0.0038	0.073	0.422	0.0310	0.009	0.206
2.410	0.0080	0.018	0.585	0.0189	0.005	0.157
2.415	0.0146	0.016	0.631	0.0191	0.001	0.106
2.420	0.0342	0.009	0.604	0.0136	0.001	0.086
2.424	0.0333	0.005	0.619	0.0113	0.000	0.061
2.429	0.0236	0.007	0.584	0.0140	0.000	0.049
2.434	0.0373	0.007	0.635	0.0218	0.000	0.034
2.439	0.0661	0.009	0.644	0.0231	0.000	0.029
2.444	0.0659	0.007	0.658	0.0302	0.000	0.021
2.449	0.0794	0.007	0.634	0.0205	0.000	0.022
2.454	0.0759	0.007	0.634	0.0164	0.000	0.022
2.459	0.0963	0.007	0.654	0.0136	0.000	0.022
2.464	0.1150	0.009	0.658	0.0090	0.000	0.025
2.469	0.1406	0.011	0.667	0.0178	0.000	0.026
2.474	0.1627	0.011	0.662	0.0177	0.000	0.024
2.479	0.1379	0.014	0.711	0.0148	0.000	0.024
2.484	0.1706	0.011	0.751	0.0132	0.000	0.025
2.489	0.1512	0.014	0.760	0.0105	0.000	0.026
2.494	0.2323	0.007	0.775	0.0162	0.000	0.033
2.499	0.2139	0.014	0.733	0.0157	0.000	0.032
2.504	0.2401	0.011	0.708	0.0110	0.000	0.037
2.509	0.1815	0.009	0.667	0.0245	0.000	0.041
2.514	0.1553	0.009	0.697	0.0193	0.001	0.053
2.519	0.1068	0.011	0.675	0.0145	0.001	0.061
2.524	0.0660	0.009	0.661	0.0196	0.001	0.074
2.529	0.0549	0.007	0.613	0.0132	0.001	0.084
2.534	0.0447	0.009	0.464	0.0119	0.003	0.107
2.539	0.0596	0.007	0.379	0.0205	0.009	0.142
2.544	0.0400	0.009	0.337	0.0223	0.010	0.164
2.549	0.0160	0.027	0.483	0.0251	0.010	0.173
2.554	0.0117	0.020	0.576	0.0165	0.005	0.173
2.559	0.0071	0.036	0.617	0.0375	0.004	0.160
2.564	0.0131	0.025	0.597	0.0336	0.003	0.140
2.569	0.0129	0.014	0.656	0.0324	0.001	0.115
2.574	0.0091	0.005	0.682	0.0162	0.001	0.100
2.579	0.0136	0.005	0.666	0.0295	0.001	0.110
2.584	0.0132	0.011	0.587	0.0200	0.008	0.186
2.589	0.0093	0.020	0.470	0.0215	0.036	0.253
2.594	0.0054	0.034	0.354	0.0183	0.117	0.309
2.599	0.0036	0.027	0.305	0.0150	0.144	0.305
2.604	0.0051	0.066	0.204	0.0160	0.244	0.301
2.609	0.0086	0.080	0.150	0.0153	0.270	0.292
2.614	0.0046	0.080	0.202	0.0157	0.208	0.309
2.619	0.0092	0.082	0.200	0.0135	0.179	0.319
2.624	0.0103	0.068	0.132	0.0200	0.156	0.275
2.629	0.0140	0.075	0.255	0.0411	0.045	0.205
2.634	0.0145	0.082	0.442	0.0443	0.006	0.125
2.639	0.0235	0.023	0.579	0.0309	0.003	0.103
2.644	0.0317	0.020	0.634	0.0153	0.002	0.074
2.649	0.0625	0.009	0.578	0.0195	0.002	0.065
2.654	0.0810	0.007	0.639	0.0153	0.001	0.050
2.659	0.0575	0.007	0.657	0.0146	0.001	0.044
2.664	0.0985	0.018	0.610	0.0201	0.000	0.035
2.669	0.1071	0.009	0.528	0.0195	0.000	0.033
2.674	0.0824	0.011	0.361	0.0382	0.000	0.042
2.679	0.0668	0.005	0.410	0.0447	0.000	0.037
2.684	0.0186	0.018	0.665	0.0186	0.000	0.027
2.689	0.0388	0.002	0.678	0.0202	0.000	0.024
2.694	0.0419	0.005	0.663	0.0193	0.000	0.021
2.699	0.0479	0.005	0.676	0.0235	0.000	0.019
2.704	0.0519	0.002	0.671	0.0224	0.000	0.019
2.709	0.0338	0.005	0.676	0.0257	0.000	0.018
2.714	0.0480	0.005	0.690	0.0227	0.000	0.017
2.719	0.0728	0.002	0.681	0.0192	0.000	0.017
2.724	0.0544	0.005	0.643	0.0148	0.000	0.020
2.729	0.0493	0.005	0.571	0.0268	0.000	0.029
2.734	0.0404	0.002	0.542	0.0263	0.000	0.029
2.739	0.0363	0.005	0.571	0.0281	0.000	0.023
2.744	0.0611	0.009	0.613	0.0157	0.000	0.024
2.749	0.0888	0.007	0.701	0.0108	0.000	0.023
2.754	0.1371	0.018	0.709	0.0150	0.000	0.021
2.759	0.1430	0.011	0.690	0.0219	0.000	0.019
2.764	0.0846	0.014	0.706	0.0165	0.000	0.019
2.769	0.0541	0.016	0.666	0.0094	0.000	0.020
2.774	0.0808	0.016	0.651	0.0096	0.000	0.022
2.779	0.0650	0.014	0.668	0.0149	0.000	0.021
2.784	0.0899	0.011	0.650	0.0192	0.000	0.024
2.789	0.1123	0.018	0.714	0.0134	0.000	0.023
2.794	0.1106	0.016	0.704	0.0126	0.000	0.023
2.799	0.1011	0.018	0.682	0.0135	0.000	0.022
2.804	0.0553	0.011	0.671	0.0211	0.000	0.023
2.809	0.0367	0.011	0.641	0.0127	0.000	0.023
2.814	0.0265	0.014	0.659	0.0154	0.000	0.025
2.819	0.0563	0.016	0.693	0.0086	0.000	0.024
2.824	0.0740	0.009	0.684	0.0095	0.000	0.027
2.829	0.0879	0.009	0.688	0.0329	0.000	0.024
2.834	0.0760	0.011	0.686	0.0295	0.001	0.026
2.839	0.0342	0.005	0.665	0.0242	0.001	0.025
2.844	0.0148	0.018	0.640	0.0273	0.000	0.028
2.849	0.0780	0.007	0.660	0.0156	0.000	0.032
2.854	0.0944	0.014	0.661	0.0183	0.000	0.033
2.859	0.0631	0.009	0.666	0.0156	0.000	0.030
2.863	0.0405	0.007	0.645	0.0202	0.001	0.031
2.868	0.0239	0.005	0.680	0.0132	0.000	0.027
2.873	0.0694	0.011	0.704	0.0138	0.000	0.025
2.878	0.0850	0.009	0.692	0.0153	0.000	0.026
2.883	0.0583	0.005	0.685	0.0078	0.000	0.025
2.888	0.0258	0.007	0.678	0.0127	0.000	0.025
2.893	0.0369	0.014	0.623	0.0144	0.000	0.037
2.898	0.0724	0.007	0.631	0.0251	0.000	0.040
2.903	0.0756	0.011	0.588	0.0239	0.000	0.047
2.908	0.0609	0.014	0.607	0.0210	0.000	0.052
2.913	0.0357	0.011	0.646	0.0228	0.000	0.045
2.918	0.0553	0.007	0.656	0.0154	0.001	0.049
2.923	0.1227	0.009	0.657	0.0141	0.002	0.054
2.928	0.1161	0.011	0.648	0.0165	0.003	0.054
2.933	0.0695	0.009	0.616	0.0160	0.003	0.058
2.938	0.1038	0.016	0.594	0.0213	0.001	0.064
2.943	0.1025	0.020	0.544	0.0252	0.001	0.070
2.948	0.1420	0.009	0.481	0.0199	0.001	0.079
2.953	0.0728	0.009	0.341	0.0310	0.002	0.091
2.958	0.0395	0.018	0.245	0.0326	0.002	0.090
2.963	0.0826	0.009	0.400	0.0292	0.007	0.142
2.968	0.0283	0.016	0.472	0.0181	0.015	0.175
2.973	0.0207	0.016	0.411	0.0136	0.058	0.257
2.978	0.0244	0.014	0.422	0.0125	0.156	0.293
2.983	0.0202	0.039	0.203	0.0127	0.483	0.374
2.988	0.0144	0.084	0.150	0.0124	0.586	0.377
2.993	0.0105	0.109	0.167	0.0106	0.557	0.388
2.998	0.0159	0.114	0.153	0.0121	0.611	0.402
3.003	0.0178	0.125	0.148	0.0110	0.680	0.413
3.008	0.0165	0.130	0.113	0.0119	0.713	0.393
3.013	0.0160	0.116	0.149	0.0111	0.737	0.416
3.018	0.0182	0.150	0.110	0.0123	0.740	0.423
3.023	0.0170	0.164	0.109	0.0108	0.734	0.427
3.028	0.0161	0.152	0.119	0.0115	0.731	0.417
3.033	0.0135	0.159	0.091	0.0125	0.669	0.411
3.038	0.0117	0.152	0.122	0.0120	0.618	0.408
3.043	0.0134	0.120	0.160	0.0121	0.562	0.395
3.048	0.0122	0.143	0.149	0.0151	0.474	0.395
3.053	0.0109	0.127	0.132	0.0115	0.431	0.386
3.058	0.0142	0.102	0.153	0.0147	0.382	0.364
3.063	0.0080	0.134	0.291	0.0152	0.259	0.317
3.068	0.0107	0.077	0.203	0.0155	0.177	0.286
3.073	0.0075	0.070	0.149	0.0328	0.091	0.219
3.078	0.0053	0.061	0.149	0.0426	0.041	0.174
3.083	0.0091	0.059	0.347	0.0292	0.013	0.125
3.088	0.0066	0.030	0.544	0.0238	0.009	0.110
3.093	0.0315	0.014	0.576	0.0229	0.005	0.085
3.098	0.0402	0.016	0.556	0.0219	0.003	0.068
3.103	0.0430	0.014	0.600	0.0153	0.001	0.050
3.108	0.0309	0.014	0.635	0.0208	0.001	0.046
3.113	0.0697	0.016	0.632	0.0152	0.000	0.039
3.118	0.1315	0.023	0.586	0.0168	0.000	0.034
3.123	0.0841	0.011	0.573	0.0269	0.000	0.025
3.128	0.0675	0.007	0.601	0.0177	0.000	0.023
3.133	0.0934	0.007	0.637	0.0195	0.000	0.025
3.138	0.0888	0.011	0.666	0.0133	0.000	0.024
3.143	0.1165	0.009	0.600	0.0194	0.000	0.023
3.148	0.0779	0.011	0.525	0.0217	0.000	0.024
3.153	0.0891	0.016	0.535	0.0262	0.000	0.026
3.158	0.1223	0.023	0.396	0.0224	0.000	0.026
3.163	0.2219	0.030	0.472	0.0376	0.000	0.022
3.168	0.1307	0.014	0.618	0.0123	0.000	0.018
3.173	0.1192	0.018	0.618	0.0186	0.000	0.021
3.178	0.2055	0.018	0.658	0.0104	0.000	0.021
3.183	0.2898	0.016	0.679	0.0129	0.000	0.022
3.188	0.3751	0.018	0.652	0.0071	0.000	0.021
3.193	0.2717	0.014	0.672	0.0103	0.000	0.024
3.198	0.2319	0.018	0.657	0.0097	0.000	0.026
3.203	0.2686	0.016	0.641	0.0119	0.000	0.029
3.208	0.2996	0.011	0.629	0.0102	0.000	0.027
3.213	0.2118	0.016	0.616	0.0159	0.000	0.027
3.218	0.1180	0.014	0.610	0.0122	0.000	0.028
3.223	0.0953	0.016	0.638	0.0224	0.000	0.029
3.228	0.1567	0.018	0.687	0.0163	0.000	0.025
3.233	0.2095	0.018	0.684	0.0140	0.000	0.020
3.238	0.1205	0.016	0.644	0.0201	0.000	0.018
3.243	0.0935	0.018	0.662	0.0180	0.000	0.015
3.248	0.1288	0.018	0.673	0.0139	0.000	0.014
3.253	0.2117	0.025	0.673	0.0104	0.000	0.014
3.258	0.1978	0.025	0.660	0.0109	0.000	0.014
3.263	0.1248	0.018	0.654	0.0147	0.000	0.014
3.268	0.1141	0.030	0.679	0.0087	0.000	0.014
3.273	0.1888	0.020	0.671	0.0094	0.000	0.017
3.278	0.2628	0.020	0.657	0.0085	0.000	0.018
3.283	0.2367	0.018	0.625	0.0174	0.000	0.017
3.288	0.1349	0.020	0.625	0.0228	0.000	0.017
3.293	0.1776	0.020	0.660	0.0160	0.000	0.018
3.298	0.2582	0.009	0.687	0.0143	0.000	0.021
3.302	0.2555	0.016	0.657	0.0172	0.000	0.024
3.307	0.1779	0.009	0.664	0.0170	0.000	0.026
3.312	0.1921	0.016	0.616	0.0135	0.000	0.028
3.317	0.2138	0.011	0.514	0.0236	0.000	0.030
3.322	0.1886	0.009	0.424	0.0325	0.000	0.041
3.327	0.0670	0.018	0.286	0.0460	0.000	0.036
3.332	0.0424	0.018	0.397	0.0232	0.000	0.048
3.337	0.1041	0.009	0.431	0.0256	0.001	0.075
3.342	0.0544	0.011	0.589	0.0227	0.003	0.119
3.347	0.0353	0.020	0.539	0.0130	0.007	0.150
3.352	0.0373	0.014	0.517	0.0124	0.025	0.198
3.357	0.0286	0.025	0.523	0.0195	0.029	0.233
3.362	0.0203	0.025	0.525	0.0358	0.006	0.182
3.367	0.0149	0.009	0.553	0.0261	0.002	0.136
3.372	0.0139	0.011	0.484	0.0308	0.002	0.110
3.377	0.0089	0.014	0.501	0.0212	0.002	0.141
3.382	0.0105	0.005	0.568	0.0312	0.002	0.137
3.387	0.0086	0.011	0.583	0.0138	0.004	0.177
3.392	0.0047	0.011	0.452	0.0158	0.037	0.346
3.397	0.0094	0.023	0.401	0.0112	0.130	0.426
3.402	0.0038	0.036	0.154	0.0154	0.649	0.433
3.407	0.0097	0.118	0.144	0.0118	0.883	0.417
3.412	0.0072	0.161	0.168	0.0107	0.951	0.415
3.417	0.0132	0.198	0.149	0.0124	0.936	0.425
3.422	0.0145	0.157	0.148	0.0124	0.892	0.427
3.427	0.0128	0.173	0.132	0.0128	0.858	0.419
3.432	0.0132	0.159	0.174	0.0107	0.885	0.371
3.437	0.0134	0.136	0.194	0.0132	0.787	0.376
3.442	0.0137	0.148	0.094	0.0246	0.591	0.370
3.447	0.0114	0.139	0.172	0.0445	0.222	0.297
3.452	0.0084	0.139	0.316	0.0471	0.012	0.147
3.457	0.0119	0.032	0.501	0.0435	0.003	0.097
3.462	0.0488	0.023	0.607	0.0201	0.001	0.069
3.467	0.0839	0.014	0.654	0.0173	0.001	0.057
3.472	0.0996	0.007	0.666	0.0143	0.001	0.051
3.477	0.1021	0.007	0.647	0.0120	0.001	0.051
3.482	0.0857	0.009	0.627	0.0129	0.000	0.046
3.487	0.0932	0.009	0.610	0.0215	0.000	0.043
3.492	0.0700	0.011	0.615	0.0118	0.001	0.045
3.497	0.0920	0.020	0.596	0.0129	0.001	0.050
3.502	0.0705	0.014	0.589	0.0206	0.000	0.046
3.507	0.0764	0.009	0.594	0.0151	0.000	0.042
3.512	0.0582	0.011	0.608	0.0141	0.000	0.034
3.517	0.0682	0.009	0.622	0.0152	0.000	0.033
3.522	0.0904	0.016	0.630	0.0166	0.000	0.030
3.527	0.1703	0.009	0.651	0.0127	0.000	0.026
3.532	0.0703	0.009	0.645	0.0147	0.000	0.025
3.537	0.1223	0.011	0.663	0.0094	0.000	0.026
3.542	0.1976	0.009	0.643	0.0234	0.000	0.023
3.547	0.1864	0.011	0.659	0.0181	0.000	0.020
3.552	0.1268	0.009	0.652	0.0277	0.000	0.021
3.557	0.1661	0.009	0.604	0.0176	0.000	0.021
3.562	0.1943	0.011	0.568	0.0189	0.000	0.021
3.567	0.1017	0.014	0.586	0.0208	0.000	0.020
3.572	0.1174	0.009	0.503	0.0252	0.000	0.027
3.577	0.1398	0.007	0.541	0.0296	0.000	0.042
3.582	0.0442	0.016	0.547	0.0162	0.001	0.071
3.587	0.0756	0.011	0.493	0.0137	0.002	0.104
3.592	0.0674	0.009	0.492	0.0240	0.004	0.141
3.597	0.0319	0.030	0.566	0.0193	0.006	0.159
3.602	0.0253	0.032	0.563	0.0229	0.009	0.180
3.607	0.0337	0.016	0.581	0.0188	0.007	0.159
3.612	0.0344	0.020	0.645	0.0160	0.004	0.161
3.617	0.0117	0.023	0.575	0.0121	0.004	0.171
3.622	0.0222	0.043	0.521	0.0238	0.005	0.189
3.627	0.0317	0.007	0.545	0.0309	0.007	0.202
3.632	0.0036	0.023	0.428	0.0383	0.010	0.221
3.637	0.0096	0.057	0.368	0.0354	0.014	0.229
3.642	0.0156	0.002	0.326	0.0230	0.018	0.247
3.647	0.0063	0.030	0.272	0.0288	0.015	0.242
3.652	0.0109	0.027	0.513	0.0210	0.015	0.256
3.657	0.0077	0.050	0.519	0.0326	0.018	0.262
3.662	0.0087	0.018	0.330	0.0231	0.031	0.286
3.667	0.0029	0.043	0.288	0.0298	0.018	0.241
3.672	0.0034	0.023	0.231	0.0284	0.015	0.253
3.677	0.0039	0.041	0.221	0.0442	0.011	0.236
3.682	0.0016	0.039	0.250	0.0524	0.004	0.191
3.687	0.0018	0.027	0.285	0.0514	0.002	0.127
3.692	0.0019	0.011	0.234	0.0481	0.000	0.085
3.697	0.0026	0.014	0.295	0.0411	0.000	0.070
3.702	0.0014	0.009	0.455	0.0150	0.000	0.069
3.707	0.0044	0.025	0.331	0.0290	0.000	0.068
3.712	0.0060	0.030	0.386	0.0271	0.001	0.095
3.717	0.0046	0.016	0.360	0.0256	0.001	0.095
3.722	0.0038	0.027	0.410	0.0361	0.002	0.124
3.727	0.0014	0.030	0.302	0.0573	0.002	0.115
3.732	0.0016	0.023	0.322	0.0506	0.001	0.086
3.737	0.0018	0.016	0.284	0.0404	0.001	0.085
3.741	0.0029	0.011	0.517	0.0520	0.002	0.112
3.746	0.0022	0.030	0.599	0.0228	0.001	0.096
3.751	0.0034	0.014	0.705	0.0313	0.001	0.078
3.756	0.0054	0.014	0.628	0.0317	0.001	0.083
3.761	0.0025	0.014	0.689	0.0253	0.001	0.134
3.766	0.0024	0.016	0.601	0.0327	0.002	0.180
3.771	0.0013	0.014	0.652	0.0238	0.007	0.203
3.776	0.0008	0.016	0.698	0.0224	0.007	0.212
3.781	0.0007	0.014	0.320	0.0179	0.039	0.295
3.786	0.0008	0.014	0.380	0.0466	0.034	0.230
3.791	0.0006	0.045	0.354	0.0246	0.012	0.172
3.796	0.0007	0.032	0.293	0.0289	0.006	0.137
3.801	0.0027	0.020	0.193	0.0235	0.001	0.066
3.806	0.0043	0.020	0.253	0.0410	0.001	0.064
3.811	0.0107	0.020	0.416	0.0393	0.000	0.043
3.816	0.0066	0.014	0.409	0.0211	0.000	0.036
3.821	0.0170	0.014	0.359	0.0230	0.000	0.034
3.826	0.0351	0.014	0.348	0.0308	0.000	0.037
3.831	0.0283	0.027	0.618	0.0188	0.000	0.031
3.836	0.0170	0.020	0.649	0.0182	0.000	0.034
3.841	0.0251	0.014	0.644	0.0096	0.001	0.030
3.846	0.0271	0.032	0.627	0.0103	0.001	0.031
3.851	0.0328	0.027	0.658	0.0099	0.001	0.035
3.856	0.0172	0.016	0.657	0.0082	0.001	0.035
3.861	0.0230	0.020	0.563	0.0098	0.001	0.038
3.866	0.0384	0.018	0.550	0.0212	0.001	0.040
3.871	0.0272	0.020	0.609	0.0169	0.000	0.038
3.876	0.0156	0.018	0.593	0.0165	0.000	0.042
3.881	0.0222	0.023	0.601	0.0235	0.000	0.039
3.886	0.0238	0.020	0.437	0.0235	0.000	0.042
3.891	0.0219	0.016	0.377	0.0342	0.000	0.049
3.896	0.0122	0.016	0.460	0.0216	0.001	0.059
3.901	0.0144	0.030	0.469	0.0282	0.001	0.078
3.906	0.0111	0.014	0.616	0.0217	0.001	0.078
3.911	0.0130	0.016	0.684	0.0239	0.000	0.066
3.916	0.0128	0.014	0.655	0.0252	0.000	0.069
3.921	0.0131	0.014	0.670	0.0256	0.000	0.081
3.926	0.0150	0.016	0.498	0.0417	0.000	0.085
3.931	0.0075	0.016	0.592	0.0386	0.000	0.076
3.936	0.0068	0.020	0.711	0.0377	0.000	0.075
3.941	0.0107	0.014	0.701	0.0223	0.000	0.063
3.946	0.0089	0.014	0.748	0.0296	0.000	0.069
3.951	0.0088	0.014	0.731	0.0202	0.000	0.067
3.956	0.0098	0.016	0.634	0.0274	0.000	0.094
3.961	0.0079	0.014	0.731	0.0364	0.000	0.081
3.966	0.0055	0.014	0.586	0.0308	0.000	0.063
3.971	0.0069	0.016	0.511	0.0364	0.000	0.065
3.976	0.0107	0.014	0.395	0.0368	0.000	0.060
3.981	0.0043	0.014	0.409	0.0185	0.001	0.076
3.986	0.0066	0.016	0.276	0.0457	0.001	0.097
3.991	0.0029	0.018	0.460	0.0525	0.001	0.099
3.996	0.0054	0.014	0.593	0.0284	0.000	0.066
4.001	0.0047	0.014	0.508	0.0156	0.000	0.057
4.006	0.0106	0.014	0.256	0.0259	0.001	0.060
4.011	0.0080	0.014	0.457	0.0251	0.000	0.048
4.016	0.0089	0.014	0.641	0.0162	0.000	0.044
4.021	0.0127	0.018	0.344	0.0425	0.000	0.038
4.026	0.0167	0.016	0.347	0.0360	0.000	0.037
4.031	0.0166	0.014	0.471	0.0339	0.000	0.031
4.036	0.0142	0.014	0.430	0.0406	0.000	0.029
4.041	0.0136	0.011	0.622	0.0225	0.000	0.026
4.046	0.0211	0.014	0.639	0.0084	0.000	0.026
4.051	0.0257	0.014	0.632	0.0101	0.001	0.028
4.056	0.0229	0.020	0.596	0.0115	0.001	0.032
4.061	0.0358	0.020	0.488	0.0167	0.001	0.037
4.066	0.0251	0.014	0.406	0.0198	0.001	0.049
4.071	0.0321	0.014	0.335	0.0297	0.001	0.063
4.076	0.0391	0.025	0.354	0.0295	0.001	0.068
4.081	0.0251	0.030	0.281	0.0234	0.001	0.067
4.086	0.0400	0.030	0.288	0.0248	0.002	0.080
4.091	0.0354	0.018	0.409	0.0240	0.003	0.087
4.096	0.0323	0.023	0.423	0.0262	0.002	0.093
4.101	0.0286	0.016	0.458	0.0311	0.002	0.106
4.106	0.0157	0.030	0.505	0.0350	0.001	0.099
4.111	0.0219	0.023	0.490	0.0255	0.001	0.079
4.116	0.0266	0.002	0.505	0.0361	0.001	0.066
4.121	0.0165	0.002	0.577	0.0237	0.000	0.047
4.126	0.0250	0.005	0.592	0.0183	0.000	0.044
4.131	0.0272	0.007	0.646	0.0170	0.000	0.035
4.136	0.0574	0.009	0.648	0.0138	0.000	0.032
4.141	0.0474	0.007	0.651	0.0190	0.000	0.027
4.146	0.0666	0.007	0.643	0.0180	0.000	0.027
4.151	0.0567	0.011	0.664	0.0132	0.000	0.025
4.156	0.0780	0.009	0.641	0.0065	0.000	0.031
4.161	0.0839	0.011	0.580	0.0248	0.000	0.045
4.166	0.0873	0.007	0.464	0.0170	0.000	0.049
4.171	0.1057	0.007	0.535	0.0229	0.000	0.039
4.176	0.0489	0.020	0.602	0.0242	0.000	0.033
4.180	0.1664	0.016	0.671	0.0140	0.000	0.028
4.185	0.2194	0.016	0.688	0.0108	0.000	0.026
4.190	0.2433	0.014	0.675	0.0120	0.000	0.024
4.195	0.2136	0.016	0.675	0.0135	0.000	0.021
4.200	0.2184	0.016	0.680	0.0100	0.000	0.017
4.205	0.3393	0.014	0.669	0.0149	0.000	0.016
4.210	0.3606	0.018	0.657	0.0137	0.000	0.017
4.215	0.3065	0.014	0.663	0.0104	0.000	0.019
4.220	0.2080	0.014	0.666	0.0118	0.000	0.022
4.225	0.1841	0.016	0.678	0.0115	0.000	0.021
4.230	0.2199	0.016	0.660	0.0122	0.000	0.020
4.235	0.2022	0.014	0.651	0.0162	0.000	0.019
4.240	0.2155	0.020	0.657	0.0184	0.000	0.018
4.245	0.2247	0.014	0.660	0.0161	0.000	0.018
4.250	0.1800	0.020	0.662	0.0133	0.000	0.015
4.255	0.1085	0.023	0.645	0.0165	0.000	0.014
4.260	0.1161	0.030	0.643	0.0181	0.000	0.015
4.265	0.1928	0.025	0.624	0.0158	0.000	0.016
4.270	0.2228	0.025	0.634	0.0185	0.000	0.018
4.275	0.1944	0.016	0.612	0.0160	0.000	0.019
4.280	0.1179	0.023	0.622	0.0142	0.000	0.017
4.285	0.1098	0.016	0.633	0.0174	0.000	0.016
4.290	0.1772	0.030	0.588	0.0150	0.000	0.015
4.295	0.2153	0.014	0.595	0.0163	0.000	0.018
4.300	0.1834	0.030	0.484	0.0300	0.000	0.021
4.305	0.1517	0.030	0.505	0.0251	0.000	0.021
4.310	0.1924	0.014	0.630	0.0247	0.000	0.020
4.315	0.1379	0.011	0.645	0.0206	0.000	0.022
4.320	0.1224	0.009	0.599	0.0137	0.000	0.024
4.325	0.1002	0.011	0.486	0.0148	0.000	0.031
4.330	0.1328	0.009	0.419	0.0373	0.000	0.053
4.335	0.0276	0.011	0.485	0.0189	0.001	0.064
4.340	0.0284	0.011	0.520	0.0149	0.003	0.099
4.345	0.0479	0.011	0.550	0.0131	0.006	0.122
4.350	0.0477	0.014	0.524	0.0206	0.005	0.138
4.355	0.0291	0.020	0.481	0.0209	0.002	0.120
4.360	0.0195	0.011	0.465	0.0181	0.002	0.115
4.365	0.0105	0.014	0.422	0.0151	0.002	0.114
4.370	0.0083	0.020	0.475	0.0213	0.001	0.082
4.375	0.0086	0.014	0.511	0.0191	0.001	0.071
4.380	0.0109	0.011	0.455	0.0171	0.001	0.071
4.385	0.0085	0.020	0.425	0.0115	0.006	0.174
4.390	0.0072	0.005	0.301	0.0119	0.124	0.395
4.395	0.0046	0.030	0.163	0.0130	0.352	0.473
4.400	0.0028	0.059	0.145	0.0108	0.724	0.473
4.405	0.0037	0.157	0.176	0.0116	0.851	0.458
4.410	0.0092	0.191	0.177	0.0113	0.919	0.425
4.415	0.0107	0.186	0.157	0.0147	0.920	0.383
4.420	0.0111	0.157	0.139	0.0107	0.902	0.401
4.425	0.0092	0.155	0.173	0.0137	0.866	0.392
4.430	0.0132	0.168	0.156	0.0126	0.792	0.357
4.435	0.0076	0.130	0.095	0.0270	0.653	0.317
4.440	0.0055	0.111	0.348	0.0489	0.060	0.207
4.445	0.0056	0.114	0.382	0.0451	0.010	0.127
4.450	0.0183	0.025	0.611	0.0324	0.001	0.070
4.455	0.0352	0.009	0.680	0.0197	0.000	0.054
4.460	0.0739	0.007	0.668	0.0167	0.000	0.060
4.465	0.0885	0.007	0.579	0.0173	0.001	0.074
4.470	0.0879	0.007	0.575	0.0184	0.001	0.055
4.475	0.0678	0.007	0.582	0.0172	0.000	0.045
4.480	0.0731	0.011	0.567	0.0146	0.000	0.040
4.485	0.0612	0.016	0.550	0.0277	0.000	0.039
4.490	0.0866	0.009	0.576	0.0220	0.000	0.031
4.495	0.0624	0.009	0.616	0.0361	0.000	0.030
4.500	0.0562	0.009	0.473	0.0282	0.000	0.045
4.505	0.0759	0.007	0.413	0.0450	0.000	0.060
4.510	0.0763	0.007	0.386	0.0223	0.002	0.107
4.515	0.0355	0.023	0.385	0.0325	0.002	0.129
4.520	0.0163	0.014	0.365	0.0199	0.002	0.148
4.525	0.0179	0.009	0.329	0.0257	0.003	0.180
4.530	0.0109	0.018	0.454	0.0441	0.003	0.163
4.535	0.0152	0.016	0.538	0.0445	0.003	0.162
4.540	0.0137	0.020	0.595	0.0182	0.006	0.186
4.545	0.0081	0.011	0.581	0.0207	0.008	0.204
4.550	0.0128	0.014	0.552	0.0126	0.014	0.189
4.555	0.0118	0.011	0.521	0.0229	0.011	0.172
4.560	0.0063	0.016	0.509	0.0219	0.009	0.146
4.565	0.0200	0.014	0.589	0.0199	0.005	0.121
4.570	0.0170	0.002	0.605	0.0380	0.001	0.073
4.575	0.0069	0.011	0.518	0.0183	0.001	0.055
4.580	0.0397	0.009	0.410	0.0314	0.001	0.033
4.585	0.0305	0.009	0.415	0.0369	0.000	0.024
4.590	0.0381	0.007	0.544	0.0225	0.000	0.021
4.595	0.0750	0.014	0.585	0.0228	0.000	0.020
4.600	0.1139	0.014	0.608	0.0183	0.000	0.019
4.605	0.0667	0.011	0.556	0.0228	0.000	0.023
4.610	0.1170	0.009	0.540	0.0215	0.000	0.026
4.615	0.1462	0.016	0.601	0.0197	0.000	0.030
4.620	0.0708	0.009	0.656	0.0340	0.000	0.030
4.624	0.0730	0.014	0.600	0.0160	0.000	0.034
4.629	0.1369	0.014	0.590	0.0124	0.000	0.037
4.634	0.0926	0.009	0.602	0.0211	0.000	0.039
4.639	0.0390	0.014	0.589	0.0232	0.000	0.038
4.644	0.1031	0.030	0.594	0.0178	0.000	0.038
4.649	0.1501	0.018	0.626	0.0179	0.000	0.032
4.654	0.0697	0.018	0.635	0.0148	0.000	0.034
4.659	0.1369	0.009	0.713	0.0195	0.000	0.030
4.664	0.1727	0.014	0.704	0.0251	0.000	0.029
4.669	0.0911	0.014	0.677	0.0108	0.000	0.034
4.674	0.1452	0.009	0.633	0.0121	0.000	0.030
4.679	0.1388	0.009	0.582	0.0222	0.000	0.026
4.684	0.0803	0.014	0.503	0.0244	0.000	0.030
4.689	0.0850	0.009	0.319	0.0283	0.000	0.043
4.694	0.0544	0.018	0.339	0.0391	0.000	0.039
4.699	0.0200	0.016	0.459	0.0274	0.000	0.027
4.704	0.0348	0.007	0.548	0.0283	0.000	0.024
4.709	0.0127	0.018	0.447	0.0194	0.000	0.022
4.714	0.0229	0.016	0.451	0.0164	0.000	0.036
4.719	0.0200	0.005	0.391	0.0274	0.008	0.093
4.724	0.0083	0.018	0.334	0.0150	0.011	0.111
4.729	0.0137	0.018	0.334	0.0229	0.021	0.165
4.734	0.0074	0.034	0.386	0.0198	0.018	0.149
4.739	0.0096	0.020	0.335	0.0396	0.005	0.102
4.744	0.0121	0.020	0.433	0.0317	0.002	0.075
4.749	0.0136	0.009	0.586	0.0264	0.000	0.050
4.754	0.0123	0.011	0.557	0.0160	0.000	0.042
4.759	0.0505	0.011	0.639	0.0223	0.000	0.041
4.764	0.0370	0.009	0.600	0.0271	0.000	0.039
4.769	0.0355	0.011	0.460	0.0207	0.000	0.036
4.774	0.0536	0.007	0.289	0.0341	0.000	0.042
4.779	0.0358	0.018	0.247	0.0315	0.000	0.045
4.784	0.0079	0.018	0.396	0.0481	0.000	0.034
4.789	0.0202	0.005	0.570	0.0552	0.000	0.029
4.794	0.0100	0.016	0.496	0.0414	0.000	0.032
4.799	0.0192	0.020	0.552	0.0436	0.000	0.042
4.804	0.0037	0.009	0.443	0.0398	0.000	0.051
4.809	0.0132	0.011	0.442	0.0547	0.000	0.073
4.814	0.0096	0.002	0.287	0.0284	0.003	0.149
4.819	0.0038	0.007	0.254	0.0146	0.008	0.174
4.824	0.0038	0.041	0.338	0.0190	0.011	0.199
4.829	0.0050	0.036	0.154	0.0270	0.015	0.195
4.834	0.0027	0.039	0.213	0.0677	0.005	0.117
4.839	0.0047	0.034	0.326	0.0287	0.001	0.047
4.844	0.0081	0.007	0.338	0.0434	0.000	0.031
4.849	0.0201	0.007	0.507	0.0243	0.000	0.024
4.854	0.0500	0.011	0.559	0.0216	0.000	0.023
4.859	0.1228	0.014	0.435	0.0387	0.000	0.024
4.864	0.0480	0.011	0.467	0.0258	0.000	0.021
4.869	0.0863	0.011	0.469	0.0214	0.000	0.018
4.874	0.1781	0.014	0.478	0.0267	0.000	0.016
4.879	0.1128	0.014	0.501	0.0178	0.000	0.015
4.884	0.1353	0.011	0.469	0.0247	0.000	0.016
4.889	0.1647	0.016	0.523	0.0158	0.000	0.015
4.894	0.1318	0.020	0.537	0.0162	0.000	0.016
4.899	0.1608	0.018	0.566	0.0244	0.000	0.015
4.904	0.1677	0.020	0.554	0.0240	0.000	0.016
4.909	0.1737	0.027	0.628	0.0229	0.000	0.015
4.914	0.1099	0.018	0.582	0.0143	0.000	0.015
4.919	0.1686	0.027	0.609	0.0134	0.000	0.012
4.924	0.1882	0.023	0.626	0.0243	0.000	0.011
4.929	0.1342	0.025	0.578	0.0164	0.000	0.012
4.934	0.2191	0.025	0.546	0.0234	0.000	0.011
4.939	0.1942	0.025	0.628	0.0187	0.000	0.010
4.944	0.1297	0.023	0.628	0.0137	0.000	0.011
4.949	0.2235	0.030	0.599	0.0114	0.000	0.011
4.954	0.2798	0.030	0.609	0.0151	0.000	0.012
4.959	0.1245	0.027	0.618	0.0165	0.000	0.014
4.964	0.1844	0.030	0.542	0.0156	0.000	0.013
4.969	0.2191	0.030	0.491	0.0175	0.000	0.013
4.974	0.1591	0.018	0.491	0.0167	0.000	0.015
4.979	0.1250	0.016	0.484	0.0190	0.000	0.016
4.984	0.1369	0.023	0.398	0.0239	0.000	0.019
4.989	0.1053	0.014	0.390	0.0282	0.000	0.021
4.994	0.0546	0.011	0.423	0.0305	0.000	0.025
4.999	0.0518	0.025	0.421	0.0207	0.000	0.020
5.004	0.0882	0.009	0.499	0.0321	0.000	0.019
5.009	0.0597	0.016	0.503	0.0208	0.000	0.020
5.014	0.0641	0.014	0.385	0.0205	0.000	0.022
5.019	0.0461	0.011	0.214	0.0270	0.000	0.021
5.024	0.0199	0.020	0.455	0.0253	0.000	0.021
5.029	0.0094	0.023	0.505	0.0247	0.000	0.022
5.034	0.0115	0.018	0.453	0.0239	0.000	0.024
5.039	0.0202	0.023	0.494	0.0226	0.000	0.033
5.044	0.0107	0.014	0.470	0.0250	0.000	0.045
5.049	0.0065	0.014	0.146	0.0293	0.000	0.061
5.054	0.0100	0.011	0.199	0.0595	0.000	0.042
5.059	0.0122	0.014	0.297	0.0311	0.000	0.023
5.063	0.0210	0.007	0.425	0.0205	0.000	0.020
5.068	0.0410	0.009	0.452	0.0247	0.000	0.023
5.073	0.0794	0.025	0.419	0.0235	0.000	0.021
5.078	0.1125	0.011	0.469	0.0166	0.000	0.017
5.083	0.0650	0.020	0.414	0.0243	0.000	0.017
5.088	0.1189	0.023	0.413	0.0248	0.000	0.015
5.093	0.1565	0.014	0.591	0.0186	0.000	0.015
5.098	0.0653	0.016	0.500	0.0226	0.000	0.014
5.103	0.1402	0.016	0.597	0.0281	0.000	0.013
5.108	0.1729	0.030	0.674	0.0164	0.000	0.012
5.113	0.0870	0.023	0.739	0.0149	0.000	0.012
5.118	0.1411	0.030	0.711	0.0118	0.000	0.014
5.123	0.1990	0.027	0.658	0.0192	0.000	0.014
5.128	0.1275	0.025	0.610	0.0222	0.000	0.014
5.133	0.1443	0.025	0.546	0.0250	0.000	0.016
5.138	0.1468	0.018	0.604	0.0211	0.000	0.017
5.143	0.0761	0.023	0.502	0.0253	0.000	0.018
5.148	0.1123	0.018	0.485	0.0173	0.000	0.019
5.153	0.1010	0.016	0.506	0.0238	0.000	0.019
5.158	0.0510	0.014	0.451	0.0379	0.000	0.018
5.163	0.0995	0.014	0.424	0.0220	0.000	0.016
5.168	0.0706	0.011	0.284	0.0367	0.000	0.017
5.173	0.0417	0.007	0.320	0.0261	0.000	0.017
5.178	0.0605	0.009	0.300	0.0294	0.000	0.019
5.183	0.0246	0.011	0.353	0.0351	0.000	0.017
5.188	0.0186	0.018	0.414	0.0222	0.000	0.017
5.193	0.0283	0.009	0.400	0.0222	0.000	0.017
5.198	0.0227	0.011	0.447	0.0255	0.000	0.015
5.203	0.0262	0.009	0.443	0.0330	0.000	0.016
5.208	0.0182	0.011	0.494	0.0254	0.000	0.023
5.213	0.0202	0.018	0.473	0.0196	0.000	0.024
5.218	0.0245	0.009	0.521	0.0255	0.000	0.024
5.223	0.0040	0.016	0.427	0.0545	0.000	0.026
5.228	0.0108	0.020	0.437	0.0245	0.000	0.018
5.233	0.0168	0.007	0.482	0.0238	0.000	0.014
5.238	0.0089	0.009	0.540	0.0401	0.000	0.014
5.243	0.0444	0.011	0.571	0.0187	0.000	0.014
5.248	0.0520	0.011	0.629	0.0305	0.000	0.018
5.253	0.0453	0.009	0.600	0.0236	0.000	0.019
5.258	0.0848	0.011	0.584	0.0202	0.000	0.022
5.263	0.0882	0.009	0.606	0.0345	0.000	0.022
5.268	0.0382	0.009	0.628	0.0250	0.000	0.019
5.273	0.0561	0.014	0.608	0.0156	0.000	0.022
5.278	0.1002	0.020	0.600	0.0170	0.000	0.024
5.283	0.0324	0.014	0.491	0.0209	0.000	0.024
5.288	0.0459	0.014	0.415	0.0310	0.000	0.023
5.293	0.0573	0.011	0.397	0.0314	0.000	0.021
5.298	0.0391	0.016	0.439	0.0318	0.000	0.025
5.303	0.0302	0.030	0.508	0.0272	0.000	0.025
5.308	0.0247	0.030	0.382	0.0348	0.000	0.028
5.313	0.0172	0.027	0.310	0.0438	0.000	0.028
5.318	0.0109	0.020	0.265	0.0307	0.000	0.030
5.323	0.0122	0.014	0.311	0.0472	0.000	0.033
5.328	0.0084	0.020	0.474	0.0326	0.000	0.035
5.333	0.0036	0.020	0.440	0.0358	0.000	0.040
5.338	0.0058	0.011	0.431	0.0335	0.000	0.045
5.343	0.0063	0.014	0.346	0.0464	0.000	0.054
5.348	0.0036	0.011	0.411	0.0416	0.000	0.063
5.353	0.0031	0.014	0.522	0.0207	0.000	0.079
5.358	0.0037	0.014	0.432	0.0209	0.000	0.092
5.363	0.0025	0.011	0.357	0.0225	0.001	0.114
5.368	0.0013	0.018	0.449	0.0241	0.002	0.129
5.373	0.0012	0.014	0.477	0.0229	0.003	0.136
5.378	0.0012	0.027	0.507	0.0190	0.007	0.177
5.383	0.0011	0.030	0.468	0.0209	0.010	0.202
5.388	0.0017	0.032	0.484	0.0186	0.025	0.197
5.393	0.0013	0.039	0.406	0.0133	0.059	0.233
5.398	0.0016	0.041	0.597	0.0257	0.032	0.221
5.403	0.0010	0.045	0.673	0.0166	0.022	0.214
5.408	0.0022	0.036	0.603	0.0119	0.042	0.203
5.413	0.0026	0.032	0.419	0.0163	0.114	0.228
5.418	0.0024	0.061	0.198	0.0214	0.189	0.259
5.423	0.0013	0.066	0.216	0.0160	0.196	0.268
5.428	0.0019	0.070	0.341	0.0254	0.156	0.263
5.433	0.0013	0.089	0.420	0.0156	0.127	0.253
5.438	0.0028	0.073	0.436	0.0230	0.133	0.246
5.443	0.0027	0.048	0.373	0.0213	0.122	0.217
5.448	0.0025	0.059	0.290	0.0142	0.175	0.222
5.453	0.0046	0.059	0.265	0.0158	0.187	0.224
5.458	0.0040	0.057	0.298	0.0334	0.059	0.220
5.463	0.0036	0.045	0.334	0.0227	0.043	0.187
5.468	0.0048	0.048	0.283	0.0155	0.085	0.192
5.473	0.0083	0.048	0.265	0.0350	0.089	0.198
5.478	0.0052	0.057	0.415	0.0335	0.063	0.216
5.483	0.0081	0.043	0.479	0.0209	0.053	0.209
5.488	0.0079	0.039	0.505	0.0144	0.087	0.221
5.493	0.0069	0.052	0.394	0.0188	0.096	0.243
5.498	0.0052	0.048	0.480	0.0153	0.083	0.223
5.502	0.0049	0.052	0.514	0.0247	0.068	0.214
5.507	0.0047	0.052	0.456	0.0149	0.074	0.208
5.512	0.0064	0.039	0.429	0.0179	0.089	0.211
5.517	0.0051	0.055	0.397	0.0176	0.106	0.213
5.522	0.0047	0.061	0.423	0.0224	0.097	0.221
5.527	0.0049	0.039	0.373	0.0161	0.126	0.225
5.532	0.0046	0.048	0.215	0.0280	0.123	0.237
5.537	0.0031	0.061	0.206	0.0179	0.108	0.224
5.542	0.0038	0.061	0.234	0.0270	0.078	0.218
5.547	0.0040	0.050	0.346	0.0284	0.029	0.172
5.552	0.0057	0.030	0.507	0.0175	0.012	0.134
5.557	0.0106	0.018	0.554	0.0194	0.006	0.094
5.562	0.0145	0.023	0.509	0.0219	0.002	0.081
5.567	0.0136	0.007	0.318	0.0237	0.002	0.073
5.572	0.0097	0.018	0.247	0.0319	0.003	0.082
5.577	0.0064	0.020	0.241	0.0309	0.003	0.085
5.582	0.0027	0.032	0.246	0.0223	0.002	0.085
5.587	0.0025	0.027	0.213	0.0431	0.001	0.068
5.592	0.0010	0.023	0.189	0.0409	0.000	0.053
5.597	0.0020	0.018	0.242	0.0415	0.000	0.031
5.602	0.0034	0.016	0.413	0.0289	0.000	0.021
5.607	0.0137	0.011	0.629	0.0324	0.000	0.021
5.612	0.0163	0.014	0.669	0.0195	0.000	0.023
5.617	0.0522	0.016	0.685	0.0182	0.000	0.030
5.622	0.0909	0.014	0.633	0.0139	0.000	0.033
5.627	0.1292	0.014	0.471	0.0183	0.000	0.035
5.632	0.1291	0.016	0.300	0.0227	0.000	0.041
5.637	0.1164	0.032	0.576	0.0226	0.000	0.040
5.642	0.1360	0.011	0.717	0.0195	0.000	0.044
5.647	0.1390	0.014	0.730	0.0191	0.000	0.043
5.652	0.1709	0.011	0.719	0.0158	0.001	0.047
5.657	0.1306	0.014	0.626	0.0128	0.001	0.055
5.662	0.1467	0.011	0.481	0.0244	0.001	0.064
5.667	0.0778	0.014	0.286	0.0255	0.002	0.076
5.672	0.0581	0.020	0.328	0.0209	0.003	0.078
5.677	0.0212	0.030	0.334	0.0163	0.005	0.090
5.682	0.0361	0.020	0.294	0.0260	0.004	0.088
5.687	0.0254	0.032	0.498	0.0148	0.002	0.070
5.692	0.0155	0.036	0.548	0.0233	0.001	0.067
5.697	0.0208	0.020	0.545	0.0265	0.000	0.060
5.702	0.0119	0.027	0.630	0.0208	0.000	0.049
5.707	0.0211	0.023	0.515	0.0215	0.000	0.044
5.712	0.0129	0.020	0.488	0.0228	0.000	0.039
5.717	0.0128	0.016	0.413	0.0404	0.000	0.041
5.722	0.0130	0.014	0.522	0.0386	0.000	0.037
5.727	0.0077	0.009	0.485	0.0256	0.000	0.035
5.732	0.0135	0.014	0.488	0.0244	0.000	0.038
5.737	0.0091	0.007	0.507	0.0263	0.000	0.033
5.742	0.0062	0.011	0.278	0.0192	0.000	0.048
5.747	0.0064	0.009	0.160	0.0272	0.030	0.184
5.752	0.0026	0.007	0.202	0.0071	0.045	0.214
5.757	0.0026	0.039	0.262	0.0230	0.060	0.256
5.762	0.0065	0.034	0.234	0.0201	0.050	0.230
5.767	0.0037	0.041	0.197	0.0198	0.077	0.225
5.772	0.0068	0.045	0.171	0.0146	0.181	0.274
5.777	0.0063	0.064	0.212	0.0145	0.664	0.388
5.782	0.0095	0.093	0.203	0.0113	0.808	0.412
5.787	0.0107	0.141	0.183	0.0165	0.936	0.385
5.792	0.0165	0.159	0.160	0.0098	0.973	0.370
5.797	0.0231	0.148	0.180	0.0107	0.927	0.461
5.802	0.0362	0.191	0.078	0.0132	0.749	0.519
5.807	0.0139	0.161	0.133	0.0107	0.693	0.509
5.812	0.0119	0.157	0.120	0.0119	0.761	0.482
5.817	0.0073	0.170	0.110	0.0118	0.751	0.420
5.822	0.0054	0.155	0.123	0.0126	0.816	0.379
5.827	0.0036	0.152	0.109	0.0119	0.848	0.355
5.832	0.0028	0.159	0.135	0.0121	0.881	0.363
5.837	0.0022	0.152	0.204	0.0118	0.899	0.392
5.842	0.0020	0.170	0.144	0.0137	0.926	0.390
5.847	0.0016	0.168	0.146	0.0146	0.943	0.375
5.852	0.0011	0.159	0.139	0.0131	0.918	0.390
5.857	0.0009	0.168	0.165	0.0119	0.822	0.427
5.862	0.0009	0.155	0.169	0.0149	0.891	0.446
5.867	0.0005	0.152	0.189	0.0124	0.870	0.443
5.872	0.0005	0.148	0.176	0.0168	0.879	0.407
5.877	0.0004	0.148	0.178	0.0203	0.230	0.350
5.882	0.0003	0.148	0.155	0.0197	0.144	0.328
5.887	0.0003	0.102	0.291	0.0579	0.008	0.178
5.892	0.0063	0.034	0.439	0.0340	0.001	0.088
5.897	0.0127	0.011	0.550	0.0284	0.000	0.032
5.902	0.0281	0.009	0.659	0.0221	0.000	0.021
5.907	0.0507	0.009	0.744	0.0183	0.000	0.015
5.912	0.1280	0.009	0.741	0.0102	0.000	0.014
5.917	0.1815	0.007	0.719	0.0135	0.000	0.013
5.922	0.1688	0.009	0.697	0.0213	0.000	0.014
5.927	0.1733	0.014	0.686	0.0115	0.000	0.015
5.932	0.2009	0.016	0.689	0.0095	0.000	0.017
5.937	0.1792	0.014	0.686	0.0102	0.000	0.018
5.941	0.1444	0.009	0.680	0.0129	0.000	0.017
5.946	0.1372	0.011	0.702	0.0132	0.000	0.016
5.951	0.1251	0.011	0.691	0.0122	0.000	0.016
5.956	0.1544	0.014	0.671	0.0134	0.000	0.016
5.961	0.1466	0.016	0.698	0.0113	0.000	0.014
5.966	0.1925	0.018	0.679	0.0201	0.000	0.012
5.971	0.2184	0.020	0.704	0.0161	0.000	0.011
5.976	0.2256	0.023	0.723	0.0109	0.000	0.011
5.981	0.2285	0.030	0.694	0.0120	0.000	0.011
5.986	0.2278	0.027	0.625	0.0175	0.000	0.012
5.991	0.2040	0.027	0.625	0.0183	0.000	0.013
5.996	0.1522	0.011	0.685	0.0104	0.000	0.016
6.001	0.1439	0.011	0.696	0.0113	0.000	0.016
6.006	0.1418	0.007	0.689	0.0106	0.000	0.015
6.011	0.1506	0.014	0.686	0.0158	0.000	0.015
6.016	0.1600	0.011	0.690	0.0119	0.000	0.017
6.021	0.1317	0.014	0.692	0.0148	0.000	0.017
6.026	0.1457	0.011	0.658	0.0145	0.000	0.017
6.031	0.1329	0.018	0.661	0.0130	0.000	0.016
6.036	0.1434	0.016	0.643	0.0131	0.000	0.018
6.041	0.1742	0.020	0.622	0.0195	0.000	0.019
6.046	0.1531	0.018	0.619	0.0202	0.000	0.018
6.051	0.1210	0.025	0.605	0.0168	0.000	0.019
6.056	0.1721	0.018	0.646	0.0194	0.000	0.021
6.061	0.1719	0.027	0.658	0.0137	0.000	0.021
6.066	0.2345	0.030	0.610	0.0153	0.000	0.018
6.071	0.2244	0.027	0.580	0.0218	0.000	0.021
6.076	0.1341	0.018	0.602	0.0196	0.000	0.027
6.081	0.1789	0.016	0.597	0.0209	0.000	0.028
6.086	0.1399	0.011	0.621	0.0297	0.000	0.030
6.091	0.1546	0.014	0.526	0.0140	0.000	0.030
6.096	0.1110	0.011	0.351	0.0257	0.000	0.034
6.101	0.1310	0.014	0.394	0.0337	0.000	0.044
6.106	0.0593	0.011	0.357	0.0325	0.000	0.040
6.111	0.0278	0.016	0.511	0.0326	0.000	0.041
6.116	0.0520	0.011	0.625	0.0193	0.000	0.037
6.121	0.0446	0.009	0.569	0.0184	0.000	0.035
6.126	0.0303	0.011	0.523	0.0177	0.000	0.036
6.131	0.0182	0.009	0.539	0.0220	0.000	0.038
6.136	0.0083	0.011	0.569	0.0198	0.000	0.038
6.141	0.0089	0.011	0.609	0.0298	0.000	0.034
6.146	0.0086	0.009	0.595	0.0210	0.000	0.033
6.151	0.0116	0.011	0.500	0.0236	0.000	0.035
6.156	0.0087	0.011	0.578	0.0303	0.000	0.035
6.161	0.0062	0.005	0.573	0.0281	0.000	0.037
6.166	0.0049	0.016	0.591	0.0161	0.000	0.041
6.171	0.0067	0.009	0.183	0.0281	0.005	0.170
6.176	0.0042	0.011	0.428	0.0200	0.150	0.258
6.181	0.0032	0.014	0.400	0.0115	0.147	0.220
6.186	0.0066	0.068	0.324	0.0162	0.157	0.224
6.191	0.0258	0.070	0.266	0.0169	0.170	0.224
6.196	0.0054	0.086	0.271	0.0154	0.168	0.241
6.201	0.0110	0.059	0.222	0.0177	0.204	0.252
6.206	0.0125	0.070	0.203	0.0136	0.156	0.243
6.211	0.0147	0.102	0.237	0.0117	0.139	0.245
6.216	0.0204	0.080	0.178	0.0142	0.193	0.286
6.221	0.0092	0.064	0.251	0.0146	0.212	0.279
6.226	0.0107	0.064	0.283	0.0674	0.030	0.177
6.231	0.0069	0.066	0.263	0.0429	0.006	0.110
6.236	0.0053	0.048	0.420	0.0505	0.002	0.081
6.241	0.0423	0.014	0.515	0.0449	0.001	0.068
6.246	0.0144	0.009	0.634	0.0231	0.001	0.059
6.251	0.0566	0.009	0.705	0.0145	0.001	0.050
6.256	0.1240	0.007	0.705	0.0108	0.000	0.044
6.261	0.1511	0.007	0.681	0.0281	0.000	0.041
6.266	0.1189	0.009	0.679	0.0151	0.000	0.039
6.271	0.0870	0.007	0.684	0.0160	0.000	0.035
6.276	0.0958	0.007	0.681	0.0125	0.000	0.035
6.281	0.1289	0.007	0.671	0.0125	0.000	0.034
6.286	0.1429	0.007	0.664	0.0120	0.000	0.031
6.291	0.1019	0.007	0.664	0.0134	0.000	0.032
6.296	0.0546	0.007	0.622	0.0150	0.000	0.039
6.301	0.0773	0.009	0.564	0.0199	0.000	0.046
6.306	0.1039	0.011	0.385	0.0510	0.001	0.057
6.311	0.0617	0.005	0.502	0.0578	0.001	0.056
6.316	0.0125	0.011	0.530	0.0327	0.001	0.091
6.321	0.0653	0.007	0.535	0.0418	0.001	0.088
6.326	0.0400	0.005	0.540	0.0295	0.000	0.060
6.331	0.0276	0.007	0.519	0.0302	0.000	0.057
6.336	0.0134	0.007	0.480	0.0386	0.000	0.090
6.341	0.0104	0.007	0.433	0.0615	0.000	0.084
6.346	0.0059	0.007	0.502	0.0203	0.000	0.088
6.351	0.0034	0.007	0.527	0.0493	0.000	0.076
6.356	0.0044	0.009	0.471	0.0581	0.000	0.065
6.361	0.0039	0.011	0.542	0.0664	0.000	0.057
6.366	0.0020	0.018	0.588	0.0332	0.000	0.043
6.371	0.0069	0.002	0.568	0.0445	0.000	0.044
6.376	0.0041	0.005	0.571	0.0412	0.000	0.055
6.380	0.0023	0.002	0.637	0.0104	0.000	0.054
6.385	0.0030	0.007	0.551	0.0211	0.000	0.069
6.390	0.0037	0.005	0.466	0.0209	0.000	0.089
6.395	0.0016	0.005	0.315	0.0491	0.000	0.157
6.400	0.0005	0.007	0.366	0.0568	0.000	0.173
6.405	0.0007	0.005	0.236	0.0369	0.096	0.393
6.410	0.0005	0.002	0.414	0.0185	0.042	0.310
6.415	0.0005	0.014	0.301	0.0211	0.018	0.274
6.420	0.0038	0.041	0.324	0.0257	0.011	0.226
6.425	0.0031	0.052	0.354	0.0211	0.008	0.215
6.430	0.0107	0.036	0.300	0.0246	0.008	0.192
6.435	0.0051	0.023	0.154	0.0650	0.004	0.093
6.440	0.0057	0.025	0.373	0.0472	0.001	0.055
6.445	0.0074	0.011	0.405	0.0359	0.000	0.028
6.450	0.0242	0.005	0.517	0.0268	0.000	0.022
6.455	0.0428	0.005	0.598	0.0202	0.000	0.021
6.460	0.0513	0.007	0.608	0.0132	0.000	0.018
6.465	0.0951	0.011	0.622	0.0225	0.000	0.016
6.470	0.0993	0.007	0.647	0.0282	0.000	0.014
6.475	0.0568	0.011	0.637	0.0385	0.000	0.011
6.480	0.1070	0.014	0.631	0.0152	0.000	0.011
6.485	0.1348	0.009	0.604	0.0216	0.000	0.010
6.490	0.0842	0.016	0.588	0.0188	0.000	0.010
6.495	0.0877	0.005	0.576	0.0368	0.000	0.010
6.500	0.0910	0.007	0.575	0.0430	0.000	0.011
6.505	0.0562	0.007	0.542	0.0194	0.000	0.011
6.510	0.0655	0.005	0.538	0.0262	0.000	0.012
6.515	0.0346	0.007	0.502	0.0238	0.000	0.015
6.520	0.0340	0.007	0.596	0.0127	0.000	0.015
6.525	0.0228	0.005	0.644	0.0462	0.000	0.014
6.530	0.0168	0.007	0.592	0.0347	0.000	0.012
6.535	0.0390	0.007	0.640	0.0282	0.000	0.011
6.540	0.0126	0.005	0.628	0.0506	0.000	0.012
6.545	0.0119	0.007	0.596	0.0175	0.000	0.019
6.550	0.0417	0.007	0.643	0.0180	0.000	0.018
6.555	0.0208	0.005	0.600	0.0303	0.000	0.016
6.560	0.0129	0.007	0.600	0.0150	0.000	0.012
6.565	0.0462	0.009	0.601	0.0118	0.000	0.010
6.570	0.0514	0.007	0.614	0.0165	0.000	0.009
6.575	0.0365	0.005	0.618	0.0298	0.000	0.009
6.580	0.0454	0.007	0.661	0.0185	0.000	0.009
6.585	0.0922	0.009	0.671	0.0141	0.000	0.011
6.590	0.0901	0.007	0.665	0.0167	0.000	0.011
6.595	0.1235	0.007	0.643	0.0220	0.000	0.012
6.600	0.1132	0.007	0.647	0.0209	0.000	0.012
6.605	0.1095	0.011	0.644	0.0118	0.000	0.013
6.610	0.1279	0.018	0.644	0.0221	0.000	0.013
6.615	0.1126	0.007	0.660	0.0219	0.000	0.017
6.620	0.1383	0.007	0.630	0.0149	0.000	0.021
6.625	0.1151	0.011	0.636	0.0129	0.000	0.019
6.630	0.1126	0.007	0.634	0.0188	0.000	0.017
6.635	0.0597	0.016	0.514	0.0174	0.000	0.018
6.640	0.1233	0.016	0.504	0.0203	0.000	0.020
6.645	0.0829	0.011	0.586	0.0226	0.000	0.023
6.650	0.0914	0.007	0.670	0.0109	0.000	0.023
6.655	0.0979	0.011	0.670	0.0130	0.000	0.026
6.660	0.0812	0.011	0.651	0.0124	0.000	0.030
6.665	0.0661	0.011	0.659	0.0150	0.000	0.039
6.670	0.1036	0.007	0.626	0.0165	0.000	0.036
6.675	0.1159	0.011	0.642	0.0145	0.000	0.030
6.680	0.0839	0.011	0.629	0.0154	0.000	0.031
6.685	0.0659	0.011	0.656	0.0080	0.000	0.035
6.690	0.0661	0.007	0.651	0.0048	0.000	0.035
6.695	0.0869	0.011	0.639	0.0127	0.000	0.036
6.700	0.0924	0.011	0.649	0.0090	0.000	0.034
6.705	0.0746	0.016	0.649	0.0105	0.000	0.033
6.710	0.0790	0.011	0.648	0.0092	0.000	0.030
6.715	0.1093	0.016	0.657	0.0084	0.000	0.032
6.720	0.0963	0.011	0.647	0.0104	0.000	0.029
6.725	0.0745	0.011	0.632	0.0127	0.000	0.024
6.730	0.0861	0.007	0.636	0.0127	0.000	0.025
6.735	0.1122	0.011	0.616	0.0156	0.000	0.023
6.740	0.0922	0.011	0.639	0.0189	0.000	0.019
6.745	0.0881	0.011	0.669	0.0202	0.000	0.017
6.750	0.1292	0.007	0.636	0.0139	0.000	0.017
6.755	0.1102	0.007	0.623	0.0146	0.000	0.019
6.760	0.0844	0.005	0.618	0.0149	0.000	0.018
6.765	0.0643	0.007	0.596	0.0156	0.000	0.017
6.770	0.0867	0.007	0.638	0.0197	0.000	0.017
6.775	0.0596	0.007	0.590	0.0294	0.000	0.017
6.780	0.0292	0.011	0.541	0.0243	0.000	0.016
6.785	0.0600	0.007	0.490	0.0286	0.000	0.013
6.790	0.0620	0.009	0.553	0.0290	0.000	0.011
6.795	0.0606	0.007	0.585	0.0460	0.000	0.011
6.800	0.1111	0.009	0.654	0.0343	0.000	0.011
6.805	0.1382	0.007	0.724	0.0206	0.000	0.009
6.810	0.1739	0.009	0.750	0.0216	0.000	0.010
6.815	0.2395	0.009	0.760	0.0239	0.000	0.011
6.820	0.2810	0.014	0.767	0.0223	0.000	0.011
6.824	0.3478	0.009	0.762	0.0119	0.000	0.015
6.829	0.3974	0.011	0.744	0.0173	0.000	0.016
6.834	0.3905	0.009	0.608	0.0239	0.000	0.019
6.839	0.3066	0.011	0.471	0.0260	0.000	0.023
6.844	0.2451	0.016	0.474	0.0232	0.001	0.033
6.849	0.0845	0.009	0.562	0.0156	0.001	0.035
6.854	0.0916	0.018	0.495	0.0357	0.001	0.043
6.859	0.0756	0.025	0.620	0.0290	0.000	0.035
6.864	0.0672	0.016	0.732	0.0111	0.000	0.026
6.869	0.0923	0.016	0.555	0.0145	0.000	0.027
6.874	0.0880	0.009	0.362	0.0473	0.000	0.033
6.879	0.0265	0.016	0.543	0.0408	0.000	0.028
6.884	0.0211	0.011	0.607	0.0170	0.000	0.027
6.889	0.0328	0.009	0.519	0.0225	0.000	0.029
6.894	0.0184	0.011	0.464	0.0610	0.000	0.035
6.899	0.0065	0.020	0.623	0.0197	0.002	0.098
6.904	0.0176	0.009	0.524	0.0152	0.012	0.155
6.909	0.0183	0.020	0.349	0.0178	0.019	0.193
6.914	0.0177	0.032	0.250	0.0250	0.040	0.215
6.919	0.0154	0.041	0.243	0.0401	0.021	0.188
6.924	0.0101	0.023	0.338	0.0264	0.002	0.094
6.929	0.0170	0.018	0.512	0.0517	0.001	0.058
6.934	0.0426	0.005	0.734	0.0203	0.000	0.038
6.939	0.0519	0.011	0.788	0.0155	0.000	0.036
6.944	0.1900	0.014	0.667	0.0226	0.000	0.042
6.949	0.2876	0.007	0.409	0.0373	0.000	0.042
6.954	0.1707	0.011	0.577	0.0327	0.000	0.046
6.959	0.1662	0.014	0.617	0.0253	0.000	0.043
6.964	0.2016	0.016	0.653	0.0275	0.000	0.037
6.969	0.1448	0.009	0.649	0.0184	0.000	0.033
6.974	0.1543	0.011	0.618	0.0174	0.000	0.033
6.979	0.1577	0.011	0.609	0.0209	0.000	0.027
6.984	0.1875	0.011	0.646	0.0223	0.000	0.023
6.989	0.2227	0.009	0.667	0.0135	0.000	0.020
6.994	0.1340	0.011	0.574	0.0223	0.000	0.022
6.999	0.2071	0.009	0.539	0.0284	0.000	0.025
7.004	0.1291	0.011	0.326	0.0508	0.000	0.027
7.009	0.0843	0.009	0.505	0.0222	0.000	0.022
7.014	0.0700	0.007	0.550	0.0212	0.000	0.018
7.019	0.0878	0.011	0.608	0.0170	0.000	0.015
7.024	0.1360	0.011	0.546	0.0216	0.000	0.015
7.029	0.1206	0.011	0.534	0.0381	0.000	0.015
7.034	0.0575	0.007	0.581	0.0319	0.000	0.015
7.039	0.0709	0.007	0.587	0.0362	0.000	0.014
7.044	0.0770	0.007	0.656	0.0151	0.000	0.014
7.049	0.0225	0.005	0.591	0.0221	0.000	0.013
7.054	0.0409	0.007	0.524	0.0294	0.000	0.014
7.059	0.0912	0.007	0.580	0.0373	0.000	0.014
7.064	0.0387	0.005	0.428	0.0502	0.000	0.020
7.069	0.0268	0.011	0.440	0.0457	0.000	0.021
7.074	0.0374	0.005	0.502	0.0514	0.000	0.017
7.079	0.0222	0.002	0.393	0.0390	0.000	0.017
7.084	0.0378	0.002	0.440	0.0551	0.000	0.017
7.089	0.0121	0.002	0.538	0.0375	0.000	0.016
7.094	0.0250	0.005	0.386	0.0848	0.000	0.023
7.099	0.0060	0.007	0.296	0.0570	0.000	0.029
7.104	0.0112	0.005	0.329	0.0751	0.000	0.036
7.109	0.0067	0.002	0.515	0.0346	0.000	0.033
7.114	0.0087	0.005	0.364	0.0527	0.000	0.057
7.119	0.0027	0.002	0.273	0.0362	0.001	0.113
7.124	0.0044	0.011	0.304	0.0476	0.002	0.157
7.129	0.0011	0.016	0.344	0.0269	0.003	0.178
7.134	0.0017	0.027	0.430	0.0275	0.002	0.154
7.139	0.0015	0.016	0.544	0.0220	0.002	0.159
7.144	0.0019	0.020	0.384	0.0253	0.005	0.183
7.149	0.0014	0.027	0.268	0.0298	0.009	0.184
7.154	0.0014	0.027	0.321	0.0152	0.029	0.216
7.159	0.0016	0.036	0.422	0.0182	0.052	0.220
7.164	0.0010	0.039	0.522	0.0271	0.025	0.196
7.169	0.0013	0.048	0.473	0.0150	0.027	0.191
7.174	0.0013	0.034	0.321	0.0181	0.078	0.226
7.179	0.0009	0.050	0.260	0.0317	0.041	0.194
7.184	0.0015	0.057	0.283	0.0229	0.039	0.178
7.189	0.0025	0.048	0.380	0.0386	0.031	0.164
7.194	0.0012	0.055	0.221	0.0329	0.026	0.145
7.199	0.0054	0.036	0.262	0.0229	0.026	0.159
7.204	0.0050	0.036	0.392	0.0221	0.027	0.146
7.209	0.0021	0.043	0.385	0.0167	0.044	0.144
7.214	0.0039	0.039	0.438	0.0253	0.026	0.138
7.219	0.0026	0.039	0.387	0.0210	0.015	0.127
7.224	0.0024	0.043	0.298	0.0210	0.029	0.142
7.229	0.0033	0.052	0.270	0.0300	0.042	0.150
7.234	0.0014	0.055	0.315	0.0286	0.025	0.156
7.239	0.0028	0.052	0.391	0.0281	0.019	0.151
7.244	0.0036	0.041	0.453	0.0304	0.018	0.146
7.249	0.0036	0.043	0.429	0.0208	0.027	0.173
7.254	0.0052	0.034	0.430	0.0284	0.048	0.166
7.259	0.0033	0.034	0.376	0.0220	0.050	0.155
7.263	0.0048	0.041	0.386	0.0331	0.024	0.140
7.268	0.0030	0.039	0.395	0.0137	0.023	0.137
7.273	0.0062	0.034	0.381	0.0292	0.026	0.140
7.278	0.0021	0.043	0.238	0.0202	0.025	0.140
7.283	0.0049	0.041	0.244	0.0354	0.034	0.165
7.288	0.0018	0.055	0.415	0.0290	0.028	0.146
7.293	0.0023	0.036	0.235	0.0318	0.017	0.145
7.298	0.0023	0.045	0.268	0.0240	0.019	0.164
7.303	0.0028	0.039	0.317	0.0229	0.044	0.192
7.308	0.0024	0.043	0.297	0.0164	0.068	0.186
7.313	0.0009	0.068	0.375	0.0199	0.052	0.185
7.318	0.0009	0.050	0.358	0.0155	0.058	0.189
7.323	0.0009	0.052	0.576	0.0359	0.020	0.162
7.328	0.0008	0.045	0.674	0.0219	0.013	0.164
7.333	0.0013	0.034	0.673	0.0175	0.012	0.181
7.338	0.0012	0.034	0.617	0.0160	0.012	0.189
7.343	0.0011	0.039	0.379	0.0194	0.018	0.262
7.348	0.0005	0.050	0.391	0.0176	0.023	0.306
7.353	0.0003	0.055	0.411	0.0157	0.023	0.362
7.358	0.0002	0.045	0.393	0.0150	0.024	0.401
7.363	0.0001	0.039	0.278	0.0197	0.042	0.467
7.368	0.0001	0.043	0.133	0.0241	0.042	0.478
7.373	0.0001	0.043	0.147	0.0345	0.014	0.318
7.378	0.0001	0.043	0.198	0.0356	0.008	0.231
7.383	0.0001	0.020	0.240	0.0238	0.008	0.198
7.388	0.0003	0.032	0.476	0.0433	0.007	0.169
7.393	0.0005	0.039	0.241	0.0209	0.007	0.128
7.398	0.0007	0.032	0.093	0.0408	0.009	0.109
7.403	0.0017	0.039	0.146	0.0639	0.002	0.049
7.408	0.0020	0.036	0.221	0.0322	0.000	0.024
7.413	0.0025	0.018	0.486	0.0267	0.000	0.020
7.418	0.0242	0.007	0.567	0.0190	0.000	0.018
7.423	0.0359	0.009	0.579	0.0330	0.000	0.018
7.428	0.0690	0.016	0.569	0.0199	0.000	0.018
7.433	0.0843	0.009	0.619	0.0143	0.000	0.020
7.438	0.0204	0.014	0.610	0.0192	0.000	0.022
7.443	0.0867	0.009	0.565	0.0268	0.000	0.026
7.448	0.1366	0.009	0.626	0.0394	0.000	0.028
7.453	0.0657	0.009	0.601	0.0114	0.000	0.035
7.458	0.1080	0.009	0.607	0.0121	0.001	0.048
7.463	0.1049	0.014	0.626	0.0267	0.001	0.069
7.468	0.0619	0.009	0.563	0.0165	0.001	0.081
7.473	0.0648	0.009	0.444	0.0184	0.004	0.144
7.478	0.0579	0.009	0.381	0.0130	0.011	0.203
7.483	0.0322	0.016	0.462	0.0128	0.031	0.272
7.488	0.0167	0.009	0.514	0.0224	0.035	0.264
7.493	0.0151	0.023	0.525	0.0310	0.036	0.262
7.498	0.0334	0.032	0.501	0.0252	0.048	0.297
7.503	0.0318	0.050	0.487	0.0168	0.100	0.319
7.508	0.0091	0.050	0.418	0.0140	0.158	0.335
7.513	0.0214	0.059	0.354	0.0173	0.269	0.356
7.518	0.0178	0.043	0.304	0.0180	0.446	0.375
7.523	0.0185	0.098	0.263	0.0090	0.686	0.389
7.528	0.0121	0.136	0.226	0.0133	0.595	0.398
7.533	0.0098	0.132	0.203	0.0123	0.650	0.365
7.538	0.0094	0.127	0.133	0.0162	0.584	0.361
7.543	0.0065	0.125	0.171	0.0140	0.560	0.333
7.548	0.0053	0.109	0.145	0.0168	0.519	0.302
7.553	0.0038	0.134	0.291	0.0144	0.368	0.290
7.558	0.0035	0.073	0.326	0.0137	0.390	0.296
7.563	0.0028	0.093	0.207	0.0138	0.454	0.303
7.568	0.0034	0.080	0.169	0.0139	0.564	0.342
7.573	0.0016	0.120	0.169	0.0153	0.654	0.354
7.578	0.0012	0.120	0.180	0.0155	0.674	0.361
7.583	0.0009	0.111	0.179	0.0147	0.720	0.407
7.588	0.0005	0.134	0.177	0.0137	0.689	0.421
7.593	0.0004	0.123	0.157	0.0172	0.629	0.401
7.598	0.0002	0.127	0.088	0.0141	0.520	0.471
7.603	0.0003	0.095	0.163	0.0136	0.691	0.467
7.608	0.0002	0.068	0.331	0.0110	0.660	0.454
7.613	0.0007	0.157	0.093	0.0150	0.569	0.407
7.618	0.0040	0.139	0.479	0.0629	0.076	0.276
7.623	0.0061	0.127	0.254	0.0420	0.003	0.115
7.628	0.0058	0.018	0.219	0.0336	0.001	0.060
7.633	0.0298	0.007	0.334	0.0290	0.000	0.046
7.638	0.0840	0.016	0.455	0.0298	0.000	0.040
7.643	0.0500	0.009	0.246	0.0229	0.000	0.036
7.648	0.0896	0.016	0.237	0.0367	0.000	0.032
7.653	0.1231	0.014	0.458	0.0267	0.000	0.027
7.658	0.0708	0.025	0.351	0.0268	0.000	0.025
7.663	0.1245	0.016	0.417	0.0438	0.000	0.024
7.668	0.0844	0.023	0.532	0.0341	0.000	0.021
7.673	0.1001	0.016	0.547	0.0184	0.000	0.018
7.678	0.1618	0.020	0.548	0.0319	0.000	0.017
7.683	0.0798	0.027	0.553	0.0179	0.000	0.016
7.688	0.1847	0.025	0.526	0.0242	0.000	0.014
7.693	0.1560	0.020	0.535	0.0173	0.000	0.015
7.698	0.1357	0.025	0.556	0.0138	0.000	0.015
7.702	0.1463	0.025	0.579	0.0198	0.000	0.014
7.707	0.0794	0.018	0.513	0.0184	0.000	0.013
7.712	0.1432	0.023	0.574	0.0225	0.000	0.013
7.717	0.0656	0.018	0.486	0.0181	0.000	0.016
7.722	0.1249	0.023	0.553	0.0124	0.000	0.014
7.727	0.0999	0.020	0.514	0.0319	0.000	0.014
7.732	0.0569	0.016	0.486	0.0192	0.000	0.015
7.737	0.1120	0.025	0.585	0.0311	0.000	0.013
7.742	0.0228	0.020	0.489	0.0176	0.000	0.014
7.747	0.1112	0.014	0.562	0.0210	0.000	0.014
7.752	0.0887	0.025	0.490	0.0296	0.000	0.013
7.757	0.0663	0.016	0.519	0.0203	0.000	0.012
7.762	0.1064	0.020	0.521	0.0243	0.000	0.014
7.767	0.0566	0.023	0.485	0.0200	0.000	0.014
7.772	0.0949	0.020	0.513	0.0287	0.000	0.013
7.777	0.0425	0.016	0.493	0.0249	0.000	0.017
7.782	0.0992	0.020	0.556	0.0230	0.000	0.016
7.787	0.0670	0.020	0.575	0.0248	0.000	0.017
7.792	0.0937	0.016	0.334	0.0364	0.000	0.017
7.797	0.0834	0.018	0.432	0.0299	0.000	0.020
7.802	0.0625	0.011	0.526	0.0322	0.000	0.018
7.807	0.0627	0.016	0.535	0.0171	0.000	0.019
7.812	0.0472	0.011	0.354	0.0346	0.000	0.026
7.817	0.0546	0.014	0.360	0.0380	0.000	0.021
7.822	0.0805	0.011	0.471	0.0481	0.000	0.022
7.827	0.0304	0.011	0.526	0.0365	0.000	0.021
7.832	0.0674	0.011	0.455	0.0450	0.000	0.023
7.837	0.0385	0.016	0.475	0.0227	0.000	0.025
7.842	0.0869	0.009	0.423	0.0465	0.000	0.031
7.847	0.0366	0.025	0.481	0.0189	0.000	0.031
7.852	0.0546	0.011	0.443	0.0263	0.000	0.030
7.857	0.0278	0.014	0.444	0.0223	0.000	0.029
7.862	0.0425	0.007	0.463	0.0310	0.000	0.037
7.867	0.0329	0.009	0.593	0.0234	0.000	0.055
7.872	0.0214	0.016	0.584	0.0307	0.001	0.091
7.877	0.0117	0.011	0.675	0.0205	0.002	0.115
7.882	0.0206	0.011	0.533	0.0179	0.005	0.144
7.887	0.0158	0.014	0.458	0.0168	0.009	0.155
7.892	0.0101	0.020	0.377	0.0218	0.021	0.139
7.897	0.0062	0.011	0.250	0.0162	0.028	0.161
7.902	0.0044	0.023	0.269	0.0369	0.023	0.173
7.907	0.0032	0.018	0.331	0.0361	0.017	0.164
7.912	0.0024	0.030	0.263	0.0237	0.012	0.165
7.917	0.0025	0.030	0.358	0.0299	0.016	0.184
7.922	0.0008	0.018	0.304	0.0190	0.022	0.225
7.927	0.0011	0.016	0.352	0.0349	0.047	0.250
7.932	0.0003	0.032	0.298	0.0139	0.029	0.302
7.937	0.0003	0.025	0.185	0.0224	0.041	0.379
7.942	0.0003	0.034	0.185	0.0135	0.082	0.406
7.947	0.0002	0.039	0.147	0.0170	0.086	0.404
7.952	0.0002	0.066	0.224	0.0247	0.072	0.341
7.957	0.0003	0.041	0.225	0.0177	0.084	0.319
7.962	0.0003	0.064	0.220	0.0178	0.157	0.328
7.967	0.0006	0.048	0.342	0.0296	0.126	0.313
7.972	0.0003	0.061	0.299	0.0155	0.087	0.288
7.977	0.0006	0.052	0.316	0.0218	0.089	0.230
7.982	0.0008	0.057	0.329	0.0173	0.094	0.211
7.987	0.0010	0.064	0.307	0.0193	0.097	0.231
7.992	0.0014	0.061	0.246	0.0224	0.075	0.255
7.997	0.0012	0.057	0.209	0.0217	0.066	0.284
8.002	0.0011	0.050	0.332	0.0262	0.033	0.234
8.007	0.0012	0.052	0.422	0.0217	0.029	0.228
8.012	0.0020	0.041	0.457	0.0227	0.029	0.184
8.017	0.0018	0.045	0.351	0.0177	0.049	0.197
8.022	0.0022	0.052	0.226	0.0265	0.069	0.207
8.027	0.0013	0.055	0.225	0.0223	0.055	0.171
8.032	0.0012	0.068	0.274	0.0206	0.044	0.163
8.037	0.0034	0.055	0.252	0.0200	0.034	0.147
8.042	0.0024	0.043	0.270	0.0192	0.035	0.159
8.047	0.0027	0.048	0.285	0.0220	0.059	0.163
8.052	0.0026	0.050	0.204	0.0231	0.051	0.161
8.057	0.0020	0.073	0.284	0.0285	0.036	0.163
8.062	0.0033	0.045	0.332	0.0188	0.029	0.155
8.067	0.0018	0.045	0.343	0.0242	0.047	0.166
8.072	0.0023	0.041	0.354	0.0180	0.051	0.168
8.077	0.0027	0.059	0.450	0.0202	0.028	0.160
8.082	0.0026	0.055	0.380	0.0290	0.024	0.159
8.087	0.0037	0.041	0.343	0.0218	0.026	0.139
8.092	0.0029	0.041	0.385	0.0204	0.056	0.149
8.097	0.0030	0.043	0.357	0.0195	0.083	0.169
8.102	0.0022	0.070	0.328	0.0125	0.097	0.191
8.107	0.0028	0.068	0.281	0.0229	0.094	0.214
8.112	0.0018	0.061	0.252	0.0185	0.074	0.206
8.117	0.0013	0.059	0.283	0.0200	0.094	0.206
8.122	0.0018	0.068	0.278	0.0191	0.068	0.185
8.127	0.0013	0.052	0.354	0.0197	0.058	0.186
8.132	0.0011	0.061	0.386	0.0193	0.046	0.188
8.137	0.0018	0.055	0.380	0.0197	0.067	0.189
8.141	0.0017	0.043	0.442	0.0259	0.090	0.189
8.146	0.0012	0.070	0.329	0.0186	0.051	0.174
8.151	0.0013	0.048	0.483	0.0304	0.054	0.193
8.156	0.0011	0.048	0.526	0.0342	0.045	0.185
8.161	0.0008	0.050	0.544	0.0151	0.023	0.189
8.166	0.0016	0.043	0.512	0.0244	0.037	0.201
8.171	0.0014	0.055	0.236	0.0305	0.045	0.218
8.176	0.0010	0.057	0.336	0.0220	0.046	0.215
8.181	0.0008	0.048	0.281	0.0251	0.042	0.238
8.186	0.0007	0.052	0.322	0.0293	0.023	0.212
8.191	0.0008	0.048	0.410	0.0455	0.009	0.186
8.196	0.0007	0.027	0.401	0.0546	0.004	0.149
8.201	0.0017	0.002	0.582	0.0336	0.001	0.112
8.206	0.0017	0.011	0.624	0.0251	0.001	0.105
8.211	0.0035	0.009	0.578	0.0467	0.001	0.102
8.216	0.0050	0.007	0.523	0.0581	0.000	0.087
8.221	0.0031	0.007	0.313	0.0406	0.000	0.087
8.226	0.0029	0.009	0.238	0.0262	0.000	0.115
8.231	0.0014	0.011	0.328	0.0347	0.002	0.187
8.236	0.0011	0.007	0.309	0.0833	0.001	0.178
8.241	0.0001	0.018	0.412	0.0121	0.002	0.225
8.246	0.0006	0.007	0.125	0.0468	0.003	0.251
8.251	0.0004	0.002	0.437	0.0519	0.000	0.115
8.256	0.0002	0.009	0.316	0.0949	0.000	0.052
8.261	0.0009	0.009	0.392	0.0287	0.000	0.017
8.266	0.0030	0.009	0.427	0.0403	0.000	0.014
8.271	0.0118	0.007	0.502	0.0614	0.000	0.009
8.276	0.0105	0.007	0.653	0.0446	0.000	0.007
8.281	0.0280	0.007	0.739	0.0232	0.000	0.006
8.286	0.0380	0.009	0.770	0.0145	0.000	0.006
8.291	0.0764	0.009	0.763	0.0174	0.000	0.007
8.296	0.1032	0.009	0.769	0.0147	0.000	0.007
8.301	0.1274	0.009	0.770	0.0089	0.000	0.011
8.306	0.1349	0.009	0.744	0.0087	0.000	0.019
8.311	0.1454	0.009	0.694	0.0167	0.000	0.035
8.316	0.1176	0.009	0.688	0.0174	0.000	0.047
8.321	0.0978	0.009	0.711	0.0122	0.001	0.083
8.326	0.0815	0.014	0.719	0.0088	0.002	0.123
8.331	0.0701	0.014	0.671	0.0094	0.012	0.199
8.336	0.0594	0.023	0.613	0.0149	0.040	0.278
8.341	0.0444	0.027	0.551	0.0131	0.183	0.356
8.346	0.0337	0.025	0.559	0.0093	0.248	0.366
8.351	0.0331	0.064	0.575	0.0101	0.195	0.395
8.356	0.0336	0.050	0.525	0.0115	0.232	0.437
8.361	0.0307	0.055	0.454	0.0108	0.433	0.429
8.366	0.0258	0.093	0.452	0.0110	0.497	0.426
8.371	0.0226	0.107	0.488	0.0139	0.390	0.391
8.376	0.0229	0.100	0.537	0.0165	0.239	0.381
8.381	0.0269	0.075	0.606	0.0158	0.183	0.341
8.386	0.0277	0.055	0.655	0.0165	0.138	0.300
8.391	0.0287	0.032	0.716	0.0222	0.063	0.242
8.396	0.0332	0.025	0.689	0.0258	0.030	0.196
8.401	0.0386	0.014	0.655	0.0326	0.009	0.148
8.406	0.0314	0.030	0.651	0.0311	0.005	0.130
8.411	0.0298	0.020	0.694	0.0288	0.002	0.099
8.416	0.0516	0.011	0.736	0.0158	0.002	0.078
8.421	0.0835	0.011	0.587	0.0173	0.003	0.068
8.426	0.0990	0.016	0.566	0.0300	0.004	0.068
8.431	0.1094	0.011	0.413	0.0123	0.004	0.077
8.436	0.0955	0.018	0.219	0.0370	0.003	0.088
8.441	0.0551	0.032	0.411	0.0147	0.002	0.086
8.446	0.0458	0.014	0.343	0.0176	0.003	0.096
8.451	0.0365	0.020	0.551	0.0183	0.004	0.101
8.456	0.0252	0.023	0.544	0.0203	0.003	0.097
8.461	0.0283	0.034	0.653	0.0214	0.001	0.081
8.466	0.0295	0.023	0.695	0.0129	0.001	0.067
8.471	0.0438	0.025	0.676	0.0192	0.001	0.057
8.476	0.0372	0.025	0.654	0.0238	0.000	0.050
8.481	0.0643	0.020	0.726	0.0238	0.000	0.044
8.486	0.0965	0.018	0.738	0.0170	0.000	0.040
8.491	0.1372	0.016	0.775	0.0140	0.000	0.040
8.496	0.2303	0.016	0.765	0.0165	0.000	0.039
8.501	0.2677	0.016	0.761	0.0126	0.000	0.040
8.506	0.2595	0.016	0.722	0.0162	0.001	0.047
8.511	0.1869	0.016	0.737	0.0137	0.001	0.054
8.516	0.1342	0.020	0.731	0.0102	0.001	0.057
8.521	0.0941	0.020	0.759	0.0140	0.001	0.059
8.526	0.1135	0.020	0.761	0.0102	0.002	0.061
8.531	0.1332	0.016	0.771	0.0172	0.003	0.065
8.536	0.1378	0.016	0.788	0.0179	0.002	0.066
8.541	0.1462	0.011	0.663	0.0278	0.002	0.065
8.546	0.1404	0.009	0.532	0.0414	0.003	0.061
8.551	0.0931	0.009	0.544	0.0456	0.001	0.054
8.556	0.0588	0.011	0.776	0.0225	0.001	0.049
8.561	0.0913	0.005	0.753	0.0108	0.000	0.043
8.566	0.0800	0.007	0.724	0.0103	0.001	0.042
8.571	0.0624	0.007	0.722	0.0207	0.001	0.038
8.576	0.0585	0.005	0.749	0.0348	0.000	0.033
8.580	0.0591	0.007	0.736	0.0113	0.000	0.032
8.585	0.0634	0.007	0.730	0.0243	0.000	0.039
8.590	0.0539	0.005	0.768	0.0105	0.002	0.045
8.595	0.0704	0.011	0.804	0.0203	0.002	0.044
8.600	0.0959	0.007	0.838	0.0104	0.003	0.048
8.605	0.0831	0.016	0.822	0.0148	0.004	0.049
8.610	0.1041	0.005	0.806	0.0095	0.004	0.055
8.615	0.1130	0.007	0.804	0.0064	0.003	0.062
8.620	0.0793	0.007	0.806	0.0075	0.003	0.061
8.625	0.0955	0.005	0.795	0.0105	0.004	0.062
8.630	0.1007	0.007	0.810	0.0102	0.005	0.062
8.635	0.0715	0.007	0.814	0.0103	0.004	0.065
8.640	0.0837	0.009	0.804	0.0094	0.003	0.082
8.645	0.0921	0.016	0.797	0.0141	0.005	0.091
8.650	0.0741	0.007	0.713	0.0188	0.006	0.095
8.655	0.0668	0.005	0.617	0.0262	0.005	0.094
8.660	0.0710	0.009	0.710	0.0240	0.003	0.099
8.665	0.0500	0.011	0.766	0.0151	0.003	0.104
8.670	0.0563	0.005	0.733	0.0120	0.005	0.148
8.675	0.0656	0.009	0.583	0.0159	0.011	0.197
8.680	0.0484	0.009	0.506	0.0196	0.024	0.257
8.685	0.0222	0.020	0.656	0.0338	0.015	0.251
8.690	0.0157	0.009	0.647	0.0108	0.017	0.236
8.695	0.0161	0.009	0.469	0.0229	0.041	0.240
8.700	0.0083	0.016	0.465	0.0473	0.032	0.192
8.705	0.0052	0.020	0.527	0.0456	0.017	0.166
8.710	0.0060	0.009	0.643	0.0381	0.006	0.132
8.715	0.0033	0.014	0.679	0.0382	0.003	0.108
8.720	0.0047	0.005	0.765	0.0192	0.003	0.135
8.725	0.0068	0.007	0.638	0.0262	0.010	0.164
8.730	0.0055	0.005	0.354	0.0217	0.102	0.251
8.735	0.0030	0.045	0.146	0.0208	0.174	0.298
8.740	0.0016	0.041	0.173	0.0155	0.292	0.268
8.745	0.0031	0.073	0.132	0.0150	0.405	0.247
8.750	0.0064	0.084	0.162	0.0168	0.340	0.253
8.755	0.0110	0.089	0.172	0.0152	0.424	0.249
8.760	0.0081	0.102	0.155	0.0140	0.573	0.271
8.765	0.0172	0.093	0.143	0.0135	0.612	0.272
8.770	0.0133	0.105	0.157	0.0137	0.615	0.288
8.775	0.0198	0.123	0.188	0.0164	0.679	0.314
8.780	0.0183	0.127	0.206	0.0123	0.623	0.331
8.785	0.0246	0.116	0.233	0.0143	0.548	0.307
8.790	0.0268	0.086	0.253	0.0140	0.586	0.290
8.795	0.0228	0.107	0.204	0.0154	0.504	0.297
8.800	0.0360	0.109	0.217	0.0132	0.377	0.294
8.805	0.0338	0.089	0.195	0.0133	0.396	0.271
8.810	0.0376	0.084	0.216	0.0198	0.372	0.251
8.815	0.0263	0.098	0.243	0.0172	0.251	0.234
8.820	0.0271	0.089	0.397	0.0426	0.096	0.212
8.825	0.0297	0.064	0.510	0.0475	0.020	0.168
8.830	0.0241	0.030	0.726	0.0219	0.003	0.095
8.835	0.0579	0.009	0.763	0.0175	0.001	0.076
8.840	0.0982	0.009	0.770	0.0179	0.001	0.057
8.845	0.1164	0.011	0.782	0.0101	0.001	0.044
8.850	0.1048	0.014	0.786	0.0111	0.000	0.040
8.855	0.0770	0.016	0.769	0.0162	0.000	0.042
8.860	0.0846	0.018	0.759	0.0094	0.000	0.042
8.865	0.0955	0.014	0.759	0.0115	0.000	0.040
8.870	0.1060	0.011	0.768	0.0137	0.000	0.036
8.875	0.0945	0.009	0.765	0.0113	0.000	0.033
8.880	0.0816	0.009	0.760	0.0183	0.000	0.032
8.885	0.0776	0.011	0.728	0.0209	0.000	0.030
8.890	0.1039	0.005	0.746	0.0160	0.000	0.029
8.895	0.1209	0.009	0.766	0.0113	0.000	0.031
8.900	0.1682	0.005	0.690	0.0212	0.000	0.042
8.905	0.1861	0.011	0.624	0.0367	0.000	0.051
8.910	0.1569	0.005	0.658	0.0383	0.000	0.054
8.915	0.1328	0.007	0.675	0.0239	0.000	0.062
8.920	0.1242	0.018	0.635	0.0310	0.001	0.082
8.925	0.1114	0.014	0.604	0.0170	0.002	0.120
8.930	0.0961	0.014	0.461	0.0097	0.009	0.224
8.935	0.0466	0.009	0.330	0.0292	0.030	0.314
8.940	0.0310	0.002	0.286	0.0119	0.314	0.467
8.945	0.0232	0.075	0.282	0.0096	0.411	0.499
8.950	0.0142	0.141	0.348	0.0100	0.378	0.510
8.955	0.0241	0.114	0.267	0.0117	0.527	0.541
8.960	0.0186	0.132	0.170	0.0106	0.807	0.555
8.965	0.0182	0.236	0.208	0.0136	0.724	0.541
8.970	0.0127	0.232	0.329	0.0129	0.466	0.516
8.975	0.0164	0.157	0.357	0.0103	0.480	0.524
8.980	0.0151	0.120	0.257	0.0099	0.659	0.531
8.985	0.0164	0.177	0.155	0.0108	0.811	0.518
8.990	0.0117	0.232	0.123	0.0135	0.955	0.513
8.995	0.0090	0.243	0.105	0.0112	0.975	0.510
9.000	0.0074	0.255	0.123	0.0105	0.974	0.508
9.005	0.0103	0.259	0.121	0.0119	0.978	0.494
9.010	0.0092	0.270	0.118	0.0114	0.985	0.479
9.015	0.0116	0.264	0.132	0.0116	0.982	0.504
9.020	0.0098	0.259	0.126	0.0105	0.974	0.493
9.024	0.0135	0.257	0.146	0.0112	0.967	0.507
9.029	0.0167	0.250	0.114	0.0115	0.934	0.521
9.034	0.0150	0.207	0.112	0.0121	0.885	0.512
9.039	0.0089	0.209	0.428	0.0416	0.196	0.466
9.044	0.0063	0.157	0.370	0.0415	0.039	0.350
9.049	0.0096	0.043	0.589	0.0387	0.005	0.158
9.054	0.0226	0.032	0.717	0.0271	0.002	0.102
9.059	0.0543	0.018	0.780	0.0151	0.001	0.077
9.064	0.0800	0.009	0.734	0.0152	0.001	0.073
9.069	0.0877	0.009	0.673	0.0150	0.001	0.073
9.074	0.0694	0.009	0.644	0.0143	0.001	0.081
9.079	0.0506	0.009	0.652	0.0224	0.000	0.069
9.084	0.0389	0.014	0.621	0.0360	0.000	0.052
9.089	0.0411	0.005	0.696	0.0265	0.000	0.029
9.094	0.0450	0.005	0.739	0.0308	0.000	0.023
9.099	0.0674	0.005	0.757	0.0124	0.000	0.016
9.104	0.0740	0.005	0.754	0.0077	0.000	0.015
9.109	0.0790	0.005	0.747	0.0135	0.000	0.011
9.114	0.0755	0.005	0.736	0.0071	0.000	0.011
9.119	0.0714	0.005	0.746	0.0135	0.000	0.010
9.124	0.0656	0.005	0.722	0.0069	0.000	0.010
9.129	0.0574	0.002	0.741	0.0196	0.000	0.009
9.134	0.0438	0.005	0.723	0.0088	0.000	0.009
9.139	0.0256	0.005	0.723	0.0073	0.000	0.009
9.144	0.0264	0.005	0.739	0.0096	0.000	0.010
9.149	0.0407	0.005	0.714	0.0079	0.000	0.009
9.154	0.0601	0.005	0.715	0.0413	0.000	0.009
9.159	0.0776	0.005	0.729	0.0077	0.000	0.008
9.164	0.0810	0.002	0.730	0.0046	0.000	0.014
9.169	0.0812	0.005	0.720	0.0410	0.000	0.026
9.174	0.0811	0.005	0.634	0.0197	0.000	0.028
9.179	0.0821	0.005	0.604	0.0319	0.000	0.028
9.184	0.0726	0.009	0.650	0.0315	0.000	0.026
9.189	0.0996	0.007	0.697	0.0168	0.000	0.026
9.194	0.1144	0.009	0.682	0.0198	0.000	0.029
9.199	0.0966	0.014	0.708	0.0135	0.000	0.024
9.204	0.0764	0.014	0.676	0.0131	0.000	0.019
9.209	0.0791	0.011	0.666	0.0168	0.000	0.019
9.214	0.0783	0.014	0.643	0.0141	0.000	0.019
9.219	0.1015	0.009	0.674	0.0158	0.000	0.016
9.224	0.1054	0.011	0.697	0.0155	0.000	0.015
9.229	0.1522	0.014	0.726	0.0070	0.000	0.014
9.234	0.1850	0.023	0.738	0.0127	0.000	0.015
9.239	0.2040	0.025	0.710	0.0133	0.000	0.018
9.244	0.2118	0.027	0.628	0.0148	0.000	0.021
9.249	0.1604	0.014	0.598	0.0221	0.000	0.023
9.254	0.1345	0.014	0.666	0.0188	0.000	0.023
9.259	0.1276	0.011	0.508	0.0243	0.000	0.028
9.264	0.1115	0.018	0.409	0.0221	0.001	0.036
9.269	0.1030	0.014	0.453	0.0297	0.001	0.061
9.274	0.0301	0.009	0.513	0.0161	0.003	0.085
9.279	0.0777	0.011	0.513	0.0198	0.013	0.181
9.284	0.0339	0.016	0.387	0.0142	0.038	0.230
9.289	0.0403	0.045	0.226	0.0165	0.094	0.259
9.294	0.0199	0.048	0.187	0.0145	0.139	0.281
9.299	0.0256	0.057	0.196	0.0182	0.309	0.345
9.304	0.0217	0.091	0.230	0.0147	0.323	0.308
9.309	0.0238	0.114	0.253	0.0119	0.369	0.330
9.314	0.0317	0.089	0.185	0.0131	0.547	0.362
9.319	0.0271	0.107	0.153	0.0128	0.625	0.393
9.324	0.0210	0.116	0.213	0.0140	0.694	0.391
9.329	0.0289	0.123	0.222	0.0126	0.839	0.362
9.334	0.0274	0.127	0.169	0.0121	0.801	0.387
9.339	0.0239	0.148	0.164	0.0135	0.789	0.389
9.344	0.0306	0.150	0.140	0.0135	0.840	0.397
9.349	0.0287	0.141	0.150	0.0139	0.838	0.373
9.354	0.0311	0.145	0.158	0.0126	0.813	0.359
9.359	0.0377	0.132	0.135	0.0151	0.720	0.379
9.364	0.0301	0.155	0.162	0.0122	0.679	0.358
9.369	0.0347	0.134	0.215	0.0150	0.622	0.363
9.374	0.0468	0.132	0.194	0.0158	0.609	0.353
9.379	0.0256	0.161	0.272	0.0139	0.767	0.327
9.384	0.0333	0.123	0.226	0.0121	0.816	0.319
9.389	0.0316	0.139	0.149	0.0116	0.836	0.348
9.394	0.0311	0.136	0.151	0.0119	0.899	0.393
9.399	0.0197	0.186	0.156	0.0128	0.898	0.394
9.404	0.0118	0.173	0.181	0.0159	0.819	0.366
9.409	0.0086	0.166	0.207	0.0145	0.724	0.324
9.414	0.0060	0.118	0.206	0.0131	0.761	0.320
9.419	0.0045	0.130	0.222	0.0149	0.764	0.311
9.424	0.0033	0.132	0.233	0.0128	0.723	0.282
9.429	0.0033	0.141	0.291	0.0158	0.633	0.276
9.434	0.0025	0.111	0.261	0.0144	0.720	0.337
9.439	0.0022	0.107	0.180	0.0153	0.706	0.462
9.444	0.0013	0.139	0.164	0.0119	0.790	0.485
9.449	0.0021	0.168	0.175	0.0123	0.757	0.445
9.454	0.0048	0.159	0.132	0.0174	0.582	0.404
9.459	0.0063	0.130	0.208	0.0499	0.059	0.208
9.463	0.0070	0.127	0.402	0.0598	0.005	0.085
9.468	0.0221	0.018	0.536	0.0179	0.000	0.035
9.473	0.0883	0.014	0.576	0.0188	0.000	0.028
9.478	0.2057	0.009	0.618	0.0221	0.000	0.025
9.483	0.2083	0.014	0.625	0.0221	0.000	0.024
9.488	0.1929	0.020	0.651	0.0236	0.000	0.020
9.493	0.1860	0.016	0.626	0.0126	0.000	0.021
9.498	0.1843	0.016	0.623	0.0235	0.000	0.023
9.503	0.1566	0.016	0.623	0.0190	0.000	0.023
9.508	0.2424	0.016	0.641	0.0210	0.000	0.027
9.513	0.2646	0.018	0.718	0.0149	0.000	0.024
9.518	0.2822	0.014	0.728	0.0088	0.000	0.022
9.523	0.2831	0.025	0.698	0.0120	0.000	0.025
9.528	0.2724	0.020	0.707	0.0090	0.000	0.027
9.533	0.2023	0.016	0.679	0.0166	0.000	0.027
9.538	0.1506	0.020	0.670	0.0095	0.000	0.027
9.543	0.1941	0.016	0.699	0.0062	0.000	0.028
9.548	0.2226	0.016	0.699	0.0080	0.000	0.028
9.553	0.2094	0.016	0.717	0.0079	0.000	0.029
9.558	0.2160	0.014	0.721	0.0144	0.000	0.029
9.563	0.2060	0.016	0.701	0.0083	0.000	0.030
9.568	0.1866	0.018	0.711	0.0062	0.000	0.027
9.573	0.1365	0.016	0.699	0.0077	0.000	0.030
9.578	0.1548	0.016	0.688	0.0129	0.000	0.028
9.583	0.2206	0.016	0.700	0.0097	0.000	0.029
9.588	0.2300	0.020	0.704	0.0082	0.000	0.026
9.593	0.2389	0.020	0.713	0.0064	0.000	0.027
9.598	0.2293	0.018	0.712	0.0133	0.000	0.026
9.603	0.2301	0.020	0.705	0.0117	0.000	0.027
9.608	0.2276	0.018	0.709	0.0093	0.000	0.023
9.613	0.2050	0.018	0.684	0.0103	0.000	0.022
9.618	0.1719	0.020	0.670	0.0102	0.000	0.022
9.623	0.2426	0.023	0.687	0.0071	0.000	0.022
9.628	0.2883	0.025	0.691	0.0054	0.000	0.021
9.633	0.3377	0.023	0.697	0.0103	0.000	0.020
9.638	0.2962	0.020	0.676	0.0130	0.000	0.019
9.643	0.2550	0.018	0.613	0.0217	0.000	0.021
9.648	0.1839	0.025	0.601	0.0170	0.000	0.018
9.653	0.1781	0.023	0.607	0.0228	0.000	0.019
9.658	0.1950	0.014	0.659	0.0194	0.000	0.017
9.663	0.2008	0.027	0.637	0.0140	0.000	0.015
9.668	0.1744	0.027	0.565	0.0267	0.000	0.015
9.673	0.1695	0.027	0.580	0.0198	0.000	0.016
9.678	0.1645	0.018	0.638	0.0164	0.000	0.016
9.683	0.1599	0.016	0.642	0.0215	0.000	0.017
9.688	0.1238	0.011	0.628	0.0161	0.000	0.016
9.693	0.1345	0.018	0.664	0.0190	0.000	0.015
9.698	0.1580	0.016	0.689	0.0136	0.000	0.016
9.703	0.1612	0.025	0.652	0.0168	0.000	0.016
9.708	0.1423	0.014	0.668	0.0167	0.000	0.016
9.713	0.1461	0.007	0.677	0.0097	0.000	0.015
9.718	0.1126	0.007	0.674	0.0096	0.000	0.014
9.723	0.0997	0.009	0.684	0.0145	0.000	0.015
9.728	0.1471	0.007	0.703	0.0163	0.000	0.015
9.733	0.1631	0.009	0.702	0.0168	0.000	0.016
9.738	0.1682	0.011	0.668	0.0210	0.000	0.017
9.743	0.1804	0.016	0.616	0.0165	0.000	0.018
9.748	0.1252	0.011	0.599	0.0224	0.000	0.021
9.753	0.0809	0.007	0.619	0.0180	0.000	0.025
9.758	0.1057	0.014	0.603	0.0149	0.001	0.038
9.763	0.1039	0.016	0.604	0.0139	0.001	0.046
9.768	0.0751	0.009	0.613	0.0102	0.002	0.069
9.773	0.0346	0.014	0.602	0.0099	0.004	0.095
9.778	0.0643	0.011	0.493	0.0248	0.018	0.157
9.783	0.0435	0.020	0.471	0.0111	0.033	0.196
9.788	0.0490	0.032	0.473	0.0125	0.089	0.252
9.793	0.0242	0.034	0.459	0.0128	0.216	0.299
9.798	0.0376	0.032	0.442	0.0122	0.354	0.347
9.803	0.0310	0.055	0.347	0.0093	0.402	0.372
9.808	0.0285	0.114	0.290	0.0144	0.407	0.379
9.813	0.0300	0.077	0.339	0.0146	0.455	0.377
9.818	0.0251	0.105	0.371	0.0109	0.455	0.400
9.823	0.0208	0.157	0.331	0.0114	0.471	0.412
9.828	0.0226	0.134	0.381	0.0121	0.443	0.399
9.833	0.0155	0.125	0.409	0.0116	0.405	0.411
9.838	0.0143	0.136	0.439	0.0185	0.211	0.404
9.843	0.0170	0.070	0.535	0.0121	0.143	0.401
9.848	0.0109	0.048	0.579	0.0185	0.075	0.362
9.853	0.0129	0.041	0.588	0.0164	0.045	0.341
9.858	0.0131	0.016	0.610	0.0166	0.021	0.282
9.863	0.0147	0.018	0.594	0.0147	0.015	0.260
9.868	0.0209	0.007	0.500	0.0255	0.009	0.194
9.873	0.0112	0.009	0.456	0.0209	0.004	0.144
9.878	0.0150	0.030	0.493	0.0409	0.001	0.070
9.883	0.0467	0.009	0.579	0.0175	0.000	0.055
9.888	0.0574	0.007	0.636	0.0150	0.000	0.057
9.893	0.0834	0.007	0.621	0.0180	0.001	0.062
9.898	0.0951	0.007	0.622	0.0265	0.000	0.046
9.902	0.1018	0.011	0.664	0.0207	0.000	0.038
9.907	0.1372	0.011	0.674	0.0154	0.000	0.041
9.912	0.1014	0.009	0.668	0.0131	0.000	0.045
9.917	0.1055	0.011	0.582	0.0130	0.001	0.048
9.922	0.1446	0.011	0.478	0.0214	0.001	0.049
9.927	0.1419	0.011	0.439	0.0479	0.001	0.047
9.932	0.0694	0.009	0.570	0.0314	0.001	0.037
9.937	0.0285	0.014	0.362	0.0196	0.001	0.041
9.942	0.0947	0.018	0.336	0.0486	0.000	0.041
9.947	0.0529	0.014	0.592	0.0182	0.000	0.032
9.952	0.0575	0.011	0.401	0.0252	0.000	0.037
9.957	0.0504	0.025	0.402	0.0449	0.000	0.038
9.962	0.0440	0.025	0.437	0.0250	0.000	0.036
9.967	0.0557	0.020	0.457	0.0254	0.001	0.032
9.972	0.0413	0.011	0.548	0.0348	0.001	0.030
9.977	0.0802	0.011	0.575	0.0296	0.001	0.028
9.982	0.0466	0.011	0.418	0.0228	0.002	0.032
9.987	0.0826	0.014	0.466	0.0303	0.001	0.032
9.992	0.0703	0.011	0.592	0.0161	0.002	0.033
9.997	0.0456	0.009	0.599	0.0297	0.002	0.034
10.002	0.0633	0.009	0.602	0.0274	0.002	0.033
10.007	0.0958	0.011	0.719	0.0270	0.001	0.031
10.012	0.0876	0.009	0.744	0.0305	0.001	0.027
10.017	0.0914	0.009	0.749	0.0165	0.000	0.025
10.022	0.1611	0.009	0.667	0.0237	0.000	0.027
10.027	0.1154	0.009	0.451	0.0302	0.001	0.039
10.032	0.1061	0.014	0.455	0.0346	0.001	0.043
10.037	0.0451	0.009	0.657	0.0200	0.001	0.041
10.042	0.0849	0.011	0.681	0.0175	0.000	0.040
10.047	0.0790	0.009	0.693	0.0200	0.001	0.040
10.052	0.0637	0.007	0.733	0.0309	0.001	0.041
10.057	0.0963	0.007	0.712	0.0174	0.001	0.043
10.062	0.1217	0.007	0.674	0.0183	0.000	0.039
10.067	0.1018	0.007	0.623	0.0221	0.000	0.035
10.072	0.0854	0.007	0.561	0.0185	0.000	0.037
10.077	0.0820	0.007	0.576	0.0240	0.001	0.043
10.082	0.0744	0.007	0.579	0.0265	0.001	0.040
10.087	0.0373	0.016	0.638	0.0252	0.001	0.033
10.092	0.0264	0.009	0.657	0.0252	0.000	0.031
10.097	0.0261	0.007	0.677	0.0214	0.001	0.030
10.102	0.0801	0.007	0.652	0.0207	0.000	0.032
10.107	0.0875	0.009	0.647	0.0167	0.000	0.035
10.112	0.0627	0.007	0.667	0.0241	0.000	0.033
10.117	0.0498	0.007	0.704	0.0091	0.000	0.031
10.122	0.0517	0.009	0.663	0.0105	0.000	0.034
10.127	0.0350	0.007	0.658	0.0116	0.000	0.037
10.132	0.0412	0.009	0.700	0.0172	0.000	0.038
10.137	0.0951	0.007	0.656	0.0197	0.001	0.050
10.142	0.1165	0.009	0.657	0.0218	0.001	0.055
10.147	0.0998	0.007	0.626	0.0232	0.000	0.058
10.152	0.0722	0.007	0.566	0.0185	0.001	0.077
10.157	0.0239	0.002	0.538	0.0133	0.003	0.106
10.162	0.0626	0.002	0.522	0.0241	0.005	0.132
10.167	0.0383	0.009	0.430	0.0252	0.017	0.189
10.172	0.0236	0.030	0.328	0.0139	0.035	0.227
10.177	0.0233	0.039	0.199	0.0193	0.102	0.278
10.182	0.0149	0.041	0.224	0.0177	0.194	0.282
10.187	0.0198	0.043	0.189	0.0134	0.363	0.317
10.192	0.0213	0.091	0.214	0.0133	0.473	0.341
10.197	0.0283	0.100	0.171	0.0113	0.603	0.356
10.202	0.0315	0.102	0.185	0.0091	0.646	0.398
10.207	0.0407	0.132	0.164	0.0132	0.733	0.435
10.212	0.0158	0.164	0.153	0.0104	0.771	0.421
10.217	0.0134	0.145	0.147	0.0155	0.619	0.402
10.222	0.0111	0.130	0.179	0.0130	0.504	0.368
10.227	0.0057	0.111	0.203	0.0121	0.507	0.362
10.232	0.0047	0.100	0.239	0.0127	0.501	0.372
10.237	0.0034	0.109	0.193	0.0133	0.631	0.425
10.242	0.0034	0.109	0.175	0.0111	0.780	0.451
10.247	0.0040	0.139	0.128	0.0125	0.897	0.461
10.252	0.0044	0.166	0.128	0.0105	0.950	0.447
10.257	0.0050	0.186	0.144	0.0122	0.943	0.463
10.262	0.0064	0.198	0.142	0.0096	0.928	0.461
10.267	0.0091	0.202	0.213	0.0204	0.739	0.413
10.272	0.0078	0.195	0.237	0.0357	0.236	0.331
10.277	0.0073	0.116	0.414	0.0482	0.023	0.200
10.282	0.0110	0.036	0.536	0.0337	0.007	0.139
10.287	0.0109	0.018	0.605	0.0172	0.003	0.109
10.292	0.0285	0.014	0.592	0.0202	0.002	0.119
10.297	0.0566	0.007	0.456	0.0290	0.008	0.190
10.302	0.0459	0.016	0.348	0.0379	0.014	0.236
10.307	0.0298	0.014	0.290	0.0269	0.021	0.253
10.312	0.0200	0.007	0.213	0.0422	0.075	0.311
10.317	0.0057	0.061	0.377	0.0141	0.146	0.327
10.322	0.0080	0.080	0.430	0.0134	0.215	0.325
10.327	0.0091	0.043	0.412	0.0127	0.352	0.341
10.332	0.0058	0.120	0.266	0.0115	0.470	0.393
10.337	0.0084	0.120	0.155	0.0140	0.883	0.411
10.341	0.0079	0.180	0.145	0.0124	0.950	0.403
10.346	0.0110	0.205	0.190	0.0127	0.957	0.413
10.351	0.0145	0.211	0.187	0.0113	0.955	0.416
10.356	0.0149	0.216	0.159	0.0123	0.925	0.423
10.361	0.0160	0.191	0.130	0.0118	0.874	0.429
10.366	0.0214	0.184	0.125	0.0125	0.792	0.407
10.371	0.0182	0.157	0.103	0.0138	0.611	0.373
10.376	0.0125	0.118	0.181	0.0151	0.291	0.324
10.381	0.0101	0.100	0.099	0.0282	0.186	0.273
10.386	0.0093	0.080	0.341	0.0486	0.028	0.192
10.391	0.0090	0.057	0.451	0.0206	0.012	0.139
10.396	0.0125	0.027	0.554	0.0266	0.009	0.126
10.401	0.0521	0.007	0.597	0.0239	0.004	0.119
10.406	0.0536	0.007	0.667	0.0158	0.003	0.090
10.411	0.0685	0.016	0.662	0.0160	0.001	0.067
10.416	0.0993	0.007	0.669	0.0173	0.000	0.052
10.421	0.1390	0.014	0.662	0.0182	0.000	0.049
10.426	0.1175	0.014	0.655	0.0101	0.001	0.055
10.431	0.0945	0.011	0.671	0.0105	0.001	0.058
10.436	0.0954	0.011	0.677	0.0136	0.001	0.058
10.441	0.1011	0.014	0.568	0.0155	0.001	0.058
10.446	0.1045	0.016	0.442	0.0230	0.001	0.065
10.451	0.0917	0.011	0.480	0.0386	0.001	0.070
10.456	0.0821	0.016	0.493	0.0171	0.001	0.092
10.461	0.0988	0.018	0.431	0.0175	0.002	0.100
10.466	0.0433	0.020	0.272	0.0155	0.004	0.123
10.471	0.0594	0.018	0.211	0.0266	0.010	0.144
10.476	0.0333	0.018	0.257	0.0411	0.005	0.157
10.481	0.0188	0.016	0.495	0.0336	0.002	0.135
10.486	0.0125	0.007	0.549	0.0284	0.001	0.071
10.491	0.0086	0.007	0.388	0.0157	0.001	0.068
10.496	0.0087	0.016	0.252	0.0308	0.002	0.086
10.501	0.0082	0.030	0.270	0.0522	0.001	0.076
10.506	0.0039	0.016	0.322	0.0202	0.001	0.093
10.511	0.0060	0.009	0.189	0.0202	0.027	0.203
10.516	0.0033	0.007	0.247	0.0215	0.114	0.258
10.521	0.0026	0.050	0.212	0.0148	0.084	0.237
10.526	0.0046	0.052	0.207	0.0163	0.117	0.227
10.531	0.0087	0.064	0.248	0.0233	0.080	0.207
10.536	0.0063	0.061	0.278	0.0190	0.063	0.194
10.541	0.0142	0.050	0.242	0.0163	0.113	0.203
10.546	0.0165	0.052	0.148	0.0236	0.088	0.210
10.551	0.0162	0.059	0.254	0.0491	0.027	0.158
10.556	0.0092	0.039	0.402	0.0401	0.008	0.099
10.561	0.0091	0.018	0.547	0.0274	0.004	0.072
10.566	0.0321	0.009	0.572	0.0275	0.002	0.058
10.571	0.0809	0.011	0.605	0.0147	0.002	0.056
10.576	0.0758	0.007	0.585	0.0162	0.001	0.056
10.581	0.0899	0.007	0.472	0.0194	0.001	0.059
10.586	0.0356	0.016	0.223	0.0340	0.002	0.088
10.591	0.0468	0.011	0.416	0.0556	0.001	0.079
10.596	0.0198	0.002	0.528	0.0279	0.000	0.062
10.601	0.0040	0.014	0.588	0.0261	0.000	0.039
10.606	0.0178	0.002	0.492	0.0379	0.000	0.032
10.611	0.0206	0.002	0.407	0.0486	0.000	0.032
10.616	0.0164	0.002	0.253	0.0315	0.000	0.039
10.621	0.0149	0.023	0.244	0.0621	0.000	0.039
10.626	0.0082	0.007	0.363	0.0464	0.000	0.039
10.631	0.0092	0.002	0.454	0.0551	0.000	0.053
10.636	0.0043	0.005	0.561	0.0424	0.000	0.054
10.641	0.0044	0.002	0.517	0.0425	0.000	0.056
10.646	0.0050	0.002	0.540	0.0468	0.000	0.102
10.651	0.0021	0.005	0.488	0.0200	0.001	0.133
10.656	0.0045	0.002	0.309	0.0194	0.022	0.250
10.661	0.0018	0.011	0.199	0.0141	0.123	0.307
10.666	0.0012	0.055	0.189	0.0162	0.401	0.317
10.671	0.0012	0.075	0.199	0.0145	0.347	0.315
10.676	0.0029	0.095	0.153	0.0150	0.403	0.364
10.681	0.0060	0.077	0.167	0.0143	0.583	0.367
10.686	0.0060	0.089	0.191	0.0130	0.557	0.350
10.691	0.0111	0.111	0.209	0.0138	0.538	0.345
10.696	0.0135	0.102	0.192	0.0146	0.554	0.333
10.701	0.0134	0.132	0.140	0.0130	0.407	0.333
10.706	0.0162	0.089	0.146	0.0262	0.282	0.291
10.711	0.0110	0.111	0.363	0.0306	0.086	0.239
10.716	0.0117	0.080	0.447	0.0352	0.010	0.175
10.721	0.0292	0.025	0.496	0.0372	0.002	0.095
10.726	0.0484	0.032	0.560	0.0218	0.000	0.039
10.731	0.1151	0.016	0.596	0.0187	0.000	0.026
10.736	0.1236	0.018	0.595	0.0254	0.000	0.024
10.741	0.1879	0.020	0.541	0.0204	0.000	0.023
10.746	0.1549	0.023	0.500	0.0291	0.000	0.023
10.751	0.2136	0.025	0.538	0.0255	0.000	0.023
10.756	0.2558	0.011	0.559	0.0246	0.000	0.020
10.761	0.1757	0.020	0.586	0.0146	0.000	0.019
10.766	0.1851	0.020	0.650	0.0166	0.000	0.016
10.771	0.2447	0.020	0.663	0.0103	0.000	0.014
10.776	0.3265	0.023	0.646	0.0147	0.000	0.018
10.780	0.3232	0.025	0.677	0.0107	0.000	0.017
10.785	0.3594	0.030	0.702	0.0097	0.000	0.015
10.790	0.3482	0.025	0.661	0.0153	0.000	0.015
10.795	0.2521	0.032	0.651	0.0170	0.000	0.015
10.800	0.2581	0.030	0.683	0.0110	0.000	0.016
10.805	0.3471	0.025	0.655	0.0095	0.000	0.016
10.810	0.2970	0.027	0.600	0.0136	0.000	0.014
10.815	0.3400	0.030	0.590	0.0218	0.000	0.016
10.820	0.3314	0.025	0.616	0.0152	0.000	0.017
10.825	0.2657	0.025	0.548	0.0149	0.000	0.023
10.830	0.1953	0.018	0.508	0.0151	0.000	0.031
10.835	0.1863	0.020	0.450	0.0157	0.001	0.041
10.840	0.1722	0.030	0.486	0.0130	0.001	0.050
10.845	0.1801	0.027	0.407	0.0142	0.001	0.073
10.850	0.1855	0.020	0.357	0.0203	0.001	0.085
10.855	0.1591	0.023	0.243	0.0255	0.001	0.073
10.860	0.0985	0.025	0.305	0.0275	0.000	0.052
10.865	0.0364	0.018	0.436	0.0217	0.000	0.041
10.870	0.0369	0.009	0.432	0.0235	0.000	0.040
10.875	0.0411	0.007	0.367	0.0281	0.000	0.042
10.880	0.0287	0.016	0.316	0.0296	0.000	0.037
10.885	0.0363	0.023	0.293	0.0269	0.000	0.031
10.890	0.0306	0.020	0.252	0.0244	0.000	0.031
10.895	0.0223	0.025	0.304	0.0320	0.000	0.038
10.900	0.0181	0.009	0.394	0.0149	0.000	0.035
10.905	0.0223	0.011	0.265	0.0281	0.001	0.043
10.910	0.0090	0.016	0.215	0.0272	0.001	0.044
10.915	0.0089	0.023	0.283	0.0270	0.049	0.174
10.920	0.0069	0.025	0.368	0.0200	0.052	0.205
10.925	0.0057	0.036	0.352	0.0161	0.020	0.209
10.930	0.0105	0.036	0.275	0.0213	0.025	0.248
10.935	0.0059	0.032	0.278	0.0290	0.016	0.198
10.940	0.0062	0.034	0.301	0.0192	0.015	0.172
10.945	0.0153	0.034	0.336	0.0207	0.017	0.167
10.950	0.0227	0.034	0.225	0.0228	0.028	0.186
10.955	0.0166	0.045	0.213	0.0304	0.031	0.192
10.960	0.0051	0.041	0.256	0.0173	0.037	0.222
10.965	0.0095	0.043	0.244	0.0225	0.059	0.255
10.970	0.0096	0.043	0.229	0.0230	0.048	0.228
10.975	0.0102	0.034	0.394	0.0204	0.017	0.179
10.980	0.0057	0.032	0.317	0.0250	0.015	0.167
10.985	0.0063	0.043	0.295	0.0203	0.014	0.175
10.990	0.0064	0.036	0.176	0.0365	0.010	0.161
10.995	0.0021	0.032	0.210	0.0253	0.065	0.160
11.000	0.0022	0.020	0.258	0.0151	0.099	0.165
11.005	0.0014	0.039	0.259	0.0194	0.101	0.172
11.010	0.0028	0.039	0.293	0.0316	0.065	0.162
11.015	0.0016	0.050	0.292	0.0177	0.058	0.142
11.020	0.0023	0.034	0.242	0.0294	0.084	0.145
11.025	0.0027	0.043	0.279	0.0213	0.090	0.152
11.030	0.0032	0.025	0.400	0.0469	0.049	0.130
11.035	0.0024	0.041	0.356	0.0174	0.037	0.115
11.040	0.0057	0.011	0.502	0.0257	0.060	0.112
11.045	0.0057	0.043	0.650	0.0297	0.048	0.092
11.050	0.0054	0.036	0.713	0.0177	0.022	0.092
11.055	0.0081	0.036	0.647	0.0231	0.009	0.085
11.060	0.0081	0.023	0.638	0.0171	0.009	0.082
11.065	0.0102	0.027	0.474	0.0225	0.009	0.085
11.070	0.0086	0.016	0.456	0.0368	0.005	0.076
11.075	0.0058	0.023	0.372	0.0465	0.002	0.061
11.080	0.0056	0.032	0.482	0.0375	0.001	0.057
11.085	0.0134	0.030	0.476	0.0351	0.001	0.061
11.090	0.0087	0.027	0.290	0.0235	0.002	0.068
11.095	0.0133	0.030	0.374	0.0562	0.001	0.077
11.100	0.0024	0.027	0.390	0.0199	0.002	0.072
11.105	0.0066	0.027	0.278	0.0210	0.002	0.074
11.110	0.0042	0.030	0.381	0.0320	0.003	0.088
11.115	0.0049	0.036	0.417	0.0423	0.002	0.101
11.120	0.0022	0.027	0.516	0.0297	0.001	0.078
11.125	0.0035	0.027	0.303	0.0349	0.001	0.056
11.130	0.0060	0.030	0.276	0.0246	0.001	0.051
11.135	0.0088	0.020	0.246	0.0312	0.001	0.055
11.140	0.0065	0.014	0.316	0.0393	0.001	0.055
11.145	0.0056	0.023	0.258	0.0358	0.001	0.062
11.150	0.0033	0.027	0.291	0.0291	0.000	0.069
11.155	0.0029	0.027	0.205	0.0375	0.001	0.105
11.160	0.0007	0.018	0.392	0.0282	0.001	0.101
11.165	0.0008	0.023	0.276	0.0307	0.001	0.157
11.170	0.0006	0.016	0.197	0.0271	0.001	0.143
11.175	0.0003	0.018	0.234	0.0289	0.001	0.099
11.180	0.0007	0.020	0.192	0.0441	0.001	0.078
11.185	0.0014	0.023	0.187	0.0306	0.000	0.035
11.190	0.0020	0.016	0.270	0.0335	0.000	0.022
11.195	0.0057	0.014	0.347	0.0466	0.000	0.014
11.200	0.0092	0.011	0.407	0.0187	0.000	0.012
11.205	0.0272	0.016	0.520	0.0254	0.000	0.013
11.210	0.0838	0.011	0.568	0.0184	0.000	0.013
11.215	0.0495	0.014	0.596	0.0132	0.000	0.016
11.220	0.1052	0.014	0.608	0.0105	0.000	0.017
11.224	0.1717	0.016	0.614	0.0174	0.000	0.017
11.229	0.1980	0.016	0.635	0.0120	0.000	0.016
11.234	0.1505	0.018	0.607	0.0227	0.000	0.018
11.239	0.2258	0.014	0.569	0.0170	0.000	0.018
11.244	0.2807	0.023	0.574	0.0181	0.000	0.018
11.249	0.1930	0.023	0.521	0.0186	0.000	0.018
11.254	0.0702	0.027	0.484	0.0250	0.000	0.018
11.259	0.0678	0.018	0.467	0.0253	0.000	0.016
11.264	0.0869	0.018	0.586	0.0220	0.000	0.015
11.269	0.0868	0.009	0.620	0.0140	0.000	0.014
11.274	0.0272	0.009	0.604	0.0168	0.000	0.016
11.279	0.0395	0.005	0.647	0.0094	0.000	0.018
11.284	0.0783	0.007	0.658	0.0122	0.001	0.019
11.289	0.0797	0.007	0.644	0.0163	0.000	0.021
11.294	0.0569	0.005	0.645	0.0115	0.000	0.032
11.299	0.0183	0.009	0.584	0.0142	0.000	0.040
11.304	0.0675	0.007	0.581	0.0319	0.001	0.055
11.309	0.0411	0.005	0.597	0.0353	0.001	0.063
11.314	0.0320	0.002	0.616	0.0161	0.004	0.075
11.319	0.0425	0.002	0.595	0.0181	0.013	0.097
11.324	0.0371	0.009	0.412	0.0301	0.078	0.171
11.329	0.0369	0.007	0.320	0.0183	0.270	0.203
11.334	0.0221	0.039	0.132	0.0165	0.783	0.278
11.339	0.0165	0.084	0.159	0.0130	0.859	0.326
11.344	0.0267	0.134	0.131	0.0156	0.785	0.361
11.349	0.0194	0.132	0.159	0.0161	0.903	0.346
11.354	0.0153	0.125	0.167	0.0125	0.927	0.371
11.359	0.0304	0.139	0.208	0.0154	0.924	0.366
11.364	0.0205	0.155	0.195	0.0135	0.927	0.340
11.369	0.0357	0.120	0.218	0.0130	0.914	0.335
11.374	0.0395	0.136	0.163	0.0155	0.866	0.337
11.379	0.0325	0.136	0.153	0.0123	0.878	0.350
11.384	0.0321	0.150	0.165	0.0134	0.872	0.354
11.389	0.0339	0.134	0.146	0.0143	0.910	0.371
11.394	0.0326	0.157	0.156	0.0130	0.956	0.360
11.399	0.0312	0.168	0.127	0.0124	0.969	0.371
11.404	0.0324	0.159	0.134	0.0146	0.969	0.399
11.409	0.0264	0.177	0.142	0.0144	0.976	0.377
11.414	0.0239	0.173	0.140	0.0113	0.964	0.427
11.419	0.0300	0.184	0.124	0.0127	0.959	0.437
11.424	0.0204	0.207	0.118	0.0115	0.952	0.407
11.429	0.0200	0.195	0.137	0.0111	0.950	0.420
11.434	0.0245	0.191	0.133	0.0120	0.927	0.426
11.439	0.0215	0.184	0.126	0.0117	0.864	0.412
11.444	0.0197	0.166	0.171	0.0131	0.825	0.420
11.449	0.0204	0.164	0.220	0.0200	0.638	0.380
11.454	0.0179	0.148	0.309	0.0526	0.070	0.241
11.459	0.0200	0.084	0.526	0.0506	0.006	0.138
11.464	0.0204	0.030	0.656	0.0235	0.001	0.075
11.469	0.0681	0.009	0.721	0.0096	0.000	0.057
11.474	0.1308	0.007	0.727	0.0092	0.000	0.051
11.479	0.1780	0.009	0.666	0.0158	0.000	0.050
11.484	0.1600	0.009	0.585	0.0162	0.000	0.044
11.489	0.1649	0.007	0.596	0.0179	0.000	0.039
11.494	0.1494	0.014	0.589	0.0139	0.000	0.043
11.499	0.1442	0.020	0.557	0.0182	0.000	0.043
11.504	0.1329	0.016	0.413	0.0237	0.000	0.052
11.509	0.0933	0.011	0.277	0.0376	0.001	0.063
11.514	0.0334	0.011	0.432	0.0227	0.001	0.060
11.519	0.0318	0.009	0.542	0.0240	0.002	0.061
11.524	0.0308	0.002	0.391	0.0324	0.001	0.056
11.529	0.0251	0.014	0.460	0.0564	0.000	0.041
11.534	0.0252	0.009	0.468	0.0300	0.000	0.043
11.539	0.0299	0.007	0.374	0.0407	0.000	0.056
11.544	0.0228	0.007	0.232	0.0174	0.002	0.114
11.549	0.0155	0.007	0.405	0.0232	0.002	0.100
11.554	0.0144	0.014	0.389	0.0328	0.002	0.102
11.559	0.0080	0.020	0.452	0.0303	0.001	0.097
11.564	0.0105	0.020	0.369	0.0249	0.001	0.052
11.569	0.0227	0.016	0.552	0.0515	0.000	0.035
11.574	0.0332	0.009	0.591	0.0211	0.000	0.022
11.579	0.0342	0.007	0.626	0.0175	0.000	0.019
11.584	0.0942	0.007	0.611	0.0232	0.000	0.023
11.589	0.0869	0.007	0.624	0.0210	0.000	0.023
11.594	0.1064	0.009	0.657	0.0219	0.000	0.019
11.599	0.0865	0.009	0.637	0.0121	0.000	0.017
11.604	0.0673	0.016	0.650	0.0162	0.000	0.018
11.609	0.1189	0.009	0.662	0.0140	0.000	0.018
11.614	0.1620	0.011	0.660	0.0102	0.000	0.020
11.619	0.1596	0.011	0.645	0.0165	0.000	0.020
11.624	0.1135	0.009	0.647	0.0152	0.000	0.017
11.629	0.0829	0.016	0.648	0.0149	0.000	0.013
11.634	0.1470	0.016	0.637	0.0179	0.000	0.011
11.639	0.1991	0.014	0.642	0.0155	0.000	0.010
11.644	0.1767	0.025	0.672	0.0084	0.000	0.009
11.649	0.1259	0.030	0.680	0.0122	0.000	0.009
11.654	0.1502	0.018	0.636	0.0137	0.000	0.011
11.659	0.1682	0.030	0.625	0.0134	0.000	0.010
11.663	0.1738	0.030	0.621	0.0181	0.000	0.011
11.668	0.1629	0.016	0.623	0.0130	0.000	0.010
11.673	0.1312	0.016	0.634	0.0174	0.000	0.012
11.678	0.1381	0.016	0.601	0.0250	0.000	0.013
11.683	0.1646	0.025	0.621	0.0179	0.000	0.017
11.688	0.1660	0.016	0.632	0.0173	0.000	0.021
11.693	0.1627	0.016	0.624	0.0140	0.000	0.021
11.698	0.1276	0.016	0.653	0.0121	0.000	0.021
11.703	0.1792	0.014	0.673	0.0105	0.000	0.023
11.708	0.2078	0.016	0.679	0.0079	0.000	0.021
11.713	0.2621	0.018	0.676	0.0100	0.000	0.021
11.718	0.2631	0.016	0.672	0.0085	0.000	0.020
11.723	0.2003	0.018	0.621	0.0168	0.000	0.022
11.728	0.1548	0.020	0.587	0.0136	0.000	0.026
11.733	0.1622	0.018	0.518	0.0190	0.000	0.027
11.738	0.1377	0.025	0.386	0.0179	0.001	0.032
11.743	0.1414	0.039	0.333	0.0181	0.005	0.071
11.748	0.0641	0.025	0.376	0.0222	0.009	0.081
11.753	0.0435	0.041	0.515	0.0418	0.001	0.054
11.758	0.0308	0.034	0.616	0.0186	0.000	0.051
11.763	0.0478	0.018	0.523	0.0207	0.000	0.057
11.768	0.0280	0.020	0.516	0.0150	0.001	0.058
11.773	0.0272	0.023	0.442	0.0448	0.000	0.054
11.778	0.0154	0.025	0.424	0.0215	0.000	0.051
11.783	0.0187	0.020	0.549	0.0169	0.000	0.062
11.788	0.0228	0.016	0.468	0.0511	0.000	0.068
11.793	0.0099	0.018	0.702	0.0221	0.000	0.075
11.798	0.0140	0.014	0.668	0.0247	0.001	0.084
11.803	0.0075	0.016	0.589	0.0156	0.002	0.120
11.808	0.0102	0.014	0.358	0.0281	0.005	0.126
11.813	0.0054	0.030	0.266	0.0238	0.008	0.136
11.818	0.0045	0.025	0.270	0.0244	0.011	0.152
11.823	0.0033	0.014	0.200	0.0205	0.043	0.233
11.828	0.0026	0.048	0.348	0.0149	0.053	0.254
11.833	0.0044	0.048	0.470	0.0186	0.095	0.282
11.838	0.0048	0.027	0.666	0.0276	0.118	0.256
11.843	0.0044	0.080	0.593	0.0189	0.029	0.212
11.848	0.0087	0.036	0.701	0.0237	0.025	0.195
11.853	0.0131	0.027	0.652	0.0180	0.016	0.147
11.858	0.0089	0.014	0.637	0.0142	0.015	0.169
11.863	0.0188	0.009	0.365	0.0194	0.190	0.308
11.868	0.0132	0.027	0.315	0.0134	0.683	0.371
11.873	0.0049	0.098	0.135	0.0108	0.900	0.403
11.878	0.0119	0.130	0.190	0.0136	0.916	0.404
11.883	0.0144	0.145	0.207	0.0119	0.946	0.383
11.888	0.0155	0.157	0.170	0.0127	0.952	0.376
11.893	0.0188	0.152	0.197	0.0159	0.955	0.383
11.898	0.0188	0.168	0.162	0.0136	0.950	0.380
11.903	0.0167	0.164	0.170	0.0141	0.896	0.368
11.908	0.0193	0.134	0.193	0.0154	0.918	0.336
11.913	0.0194	0.152	0.176	0.0145	0.890	0.338
11.918	0.0256	0.132	0.197	0.0150	0.839	0.369
11.923	0.0208	0.132	0.164	0.0126	0.725	0.355
11.928	0.0137	0.114	0.130	0.0250	0.463	0.322
11.933	0.0130	0.095	0.337	0.0563	0.016	0.148
11.938	0.0083	0.045	0.422	0.0343	0.003	0.072
11.943	0.0170	0.023	0.413	0.0351	0.001	0.046
11.948	0.0720	0.009	0.494	0.0290	0.001	0.037
11.953	0.1389	0.011	0.491	0.0205	0.000	0.032
11.958	0.1724	0.023	0.466	0.0283	0.000	0.032
11.963	0.1360	0.011	0.351	0.0431	0.000	0.031
11.968	0.1079	0.016	0.308	0.0212	0.000	0.026
11.973	0.0969	0.020	0.331	0.0217	0.001	0.040
11.978	0.1579	0.018	0.343	0.0326	0.001	0.041
11.983	0.1187	0.018	0.414	0.0197	0.001	0.046
11.988	0.1209	0.025	0.292	0.0353	0.001	0.061
11.993	0.0478	0.014	0.345	0.0291	0.002	0.064
11.998	0.0288	0.014	0.255	0.0188	0.002	0.069
12.003	0.0273	0.020	0.251	0.0185	0.004	0.118
12.008	0.0319	0.018	0.332	0.0162	0.024	0.220
12.013	0.0292	0.023	0.243	0.0127	0.167	0.353
12.018	0.0139	0.043	0.228	0.0131	0.310	0.428
12.023	0.0170	0.107	0.181	0.0099	0.433	0.461
12.028	0.0205	0.114	0.150	0.0111	0.472	0.462
12.033	0.0150	0.139	0.149	0.0115	0.599	0.492
12.038	0.0154	0.148	0.149	0.0102	0.728	0.519
12.043	0.0122	0.207	0.096	0.0126	0.762	0.533
12.048	0.0107	0.211	0.119	0.0124	0.808	0.495
12.053	0.0084	0.227	0.162	0.0097	0.833	0.498
12.058	0.0115	0.236	0.145	0.0101	0.825	0.505
12.063	0.0105	0.232	0.128	0.0103	0.804	0.484
12.068	0.0099	0.211	0.177	0.0132	0.829	0.493
12.073	0.0097	0.216	0.125	0.0104	0.879	0.480
12.078	0.0075	0.239	0.162	0.0120	0.773	0.491
12.083	0.0098	0.214	0.143	0.0156	0.507	0.465
12.088	0.0100	0.152	0.250	0.0336	0.214	0.374
12.093	0.0090	0.141	0.431	0.0355	0.015	0.202
12.098	0.0074	0.048	0.402	0.0319	0.004	0.131
12.102	0.0269	0.032	0.512	0.0223	0.001	0.071
12.107	0.0553	0.018	0.586	0.0257	0.000	0.054
12.112	0.0902	0.011	0.534	0.0202	0.000	0.050
12.117	0.0792	0.014	0.432	0.0311	0.001	0.075
12.122	0.0705	0.005	0.323	0.0444	0.006	0.137
12.127	0.0202	0.025	0.386	0.0387	0.003	0.111
12.132	0.0266	0.005	0.342	0.0262	0.001	0.084
12.137	0.0240	0.002	0.176	0.0646	0.001	0.084
12.142	0.0126	0.009	0.268	0.0584	0.001	0.070
12.147	0.0050	0.018	0.569	0.0261	0.000	0.060
12.152	0.0109	0.009	0.553	0.0345	0.000	0.052
12.157	0.0125	0.016	0.511	0.0392	0.000	0.050
12.162	0.0089	0.005	0.173	0.0428	0.000	0.088
12.167	0.0020	0.011	0.224	0.0536	0.001	0.124
12.172	0.0009	0.020	0.348	0.0092	0.014	0.236
12.177	0.0014	0.011	0.228	0.0281	0.025	0.265
12.182	0.0005	0.041	0.178	0.0585	0.002	0.203
12.187	0.0006	0.020	0.188	0.0226	0.065	0.331
12.192	0.0004	0.002	0.132	0.0131	0.528	0.442
12.197	0.0003	0.048	0.205	0.0172	0.884	0.451
12.202	0.0010	0.189	0.102	0.0152	0.976	0.371
12.207	0.0014	0.211	0.296	0.0132	0.975	0.335
12.212	0.0033	0.180	0.231	0.0137	0.952	0.350
12.217	0.0071	0.159	0.222	0.0141	0.905	0.356
12.222	0.0126	0.118	0.231	0.0124	0.786	0.346
12.227	0.0088	0.132	0.217	0.0132	0.782	0.340
12.232	0.0222	0.127	0.246	0.0203	0.599	0.342
12.237	0.0168	0.118	0.284	0.0201	0.325	0.353
12.242	0.0180	0.095	0.316	0.0133	0.173	0.350
12.247	0.0200	0.091	0.318	0.0123	0.151	0.338
12.252	0.0261	0.082	0.149	0.0153	0.236	0.372
12.257	0.0088	0.102	0.119	0.0177	0.170	0.335
12.262	0.0085	0.091	0.189	0.0352	0.057	0.228
12.267	0.0102	0.073	0.264	0.0458	0.012	0.144
12.272	0.0107	0.043	0.525	0.0290	0.001	0.069
12.277	0.0299	0.016	0.584	0.0219	0.000	0.050
12.282	0.0705	0.007	0.672	0.0134	0.000	0.040
12.287	0.0799	0.007	0.669	0.0135	0.000	0.038
12.292	0.0664	0.007	0.659	0.0136	0.000	0.030
12.297	0.0608	0.007	0.664	0.0137	0.000	0.028
12.302	0.0947	0.009	0.642	0.0148	0.000	0.025
12.307	0.0895	0.007	0.635	0.0137	0.000	0.022
12.312	0.1075	0.007	0.645	0.0134	0.000	0.021
12.317	0.0886	0.009	0.659	0.0116	0.000	0.023
12.322	0.0984	0.014	0.628	0.0121	0.000	0.023
12.327	0.0673	0.016	0.642	0.0175	0.000	0.022
12.332	0.1036	0.009	0.643	0.0099	0.000	0.020
12.337	0.0834	0.011	0.636	0.0151	0.000	0.019
12.342	0.1226	0.014	0.613	0.0145	0.000	0.019
12.347	0.0799	0.014	0.602	0.0165	0.000	0.016
12.352	0.0731	0.011	0.604	0.0279	0.000	0.015
12.357	0.0942	0.011	0.575	0.0214	0.000	0.013
12.362	0.1003	0.011	0.587	0.0244	0.000	0.013
12.367	0.0373	0.005	0.641	0.0328	0.000	0.013
12.372	0.0311	0.007	0.622	0.0206	0.000	0.012
12.377	0.0913	0.007	0.653	0.0077	0.000	0.011
12.382	0.0679	0.007	0.655	0.0105	0.000	0.010
12.387	0.0322	0.007	0.636	0.0111	0.000	0.010
12.392	0.0604	0.007	0.614	0.0177	0.000	0.010
12.397	0.0710	0.007	0.653	0.0190	0.000	0.010
12.402	0.0327	0.005	0.645	0.0435	0.000	0.011
12.407	0.0349	0.007	0.627	0.0281	0.000	0.012
12.412	0.0613	0.007	0.575	0.0410	0.000	0.012
12.417	0.0445	0.007	0.513	0.0393	0.000	0.016
12.422	0.0250	0.007	0.325	0.0380	0.000	0.018
12.427	0.0317	0.005	0.385	0.0761	0.000	0.020
12.432	0.0157	0.005	0.590	0.0737	0.000	0.018
12.437	0.0058	0.002	0.609	0.0517	0.000	0.018
12.442	0.0139	0.005	0.562	0.0762	0.000	0.016
12.447	0.0093	0.002	0.582	0.0423	0.000	0.018
12.452	0.0066	0.002	0.265	0.0678	0.000	0.072
12.457	0.0080	0.005	0.176	0.0543	0.000	0.049
12.462	0.0123	0.005	0.366	0.0251	0.000	0.013
12.467	0.0129	0.005	0.396	0.0271	0.000	0.012
12.472	0.0873	0.014	0.548	0.0206	0.000	0.009
12.477	0.0973	0.011	0.531	0.0260	0.000	0.007
12.482	0.1156	0.018	0.407	0.0164	0.000	0.009
12.487	0.2485	0.023	0.367	0.0332	0.000	0.009
12.492	0.2602	0.023	0.513	0.0211	0.000	0.010
12.497	0.1831	0.016	0.598	0.0222	0.000	0.009
12.502	0.1888	0.023	0.612	0.0115	0.000	0.009
12.507	0.2752	0.030	0.602	0.0165	0.000	0.010
12.512	0.3279	0.025	0.581	0.0231	0.000	0.013
12.517	0.1584	0.025	0.555	0.0244	0.000	0.015
12.522	0.2500	0.030	0.602	0.0154	0.000	0.013
12.527	0.2485	0.030	0.594	0.0091	0.000	0.013
12.532	0.1151	0.030	0.593	0.0216	0.000	0.013
12.537	0.2278	0.025	0.531	0.0173	0.000	0.013
12.541	0.2224	0.016	0.564	0.0214	0.000	0.014
12.546	0.1811	0.011	0.608	0.0229	0.000	0.015
12.551	0.0883	0.014	0.526	0.0188	0.000	0.024
12.556	0.1864	0.016	0.470	0.0201	0.000	0.027
12.561	0.1728	0.014	0.350	0.0244	0.000	0.033
12.566	0.0997	0.018	0.365	0.0279	0.001	0.036
12.571	0.0456	0.011	0.341	0.0191	0.001	0.047
12.576	0.0631	0.016	0.332	0.0216	0.001	0.056
12.581	0.0409	0.016	0.459	0.0230	0.002	0.061
12.586	0.0320	0.011	0.426	0.0232	0.002	0.064
12.591	0.0352	0.023	0.310	0.0331	0.003	0.069
12.596	0.0367	0.007	0.387	0.0260	0.003	0.086
12.601	0.0267	0.011	0.376	0.0124	0.014	0.243
12.606	0.0225	0.020	0.397	0.0120	0.055	0.346
12.611	0.0187	0.052	0.251	0.0157	0.245	0.458
12.616	0.0128	0.086	0.228	0.0104	0.422	0.494
12.621	0.0097	0.109	0.163	0.0115	0.643	0.502
12.626	0.0112	0.202	0.140	0.0104	0.706	0.501
12.631	0.0125	0.195	0.149	0.0108	0.810	0.469
12.636	0.0109	0.225	0.146	0.0117	0.871	0.476
12.641	0.0118	0.234	0.174	0.0134	0.951	0.462
12.646	0.0108	0.223	0.173	0.0112	0.961	0.453
12.651	0.0127	0.248	0.160	0.0113	0.945	0.465
12.656	0.0138	0.243	0.121	0.0125	0.932	0.501
12.661	0.0105	0.225	0.121	0.0110	0.884	0.510
12.666	0.0103	0.223	0.134	0.0110	0.835	0.482
12.671	0.0122	0.220	0.112	0.0121	0.804	0.441
12.676	0.0133	0.175	0.193	0.0260	0.508	0.417
12.681	0.0106	0.155	0.353	0.0346	0.008	0.151
12.686	0.0078	0.084	0.316	0.0268	0.001	0.071
12.691	0.0189	0.027	0.470	0.0317	0.000	0.038
12.696	0.0517	0.025	0.424	0.0242	0.000	0.032
12.701	0.1810	0.018	0.307	0.0255	0.000	0.029
12.706	0.2382	0.023	0.398	0.0289	0.000	0.027
12.711	0.2919	0.025	0.618	0.0148	0.000	0.023
12.716	0.1639	0.027	0.616	0.0228	0.000	0.022
12.721	0.1685	0.023	0.619	0.0165	0.000	0.020
12.726	0.2187	0.018	0.631	0.0248	0.000	0.019
12.731	0.2220	0.014	0.706	0.0124	0.000	0.020
12.736	0.2195	0.014	0.726	0.0112	0.000	0.019
12.741	0.1650	0.018	0.651	0.0163	0.000	0.019
12.746	0.1687	0.023	0.623	0.0184	0.000	0.019
12.751	0.2181	0.016	0.521	0.0227	0.000	0.017
12.756	0.1764	0.011	0.464	0.0307	0.000	0.019
12.761	0.0763	0.014	0.409	0.0351	0.000	0.019
12.766	0.0740	0.014	0.420	0.0227	0.000	0.018
12.771	0.0680	0.023	0.579	0.0145	0.000	0.016
12.776	0.0945	0.016	0.636	0.0143	0.000	0.014
12.781	0.0403	0.016	0.631	0.0135	0.000	0.015
12.786	0.0283	0.020	0.650	0.0119	0.000	0.014
12.791	0.0956	0.014	0.645	0.0128	0.000	0.015
12.796	0.0638	0.009	0.653	0.0111	0.000	0.015
12.801	0.0375	0.007	0.655	0.0091	0.000	0.015
12.806	0.0306	0.011	0.653	0.0118	0.000	0.016
12.811	0.0851	0.009	0.648	0.0104	0.001	0.016
12.816	0.0560	0.014	0.652	0.0084	0.001	0.017
12.821	0.0343	0.002	0.655	0.0104	0.000	0.018
12.826	0.0331	0.011	0.656	0.0092	0.001	0.021
12.831	0.0749	0.014	0.658	0.0105	0.001	0.023
12.836	0.0448	0.005	0.660	0.0097	0.001	0.025
12.841	0.0384	0.002	0.663	0.0124	0.001	0.028
12.846	0.0579	0.002	0.666	0.0111	0.001	0.028
12.851	0.0696	0.005	0.662	0.0061	0.001	0.029
12.856	0.0422	0.002	0.663	0.0151	0.001	0.030
12.861	0.0331	0.009	0.649	0.0159	0.000	0.028
12.866	0.0773	0.002	0.646	0.0201	0.000	0.029
12.871	0.0377	0.005	0.650	0.0305	0.000	0.061
12.876	0.0313	0.002	0.543	0.0416	0.001	0.087
12.881	0.0425	0.002	0.496	0.0166	0.003	0.153
12.886	0.0358	0.005	0.492	0.0272	0.028	0.247
12.891	0.0119	0.002	0.417	0.0155	0.259	0.332
12.896	0.0099	0.039	0.428	0.0097	0.470	0.348
12.901	0.0120	0.061	0.434	0.0228	0.289	0.354
12.906	0.0211	0.091	0.414	0.0264	0.160	0.357
12.911	0.0188	0.057	0.560	0.0101	0.173	0.348
12.916	0.0163	0.041	0.609	0.0205	0.112	0.324
12.921	0.0203	0.039	0.562	0.0298	0.026	0.305
12.926	0.0247	0.025	0.627	0.0371	0.009	0.244
12.931	0.0136	0.018	0.544	0.0215	0.003	0.161
12.936	0.0203	0.007	0.511	0.0298	0.003	0.147
12.941	0.0172	0.011	0.473	0.0269	0.003	0.157
12.946	0.0058	0.009	0.456	0.0234	0.005	0.176
12.951	0.0079	0.007	0.244	0.1086	0.007	0.231
12.956	0.0039	0.007	0.119	0.0419	0.008	0.257
12.961	0.0006	0.025	0.188	0.0563	0.001	0.122
12.966	0.0014	0.016	0.176	0.0443	0.000	0.075
12.971	0.0092	0.018	0.388	0.0252	0.000	0.019
12.976	0.0209	0.025	0.416	0.0256	0.000	0.017
12.980	0.0658	0.018	0.446	0.0340	0.000	0.015
12.985	0.0906	0.025	0.501	0.0231	0.000	0.017
12.990	0.1953	0.027	0.506	0.0173	0.000	0.023
12.995	0.2455	0.023	0.474	0.0188	0.001	0.027
13.000	0.1162	0.018	0.448	0.0318	0.001	0.033
13.005	0.1009	0.020	0.517	0.0244	0.001	0.035
13.010	0.1586	0.027	0.569	0.0228	0.001	0.039
13.015	0.0916	0.025	0.531	0.0211	0.002	0.047
13.020	0.1201	0.027	0.344	0.0257	0.006	0.061
13.025	0.0834	0.027	0.278	0.0258	0.009	0.077
13.030	0.0638	0.016	0.475	0.0276	0.004	0.066
13.035	0.0453	0.016	0.411	0.0192	0.007	0.066
13.040	0.0905	0.027	0.488	0.0163	0.012	0.069
13.045	0.0617	0.027	0.564	0.0146	0.011	0.074
13.050	0.0609	0.030	0.384	0.0283	0.006	0.070
13.055	0.0763	0.023	0.409	0.0220	0.004	0.070
13.060	0.1132	0.030	0.416	0.0167	0.008	0.081
13.065	0.0831	0.025	0.508	0.0220	0.008	0.072
13.070	0.0609	0.011	0.510	0.0254	0.004	0.056
13.075	0.1190	0.034	0.552	0.0255	0.002	0.046
13.080	0.0798	0.020	0.550	0.0242	0.001	0.039
13.085	0.1236	0.023	0.620	0.0176	0.001	0.036
13.090	0.1785	0.023	0.633	0.0089	0.002	0.045
13.095	0.3224	0.027	0.644	0.0111	0.002	0.044
13.100	0.1227	0.025	0.579	0.0250	0.002	0.047
13.105	0.1444	0.025	0.571	0.0117	0.001	0.042
13.110	0.2687	0.027	0.596	0.0154	0.001	0.041
13.115	0.3468	0.027	0.573	0.0150	0.001	0.048
13.120	0.1241	0.025	0.562	0.0192	0.001	0.050
13.125	0.1400	0.016	0.524	0.0188	0.001	0.044
13.130	0.1575	0.014	0.567	0.0167	0.000	0.048
13.135	0.1790	0.014	0.572	0.0196	0.000	0.052
13.140	0.1646	0.018	0.548	0.0180	0.000	0.046
13.145	0.1631	0.011	0.536	0.0135	0.000	0.045
13.150	0.1799	0.016	0.454	0.0185	0.001	0.051
13.155	0.1870	0.011	0.453	0.0151	0.001	0.063
13.160	0.0788	0.007	0.580	0.0208	0.001	0.075
13.165	0.0770	0.025	0.568	0.0175	0.001	0.073
13.170	0.1272	0.014	0.509	0.0206	0.000	0.059
13.175	0.1085	0.018	0.510	0.0326	0.000	0.042
13.180	0.0341	0.018	0.532	0.0593	0.000	0.028
13.185	0.0345	0.016	0.546	0.0282	0.000	0.025
13.190	0.0860	0.005	0.646	0.0163	0.000	0.022
13.195	0.0638	0.005	0.636	0.0182	0.000	0.020
13.200	0.0330	0.002	0.644	0.0104	0.000	0.021
13.205	0.0797	0.002	0.652	0.0156	0.000	0.020
13.210	0.0725	0.005	0.658	0.0119	0.000	0.019
13.215	0.0483	0.002	0.659	0.0066	0.000	0.022
13.220	0.0262	0.005	0.650	0.0099	0.000	0.020
13.225	0.0699	0.002	0.646	0.0154	0.000	0.019
13.230	0.0478	0.005	0.668	0.0077	0.000	0.018
13.235	0.0319	0.002	0.659	0.0086	0.000	0.018
13.240	0.0304	0.002	0.657	0.0097	0.000	0.018
13.245	0.0725	0.005	0.664	0.0134	0.000	0.019
13.250	0.0478	0.005	0.664	0.0071	0.000	0.017
13.255	0.0268	0.002	0.656	0.0112	0.000	0.018
13.260	0.0447	0.002	0.630	0.0102	0.000	0.018
13.265	0.0678	0.005	0.655	0.0118	0.000	0.018
13.270	0.0422	0.005	0.653	0.0181	0.000	0.027
13.275	0.0300	0.002	0.515	0.0244	0.000	0.038
13.280	0.0686	0.002	0.509	0.0335	0.000	0.036
13.285	0.0547	0.018	0.506	0.0266	0.001	0.037
13.290	0.0519	0.011	0.625	0.0125	0.001	0.036
13.295	0.0540	0.023	0.618	0.0120	0.001	0.038
13.300	0.0947	0.011	0.664	0.0089	0.005	0.045
13.305	0.1418	0.014	0.629	0.0105	0.008	0.050
13.310	0.0848	0.018	0.611	0.0095	0.007	0.056
13.315	0.1046	0.011	0.607	0.0124	0.007	0.064
13.320	0.0826	0.011	0.550	0.0127	0.012	0.067
13.325	0.0791	0.018	0.421	0.0134	0.020	0.076
13.330	0.0856	0.014	0.289	0.0514	0.008	0.084
13.335	0.0275	0.018	0.420	0.0329	0.002	0.057
13.340	0.0479	0.009	0.645	0.0190	0.000	0.040
13.345	0.0263	0.005	0.611	0.0241	0.000	0.035
13.350	0.0094	0.007	0.538	0.0322	0.000	0.029
13.355	0.0203	0.011	0.525	0.0286	0.000	0.030
13.360	0.0214	0.005	0.493	0.0329	0.000	0.031
13.365	0.0230	0.002	0.479	0.0566	0.000	0.031
13.370	0.0129	0.007	0.304	0.0542	0.000	0.037
13.375	0.0089	0.005	0.327	0.0579	0.000	0.055
13.380	0.0056	0.007	0.413	0.0544	0.036	0.297
13.385	0.0055	0.002	0.390	0.0364	0.018	0.299
13.390	0.0029	0.034	0.260	0.0288	0.018	0.245
13.395	0.0245	0.034	0.114	0.0191	0.032	0.220
13.400	0.0454	0.030	0.309	0.0666	0.010	0.148
13.405	0.0262	0.030	0.485	0.0364	0.002	0.092
13.410	0.0395	0.014	0.589	0.0152	0.001	0.055
13.415	0.0732	0.009	0.613	0.0185	0.002	0.060
13.420	0.1435	0.011	0.632	0.0192	0.001	0.054
13.424	0.0996	0.016	0.654	0.0201	0.001	0.053
13.429	0.1343	0.018	0.635	0.0142	0.002	0.052
13.434	0.1315	0.009	0.609	0.0211	0.002	0.045
13.439	0.1211	0.016	0.631	0.0183	0.000	0.035
13.444	0.1244	0.020	0.638	0.0165	0.000	0.037
13.449	0.1747	0.020	0.644	0.0152	0.000	0.039
13.454	0.2306	0.027	0.616	0.0174	0.000	0.038
13.459	0.2833	0.016	0.637	0.0198	0.000	0.034
13.464	0.2389	0.018	0.658	0.0086	0.000	0.035
13.469	0.2108	0.014	0.673	0.0166	0.000	0.037
13.474	0.1399	0.016	0.666	0.0125	0.000	0.038
13.479	0.1383	0.018	0.655	0.0109	0.000	0.037
13.484	0.1786	0.016	0.620	0.0144	0.000	0.036
13.489	0.2253	0.011	0.657	0.0224	0.000	0.036
13.494	0.2226	0.009	0.685	0.0106	0.000	0.040
13.499	0.2178	0.009	0.653	0.0123	0.000	0.042
13.504	0.2238	0.014	0.718	0.0164	0.000	0.039
13.509	0.2257	0.007	0.723	0.0100	0.000	0.032
13.514	0.2184	0.009	0.702	0.0225	0.000	0.034
13.519	0.1752	0.009	0.717	0.0143	0.000	0.035
13.524	0.1818	0.014	0.707	0.0147	0.000	0.032
13.529	0.2009	0.014	0.713	0.0116	0.000	0.027
13.534	0.2051	0.016	0.716	0.0100	0.000	0.028
13.539	0.1637	0.014	0.691	0.0117	0.000	0.031
13.544	0.1521	0.009	0.680	0.0189	0.001	0.034
13.549	0.1690	0.007	0.697	0.0136	0.001	0.032
13.554	0.1212	0.009	0.699	0.0098	0.001	0.033
13.559	0.1203	0.011	0.717	0.0053	0.001	0.034
13.564	0.0821	0.009	0.703	0.0065	0.001	0.032
13.569	0.1261	0.011	0.713	0.0087	0.001	0.039
13.574	0.1241	0.014	0.714	0.0067	0.001	0.042
13.579	0.1323	0.014	0.664	0.0194	0.001	0.044
13.584	0.1187	0.007	0.676	0.0137	0.001	0.045
13.589	0.1115	0.011	0.692	0.0141	0.002	0.049
13.594	0.0804	0.007	0.654	0.0195	0.001	0.049
13.599	0.0626	0.009	0.614	0.0222	0.001	0.060
13.604	0.0886	0.007	0.616	0.0159	0.001	0.074
13.609	0.0769	0.009	0.552	0.0267	0.002	0.096
13.614	0.0744	0.007	0.546	0.0170	0.002	0.108
13.619	0.0410	0.014	0.503	0.0169	0.005	0.142
13.624	0.0429	0.011	0.483	0.0334	0.008	0.145
13.629	0.0464	0.023	0.224	0.0475	0.010	0.146
13.634	0.0294	0.016	0.365	0.0392	0.003	0.099
13.639	0.0126	0.011	0.462	0.0288	0.002	0.076
13.644	0.0201	0.007	0.530	0.0294	0.001	0.071
13.649	0.0200	0.014	0.482	0.0240	0.001	0.056
13.654	0.0160	0.005	0.337	0.0262	0.001	0.072
13.659	0.0048	0.007	0.258	0.0363	0.004	0.081
13.664	0.0028	0.009	0.157	0.0257	0.148	0.246
13.669	0.0024	0.016	0.196	0.0108	0.525	0.357
13.674	0.0015	0.034	0.189	0.0118	0.707	0.372
13.679	0.0047	0.107	0.232	0.0151	0.817	0.365
13.684	0.0088	0.148	0.225	0.0119	0.731	0.320
13.689	0.0129	0.116	0.174	0.0142	0.558	0.319
13.694	0.0110	0.123	0.167	0.0221	0.380	0.311
13.699	0.0115	0.095	0.293	0.0371	0.043	0.197
13.704	0.0037	0.105	0.480	0.0378	0.008	0.125
13.709	0.0181	0.016	0.475	0.0255	0.001	0.075
13.714	0.0286	0.009	0.505	0.0171	0.001	0.055
13.719	0.0289	0.016	0.464	0.0156	0.000	0.052
13.724	0.0615	0.009	0.535	0.0212	0.000	0.044
13.729	0.0238	0.009	0.511	0.0343	0.000	0.040
13.734	0.0476	0.014	0.555	0.0154	0.000	0.039
13.739	0.0592	0.014	0.548	0.0287	0.000	0.049
13.744	0.0337	0.007	0.374	0.0313	0.000	0.053
13.749	0.0760	0.018	0.455	0.0253	0.001	0.059
13.754	0.0266	0.011	0.332	0.0382	0.001	0.067
13.759	0.0491	0.007	0.368	0.0517	0.002	0.085
13.764	0.0283	0.011	0.355	0.0178	0.002	0.088
13.769	0.0226	0.007	0.400	0.0267	0.002	0.100
13.774	0.0154	0.011	0.380	0.0220	0.002	0.092
13.779	0.0237	0.007	0.291	0.0141	0.006	0.120
13.784	0.0108	0.020	0.269	0.0140	0.012	0.172
13.789	0.0090	0.011	0.246	0.0133	0.042	0.260
13.794	0.0044	0.032	0.258	0.0163	0.192	0.362
13.799	0.0062	0.048	0.187	0.0145	0.759	0.366
13.804	0.0023	0.164	0.187	0.0119	0.866	0.352
13.809	0.0042	0.220	0.131	0.0119	0.904	0.396
13.814	0.0053	0.227	0.136	0.0149	0.895	0.402
13.819	0.0025	0.243	0.139	0.0120	0.915	0.416
13.824	0.0030	0.248	0.173	0.0160	0.936	0.431
13.829	0.0021	0.232	0.131	0.0102	0.966	0.425
13.834	0.0024	0.261	0.140	0.0136	0.957	0.428
13.839	0.0023	0.245	0.172	0.0111	0.953	0.431
13.844	0.0018	0.266	0.182	0.0108	0.958	0.449
13.849	0.0024	0.255	0.177	0.0122	0.970	0.462
13.854	0.0019	0.243	0.172	0.0129	0.973	0.453
13.859	0.0010	0.220	0.100	0.0179	0.905	0.488
13.863	0.0007	0.182	0.337	0.0528	0.276	0.395
13.868	0.0005	0.168	0.304	0.0426	0.004	0.170
13.873	0.0002	0.077	0.495	0.0438	0.001	0.122
13.878	0.0043	0.009	0.435	0.0311	0.001	0.087
13.883	0.0046	0.007	0.512	0.0255	0.001	0.078
13.888	0.0217	0.011	0.561	0.0364	0.000	0.051
13.893	0.0317	0.009	0.650	0.0160	0.000	0.046
13.898	0.0304	0.011	0.686	0.0126	0.001	0.058
13.903	0.0505	0.009	0.599	0.0193	0.001	0.056
13.908	0.0295	0.011	0.623	0.0280	0.000	0.037
13.913	0.0317	0.009	0.589	0.0193	0.000	0.033
13.918	0.0166	0.009	0.594	0.0280	0.000	0.038
13.923	0.0221	0.009	0.653	0.0304	0.000	0.032
13.928	0.0167	0.016	0.673	0.0234	0.000	0.031
13.933	0.0242	0.009	0.660	0.0293	0.000	0.028
13.938	0.0253	0.011	0.581	0.0288	0.000	0.032
13.943	0.0259	0.009	0.450	0.0361	0.000	0.036
13.948	0.0243	0.009	0.386	0.0399	0.000	0.037
13.953	0.0123	0.005	0.338	0.0296	0.000	0.035
13.958	0.0171	0.009	0.416	0.0350	0.000	0.037
13.963	0.0060	0.011	0.384	0.0482	0.000	0.040
13.968	0.0096	0.005	0.537	0.0136	0.000	0.034
13.973	0.0081	0.005	0.386	0.0409	0.000	0.040
13.978	0.0097	0.005	0.367	0.0409	0.000	0.040
13.983	0.0094	0.005	0.370	0.0580	0.000	0.044
13.988	0.0072	0.002	0.440	0.0389	0.000	0.038
13.993	0.0072	0.002	0.463	0.0167	0.000	0.038
13.998	0.0090	0.002	0.466	0.0520	0.000	0.042
14.003	0.0056	0.002	0.504	0.0198	0.000	0.040
14.008	0.0061	0.002	0.499	0.0571	0.000	0.044
14.013	0.0040	0.002	0.551	0.0147	0.000	0.042
14.018	0.0056	0.002	0.531	0.0313	0.000	0.046
14.023	0.0035	0.002	0.520	0.0095	0.000	0.050
14.028	0.0045	0.002	0.520	0.0283	0.000	0.068
14.033	0.0028	0.002	0.526	0.0143	0.000	0.078
14.038	0.0034	0.002	0.512	0.0161	0.000	0.093
14.043	0.0021	0.002	0.516	0.0109	0.000	0.114
14.048	0.0022	0.002	0.512	0.0192	0.000	0.126
14.053	0.0014	0.002	0.509	0.0150	0.000	0.141
14.058	0.0017	0.002	0.500	0.0276	0.000	0.169
14.063	0.0011	0.002	0.517	0.0122	0.001	0.180
14.068	0.0009	0.002	0.494	0.0273	0.001	0.204
14.073	0.0008	0.002	0.517	0.0110	0.001	0.219
14.078	0.0005	0.002	0.462	0.0154	0.002	0.253
14.083	0.0004	0.007	0.457	0.0103	0.003	0.292
14.088	0.0005	0.002	0.413	0.0148	0.007	0.344
14.093	0.0003	0.007	0.411	0.0312	0.013	0.410
14.098	0.0003	0.009	0.364	0.0317	0.034	0.462
14.103	0.0003	0.023	0.404	0.0126	0.066	0.489
14.108	0.0001	0.036	0.361	0.0199	0.107	0.526
14.113	0.0002	0.030	0.316	0.0133	0.117	0.524
14.118	0.0001	0.052	0.256	0.0161	0.206	0.575
14.123	0.0002	0.073	0.192	0.0172	0.193	0.573
14.128	0.0001	0.095	0.241	0.0128	0.175	0.519
14.133	0.0002	0.066	0.244	0.0156	0.195	0.475
14.138	0.0001	0.066	0.240	0.0119	0.166	0.496
14.143	0.0001	0.052	0.032	0.0197	0.145	0.498
14.148	0.0001	0.089	0.236	0.0138	0.055	0.310
14.153	0.0001	0.080	0.176	0.0084	0.045	0.308
14.158	0.0001	0.059	0.239	0.0219	0.121	0.391
14.163	0.0004	0.055	0.174	0.0233	0.157	0.344
14.168	0.0003	0.073	0.499	0.0292	0.118	0.277
14.173	0.0010	0.055	0.439	0.0228	0.076	0.236
14.178	0.0014	0.050	0.468	0.0199	0.046	0.207
14.183	0.0017	0.039	0.354	0.0194	0.048	0.191
14.188	0.0018	0.043	0.302	0.0222	0.052	0.186
14.193	0.0014	0.043	0.302	0.0222	0.052	0.186
14.198	0.0012	0.032	0.302	0.0222	0.052	0.186
14.203	0.0014	0.007	0.302	0.0222	0.052	0.186


